stock,hold_days,near_pct,entry_date,exit_date,entry_price,exit_price,exit_reason,ret,ret_net,support_age_days,support_birth_date,bench_ret,excess_ret,stock_depth_5d,market_depth_5d,rel_depth_5d,stock_depth_10d,market_depth_10d,rel_depth_10d,stock_depth_20d,market_depth_20d,rel_depth_20d,stock_depth_60d,market_depth_60d,rel_depth_60d
MMM,5,0.01,2015-09-28,2015-10-05,81.50669860839844,86.18341064453125,hold_days,0.05737825376294814,0.05637825376294814,4,2015-09-24,0.056745966755238575,-0.0003677129922904365,0.011853873174462185,0.039377262847186706,-0.02752338967272452,0.04036077938911652,0.05281474100693796,-0.01245396161782144,0.040427149636654246,0.05281474100693796,-0.012387591370283717,0.11342481923469486,0.10673282384316456,0.0066919953915303
MMM,5,0.01,2015-11-17,2015-11-19,92.49168395996094,93.89976501464844,resistance,0.015223866561852706,0.014223866561852705,4,2015-11-13,0.016442210153171155,-0.00221834359131845,0.012700203338769166,0.011859362148629465,0.000840841190139701,0.01400233846746446,0.021997259368511893,-0.007994920901047432,0.018071335737639378,0.021997259368511893,-0.003925923630872515,0.018071335737639378,0.021997259368511893,-0.003925923630872515
MMM,5,0.01,2015-12-16,2015-12-23,88.90182495117188,89.61920928955078,hold_days,0.008069399461404947,0.007069399461404947,1,2015-12-15,-0.004580669018158567,0.011650068479563513,0.04872169125069422,-0.014520202742317634,0.06324189399301186,0.05226925529724972,0.005295727846944721,0.046973527450304996,0.05662130962290727,0.010383599369702906,0.04623771025320436,0.05662130962290727,0.010383599369702906,0.04623771025320436
MMM,5,0.01,2016-05-23,2016-05-24,99.854736328125,101.36959838867188,resistance,0.015170658060414954,0.014170658060414953,3,2016-05-20,0.014573559380013146,-0.0004029013195981923,0.013765518987494386,0.007622525534188805,0.006142993453305581,0.017878549050356147,0.014349473710406334,0.0035290753399498127,0.017878549050356147,0.021637947106878275,-0.003759398056522128,0.017878549050356147,0.023751518478467893,-0.005872969428111746
MMM,5,0.01,2016-06-14,2016-06-21,100.7564468383789,103.01673889160156,hold_days,0.022433225110134458,0.021433225110134457,1,2016-06-13,0.006495337482104624,0.014937887628029833,0.022226110048704527,0.021772310561224893,0.0004537994874796343,0.022226110048704527,0.021772310561224893,0.0004537994874796343,0.022226110048704527,0.021772310561224893,0.0004537994874796343,0.022226110048704527,0.021772310561224893,0.0004537994874796343
MMM,5,0.01,2017-01-11,2017-01-19,108.2923355102539,108.77326202392578,hold_days,0.004441002323994914,0.0034410023239949137,1,2017-01-10,-0.006874490184804016,0.010315492508798929,0.002411303813316492,-0.0010385723678682454,0.0034498761811847375,0.005756822208363958,-0.0010385723678682454,0.006795394576232203,0.009742053936682092,-0.0010385723678682454,0.010780626304550338,0.009742053936682092,-0.0010385723678682454,0.010780626304550338
MMM,5,0.01,2017-07-27,2017-08-03,123.30762481689453,127.9736557006836,hold_days,0.03784057061124879,0.03684057061124879,1,2017-07-26,0.0008094905765161364,0.036031080034732654,0.058366481243450674,-0.0005094837188396941,0.05887596496229037,0.058366481243450674,-0.0005094837188396941,0.05887596496229037,0.058366481243450674,-0.0005094837188396941,0.05887596496229037,0.06238266133518913,-0.0005094837188396941,0.06289214505402882
MMM,5,0.01,2018-03-20,2018-03-27,145.6835479736328,135.29237365722656,hold_days,-0.07132702670233526,-0.07232702670233526,1,2018-03-19,-0.03895281006336504,-0.03337421663897022,0.02155165081031469,0.011744763187397467,0.009806887622917222,0.036875764710202256,0.021238543272701832,0.015637221437500425,0.047882523422447115,0.024977158134166715,0.0229053652882804,0.09592581671440094,0.04394635398780242,0.05197946272659852
MMM,5,0.01,2018-04-09,2018-04-16,133.37452697753906,136.43927001953125,hold_days,0.022978473561959145,0.021978473561959144,3,2018-04-06,0.027322564115978887,-0.0053440905540197425,0.02679856705848951,0.01865656089272469,0.008142006165764822,0.033736195987380514,0.01865656089272469,0.015079635094655826,0.11825157274704735,0.05718452447017997,0.06106704827686738,0.1723123974839937,0.07905836840880959,0.09325402907518412
MMM,5,0.01,2018-06-28,2018-07-06,123.66043853759766,124.60064697265625,hold_days,0.007603146537222827,0.006603146537222827,1,2018-06-27,0.014325173575916672,-0.007722027038693845,0.0031030441039794085,0.009199745685200572,-0.006096701581221164,0.043908799007691825,0.027591734463677582,0.016317064544014243,0.05140620928872062,0.03309266918211857,0.01831354010660205,0.10350176125690567,0.03309266918211857,0.0704090920747871
MMM,5,0.01,2018-07-24,2018-07-31,126.6325454711914,133.97750854492188,hold_days,0.05800217508382488,0.05700217508382488,1,2018-07-23,0.008094292182604379,0.0489078829012205,0.00751741540448585,-0.007313762718270241,0.01483117812275609,0.00751741540448585,-0.007313762718270241,0.01483117812275609,0.00751741540448585,-0.007313762718270241,0.01483117812275609,0.02860730758759341,-0.007313762718270241,0.03592107030586365
MMM,5,0.01,2018-10-01,2018-10-08,134.79296875,136.1778564453125,hold_days,0.010274183499000111,0.00927418349900011,4,2018-09-27,-0.010285902365191002,0.019560085864191112,0.006182536188733913,-0.005184146062230428,0.01136668225096434,0.019137811384442854,-0.003820200164979138,0.02295801154942199,0.019137811384442854,-0.003820200164979138,0.02295801154942199,0.019137811384442854,-0.003820200164979138,0.02295801154942199
MMM,5,0.01,2019-01-16,2019-01-24,121.18853759765625,123.13287353515625,hold_days,0.016043893061529868,0.015043893061529867,1,2019-01-15,0.012371337783226855,0.0026725552783030126,0.02128120507111172,-0.0033845456664241117,0.024665750737535835,0.02128120507111172,-0.0033845456664241117,0.024665750737535835,0.02611026536008863,-0.0033845456664241117,0.029494811026512743,0.09235493437405361,0.05927602825276849,0.03307890612128512
MMM,5,0.01,2019-04-11,2019-04-18,137.51478576660156,140.96017456054688,hold_days,0.025054678845902734,0.024054678845902733,2,2019-04-09,0.011146689172957691,0.012907989672945042,0.00872769637894314,0.003137975473972565,0.005589720904970575,0.00872769637894314,0.003137975473972565,0.005589720904970575,0.00872769637894314,0.003137975473972565,0.005589720904970575,0.00872769637894314,0.003137975473972565,0.005589720904970575
MMM,5,0.01,2019-08-13,2019-08-20,107.09235382080078,105.5356674194336,hold_days,-0.014535924796013067,-0.015535924796013068,1,2019-08-12,-0.012081267572196186,-0.0034546572238168816,-0.004018704457061112,0.0022454785884176926,-0.006264183045478804,0.07177823576346866,0.03212768708518009,0.03965054867828857,0.08103891087520827,0.03486297780197707,0.0461759330732312,0.08103891087520827,0.03486297780197707,0.0461759330732312
MMM,5,0.01,2019-10-10,2019-10-17,99.83316040039062,107.19398498535156,hold_days,0.07373125878655573,0.07273125878655573,2,2019-10-08,0.019808020640056156,0.052923238146499574,0.02252600212820234,0.0024347783034580324,0.02009122382474431,0.0742723866527119,0.015353655047449488,0.058918731605262405,0.11158446807970375,0.021582985164478184,0.09000148291522557,0.14333015813782968,0.021948116380334542,0.12138204175749513
MMM,5,0.01,2021-03-01,2021-03-08,121.97048950195312,127.0592269897461,hold_days,0.041721054892638554,0.04072105489263855,3,2021-02-26,0.003051151109609851,0.0376699037830287,0.013146266973269686,0.0077030046975196656,0.00544326227575002,0.016502143534598026,0.0077030046975196656,0.00879913883707836,0.017761607824623292,0.0077030046975196656,0.010058603127103626,0.0470737434206197,0.0077030046975196656,0.039370738723100034
MMM,5,0.01,2021-08-04,2021-08-11,137.57794189453125,140.39178466796875,hold_days,0.020452717453751657,0.019452717453751656,2,2021-08-02,0.021068509929850432,-0.0016157924760987763,0.017410400338184105,0.009885087596028337,0.007525312742155768,0.020528759524016702,0.009885087596028337,0.010643671927988365,0.02613027028498326,0.009885087596028337,0.016245182688954925,0.04134912529817266,0.009885087596028337,0.03146403770214432
MMM,5,0.01,2022-10-10,2022-10-17,79.06552124023438,83.00200653076172,hold_days,0.04978763472091252,0.04878763472091252,3,2022-10-07,0.02547274862524196,0.02331488609567056,0.061927009310508915,0.033183989321488735,0.02874301998902018,0.061927009310508915,0.033183989321488735,0.02874301998902018,0.12708247364239164,0.10330705196719729,0.02377542167519435,0.28026097987743026,0.13701275924015202,0.14324822063727824
MMM,5,0.01,2022-11-21,2022-11-29,94.12955474853516,93.02327728271484,hold_days,-0.011752711130693316,-0.012752711130693317,3,2022-11-18,0.0028430955164946425,-0.01559580664718796,0.01596972143113678,0.0028729947149696597,0.013096726716167118,0.02899330103504274,0.0028729947149696597,0.02612030632007308,0.02899330103504274,0.0028729947149696597,0.02612030632007308,0.02899330103504274,0.0028729947149696597,0.02612030632007308
MMM,5,0.01,2023-07-07,2023-07-14,73.80839538574219,77.60920715332031,hold_days,0.05149565639131004,0.05049565639131004,1,2023-07-06,0.018752585427708635,0.031743070963601405,0.03806604842018223,0.015465206381088274,0.022600842039093953,0.03806604842018223,0.015465206381088274,0.022600842039093953,0.0693515002984089,0.016946360988663742,0.05240513930974516,0.07502469908610752,0.016946360988663742,0.05807833809744378
MMM,5,0.01,2023-09-15,2023-09-22,77.81507110595703,74.71971893310547,hold_days,-0.03977831194983772,-0.04077831194983772,2,2023-09-13,-0.02721137430524645,-0.01356693764459127,0.06330515332105699,0.009591838098834715,0.05371331522222227,0.06330515332105699,0.009591838098834715,0.05371331522222227,0.06330515332105699,0.009591838098834715,0.05371331522222227,0.08938776424880482,0.017785974096654295,0.07160179015215053
MMM,5,0.01,2023-11-10,2023-11-17,71.4626693725586,74.56595611572266,hold_days,0.043425284423474375,0.042425284423474374,1,2023-11-09,0.023739116330512733,0.01868616809296164,0.011186959276558828,-0.0018264135004075219,0.01301337277696635,0.011186959276558828,-0.0018264135004075219,0.01301337277696635,0.011186959276558828,0.0017234769267100137,0.009463482349848814,0.13977185679044682,0.03387086855778483,0.10590098823266199
MMM,5,0.01,2024-02-16,2024-02-26,72.55255889892578,73.0057601928711,hold_days,0.006246523910709678,0.005246523910709678,2,2024-02-14,0.0077506662863569,-0.0025041423756472217,0.01970110684522104,0.00513833432077715,0.01456277252444389,0.022181154198603892,0.00513833432077715,0.017042819877826743,0.1412177004205768,0.00513833432077715,0.13607936609979965,0.156675924989846,0.00513833432077715,0.15153759066906886
MMM,5,0.01,2024-03-06,2024-03-13,73.56230926513672,82.74568939208984,hold_days,0.12483811640352349,0.12383811640352349,2,2024-03-04,0.01503414211859111,0.10880397428493238,0.0018342228213220795,0.003798472915631823,-0.001964250094309744,0.0018342228213220795,0.003798472915631823,-0.001964250094309744,0.006057795273837293,0.003798472915631823,0.0022593223582054694,0.14493896069114623,0.003798472915631823,0.1411404877755144
MMM,5,0.01,2024-08-09,2024-08-16,118.89769744873047,121.65543365478516,hold_days,0.023194193539734842,0.02219419353973484,2,2024-08-07,0.029319357717684236,-0.007125164177949395,0.008543589950434683,0.00256894546623741,0.005974644484197274,0.026499446664532782,0.02988024133794665,-0.0033807946734138693,0.026499446664532782,0.03172609747336975,-0.0052266508088369655,0.026499446664532782,0.03172609747336975,-0.0052266508088369655
MMM,5,0.01,2025-05-07,2025-05-14,134.8406524658203,143.82745361328125,hold_days,0.0666475649822218,0.0656475649822218,1,2025-05-06,0.02834794847595501,0.037299616506266786,0.024211745721127765,0.007467264742858554,0.01674448097826921,0.024211745721127765,0.007467264742858554,0.01674448097826921,0.024211745721127765,0.007467264742858554,0.01674448097826921,0.10624036584918127,0.06290435883592169,0.043336007013259584
MMM,5,0.01,2025-06-04,2025-06-11,143.48609924316406,143.8477020263672,hold_days,0.0025201241451990875,0.0015201241451990874,2,2025-06-02,0.0194548117576554,-0.017934687612456313,0.01884646413467594,0.0026034621841780144,0.016243001950497927,0.04295129705041685,0.00416211748650462,0.03878917956391223,0.04295129705041685,0.007160957432832812,0.03579033961758404,0.04295129705041685,0.007160957432832812,0.03579033961758404
MMM,5,0.01,2026-06-18,2026-06-26,159.9000244140625,163.29515075683594,hold_days,0.02123280690678153,0.02023280690678153,1,2026-06-17,0.014094070219402344,0.006138736687379187,0.0063725914092522045,0.020277863878010453,-0.013905272468758247,0.0063725914092522045,0.020277863878010453,-0.013905272468758247,0.0063725914092522045,0.020277863878010453,-0.013905272468758247,0.0063725914092522045,0.020277863878010453,-0.013905272468758247
MMM,5,0.01,2026-07-09,2026-07-16,154.66294860839844,161.06492614746094,hold_days,0.041393091213281386,0.040393091213281385,1,2026-07-08,0.011278930997386638,0.029114160215894747,0.03178759907565054,0.009340606996529938,0.022446992079120605,0.07519199408983657,0.009340606996529938,0.06585138709330662,0.07519199408983657,0.009340606996529938,0.06585138709330662,0.07519199408983657,0.009340606996529938,0.06585138709330662
ABT,5,0.01,2015-09-11,2015-09-18,35.097164154052734,35.03250503540039,hold_days,-0.0018422889772100604,-0.0028422889772100604,1,2015-09-10,0.0019340634739708484,-0.004776352451180909,0.016538340955984946,0.0053939460715615,0.011144394884423446,0.056714940016041104,0.014955238560394548,0.04175970145564656,0.1393737645554682,0.06915645962401719,0.07021730493145102,0.15214877340711194,0.07540044272748234,0.0767483306796296
ABT,5,0.01,2016-01-15,2016-01-25,33.17514419555664,32.455020904541016,hold_days,-0.021706711710753446,-0.022706711710753447,2,2016-01-13,-0.008456918549318293,-0.014249793161435154,0.016019462678636912,0.028978488369183212,-0.0129590256905463,0.09160906704542641,0.08061299207735016,0.010996074968076253,0.11409684414002963,0.09612131084032499,0.017975533299704638,0.11409684414002963,0.10342413218230594,0.010672711957723693
ABT,5,0.01,2016-03-03,2016-03-10,31.767623901367188,31.93946647644043,hold_days,0.005409361921646427,0.004409361921646427,3,2016-02-29,-0.00042837591382771656,0.004837737835474144,0.020439091948271437,-0.004172753665600641,0.02461184561387208,0.020439091948271437,-0.004172753665600641,0.02461184561387208,0.020439091948271437,-0.004172753665600641,0.02461184561387208,0.15168301598028344,0.046996476863231135,0.10468653911705231
ABT,5,0.01,2016-03-16,2016-03-23,32.88054275512695,33.37154769897461,hold_days,0.014932993883475243,0.013932993883475242,1,2016-03-15,0.0062639816221192746,0.0076690122613559675,0.007901395992327424,-0.005724758911910765,0.01362615490423819,0.007901395992327424,-0.005724758911910765,0.01362615490423819,0.007901395992327424,-0.005724758911910765,0.01362615490423819,0.11755652025508992,0.023529793094563045,0.09402672716052687
ABT,5,0.01,2016-06-28,2016-07-06,30.924297332763672,33.6165771484375,hold_days,0.08706033921169842,0.08606033921169842,1,2016-06-27,0.047137021530617274,0.03892331768108115,0.05223265408957974,0.0370006805116832,0.015231973577896546,0.05223265408957974,0.0370006805116832,0.015231973577896546,0.05223265408957974,0.041397655005350906,0.010834999084228837,0.1479125925559987,0.041397655005350906,0.1065149375506478
ABT,5,0.01,2016-09-14,2016-09-21,33.80708312988281,34.72660827636719,hold_days,0.02719918612770189,0.02619918612770189,1,2016-09-13,0.01821723737963099,0.0079819487480709,0.02601410018895427,0.027392354429359573,-0.0013782542404053022,0.047162956701579814,0.02848122037050611,0.018681736331073704,0.09149589440250919,0.03210826798999195,0.059387626412517235,0.0989182228535145,0.03210826798999195,0.06680995486352254
ABT,5,0.01,2017-02-09,2017-02-16,35.693302154541016,37.08613967895508,hold_days,0.03902237787872642,0.03802237787872642,1,2017-02-08,0.02111854033975602,0.0169038375389704,0.00816068144965571,-0.005551701326258634,0.013712382775914344,0.00816068144965571,-0.005551701326258634,0.013712382775914344,0.00816068144965571,-0.005551701326258634,0.013712382775914344,0.00816068144965571,-0.005551701326258634,0.013712382775914344
ABT,5,0.01,2017-03-08,2017-03-15,38.0594482421875,38.025875091552734,hold_days,-0.0008821239451798357,-0.0018821239451798357,1,2017-03-07,0.008418821300540946,-0.010300945245720783,0.007222547275325285,0.013327578649696303,-0.006105031374371018,0.007222547275325285,0.013327578649696303,-0.006105031374371018,0.007222547275325285,0.013327578649696303,-0.006105031374371018,0.007222547275325285,0.013327578649696303,-0.006105031374371018
ABT,5,0.01,2017-05-19,2017-05-26,36.435028076171875,37.74351501464844,hold_days,0.03591288404501869,0.03491288404501869,1,2017-05-18,0.017212789748746182,0.017700094296272506,0.019981705249300607,0.009594408582947259,0.010387296666353348,0.03401969153880362,0.009594408582947259,0.02442528295585636,0.03401969153880362,0.009594408582947259,0.02442528295585636,0.050218978508662984,0.009594408582947259,0.040624569925715726
ABT,5,0.01,2017-07-07,2017-07-14,40.89231872558594,41.51759719848633,resistance,0.015290853939988525,0.014290853939988524,1,2017-07-06,0.011678012924636105,0.0026128410153524184,0.01142876377367121,0.002358483985689151,0.009070279787982059,0.01684636971472458,0.002358483985689151,0.01448788572903543,0.01684636971472458,0.007260647094498183,0.0095857226202264,0.01684636971472458,0.007260647094498183,0.0095857226202264
ABT,5,0.01,2017-08-11,2017-08-18,41.20352554321289,41.37328338623047,hold_days,0.0041199834426677295,0.0031199834426677295,1,2017-08-10,-0.008828256745043173,0.011948240187710901,0.015415881407882593,0.013837697640898478,0.0015781837669841155,0.021568019288085154,0.013837697640898478,0.007730321647186676,0.04542741801993251,0.013837697640898478,0.031589720379034035,0.04542741801993251,0.013837697640898478,0.031589720379034035
ABT,5,0.01,2017-11-02,2017-11-09,46.37811279296875,47.29936981201172,hold_days,0.01986404714558887,0.01886404714558887,1,2017-11-01,0.0034377163380669984,0.01542633080752187,0.02000724974534403,0.0023713395603673793,0.01763591018497665,0.034623430098531145,0.0023713395603673793,0.03225209053816377,0.034623430098531145,0.0023713395603673793,0.03225209053816377,0.034623430098531145,0.0023713395603673793,0.03225209053816377
ABT,5,0.01,2018-06-28,2018-07-06,52.76657485961914,53.53306198120117,hold_days,0.01452599725529291,0.01352599725529291,1,2018-06-27,0.014325173575916672,-0.0007991763206237623,0.010817161832289797,0.009199745685200572,0.0016174161470892245,0.026842448550120974,0.027591734463677582,-0.0007492859135566077,0.03572567102660642,0.03309266918211857,0.0026330018444878506,0.03572567102660642,0.03309266918211857,0.0026330018444878506
ABT,5,0.01,2018-08-14,2018-08-21,55.04536819458008,56.01427459716797,hold_days,0.01760196060752839,0.016601960607528388,1,2018-08-13,0.011654469022104541,0.004947491585423847,0.0186614518354091,0.010860725084309868,0.007800726751099231,0.029142714506397112,0.010860725084309868,0.018281989422087246,0.030916969931576343,0.010860725084309868,0.020056244847266473,0.030916969931576343,0.010860725084309868,0.020056244847266473
ABT,5,0.01,2018-09-07,2018-09-14,57.27729797363281,59.18913650512695,hold_days,0.03337864388041223,0.03237864388041223,1,2018-09-06,0.01406881649576519,0.018309827384647037,0.013410803167803612,0.005124208445471157,0.008286594722332456,0.013704572631370959,0.010181585050901375,0.003522987580469584,0.013704572631370959,0.010181585050901375,0.003522987580469584,0.013704572631370959,0.010181585050901375,0.003522987580469584
ABT,5,0.01,2018-10-26,2018-11-02,58.190330505371094,60.970001220703125,hold_days,0.04776860160770968,0.04676860160770968,2,2018-10-24,0.02479264716841767,0.02197595443929201,0.023042478714018263,0.04092056553220205,-0.01787808681818379,0.055813905122649984,0.05560462243785385,0.0002092826847961346,0.09247913283002254,0.09347426927343944,-0.0009951364434168941,0.09247913283002254,0.09347426927343944,-0.0009951364434168941
ABT,5,0.01,2018-11-26,2018-12-03,59.77126693725586,64.5140380859375,hold_days,0.07934868025568709,0.07834868025568709,3,2018-11-23,0.05396116868962153,0.024387511566065556,0.044836077735806085,0.024817566230230306,0.02001851150557578,0.05467794681183018,0.03801403623692411,0.016663910574906064,0.056880555137894244,0.04861776085846023,0.008262794279434015,0.06782327009227364,0.08375245446083152,-0.015929184368557878
ABT,5,0.01,2019-05-31,2019-06-07,66.70825958251953,70.74771881103516,hold_days,0.060554109098270414,0.059554109098270414,2,2019-05-29,0.04438320718236999,0.015170901915900425,0.011042152483409796,0.027075889662149744,-0.016033737178739946,0.011042152483409796,0.042809966497337676,-0.03176781401392788,0.03718223248219463,0.06335250193771519,-0.02617026945552056,0.04519695658464806,0.06714558688610572,-0.02194863030145766
ABT,5,0.01,2019-11-25,2019-12-03,74.60880279541016,74.49400329589844,hold_days,-0.0015386857208594673,-0.0025386857208594673,4,2019-11-21,-0.015293222486412295,0.012754536765552826,-0.0023728020651137315,-0.004139085283804987,0.0017662832186912556,0.014234100229710054,-0.0024508876216194106,0.016684987851329464,0.014234100229710054,-0.0024508876216194106,0.016684987851329464,0.014234100229710054,-0.0024508876216194106,0.016684987851329464
ABT,5,0.01,2020-01-14,2020-01-22,76.03421020507812,81.46138763427734,hold_days,0.07137809960228592,0.07037809960228592,1,2020-01-13,0.00799461118853717,0.062383488413748744,0.003885025475208212,-0.000961953229989794,0.004846978705198006,0.009727586442290045,-0.000961953229989794,0.010689539672279839,0.014826404152891787,-0.000961953229989794,0.01578835738288158,0.014826404152891787,-0.000961953229989794,0.01578835738288158
ABT,5,0.01,2020-02-07,2020-02-14,77.9230728149414,79.51046752929688,hold_days,0.020371305404310203,0.019371305404310202,4,2020-02-03,0.012079590539014529,0.007291714865295673,0.018870083199087027,0.0055721949359096145,0.013297888263177413,0.027986864374841543,0.0055721949359096145,0.02241466943893193,0.04343548424710463,0.008387849133680523,0.03504763511342411,0.04343548424710463,0.008387849133680523,0.03504763511342411
ABT,5,0.01,2020-08-14,2020-08-21,89.39017486572266,91.5447006225586,hold_days,0.024102489564119978,0.023102489564119977,3,2020-08-11,-0.00489671410853687,0.027999203672656847,0.012249355054174101,0.005790463962253331,0.00645889109192077,0.021049621919439904,0.005790463962253331,0.015259157957186572,0.024678003157577712,0.005790463962253331,0.01888753919532438,0.024678003157577712,0.005790463962253331,0.01888753919532438
ABT,5,0.01,2020-10-19,2020-10-26,96.90873718261719,97.76982116699219,hold_days,0.008885514448014664,0.007885514448014663,4,2020-10-15,-0.009937779175354877,0.01782329362336954,0.023862081218960683,0.025273584115569566,-0.0014115028966088829,0.023862081218960683,0.025273584115569566,-0.0014115028966088829,0.023862081218960683,0.025273584115569566,-0.0014115028966088829,0.025967185227179227,0.03598312304416353,-0.010015937816984306
ABT,5,0.01,2021-07-01,2021-07-06,105.8998794555664,107.40035247802734,resistance,0.014168788767040086,0.013168788767040085,1,2021-06-30,-0.002369920709740736,0.015538709476780821,0.00042645946967943024,-0.005441441142956678,0.005867900612636108,0.00042645946967943024,-0.005441441142956678,0.005867900612636108,0.00042645946967943024,-0.005441441142956678,0.005867900612636108,0.059182375417743634,-0.005441441142956678,0.0646238165607003
ABT,5,0.01,2021-07-16,2021-07-23,106.62059783935547,109.60575103759766,hold_days,0.02799790339517605,0.02699790339517605,1,2021-07-15,0.01707619422244444,0.009921709172731608,0.014887525683461331,0.014394115532326054,0.0004934101511352776,0.0159559767138504,0.014394115532326054,0.0015618611815243454,0.0159559767138504,0.014394115532326054,0.0015618611815243454,0.044879729468448475,0.014394115532326054,0.03048561393612242
ABT,5,0.01,2021-11-24,2021-12-02,113.9181900024414,116.93305206298828,hold_days,0.026465150653133263,0.02546515065313326,1,2021-11-23,-0.028367675681610693,0.053832826334743955,0.027600694535346814,0.0006764485628416749,0.02692424597250514,0.044465072048359464,0.00420851053607413,0.040256561512285335,0.044465072048359464,0.00420851053607413,0.040256561512285335,0.044465072048359464,0.00420851053607413,0.040256561512285335
ABT,5,0.01,2022-04-01,2022-04-08,108.38783264160156,112.65644073486328,hold_days,0.03938272395736919,0.03838272395736919,1,2022-03-31,-0.003031563759475775,0.041414287716844966,0.014952648547963457,0.012400982062991506,0.002551666484971951,0.03160475683457553,0.012400982062991506,0.019203774771584026,0.03160475683457553,0.012400982062991506,0.019203774771584026,0.12307859158617507,0.013389876024477238,0.10968871556169783
ABT,5,0.01,2023-04-27,2023-05-04,102.37834167480469,103.64988708496094,hold_days,0.012420062577250812,0.011420062577250811,1,2023-04-26,-0.02607361757210791,0.03749368014935872,0.019344563192916973,0.011935150287054075,0.0074094129058628975,0.024846586444843062,0.014718297797382256,0.010128288647460806,0.024846586444843062,0.014718297797382256,0.010128288647460806,0.024846586444843062,0.028864474557242382,-0.00401788811239932
ABT,5,0.01,2023-09-08,2023-09-15,94.63041687011719,95.57925415039062,hold_days,0.010026768471027125,0.009026768471027125,1,2023-09-07,0.005671721164953736,0.0033550473060733887,0.021088268991860604,0.01387393076159217,0.007214338230268435,0.035245505145127386,0.01387393076159217,0.021371574383535215,0.05061245128163207,0.014458165326258716,0.03615428595537335,0.12118313593003587,0.023325400096201408,0.09785773583383446
ABT,5,0.01,2023-09-29,2023-10-06,90.98535919189453,91.0135269165039,hold_days,0.0003095852438188551,-0.0006904147561811449,2,2023-09-27,-0.007860160339662192,0.007169745583481047,0.013245064894413724,0.011633788020131762,0.0016112768742819628,0.048063724699794794,0.03757074327401479,0.010492981425780007,0.05879485255590521,0.04589162552002457,0.012903227035880642,0.15503417731904767,0.05378543544394528,0.10124874187510238
ABT,5,0.01,2023-10-13,2023-10-20,85.84003448486328,91.42288970947266,hold_days,0.06503789587356046,0.06403789587356046,1,2023-10-12,-0.011258664398202889,0.07529656027176335,0.0634170749862358,0.008434932942562525,0.05498214204367328,0.0634170749862358,0.008434932942562525,0.05498214204367328,0.10189679499071023,0.03627807853689843,0.06561871645381182,0.2028179478361025,0.05251454909796238,0.1503033987381401
ABT,5,0.01,2024-10-04,2024-10-11,108.01932525634766,111.35657501220703,hold_days,0.03089493243861252,0.02989493243861252,1,2024-10-03,0.0058492912022363175,0.024045641236376203,0.012016597033197626,0.0014983611778038605,0.010518235855393765,0.01890075072065011,0.0014983611778038605,0.017402389542846248,0.04647424068463783,0.0014983611778038605,0.044975879506833974,0.04647424068463783,0.0014983611778038605,0.044975879506833974
ABT,5,0.01,2025-04-29,2025-05-06,126.98180389404297,129.47279357910156,hold_days,0.019616902648013523,0.018616902648013522,4,2025-04-25,0.00375486461347041,0.014862038034543112,0.00933732731006786,-0.005794851225306084,0.015132178535373943,0.00933732731006786,-0.005794851225306084,0.015132178535373943,0.011651035792123522,0.025376661454325024,-0.013725625662201502,0.06500862649328891,0.07058416597684689,-0.005575539483557976
ABT,5,0.01,2025-10-06,2025-10-13,130.71861267089844,128.41192626953125,hold_days,-0.017646197081165327,-0.018646197081165328,4,2025-10-02,-0.0173773835511144,-0.0012688135300509273,0.006315346747287884,-0.0011067945485207277,0.007422141295808611,0.021080181318035258,-0.0011067945485207277,0.022186975866555984,0.021080181318035258,-0.0011067945485207277,0.022186975866555984,0.021080181318035258,-0.0011067945485207277,0.022186975866555984
ABT,5,0.01,2025-10-17,2025-10-24,126.19474029541016,124.53558349609375,hold_days,-0.013147590742946025,-0.014147590742946026,1,2025-10-16,0.021156382902336235,-0.03530397364528226,0.031202982240846194,-0.0008135307236694635,0.03201651296451566,0.0407045011373679,0.0072268718932444135,0.03347762924412349,0.05495835853448643,0.0072268718932444135,0.04773148664124202,0.05495835853448643,0.0072268718932444135,0.04773148664124202
ABT,5,0.01,2026-03-10,2026-03-17,109.082763671875,109.24063873291016,hold_days,0.0014472961237950166,0.0004472961237950166,4,2026-03-06,-0.004790803290003587,0.005238099413798603,0.026934240712513255,0.01906552222832103,0.007868718484192225,0.04984953637479654,0.02473318317342529,0.02511635320137125,0.04984953637479654,0.031067349089139436,0.018782187285657104,0.1351288572285632,0.031067349089139436,0.10406150813942375
ABT,5,0.01,2026-08-05,2026-08-11,105.70999908447266,109.72000122070312,resistance,0.0379339908330345,0.0369339908330345,1,2026-08-04,0.004990771182474374,0.03194321965056013,0.02120371218080874,0.0007600381983379315,0.02044367398247081,0.02120371218080874,0.0007600381983379315,0.02044367398247081,0.02120371218080874,0.0007600381983379315,0.02044367398247081,0.02120371218080874,0.0007600381983379315,0.02044367398247081
ABBV,5,0.01,2015-11-17,2015-11-24,38.918399810791016,39.401817321777344,hold_days,0.01242131005736491,0.011421310057364908,4,2015-11-13,0.02082843168976556,-0.00940712163240065,0.03081847579094564,0.011859362148629465,0.018959113642316176,0.058475051154260875,0.021997259368511893,0.03647779178574898,0.058475051154260875,0.021997259368511893,0.03647779178574898,0.058475051154260875,0.021997259368511893,0.03647779178574898
ABBV,5,0.01,2016-05-20,2016-05-27,39.25130081176758,41.23722457885742,hold_days,0.05059510706698567,0.049595107066985666,1,2016-05-19,0.02712940343050474,0.022465703636480927,0.04419563613400907,0.0062497728165499256,0.037945863317459146,0.06353981553464683,0.012986026359553707,0.05055378917509312,0.06353981553464683,0.02028458187892735,0.043255233655719476,0.06353981553464683,0.022401076947314736,0.041138738587332094
ABBV,5,0.01,2016-07-20,2016-07-27,42.0635986328125,43.052001953125,hold_days,0.023497830723914204,0.022497830723914203,1,2016-07-19,-0.0061930736501534245,0.028690904374067627,0.020997200089210754,-0.002832755970497448,0.023829956059708203,0.02340928001728805,-0.002832755970497448,0.0262420359877855,0.02340928001728805,-0.002832755970497448,0.0262420359877855,0.02340928001728805,-0.002832755970497448,0.0262420359877855
ABBV,5,0.01,2016-08-05,2016-08-12,44.13990783691406,44.57109451293945,hold_days,0.009768635621499655,0.008768635621499654,1,2016-08-04,0.003226386690938776,0.005542248930560878,0.005975224402728836,-0.009876581947162757,0.01585180634989159,0.005975224402728836,-0.00979014809212277,0.015765372494851604,0.005975224402728836,-0.006698007385505156,0.012673231788233992,0.005975224402728836,-0.006698007385505156,0.012673231788233992
ABBV,5,0.01,2017-01-12,2017-01-20,41.43938446044922,41.351478576660156,hold_days,-0.0021213124889188917,-0.0031213124889188917,1,2017-01-11,0.001613037434241571,-0.004734349923160463,0.03600201796378225,0.0035316685243641436,0.03247034943941811,0.03600201796378225,0.0035316685243641436,0.03247034943941811,0.03600201796378225,0.0035316685243641436,0.03247034943941811,0.03600201796378225,0.0035316685243641436,0.03247034943941811
ABBV,5,0.01,2017-02-13,2017-02-16,40.91869354248047,41.57463073730469,resistance,0.016030257518931945,0.015030257518931944,3,2017-02-10,0.010473229686231766,0.004557027832700178,0.0054237861431981164,-0.005802797207363627,0.011226583350561745,0.009818376376079208,-0.005802797207363627,0.015621173583442834,0.023874803677767547,-0.005802797207363627,0.029677600885131175,0.04811477013715321,-0.005802797207363627,0.05391756734451683
ABBV,5,0.01,2017-08-18,2017-08-24,48.20919418334961,49.69076919555664,resistance,0.03073220860262249,0.02973220860262249,1,2017-08-17,0.006039777548600078,0.02369243105402241,0.012143804304630275,0.01982009485063643,-0.007676290546006154,0.028603195649458586,0.022543791638407553,0.0060594040110510325,0.06257553951925007,0.022543791638407553,0.040031747880842516,0.06257553951925007,0.022543791638407553,0.040031747880842516
ABBV,5,0.01,2018-06-28,2018-07-06,65.26673126220703,68.43724822998047,hold_days,0.04857784213270899,0.04757784213270899,1,2018-06-27,0.014325173575916672,0.03325266855679232,0.03265325230423071,0.009199745685200572,0.02345350661903014,0.07170815580114515,0.027591734463677582,0.044116421337467564,0.07965735781615635,0.03309266918211857,0.04656468863403778,0.12990667285335256,0.03309266918211857,0.096814003671234
ABBV,5,0.01,2018-11-26,2018-12-03,62.175846099853516,67.52539825439453,hold_days,0.08603907288932922,0.08503907288932921,3,2018-11-23,0.05396116868962153,0.031077904199707684,0.05779512489065723,0.024817566230230306,0.032977558660426926,0.05779512489065723,0.03801403623692411,0.01978108865373312,0.05779512489065723,0.04861776085846023,0.009177364032197002,0.09946744954699398,0.08375245446083152,0.01571499508616246
ABBV,5,0.01,2019-01-29,2019-02-05,56.53803634643555,58.15821075439453,hold_days,0.02865636149850337,0.027656361498503368,1,2019-01-28,0.03213567454162525,-0.00447931304312188,0.1262125842637806,0.006845392070824151,0.11936719219295644,0.1344134991506556,0.011227432264783664,0.12318606688587193,0.14936392440625504,0.011227432264783664,0.13813649214147136,0.16813213026459506,0.04740618249951953,0.12072594776507553
ABBV,5,0.01,2019-03-26,2019-04-02,58.939117431640625,60.624969482421875,hold_days,0.0286032795237654,0.0276032795237654,1,2019-03-25,0.019769624554228704,0.007833654969536696,0.005907983086223713,0.01168718809141285,-0.005779205005189137,0.0071304198516646475,0.01168718809141285,-0.004556768239748203,0.0071304198516646475,0.01168718809141285,-0.004556768239748203,0.11323875410521778,0.01168718809141285,0.10155156601380493
ABBV,5,0.01,2019-04-22,2019-04-29,57.79054641723633,59.38041687011719,hold_days,0.02751090881547147,0.026510908815471468,4,2019-04-18,0.009688992665367602,0.016821916150103866,0.035541993371543394,0.00016995591854245096,0.035372037453000944,0.057082518883158906,0.00016995591854245096,0.056912562964616456,0.057082518883158906,0.00016995591854245096,0.056912562964616456,0.07794364038995831,0.00016995591854245096,0.07777368447141586
ABBV,5,0.01,2020-01-02,2020-01-09,68.21070861816406,68.71345520019531,hold_days,0.007370493463798589,0.006370493463798589,3,2019-12-30,0.003448356958319243,0.0029221365054793455,0.003339179182178678,-0.007504788074226534,0.010843967256405213,0.007756478816763245,-0.007504788074226534,0.01526126689098978,0.007756478816763245,-0.007504788074226534,0.01526126689098978,0.007756478816763245,-0.007504788074226534,0.01526126689098978
ABBV,5,0.01,2020-02-19,2020-02-26,72.67576599121094,68.25221252441406,hold_days,-0.060866967227174995,-0.061866967227174996,1,2020-02-18,-0.07856949648263678,0.016702529255461784,0.03732487149436018,0.005254051043242463,0.03207082045111772,0.03732487149436018,0.005254051043242463,0.03207082045111772,0.03732487149436018,0.005254051043242463,0.03207082045111772,0.03732487149436018,0.005254051043242463,0.03207082045111772
ABBV,5,0.01,2020-08-11,2020-08-18,73.49406433105469,75.85743713378906,hold_days,0.03215732895228851,0.03115732895228851,1,2020-08-10,0.002365489981650537,0.028791838970637973,0.017181094195296127,0.001219200366293121,0.015961893829003006,0.04473798955371489,0.001219200366293121,0.043518789187421775,0.08092837071630046,0.001219200366293121,0.07970917035000734,0.08092837071630046,0.001219200366293121,0.07970917035000734
ABBV,5,0.01,2021-02-02,2021-02-09,84.14956665039062,85.71918487548828,hold_days,0.018652719052242084,0.017652719052242083,1,2021-02-01,0.034092411287525826,-0.016439692235283743,0.04898904259404657,0.004962374696390717,0.04402666789765586,0.08124667847283887,0.017433996321087344,0.06381268215175152,0.08124667847283887,0.017433996321087344,0.06381268215175152,0.08124667847283887,0.017433996321087344,0.06381268215175152
ABBV,5,0.01,2021-06-03,2021-06-10,92.36717224121094,95.68451690673828,hold_days,0.035914758295992,0.034914758295992,1,2021-06-02,0.0048549058067173245,0.030059852489274674,0.02170878448018469,0.00014325589998417156,0.021565528580200517,0.04184100120383724,0.00014325589998417156,0.04169774530385307,0.042658521096305545,0.00830434350460666,0.034354177591698884,0.042658521096305545,0.00830434350460666,0.034354177591698884
ABBV,5,0.01,2021-07-20,2021-07-27,96.59307861328125,98.18286895751953,hold_days,0.016458636240419988,0.015458636240419987,1,2021-07-19,0.02032111917521018,-0.004862482934790191,0.012340663247168758,0.011752272710761949,0.000588390536406809,0.012340663247168758,0.016093660090401314,-0.0037529968432325565,0.012340663247168758,0.016093660090401314,-0.0037529968432325565,0.012340663247168758,0.016093660090401314,-0.0037529968432325565
ABBV,5,0.01,2021-09-21,2021-09-28,89.18527221679688,89.34339904785156,hold_days,0.0017730150631856123,0.0007730150631856123,1,2021-09-20,0.011659170252437345,-0.010886155189251734,0.008604673114609421,0.030029996229918355,-0.021425323115308932,0.029086639647598167,0.033449041554454835,-0.004362401906856668,0.11284950305741062,0.04273516058118234,0.07011434247622828,0.11284950305741062,0.04273516058118234,0.07011434247622828
ABBV,5,0.01,2021-12-01,2021-12-08,97.64619445800781,102.66707611083984,hold_days,0.051419122687789365,0.050419122687789364,1,2021-11-30,0.04214799837811767,0.008271124309671696,0.024983114472827975,0.04255838113645069,-0.017575266663622715,0.024983114472827975,0.04658778427711381,-0.021604669804285836,0.024983114472827975,0.04658778427711381,-0.021604669804285836,0.024983114472827975,0.04658778427711381,-0.021604669804285836
ABBV,5,0.01,2022-05-02,2022-05-09,126.93263244628906,129.5851287841797,hold_days,0.02089688275403101,0.01989688275403101,3,2022-04-29,-0.02371203263613242,0.04360891539016343,0.061857904688997975,0.03147803264063338,0.030379872048364592,0.07210092085427346,0.06762427158010116,0.004476649274172295,0.14765229952276193,0.06850777011035641,0.07914452941240552,0.14765229952276193,0.07628456247083068,0.07136773705193125
ABBV,5,0.01,2022-07-21,2022-07-28,128.01596069335938,129.7488555908203,hold_days,0.013536553474076563,0.012536553474076562,1,2022-07-20,0.020335970668885484,-0.007799417194808922,0.038211187039642124,-0.005565977919162178,0.0437771649588043,0.038211187039642124,-0.005565977919162178,0.0437771649588043,0.038211187039642124,-0.005565977919162178,0.0437771649588043,0.05385117062834429,0.06576748925988188,-0.011916318631537588
ABBV,5,0.01,2022-12-19,2022-12-27,141.3446044921875,142.65740966796875,hold_days,0.00928797516182378,0.00828797516182378,3,2022-12-16,0.015177049632254969,-0.006889074470431189,0.0231670858444455,0.04610681776040328,-0.022939731915957783,0.027109902543575808,0.04610681776040328,-0.018996915216827476,0.027109902543575808,0.060219470074693415,-0.03310956753111761,0.027109902543575808,0.060219470074693415,-0.03310956753111761
ABBV,5,0.01,2023-06-29,2023-07-07,118.8013687133789,120.82552337646484,hold_days,0.01703814261575909,0.016038142615759088,1,2023-06-28,-0.0061255383059795054,0.022163680921738593,0.030419839804015896,-0.00544577715235087,0.035865616956366766,0.039021809403649854,0.010887514570241119,0.028134294833408735,0.039021809403649854,0.010887514570241119,0.028134294833408735,0.19205578987839483,0.010887514570241119,0.18116827530815371
ABBV,5,0.01,2024-03-04,2024-03-11,162.7641143798828,165.1359405517578,hold_days,0.014572168938536967,0.013572168938536966,4,2024-02-29,0.004129381963630996,0.00944278697490597,0.010838582724626499,0.003477730485729809,0.00736085223889669,0.010838582724626499,0.003477730485729809,0.00736085223889669,0.010838582724626499,0.003477730485729809,0.00736085223889669,0.010838582724626499,0.003477730485729809,0.00736085223889669
ABBV,5,0.01,2024-04-29,2024-05-06,149.87393188476562,150.9966583251953,hold_days,0.0074911388946072854,0.006491138894607285,3,2024-04-26,0.00875585745302554,-0.002264718558418254,0.047304332037031036,-0.002580308453454786,0.04988464049048582,0.047304332037031036,-0.002580308453454786,0.04988464049048582,0.09809448277932853,0.01407270644440247,0.08402177633492605,0.10473121304117222,0.017459213434480748,0.08727199960669148
ABBV,5,0.01,2025-02-11,2025-02-19,182.77560424804688,188.03504943847656,hold_days,0.028775422256528405,0.027775422256528404,1,2025-02-10,0.008968149563638228,0.018807272692890176,0.0059075986637195065,0.00020182825303423422,0.005705770410685272,0.0059075986637195065,0.004582238312545206,0.0013253603511743008,0.0059075986637195065,0.004582238312545206,0.0013253603511743008,0.0059075986637195065,0.004582238312545206,0.0013253603511743008
ABBV,5,0.01,2025-03-27,2025-04-03,193.15159606933594,192.12254333496094,hold_days,-0.005327694698446073,-0.006327694698446073,1,2025-03-26,-0.05019397123570157,0.0438662765372555,0.04359309494805314,0.0044818710226174775,0.039111223925435666,0.054786100116016305,0.0044818710226174775,0.05030422909339883,0.06434049938520205,0.03484093236789056,0.029499567017311483,0.06434049938520205,0.0425194250729768,0.02182107431222525
ABBV,5,0.01,2025-08-08,2025-08-15,192.09078979492188,200.4708251953125,hold_days,0.04362538885564082,0.04262538885564082,2,2025-08-06,0.00961813771422948,0.03300725114141134,0.004073226142727547,-0.0061598870038536676,0.010233113146581214,0.004073226142727547,0.007510221219442658,-0.003436995076715111,0.004073226142727547,0.008419450428451042,-0.004346224285723495,0.004073226142727547,0.008419450428451042,-0.004346224285723495
ABBV,5,0.01,2026-01-21,2026-01-28,212.8564453125,215.3380584716797,hold_days,0.011658623517537325,0.010658623517537325,1,2026-01-20,0.0021176435847980457,0.008540979932739279,0.018031089600186064,0.003951441012317288,0.014079648587868776,0.06653642116352917,0.003951441012317288,0.06258498015121189,0.06653642116352917,0.003951441012317288,0.06258498015121189,0.07783528056666708,0.003951441012317288,0.0738838395543498
ABBV,5,0.01,2026-02-20,2026-02-27,221.38449096679688,228.54373168945312,hold_days,0.032338492598968926,0.031338492598968926,1,2026-02-19,-0.005005293713245429,0.036343786312214355,0.03457018517410723,-0.003236572193689334,0.03780675736779657,0.03457018517410723,0.0014970022926312585,0.033073182881475975,0.03457018517410723,0.0014970022926312585,0.033073182881475975,0.040888958285640514,0.0014970022926312585,0.03939195599300926
ABBV,5,0.01,2026-03-24,2026-03-31,202.0733184814453,214.17604064941406,hold_days,0.05989272734727735,0.05889272734727735,1,2026-03-23,0.004584314913896215,0.05430841243338114,0.06625398195271154,0.015396571420883041,0.0508574105318285,0.09873500370256263,0.02011361276586872,0.07862139093669392,0.13120790264914117,0.04434932227047643,0.08685858037866474,0.13120790264914117,0.050556085225767135,0.08065181742337404
ABBV,5,0.01,2026-04-10,2026-04-17,204.7715606689453,206.9072723388672,hold_days,0.010429727951210443,0.009429727951210443,3,2026-04-07,0.019969801185952818,-0.010540073234742375,0.020998056208369795,0.009808150525791866,0.011189905682577928,0.04391004685656224,0.009808150525791866,0.034101896330770376,0.07733941935929657,0.009808150525791866,0.0675312688335047,0.11960710593409171,0.03289364135057418,0.08671346458351753
ABBV,5,0.01,2026-08-05,2026-08-12,246.1999969482422,248.75999450683594,hold_days,0.010398040578091239,0.009398040578091238,1,2026-08-04,0.006517424107189029,0.0028806164709022086,0.06494489797763373,0.0007600381983379315,0.06418485977929579,0.06494489797763373,0.0007600381983379315,0.06418485977929579,0.06494489797763373,0.0007600381983379315,0.06418485977929579,0.06494489797763373,0.0007600381983379315,0.06418485977929579
ABBV,5,0.01,2026-08-21,2026-08-28,264.9599914550781,255.47999572753906,hold_days,-0.03577897053618495,-0.03677897053618495,1,2026-08-20,-0.0038069213475111496,-0.0329720491886738,0.0037974574613280888,0.0012137345128671075,0.0025837229484609813,0.0037974574613280888,0.0012137345128671075,0.0025837229484609813,0.0037974574613280888,0.0012137345128671075,0.0025837229484609813,0.0037974574613280888,0.0012137345128671075,0.0025837229484609813
ACN,5,0.01,2015-08-07,2015-08-14,85.86402893066406,85.62400817871094,hold_days,-0.0027953586029249022,-0.0037953586029249023,1,2015-08-06,0.007606843144536413,-0.011402201747461316,0.007273025255841076,0.009343870080258911,-0.002070844824417835,0.007273025255841076,0.012276417900014295,-0.005003392644173219,0.007273025255841076,0.018649952230287502,-0.011376926974446425,,,
ACN,5,0.01,2015-09-10,2015-09-17,80.12820434570312,81.55178833007812,hold_days,0.017766328298499223,0.016766328298499222,1,2015-09-09,0.020730643384993863,-0.003964315086494641,0.003191854667824074,0.008444630022186215,-0.005252775354362141,0.003191854667824074,0.017976595843010652,-0.014784741175186578,0.06787960654597028,0.07201156938124376,-0.004131962835273478,0.0797527294661249,0.0782364007623094,0.0015163287038155032
ACN,5,0.01,2016-02-10,2016-02-18,78.81399536132812,82.41966247558594,hold_days,0.045749071566888455,0.044749071566888454,1,2016-02-09,0.0386181385307518,0.006130933036136654,0.08293614318766153,0.03642499826904035,0.046511144918621176,0.11356802857915627,0.049858195505163516,0.06370983307399275,0.11356802857915627,0.05107726782433036,0.06249076075482591,0.1364804964094375,0.12382865683020415,0.01265183957923334
ACN,5,0.01,2016-09-15,2016-09-22,93.5252685546875,96.00867462158203,hold_days,0.02655331660921556,0.02555331660921556,1,2016-09-14,0.016273013602447373,0.009280303006768187,0.018091372243320546,0.01593214971484393,0.0021592225284766155,0.04271123882724602,0.019438790505801697,0.023272448321444324,0.04271123882724602,0.02309959694128042,0.0196116418859656,0.07292969726349431,0.02309959694128042,0.04983010032221389
ACN,5,0.01,2016-10-11,2016-10-18,98.80464172363281,99.2776870727539,hold_days,0.004787683461716874,0.003787683461716874,4,2016-10-07,-0.0018733457239910045,0.0056610291857078785,0.013078130959634237,0.011880363635209121,0.0011977673244251159,0.04256347252593218,0.012235374684445625,0.030328097841486552,0.04256347252593218,0.012962521166876451,0.029600951359055726,0.04256347252593218,0.020071642217496282,0.022491830308435896
ACN,5,0.01,2016-12-05,2016-12-12,100.47254943847656,105.49962615966797,hold_days,0.05003433026520043,0.04903433026520043,3,2016-12-02,0.029692230856449564,0.019342099408750868,0.02662477454577654,-0.004611590406401132,0.031236364952177673,0.02662477454577654,-9.188072460510463e-05,0.026716655270381643,0.02662477454577654,-9.188072460510463e-05,0.026716655270381643,0.02662477454577654,-9.188072460510463e-05,0.026716655270381643
ACN,5,0.01,2017-02-02,2017-02-09,96.99034118652344,99.84098052978516,hold_days,0.02939096108322392,0.02839096108322392,1,2017-02-01,0.01415753771749717,0.01423342336572675,0.019753261958458144,0.0050645565194105,0.014688705439047644,0.03342685267130766,0.00553711283722076,0.0278897398340869,0.03342685267130766,0.00553711283722076,0.0278897398340869,0.09378011993333758,0.00553711283722076,0.08824300709611682
ACN,5,0.01,2017-05-19,2017-05-26,104.32617950439453,105.9732437133789,hold_days,0.01578764042552705,0.014787640425527049,1,2017-05-18,0.017212789748746182,-0.0024251493232191335,0.017540833233405523,0.009594408582947259,0.007946424650458264,0.017540833233405523,0.009594408582947259,0.007946424650458264,0.017540833233405523,0.009594408582947259,0.007946424650458264,0.03356127946768074,0.009594408582947259,0.023966870884733482
ACN,5,0.01,2017-06-23,2017-06-30,105.84388732910156,106.65449523925781,hold_days,0.0076585236106816446,0.0066585236106816445,1,2017-06-22,-0.0033159413926953096,0.009974465003376953,0.039367581597879196,0.0074844364416880235,0.03188314515619117,0.039367581597879196,0.0074844364416880235,0.03188314515619117,0.039367581597879196,0.0074844364416880235,0.03188314515619117,0.039367581597879196,0.0074844364416880235,0.03188314515619117
ACN,5,0.01,2017-07-28,2017-08-04,110.7247314453125,112.2769546508789,hold_days,0.014018757917087843,0.013018757917087842,1,2017-07-27,0.006016325036993786,0.007002432880094056,0.008570963843874221,0.002471490652213414,0.006099473191660807,0.008570963843874221,0.002471490652213414,0.006099473191660807,0.008570963843874221,0.002471490652213414,0.006099473191660807,0.008570963843874221,0.002471490652213414,0.006099473191660807
ACN,5,0.01,2018-04-12,2018-04-19,131.83572387695312,135.78839111328125,hold_days,0.029981761544521035,0.028981761544521034,1,2018-04-11,0.009228957435694518,0.019752804108826516,0.004180030250385737,-0.003264659779857903,0.0074446900302436395,0.013586497986640012,-0.003264659779857903,0.016851157766497916,0.07039239080508991,0.02370617679893653,0.04668621400615338,0.08088814433143227,0.05848640152324723,0.022401742808185035
ACN,5,0.01,2018-11-26,2018-12-03,140.4066925048828,147.87020874023438,hold_days,0.05315641371647595,0.05215641371647595,3,2018-11-23,0.05396116868962153,-0.0018047549731455836,0.03999981220843403,0.024817566230230306,0.015182245978203723,0.04087177470387413,0.03801403623692411,0.002857738466950019,0.04087177470387413,0.04861776085846023,-0.007745986154586097,0.08233674657876804,0.08375245446083152,-0.00141570788206348
ACN,5,0.01,2019-06-28,2019-07-08,165.13780212402344,170.0891571044922,hold_days,0.029983171126076513,0.028983171126076512,1,2019-06-27,0.011010129355818021,0.01797304177025849,0.007199918319098039,0.0037085131987601087,0.0034914051203379305,0.00938226660901282,0.0059190048275022875,0.003463261781510532,0.00938226660901282,0.0059190048275022875,0.003463261781510532,0.00938226660901282,0.0059190048275022875,0.003463261781510532
ACN,5,0.01,2019-08-26,2019-08-27,174.7008819580078,176.2113037109375,resistance,0.008645759174202405,0.007645759174202405,3,2019-08-23,-0.0020891696610195742,0.009734928835221979,0.004431157281692527,0.01508942780648279,-0.010658270524790263,0.004431157281692527,0.01692926431394037,-0.012498107032247843,0.009526428726405611,0.051202037549936734,-0.04167560882353112,0.009526428726405611,0.051202037549936734,-0.04167560882353112
ACN,5,0.01,2019-09-25,2019-10-02,170.5896453857422,165.20928955078125,hold_days,-0.03153975625422467,-0.03253975625422467,1,2019-09-24,-0.03510584307211828,0.002566086817893609,0.019520119470234965,0.0052324053570058145,0.01428771411322915,0.02378274566661247,0.0052324053570058145,0.018550340309606658,0.05096478096388539,0.0052324053570058145,0.04573237560687957,0.05096478096388539,0.005603638375053401,0.04536114258883199
ACN,5,0.01,2019-10-23,2019-10-30,165.21897888183594,167.47190856933594,hold_days,0.013636022342876863,0.012636022342876863,1,2019-10-22,0.010899410021199651,0.0017366123216772111,0.017454939575669907,0.0002003953281842506,0.017254544247485657,0.017454939575669907,0.0002003953281842506,0.017254544247485657,0.03893515012534558,0.0002003953281842506,0.03873475479716133,0.08084321614310871,0.0002003953281842506,0.08064282081492447
ACN,5,0.01,2021-06-07,2021-06-14,259.0350646972656,262.26617431640625,hold_days,0.012473637972205909,0.011473637972205908,4,2021-06-03,-0.001495000021723647,0.012968637993929555,0.0034608588231882474,0.0024674330408539866,0.0009934257823342608,0.013287049915714999,0.0024674330408539866,0.010819616874861012,0.032038077760949565,0.003902712824939373,0.028135364936010192,0.035379761371851046,0.003902712824939373,0.031477048546911676
ACN,5,0.01,2021-08-03,2021-08-10,293.2093505859375,294.73736572265625,hold_days,0.005211345182768667,0.004211345182768667,1,2021-08-02,0.006153019777041635,-0.0019416745942729676,0.0042829408539205955,-0.0002203054306334695,0.004503246284554065,0.0042829408539205955,-0.0002203054306334695,0.004503246284554065,0.0042829408539205955,-0.0002203054306334695,0.004503246284554065,0.0042829408539205955,-0.0002203054306334695,0.004503246284554065
ACN,5,0.01,2021-10-21,2021-10-28,320.4853515625,328.97943115234375,hold_days,0.026503799778777815,0.025503799778777814,1,2021-10-20,0.004345972600541259,0.021157827178236555,0.007491308182863717,0.0029161986670088054,0.004575109515854912,0.007491308182863717,0.0029161986670088054,0.004575109515854912,0.007491308182863717,0.0029161986670088054,0.004575109515854912,0.007491308182863717,0.0029161986670088054,0.004575109515854912
ACN,5,0.01,2022-01-10,2022-01-18,344.3796081542969,322.3900451660156,hold_days,-0.06385268601162053,-0.06485268601162053,3,2022-01-07,-0.01138885633292952,-0.05346382967869101,0.08401047208729953,0.006447674302978051,0.07756279778432149,0.10211344819442915,0.006447674302978051,0.0956657738914511,0.10211344819442915,0.006447674302978051,0.0956657738914511,0.10211344819442915,0.006447674302978051,0.0956657738914511
ACN,5,0.01,2022-03-24,2022-03-31,301.1090087890625,312.1614074707031,hold_days,0.03670563934997784,0.035705639349977836,1,2022-03-23,-0.001097986230895076,0.03680362558087291,0.006657093059967397,0.0026473402762949784,0.004009752783672419,0.006657093059967397,0.0026473402762949784,0.004009752783672419,0.006657093059967397,0.0026473402762949784,0.004009752783672419,0.21493107252137017,0.014933098490145916,0.19999797403122427
ACN,5,0.01,2022-09-29,2022-10-06,240.63583374023438,251.07113647460938,hold_days,0.04336553942186305,0.04236553942186305,2,2022-09-27,0.0323398995268398,0.010025639895023253,0.015439072765363765,0.03374648098173808,-0.01830740821637432,0.06076812053568398,0.06556592714195833,-0.004797806606274352,0.12527938371181313,0.11073923989049508,0.014540143821318047,0.19486868295767062,0.1441655793474211,0.05070310361024952
ACN,5,0.01,2023-01-26,2023-02-02,257.7203063964844,276.3638000488281,hold_days,0.0723400259491469,0.0713400259491469,1,2023-01-25,0.01808801956619277,0.05325200638295413,0.022141232336694575,-0.006322689627776889,0.028463921964471464,0.037278669017635345,0.001250474044007882,0.03602819497362746,0.037278669017635345,0.001250474044007882,0.03602819497362746,0.09063862632143081,0.006844531687710846,0.08379409463371996
ACN,5,0.01,2023-08-08,2023-08-15,298.38629150390625,291.04852294921875,hold_days,-0.024591506927828966,-0.025591506927828966,4,2023-08-04,-0.012593172540124709,-0.012998334387704258,0.01813240014195499,0.007987189822367886,0.010145210319587103,0.01813240014195499,0.008901651486022519,0.00923074865593247,0.022578559415493797,0.008901651486022519,0.013676907929471278,0.023091165396912847,0.008901651486022519,0.014189513910890328
ACN,5,0.01,2024-09-20,2024-09-27,323.47772216796875,336.4468688964844,hold_days,0.04009285907417537,0.03909285907417537,1,2024-09-19,0.005605779532914745,0.03348707954126062,0.050547848466271514,-0.0007472427507240662,0.05129509121699558,0.050547848466271514,-0.0007472427507240662,0.05129509121699558,0.050547848466271514,-0.0007472427507240662,0.05129509121699558,0.050547848466271514,-0.0007472427507240662,0.05129509121699558
ACN,5,0.01,2024-10-08,2024-10-11,346.72210693359375,348.4811706542969,resistance,0.005073410911869081,0.004073410911869081,1,2024-10-07,0.013878612351699182,-0.009805201439830102,0.005134663417637855,0.00791941071805318,-0.0027847473004153243,0.005134663417637855,0.009405905758286025,-0.00427124234064817,0.005134663417637855,0.009405905758286025,-0.00427124234064817,0.005134663417637855,0.009405905758286025,-0.00427124234064817
ACN,5,0.01,2025-01-15,2025-01-23,337.8453369140625,352.4068603515625,hold_days,0.043101152647265994,0.042101152647265994,1,2025-01-14,0.02912422856584751,0.012976924081418484,0.02236325910351975,-0.011143405035322069,0.03350666413884182,0.02236325910351975,-0.011143405035322069,0.03350666413884182,0.060269645051442534,0.007800998150588569,0.05246864690085397,0.07198954909428473,0.02149391483163756,0.05049563426264717
ACN,5,0.01,2025-08-27,2025-09-04,251.92861938476562,247.83302307128906,hold_days,-0.016256971214617888,-0.01725697121461789,1,2025-08-26,0.0020200066752822377,-0.019276977889900127,0.008101294051477293,0.0010820313487405096,0.007019262702736784,0.008101294051477293,0.0010820313487405096,0.007019262702736784,0.06160583998027544,0.0010820313487405096,0.06052380863153493,0.19479639222770284,0.0010820313487405096,0.19371436087896232
ACN,5,0.01,2026-03-27,2026-04-06,188.71131896972656,194.93310546875,hold_days,0.03296986387987433,0.03196986387987433,2,2026-03-25,0.023893928745109427,0.0080759351347649,0.037096292978955524,0.017764459963504366,0.019331833015451157,0.05379512589978283,0.02907997033163973,0.0247151555681431,0.10418606679302946,0.05763035406779492,0.04655571272523454,0.33250159947435126,0.06375085933699945,0.2687507401373518
ADBE,5,0.01,2015-07-09,2015-07-16,80.47000122070312,82.5199966430664,hold_days,0.025475275149317023,0.024475275149317022,1,2015-07-08,0.03725409273783664,-0.01277881758851962,0.005806785353674363,0.013625940029397302,-0.007819154675722938,0.04133906504381312,0.024232279722679016,0.017106785321134105,0.04133906504381312,0.03086027154089204,0.01047879350292108,,,
ADBE,5,0.01,2016-02-11,2016-02-19,74.94000244140625,80.87000274658203,hold_days,0.07912997213754158,0.07812997213754158,2,2016-02-09,0.05123303721677819,0.026896934920763393,0.1322371246900669,0.048728731423229484,0.08350839326683743,0.1637093858835513,0.06199040233923855,0.10171898354431275,0.165478843043989,0.06199040233923855,0.10348844070475044,0.21578061578061578,0.13501634682251737,0.0807642689580984
ADBE,5,0.01,2016-03-10,2016-03-16,84.8499984741211,88.16999816894531,resistance,0.03912786982355465,0.03812786982355465,2,2016-03-08,0.022008644564027735,0.016119225259526915,0.027061124127127183,0.0049055573435183766,0.022155566783608804,0.040049790021176555,0.0049055573435183766,0.03514423267765818,0.040049790021176555,0.0049055573435183766,0.03514423267765818,0.1120761757858532,0.04455778128766882,0.06751839449818439
ADBE,5,0.01,2016-05-05,2016-05-12,93.5,95.95999908447266,hold_days,0.026310150636071228,0.025310150636071227,1,2016-05-04,0.011518913760049543,0.013791236876021684,0.014752386758361965,0.017780756749313207,-0.0030283699909512424,0.02978107984627843,0.02521069509151279,0.004570384754765643,0.03158988042830811,0.02731654819782842,0.004273332230479692,0.03158988042830811,0.02731654819782842,0.004273332230479692
ADBE,5,0.01,2016-08-03,2016-08-10,96.66999816894531,100.62000274658203,hold_days,0.040860708104426546,0.039860708104426545,1,2016-08-02,0.011250596148951297,0.028610111955475248,0.01798053868918263,0.003245905345577318,0.014734633343605311,0.01798053868918263,0.006383177034151204,0.011597361655031425,0.01798053868918263,0.006383177034151204,0.011597361655031425,0.034940601617032566,0.006383177034151204,0.028557424582881363
ADBE,5,0.01,2016-09-14,2016-09-21,98.79000091552734,107.77999877929688,hold_days,0.09100109100572462,0.09000109100572462,1,2016-09-13,0.01821723737963099,0.07178385362609363,0.040873777519152,0.027392354429359573,0.013481423089792426,0.04615234907194607,0.02848122037050611,0.01767112870143996,0.04615234907194607,0.03210826798999195,0.014044081081954117,0.04615234907194607,0.03210826798999195,0.014044081081954117
ADBE,5,0.01,2016-12-02,2016-12-09,99.7300033569336,104.30999755859375,hold_days,0.045923935099734914,0.04492393509973491,1,2016-12-01,0.03619739895372209,0.00872653614601282,0.050371295517291054,0.007165374424161614,0.04320592109312944,0.057461434098354226,0.007165374424161614,0.05029605967419261,0.08218295604834168,0.007165374424161614,0.07501758162418007,0.09999092541989556,0.007165374424161614,0.09282555099573395
ADBE,5,0.01,2017-06-13,2017-06-20,139.08999633789062,140.91000366210938,hold_days,0.01308510584612721,0.012085105846127209,1,2017-06-12,0.0007161225886878064,0.011368983257439402,0.03154156059955717,-0.004106180204310666,0.03564774080386784,0.03154156059955717,-0.004106180204310666,0.03564774080386784,0.03154156059955717,-0.004106180204310666,0.03564774080386784,0.03154156059955717,-0.004106180204310666,0.03564774080386784
ADBE,5,0.01,2017-07-28,2017-08-04,146.72999572753906,147.7100067138672,hold_days,0.00667900916556885,0.00567900916556885,1,2017-07-27,0.006016325036993786,-0.00033731587142493604,0.02036321989995499,0.002471490652213414,0.017891729247741576,0.021408607853808714,0.002471490652213414,0.0189371172015953,0.021408607853808714,0.002471490652213414,0.0189371172015953,0.021408607853808714,0.002471490652213414,0.0189371172015953
ADBE,5,0.01,2017-09-26,2017-10-03,145.39999389648438,148.60000610351562,hold_days,0.022008337973586478,0.021008337973586477,1,2017-09-25,0.016229977647542304,0.004778360326044173,0.07151987082061687,0.0032639653611553246,0.06825590545946154,0.07151987082061687,0.0032639653611553246,0.06825590545946154,0.07311787835611663,0.0032639653611553246,0.06985391299496131,0.07311787835611663,0.0032639653611553246,0.06985391299496131
ADBE,5,0.01,2017-11-01,2017-11-08,176.25,184.05999755859375,hold_days,0.04431204288563828,0.04331204288563828,1,2017-10-31,0.009502183906492379,0.0338098589791459,0.0060903503067891674,0.003831136252705778,0.0022592140540833895,0.0060903503067891674,0.003831136252705778,0.0022592140540833895,0.0060903503067891674,0.003831136252705778,0.0022592140540833895,0.0060903503067891674,0.003831136252705778,0.0022592140540833895
ADBE,5,0.01,2018-06-28,2018-07-06,239.80999755859375,248.19000244140625,hold_days,0.03494435164557719,0.03394435164557719,1,2018-06-27,0.014325173575916672,0.019619178069660514,0.03624966525774954,0.009199745685200572,0.027049919572548965,0.07086403763038401,0.027591734463677582,0.04327230316670643,0.07086403763038401,0.03309266918211857,0.037771368448265445,0.07086403763038401,0.03309266918211857,0.037771368448265445
ADBE,5,0.01,2018-09-06,2018-09-13,259.75,268.5199890136719,hold_days,0.03376319158295238,0.03276319158295238,1,2018-09-05,0.01369904708641001,0.019064144496542368,0.03208371523900282,0.009649638196484865,0.022434077042517958,0.03208371523900282,0.009649638196484865,0.022434077042517958,0.03208371523900282,0.009649638196484865,0.022434077042517958,0.03208371523900282,0.009649638196484865,0.022434077042517958
ADBE,5,0.01,2018-11-02,2018-11-09,239.63999938964844,244.83999633789062,hold_days,0.021699202810408602,0.0206992028104086,3,2018-10-30,0.025245690917759855,-0.004546488107351254,0.025061039811347236,0.003128439786072847,0.02193260002527439,0.05250671704665327,0.017142447506956343,0.03536426953969693,0.08958286498632552,0.05912030428959542,0.030462560696730097,0.13013173659858543,0.07099909668244378,0.05913263991614165
ADBE,5,0.01,2019-12-12,2019-12-19,305.9599914550781,327.6300048828125,hold_days,0.07082629766289572,0.06982629766289572,1,2019-12-11,0.010460968717730168,0.05936532894516555,0.003549898652416052,-0.010229019205506402,0.013778917857922453,0.011533639189409426,-0.010054901782099078,0.021588540971508502,0.011533639189409426,-0.010054901782099078,0.021588540971508502,0.011533639189409426,-0.010054901782099078,0.021588540971508502
ADBE,5,0.01,2020-03-16,2020-03-23,286.0299987792969,307.2699890136719,hold_days,0.07425791114576041,0.07325791114576041,4,2020-03-12,-0.08009833709094683,0.15335624823670724,0.14745156846707339,0.17059943033735295,-0.023147861870279562,0.21387936242628203,0.23898389872460654,-0.025104536298324515,0.2537309546799472,0.299265539160522,-0.04553458448057479,0.2537309546799472,0.3020394176946763,-0.048308463014729075
ADBE,5,0.01,2020-11-19,2020-11-27,466.4100036621094,477.0299987792969,hold_days,0.022769655525830323,0.021769655525830323,1,2020-11-18,0.02718204534891422,-0.005412389823083896,0.006242793494360256,0.010697496124576506,-0.00445470263021625,0.06054746003722939,0.010697496124576506,0.04984996391265288,0.06054746003722939,0.010697496124576506,0.04984996391265288,0.12624575809656294,0.010697496124576506,0.11554826197198644
ADBE,5,0.01,2021-08-11,2021-08-18,626.030029296875,626.77001953125,hold_days,0.0011820363237304843,0.00018203632373048426,1,2021-08-10,-0.01605937627172971,0.016241412595460192,0.00957155364731109,-0.004792649225139499,0.014364202872450589,0.00957155364731109,-0.004792649225139499,0.014364202872450589,0.00957155364731109,-0.004792649225139499,0.014364202872450589,0.00957155364731109,-0.004792649225139499,0.014364202872450589
ADBE,5,0.01,2022-04-08,2022-04-18,445.3399963378906,425.4700012207031,hold_days,-0.0446175849476399,-0.0456175849476399,2,2022-04-06,-0.011972669095853927,-0.03364491585178597,0.050062928143442056,0.007105527343604175,0.04295740079983788,0.050062928143442056,0.015394951454663236,0.03466797668877882,0.050062928143442056,0.015394951454663236,0.03466797668877882,0.1691107642706892,0.016380847521053364,0.15272991674963582
ADBE,5,0.01,2022-04-25,2022-05-02,413.95001220703125,407.2900085449219,hold_days,-0.016088907997853785,-0.017088907997853786,3,2022-04-22,-0.031478032640633424,0.014389124642779638,0.0514435884588448,0.0373210315900412,0.0141225568688036,0.07048543672022445,0.0373210315900412,0.03316440513018325,0.11701965750998278,0.046262791490791245,0.07075686601919154,0.22767635491720317,0.046262791490791245,0.18141356342641193
ADBE,5,0.01,2023-02-08,2023-02-15,378.3599853515625,375.94000244140625,hold_days,-0.006395980029198056,-0.007395980029198056,2,2023-02-06,0.006340029308147699,-0.013736009337345756,0.0353619693706943,0.017334957379281063,0.01802701199141324,0.0353619693706943,0.017334957379281063,0.01802701199141324,0.0353619693706943,0.017334957379281063,0.01802701199141324,0.0353619693706943,0.017334957379281063,0.01802701199141324
ADBE,5,0.01,2023-06-28,2023-07-06,482.42999267578125,481.2900085449219,hold_days,-0.0023630042662490247,-0.0033630042662490247,2,2023-06-26,0.002695173400764528,-0.0060581776670135526,0.01398000386592175,0.0027691924863105922,0.011210811379611158,0.025748213151955947,0.018268503348305914,0.007479709803650033,0.025748213151955947,0.018268503348305914,0.007479709803650033,0.025748213151955947,0.018268503348305914,0.007479709803650033
ADBE,5,0.01,2024-02-07,2024-02-14,615.8499755859375,604.6599731445312,hold_days,-0.01817001361534476,-0.01917001361534476,1,2024-02-06,0.00041960180572075956,-0.01958961542106552,0.029790840457434815,0.001297953104638664,0.02849288735279615,0.029790840457434815,0.0015740133296415955,0.02821682712779322,0.029790840457434815,0.0015740133296415955,0.02821682712779322,0.029790840457434815,0.0015740133296415955,0.02821682712779322
ADBE,5,0.01,2024-04-17,2024-04-24,474.45001220703125,477.1199951171875,hold_days,0.005627532598715845,0.004627532598715845,2,2024-04-15,0.022484145010534196,-0.01785661241181835,0.026209903086238998,0.024663405376479347,0.0015464977097596512,0.04539143501200784,0.03163747327981496,0.013753961732192878,0.08967936839814891,0.04213329782296173,0.047546070575187185,0.25255213796122045,0.04213329782296173,0.21041884013825873
ADBE,5,0.01,2025-10-03,2025-10-10,346.739990234375,337.510009765625,hold_days,-0.02661931340111967,-0.02761931340111967,2,2025-10-01,-0.0258590004660173,-0.0017603129351023705,0.03782225231703934,-0.0012424134797575175,0.039064665796796856,0.05236404477101432,-0.0012424134797575175,0.053606458250771837,0.056387094384494754,-0.0012424134797575175,0.05762950786425227,0.07007805729876503,-0.0012424134797575175,0.07132047077852255
ADBE,5,0.01,2025-12-10,2025-12-16,343.1300048828125,347.8900146484375,resistance,0.01387232156293261,0.01287232156293261,2,2025-12-08,-0.003834766469640649,0.01670708803257326,0.009039463970821015,-0.0010578730270545823,0.010097336997875597,0.009039463970821015,-0.0010578730270545823,0.010097336997875597,0.009039463970821015,-0.0010578730270545823,0.010097336997875597,0.06621125330113649,-0.0010578730270545823,0.06726912632819107
ADBE,5,0.01,2026-01-06,2026-01-13,335.989990234375,309.92999267578125,hold_days,-0.07756182718543247,-0.07856182718543248,1,2026-01-05,0.011273996524888252,-0.08983582371032073,0.048618227573023864,-0.007345705405124061,0.055963932978147925,0.060246716690809804,-0.007345705405124061,0.06759242209593387,0.060246716690809804,-0.007345705405124061,0.06759242209593387,0.06646109634171479,-0.007345705405124061,0.07380680174683886
ADBE,5,0.01,2026-05-14,2026-05-21,237.00999450683594,244.10000610351562,hold_days,0.02991439922789918,0.02891439922789918,1,2026-05-13,0.0129963198742018,0.01591807935369738,0.07602048464543884,-0.0024820151579320877,0.07850249980337093,0.07602048464543884,0.0030465144309926345,0.07297397021444621,0.07602048464543884,0.0030465144309926345,0.07297397021444621,0.16433961431771768,0.013593393275011247,0.15074622104270644
GOOG,5,0.01,2015-12-15,2015-12-22,36.821231842041016,37.14814376831055,hold_days,0.008878353871264899,0.007878353871264898,4,2015-12-11,-0.002664812622126256,0.010543166493391154,0.024883270956953377,0.006021281035454871,0.018861989921498505,0.030819985995159956,0.024547369332521773,0.006272616662638182,0.030819985995159956,0.024547369332521773,0.006272616662638182,0.030819985995159956,0.024547369332521773,0.006272616662638182
GOOG,5,0.01,2016-02-10,2016-02-18,33.88505554199219,34.54035186767578,hold_days,0.0193388004004158,0.0183388004004158,1,2016-02-09,0.0386181385307518,-0.020279338130336,0.05891748373932964,0.03642499826904035,0.022492485470289286,0.10531596239104846,0.049858195505163516,0.05545776688588494,0.10531596239104846,0.05107726782433036,0.0542386945667181,0.1190830445211569,0.12382865683020415,-0.004745612309047256
GOOG,5,0.01,2017-02-02,2017-02-09,39.551876068115234,40.09820556640625,hold_days,0.013812985693779423,0.012812985693779422,1,2017-02-01,0.01415753771749717,-0.0013445520237177488,0.040401335848754855,0.0050645565194105,0.035336779329344356,0.04444348391717928,0.00553711283722076,0.03890637107995852,0.04444348391717928,0.00553711283722076,0.03890637107995852,0.04444348391717928,0.00553711283722076,0.03890637107995852
GOOG,5,0.01,2017-03-27,2017-04-03,40.59103775024414,41.53409957885742,hold_days,0.023233252483366496,0.022233252483366495,3,2017-03-24,0.00887850968684245,0.013354742796524044,0.03405215177568892,0.01690866696269895,0.017143484812989968,0.03826913883998452,0.01904922590808837,0.01921991293189615,0.03826913883998452,0.02397454036176492,0.014294598478219601,0.03826913883998452,0.02397454036176492,0.014294598478219601
GOOG,5,0.01,2017-06-20,2017-06-27,47.08552932739258,45.93144989013672,hold_days,-0.024510278502581473,-0.025510278502581474,4,2017-06-16,-0.010656683162008296,-0.014853595340573178,0.007039989136574036,0.004927569675192796,0.0021124194613812396,0.03333286343833137,0.004927569675192796,0.02840529376313857,0.03359806218356361,0.004927569675192796,0.02867049250837081,0.03359806218356361,0.004927569675192796,0.02867049250837081
GOOG,5,0.01,2017-09-19,2017-09-26,45.658042907714844,45.809112548828125,hold_days,0.0033087191542271466,0.0023087191542271466,1,2017-09-18,-0.0019484253686348207,0.004257144522861967,0.014201807829270599,-0.003144814931138307,0.017346622760408905,0.015107495307373901,-0.003144814931138307,0.018252310238512207,0.018651551904588747,-0.003144814931138307,0.021796366835727055,0.059703829436350164,-0.003144814931138307,0.06284864436748847
GOOG,5,0.01,2017-10-24,2017-10-31,48.071678161621094,50.35505676269531,hold_days,0.04749945681940426,0.04649945681940426,1,2017-10-23,-0.0002593515605157082,0.04675880837991997,0.02243146948346282,-0.00017647557588400066,0.02260794505934682,0.02243146948346282,-0.00017647557588400066,0.02260794505934682,0.02243146948346282,-0.00017647557588400066,0.02260794505934682,0.02243146948346282,-0.00017647557588400066,0.02260794505934682
GOOG,5,0.01,2017-12-05,2017-12-12,49.78594207763672,51.535865783691406,hold_days,0.03514895235538251,0.03414895235538251,1,2017-12-04,0.014156780753062037,0.019992171602320474,0.040347281552134476,0.003708344042258772,0.0366389375098757,0.04653730800923109,0.003708344042258772,0.04282896396697231,0.04653730800923109,0.003708344042258772,0.04282896396697231,0.04653730800923109,0.003708344042258772,0.04282896396697231
GOOG,5,0.01,2018-03-02,2018-03-09,53.43983459472656,57.45777893066406,hold_days,0.07518631684413912,0.07418631684413912,1,2018-03-01,0.037793338149261,0.03639297869487812,0.05668197840384483,0.040097654520203606,0.01658432388364122,0.05668197840384483,0.040097654520203606,0.01658432388364122,0.07602975134005686,0.04388046528002263,0.032149286060034234,0.08242627869486835,0.05877267915544811,0.023653599539420242
GOOG,5,0.01,2018-05-02,2018-05-09,50.738426208496094,53.630035400390625,hold_days,0.05699051799541888,0.055990517995418876,2,2018-04-30,0.02950525519697056,0.026485262798448317,0.015057122992286717,0.014637405026509474,0.0004197179657772429,0.058214532476042156,0.031728974153707394,0.026485558322334762,0.058214532476042156,0.03431530213036997,0.023899230345672186,0.12032627779061571,0.058997662470194306,0.0613286153204214
GOOG,5,0.01,2018-09-19,2018-09-26,58.005104064941406,58.4706916809082,hold_days,0.008026666333458055,0.0070266663334580546,2,2018-09-17,0.004463866733842803,0.0025627995996152517,0.0036073608745473104,-0.00314466313187651,0.00675202400642382,0.012970940145197363,-0.00314466313187651,0.016115603277073873,0.06260295179439429,-0.00314466313187651,0.0657476149262708,0.0766676020005255,-0.00314466313187651,0.07981226513240201
GOOG,5,0.01,2018-10-15,2018-10-22,54.10008239746094,54.54140090942383,hold_days,0.008157446207209595,0.0071574462072095954,4,2018-10-11,0.0003898244160414066,0.006767621791168189,0.04936609154324647,0.04816627458818577,0.0011998169550606966,0.09202377945582295,0.06018336377421755,0.0318404156816054,0.09202377945582295,0.06018336377421755,0.0318404156816054,0.13882821835659392,0.06018336377421755,0.07864485458237638
GOOG,5,0.01,2019-07-22,2019-07-29,56.36959457397461,61.38904571533203,hold_days,0.08904536531250584,0.08804536531250584,3,2019-07-19,0.012171238633146508,0.07587412667935933,0.013445084954697237,0.004905643970000498,0.00853944098469674,0.013445084954697237,0.004970438102029007,0.00847464685266823,0.013445084954697237,0.004970438102029007,0.00847464685266823,0.11611701986712582,0.004970438102029007,0.11114658176509681
GOOG,5,0.01,2019-10-03,2019-10-10,58.83423614501953,59.86646270751953,hold_days,0.01754465818092177,0.016544658180921767,1,2019-10-02,0.011637787222829044,0.004906870958092724,0.043145324071830846,0.026680935223244433,0.016464388848586413,0.04708315747700337,0.030308255400694564,0.016774902076308804,0.04708315747700337,0.03283860370469726,0.014244553772306108,0.050047685345213075,0.033199534484931084,0.01684815086028199
GOOG,5,0.01,2019-12-31,2020-01-08,66.2237548828125,69.55718231201172,hold_days,0.05033582639791345,0.04933582639791345,1,2019-12-30,0.006978298435087904,0.04235752796282555,0.01718595304456681,0.0036218528160877213,0.013564100228479087,0.017742151769886718,0.0036218528160877213,0.014120298953798996,0.017742151769886718,0.0036218528160877213,0.014120298953798996,0.017742151769886718,0.0036218528160877213,0.014120298953798996
GOOG,5,0.01,2020-06-12,2020-06-19,69.99603271484375,70.91432189941406,hold_days,0.01311916045744077,0.01211916045744077,1,2020-06-11,0.012119953166500608,-7.927090598380815e-07,0.03593132697781812,0.0705528681286347,-0.03462154115081659,0.03593132697781812,0.0705528681286347,-0.03462154115081659,0.03593132697781812,0.0705528681286347,-0.03462154115081659,0.03593132697781812,0.0705528681286347,-0.03462154115081659
GOOG,5,0.01,2020-08-05,2020-08-12,72.98916625976562,74.62418365478516,hold_days,0.022400823009822712,0.02140082300982271,1,2020-08-04,0.02783026896019547,-0.006429445950372759,0.03776807449434182,-0.008064690786388442,0.04583276528073026,0.06049127711052561,-0.0005947393318154928,0.06108601644234111,0.06049127711052561,-0.0005947393318154928,0.06108601644234111,0.06049127711052561,0.010438406935746736,0.05005287017477888
GOOG,5,0.01,2021-03-29,2021-04-06,101.8329849243164,110.19377899169922,hold_days,0.08210300497031153,0.08110300497031153,3,2021-03-26,0.013812055714517157,0.06729094925579437,-0.0014565532516409014,1.3015684091560319e-05,-0.0014695689357324617,0.017476502717839973,1.3015684091560319e-05,0.017463487033748414,0.027813836055075716,1.3015684091560319e-05,0.027800820370984157,0.03399873245133735,1.3015684091560319e-05,0.033985716767245794
GOOG,5,0.01,2021-05-13,2021-05-20,112.03731536865234,116.69915771484375,hold_days,0.041609729141151686,0.040609729141151685,1,2021-05-12,0.002488604098606295,0.03812112504254539,0.05699783279008065,0.021587832542202538,0.03541000024787812,0.06910613376310736,0.021587832542202538,0.04751830122090482,0.06910613376310736,0.021587832542202538,0.04751830122090482,0.06910613376310736,0.021587832542202538,0.04751830122090482
GOOG,5,0.01,2021-11-11,2021-11-18,145.37110900878906,149.294921875,hold_days,0.02699169658239109,0.02599169658239109,1,2021-11-10,0.005383830111519883,0.020607866470871206,0.017431922361882585,0.008503818298084711,0.008928104063797874,0.017431922361882585,0.008503818298084711,0.008928104063797874,0.017431922361882585,0.008503818298084711,0.008928104063797874,0.017431922361882585,0.008503818298084711,0.008928104063797874
GOOG,5,0.01,2022-02-14,2022-02-22,134.03048706054688,128.18832397460938,hold_days,-0.043588314972685005,-0.044588314972685006,3,2022-02-11,-0.023417864272459177,-0.02117045070022583,0.043498818069875655,0.03300172144282319,0.010497096627052463,0.08603637345119097,0.03300172144282319,0.05303465200836778,0.08603637345119097,0.03300172144282319,0.05303465200836778,0.1022434964481482,0.03868252232463922,0.06356097412350897
GOOG,5,0.01,2022-03-08,2022-03-15,126.08427429199219,128.4439239501953,hold_days,0.01871486092499164,0.017714860924991638,1,2022-03-07,0.01874022396802766,-0.0010253630430360205,0.05545760540380013,0.03501824825742996,0.02043935714637017,0.05643469148443814,0.03501824825742996,0.021416443227008176,0.1002065274252653,0.06960143526495771,0.030605092160307587,0.14391474641128993,0.07506722471276663,0.0688475216985233
GOOG,5,0.01,2023-02-27,2023-03-06,89.25460815429688,94.68318939208984,hold_days,0.06082129931497127,0.059821299314971266,3,2023-02-24,0.019644317623316088,0.04017698169165518,0.04746806893988913,0.02835196077173521,0.019116108168153918,0.07209061147277353,0.03848079438961265,0.033609817083160874,0.171875018802875,0.049158303833621596,0.1227167149692534,0.171875018802875,0.049158303833621596,0.1227167149692534
GOOG,5,0.01,2023-12-06,2023-12-13,130.19679260253906,132.71298217773438,hold_days,0.019326048859565015,0.018326048859565014,2,2023-12-04,0.029945523036533306,-0.011619474176968292,0.036437195300362935,0.006321503689561201,0.030115691610801736,0.061348477764637935,0.006321503689561201,0.055026974075076736,0.061348477764637935,0.006321503689561201,0.055026974075076736,0.07247732141911808,0.006321503689561201,0.06615581772955688
GOOG,5,0.01,2024-02-01,2024-02-08,141.37100219726562,145.83865356445312,hold_days,0.03160231799837887,0.03060231799837887,1,2024-01-31,0.0030981012529449625,0.027504216745433907,0.07833875377385716,0.0022649805045683756,0.07607377326928878,0.07833875377385716,0.0022649805045683756,0.07607377326928878,0.07833875377385716,0.0022649805045683756,0.07607377326928878,0.07833875377385716,0.0022649805045683756,0.07607377326928878
GOOG,5,0.01,2024-05-31,2024-06-07,172.3277587890625,174.29910278320312,hold_days,0.01143950346707423,0.01043950346707423,1,2024-05-30,0.0058575884440741355,0.004581915023000094,0.022806459528614587,0.00023395506070204023,0.022572504467912546,0.031079536919095194,0.017956930248038218,0.013122606671056976,0.031079536919095194,0.017956930248038218,0.013122606671056976,0.031079536919095194,0.017956930248038218,0.013122606671056976
GOOG,5,0.01,2024-08-07,2024-08-14,159.42291259765625,160.69236755371094,hold_days,0.007962813722130813,0.006962813722130813,1,2024-08-06,0.02953957259032647,-0.022576758868195657,0.07161432960137566,0.048514216302920146,0.023100113298455516,0.07810973645416627,0.048514216302920146,0.029595520151246127,0.16562868777986398,0.0503246173961082,0.11530407038375579,0.16562868777986398,0.0503246173961082,0.11530407038375579
GOOG,5,0.01,2024-10-10,2024-10-17,162.04588317871094,163.3666534423828,hold_days,0.008150594373417475,0.007150594373417475,1,2024-10-09,0.014145603944144991,-0.006995009570727516,0.03191757792680274,0.004113704327494902,0.02780387359930784,0.03191757792680274,0.00560590169043748,0.02631167623636526,0.03191757792680274,0.00560590169043748,0.02631167623636526,0.11005024102333372,0.00560590169043748,0.10444433933289624
GOOG,5,0.01,2025-06-04,2025-06-11,168.59542846679688,178.1652374267578,hold_days,0.056761971822062884,0.055761971822062883,1,2025-06-03,0.0194548117576554,0.036307160064407484,0.023013030300993904,0.0026034621841780144,0.02040956811681589,0.02638232522818717,0.00416211748650462,0.022220207741682547,0.02638232522818717,0.007160957432832812,0.019221367795354355,0.02638232522818717,0.007160957432832812,0.019221367795354355
GOOG,5,0.01,2026-09-10,2026-09-17,330.3900146484375,343.67999267578125,hold_days,0.04022512012502988,0.03922512012502988,1,2026-09-09,0.0007573903351119071,0.03846772978991797,0.024995488016496027,0.024379168274176858,0.0006163197423191685,0.035801101547692143,0.024792800740095117,0.011008300807597026,0.04058586701634737,0.028594006613941406,0.011991860402405966,0.11921004851405717,0.028594006613941406,0.09061604190011577
MO,5,0.01,2016-02-05,2016-02-12,29.25480079650879,29.337976455688477,hold_days,0.0028431456347368655,0.0018431456347368655,1,2016-02-04,-0.0104852515327013,0.012328397167438165,0.021436792535890783,0.033283105539371624,-0.011846313003480841,0.021436792535890783,0.033283105539371624,-0.011846313003480841,0.021436792535890783,0.03720779349858099,-0.01577100096269021,0.021436792535890783,0.10854397114456657,-0.08710717860867578
MO,5,0.01,2016-03-28,2016-04-04,30.422897338867188,31.212722778320312,hold_days,0.02596154569552045,0.02496154569552045,4,2016-03-24,0.012169133127248877,0.012792412568271572,0.001458526281206221,0.008504226868015346,-0.007045700586809124,0.011230616915559204,0.008504226868015346,0.002726390047543858,0.012893486122833381,0.008504226868015346,0.004389259254818036,0.012893486122833381,0.016357487296726054,-0.0034640011738926724
MO,5,0.01,2016-09-20,2016-09-27,31.65079116821289,31.826709747314453,hold_days,0.005558110006369743,0.004558110006369743,1,2016-09-19,0.009943378181808793,-0.00538526817543905,0.00912648621652238,0.0026300929851566113,0.006496393231365768,0.054023316654691456,0.022017757664409072,0.03200555899028239,0.054023316654691456,0.025668935838561825,0.02835438081612963,0.09017304670006364,0.025668935838561825,0.06450411086150182
MO,5,0.01,2016-10-06,2016-10-13,31.05265998840332,31.510051727294922,hold_days,0.014729550996997132,0.01372955099699713,1,2016-10-05,-0.014463319351389559,0.02819287034838669,0.022932130771299422,0.0003592794193854509,0.02257285135191397,0.03649406907091738,0.0010951685320701625,0.03539890053884722,0.06071856121599472,0.0010951685320701625,0.05962339268392456,0.10145075593756989,0.008289763992973754,0.09316099194459614
MO,5,0.01,2017-10-09,2017-10-16,33.11670684814453,34.054420471191406,hold_days,0.028315424820068325,0.027315424820068324,3,2017-10-06,0.0071747255960497025,0.02014069922401862,0.0037612509900595836,0.0019485726568954462,0.0018126783331641374,0.014724184839047008,0.0019485726568954462,0.012775612182151562,0.014724184839047008,0.0019485726568954462,0.012775612182151562,0.131309611889687,0.0019485726568954462,0.12936103923279157
MO,5,0.01,2017-11-07,2017-11-14,33.50221633911133,34.241966247558594,resistance,0.022080625978874835,0.021080625978874834,1,2017-11-06,-0.0018730905620722993,0.022953716540947133,0.00602773034375232,-0.0010272922238885782,0.007055022567640899,0.022495697598914042,-0.0010272922238885782,0.02352298982280262,0.022495697598914042,-0.0010272922238885782,0.02352298982280262,0.022495697598914042,-0.0010272922238885782,0.02352298982280262
MO,5,0.01,2018-01-18,2018-01-25,36.8108024597168,36.747718811035156,hold_days,-0.0017137265277136216,-0.0027137265277136216,2,2018-01-16,0.017122611168717494,-0.019836337696431117,0.0036988067592609035,0.0028907705861558994,0.0008080361731050041,0.006384748023474274,0.0028907705861558994,0.0034939774373183743,0.04382864852460134,0.0028907705861558994,0.04093787793844544,0.04382864852460134,0.0028907705861558994,0.04093787793844544
MO,5,0.01,2018-03-26,2018-04-03,31.66350746154785,33.289180755615234,hold_days,0.05134217351130799,0.050342173511307986,3,2018-03-23,-0.016495968096705615,0.0668381416080136,0.04609468653130826,0.022115733050806063,0.023978953480502194,0.08910291260175494,0.040885180483713264,0.04821773211804168,0.08910291260175494,0.046540503023309775,0.04256240957844517,0.16833307683151316,0.06509018120525802,0.10324289562625515
MO,5,0.01,2019-04-04,2019-04-11,30.66377830505371,31.438791275024414,hold_days,0.025274542564866387,0.024274542564866386,1,2019-04-03,0.0012513671996028375,0.02302317536526355,0.05421795475325654,-0.003043144691745554,0.057261099445002094,0.05421795475325654,-0.003043144691745554,0.057261099445002094,0.05421795475325654,-0.003043144691745554,0.057261099445002094,0.05421795475325654,-0.003043144691745554,0.057261099445002094
MO,5,0.01,2019-05-14,2019-05-21,29.141822814941406,29.130596160888672,hold_days,-0.00038524199821088345,-0.0013852419982108835,1,2019-05-13,0.011987060426996932,-0.013372302425207816,0.01983343585964188,0.01613435901182827,0.00369907684781361,0.04491062470502558,0.041212202403435434,0.0036984223015901485,0.08868957390606959,0.041315983539737144,0.047373590366332444,0.10116057747550897,0.041315983539737144,0.05984459393577182
MO,5,0.01,2019-07-01,2019-07-09,27.20492935180664,27.581432342529297,hold_days,0.013839513635702794,0.012839513635702793,3,2019-06-28,0.0030305232675740257,0.009808990368128767,0.02234520193921305,-0.006076491140244054,0.028421693079457105,0.062328035016578784,-0.002684852478422471,0.06501288749500125,0.07111855206378113,-0.002684852478422471,0.0738034045422036,0.14925926504710882,-0.002684852478422471,0.1519441175255313
MO,5,0.01,2019-11-01,2019-11-08,26.199644088745117,26.984577178955078,hold_days,0.02995968523660797,0.028959685236607968,1,2019-10-31,0.017425703254264846,0.011533981982343122,0.03717913293573273,-0.007815920015801092,0.044995052951533825,0.0404597720419787,-0.007815920015801092,0.0482756920577798,0.0404597720419787,-0.007815920015801092,0.0482756920577798,0.0404597720419787,-0.007815920015801092,0.0482756920577798
MO,5,0.01,2020-04-22,2020-04-29,22.963062286376953,24.578548431396484,hold_days,0.07035151169615261,0.06935151169615261,1,2020-04-21,0.06273568370479765,0.006615827991354961,0.07577585108326668,0.031042025216250862,0.04473382586701581,0.10232654168701283,0.031042025216250862,0.07128451647076196,0.10232654168701283,0.031042025216250862,0.07128451647076196,0.22563349688867507,0.1853741985458286,0.04025929834284647
MO,5,0.01,2021-09-16,2021-09-23,33.22765350341797,33.24127960205078,hold_days,0.0004100830843023484,-0.0005899169156976516,2,2021-09-14,-0.002933206605369554,0.002343289689671902,0.018125566860769864,0.0030556092076203713,0.015069957653149493,0.02658988244334217,0.01611409790815375,0.01047578453518842,0.02658988244334217,0.01611409790815375,0.01047578453518842,0.02658988244334217,0.01611409790815375,0.01047578453518842
MO,5,0.01,2021-10-01,2021-10-08,31.23222541809082,31.824729919433594,hold_days,0.018970934456677302,0.0179709344566773,1,2021-09-30,0.013013818341837347,0.0049571161148399545,0.059089254204961764,0.013611943421722292,0.04547731078323947,0.060438533293887244,0.013611943421722292,0.04682658987216495,0.08504630901328801,0.029850737745284992,0.05519557126800302,0.08504630901328801,0.029850737745284992,0.05519557126800302
MO,5,0.01,2021-12-01,2021-12-08,29.27766227722168,30.31963348388672,hold_days,0.03558928977316955,0.03458928977316955,1,2021-11-30,0.04214799837811767,-0.007558708604948117,0.028254935712902475,0.04255838113645069,-0.014303445423548215,0.03284584541677958,0.04658778427711381,-0.01374193886033423,0.048893842788282266,0.04658778427711381,0.0023060585111684545,0.13960846674136507,0.04658778427711381,0.09302068246425126
MO,5,0.01,2022-11-17,2022-11-25,32.13613510131836,32.92353439331055,hold_days,0.024501990967790155,0.023501990967790154,1,2022-11-16,0.02081153126803925,0.0026904596997509023,0.01599834416915919,0.006889993357829717,0.009108350811329474,0.04858409560265637,0.006889993357829717,0.041694102244826656,0.057007201933649616,0.006889993357829717,0.0501172085758199,0.057007201933649616,0.006889993357829717,0.0501172085758199
MO,5,0.01,2023-03-24,2023-03-31,33.727569580078125,34.22615432739258,hold_days,0.014782706062785866,0.013782706062785866,1,2023-03-23,0.03396543450361933,-0.020182728440833464,0.02803228723214212,0.011630988906014442,0.01640129832612768,0.04192657553128144,0.011630988906014442,0.030295586625267,0.04842327313429623,0.03365719128659927,0.014766081847696962,0.06584332356190103,0.06311099883033415,0.0027323247315668847
MO,5,0.01,2023-05-31,2023-06-07,34.0727424621582,34.594337463378906,hold_days,0.015308277629838551,0.01430827762983855,1,2023-05-30,0.03242509500480417,-0.01811681737496562,0.011790846239828415,0.008455098826284386,0.003335747413544029,0.020290873401165914,0.014850233072210227,0.005440640328955687,0.05849923853245049,0.014850233072210227,0.04364900546024026,0.07032229612557485,0.03336100261251452,0.03696129351306033
MO,5,0.01,2023-10-27,2023-11-03,31.466739654541016,32.56367111206055,hold_days,0.0348600290199188,0.0338600290199188,1,2023-10-26,0.056294786833866794,-0.022434757813947992,0.08220444052004303,0.03351694655637584,0.048687493963667186,0.09006714943780698,0.05664915349305981,0.033417995944747175,0.09006714943780698,0.05664915349305981,0.033417995944747175,0.1088434315852816,0.0890978392604812,0.0197455923248004
MO,5,0.01,2024-05-30,2024-06-06,38.07297134399414,39.12031173706055,hold_days,0.027508764251771956,0.026508764251771955,1,2024-05-29,0.01954225669616605,0.006966507555605905,0.018998341636943517,0.026358073800407885,-0.007359732163464368,0.019210041898239046,0.031002693084497764,-0.011792651186258718,0.019210041898239046,0.031002693084497764,-0.011792651186258718,0.019210041898239046,0.031002693084497764,-0.011792651186258718
MO,5,0.01,2024-06-17,2024-06-25,38.27278137207031,39.74546432495117,hold_days,0.03847859758516403,0.03747859758516403,3,2024-06-14,0.015084243363460592,0.02239435422170344,0.01745607873999092,0.0008089054909384275,0.01664717324905249,0.024589664285317767,0.0008089054909384275,0.02378075879437934,0.024589664285317767,0.011138427847059125,0.013451236438258641,0.024589664285317767,0.011138427847059125,0.013451236438258641
MO,5,0.01,2024-11-08,2024-11-15,47.18720245361328,48.82849884033203,hold_days,0.03478265930963387,0.03378265930963387,1,2024-11-07,-0.014432491929195046,0.04821515123882891,0.004420686164924769,-0.000910023034230661,0.00533070919915543,0.007528358614671614,-0.000910023034230661,0.008438381648902274,0.007528358614671614,-0.000910023034230661,0.008438381648902274,0.007528358614671614,-0.000910023034230661,0.008438381648902274
MO,5,0.01,2025-04-29,2025-05-06,53.247798919677734,54.797122955322266,hold_days,0.029096489753156263,0.028096489753156262,1,2025-04-28,0.00375486461347041,0.024341625139685852,0.0008500074371177024,-0.005794851225306084,0.006644858662423786,0.0008500074371177024,-0.005794851225306084,0.006644858662423786,0.020826306795702423,0.025376661454325024,-0.0045503546586226,0.020826306795702423,0.07058416597684689,-0.04975785918114446
MO,5,0.01,2025-10-17,2025-10-24,60.92929458618164,60.573368072509766,hold_days,-0.005841631945507464,-0.006841631945507464,1,2025-10-16,0.021156382902336235,-0.0279980148478437,0.022392446024473225,-0.0008135307236694635,0.02320597674814269,0.0240059507089137,0.0072268718932444135,0.016779078815669285,0.0240059507089137,0.0072268718932444135,0.016779078815669285,0.0240059507089137,0.0072268718932444135,0.016779078815669285
MO,5,0.01,2025-11-25,2025-12-03,54.64434814453125,54.70991516113281,hold_days,0.0011998865175981699,0.00019988651759816987,1,2025-11-24,0.01673602959671694,-0.01653614307911877,0.010179788432982012,-0.013287666935895039,0.023467455368877052,0.010179788432982012,0.00013370029558135515,0.010046088137400657,0.07806575075786898,0.00013370029558135515,0.07793205046228763,0.1246811738314728,0.00013370029558135515,0.12454747353589145
MO,5,0.01,2025-12-22,2025-12-30,54.897247314453125,55.100738525390625,hold_days,0.003706765291379588,0.002706765291379588,3,2025-12-19,0.004625467752029877,-0.0019187024606502892,0.012135487302758947,0.005219462000181699,0.006916025302577248,0.012135487302758947,0.005223000101058653,0.006912487201700294,0.012135487302758947,0.005223000101058653,0.006912487201700294,0.12063011618193316,0.005223000101058653,0.1154071160808745
MO,5,0.01,2026-03-25,2026-04-01,61.85237503051758,63.50099563598633,hold_days,0.026654119662427256,0.025654119662427255,1,2026-03-24,-0.0006969421938189946,0.02635106185624625,0.0043188762852665345,-0.003648798372493997,0.007967674657760531,0.04479722286992023,0.015704699920243273,0.029092522949676958,0.06960238716434375,0.040586898436610536,0.029015488727733213,0.06960238716434375,0.046818097593767,0.022784289570576752
MO,5,0.01,2026-04-20,2026-04-27,62.657291412353516,64.00527954101562,hold_days,0.021513667416468207,0.020513667416468206,3,2026-04-17,-0.01685493534449578,0.03736860276096399,0.03292910637793784,0.0015836213686893147,0.031345485009248525,0.04224728690144074,0.0015836213686893147,0.04066366553275143,0.04224728690144074,0.0015836213686893147,0.04066366553275143,0.05749465031797413,0.015142834293535391,0.042351816024438736
MO,5,0.01,2026-05-11,2026-05-18,66.5363998413086,71.49195861816406,hold_days,0.07447891362734738,0.07347891362734738,3,2026-05-08,0.01429954391339372,0.059179369713953656,0.0653861940438465,0.010916085550959643,0.05447010849288686,0.07967806573508752,0.011209787822606855,0.06846827791248067,0.07967806573508752,0.011209787822606855,0.06846827791248067,0.07967806573508752,0.021670306513741487,0.05800775922134604
AMZN,5,0.01,2016-01-19,2016-01-26,28.724000930786133,30.0625,hold_days,0.046598629224359644,0.045598629224359644,4,2016-01-15,0.008867694181087904,0.03673093504327174,0.07025521533539257,0.030483611357527765,0.039771603977864806,0.09813339804247267,0.06844000405687611,0.02969339398559656,0.17218324662126358,0.09752235971250098,0.0746608869087626,0.17218324662126358,0.10481386138323887,0.06736938523802471
AMZN,5,0.01,2016-05-18,2016-05-25,34.872501373291016,35.41749954223633,hold_days,0.01562830733337428,0.01462830733337428,1,2016-05-17,0.02388801649960226,-0.00925970916622798,0.028526409843431258,0.007814950019330287,0.02071145982410097,0.028526409843431258,0.014399759572953126,0.014126650270478132,0.028526409843431258,0.02380132466802892,0.004725085175402339,0.028526409843431258,0.02380132466802892,0.004725085175402339
AMZN,5,0.01,2016-08-04,2016-08-11,38.03850173950195,38.5620002746582,hold_days,0.013762333194438314,0.012762333194438313,1,2016-08-03,0.01740115751276128,-0.004638824318322965,0.009078575785442836,0.0032649700390526707,0.005813605746390165,0.009078575785442836,0.003350279127938374,0.005728296657504461,0.009078575785442836,0.006402181721730005,0.0026763940637128314,0.009078575785442836,0.006402181721730005,0.0026763940637128314
AMZN,5,0.01,2016-09-13,2016-09-20,38.050498962402344,39.01100158691406,hold_days,0.025242839140185547,0.024242839140185546,4,2016-09-09,0.005092465811456837,0.01915037332872871,0.035316377554587934,0.026972865082595707,0.008343512471992227,0.035316377554587934,0.027349827346602712,0.007966550207985222,0.035316377554587934,0.03060554396374222,0.004710833590845714,0.035316377554587934,0.03060554396374222,0.004710833590845714
AMZN,5,0.01,2017-02-07,2017-02-14,40.625,41.81949996948242,hold_days,0.029403076171875098,0.028403076171875097,1,2017-02-06,0.02058810069695438,0.007814975474920716,0.032680548328141254,-0.00035808624132995903,0.03303863456947121,0.032680548328141254,-0.00035808624132995903,0.03303863456947121,0.032680548328141254,-0.00035808624132995903,0.03303863456947121,0.032680548328141254,-0.00035808624132995903,0.03303863456947121
AMZN,5,0.01,2018-04-25,2018-05-02,73.00849914550781,78.48400115966797,hold_days,0.07499814512345115,0.07399814512345115,1,2018-04-24,-0.005604242947372384,0.07960238807082354,0.06213587380241714,0.026271965684737348,0.035863908117679796,0.06213587380241714,0.028872869759718926,0.03326300404269822,0.06213587380241714,0.028872869759718926,0.03326300404269822,0.08647455148627584,0.06558242757488172,0.02089212391139411
AMZN,5,0.01,2018-08-21,2018-08-28,94.1709976196289,96.64099884033203,hold_days,0.02622889512841131,0.02522889512841131,1,2018-08-20,0.009977648238368886,0.015251246890042425,0.018873238182734745,-0.0015982479181000033,0.020471486100834747,0.018873238182734745,-0.0006671679537420757,0.01954040613647682,0.018873238182734745,-0.0006671679537420757,0.01954040613647682,0.018873238182734745,-0.0006671679537420757,0.01954040613647682
AMZN,5,0.01,2018-09-19,2018-09-26,96.32099914550781,98.74250030517578,hold_days,0.025139909066037802,0.0241399090660378,2,2018-09-17,0.004463866733842803,0.019676042332195,0.03194975733157977,-0.00314466313187651,0.03509442046345628,0.03428879057789141,-0.00314466313187651,0.037433453709767917,0.055449620320252684,-0.00314466313187651,0.05859428345212919,0.055449620320252684,-0.00314466313187651,0.05859428345212919
AMZN,5,0.01,2018-11-23,2018-11-30,75.10299682617188,84.50849914550781,hold_days,0.12523471388372487,0.12423471388372487,3,2018-11-20,0.05795881133060554,0.06627590255311933,0.07248188617115238,0.039492716040150096,0.032989170131002284,0.14408148593971748,0.06081448112667084,0.08326700481304664,0.1571735711810709,0.06293475058511812,0.09423882059595277,0.26351922429621194,0.09754071553704885,0.1659785087591631
AMZN,5,0.01,2019-05-14,2019-05-21,92.00599670410156,92.8759994506836,hold_days,0.009455935240612945,0.008455935240612944,1,2019-05-13,0.011987060426996932,-0.0035311251863839876,0.04210313606629543,0.01613435901182827,0.02596877705446716,0.06234016821787242,0.041212202403435434,0.02112796581443699,0.06234016821787242,0.041315983539737144,0.02102418467813528,0.06234016821787242,0.041315983539737144,0.02102418467813528
AMZN,5,0.01,2019-09-12,2019-09-19,92.17749786376953,91.07499694824219,hold_days,-0.011960629666437073,-0.012960629666437073,2,2019-09-10,-0.0013720941217547633,-0.01158853554468231,-0.0015373847862901685,-0.0031095317031380487,0.0015721469168478801,-0.0015373847862901685,-0.0031095317031380487,0.0015721469168478801,-0.0015373847862901685,-0.0031095317031380487,0.0015721469168478801,0.08779857090653209,0.0016117649933934995,0.0861868059131386
AMZN,5,0.01,2019-12-11,2019-12-18,87.43599700927734,89.20149993896484,hold_days,0.020191945995654104,0.019191945995654103,1,2019-12-10,0.01705512761718575,0.0021368183784683525,0.006798506403319982,-9.887068302299277e-05,0.006897377086342974,0.03837759476654516,0.00017235440686930344,0.03820524035967586,0.03837759476654516,0.00017235440686930344,0.03820524035967586,0.04050923522788846,0.00017235440686930344,0.04033688082101916
AMZN,5,0.01,2021-01-19,2021-01-26,156.03799438476562,166.30650329589844,hold_days,0.06580774734781736,0.06480774734781736,4,2021-01-15,-0.002623554103827752,0.06743130145164511,0.014255077218134434,0.0033469155888029268,0.010908161629331507,0.030371271220720142,0.0033469155888029268,0.027024355631917216,0.06057803340765218,0.0033469155888029268,0.05723111781884925,0.06057803340765218,0.0033469155888029268,0.05723111781884925
AMZN,5,0.01,2021-04-23,2021-04-30,167.04400634765625,173.37100219726562,hold_days,0.03787622188874873,0.03687622188874873,1,2021-04-22,0.0023957820216882197,0.03448043986706051,0.017226330056193014,0.0028681481492262516,0.014358181906966761,0.017388197954963235,0.0028681481492262516,0.014520049805736982,0.017388197954963235,0.0028681481492262516,0.014520049805736982,0.017388197954963235,0.0028681481492262516,0.014520049805736982
AMZN,5,0.01,2021-05-13,2021-05-20,158.07350158691406,162.38400268554688,hold_days,0.027268967001801814,0.026268967001801813,1,2021-05-12,0.002488604098606295,0.023780362903195518,0.043824467688906535,0.021587832542202538,0.022236635146703997,0.08925739193931422,0.021587832542202538,0.06766955939711168,0.08925739193931422,0.021587832542202538,0.06766955939711168,0.08925739193931422,0.021587832542202538,0.06766955939711168
AMZN,5,0.01,2021-08-20,2021-08-27,159.99749755859375,167.48150634765625,hold_days,0.046775786517046836,0.045775786517046835,1,2021-08-19,0.019146019713187856,0.02662976680385898,0.030021285590460058,0.018015183458415827,0.01200610213204423,0.043346049371486256,0.018015183458415827,0.02533086591307043,0.13510657339381058,0.018015183458415827,0.11709138993539475,0.1424287262604886,0.018015183458415827,0.12441354280207279
AMZN,5,0.01,2021-09-15,2021-09-22,173.7895050048828,169.00250244140625,hold_days,-0.027544831106700363,-0.028544831106700363,1,2021-09-14,-0.02025086528738229,-0.008293965819318072,0.014100065112248079,0.0031354672301573292,0.01096459788209075,0.014100065112248079,0.013098512636351147,0.0010015524758969323,0.014100065112248079,0.013098512636351147,0.0010015524758969323,0.0685048863653836,0.013098512636351147,0.055406373729032454
AMZN,5,0.01,2022-04-01,2022-04-08,163.55999755859375,154.4604949951172,hold_days,-0.05563403460076943,-0.056634034600769434,1,2022-03-31,-0.003031563759475775,-0.05360247084129366,0.03398992882986903,0.012400982062991506,0.021588946766877525,0.03398992882986903,0.012400982062991506,0.021588946766877525,0.03398992882986903,0.012400982062991506,0.021588946766877525,0.03398992882986903,0.013389876024477238,0.020600052805391792
AMZN,5,0.01,2023-08-10,2023-08-17,138.55999755859375,133.97999572753906,hold_days,-0.03305428631461915,-0.03405428631461915,1,2023-08-09,-0.017606999257448464,-0.01644728705717069,0.025734802634614126,0.00551477617518911,0.020220026459425017,0.025734802634614126,0.011501336374761535,0.014233466259852591,0.025734802634614126,0.011501336374761535,0.014233466259852591,0.025734802634614126,0.011501336374761535,0.014233466259852591
AMZN,5,0.01,2023-10-05,2023-10-10,125.95999908447266,129.47999572753906,resistance,0.02794535303787815,0.02694535303787815,2,2023-10-03,0.02448402108027703,0.0024613319576011206,0.027035435253222693,0.018179469745384265,0.008855965507838428,0.04045101710339675,0.0297776129287803,0.010673404174616447,0.13041081272404925,0.06065288490626985,0.0697579278177794,0.13041081272404925,0.06842456763903555,0.0619862450850137
AMZN,5,0.01,2024-02-21,2024-02-28,168.58999633789062,173.16000366210938,hold_days,0.027107227139737677,0.026107227139737677,1,2024-02-20,0.009483458371729148,0.01662376876800853,0.01397823984892924,0.003928479941577582,0.010049759907351657,0.03359129098804269,0.004798080444855473,0.028793210543187217,0.03359129098804269,0.004798080444855473,0.028793210543187217,0.03359129098804269,0.004798080444855473,0.028793210543187217
AMZN,5,0.01,2024-08-06,2024-08-13,161.92999267578125,170.22999572753906,hold_days,0.05125673702941613,0.05025673702941613,1,2024-08-05,0.02318018801472843,0.0270765490146877,0.13397156714165204,0.0457085813799361,0.08826298576171593,0.13397156714165204,0.0457085813799361,0.08826298576171593,0.18949898334562576,0.047524320781503204,0.14197466256412256,0.19035003662109376,0.047524320781503204,0.14282571583959056
AMZN,5,0.01,2025-07-09,2025-07-16,222.5399932861328,223.19000244140625,hold_days,0.0029208644508120774,0.0019208644508120773,1,2025-07-08,-0.002676966096873179,0.004597830547685256,0.004161667917349763,0.006996899202623178,-0.002835231285273415,0.004161667917349763,0.006996899202623178,-0.002835231285273415,0.004161667917349763,0.006996899202623178,-0.002835231285273415,0.004161667917349763,0.006996899202623178,-0.002835231285273415
AMZN,5,0.01,2025-08-05,2025-08-12,213.75,221.47000122070312,hold_days,0.03611696477521931,0.035116964775219306,1,2025-08-04,0.015148928299864695,0.01996803647535461,0.08696766715334975,0.014235971570464656,0.07273169558288509,0.08696766715334975,0.016620957052097346,0.0703467101012524,0.08696766715334975,0.016620957052097346,0.0703467101012524,0.08696766715334975,0.016620957052097346,0.0703467101012524
AMZN,5,0.01,2025-11-07,2025-11-14,244.41000366210938,234.69000244140625,hold_days,-0.03976924460972875,-0.04076924460972875,1,2025-11-06,0.01462038892419426,-0.05538963353392301,0.03775589109405758,0.00756793928188144,0.03018795181217614,0.03775589109405758,0.013974120752866236,0.023781770341191347,0.03775589109405758,0.013974120752866236,0.023781770341191347,0.03775589109405758,0.013974120752866236,0.023781770341191347
AMZN,5,0.01,2026-03-30,2026-04-07,200.9499969482422,213.77000427246094,hold_days,0.06379700183583847,0.06279700183583847,3,2026-03-27,0.02065483120629663,0.04214217062954184,0.05082428522222615,0.01903454212925072,0.03178974309297543,0.06621747305799112,0.030335420947896076,0.03588205211009505,0.0821686548486206,0.057195079796075195,0.024973575052545403,0.18768698770365408,0.06496147867195778,0.1227255090316963
AMZN,5,0.01,2026-06-12,2026-06-22,238.5500030517578,232.7899932861328,hold_days,-0.024145921995126773,-0.025145921995126774,2,2026-06-10,-0.013619678100847521,-0.011526243894279253,0.030402779192179125,-0.0027123423646895424,0.03311512155686867,0.11857083158366195,0.004388418938304264,0.1141824126453577,0.12937955090599337,0.004388418938304264,0.12499113196768911,0.1325138676922722,0.004388418938304264,0.12812544875396792
AMZN,5,0.01,2026-08-20,2026-08-27,260.1099853515625,256.260009765625,hold_days,-0.014801337137188009,-0.01580133713718801,2,2026-08-18,-0.0016439520796220908,-0.014157385057565919,0.02155436001076794,0.007277309776612866,0.014277050234155073,0.0646553677697981,0.007277309776612866,0.05737805799318524,0.08418422852962795,0.007277309776612866,0.07690691875301509,0.08418422852962795,0.007277309776612866,0.07690691875301509
AXP,5,0.01,2015-09-30,2015-10-05,63.449100494384766,66.16233825683594,resistance,0.042762430693423115,0.041762430693423114,1,2015-09-29,0.03581992932195832,0.005942501371464792,0.019833103860865432,0.005190877928589227,0.014642225932276206,0.04125743476777724,0.03367933568710127,0.007578099080675971,0.04125743476777724,0.03367933568710127,0.007578099080675971,0.08864041034192091,0.08868669262186751,-4.628227994660228e-05
AXP,5,0.01,2016-05-06,2016-05-13,55.93624496459961,55.59808349609375,hold_days,-0.006045480327109387,-0.007045480327109387,1,2016-05-05,-0.003005227114276421,-0.004040253212832966,0.017813896163919273,0.013362299149443105,0.004451597014476168,0.02597009906729055,0.020825660648193772,0.005144438419096779,0.02597009906729055,0.022940986815361906,0.003029112251928645,0.02597009906729055,0.022940986815361906,0.003029112251928645
AXP,5,0.01,2016-08-12,2016-08-19,56.97600173950195,57.106712341308594,hold_days,0.002294134334035247,0.0012941343340352471,2,2016-08-10,0.0038200642849954836,-0.0025259299509602364,0.006835953669198332,0.000931425024592942,0.00590452864460539,0.006835953669198332,0.000931425024592942,0.00590452864460539,0.006835953669198332,0.000931425024592942,0.00590452864460539,0.010553994797827553,0.000931425024592942,0.009622569773234611
AXP,5,0.01,2016-08-29,2016-09-06,57.09800720214844,57.30714797973633,resistance,0.0036628384743351283,0.0026628384743351283,3,2016-08-26,-0.00038741187216639883,0.003050250346501527,0.002436076972354605,0.0033472637014579348,-0.0009111867291033298,0.002436076972354605,0.0033472637014579348,-0.0009111867291033298,0.0047092435586776294,0.0033472637014579348,0.0013619798572196947,0.006190436510926965,0.0033472637014579348,0.0028431728094690306
AXP,5,0.01,2016-09-15,2016-09-22,55.62522888183594,56.32240295410156,hold_days,0.01253341489608295,0.01153341489608295,1,2016-09-14,0.016273013602447373,-0.004739598706364423,0.03638290870305927,0.01593214971484393,0.02045075898821534,0.03638290870305927,0.019438790505801697,0.016944118197257572,0.03638290870305927,0.02309959694128042,0.013283311761778847,0.03638290870305927,0.02309959694128042,0.013283311761778847
AXP,5,0.01,2016-11-21,2016-11-29,62.65793228149414,62.61410903930664,hold_days,-0.0006994045381296665,-0.0016994045381296665,3,2016-11-18,0.005323390694040864,-0.00702279523217053,0.012832444223089252,-0.004690798380582561,0.017523242603671812,0.012832444223089252,-0.004690798380582561,0.017523242603671812,0.012832444223089252,-0.004690798380582561,0.017523242603671812,0.012832444223089252,-0.004690798380582561,0.017523242603671812
AXP,5,0.01,2017-01-25,2017-01-30,67.63091278076172,67.97391510009766,resistance,0.005071679580132882,0.004071679580132882,2,2017-01-23,-0.007724684547992244,0.011796364128125125,0.00774271325734383,-0.008108141581661085,0.015850854839004915,0.00774271325734383,-0.008108141581661085,0.015850854839004915,0.00774271325734383,-0.008108141581661085,0.015850854839004915,0.00774271325734383,-0.008108141581661085,0.015850854839004915
AXP,5,0.01,2017-03-24,2017-03-31,68.78314971923828,69.58358764648438,hold_days,0.011637122325938165,0.010637122325938164,3,2017-03-21,0.008398982908552455,0.0022381394173857094,0.013249242223418388,0.01549676052914276,-0.0022475183057243716,0.019681730614385898,0.017640393724955142,0.002041336889430756,0.0454103105760132,0.022572781868461657,0.02283752870755154,0.0454103105760132,0.022572781868461657,0.02283752870755154
AXP,5,0.01,2017-08-14,2017-08-21,75.77127838134766,75.62057495117188,hold_days,-0.0019889255321430266,-0.0029889255321430266,3,2017-08-11,-0.01762906042659762,0.014640134894454593,0.005468798896066084,0.004972853313741047,0.0004959455823250365,0.005815555156028457,0.004972853313741047,0.0008427018422874095,0.005815555156028457,0.004972853313741047,0.0008427018422874095,0.005815555156028457,0.004972853313741047,0.0008427018422874095
AXP,5,0.01,2017-11-16,2017-11-24,83.26347351074219,83.19227600097656,hold_days,-0.0008550869518605397,-0.0018550869518605398,1,2017-11-15,0.008227062014024566,-0.010082148965885107,0.0036208695747441152,-0.0023749322695687655,0.00599580184431288,0.029762228620827853,0.0013464840313938127,0.02841574458943404,0.029762228620827853,0.0013464840313938127,0.02841574458943404,0.029762228620827853,0.0013464840313938127,0.02841574458943404
AXP,5,0.01,2018-05-04,2018-05-11,88.16487121582031,90.91694641113281,hold_days,0.031215099135977198,0.030215099135977197,1,2018-05-03,0.029435577529314916,0.0007795216066622812,0.012649357133983493,0.0027211025249640622,0.00992825460901943,0.02420870479819493,0.010183798588456064,0.014024906209738867,0.0392693424642524,0.022636970681998332,0.016632371782254067,0.0392693424642524,0.04761782263674885,-0.008348480172496453
AXP,5,0.01,2018-10-30,2018-11-06,92.16859436035156,94.78700256347656,hold_days,0.028408898077449285,0.027408898077449284,1,2018-10-29,0.03248865547338409,-0.005079757395934803,0.022034559783591125,0.021521260468481084,0.0005132993151100405,0.04356786766937199,0.049195824272829765,-0.005627956603457773,0.05533956167247452,0.08732245979018602,-0.031982898117711496,0.07795479699312163,0.08732245979018602,-0.009367662797064386
AXP,5,0.01,2019-03-28,2019-04-04,98.96456146240234,100.18827819824219,hold_days,0.012365201419143768,0.011365201419143767,1,2019-03-27,0.023879088077048305,-0.012513886657904538,0.02378795154899313,0.011346415653403158,0.012441535895589972,0.03866097597290356,0.011346415653403158,0.027314560319500407,0.03866097597290356,0.011346415653403158,0.027314560319500407,0.03866097597290356,0.011346415653403158,0.027314560319500407
AXP,5,0.01,2019-04-12,2019-04-16,100.90706634521484,101.78955078125,resistance,0.00874551672145607,0.00774551672145607,1,2019-04-11,0.0005395644348400452,0.007205952286616025,0.00045042148038879233,-0.00728623702346443,0.007736658503853223,0.0035572144907068,-0.00728623702346443,0.01084345151417123,0.01979153704834182,-0.00728623702346443,0.02707777407180625,0.01979153704834182,-0.00728623702346443,0.02707777407180625
AXP,5,0.01,2019-07-22,2019-07-29,114.99458312988281,116.08062744140625,hold_days,0.009444308435787585,0.008444308435787584,3,2019-07-19,0.012171238633146508,-0.003726930197358924,0.019989010403835474,0.004905643970000498,0.015083366433834976,0.019989010403835474,0.004970438102029007,0.015018572301806466,0.019989010403835474,0.004970438102029007,0.015018572301806466,0.019989010403835474,0.004970438102029007,0.015018572301806466
AXP,5,0.01,2021-08-05,2021-08-12,159.62734985351562,158.58277893066406,hold_days,-0.006543809214461849,-0.007543809214461849,1,2021-08-04,0.013988588236643507,-0.021532397451105356,0.013492210555697793,0.0016241319263045823,0.01186807862939321,0.02049854928733998,0.0016241319263045823,0.018874417361035397,0.022868491184337408,0.0016241319263045823,0.021244359258032825,0.022868491184337408,0.0016241319263045823,0.021244359258032825
AXP,5,0.01,2021-09-14,2021-09-21,150.07582092285156,153.64239501953125,hold_days,0.02376514800817331,0.022765148008173308,4,2021-09-10,-0.020086559608844645,0.04285170761701795,0.012202135130097188,0.013636390108371439,-0.001434254978274251,0.03904581171104689,0.023112858788115982,0.015932952922930906,0.05437318447184229,0.023112858788115982,0.03126032568372631,0.08133654120258857,0.023112858788115982,0.05822368241447259
AXP,5,0.01,2022-03-08,2022-03-15,151.36558532714844,166.48797607421875,hold_days,0.09990640021895403,0.09890640021895403,1,2022-03-07,0.01874022396802766,0.08016617625092637,0.11236209925006331,0.03501824825742996,0.07734385099263336,0.17729013087694337,0.03501824825742996,0.1422718826195134,0.19321514406507895,0.06960143526495771,0.12361370880012124,0.19321514406507895,0.07506722471276663,0.11814791935231232
AXP,5,0.01,2023-09-08,2023-09-15,152.0415802001953,158.14524841308594,hold_days,0.040144730177454235,0.039144730177454234,1,2023-09-07,0.005671721164953736,0.0334730090125005,0.01606253073509459,0.01387393076159217,0.002188599973502422,0.017536198303104402,0.01387393076159217,0.003662267541512233,0.05208339180003655,0.014458165326258716,0.037625226473777834,0.11576049439050577,0.023325400096201408,0.09243509429430437
AXP,5,0.01,2023-10-04,2023-10-11,141.6112518310547,146.92538452148438,hold_days,0.03752620375653182,0.036526203756531817,1,2023-10-03,0.023777244200127834,0.012748959556403983,0.023963115902339047,0.016306182135329236,0.007656933767009811,0.0674169226321522,0.043544342736772684,0.02387257989537951,0.104549436343755,0.05886063544924364,0.04568880089451137,0.17642092943945523,0.06664714634716168,0.10977378309229355
AXP,5,0.01,2023-10-30,2023-11-06,138.93475341796875,148.36062622070312,hold_days,0.06784388046076395,0.06684388046076395,3,2023-10-27,0.039848245512592584,0.026995634948171365,0.009129168776499419,0.016510984262964375,-0.007381815486464957,0.07202533730346386,0.04278624512058147,0.02923909218288239,0.07202533730346386,0.04278624512058147,0.02923909218288239,0.13836458406573665,0.07571177697264544,0.0626528070930912
AXP,5,0.01,2024-08-07,2024-08-14,223.94821166992188,238.59097290039062,hold_days,0.06538458655812263,0.06438458655812263,2,2024-08-05,0.02953957259032647,0.03484501396779616,0.09579507841968508,0.048514216302920146,0.04728086211676494,0.09579507841968508,0.048514216302920146,0.04728086211676494,0.09579507841968508,0.0503246173961082,0.04547046102357689,0.09579507841968508,0.0503246173961082,0.04547046102357689
AXP,5,0.01,2024-09-10,2024-09-17,240.2157745361328,259.7720642089844,hold_days,0.0814113465721209,0.0804113465721209,4,2024-09-06,0.01875379798210819,0.06165754859001271,0.03495730808253348,0.00980500219702401,0.02515230588550947,0.05549549618734171,0.02495724670902959,0.03053824947831212,0.05549549618734171,0.02495724670902959,0.03053824947831212,0.05549549618734171,0.02495724670902959,0.03053824947831212
AXP,5,0.01,2024-11-20,2024-11-27,282.3448486328125,298.576416015625,hold_days,0.05748844882918891,0.05648844882918891,2,2024-11-18,0.027416972397994233,0.029071476431194676,0.002046522384303746,0.006637176591458581,-0.0045906542071548345,0.025240621924204173,0.011049045893888214,0.014191576030315959,0.025240621924204173,0.011049045893888214,0.014191576030315959,0.025240621924204173,0.011049045893888214,0.014191576030315959
AXP,5,0.01,2025-01-13,2025-01-21,292.1665344238281,312.75457763671875,hold_days,0.0704668084368103,0.0694668084368103,3,2025-01-10,0.03750764888225233,0.03195915955455797,0.01999469344076932,0.00281943729991522,0.017175256140854103,0.020631195212549556,0.01331406150330838,0.007317133709241176,0.020631195212549556,0.03146105157231815,-0.010829856359768592,0.02569508572898694,0.03500606960932593,-0.009310983880338991
AXP,5,0.01,2025-09-12,2025-09-19,321.8671875,337.5098571777344,hold_days,0.048599765012500296,0.047599765012500295,2,2025-09-10,0.014574281601714478,0.033025483410785816,0.012176693839834845,0.006547416589486683,0.005629277250348162,0.01802095210110369,0.006547416589486683,0.01147353551161701,0.01802095210110369,0.006547416589486683,0.01147353551161701,0.01802095210110369,0.006547416589486683,0.01147353551161701
AXP,5,0.01,2025-11-19,2025-11-26,341.8566589355469,361.0304870605469,hold_days,0.05608733258173859,0.05508733258173859,1,2025-11-18,0.022567968789134474,0.03251936379260412,0.07546195914801221,0.01945682685002125,0.05600513229799096,0.07546195914801221,0.01945682685002125,0.05600513229799096,0.07546195914801221,0.01945682685002125,0.05600513229799096,0.07546195914801221,0.01945682685002125,0.05600513229799096
AXP,5,0.01,2026-01-02,2026-01-09,370.54107666015625,373.40411376953125,hold_days,0.007726638933477359,0.006726638933477359,2,2025-12-31,0.028554354288202966,-0.021827715354725608,0.024932779821209825,0.0027391966578398483,0.022193583163369977,0.024932779821209825,0.0027391966578398483,0.022193583163369977,0.029442172790274317,0.0027391966578398483,0.02670297613243447,0.029442172790274317,0.0027391966578398483,0.02670297613243447
AXP,5,0.01,2026-04-28,2026-05-05,315.0376281738281,315.0874938964844,hold_days,0.000158284973592826,-0.000841715026407174,4,2026-04-24,0.013963844280235227,-0.014805559306642402,0.051066360208142744,0.008409422173785246,0.042656938034357494,0.051066360208142744,0.016017136660549002,0.03504922354759374,0.051066360208142744,0.016017136660549002,0.03504922354759374,0.12748163897140205,0.02938033206075808,0.09810130691064398
AXP,5,0.01,2026-08-18,2026-08-25,338.5199890136719,335.95001220703125,hold_days,-0.007591802227480349,-0.00859180222748035,1,2026-08-17,0.007206092044206969,-0.01579789427168732,0.0161590263182192,0.0030918888897226307,0.013067137428496571,0.030000863960802062,0.0048985378386817,0.025102326122120364,0.03497824690659258,0.0048985378386817,0.03007970906791088,0.06374980735024847,0.0048985378386817,0.05885126951156677
AEP,5,0.01,2015-11-09,2015-11-16,37.37077331542969,38.5928840637207,hold_days,0.03270231359612863,0.03170231359612863,3,2015-11-06,-0.010042277063099014,0.04174459065922764,0.03366152165311981,0.010688323487234126,0.02297319816588568,0.04920452781932513,0.010688323487234126,0.038516204332091006,0.07089729108399319,0.010688323487234126,0.06020896759675906,0.07089729108399319,0.010688323487234126,0.06020896759675906
AEP,5,0.01,2015-11-27,2015-12-04,38.407508850097656,38.33884811401367,hold_days,-0.0017876904318883113,-0.0027876904318883114,2,2015-11-25,0.0009140012804234043,-0.0037016917123117157,0.010612021730121855,-0.0006075644107790793,0.011219586140900933,0.010612021730121855,-0.0006075644107790793,0.011219586140900933,0.010612021730121855,0.0003858861058742768,0.010226135624247578,0.045122234583040516,0.0003858861058742768,0.04473634847716624
AEP,5,0.01,2016-05-24,2016-06-01,44.462337493896484,45.3427734375,hold_days,0.0198018366381294,0.0188018366381294,1,2016-05-23,0.013007714496353184,0.0057941221417762145,0.013641252698504578,-0.013172041601414986,0.026813294299919563,0.03488552719328447,-1.4962762416165794e-05,0.034900489955700637,0.03488552719328447,0.007379729633888906,0.027505797559395567,0.04220741868545777,0.00952410326336628,0.03268331542209149
AEP,5,0.01,2016-09-13,2016-09-20,44.959190368652344,45.80467987060547,hold_days,0.018805710134465414,0.017805710134465413,4,2016-09-09,0.005092465811456837,0.012713244323008577,0.03464458152100596,0.026972865082595707,0.007671716438410255,0.03464458152100596,0.027349827346602712,0.007294754174403249,0.05326400220807403,0.03060554396374222,0.022658458244331808,0.09722104238505345,0.03060554396374222,0.06661549842131123
AEP,5,0.01,2016-11-15,2016-11-22,42.28879928588867,42.08254623413086,hold_days,-0.004877250128656141,-0.005877250128656141,1,2016-11-14,0.0067380589960674975,-0.01261530912472364,0.059623686775663716,-0.005895479583425038,0.06551916635908875,0.059623686775663716,-0.005895479583425038,0.06551916635908875,0.07433730070591064,-0.005895479583425038,0.08023278028933568,0.09961071069461298,-0.005895479583425038,0.10550619027803802
AEP,5,0.01,2017-01-27,2017-01-31,44.7851676940918,45.560386657714844,resistance,0.017309725597506542,0.01630972559750654,2,2017-01-25,-0.0085042377662079,0.024813963363714442,-0.0009537063633085818,0.000474961788633354,-0.0014286681519419357,0.013164239888541223,0.000474961788633354,0.012689278099907868,0.013164239888541223,0.000474961788633354,0.012689278099907868,0.019694105387265553,0.000474961788633354,0.0192191435986322
AEP,5,0.01,2017-04-04,2017-04-11,48.30339050292969,48.375179290771484,hold_days,0.0014862059804567895,0.0004862059804567895,4,2017-03-31,-0.0034448380421615576,0.003931044022618347,0.008107508539908995,0.0021388339326337954,0.0059686746072752,0.008107508539908995,0.0021388339326337954,0.0059686746072752,0.008107508539908995,0.008595313432738809,-0.0004878048928298132,0.008107508539908995,0.013573116561252247,-0.005465608021343252
AEP,5,0.01,2017-08-14,2017-08-16,51.8748779296875,52.58308792114258,resistance,0.013652272925152698,0.012652272925152697,3,2017-08-11,0.0022050463671789977,0.010447226557973699,0.004344332997535587,0.004972853313741047,-0.0006285203162054599,0.004344332997535587,0.004972853313741047,-0.0006285203162054599,0.004344332997535587,0.004972853313741047,-0.0006285203162054599,0.014145048624012438,0.004972853313741047,0.00917219531027139
AEP,5,0.01,2017-12-06,2017-12-13,56.485694885253906,56.323753356933594,hold_days,-0.0028669476165475993,-0.0038669476165475994,1,2017-12-05,0.01623888708769705,-0.02010583470424465,0.011593234526383805,0.004176336883499202,0.007416897642884604,0.011593234526383805,0.004176336883499202,0.007416897642884604,0.011593234526383805,0.004176336883499202,0.007416897642884604,0.011593234526383805,0.004176336883499202,0.007416897642884604
AEP,5,0.01,2018-06-13,2018-06-20,47.60952377319336,50.190311431884766,hold_days,0.05420738235034661,0.05320738235034661,2,2018-06-11,-0.012593091280271307,0.06580047363061792,0.010756203862097259,0.004697844824304801,0.006058359037792458,0.06676465703657171,0.004697844824304801,0.06206681221226691,0.06676465703657171,0.004697844824304801,0.06206681221226691,0.09212601025619538,0.004697844824304801,0.08742816543189058
AEP,5,0.01,2018-09-27,2018-10-04,52.797489166259766,53.40293884277344,hold_days,0.011467395250692736,0.010467395250692735,1,2018-09-26,0.0004913170833551472,0.009976078167337588,0.022968719711634642,0.001756809464033004,0.021211910247601638,0.043990456029678784,0.001756809464033004,0.04223364656564578,0.04959099344387812,0.001756809464033004,0.04783418397984512,0.04959099344387812,0.001756809464033004,0.04783418397984512
AEP,5,0.01,2019-02-19,2019-02-26,61.67513656616211,61.93701934814453,hold_days,0.004246164606404923,0.003246164606404923,4,2019-02-15,0.012888794974555307,-0.009642630368150384,0.0027398526022339,0.0004212917639531758,0.0023185608382807242,0.0027398526022339,0.0004212917639531758,0.0023185608382807242,0.0027398526022339,0.0004212917639531758,0.0023185608382807242,0.0027398526022339,0.005069288485824586,-0.0023294358835906862
AEP,5,0.01,2019-04-08,2019-04-15,64.03956604003906,64.89447784423828,hold_days,0.013349743870292752,0.012349743870292751,4,2019-04-04,0.005671720800547453,0.006678023069745298,0.005025609306380095,-0.0006543255460942769,0.005679934852474372,0.032914659825086214,-0.0006543255460942769,0.03356898537118049,0.032914659825086214,-0.0006543255460942769,0.03356898537118049,0.032914659825086214,-0.0006543255460942769,0.03356898537118049
AEP,5,0.01,2019-05-31,2019-06-07,66.86200714111328,69.51721954345703,hold_days,0.03971182613079338,0.03871182613079338,1,2019-05-30,0.04438320718236999,-0.005671381051576607,0.024578053905811748,0.027075889662149744,-0.002497835756337996,0.024578053905811748,0.042809966497337676,-0.01823191259152593,0.024578053905811748,0.06335250193771519,-0.03877444803190344,0.024578053905811748,0.06714558688610572,-0.042567532980293976
AEP,5,0.01,2019-08-02,2019-08-09,68.86506652832031,70.37649536132812,hold_days,0.02194768565839178,0.02094768565839178,2,2019-07-31,-0.005961842098016201,0.02690952775640798,0.011588992428259217,0.030446775786939922,-0.018857783358680706,0.01750091215213043,0.030446775786939922,-0.012945863634809492,0.0333477123634242,0.030446775786939922,0.0029009365764842802,0.0333477123634242,0.030446775786939922,0.0029009365764842802
AEP,5,0.01,2019-10-30,2019-11-06,73.6070785522461,71.94876098632812,hold_days,-0.02252932188771628,-0.02352932188771628,1,2019-10-29,0.0162531399250041,-0.03978246181272038,0.016924426340457974,-0.0018804610075262068,0.01880488734798418,0.016924426340457974,-0.0018804610075262068,0.01880488734798418,0.016924426340457974,-0.0018804610075262068,0.01880488734798418,0.016924426340457974,-0.0018804610075262068,0.01880488734798418
AEP,5,0.01,2020-04-16,2020-04-23,66.70660400390625,65.88911437988281,hold_days,-0.012255002877609611,-0.013255002877609612,3,2020-04-13,0.01187910913696899,-0.025134112014578602,0.02618454268073663,0.026670153091733102,-0.00048561041099647387,0.02618454268073663,0.026670153091733102,-0.00048561041099647387,0.04791560769022701,0.026670153091733102,0.02124545459849391,0.1943832735096948,0.19208983663604937,0.0022934368736454436
AEP,5,0.01,2020-11-02,2020-11-09,73.65779113769531,73.47261047363281,hold_days,-0.0025140675711592397,-0.0035140675711592398,3,2020-10-30,0.07827295617278374,-0.08178702374394298,0.025216021576259573,0.019012083605364317,0.006203937970895256,0.025216021576259573,0.03851080236571496,-0.013294780789455389,0.025216021576259573,0.05330761735325101,-0.02809159577699144,0.025216021576259573,0.06370914003708975,-0.03849311846083017
AEP,5,0.01,2020-12-24,2021-01-04,66.27674865722656,66.37442779541016,hold_days,0.001473807031313168,0.0004738070313131679,1,2020-12-23,-0.0005101607513938733,0.0009839677827070412,0.029096505864353552,0.005896390826682771,0.02320011503767078,0.03404903039917662,0.005896390826682771,0.02815263957249385,0.05182279890550095,0.005896390826682771,0.045926408078818176,0.12289641414431567,0.005896390826682771,0.1170000233176329
AEP,5,0.01,2021-10-01,2021-10-08,67.98440551757812,69.82227325439453,hold_days,0.027033666365460896,0.026033666365460895,1,2021-09-30,0.013013818341837347,0.013019848023623548,0.009614380046760403,0.013611943421722292,-0.003997563374961889,0.032342725118437096,0.013611943421722292,0.018730781696714806,0.10502586890816666,0.029850737745284992,0.07517513116288167,0.10649984778860304,0.029850737745284992,0.07664911004331805
AEP,5,0.01,2022-07-07,2022-07-14,81.03196716308594,80.81764221191406,hold_days,-0.0026449432079135304,-0.0036449432079135305,2,2022-07-05,-0.028050091187418857,0.024405147979505326,0.03501793721769381,-0.010905119995998943,0.045923057213692754,0.03501793721769381,0.008262887452747726,0.02675504976494609,0.07722356860477987,0.0786797345106266,-0.0014561659058467263,0.08738057285503731,0.11708873740198604,-0.02970816454694873
AEP,5,0.01,2022-07-21,2022-07-28,79.54884338378906,83.68961334228516,resistance,0.052053176166479975,0.051053176166479974,1,2022-07-20,0.020335970668885484,0.03071720549759449,0.025519919706017403,-0.005565977919162178,0.031085897625179583,0.025519919706017403,-0.005565977919162178,0.031085897625179583,0.0526799525187288,-0.005565977919162178,0.058245930437890975,0.10408419762478849,0.06576748925988188,0.03831670836490661
AEP,5,0.01,2022-09-02,2022-09-12,87.34518432617188,90.87908172607422,hold_days,0.04045898382566526,0.03945898382566526,2,2022-08-31,0.03717761743082182,0.0022813663948434426,0.017876294620606355,0.026806183960334098,-0.008929889339727742,0.03668779358030717,0.06111260318574636,-0.02442480960543919,0.03668779358030717,0.07208651879078187,-0.035398725210474706,0.03668779358030717,0.07208651879078187,-0.035398725210474706
AEP,5,0.01,2023-05-04,2023-05-11,80.48808288574219,80.54464721679688,hold_days,0.00070276653420831,-0.00029723346579169,1,2023-05-03,0.009801112358018615,-0.010098345823810306,0.014761026362858,0.03363748777450163,-0.01887646141164363,0.03115044647641655,0.03769757531491173,-0.006547128838495182,0.03635772399310545,0.040408156101408854,-0.0040504321083034076,0.03635772399310545,0.050048374283460484,-0.013690650290355037
AEP,5,0.01,2023-07-19,2023-07-26,75.82815551757812,77.8177719116211,hold_days,0.02623849123669819,0.02523849123669819,1,2023-07-18,0.020656742071181844,0.004581749165516347,0.021883394585266155,-0.004605635591620018,0.026489030176886173,0.021883394585266155,-0.004605635591620018,0.026489030176886173,0.021883394585266155,-0.004605635591620018,0.026489030176886173,0.08724283168712,-0.004605635591620018,0.09184846727874002
AEP,5,0.01,2023-08-23,2023-08-30,71.28412628173828,71.29310607910156,hold_days,0.00012597190751550968,-0.0008740280924844903,2,2023-08-21,0.016443020815685605,-0.017317048908170096,-0.003030771151550259,0.00011120591897625237,-0.0031419770705265115,0.02071256688653597,0.018994218011815577,0.0017183488747203948,0.08396084171239418,0.027820640466464746,0.05614020124592943,0.0872946307346097,0.027820640466464746,0.059473990268144955
AEP,5,0.01,2024-06-27,2024-07-05,81.86485290527344,81.45691680908203,hold_days,-0.004983043170717405,-0.005983043170717405,2,2024-06-25,0.0002852135417006352,-0.00626825671241804,-0.001815560151563701,0.0033351498989393894,-0.005150710050503091,-0.001815560151563701,0.0033351498989393894,-0.005150710050503091,0.02301367538114539,0.0033351498989393894,0.019678525482206,0.04715648290639655,0.0033351498989393894,0.04382133300745716
AEP,5,0.01,2024-09-27,2024-10-04,95.27323150634766,93.8138198852539,hold_days,-0.015318170676267173,-0.016318170676267174,1,2024-09-26,0.0012357969642962097,-0.017553967640563384,0.006729815207478177,-0.0019343783325275418,0.00866419354000572,0.029633144823506905,-0.0019343783325275418,0.03156752315603445,0.029633144823506905,-0.0019343783325275418,0.03156752315603445,0.029633144823506905,-0.0019343783325275418,0.03156752315603445
AEP,5,0.01,2025-02-14,2025-02-24,97.09236145019531,101.34485626220703,hold_days,0.04379844869869687,0.04279844869869687,1,2025-02-13,0.0010332604378868737,0.04176518826080999,0.005080495579925847,0.0007892806200974868,0.00429121495982836,0.005080495579925847,0.0011212049441190087,0.0039592906358068385,0.005080495579925847,0.005306334277919746,-0.0002258386979938987,0.005080495579925847,0.005306334277919746,-0.0002258386979938987
AEP,5,0.01,2025-09-19,2025-09-26,103.83869171142578,105.85610961914062,hold_days,0.019428383336351773,0.018428383336351772,1,2025-09-18,-0.0014227746217413406,0.019851157958093113,0.021925910573956122,-0.0015741217042933525,0.023500032278249476,0.021925910573956122,-0.0015741217042933525,0.023500032278249476,0.06104203479244346,-0.0015741217042933525,0.06261615649673681,0.06136814022156254,-0.0015741217042933525,0.06294226192585589
AEP,5,0.01,2025-12-16,2025-12-23,111.99895477294922,112.5659408569336,hold_days,0.005062422994337679,0.004062422994337679,4,2025-12-12,0.007028699997700949,-0.0029662770033632704,0.012923239002259463,0.010221000783811728,0.0027022382184477348,0.03908413789708671,0.010221000783811728,0.02886313711327498,0.074331429712936,0.010221000783811728,0.06411042892912427,0.074331429712936,0.010221000783811728,0.06411042892912427
AEP,5,0.01,2026-08-24,2026-08-31,121.9800033569336,122.43000030517578,hold_days,0.00368910424543456,0.00268910424543456,3,2026-08-21,-0.010341842384611666,0.013030946630046225,0.03595981558728792,-0.0006163552333587417,0.03657617082064666,0.03595981558728792,-0.0006163552333587417,0.03657617082064666,0.07995584431547641,-0.0006163552333587417,0.08057219954883516,0.11378839846212703,-0.0006163552333587417,0.11440475369548578
AMGN,5,0.01,2015-09-15,2015-09-22,110.1942367553711,105.69633483886719,hold_days,-0.04081794156339735,-0.041817941563397354,1,2015-09-14,-0.016090550148533223,-0.02572739141486413,0.015657135722618738,-0.005301255024708113,0.02095839074732685,0.015657135722618738,-0.0010873172444585022,0.01674445296707724,0.10395165994756614,0.05914690979857344,0.0448047501489927,0.1344483513001152,0.0654580357217203,0.0689903155783949
AMGN,5,0.01,2016-08-12,2016-08-19,127.66259765625,128.8500213623047,hold_days,0.009301265428203198,0.008301265428203197,2,2016-08-10,0.0038200642849954836,0.004481201143207714,0.003685644420934651,0.000931425024592942,0.002754219396341709,0.006545887888830929,0.000931425024592942,0.005614462864237987,0.006545887888830929,0.000931425024592942,0.005614462864237987,0.006545887888830929,0.000931425024592942,0.005614462864237987
AMGN,5,0.01,2017-01-26,2017-02-02,114.29920959472656,119.23043060302734,hold_days,0.04314308931606381,0.04214308931606381,2,2017-01-24,-0.00487709525563218,0.04702018457169599,0.010926309404297611,0.0006632523263628145,0.010263057077934797,0.023240745630591954,0.0006632523263628145,0.02257749330422914,0.03689219651572021,0.0006632523263628145,0.0362289441893574,0.03689219651572021,0.0006632523263628145,0.0362289441893574
AMGN,5,0.01,2017-06-30,2017-07-10,130.50608825683594,130.48338317871094,hold_days,-0.00017397715637845756,-0.0011739771563784576,3,2017-06-27,0.004822681294665898,-0.005996658451044356,0.010570301377140028,0.003739950373835472,0.006830351003304556,0.010570301377140028,0.010775559881785314,-0.00020525850464528546,0.010570301377140028,0.010775559881785314,-0.00020525850464528546,0.010570301377140028,0.010775559881785314,-0.00020525850464528546
AMGN,5,0.01,2017-12-08,2017-12-15,134.7268524169922,135.97877502441406,hold_days,0.009292302053840462,0.008292302053840461,1,2017-12-07,0.013166928523761223,-0.004874626469920762,0.01835619621404704,-0.004533700670817694,0.022889896884864733,0.01835619621404704,-0.004533700670817694,0.022889896884864733,0.01835619621404704,-0.004533700670817694,0.022889896884864733,0.06773071541428025,-0.004533700670817694,0.07226441608509794
AMGN,5,0.01,2018-05-31,2018-06-07,140.07618713378906,142.946044921875,hold_days,0.020487834847652486,0.019487834847652485,2,2018-05-29,0.02787856833950575,-0.008390733491853264,0.0034399652355949556,0.014611115363688523,-0.011171150128093568,0.0034399652355949556,0.015572144957920721,-0.012132179722325765,0.0034399652355949556,0.015572144957920721,-0.012132179722325765,0.05281858714058309,0.029095826326847814,0.023722760813735273
AMGN,5,0.01,2018-07-24,2018-07-31,149.2628173828125,153.27902221679688,hold_days,0.026906934388649884,0.025906934388649883,1,2018-07-23,0.008094292182604379,0.017812642206045504,0.012994513602482122,-0.007313762718270241,0.020308276320752362,0.02302033811262051,-0.007313762718270241,0.03033410083089075,0.02302033811262051,-0.007313762718270241,0.03033410083089075,0.02302033811262051,-0.007313762718270241,0.03033410083089075
AMGN,5,0.01,2019-03-28,2019-04-04,149.51031494140625,153.23912048339844,hold_days,0.02494012231499565,0.02394012231499565,1,2019-03-27,0.023879088077048305,6.103423794734386e-05,0.022095769125246353,0.011346415653403158,0.010749353471843194,0.022095769125246353,0.011346415653403158,0.010749353471843194,0.022095769125246353,0.011346415653403158,0.010749353471843194,0.07248880783439286,0.011346415653403158,0.061142392180989706
AMGN,5,0.01,2019-07-26,2019-08-02,140.90505981445312,150.45191955566406,hold_days,0.06775384612718982,0.06675384612718982,1,2019-07-25,-0.029684002267677312,0.09643784839486713,0.017097421347391333,-0.002712359771446118,0.019809781118837452,0.023393245236924345,-0.002712359771446118,0.02610560500837046,0.07020901371323683,-0.002712359771446118,0.07292137348468294,0.07020901371323683,-0.002712359771446118,0.07292137348468294
AMGN,5,0.01,2019-08-15,2019-08-22,161.3022918701172,164.6285858154297,hold_days,0.020621492148362508,0.019621492148362507,1,2019-08-14,0.029657667469550786,-0.010036175321188279,0.026188637078613904,0.03279437082498606,-0.006605733746372158,0.026188637078613904,0.04293150331699263,-0.016742866238378725,0.026188637078613904,0.06441319907578029,-0.03822456199716638,0.026188637078613904,0.06441319907578029,-0.03822456199716638
AMGN,5,0.01,2020-04-23,2020-04-30,190.74972534179688,196.27149963378906,hold_days,0.028947744391756958,0.027947744391756957,1,2020-04-22,0.04337773542404921,-0.015429991032292256,0.017371209018729017,0.027614483705214424,-0.010243274686485407,0.017371209018729017,0.027614483705214424,-0.010243274686485407,0.017371209018729017,0.027614483705214424,-0.010243274686485407,0.017371209018729017,0.18249258363258258,-0.16512137461385357
AMGN,5,0.01,2020-10-29,2020-11-05,181.12838745117188,192.8948516845703,hold_days,0.0649620106432538,0.0639620106432538,1,2020-10-28,0.05825653301833,0.005705477624923794,0.04456542421207271,0.05125348866868292,-0.0066880644566102085,0.07593765771059276,0.05580422795027979,0.020133429760312967,0.15465518159798708,0.06585420039043799,0.08880098120754909,0.15612896896487008,0.07611787093723818,0.0800110980276319
AMGN,5,0.01,2021-02-17,2021-02-24,198.71925354003906,193.97921752929688,hold_days,-0.023852927818024172,-0.024852927818024173,1,2021-02-16,0.01594469552366351,-0.04079762334168768,0.006745118197824005,-0.002197641730515594,0.0089427599283396,0.013007153601018211,-0.002197641730515594,0.015204795331533806,0.08212738287512761,-0.002197641730515594,0.0843250246056432,0.08212738287512761,-0.002197641730515594,0.0843250246056432
AMGN,5,0.01,2021-04-09,2021-04-16,209.97048950195312,215.67208862304688,hold_days,0.027154287893588647,0.026154287893588646,1,2021-04-08,0.009412226787665512,0.016742061105923134,0.01218170062269204,-0.006287937438955218,0.01846963806164726,0.02357241569967362,-0.006287937438955218,0.029860353138628837,0.02357241569967362,-0.006287937438955218,0.029860353138628837,0.03015858159251429,-0.006287937438955218,0.03644651903146951
AMGN,5,0.01,2021-08-27,2021-09-03,190.68045043945312,193.753173828125,hold_days,0.016114517149452334,0.015114517149452333,1,2021-08-26,0.0019274777092270767,0.013187039440225257,0.012674945655948289,-0.0029956466902140164,0.015670592346162304,0.03641858108464995,-0.000785917197140497,0.03720449828179045,0.08021821683205504,-0.000785917197140497,0.08100413402919554,0.09730472903865353,-0.000785917197140497,0.09809064623579403
AMGN,5,0.01,2021-09-29,2021-10-06,183.935791015625,179.72471618652344,hold_days,-0.022894265470844832,-0.023894265470844833,1,2021-09-28,0.003880425976683144,-0.027774691447527977,0.0006976802793904449,0.01357294008525553,-0.012875259805865085,0.020421483770510892,0.01693569631210625,0.0034857874584046412,0.0506695328831559,0.029812376516307866,0.020857156366848033,0.12663569931251198,0.029812376516307866,0.09682332279620412
AMGN,5,0.01,2021-10-28,2021-11-04,177.31959533691406,183.96151733398438,hold_days,0.03745734916916765,0.03645734916916765,1,2021-10-27,0.013076598123949124,0.02338075104521853,0.009893130504632726,-0.0010846859579430824,0.010977816462575809,0.011876460929774185,-0.0010846859579430824,0.012961146887717268,0.031553873403822146,-0.0010846859579430824,0.032638559361765226,0.10778346613270519,-0.0010846859579430824,0.10886815209064828
AMGN,5,0.01,2021-12-01,2021-12-08,173.31040954589844,184.2976837158203,hold_days,0.06339650456490364,0.06239650456490364,1,2021-11-30,0.04214799837811767,0.020248506186785975,0.018236756284200618,0.04255838113645069,-0.024321624852250073,0.0256210811798061,0.04658778427711381,-0.02096670309730771,0.07171932720912746,0.04658778427711381,0.025131542932013654,0.08518178535670157,0.04658778427711381,0.038594001079587756
AMGN,5,0.01,2022-06-17,2022-06-27,205.96536254882812,214.85440063476562,hold_days,0.04315792702197774,0.04215792702197774,1,2022-06-16,0.042544567226297625,-0.000386640204319888,0.02204086517945262,0.05370903165378253,-0.03166816647432991,0.055262751767688696,0.1111418987859425,-0.0558791470182538,0.08576759133318676,0.1111418987859425,-0.025374307452755734,0.08576759133318676,0.15610947629666605,-0.07034188496347929
AMGN,5,0.01,2023-05-04,2023-05-11,208.28662109375,208.64588928222656,hold_days,0.0017248740537918472,0.0007248740537918472,1,2023-05-03,0.009801112358018615,-0.00907623830422677,0.03515840969566605,0.03363748777450163,0.001520921921164417,0.05300775394287801,0.03769757531491173,0.015310178627966277,0.08477723888360067,0.040408156101408854,0.044369082782191815,0.08477723888360067,0.050048374283460484,0.034728864600140186
AMGN,5,0.01,2023-08-03,2023-08-10,209.17288208007812,237.6066436767578,hold_days,0.1359342631507765,0.1349342631507765,1,2023-08-02,0.0028282853439747235,0.13210597780680178,0.02398786210589045,0.014289207761846483,0.009698654344043968,0.02398786210589045,0.014289207761846483,0.009698654344043968,0.02398786210589045,0.014289207761846483,0.009698654344043968,0.02398786210589045,0.014289207761846483,0.009698654344043968
AMGN,5,0.01,2023-11-22,2023-11-30,243.74583435058594,248.39801025390625,hold_days,0.01908617603954199,0.01808617603954199,1,2023-11-21,0.00928487803887812,0.00880129800066387,0.023292819730722246,-0.0037573929453136095,0.027050212676035856,0.024114754981685343,-0.0037573929453136095,0.027872147926998953,0.024114754981685343,-0.0037573929453136095,0.027872147926998953,0.07044622067293944,0.0010394013313565504,0.0694068193415829
AMGN,5,0.01,2025-07-18,2025-07-24,284.49603271484375,297.80584716796875,resistance,0.04678383148655607,0.04578383148655607,3,2025-07-15,0.012030901074715494,0.033752930411840576,0.014246549443238237,0.0052919490043623245,0.008954600438875911,0.01867713987512362,0.010814062938635677,0.007863076936487945,0.01867713987512362,0.010814062938635677,0.007863076936487945,0.01867713987512362,0.010814062938635677,0.007863076936487945
AMGN,5,0.01,2025-09-29,2025-10-06,266.57513427734375,286.1812438964844,hold_days,0.07354815621603517,0.07254815621603516,4,2025-09-25,0.012230219548843735,0.06031793666719143,0.04476845148788564,0.0011964021032767308,0.04357204938460891,0.04476845148788564,0.0017893270263284904,0.042979124461557154,0.04775643520362656,0.0017893270263284904,0.04596710817729807,0.10680897651899707,0.0017893270263284904,0.10501964949266858
AMGN,5,0.01,2025-10-28,2025-11-04,284.2060546875,288.691650390625,hold_days,0.015782899868397093,0.014782899868397092,1,2025-10-27,-0.011579279356705552,0.026362179225102644,0.030052461044784047,0.003298372597718752,0.026754088447065297,0.03705525065363944,0.003298372597718752,0.03375687805592069,0.03705525065363944,0.003298372597718752,0.03375687805592069,0.03705525065363944,0.003298372597718752,0.03375687805592069
AAPL,5,0.01,2015-10-16,2015-10-23,24.86168670654297,26.66183090209961,hold_days,0.07240635829760045,0.07140635829760045,2,2015-10-14,0.027189087823511704,0.04421727047408874,0.009632591756706683,-0.0035634951655148196,0.013196086922221503,0.009632591756706683,-0.0035634951655148196,0.013196086922221503,0.036194847898469336,-0.0035634951655148196,0.03975834306398415,0.10879988294809445,0.024820205461243992,0.08397967748685045
AAPL,5,0.01,2017-01-03,2017-01-10,26.698205947875977,27.378597259521484,hold_days,0.02548453304217757,0.02448453304217757,4,2016-12-30,0.007528763886350376,0.016955769155827194,0.009466347838252348,0.003145066079902055,0.006321281758350292,0.009466347838252348,0.004884424653799876,0.004581923184452471,0.009466347838252348,0.004884424653799876,0.004581923184452471,0.012716045856084515,0.004884424653799876,0.007831621202284637
AAPL,5,0.01,2017-04-20,2017-04-27,32.8831672668457,33.19483184814453,hold_days,0.009477936804860754,0.008477936804860753,1,2017-04-19,0.018260244285305482,-0.00978230748044473,-0.004300370467286496,-0.0003008486625488271,-0.0039995218047376695,0.010970609272279974,0.0031389200101688292,0.007831689262111145,0.016094834298847616,0.007273782767701794,0.008821051531145822,0.016094834298847616,0.018649225090413703,-0.002554390791566087
AAPL,5,0.01,2017-12-07,2017-12-14,39.54573059082031,40.22303771972656,hold_days,0.017127187152371715,0.016127187152371714,1,2017-12-06,0.009561575204770412,0.006565611947601302,0.014721848149511484,0.001179880645340025,0.013541967504171458,0.032290959166200235,0.001179880645340025,0.03111107852086021,0.03581088169838009,0.001179880645340025,0.03463100105304007,0.03581088169838009,0.001179880645340025,0.03463100105304007
AAPL,5,0.01,2018-03-02,2018-03-09,41.322731018066406,42.20681381225586,hold_days,0.02139458773436176,0.020394587734361758,1,2018-03-01,0.037793338149261,-0.017398750414899244,0.015421315823581775,0.040097654520203606,-0.02467633869662183,0.015421315823581775,0.040097654520203606,-0.02467633869662183,0.015421315823581775,0.04388046528002263,-0.028459149456440853,0.015421315823581775,0.05877267915544811,-0.04335136333186633
AAPL,5,0.01,2019-02-12,2019-02-20,40.685359954833984,40.95677185058594,hold_days,0.006670996546503494,0.005670996546503494,1,2019-02-11,0.012220205392343697,-0.006549208845840203,0.015020412234318874,-0.0043513783394771985,0.019371790573796073,0.015020412234318874,-0.0043513783394771985,0.019371790573796073,0.015020412234318874,-0.0043513783394771985,0.019371790573796073,0.1131976400767883,0.012515636046832947,0.10068200402995535
AAPL,5,0.01,2019-03-27,2019-04-03,44.87079620361328,46.508785247802734,hold_days,0.036504568288840744,0.03550456828884074,1,2019-03-26,0.024890287720491733,0.01061428056834901,0.033933125554584956,0.016033171099642696,0.01789995445494226,0.033933125554584956,0.016033171099642696,0.01789995445494226,0.033933125554584956,0.016033171099642696,0.01789995445494226,0.033933125554584956,0.016033171099642696,0.01789995445494226
AAPL,5,0.01,2019-09-25,2019-09-30,53.02601623535156,53.731319427490234,resistance,0.013301078267095257,0.012301078267095256,1,2019-09-24,-0.0010998137847066936,0.01340089205180195,0.007810844360490999,0.0052324053570058145,0.0025784390034851844,0.011449601570250578,0.0052324053570058145,0.006217196213244763,0.011449601570250578,0.0052324053570058145,0.006217196213244763,0.011449601570250578,0.005603638375053401,0.005845963195197177
AAPL,5,0.01,2020-05-14,2020-05-21,74.86177062988281,76.6296615600586,hold_days,0.02361540363393555,0.02261540363393555,1,2020-05-13,0.04186611750726188,-0.01925071387332633,0.017364469393064748,0.03432505483294246,-0.01696058543987771,0.017364469393064748,0.03646191970905758,-0.01909745031599283,0.017364469393064748,0.05066667800347522,-0.03330220861041047,0.04091843202685195,0.17379090700466038,-0.13287247497780844
AAPL,5,0.01,2020-11-03,2020-11-09,107.03155517578125,112.92459106445312,resistance,0.05505886445351149,0.05405886445351149,1,2020-11-02,0.06136406981789899,-0.0073052053643875015,0.05283069390175753,-0.006721656745938356,0.05955235064769589,0.060165376336075674,0.02319305039297607,0.0369723259430996,0.11221880939267898,0.03822559755776722,0.07399321183491175,0.17692669641631356,0.0487928297940397,0.12813386662227386
AAPL,5,0.01,2021-11-12,2021-11-19,146.5094451904297,156.82437133789062,hold_days,0.07040451306094186,0.06940451306094186,1,2021-11-11,-0.00896816236103637,0.07837267542197823,0.008527066864748337,0.0032236383688414097,0.005303428495906927,0.008527066864748337,0.0032236383688414097,0.005303428495906927,0.01547531024395936,0.0032236383688414097,0.01225167187511795,0.041362234777340565,0.0032236383688414097,0.038138596408499155
AAPL,5,0.01,2022-04-12,2022-04-20,163.97804260253906,163.55746459960938,hold_days,-0.0025648434159512012,-0.0035648434159512013,1,2022-04-11,0.02316372297854441,-0.026728566394495612,0.04227138159609717,0.016577703482129814,0.025693678113967354,0.06314263947137239,0.03171744199645586,0.031425197474916525,0.06314263947137239,0.03171744199645586,0.031425197474916525,0.06314263947137239,0.03171744199645586,0.031425197474916525
AAPL,5,0.01,2023-05-24,2023-06-01,169.31820678710938,177.4471435546875,hold_days,0.04800982080916416,0.04700982080916416,1,2023-05-23,0.009641997194096197,0.03736782361506796,0.018954143486438875,0.018557658028452703,0.0003964854579861718,0.018954143486438875,0.018557658028452703,0.0003964854579861718,0.018954143486438875,0.03020404155336857,-0.011249898066929696,0.018954143486438875,0.03699876578609526,-0.018044622299656386
AAPL,5,0.01,2023-10-27,2023-11-03,165.97515869140625,174.2926788330078,hold_days,0.05011304225993318,0.04911304225993318,1,2023-10-26,0.056294786833866794,-0.007181744573933613,0.030096972932929657,0.03351694655637584,-0.0034199736234461833,0.059435350679222114,0.05664915349305981,0.002786197186162305,0.06911638890674184,0.05664915349305981,0.012467235413682026,0.118862011498252,0.0890978392604812,0.029764172237770795
AAPL,5,0.01,2023-11-30,2023-12-07,187.662109375,191.93006896972656,hold_days,0.02274278813629893,0.02174278813629893,1,2023-11-29,0.00872747555035347,0.01301531258594546,0.007108846527790056,-0.006684487642949421,0.013793334170739477,0.007834867179805196,-0.006684487642949421,0.014519354822754616,0.007834867179805196,-0.006684487642949421,0.014519354822754616,0.007834867179805196,-0.006684487642949421,0.014519354822754616
AAPL,5,0.01,2024-02-01,2024-02-08,184.60931396484375,186.0517578125,hold_days,0.00781349443685686,0.00681349443685686,1,2024-01-31,0.0030981012529449625,0.003715393183911898,0.03764750707035676,0.0022649805045683756,0.035382526565788386,0.042627243101286225,0.0022649805045683756,0.04036226259671785,0.042627243101286225,0.0022649805045683756,0.04036226259671785,0.056786734375113286,0.0022649805045683756,0.05452175387054491
AAPL,5,0.01,2024-04-22,2024-04-29,164.05157470703125,171.6289825439453,hold_days,0.04618918075273615,0.04518918075273615,3,2024-04-19,0.011852941473148526,0.03333623927958762,0.03966633328459292,-0.00652858694813908,0.046194920232731994,0.060662591506747916,0.01832871489588876,0.04233387661085916,0.060662591506747916,0.028968789540655973,0.03169380196609194,0.1448132355964971,0.028968789540655973,0.11584444605584111
AAPL,5,0.01,2024-09-17,2024-09-24,214.9915313720703,225.48379516601562,hold_days,0.04880314925422402,0.04780314925422402,1,2024-09-16,0.015344074484112902,0.03245907477011112,0.026843892324672578,-1.942595223862292e-05,0.0268633182769112,0.026843892324672578,-1.942595223862292e-05,0.0268633182769112,0.05657350953193416,0.00667149188989209,0.049902017642042065,0.07571372698793888,0.00667149188989209,0.06904223509804679
AAPL,5,0.01,2025-01-22,2025-01-29,222.2173614501953,237.635498046875,hold_days,0.0693831323352081,0.0683831323352081,1,2025-01-21,0.008125837635075461,0.060257294700132635,0.05902382628168361,0.0018064700812071089,0.0572173562004765,0.08640814752834862,0.0018064700812071089,0.0846016774471415,0.13585827760482302,0.0018064700812071089,0.13405180752361592,0.13585827760482302,0.0018064700812071089,0.13405180752361592
AAPL,5,0.01,2025-03-03,2025-03-10,236.57489013671875,226.08937072753906,hold_days,-0.04432219921192826,-0.04532219921192826,4,2025-02-27,-0.021172148707752636,-0.024150050504175624,0.03670579902391744,0.01156090212560183,0.02514489689831561,0.03670579902391744,0.019424603205539844,0.017281195818377598,0.03670579902391744,0.019424603205539844,0.017281195818377598,0.0800258282968906,0.019424603205539844,0.060601225091350755
AAPL,5,0.01,2025-05-08,2025-05-15,196.28269958496094,210.43296813964844,hold_days,0.07209126726200621,0.07109126726200621,1,2025-05-07,0.03534750358197347,0.035743763680032736,0.07420784232695729,0.0011791507821360366,0.07302869154482125,0.07420784232695729,0.0011791507821360366,0.07302869154482125,0.07420784232695729,0.0011791507821360366,0.07302869154482125,0.20076899897172715,0.05696746227380534,0.1438015366979218
AAPL,5,0.01,2025-06-18,2025-06-26,195.63449096679688,200.03321838378906,hold_days,0.02248441670614576,0.02148441670614576,1,2025-06-17,0.0180648044025411,0.0034196123036046577,0.013152499707704268,0.012119612489453797,0.0010328872182504712,0.035994466692862506,0.012119612489453797,0.023874854203408707,0.04969539870486543,0.012119612489453797,0.03757578621541163,0.12082814984244153,0.012119612489453797,0.10870853735298773
AAPL,5,0.01,2025-08-25,2025-09-02,226.32395935058594,228.87454223632812,hold_days,0.011269610575304734,0.010269610575304733,4,2025-08-21,-0.0007303318312352758,0.010999942406540009,0.016154904540798414,0.00537112406431851,0.010783780476479904,0.02644323986842081,0.00537112406431851,0.0210721158041023,0.02644323986842081,0.00537112406431851,0.0210721158041023,0.02644323986842081,0.00537112406431851,0.0210721158041023
AAPL,5,0.01,2025-10-13,2025-10-20,246.74851989746094,261.27484130859375,hold_days,0.05887095662081121,0.05787095662081121,3,2025-10-10,0.020279316204418807,0.0375916404163924,0.04030065087333062,0.01737738355111445,0.022923267322216175,0.04030065087333062,0.01737738355111445,0.022923267322216175,0.04030065087333062,0.01737738355111445,0.022923267322216175,0.04030065087333062,0.01737738355111445,0.022923267322216175
AAPL,5,0.01,2026-03-16,2026-03-23,252.36964416503906,251.04200744628906,hold_days,-0.0052606830870743915,-0.0062606830870743915,3,2026-03-13,-0.012130746158419914,0.005870063071345522,0.030709585904347716,0.011299426789700785,0.01941015911464693,0.04495303787135814,0.03179631266513235,0.013156725206225788,0.07807318470245471,0.03833231632576132,0.03974086837669339,0.09011726323366265,0.039771935052971046,0.0503453281806916
AMAT,5,0.01,2016-03-28,2016-04-04,18.014678955078125,18.87973403930664,hold_days,0.04801945604390956,0.04701945604390956,4,2016-03-24,0.012169133127248877,0.03485032291666068,0.027910890665191174,0.008504226868015346,0.01940666379717583,0.027910890665191174,0.008504226868015346,0.01940666379717583,0.027910890665191174,0.008504226868015346,0.01940666379717583,0.027910890665191174,0.016357487296726054,0.01155340336846512
AMAT,5,0.01,2017-08-28,2017-09-05,39.632652282714844,40.40476989746094,hold_days,0.019481855749604815,0.018481855749604814,3,2017-08-25,0.005609790590952235,0.01287206515865258,0.018447435988641365,0.0017496636354982196,0.016697772353143146,0.018447435988641365,0.010348259751738352,0.008099176236903012,0.018447435988641365,0.013098276612689547,0.0053491593759518175,0.07837770108529085,0.013098276612689547,0.06527942447260131
AMAT,5,0.01,2018-01-12,2018-01-22,48.63565444946289,52.28447341918945,hold_days,0.07502354005574308,0.07402354005574308,1,2018-01-11,0.017059014504036796,0.05696452555170628,0.04417035186507012,-0.009590695202447612,0.053761047067517734,0.04417035186507012,-0.009590695202447612,0.053761047067517734,0.04417035186507012,-0.009590695202447612,0.053761047067517734,0.08943788816326997,-0.009590695202447612,0.09902858336571758
AMAT,5,0.01,2018-03-22,2018-03-29,53.74702453613281,50.6932258605957,hold_days,-0.05681800438057949,-0.05781800438057949,3,2018-03-19,0.0017282933286209001,-0.05954629770920039,0.029944068520932978,0.03920856280443071,-0.009264494283497734,0.043012627487455955,0.05142914698086526,-0.008416519493409304,0.043012627487455955,0.055052441567993486,-0.012039814080537531,0.043012627487455955,0.07343651888151567,-0.030423891394059717
AMAT,5,0.01,2018-05-21,2018-05-29,45.5792350769043,47.6101188659668,hold_days,0.04455721526778267,0.04355721526778267,3,2018-05-18,-0.020700220408667147,0.06425743567644981,0.09518621485157003,-0.0007756613699773608,0.09596187622154739,0.09958557036712826,-0.0007756613699773608,0.10036123173710562,0.09958557036712826,-0.0007756613699773608,0.10036123173710562,0.1884434014006784,0.017504871849312115,0.17093852955136626
AMAT,5,0.01,2018-06-19,2018-06-26,44.43428039550781,42.71365737915039,hold_days,-0.03872287344460679,-0.03972287344460679,1,2018-06-18,-0.01773454958198084,-0.021988323862625947,0.047665844451766345,0.017047809274409523,0.030618035177356822,0.08240430305398354,0.017047809274409523,0.06535649377957402,0.08240430305398354,0.017047809274409523,0.06535649377957402,0.16634179930404072,0.017047809274409523,0.1492939900296312
AMAT,5,0.01,2018-07-25,2018-07-30,42.063846588134766,43.848541259765625,resistance,0.04242823270790175,0.041428232707901747,1,2018-07-24,-0.0069295981068768775,0.048357830814778624,0.048052899144215074,-0.008494910800793468,0.05654780994500854,0.048052899144215074,-0.008494910800793468,0.05654780994500854,0.048052899144215074,-0.008494910800793468,0.05654780994500854,0.1690318108692487,-0.008494910800793468,0.1775267216700422
AMAT,5,0.01,2019-02-05,2019-02-12,36.17030715942383,37.6219367980957,hold_days,0.04013318527469756,0.03913318527469756,1,2019-02-04,0.0043513783394772965,0.03478180693522026,0.012121370610987175,-0.0030823189053610783,0.015203689516348253,0.012121370610987175,-0.0030823189053610783,0.015203689516348253,0.012121370610987175,-0.0030823189053610783,0.015203689516348253,0.012121370610987175,0.016793937609959637,-0.004672566998972462
AMAT,5,0.01,2019-12-05,2019-12-12,52.57574462890625,56.83152389526367,hold_days,0.08094567744871428,0.07994567744871428,2,2019-12-03,0.021762179322639685,0.058183498126074595,0.04203132717403045,0.011457928055530192,0.03057339911850026,0.06387250575603903,0.011457928055530192,0.05241457770050884,0.10131368428685081,0.011457928055530192,0.08985575623132061,0.10131368428685081,0.011457928055530192,0.08985575623132061
AMAT,5,0.01,2021-07-19,2021-07-26,123.182861328125,132.62606811523438,hold_days,0.07666007012091791,0.07566007012091791,3,2021-07-16,0.039023581104415506,0.036636489016502405,0.05979536088447516,0.03169978594910336,0.0280955749353718,0.06905049842032072,0.03169978594910336,0.037350712471217365,0.09676966043852742,0.03169978594910336,0.06506987448942406,0.09676966043852742,0.03169978594910336,0.06506987448942406
AMAT,5,0.01,2021-10-27,2021-11-03,126.80472564697266,136.9656524658203,hold_days,0.08013050591770465,0.07913050591770465,1,2021-10-26,0.018366460018022668,0.060764045899681984,0.02773479165957381,0.006894992434918504,0.020839799224655307,0.02773479165957381,0.006894992434918504,0.020839799224655307,0.02773479165957381,0.006894992434918504,0.020839799224655307,0.08279560184666548,0.006894992434918504,0.07590060941174698
AMAT,5,0.01,2023-02-24,2023-03-03,108.21672821044922,115.65413665771484,hold_days,0.06872697567424213,0.06772697567424213,2,2023-02-22,0.019573897428919684,0.048153078245322445,0.03351803957142011,0.03052970975689659,0.002988329814523523,0.06604160828404611,0.04063584168008454,0.025405766603961565,0.10211908935135461,0.05128941968553039,0.050829669665824216,0.10211908935135461,0.05128941968553039,0.050829669665824216
AMAT,5,0.01,2023-06-01,2023-06-08,131.42091369628906,132.7563018798828,hold_days,0.010161154309730414,0.009161154309730413,1,2023-05-31,0.02916507304114302,-0.020003918731412607,0.012740899995781728,0.002662096540460612,0.010078803455321115,0.012740899995781728,0.009094593720995813,0.0036463062747859147,0.012740899995781728,0.009094593720995813,0.0036463062747859147,0.012740899995781728,0.02771351058789359,-0.014972610592111864
AMAT,5,0.01,2023-10-26,2023-11-02,127.8084487915039,135.30072021484375,hold_days,0.05862109660341863,0.05762109660341863,1,2023-10-25,0.03425155324662854,0.02336954335679009,0.03009640149115918,0.030491772998310775,-0.00039537150715159355,0.09765509275368751,0.044954662249102474,0.05270043050458504,0.09765509275368751,0.044954662249102474,0.05270043050458504,0.1503343964228256,0.07780560649012375,0.07252878993270184
AMAT,5,0.01,2024-03-18,2024-03-25,196.8334197998047,204.41336059570312,hold_days,0.03850941981096434,0.03750941981096434,3,2024-03-15,0.010738977970324193,0.026770441840640147,0.020542549576791587,0.0027786997844181853,0.0177638497923734,0.055876951758268546,0.0027786997844181853,0.05309825197385036,0.055876951758268546,0.0027786997844181853,0.05309825197385036,0.055876951758268546,0.0027786997844181853,0.05309825197385036
AMAT,5,0.01,2025-07-21,2025-07-28,191.00311279296875,188.68263244628906,hold_days,-0.012148913767677127,-0.013148913767677128,3,2025-07-18,0.011397673845398026,-0.024546587613075155,0.03351897680213297,0.0038406035049181535,0.029678373297214816,0.03351897680213297,0.009139297238896902,0.02437967956323607,0.03351897680213297,0.009370774572335148,0.02414820222979782,0.03351897680213297,0.009370774572335148,0.02414820222979782
AMAT,5,0.01,2025-08-18,2025-08-25,162.16571044921875,161.0989532470703,hold_days,-0.006578192141812211,-0.007578192141812211,3,2025-08-15,0.013032424621385541,-0.020610616763197753,0.13945158772868393,0.006104631076704887,0.13334695665197904,0.13945158772868393,0.006104631076704887,0.13334695665197904,0.15097870355132542,0.006104631076704887,0.14487407247462053,0.1794370286915054,0.006104631076704887,0.17333239761480052
ADM,5,0.01,2015-07-27,2015-08-03,33.905845642089844,34.22150802612305,hold_days,0.009309969359423631,0.00830996935942363,3,2015-07-24,0.012626684647691455,-0.004316715288267825,0.016236249028351923,0.025556625386516697,-0.009320376358164774,0.016236249028351923,0.025556625386516697,-0.009320376358164774,0.04660097510806734,0.025556625386516697,0.021044349721550646,,,
ADM,5,0.01,2016-05-16,2016-05-23,27.847301483154297,29.910877227783203,hold_days,0.0741032572178395,0.0731032572178395,3,2016-05-13,-0.007622525534188851,0.08072578275202835,0.015241957312375173,0.006778618367812703,0.00846333894456247,0.05731332470926038,0.006778618367812703,0.050534706341447674,0.05731332470926038,0.016252880944281,0.041060443764979374,0.05731332470926038,0.016252880944281,0.041060443764979374
ADM,5,0.01,2016-08-04,2016-08-11,32.351688385009766,32.49220657348633,hold_days,0.004343457652172145,0.0033434576521721446,2,2016-08-02,0.01740115751276128,-0.014057699860589135,0.029724688645979408,0.0032649700390526707,0.026459718606926738,0.029724688645979408,0.003350279127938374,0.026374409518041035,0.029724688645979408,0.006402181721730005,0.023322506924249402,0.029724688645979408,0.006402181721730005,0.023322506924249402
ADM,5,0.01,2016-10-19,2016-10-26,31.441471099853516,32.23086166381836,hold_days,0.025106667606545896,0.024106667606545895,2,2016-10-17,0.0067926726858076325,0.017313994920738263,0.004010209079245796,-0.0006349543984064275,0.004645163477652224,0.024266222052487612,0.010279344794481908,0.013986877258005704,0.024266222052487612,0.011363255711602856,0.012902966340884756,0.057023460482691544,0.018483895445107004,0.038539565037584544
ADM,5,0.01,2017-03-09,2017-03-16,33.560855865478516,33.885738372802734,hold_days,0.009680399946486506,0.008680399946486506,1,2017-03-08,0.005686539121626311,0.002993860824860195,0.023307007766671255,0.006293327975491317,0.017013679791179938,0.054289846977681834,0.012324675842326487,0.04196517113535535,0.054289846977681834,0.012324675842326487,0.04196517113535535,0.054289846977681834,0.012324675842326487,0.04196517113535535
ADM,5,0.01,2017-05-19,2017-05-26,31.59463119506836,32.317867279052734,hold_days,0.02289110702128605,0.02189110702128605,1,2017-05-18,0.017212789748746182,0.004678317272539867,0.009545850973796625,0.009594408582947259,-4.855760915063387e-05,0.02659259580502524,0.009594408582947259,0.016998187222077982,0.08655367179298162,0.009594408582947259,0.07695926321003436,0.10969602140252865,0.009594408582947259,0.1001016128195814
ADM,5,0.01,2018-01-05,2018-01-12,31.07473373413086,31.322202682495117,hold_days,0.007963670758422303,0.006963670758422303,2,2018-01-03,0.019695565044549612,-0.01273189428612731,0.006674599233830098,-0.00549605997240342,0.012170659206233518,0.006674599233830098,-0.00549605997240342,0.012170659206233518,0.04104987495826841,-0.00549605997240342,0.04654593493067183,0.07941438221674751,-0.00549605997240342,0.08491044218915093
ADM,5,0.01,2018-01-19,2018-01-26,31.677961349487305,33.711971282958984,hold_days,0.06420899094583299,0.06320899094583299,1,2018-01-18,0.026352441883409572,0.036856549062423416,-0.0012223220997173937,-0.0012343069290299171,1.1984829312523424e-05,-0.0012223220997173937,-0.0012343069290299171,1.1984829312523424e-05,-0.0012223220997173937,-0.0012343069290299171,1.1984829312523424e-05,0.05574970518428782,-0.0012343069290299171,0.05698401211331774
ADM,5,0.01,2018-06-01,2018-06-08,34.41431427001953,35.22323226928711,hold_days,0.023505277278538683,0.022505277278538682,1,2018-05-31,0.020092032714808195,0.002413244563730488,0.022092998173180098,0.002884568289418304,0.019208429883761792,0.029886758723862393,0.005397069849004621,0.024489688874857772,0.029886758723862393,0.005397069849004621,0.024489688874857772,0.04119311780855461,0.019060532384193005,0.022132585424361608
ADM,5,0.01,2018-09-10,2018-09-17,39.295814514160156,39.35905075073242,hold_days,0.0016092359289174851,0.0006092359289174851,3,2018-09-07,0.007757337283056387,-0.007148101354138902,0.0138885312377797,0.0013364074829262504,0.012552123754853449,0.021268012337852856,0.007343347197467313,0.013924665140385543,0.021268012337852856,0.007343347197467313,0.013924665140385543,0.021268012337852856,0.007343347197467313,0.013924665140385543
ADM,5,0.01,2018-10-29,2018-11-05,37.1689338684082,38.03074645996094,hold_days,0.023186368342010377,0.022186368342010376,3,2018-10-26,0.04138943979234799,-0.019203071450337617,0.04178557133739358,0.0440384198922881,-0.002252848554894521,0.05106974612477974,0.06367515015064644,-0.012605404025866698,0.09229560888013112,0.10122117401907053,-0.008925565138939412,0.09229560888013112,0.10122117401907053,-0.008925565138939412
ADM,5,0.01,2019-12-20,2019-12-30,37.752113342285156,38.02418899536133,hold_days,0.007206898607486023,0.006206898607486023,2,2019-12-18,0.00016413350643373903,0.006042765101052284,0.009089174154368173,-0.004807262086500545,0.013896436240868719,0.009089174154368173,-0.004807262086500545,0.013896436240868719,0.009089174154368173,-0.004807262086500545,0.013896436240868719,0.009089174154368173,-0.004807262086500545,0.013896436240868719
ADM,5,0.01,2020-09-24,2020-10-01,38.47908020019531,39.435340881347656,hold_days,0.024851443334331202,0.0238514433343312,1,2020-09-23,0.029844252276391092,-0.005992808942059891,0.04814748445664379,0.041819376748198314,0.006328107708445475,0.04814748445664379,0.04585722057071079,0.0022902638859330013,0.04814748445664379,0.08146563596598275,-0.03331815150933896,0.04814748445664379,0.08146563596598275,-0.03331815150933896
ADM,5,0.01,2020-11-23,2020-12-01,41.60415267944336,42.712242126464844,hold_days,0.026634106829652948,0.025634106829652947,3,2020-11-20,0.01503326110685177,0.010600845722801178,0.02474034353550213,0.0018362718983517747,0.022904071637150355,0.02474034353550213,0.0018362718983517747,0.022904071637150355,0.03960045371685634,0.0018362718983517747,0.037764181818504564,0.052191323488055275,0.0018362718983517747,0.0503550515897035
ADM,5,0.01,2021-03-24,2021-03-31,47.9976921081543,48.9246940612793,hold_days,0.019313469302569164,0.018313469302569163,1,2021-03-23,0.02290010776466933,-0.004586638462100168,0.030849237110867386,0.015121393152445033,0.015727843958422354,0.045571013677918645,0.015121393152445033,0.030449620525473613,0.045571013677918645,0.015121393152445033,0.030449620525473613,0.045571013677918645,0.015121393152445033,0.030449620525473613
ADM,5,0.01,2021-07-23,2021-07-30,50.06547546386719,51.54128646850586,hold_days,0.02947761887737954,0.02847761887737954,1,2021-07-22,0.0008287810425737785,0.027648837834805762,0.0034356370461995456,-0.008028869246250979,0.011464506292450525,0.03829550006001327,-0.002436281977628063,0.04073178203764133,0.05965292095629012,-0.002436281977628063,0.06208920293391818,0.15646356967209427,-0.002436281977628063,0.15889985164972234
ADM,5,0.01,2021-08-23,2021-08-30,51.49137878417969,52.15119934082031,hold_days,0.012814194768529852,0.011814194768529851,3,2021-08-20,0.01108145126610749,0.0007327435024223616,0.04814659755125884,0.00880185226985722,0.039344745281401625,0.04814659755125884,0.00880185226985722,0.039344745281401625,0.04814659755125884,0.00880185226985722,0.039344745281401625,0.13243900212999254,0.00880185226985722,0.12363714986013533
ADM,5,0.01,2021-09-24,2021-10-01,51.882057189941406,52.78496551513672,hold_days,0.017403094135025166,0.016403094135025165,2,2021-09-22,-0.011425102574174395,0.02782819670919956,0.042154223186882736,-0.00036845632701669483,0.04252267951389943,0.051428749975676445,0.005613600067563902,0.04581514990811254,0.051428749975676445,0.01863858289249464,0.032790167083181804,0.051428749975676445,0.01863858289249464,0.032790167083181804
ADM,5,0.01,2021-12-02,2021-12-09,54.4751091003418,55.24333953857422,hold_days,0.01410241210930585,0.01310241210930585,1,2021-12-01,0.023541738836633908,-0.010439326727328058,0.059107221004257776,0.02836767568161071,0.030739545322647065,0.06516846062323967,0.029024934971006403,0.03614352565223326,0.06516846062323967,0.032456800555694845,0.03271166006754482,0.06516846062323967,0.032456800555694845,0.03271166006754482
ADM,5,0.01,2022-05-20,2022-05-27,74.06116485595703,78.40784454345703,hold_days,0.058690404018812536,0.057690404018812536,1,2022-05-19,0.06779880595113208,-0.010108401932319544,0.05223968394141806,0.049833243380900505,0.002406440560517552,0.05954340599822766,0.049833243380900505,0.009710162617327156,0.1014992128794543,0.07797683538133111,0.023522377498123193,0.14083510656469989,0.1169497293515825,0.023885377213117384
ADM,5,0.01,2022-07-15,2022-07-22,63.48100662231445,65.1032943725586,hold_days,0.025555482443686994,0.024555482443686993,1,2022-07-14,0.02260608052999058,0.0019494019136964136,0.01827085945784972,0.005628415631659049,0.012642443826190671,0.0721650605392217,0.007278606488573044,0.06488645405064865,0.12493916018549991,0.015481351635092852,0.10945780855040706,0.26357285365544103,0.12351510104676616,0.14005775260867487
ADM,5,0.01,2022-11-11,2022-11-18,82.44088745117188,84.64244842529297,hold_days,0.02670472191878126,0.02570472191878126,2,2022-11-09,-0.003070568789310557,0.028775290708091816,0.03444336789962572,-0.010221435260952613,0.04466480316057833,0.045729291664738526,-0.010221435260952613,0.05595072692569114,0.045729291664738526,-0.010221435260952613,0.05595072692569114,0.045729291664738526,0.009117617310126521,0.036611674354612
ADM,5,0.01,2023-10-27,2023-11-03,63.35490798950195,65.95097351074219,hold_days,0.040976549467492074,0.03997654946749207,3,2023-10-24,0.056294786833866794,-0.01631823736637472,0.03857234255683431,0.03351694655637584,0.00505539600045847,0.06861687934641202,0.05664915349305981,0.011967725853352207,0.07133397681951197,0.05664915349305981,0.014684823326452157,0.1926036504303995,0.0890978392604812,0.1035058111699183
ADM,5,0.01,2024-06-18,2024-06-26,55.49332809448242,56.19729995727539,hold_days,0.012685702713565616,0.011685702713565616,4,2024-06-14,0.010917703965110714,0.0007679987484549011,0.025695242937865216,-0.0034737146956178703,0.029168957633483088,0.03292982798909736,-0.0026619992977882038,0.03559182728688556,0.040518882836233415,0.0057906106554215875,0.03472827218081183,0.054777850189957435,0.007703404871939663,0.04707444531801777
ADM,5,0.01,2024-10-23,2024-10-30,52.389591217041016,51.87578201293945,hold_days,-0.009807467326342412,-0.010807467326342413,1,2024-10-22,-0.009809620279106035,-0.0009978470472363776,0.043493095706637966,0.01439680601006572,0.029096289696572245,0.043493095706637966,0.01439680601006572,0.029096289696572245,0.0653332196330143,0.01439680601006572,0.05093641362294858,0.10200157752396478,0.01439680601006572,0.08760477151389906
ADM,5,0.01,2024-11-13,2024-11-20,48.456626892089844,49.99805450439453,hold_days,0.03181046042964075,0.03081046042964075,1,2024-11-12,-0.006637176591458571,0.03744763702109932,0.02609841159437357,0.004441347308822287,0.02165706428555128,0.06591043042005158,0.004441347308822287,0.0614690831112293,0.11529948784988538,0.004441347308822287,0.11085814054106309,0.16941565114841928,0.004441347308822287,0.164974303839597
ADM,5,0.01,2025-05-07,2025-05-14,45.65610885620117,47.11503982543945,hold_days,0.031954781206461114,0.030954781206461113,2,2025-05-05,0.02834794847595501,0.0026068327305061034,0.009105879391909233,0.007467264742858554,0.0016386146490506796,0.01845015756825429,0.007467264742858554,0.010982892825395735,0.01845015756825429,0.007467264742858554,0.010982892825395735,0.05394183032383421,0.06290435883592169,-0.008962528512087474
ADM,5,0.01,2025-12-24,2026-01-02,56.61281204223633,57.857154846191406,hold_days,0.02197987980223859,0.020979879802238588,1,2025-12-23,-0.0027391966578398375,0.023719076460078425,0.013319746517730276,-0.0054675082264566115,0.01878725474418689,0.040199367713034354,-0.0021855203736561306,0.042384888086690484,0.04873238107703733,-0.0021855203736561306,0.05091790145069346,0.08067360361518365,-0.0021855203736561306,0.08285912398883978
ADM,5,0.01,2026-05-08,2026-05-15,76.66475677490234,79.36963653564453,hold_days,0.03528191928768609,0.03428191928768609,1,2026-05-07,0.002198895307822246,0.032083023979863845,0.019320510313107643,0.0084562813484545,0.010864228964653144,0.019320510313107643,0.008750714043548628,0.010569796269559015,0.019320510313107643,0.008750714043548628,0.010569796269559015,0.019320510313107643,0.0192606938584397,5.9816454667942914e-05
T,5,0.01,2015-06-16,2015-06-23,11.960312843322754,12.388084411621094,hold_days,0.03576591799077877,0.03476591799077877,1,2015-06-15,0.017310576245524345,0.017455341745254427,0.006020719867749437,0.008148021194268242,-0.002127301326518805,0.01701162149894614,0.010881899330614878,0.006129722168331261,,,,,,
T,5,0.01,2015-07-13,2015-07-20,12.245795249938965,12.25281810760498,hold_days,0.0005734913513313344,-0.0004265086486686656,4,2015-07-09,0.021265173625466094,-0.02169168227413476,0.0076166990527467655,-0.009798901872109645,0.01741560092485641,0.017233067277645453,-0.0011231605444616635,0.018356227822107118,0.01886323764930254,0.007844718069929339,0.011018519579373201,,,
T,5,0.01,2015-09-29,2015-10-06,11.259249687194824,11.694589614868164,hold_days,0.03866509223687009,0.03766509223687009,1,2015-09-28,0.05366230734532795,-0.015997215108457863,0.008041830660200916,0.026441117170839818,-0.0183992865106389,0.026411586961336938,0.05077379822025349,-0.024362211258916553,0.03403616786701221,0.05077379822025349,-0.01673763035324128,0.08788397466726156,0.10480806078076489,-0.016924086113503337
T,5,0.01,2015-10-28,2015-11-04,11.956578254699707,11.978043556213379,hold_days,0.001795271277151178,0.000795271277151178,1,2015-10-27,0.009309464899978748,-0.00851419362282757,0.01590114757808128,-0.008989855318335918,0.0248910028964172,0.01590114757808128,-0.008989855318335918,0.0248910028964172,0.01590114757808128,-0.008989855318335918,0.0248910028964172,0.020810483733975017,-0.008989855318335918,0.029800339052310935
T,5,0.01,2016-10-11,2016-10-18,14.938884735107422,15.038223266601562,hold_days,0.006649661822524688,0.005649661822524688,4,2016-10-07,-0.0018733457239910045,0.007523007546515693,0.004189135557634609,0.011880363635209121,-0.007691228077574512,0.041658185728298325,0.012235374684445625,0.0294228110438527,0.041658185728298325,0.012962521166876451,0.028695664561421873,0.08428531777515419,0.020071642217496282,0.0642136755576579
T,5,0.01,2016-12-05,2016-12-12,14.759317398071289,15.710661888122559,hold_days,0.06445721467956167,0.06345721467956167,3,2016-12-02,0.029692230856449564,0.033764983823112105,0.023014321469983393,-0.004611590406401132,0.027625911876384524,0.023014321469983393,-9.188072460510463e-05,0.023106202194588497,0.023014321469983393,-9.188072460510463e-05,0.023106202194588497,0.05317757895011826,-9.188072460510463e-05,0.053269459674723366
T,5,0.01,2017-02-14,2017-02-22,15.809782981872559,16.13567543029785,hold_days,0.020613341043261624,0.019613341043261623,1,2017-02-13,0.014621137024394049,0.004992204018867574,0.015224910740465636,-0.004372344676561177,0.019597255417026813,0.033444146625704343,-0.004372344676561177,0.03781649130226552,0.033444146625704343,-0.004372344676561177,0.03781649130226552,0.038134980553542856,-0.004372344676561177,0.04250732523010403
T,5,0.01,2017-06-30,2017-07-10,14.870529174804688,14.767126083374023,hold_days,-0.006953558290707096,-0.007953558290707097,1,2017-06-29,0.004822681294665898,-0.012776239585372995,0.011009070270334724,0.003739950373835472,0.0072691198964992525,0.03157037788671789,0.010775559881785314,0.020794818004932575,0.03429717529904782,0.010775559881785314,0.023521615417262505,0.07663103519500035,0.010775559881785314,0.06585547531321503
T,5,0.01,2017-07-20,2017-07-27,14.64283561706543,15.801591873168945,hold_days,0.07913468991982997,0.07813468991982997,2,2017-07-18,0.003584559098996687,0.07455013082083328,-0.0035726081176553405,0.0005422684809057009,-0.004114876598561041,0.01775108939556043,0.0005422684809057009,0.017208820914654727,0.02615223435783341,0.0005422684809057009,0.02560996587692771,0.0812981627909064,0.0005422684809057009,0.0807558943100007
T,5,0.01,2017-11-07,2017-11-14,13.480902671813965,13.745874404907227,hold_days,0.019655340561672396,0.018655340561672396,1,2017-11-06,-0.0018730905620722993,0.020528431123744695,0.01723614348771906,-0.0010272922238885782,0.018263435711607635,0.051348416282304785,-0.0010272922238885782,0.052375708506193365,0.141038797462301,-0.0010272922238885782,0.14206608968618958,0.14902340046269957,-0.0010272922238885782,0.15005069268658816
T,5,0.01,2018-01-12,2018-01-22,15.307110786437988,15.70949935913086,hold_days,0.026287689316875307,0.025287689316875306,1,2018-01-11,0.017059014504036796,0.00822867481283851,0.01830386369708114,-0.009590695202447612,0.02789455889952875,0.04160600076525019,-0.009590695202447612,0.0511966959676978,0.04160600076525019,-0.009590695202447612,0.0511966959676978,0.04160600076525019,-0.009590695202447612,0.0511966959676978
T,5,0.01,2018-03-02,2018-03-09,15.078957557678223,15.36933422088623,hold_days,0.019257078090265445,0.018257078090265444,1,2018-03-01,0.037793338149261,-0.019536260058995558,0.02963154441469777,0.040097654520203606,-0.010466110105505837,0.02963154441469777,0.040097654520203606,-0.010466110105505837,0.07175701235466916,0.04388046528002263,0.027876547074646534,0.07175701235466916,0.05877267915544811,0.012984333199221057
T,5,0.01,2019-08-15,2019-08-22,16.08742904663086,16.579326629638672,hold_days,0.03057651919284332,0.02957651919284332,1,2019-08-14,0.029657667469550786,-8.11482767074656e-05,0.014916786243107176,0.03279437082498606,-0.017877584581878887,0.014916786243107176,0.04293150331699263,-0.028014717073885455,0.014916786243107176,0.06441319907578029,-0.049496412832673115,0.014916786243107176,0.06441319907578029,-0.049496412832673115
T,5,0.01,2020-01-16,2020-01-24,18.465883255004883,18.69409942626953,hold_days,0.012358800719851626,0.011358800719851625,1,2020-01-15,-0.011234026900191596,0.02259282762004322,0.019845478556034222,-0.007868788159820667,0.02771426671585489,0.019845478556034222,-0.007868788159820667,0.02771426671585489,0.019845478556034222,-0.007868788159820667,0.02771426671585489,0.02329330777056297,-0.007868788159820667,0.03116209593038364
T,5,0.01,2020-04-23,2020-04-30,14.659584999084473,15.141610145568848,hold_days,0.03288122730039622,0.03188122730039622,1,2020-04-22,0.04337773542404921,-0.011496508123652993,0.05539514127019846,0.027614483705214424,0.02778065756498404,0.05539514127019846,0.027614483705214424,0.02778065756498404,0.05539514127019846,0.027614483705214424,0.02778065756498404,0.21805174148263481,0.18249258363258258,0.03555915785005223
T,5,0.01,2020-06-12,2020-06-19,15.156514167785645,15.062101364135742,hold_days,-0.006229189812692715,-0.007229189812692715,1,2020-06-11,0.012119953166500608,-0.019349142979193323,0.08215462543851422,0.0705528681286347,0.011601757309879515,0.08215462543851422,0.0705528681286347,0.011601757309879515,0.08215462543851422,0.0705528681286347,0.011601757309879515,0.08215462543851422,0.0705528681286347,0.011601757309879515
T,5,0.01,2021-03-22,2021-03-29,15.989198684692383,16.293094635009766,hold_days,0.019006327728501082,0.01800632772850108,3,2021-03-19,0.017863811726158918,0.00014251600234216344,0.005306805476104959,0.007112857763787088,-0.0018060522876821288,0.005306805476104959,0.007112857763787088,-0.0018060522876821288,0.005306805476104959,0.007112857763787088,-0.0018060522876821288,0.005306805476104959,0.007112857763787088,-0.0018060522876821288
T,5,0.01,2021-04-14,2021-04-21,16.2114315032959,16.418638229370117,hold_days,0.012781519388469276,0.011781519388469275,1,2021-04-13,0.007074725402081317,0.004706793986387958,0.01691476883476975,0.0011461318178768172,0.015768637016892934,0.018501160494166467,0.0011461318178768172,0.01735502867628965,0.018501160494166467,0.0011461318178768172,0.01735502867628965,0.018501160494166467,0.0011461318178768172,0.01735502867628965
T,5,0.01,2021-04-28,2021-04-30,16.882137298583984,17.127517700195312,resistance,0.014534913279725004,0.013534913279725003,1,2021-04-27,-0.0013153743743828938,0.014850287654107897,0.014012864583228899,-0.0008928975945422198,0.014905762177771118,0.014012864583228899,-0.0008372380705767627,0.014850102653805661,0.014012864583228899,-0.0008372380705767627,0.014850102653805661,0.014012864583228899,-0.0008372380705767627,0.014850102653805661
T,5,0.01,2021-06-21,2021-06-28,15.775201797485352,15.693410873413086,hold_days,-0.00518477830726094,-0.00618477830726094,3,2021-06-18,0.015209521735943143,-0.021394300043204084,0.011953680473731876,0.011224520800657766,0.0007291596730741104,0.013301507334758926,0.013111880582451668,0.0001896267523072582,0.03598796108121818,0.0151388300436057,0.020849131037612476,0.11339260522765844,0.016555877841531865,0.09683672738612657
T,5,0.01,2023-02-10,2023-02-17,15.77085018157959,16.076839447021484,hold_days,0.019402204822114966,0.018402204822114965,1,2023-02-09,-0.0014632957570147598,0.019865500579129725,0.038325750942778264,0.015692658038199685,0.02263309290457858,0.06381943696700988,0.01997939655093114,0.04384004041607874,0.06611161729637884,0.01997939655093114,0.04613222074544769,0.06611161729637884,0.01997939655093114,0.04613222074544769
T,5,0.01,2024-10-11,2024-10-18,19.742971420288086,20.186426162719727,hold_days,0.02246139818527726,0.02146139818527726,1,2024-10-10,0.004151327391528792,0.017310070793748467,0.013024337224246889,-0.005849291202236295,0.018873628426483186,0.024588633026056697,-0.004342165673577334,0.028930798699634032,0.028092722425014524,-0.004342165673577334,0.03243488809859186,0.028092722425014524,-0.004342165673577334,0.03243488809859186
T,5,0.01,2025-08-28,2025-09-05,27.63678741455078,28.257516860961914,hold_days,0.02246026056141104,0.021460260561411038,2,2025-08-26,-0.002583009009735293,0.02404326957114633,0.016983678737582664,-0.0005121916382258934,0.017495870375808558,0.016983678737582664,-0.0005121916382258934,0.017495870375808558,0.016983678737582664,-0.0005121916382258934,0.017495870375808558,0.016983678737582664,-0.0005121916382258934,0.017495870375808558
BAC,5,0.01,2016-04-11,2016-04-18,10.292022705078125,11.244250297546387,hold_days,0.09252093779373705,0.09152093779373704,4,2016-04-07,0.03458136213832219,0.056939575655414854,0.039970423315408635,0.010180310957367166,0.02979011235804147,0.0477236406748511,0.012451166830663331,0.035272473844187774,0.06286100733883085,0.012451166830663331,0.05040984050816752,0.1314640708589638,0.012451166830663331,0.11901290402830048
BAC,5,0.01,2016-05-16,2016-05-23,11.05380630493164,11.482308387756348,hold_days,0.03876511592513898,0.03776511592513898,3,2016-05-13,-0.007622525534188851,0.04538764145932783,0.025873924875321676,0.006778618367812703,0.019095306507508972,0.05687180306294063,0.006778618367812703,0.050093184695127926,0.07809380368321647,0.016252880944281,0.061840922738935475,0.07809380368321647,0.016252880944281,0.061840922738935475
BAC,5,0.01,2016-11-04,2016-11-11,13.238717079162598,15.214524269104004,hold_days,0.1492446117042019,0.1482446117042019,2,2016-11-02,0.04179262929074379,0.1064519824134581,0.007793670158927544,0.016707072332703347,-0.008913402173775804,0.02128899680261065,0.024117378450464865,-0.002828381647854216,0.02128899680261065,0.025423688115794582,-0.004134691313183933,0.02128899680261065,0.03376694621143617,-0.012477949408825524
BAC,5,0.01,2017-05-02,2017-05-08,18.949594497680664,19.295879364013672,resistance,0.018273998758938648,0.017273998758938647,4,2017-04-28,0.005361417366489096,0.01191258139244955,0.018765445608839703,0.0015595862968137129,0.01720585931202599,0.018765445608839703,0.0015595862968137129,0.01720585931202599,0.018765445608839703,0.0015595862968137129,0.01720585931202599,0.07725482929756051,0.0015595862968137129,0.0756952430007468
BAC,5,0.01,2017-05-18,2017-05-25,18.313377380371094,18.724096298217773,hold_days,0.022427262285704908,0.021427262285704907,1,2017-05-17,0.02426057052123287,-0.002833308235527965,0.05525565652043432,0.0178801702655879,0.03737548625484642,0.05838503079291536,0.0178801702655879,0.04050486052732746,0.05838503079291536,0.0178801702655879,0.04050486052732746,0.10823524276168438,0.0178801702655879,0.09035507249609648
BAC,5,0.01,2017-06-26,2017-07-03,18.494722366333008,19.941015243530273,hold_days,0.07820030214835971,0.07720030214835971,3,2017-06-23,0.0009568352137470093,0.0762434669346127,0.04265998357727669,0.007808522311714756,0.034851461265561934,0.04265998357727669,0.007808522311714756,0.034851461265561934,0.04265998357727669,0.007808522311714756,0.034851461265561934,0.049060854818940715,0.007808522311714756,0.04125233250722596
BAC,5,0.01,2018-09-14,2018-09-20,25.084243774414062,25.761531829833984,resistance,0.02700053713043382,0.02600053713043382,1,2018-09-13,0.012854749625877071,0.01314578750455675,0.01587825637453738,0.00017255351900023037,0.01570570285553715,0.02126987257366225,0.00017255351900023037,0.021097319054662018,0.02533364954199152,0.00017255351900023037,0.02516109602299129,0.04035202793386955,0.00017255351900023037,0.04017947441486932
BAC,5,0.01,2019-02-11,2019-02-19,23.596515655517578,24.194528579711914,hold_days,0.02534327241041212,0.02434327241041212,4,2019-02-07,0.02210272882017339,0.0022405435902387305,0.016274050807595686,0.009957720612286352,0.006316330195309335,0.04117447692249386,0.009957720612286352,0.03121675631020751,0.04117447692249386,0.009957720612286352,0.03121675631020751,0.04117447692249386,0.02658442888354584,0.01459004803894802
BAC,5,0.01,2019-09-26,2019-10-03,24.610605239868164,23.495391845703125,hold_days,-0.04531434246722377,-0.04631434246722377,2,2019-09-24,-0.026554025843523843,-0.019760316623699925,0.023138433361171103,0.003856638844722665,0.019281794516448438,0.03447105166785321,0.0064560109425890405,0.028015040725264173,0.03447105166785321,0.0064560109425890405,0.028015040725264173,0.05076097394247542,0.006826787328558057,0.04393418661391736
BAC,5,0.01,2019-10-09,2019-10-16,23.56298065185547,25.489246368408203,hold_days,0.08174966253265792,0.08074966253265792,1,2019-10-08,0.02358488927076796,0.057164773261889956,0.016919164047048952,0.009680545203709071,0.007238618843339881,0.04974457889747557,0.023580648139874726,0.026163930757600845,0.0755717014426986,0.02868966998723179,0.046882031455466815,0.09116819407813159,0.029052149090102893,0.062116044988028696
BAC,5,0.01,2021-02-01,2021-02-08,26.13255500793457,28.86269760131836,hold_days,0.10447285359410285,0.10347285359410285,3,2021-01-29,0.050963853686673,0.052508999907429854,0.038510905028829964,0.021895243843288538,0.016615661185541426,0.09239629170511836,0.031858677989774965,0.06053761371534339,0.11856443898665615,0.031858677989774965,0.08670576099688118,0.11856443898665615,0.031858677989774965,0.08670576099688118
BAC,5,0.01,2021-08-04,2021-08-11,33.68795394897461,36.92734909057617,hold_days,0.0961588568575018,0.0951588568575018,2,2021-08-02,0.021068509929850432,0.07409034692765137,0.010599833783456457,0.009885087596028337,0.0007147461874281204,0.010599833783456457,0.009885087596028337,0.0007147461874281204,0.058085355896662486,0.009885087596028337,0.04820026830063415,0.11555348219904028,0.009885087596028337,0.10566839460301194
BAC,5,0.01,2021-08-20,2021-08-27,35.536521911621094,37.4026985168457,hold_days,0.05251432905746278,0.05151432905746278,1,2021-08-19,0.019146019713187856,0.032368309344274926,0.030266773067489504,0.018015183458415827,0.012251589609073677,0.04223026810642665,0.018015183458415827,0.02421508464801082,0.04223026810642665,0.018015183458415827,0.02421508464801082,0.06702101566938741,0.018015183458415827,0.04900583221097159
BAC,5,0.01,2022-03-08,2022-03-15,34.475799560546875,37.0755615234375,hold_days,0.0754083152828664,0.0744083152828664,1,2022-03-07,0.01874022396802766,0.05566809131483874,0.10151360197782601,0.03501824825742996,0.06649535372039606,0.14884381849182185,0.03501824825742996,0.11382557023439188,0.21468849085836086,0.06960143526495771,0.14508705559340315,0.21468849085836086,0.07506722471276663,0.13962126614559422
BAC,5,0.01,2022-09-29,2022-10-06,27.730525970458984,28.454086303710938,hold_days,0.026092557134428374,0.025092557134428373,2,2022-09-27,0.0323398995268398,-0.007247342392411427,0.056615409252652876,0.03374648098173808,0.022868928270914794,0.11617185976423763,0.06556592714195833,0.050605932622279304,0.1307059599762389,0.11073923989049508,0.019966720085743822,0.15769619067184512,0.1441655793474211,0.013530611324424013
BAC,5,0.01,2022-11-29,2022-12-06,33.46476364135742,30.02144432067871,hold_days,-0.10289387839641828,-0.10389387839641828,1,2022-11-28,-0.010415713975563956,-0.09347816442085433,0.018567324998500875,0.013628439359477534,0.004938885639023342,0.020126825438986647,0.013628439359477534,0.006498386079509113,0.036708905377257725,0.013628439359477534,0.02308046601778019,0.036708905377257725,0.013628439359477534,0.02308046601778019
BAC,5,0.01,2023-06-01,2023-06-08,25.639482498168945,26.977758407592773,hold_days,0.05219590175111377,0.05119590175111377,1,2023-05-31,0.02916507304114302,0.02203082870997075,0.010891218786077617,0.002662096540460612,0.008229122245617004,0.020235342239388273,0.009094593720995813,0.01114074851839246,0.020235342239388273,0.009094593720995813,0.01114074851839246,0.15146450545383594,0.02771351058789359,0.12375099486594235
BAC,5,0.01,2024-01-04,2024-01-08,31.706649780273438,32.04435348510742,resistance,0.010650879458229179,0.009650879458229178,1,2024-01-03,0.007304371163501466,0.0023465082947277116,0.002949930001915118,0.008276807418941429,-0.005326877417026311,0.002949930001915118,0.008276807418941429,-0.005326877417026311,0.004125022645209711,0.008276807418941429,-0.004151784773731718,0.004125022645209711,0.008276807418941429,-0.004151784773731718
BAC,5,0.01,2024-05-03,2024-05-10,35.18912887573242,36.3227424621582,hold_days,0.032214880636262544,0.031214880636262543,1,2024-05-02,0.017647946998952557,0.013566933637309986,0.015331783915695684,-0.0030364394753541676,0.01836822339104985,0.02918950445786177,-0.0030364394753541676,0.03222594393321594,0.02918950445786177,0.0036769060903804017,0.02551259836748137,0.02918950445786177,0.014475787804007672,0.0147137166538541
BAC,5,0.01,2024-06-27,2024-07-05,37.30399703979492,38.40648651123047,hold_days,0.029554191478715852,0.02855419147871585,1,2024-06-26,0.0002852135417006352,0.028268977937015216,0.019240460931014697,0.0033351498989393894,0.015905311032075306,0.019240460931014697,0.0033351498989393894,0.015905311032075306,0.019240460931014697,0.0033351498989393894,0.015905311032075306,0.019240460931014697,0.0033351498989393894,0.015905311032075306
BAC,5,0.01,2024-12-23,2024-12-31,42.21945571899414,42.27717971801758,hold_days,0.0013672369299984055,0.0003672369299984055,4,2024-12-19,-0.006579849176846286,0.006947086106844692,0.03474821210535496,0.014465710778178468,0.020282501327176496,0.04752619725791004,0.02645418156576185,0.02107201569214819,0.07611175100877794,0.030017525602473633,0.04609422540630431,0.07611175100877794,0.030017525602473633,0.04609422540630431
BAC,5,0.01,2025-03-12,2025-03-19,38.63322067260742,40.85963821411133,hold_days,0.05762961261685673,0.05662961261685673,1,2025-03-11,0.013264602105948597,0.04336501051090813,0.050322431940177666,0.03078831379102096,0.019534118149156704,0.12881000090667713,0.04806697194766417,0.08074302895901296,0.1447644296508077,0.05564024256880975,0.08912418708199796,0.1587377178629285,0.05564024256880975,0.10309747529411875
BAC,5,0.01,2025-10-13,2025-10-20,47.840240478515625,50.9538688659668,hold_days,0.06508387826456397,0.06408387826456396,3,2025-10-10,0.020279316204418807,0.04380456206014516,0.030363140873162685,0.01737738355111445,0.012985757322048236,0.0679129344755093,0.01737738355111445,0.05053555092439486,0.0679129344755093,0.01737738355111445,0.05053555092439486,0.0679129344755093,0.01737738355111445,0.05053555092439486
BAC,5,0.01,2026-01-26,2026-02-02,51.19898223876953,53.1772575378418,hold_days,0.038638957505960914,0.03763895750596091,3,2026-01-23,0.011973599561946546,0.025665357944014366,0.017934657104482075,-0.0005826104948261302,0.018517267599308204,0.06857651364836852,0.0007811727378897874,0.06779534091047873,0.09135366342425096,0.0007811727378897874,0.09057249068636117,0.09135366342425096,0.0007811727378897874,0.09057249068636117
BAC,5,0.01,2026-03-30,2026-03-31,46.74736022949219,48.2518310546875,resistance,0.03218301135742352,0.031183011357423518,3,2026-03-27,0.02006114498679268,0.01112186637063084,0.03117955924802481,0.01903454212925072,0.012145017118774092,0.03117955924802481,0.030335420947896076,0.0008441383001287356,0.05572575304748888,0.057195079796075195,-0.001469326748586318,0.1703581641716675,0.06496147867195778,0.10539668549970971
BA,5,0.01,2015-07-28,2015-08-04,125.59712219238281,127.12932586669922,hold_days,0.012199353357551068,0.011199353357551067,1,2015-07-27,-0.0006442239558800411,0.011843577313431108,0.031815366845005334,0.008583577408763372,0.023231789436241962,0.04498643382858416,0.01389971530894278,0.031086718519641378,0.04498643382858416,0.01389971530894278,0.031086718519641378,,,
BA,5,0.01,2015-11-13,2015-11-20,127.87947082519531,133.98692321777344,hold_days,0.04775944374157359,0.04675944374157359,1,2015-11-12,0.036722211303897634,0.010037232437675958,0.03616335763997307,0.037175320530075016,-0.0010119628901019487,0.037789514170737726,0.037175320530075016,0.0006141936406627094,0.037789514170737726,0.037175320530075016,0.0006141936406627094,0.037789514170737726,0.037175320530075016,0.0006141936406627094
BA,5,0.01,2015-12-21,2015-12-29,126.36380767822266,132.14842224121094,hold_days,0.04577746325687193,0.04477746325687193,3,2015-12-18,0.031548442604282245,0.013229020652589685,0.048680332603190664,0.028326437980329865,0.0203538946228608,0.05085923055376125,0.028326437980329865,0.022532792573431385,0.05689447415073989,0.03841590696647429,0.018478567184265604,0.05689447415073989,0.03841590696647429,0.018478567184265604
BA,5,0.01,2016-05-05,2016-05-12,119.5499038696289,122.66034698486328,hold_days,0.026017947439141098,0.025017947439141097,1,2016-05-04,0.011518913760049543,0.013499033679091554,0.020178281568873305,0.017780756749313207,0.0023975248195600984,0.03647524945833556,0.02521069509151279,0.01126455436682277,0.03647524945833556,0.02731654819782842,0.009158701260507138,0.03647524945833556,0.02731654819782842,0.009158701260507138
BA,5,0.01,2016-06-28,2016-07-06,113.05155181884766,115.85298919677734,hold_days,0.02478017623693196,0.02378017623693196,1,2016-06-27,0.047137021530617274,-0.023356845293685313,0.0723323665937574,0.0370006805116832,0.0353316860820742,0.0723323665937574,0.0370006805116832,0.0353316860820742,0.0723323665937574,0.041397655005350906,0.030934711588406494,0.08884938641698163,0.041397655005350906,0.047451731411630726
BA,5,0.01,2016-08-08,2016-08-15,120.62542724609375,123.8976821899414,hold_days,0.027127406041611568,0.026127406041611567,4,2016-08-04,0.006537172992002516,0.01959023304960905,0.007657061650841579,-0.0007076172909888287,0.008364678941830407,0.027728938929550976,-0.0007076172909888287,0.028436556220539803,0.027728938929550976,-0.0007076172909888287,0.028436556220539803,0.027728938929550976,-0.0007076172909888287,0.028436556220539803
BA,5,0.01,2016-09-19,2016-09-26,117.29151153564453,120.13455963134766,hold_days,0.024239163247880224,0.023239163247880223,3,2016-09-16,0.004436378526763374,0.01880278472111685,0.020288865553581868,0.011420965732175166,0.008867899821406702,0.04143166664370055,0.023612540609706047,0.017819126033994503,0.055633797323019714,0.027257764855013966,0.028376032468005748,0.05570352043531793,0.027257764855013966,0.02844575558030396
BA,5,0.01,2017-01-18,2017-01-25,146.78530883789062,155.16668701171875,hold_days,0.057099571068685684,0.05609957106868568,1,2017-01-17,0.013721140471727677,0.042378430596958006,0.006775289217945095,0.002819459923525641,0.003955829294419453,0.006775289217945095,0.002819459923525641,0.003955829294419453,0.006775289217945095,0.002819459923525641,0.003955829294419453,0.006775289217945095,0.002819459923525641,0.003955829294419453
BA,5,0.01,2017-06-07,2017-06-14,177.24232482910156,181.2752685546875,hold_days,0.02275384127055724,0.02175384127055724,1,2017-06-06,0.004966311304609006,0.016787529965948234,0.011196968287230916,0.000282782088777448,0.010914186198453468,0.011196968287230916,0.000282782088777448,0.010914186198453468,0.011196968287230916,0.000282782088777448,0.010914186198453468,0.011196968287230916,0.000282782088777448,0.010914186198453468
BA,5,0.01,2017-09-07,2017-09-11,223.9976043701172,228.05458068847656,resistance,0.01811169512177435,0.01711169512177435,1,2017-09-06,0.010948870765913332,0.0061628243558610185,0.017258667190798698,0.0005474629530302181,0.01671120423776848,0.017381151564294938,0.0005474629530302181,0.01683368861126472,0.017381151564294938,0.0005474629530302181,0.01683368861126472,0.01955191502159504,0.0011425798567319206,0.018409335164863122
BA,5,0.01,2018-06-01,2018-06-08,343.3339538574219,355.63433837890625,hold_days,0.03582629793321401,0.03482629793321401,1,2018-05-31,0.020092032714808195,0.014734265218405818,0.009358657702755653,0.002884568289418304,0.006474089413337349,0.019784631491122938,0.005397069849004621,0.014387561642118317,0.019784631491122938,0.005397069849004621,0.014387561642118317,0.019784631491122938,0.019060532384193005,0.0007240991069299325
BA,5,0.01,2018-09-11,2018-09-18,333.936279296875,351.6656188964844,hold_days,0.05309198400646875,0.05209198400646875,1,2018-09-10,0.00980716598639697,0.04228481802007178,0.017137716287342515,-0.0025262082545964206,0.019663924541938937,0.024000609373922704,0.0042265520528172295,0.019774057321105473,0.024083477139136028,0.0042265520528172295,0.019856925086318797,0.037970472411869835,0.0042265520528172295,0.033743920359052604
BA,5,0.01,2019-07-09,2019-07-16,346.8011169433594,356.2890319824219,hold_days,0.027358375090274167,0.026358375090274166,1,2019-07-08,0.007615158275972034,0.018743216814302133,0.009454048136229085,0.006763481484936138,0.002690566651292947,0.05827595399664562,0.006763481484936138,0.051512472511709484,0.05827595399664562,0.006763481484936138,0.051512472511709484,0.07231309898937126,0.006763481484936138,0.06554961750443512
BA,5,0.01,2019-12-20,2019-12-30,326.0600280761719,324.4695129394531,hold_days,-0.004877982579168494,-0.005877982579168494,4,2019-12-16,0.00016413350643373903,-0.006042116085602233,0.040009434280130735,-0.004807262086500545,0.04481669636663128,0.07368185870952774,-0.004807262086500545,0.0784891207960283,0.12184416477415114,-0.004807262086500545,0.12665142686065167,0.14726633363954378,-0.004807262086500545,0.1520735957260443
BA,5,0.01,2021-07-02,2021-07-12,236.67999267578125,238.2899932861328,hold_days,0.006802436455019878,0.005802436455019878,3,2021-06-29,0.005477076854238927,0.0003253596007809509,0.04710529018852142,-0.0042285686956107125,0.05133385888413213,0.0554336682062066,-0.0042285686956107125,0.05966223690181731,0.06361766964914141,-0.0042285686956107125,0.06784623834475212,0.07409436978012349,-0.0042285686956107125,0.0783229384757342
BA,5,0.01,2021-08-04,2021-08-11,226.6300048828125,239.49000549316406,hold_days,0.056744474841278425,0.055744474841278424,2,2021-08-02,0.021068509929850432,0.03467596491142799,0.021586149870909975,0.009885087596028337,0.011701062274881638,0.021586149870909975,0.009885087596028337,0.011701062274881638,0.05409237302546146,0.009885087596028337,0.04420728542943312,0.11341049522000307,0.009885087596028337,0.10352540762397473
BA,5,0.01,2022-01-28,2022-02-04,190.57000732421875,206.4499969482422,hold_days,0.08332890283730032,0.08232890283730032,1,2022-01-27,0.016342727421641667,0.06598617541565865,0.0723812059018476,-0.012983667402582427,0.08536487330443003,0.15662063346662378,0.03390133510047935,0.12271929836614442,0.15662063346662378,0.03991673098167702,0.11670390248494675,0.18241876391826908,0.03991673098167702,0.14250203293659205
BA,5,0.01,2022-05-06,2022-05-13,148.89999389648438,127.19999694824219,hold_days,-0.1457353783595725,-0.1467353783595725,4,2022-05-02,-0.020319441946258676,-0.12641593641331383,0.051411143922157135,0.03141613290115357,0.019995011021003567,0.15837669320855371,0.03141613290115357,0.12696056030740016,0.19937629144468277,0.06365998315526544,0.13571630828941733,0.3198739374326203,0.07235709599436552,0.2475168414382548
BA,5,0.01,2022-12-19,2022-12-27,185.67999267578125,189.39999389648438,hold_days,0.020034475266264673,0.019034475266264672,4,2022-12-15,0.015177049632254969,0.0038574256340097035,0.013652097339807438,0.04610681776040328,-0.03245472042059584,0.013652097339807438,0.04610681776040328,-0.03245472042059584,0.013652097339807438,0.060219470074693415,-0.04656737273488598,0.013652097339807438,0.060219470074693415,-0.04656737273488598
BA,5,0.01,2023-02-06,2023-02-13,206.80999755859375,215.64999389648438,hold_days,0.04274453093296926,0.04174453093296926,3,2023-02-03,0.0028849984534422557,0.038859532479527004,0.03697323604845751,0.014169339888387917,0.022803896160069594,0.03697323604845751,0.014169339888387917,0.022803896160069594,0.03697323604845751,0.014169339888387917,0.022803896160069594,0.03697323604845751,0.014169339888387917,0.022803896160069594
BA,5,0.01,2023-02-27,2023-03-06,200.4600067138672,211.9199981689453,hold_days,0.057168467880158724,0.05616846788015872,3,2023-02-24,0.019644317623316088,0.036524150256842636,0.05291503710886107,0.02835196077173521,0.02456307633712586,0.08235289762277911,0.03848079438961265,0.04387210323316646,0.08235289762277911,0.049158303833621596,0.03319459378915752,0.08235289762277911,0.049158303833621596,0.03319459378915752
BA,5,0.01,2023-05-05,2023-05-12,198.33999633789062,200.6999969482422,hold_days,0.011898763002551771,0.01089876300255177,1,2023-05-04,-0.007187728873422006,0.018086491875973776,0.0408163385783484,0.01770924028889724,0.023107098289451157,0.0408163385783484,0.02183624896742966,0.018980089610918738,0.07139847493547931,0.024591507399272954,0.046806967536206355,0.09205768318283047,0.02779980961744791,0.06425787356538257
BA,5,0.01,2023-06-26,2023-07-03,205.5800018310547,210.9199981689453,hold_days,0.025975271380136666,0.024975271380136665,3,2023-06-23,0.021136492970871057,0.0038387784092656085,0.06550299241915855,0.02057936361595105,0.0449236288032075,0.07212491380946597,0.022172269733018148,0.04995264407644782,0.07212491380946597,0.022172269733018148,0.04995264407644782,0.07212491380946597,0.022172269733018148,0.04995264407644782
BA,5,0.01,2025-05-28,2025-06-04,201.5,211.97999572753906,resistance,0.05200990435503261,0.05100990435503261,1,2025-05-27,0.008551275307303152,0.04245862904772946,0.02971058999059579,0.012605598847648036,0.01710499114294775,0.02971058999059579,0.015579012316799075,0.014131577673796714,0.02971058999059579,0.015579012316799075,0.014131577673796714,0.02971058999059579,0.015579012316799075,0.014131577673796714
CAT,5,0.01,2015-09-11,2015-09-18,55.87696838378906,55.28459548950195,hold_days,-0.010601378554011998,-0.011601378554011998,1,2015-09-10,0.0019340634739708484,-0.013535442027982847,0.024445844094614783,0.0053939460715615,0.019051898023053283,0.04984326234353641,0.014955238560394548,0.03488802378314186,0.07853350575194216,0.06915645962401719,0.009377046127924976,0.1712760408121237,0.07540044272748234,0.09587559808464136
CAT,5,0.01,2016-05-20,2016-05-27,55.57146453857422,57.2337760925293,hold_days,0.029913042021795233,0.028913042021795232,1,2016-05-19,0.02712940343050474,0.0017836385912904928,0.016608809441759066,0.0062497728165499256,0.01035903662520914,0.047574197509942864,0.012986026359553707,0.03458817115038916,0.11197288857342175,0.02028458187892735,0.0916883066944944,0.1223881852239151,0.022401076947314736,0.09998710827660037
CAT,5,0.01,2016-09-14,2016-09-21,65.06047821044922,67.02789306640625,hold_days,0.03023978473679656,0.02923978473679656,1,2016-09-13,0.01821723737963099,0.011022547357165569,0.03225064410841244,0.027392354429359573,0.004858289679052868,0.03225064410841244,0.02848122037050611,0.0037694237379063307,0.040161329662936805,0.03210826798999195,0.008053061672944853,0.040161329662936805,0.03210826798999195,0.008053061672944853
CAT,5,0.01,2016-12-19,2016-12-27,75.10494232177734,76.59552764892578,hold_days,0.019846700910337134,0.018846700910337133,3,2016-12-16,0.0024869393437854104,0.016359761566551723,0.03447177688920414,0.0023491171572296503,0.03212265973197449,0.04746692505799871,0.0023491171572296503,0.04511780790076906,0.04746692505799871,0.0023491171572296503,0.04511780790076906,0.04746692505799871,0.0023491171572296503,0.04511780790076906
CAT,5,0.01,2017-06-22,2017-06-29,85.52393341064453,87.0064468383789,hold_days,0.01733448601593257,0.01633448601593257,1,2017-06-21,-0.006660210429632385,0.022994696445564955,0.03494418844022579,0.0085806841284749,0.026363504311750885,0.03494418844022579,0.0085806841284749,0.026363504311750885,0.03494418844022579,0.0085806841284749,0.026363504311750885,0.03494418844022579,0.0085806841284749,0.026363504311750885
CAT,5,0.01,2018-06-04,2018-06-11,128.49656677246094,131.6984100341797,hold_days,0.02491773392972063,0.02391773392972063,4,2018-05-31,0.014532338178425253,0.009385395751295378,0.021494661309714218,-0.00549557300339383,0.02699023431310805,0.04039750373361976,-6.88431630295883e-05,0.04046634689664935,0.04039750373361976,-6.88431630295883e-05,0.04046634689664935,0.04039750373361976,0.01366970792800006,0.0267277958056197
CAT,5,0.01,2018-07-05,2018-07-12,114.43353271484375,117.47535705566406,hold_days,0.026581582064762577,0.025581582064762576,2,2018-07-03,0.024236823606200275,0.0013447584585623007,0.0035217812971821364,-0.0032469129343046083,0.006768694231486745,0.05114242233921899,0.008481858609826589,0.042660563729392406,0.13765967117876077,0.025567476840491307,0.11209219433826946,0.14541916248863618,0.025567476840491307,0.11985168564814487
CAT,5,0.01,2019-07-11,2019-07-16,115.72309875488281,120.15472412109375,resistance,0.038295080359001865,0.037295080359001864,1,2019-07-10,0.001615681121140078,0.035679399237861786,0.012021338121051285,0.0008141938345011762,0.011207144286550109,0.01932665213377425,0.0008141938345011762,0.01851245829927307,0.01932665213377425,0.0008141938345011762,0.01851245829927307,0.06556910061739477,0.0008141938345011762,0.06475490678289358
CAT,5,0.01,2020-08-21,2020-08-24,124.35102844238281,127.2705078125,resistance,0.023477725972084862,0.02247772597208486,1,2020-08-20,0.014291569037148566,0.008186156934936295,0.010931916976463379,0.004896714108536831,0.006035202867926547,0.029038756030628138,0.010658823824211223,0.018379932206416913,0.029038756030628138,0.010658823824211223,0.018379932206416913,0.029038756030628138,0.010658823824211223,0.018379932206416913
CAT,5,0.01,2021-01-29,2021-02-05,166.12677001953125,175.35806274414062,hold_days,0.05556776143618558,0.05456776143618558,2,2021-01-27,0.05135894403309349,0.00320881740309209,0.04741062478240939,0.03374344785155693,0.01366717693085246,0.06883074552236616,0.0423761486914338,0.02645459683093236,0.06949090078657462,0.0423761486914338,0.027114752095140818,0.06949090078657462,0.0423761486914338,0.027114752095140818
CAT,5,0.01,2021-11-11,2021-11-18,192.40283203125,185.84271240234375,hold_days,-0.03409575399514264,-0.03509575399514264,1,2021-11-10,0.005383830111519883,-0.040479584106662525,0.026697875785361046,0.008503818298084711,0.018194057487276337,0.026697875785361046,0.008503818298084711,0.018194057487276337,0.026697875785361046,0.008503818298084711,0.018194057487276337,0.026697875785361046,0.008503818298084711,0.018194057487276337
CAT,5,0.01,2022-02-07,2022-02-14,185.2610626220703,185.325927734375,hold_days,0.0003501281455835503,-0.0006498718544164497,3,2022-02-04,-0.015271387017870675,0.014621515163454224,0.026929593692598154,0.011940510286697119,0.014989083405901035,0.06769930317422887,0.011940510286697119,0.05575879288753175,0.12650792931353144,0.0237742003209096,0.10273372899262184,0.12650792931353144,0.0237742003209096,0.10273372899262184
CAT,5,0.01,2022-08-26,2022-09-02,180.0352325439453,169.63198852539062,hold_days,-0.05778448957770155,-0.05878448957770155,4,2022-08-22,-0.026806183960334073,-0.031978305617367475,0.03499594697592714,0.035251374042859704,-0.00025542706693256617,0.03499594697592714,0.04652756119506849,-0.011531614219141353,0.03499594697592714,0.04652756119506849,-0.011531614219141353,0.1590221417271538,0.04652756119506849,0.1124945805320853
CAT,5,0.01,2022-09-07,2022-09-14,169.6601104736328,173.2154083251953,hold_days,0.020955413984096394,0.019955413984096393,1,2022-09-06,-0.009622225032364318,0.02957763901646071,0.03252405541219801,0.003527939630781921,0.028996115781416087,0.09060747760245162,0.049487967859203154,0.04111950974324847,0.09060747760245162,0.06398132095940559,0.02662615664304603,0.15364035630570702,0.06398132095940559,0.08965903534630143
CAT,5,0.01,2023-01-05,2023-01-12,226.90870666503906,240.8756866455078,hold_days,0.06155330126263814,0.06055330126263814,2,2023-01-03,0.040739995990067834,0.019813305272570303,0.0044747689561280245,0.00919096499818679,-0.004716196042058765,0.011762734894011313,0.01039569852852474,0.0013670363654865736,0.011762734894011313,0.035530562522052805,-0.023767827628041492,0.011762734894011313,0.04979968834485004,-0.038036953450838726
CAT,5,0.01,2023-02-03,2023-02-10,235.08828735351562,235.00286865234375,hold_days,-0.0003633473285014066,-0.0013633473285014066,1,2023-02-02,-0.010181793391604077,0.00881844606310267,0.06343096903757632,0.00989838648543193,0.053532582552144395,0.06343096903757632,0.00989838648543193,0.053532582552144395,0.06343096903757632,0.00989838648543193,0.053532582552144395,0.06343096903757632,0.00989838648543193,0.053532582552144395
CAT,5,0.01,2024-05-02,2024-05-09,325.93951416015625,341.8167419433594,hold_days,0.048712190739173655,0.047712190739173654,1,2024-05-01,0.025470390977667456,0.022241799761506198,0.04105182397831491,0.006407479848113163,0.034644344130201746,0.0772447004181883,0.006407479848113163,0.07083722057007515,0.11241025840476801,0.013057617048310667,0.09935264135645734,0.11241025840476801,0.02375482372434857,0.08865543468041945
CAT,5,0.01,2024-06-18,2024-06-26,315.9312744140625,317.4762268066406,hold_days,0.004890153389984775,0.003890153389984775,4,2024-06-14,0.010917703965110714,-0.0070275505751259395,0.01092059331946655,-0.0034737146956178703,0.01439430801508442,0.013561434468248916,-0.0026619992977882038,0.016223433766037118,0.10368015058093401,0.0057906106554215875,0.09788953992551241,0.13966442840912519,0.007703404871939663,0.13196102353718553
CAT,5,0.01,2024-09-09,2024-09-16,325.90106201171875,339.48187255859375,hold_days,0.041671574995931326,0.040671574995931326,3,2024-09-06,0.01616123867377084,0.024510336322160486,0.06194885533900631,0.022488583180756774,0.03946027215824954,0.06194885533900631,0.022488583180756774,0.03946027215824954,0.06194885533900631,0.022488583180756774,0.03946027215824954,0.06983068574854404,0.022488583180756774,0.04734210256778726
CAT,5,0.01,2024-11-01,2024-11-08,371.7109375,385.1643371582031,hold_days,0.03619317674289069,0.035193176742890686,1,2024-10-31,0.028203284997365685,0.006989891745525001,0.028109849654231304,0.0025148360404404413,0.02559501361379086,0.032666597678585485,0.022132912875086112,0.010533684803499373,0.05230104931997626,0.022886176474647305,0.029414872845328958,0.05230104931997626,0.022886176474647305,0.029414872845328958
CAT,5,0.01,2025-09-04,2025-09-11,416.4710998535156,427.5315246582031,hold_days,0.02655748456154039,0.02555748456154039,1,2025-09-03,0.004451355649934152,0.021106128911606237,0.03377713370432851,-0.0004233811254963122,0.03420051482982483,0.03546268466835234,-0.0004233811254963122,0.035886065793848655,0.03546268466835234,-0.0004233811254963122,0.035886065793848655,0.04063735435755284,-0.0004233811254963122,0.04106073548304916
CVX,5,0.01,2016-05-24,2016-06-01,65.02806091308594,65.63817596435547,hold_days,0.009382334990504893,0.008382334990504892,1,2016-05-23,0.013007714496353184,-0.004625379505848293,0.005558395234907856,-0.013172041601414986,0.01873043683632284,0.010176072792609996,-1.4962762416165794e-05,0.010191035555026162,0.025044762212079717,0.007379729633888906,0.017665032578190812,0.025044762212079717,0.00952410326336628,0.015520658948713437
CVX,5,0.01,2016-09-02,2016-09-12,66.19860076904297,67.06439208984375,hold_days,0.013078695179999267,0.012078695179999266,1,2016-09-01,-0.010062218635619735,0.022140913815619,0.010975065963241137,0.0026798033351788896,0.008295262628062247,0.013584835133128451,0.006018097028205934,0.007566738104922517,0.025302113912758932,0.006018097028205934,0.019284016884552998,0.04705724202440987,0.006018097028205934,0.04103914499620394
CVX,5,0.01,2017-05-05,2017-05-08,70.75164794921875,71.34687805175781,resistance,0.008412950366418093,0.007412950366418093,1,2017-05-04,0.0015919196549960546,0.005821030711422038,0.008714511947245802,-0.002198050701508631,0.010912562648754433,0.008807749922108516,-0.002198050701508631,0.011005800623617147,0.03326340475055678,-0.002198050701508631,0.03546145545206541,0.07103987165036585,-0.002198050701508631,0.07323792235187448
CVX,5,0.01,2017-10-30,2017-11-06,78.05797576904297,79.86628723144531,hold_days,0.02316626128959265,0.022166261289592648,3,2017-10-27,0.006479937496267851,0.015686323793324797,0.04059399590064397,0.005511307007680043,0.035082688892963926,0.048494423565371134,0.005511307007680043,0.04298311655769109,0.048494423565371134,0.005511307007680043,0.04298311655769109,0.048494423565371134,0.005511307007680043,0.04298311655769109
CVX,5,0.01,2017-11-17,2017-11-27,79.00908660888672,79.61522674560547,hold_days,0.007671777547806347,0.0066717775478063466,1,2017-11-16,0.012333706195147176,-0.0056619286473408295,0.012336307803702503,0.0028674988687093523,0.009468808934993151,0.012420605785379402,0.004210121858666408,0.008210483926712994,0.0289039483261338,0.004210121858666408,0.024693826467467393,0.03690064011143662,0.004210121858666408,0.032690518252770216
CVX,5,0.01,2017-12-15,2017-12-22,82.46676635742188,86.08281707763672,hold_days,0.04384858143391246,0.04284858143391246,1,2017-12-14,0.004218619563468584,0.038629961870443874,0.005729543612342582,-0.005697255913231802,0.011426799525574384,0.009185473189779244,-0.005697255913231802,0.014882729103011045,0.009185473189779244,-0.005697255913231802,0.014882729103011045,0.009185473189779244,-0.005697255913231802,0.014882729103011045
CVX,5,0.01,2018-08-16,2018-08-23,83.35298156738281,83.66468811035156,hold_days,0.003739596797947442,0.002739596797947442,1,2018-08-15,0.005135170558156377,-0.0023955737602089347,0.036905832545391364,0.0020198714820341677,0.034885961063357195,0.05106206602794063,0.007059416838784228,0.044002649189156404,0.07073422873159775,0.007059416838784228,0.06367481189281353,0.0770161238543426,0.007059416838784228,0.06995670701555838
CVX,5,0.01,2018-09-12,2018-09-19,82.02825164794922,84.66358184814453,hold_days,0.032127104348215196,0.031127104348215195,2,2018-09-10,0.01110970213078799,0.020017402217427205,0.026320200763594998,-0.001852387744716566,0.028172588508311565,0.036848692374871976,0.0023819935213257085,0.034466698853546265,0.046335998433209014,0.0023819935213257085,0.0439540049118833,0.0855030605976735,0.0023819935213257085,0.0831210670763478
CVX,5,0.01,2018-09-27,2018-10-04,86.76049041748047,88.51739501953125,hold_days,0.020250053838985593,0.019250053838985592,1,2018-09-26,0.0004913170833551472,0.018758736755630445,0.0072951366337739975,0.001756809464033004,0.005538327169740993,0.0072951366337739975,0.001756809464033004,0.005538327169740993,0.0072951366337739975,0.001756809464033004,0.005538327169740993,0.032745409613830365,0.001756809464033004,0.03098860014979736
CVX,5,0.01,2019-03-28,2019-04-04,88.88648223876953,90.17261505126953,hold_days,0.014469385896554554,0.013469385896554553,1,2019-03-27,0.023879088077048305,-0.010409702180493752,0.02256505373173171,0.011346415653403158,0.011218638078328553,0.022720014951285433,0.011346415653403158,0.011373599297882274,0.022720014951285433,0.011346415653403158,0.011373599297882274,0.022720014951285433,0.011346415653403158,0.011373599297882274
CVX,5,0.01,2019-05-03,2019-05-10,84.73188018798828,88.14227294921875,hold_days,0.0402492279607638,0.0392492279607638,1,2019-05-02,-0.021915043837080983,0.06116427179784478,0.023238545236303587,0.004049639759074341,0.019188905477229245,0.038928329311985144,0.004049639759074341,0.034878689552910805,0.07428182717107659,0.004049639759074341,0.07023218741200225,0.07428182717107659,0.004049639759074341,0.07023218741200225
CVX,5,0.01,2019-07-19,2019-07-23,91.23491668701172,91.80402374267578,resistance,0.006237820741552547,0.005237820741552547,2,2019-07-17,0.009728150709882089,-0.004490329968329542,0.007461504131598962,0.006880248600968771,0.000581255530630191,0.007461504131598962,0.006880248600968771,0.000581255530630191,0.007461504131598962,0.006880248600968771,0.000581255530630191,0.007461504131598962,0.006880248600968771,0.000581255530630191
CVX,5,0.01,2019-08-06,2019-08-13,87.1051025390625,89.30134582519531,hold_days,0.025213715639079926,0.024213715639079925,1,2019-08-05,0.013457952587958344,0.01075576305112158,0.039890609974691786,0.04498029696913558,-0.005089686994443794,0.05658300635707295,0.04767926510078048,0.008903741256292473,0.05658300635707295,0.04767926510078048,0.008903741256292473,0.05658300635707295,0.04767926510078048,0.008903741256292473
CVX,5,0.01,2021-04-23,2021-04-30,81.00730895996094,82.21981048583984,hold_days,0.014967804034549559,0.013967804034549558,1,2021-04-22,0.0023957820216882197,0.011572022012861338,0.01656005576579699,0.0028681481492262516,0.013691907616570737,0.026086055226544037,0.0028681481492262516,0.023217907077317787,0.05517300784654382,0.0028681481492262516,0.05230485969731757,0.08972740748843898,0.0028681481492262516,0.08685925933921272
CVX,5,0.01,2021-12-20,2021-12-28,94.08153533935547,98.14611053466797,hold_days,0.04320268776069014,0.04220268776069014,3,2021-12-17,0.0416275442506131,0.0005751435100770363,0.025634175677104347,0.021503775628688975,0.004130400048415372,0.04052311696868467,0.02250343437939188,0.018019682589292794,0.04052311696868467,0.02250343437939188,0.018019682589292794,0.04052311696868467,0.025939102961270694,0.014584014007413978
CVX,5,0.01,2022-09-08,2022-09-15,132.721923828125,136.6963348388672,hold_days,0.02994539934403795,0.028945399344037948,1,2022-09-07,-0.029355954518732186,0.05830135386277013,0.013349068813915465,-0.0063808370248646966,0.019729905838780162,0.05272425265089323,0.04293115823671418,0.009793094414179047,0.05272425265089323,0.05752448919501432,-0.004800236544121095,0.060775822832827425,0.05752448919501432,0.003251333637813103
CVX,5,0.01,2022-10-11,2022-10-18,133.7602081298828,138.48355102539062,resistance,0.03531201813712337,0.03431201813712337,1,2022-10-10,0.04278206084933611,-0.008470042712212744,0.02632878200087947,0.035817165951103284,-0.009488383950223816,0.02632878200087947,0.035817165951103284,-0.009488383950223816,0.0373614632011671,0.07160127620052018,-0.034239812999353074,0.04531370954286713,0.1393631524989786,-0.09404944295611148
CVX,5,0.01,2023-04-10,2023-04-17,145.60777282714844,147.88327026367188,hold_days,0.015627582184260858,0.014627582184260857,4,2023-04-06,0.014260751367099367,0.0003668308171614898,0.009767474825606378,0.005293106256395914,0.004474368569210465,0.009767474825606378,0.005293106256395914,0.004474368569210465,0.009767474825606378,0.005293106256395914,0.004474368569210465,0.09591698681661211,0.029027529760737285,0.06688945705587482
CVX,5,0.01,2023-07-19,2023-07-26,135.15139770507812,140.96144104003906,hold_days,0.04298914723500946,0.04198914723500946,2,2023-07-17,0.020656742071181844,0.021332405163827617,0.03100721935166962,-0.004605635591620018,0.03561285494328964,0.03100721935166962,-0.004605635591620018,0.03561285494328964,0.03100721935166962,-0.004605635591620018,0.03561285494328964,0.08907853616691475,-0.004605635591620018,0.09368417175853476
CVX,5,0.01,2023-10-12,2023-10-19,142.21913146972656,149.16114807128906,hold_days,0.04881211500746807,0.04781211500746807,1,2023-10-11,-0.0033605537332659363,0.051172668740734006,0.03292936664964695,0.007205582035545284,0.025723784614101665,0.05486839253947727,0.007205582035545284,0.047662810503931986,0.05735482306932146,0.043425636206818656,0.013929186862502801,0.05735482306932146,0.05133984847855806,0.006014974590763396
CVX,5,0.01,2025-03-06,2025-03-13,143.7801513671875,144.40060424804688,hold_days,0.004315288827835939,0.003315288827835939,1,2025-03-05,-0.035413724404425695,0.03872901323226163,0.035745990442780456,0.025558947612965226,0.01018704282981523,0.03677820153638705,0.031554804702121166,0.005223396834265884,0.03677820153638705,0.03331128478019206,0.003466916756194989,0.04225890380912131,0.03331128478019206,0.008947619028929252
CVX,5,0.01,2025-05-06,2025-05-13,127.4703598022461,133.81568908691406,hold_days,0.049778860705437245,0.048778860705437244,1,2025-05-05,0.03882903167586216,0.009949829029575086,0.026561369160447237,0.011905113632525752,0.014656255527921484,0.0321198457490145,0.011905113632525752,0.020214732116488745,0.07142372031303876,0.011905113632525752,0.05951860668051301,0.19529997983890582,0.0670943353504742,0.12820564448843164
CVX,5,0.01,2025-09-23,2025-09-30,151.45205688476562,149.40281677246094,hold_days,-0.013530619223374951,-0.014530619223374952,1,2025-09-22,0.0029915330754961555,-0.017522152298871108,0.016678272673495934,0.0005936351493930726,0.01608463752410286,0.016678272673495934,0.0005936351493930726,0.01608463752410286,0.027250916831477456,0.0005936351493930726,0.026657281682084383,0.027250916831477456,0.0005936351493930726,0.026657281682084383
CVX,5,0.01,2025-11-07,2025-11-14,149.14306640625,151.64447021484375,hold_days,0.016771841084319616,0.015771841084319616,2,2025-11-05,0.01462038892419426,0.0011514521601253547,0.017118847263777947,0.00756793928188144,0.009550907981896506,0.017118847263777947,0.013974120752866236,0.003144726510911711,0.017118847263777947,0.013974120752866236,0.003144726510911711,0.042081143750943295,0.013974120752866236,0.02810702299807706
CVX,5,0.01,2026-05-28,2026-06-04,181.4464874267578,186.720458984375,hold_days,0.02906626428767911,0.02806626428767911,1,2026-05-27,0.012612849816332039,0.015453414471347071,0.04388022014283812,-0.0023535237153865206,0.04623374385822464,0.07209123648785311,-0.0023535237153865206,0.07444476020323963,0.07209123648785311,-0.0023535237153865206,0.07444476020323963,0.12523604687995865,-0.0023535237153865206,0.12758957059534518
CSCO,5,0.01,2015-08-05,2015-08-12,20.306060791015625,20.04029083251953,hold_days,-0.013088208551689351,-0.014088208551689352,1,2015-08-04,-0.0034078623365744187,-0.010680346215114933,0.005277635783613289,0.004346865694120006,0.0009307700894932826,0.005277635783613289,0.004346865694120006,0.0009307700894932826,0.005277635783613289,0.01077156745030453,-0.005493931666691242,,,
CSCO,5,0.01,2016-08-22,2016-08-29,22.761363983154297,23.46732521057129,hold_days,0.031015769878267152,0.03001576987826715,4,2016-08-18,-0.0009413828628166421,0.030957152741083793,0.017954542611693124,0.0010451506586896396,0.016909391953003484,0.017954542611693124,0.0010451506586896396,0.016909391953003484,0.017954542611693124,0.0010451506586896396,0.016909391953003484,0.017954542611693124,0.0010451506586896396,0.016909391953003484
CSCO,5,0.01,2016-09-19,2016-09-26,23.051177978515625,23.088333129882812,hold_days,0.0016118547781729387,0.0006118547781729386,3,2016-09-16,0.004436378526763374,-0.003824523748590435,0.01335878937609156,0.011420965732175166,0.0019378236439163941,0.02667071285767394,0.023612540609706047,0.003058172247967894,0.02667071285767394,0.027257764855013966,-0.0005870519973400247,0.02667071285767394,0.027257764855013966,-0.0005870519973400247
CSCO,5,0.01,2017-07-10,2017-07-17,23.835596084594727,24.23567008972168,hold_days,0.016784728341051602,0.0157847283410516,4,2017-07-06,0.009902113280721547,0.005882615060330054,0.004178766749033421,0.0010964814015255073,0.0030822853475079137,0.030104162357580917,0.0010964814015255073,0.02900768095605541,0.030104162357580917,0.006004845678200953,0.024099316679379965,0.09074024166178933,0.006004845678200953,0.08473539598358838
CSCO,5,0.01,2017-08-04,2017-08-11,24.466495513916016,24.21259117126465,hold_days,-0.010377634283870063,-0.011377634283870064,4,2017-07-31,-0.01189822267235141,0.0005205883884813467,-0.004739570360414131,-0.002125387517908774,-0.002614182842505357,0.00996243681486974,-0.002125387517908774,0.012087824332778514,0.00996243681486974,-0.002125387517908774,0.012087824332778514,0.06422435172089841,-0.002125387517908774,0.06634973923880719
CSCO,5,0.01,2017-10-13,2017-10-16,25.973892211914062,26.02821922302246,resistance,0.0020916006990849834,0.0010916006990849833,1,2017-10-12,0.00253887024298316,-0.0014472695438981767,0.008590040427959337,0.0004470962022351009,0.008142944225724235,0.008590040427959337,0.0004470962022351009,0.008142944225724235,0.008590040427959337,0.0004470962022351009,0.008142944225724235,0.008590040427959337,0.0004470962022351009,0.008142944225724235
CSCO,5,0.01,2017-11-15,2017-11-22,26.470556259155273,28.286476135253906,hold_days,0.06860150041125657,0.06760150041125657,2,2017-11-13,0.015726419324570085,0.05187508108668648,0.011304158263202552,0.01042315655868537,0.0008810017045171818,0.014731327440262803,0.01042315655868537,0.004308170881577433,0.014731327440262803,0.01042315655868537,0.004308170881577433,0.014731327440262803,0.01042315655868537,0.004308170881577433
CSCO,5,0.01,2018-07-17,2018-07-24,33.62858200073242,33.66829299926758,hold_days,0.0011808704433118322,0.0001808704433118322,4,2018-07-13,0.008552182552474807,-0.008371312109162976,0.028453414144094767,-0.004451453685683016,0.032904867829777786,0.028453414144094767,-0.004451453685683016,0.032904867829777786,0.0348339894023163,-0.004451453685683016,0.03928544308799932,0.07840151026414882,-0.0034547440173308634,0.08185625428147969
CSCO,5,0.01,2018-12-10,2018-12-17,37.4702262878418,35.34322738647461,hold_days,-0.05676504019558981,-0.05776504019558981,3,2018-12-07,-0.03479508490754779,-0.02296995528804202,0.03857204786724602,0.05678570621289133,-0.018213658345645305,0.03857204786724602,0.05678570621289133,-0.018213658345645305,0.03857204786724602,0.05678570621289133,-0.018213658345645305,0.03995075916216294,0.08914801690261882,-0.049197257740455885
CSCO,5,0.01,2020-05-22,2020-06-01,37.54132843017578,38.71186065673828,hold_days,0.03117982968396027,0.03017982968396027,1,2020-05-21,0.04582548426235977,-0.015645654578399504,0.011883621715351737,0.006359412997954436,0.0055242087173973005,0.011883621715351737,0.006359412997954436,0.0055242087173973005,0.011883621715351737,0.012534229385001263,-0.000650607669649526,0.011883621715351737,0.0678873028681299,-0.056003681152778165
CSCO,5,0.01,2020-08-20,2020-08-27,35.65446853637695,35.637611389160156,hold_days,-0.00047279199238658975,-0.0014727919923865898,1,2020-08-19,0.026208676209253268,-0.02768146820163986,0.009597151689991973,0.006797309611498124,0.002799842078493849,0.1203741696986352,0.012548413997405796,0.1078257557012294,0.1203741696986352,0.012548413997405796,0.1078257557012294,0.1203741696986352,0.012548413997405796,0.1078257557012294
CSCO,5,0.01,2020-10-30,2020-11-06,30.53182601928711,31.918092727661133,hold_days,0.045403989512396326,0.044403989512396325,1,2020-10-29,0.060765496969872324,-0.016361507457476,0.07521904769827757,0.05521718920447011,0.020001858493807465,0.10607581429483923,0.05985471341680477,0.04622110087803446,0.11050556163587044,0.06986157269281537,0.04064398894305507,0.24675408398160678,0.08008121333648142,0.16667287064512537
CSCO,5,0.01,2021-04-15,2021-04-22,44.59178161621094,44.47089767456055,hold_days,-0.0027109018134957585,-0.0037109018134957586,1,2021-04-14,-0.006771879325448205,0.003060977511952446,0.008639308672120897,-0.004386613804465377,0.013025922476586274,0.01469204016159786,-0.004386613804465377,0.019078653966063237,0.01469204016159786,-0.004386613804465377,0.019078653966063237,0.01469204016159786,-0.004386613804465377,0.019078653966063237
CSCO,5,0.01,2021-05-05,2021-05-12,44.15140151977539,44.5572624206543,hold_days,0.009192480576117656,0.008192480576117656,1,2021-05-04,-0.016616003156094572,0.024808483732212228,0.00641254839693587,-0.003364954158050023,0.009777502554985893,0.015405376228922265,-0.003364954158050023,0.01877033038697229,0.032544921281391234,-0.003364954158050023,0.035909875439441255,0.032544921281391234,-0.003364954158050023,0.035909875439441255
CSCO,5,0.01,2023-03-02,2023-03-09,44.16709899902344,44.42192840576172,hold_days,0.0057696659394341765,0.0047696659394341765,1,2023-03-01,-0.01784411647247297,0.022613782411907146,0.013818133500051531,0.005342333650384736,0.008475799849666794,0.04824464995505974,0.03454174926806764,0.013702900686992099,0.04824464995505974,0.04526300114721492,0.0029816488078448222,0.04824464995505974,0.04526300114721492,0.0029816488078448222
CSCO,5,0.01,2023-04-21,2023-04-28,43.12345886230469,43.32518005371094,hold_days,0.004677760011096321,0.0036777600110963213,1,2023-04-20,-0.0018290207532886127,0.005506780764384934,0.06945006825261213,0.005186810172499372,0.06426325808011275,0.0837716083993846,0.005186810172499372,0.07858479822688523,0.09418331469011118,0.005186810172499372,0.0889965045176118,0.09418331469011118,0.019469835214860422,0.07471347947525075
CSCO,5,0.01,2023-07-17,2023-07-24,46.94276428222656,49.06770324707031,hold_days,0.04526659214332396,0.04426659214332396,3,2023-07-14,0.025636150945262948,0.01863044119806101,0.02513421099871869,0.004638615777751045,0.020495595220967645,0.02513421099871869,0.004638615777751045,0.020495595220967645,0.02513421099871869,0.004638615777751045,0.020495595220967645,0.02513421099871869,0.004638615777751045,0.020495595220967645
CSCO,5,0.01,2023-09-27,2023-10-04,49.15085983276367,49.73847961425781,hold_days,0.011955432387012577,0.010955432387012576,1,2023-09-26,-0.013933031415988117,0.024888463803000693,0.041441433800805914,0.030029716301425518,0.011411717499380396,0.05623565814886695,0.045562426756644486,0.010673231392222461,0.08022124198300845,0.045562426756644486,0.034658815226363965,0.08022124198300845,0.05345896030456308,0.026762281678445368
CSCO,5,0.01,2023-11-21,2023-11-29,44.48080825805664,44.71344757080078,hold_days,0.005230105338789537,0.004230105338789537,4,2023-11-17,0.007343005179839102,-0.0031128998410495648,0.10285289709901553,0.0009855460163071103,0.10186735108270842,0.10285289709901553,0.0009855460163071103,0.10186735108270842,0.10302122070864725,0.0009855460163071103,0.10203567469234014,0.16761369558147085,0.005759674554597062,0.1618540210268738
CSCO,5,0.01,2024-02-06,2024-02-13,46.871341705322266,46.55248260498047,hold_days,-0.006802858393652356,-0.007802858393652356,1,2024-02-05,-0.003377433349871839,-0.004425425043780517,0.043261906159778075,0.004016058707195244,0.03924584745258283,0.044907392005014625,0.004016058707195244,0.04089133329781938,0.044907392005014625,0.004016058707195244,0.04089133329781938,0.05463749273495915,0.004016058707195244,0.05062143402776391
CSCO,5,0.01,2024-05-03,2024-05-10,44.55025100708008,45.438987731933594,hold_days,0.01994908456772282,0.018949084567722818,1,2024-05-02,0.017647946998952557,0.0013011375687702609,0.015461742163286626,-0.0030364394753541676,0.018498181638640795,0.025439291969052938,-0.0030364394753541676,0.028475731444407106,0.057788313687150455,0.0036769060903804017,0.05411140759677005,0.057788313687150455,0.014475787804007672,0.043312525883142786
CSCO,5,0.01,2024-09-09,2024-09-16,46.43854522705078,48.66034698486328,hold_days,0.04784391386400033,0.04684391386400033,3,2024-09-06,0.01616123867377084,0.03068267519022949,0.03640691511971235,0.022488583180756774,0.013918331938955576,0.04114988422361454,0.022488583180756774,0.018661301042857768,0.04114988422361454,0.022488583180756774,0.018661301042857768,0.04114988422361454,0.022488583180756774,0.018661301042857768
CSCO,5,0.01,2024-11-20,2024-11-27,55.248931884765625,56.9688606262207,hold_days,0.031130533800044935,0.030130533800044934,1,2024-11-19,0.027416972397994233,0.0027135614020507015,0.028387993643240454,0.006637176591458581,0.021750817051781873,0.028387993643240454,0.011049045893888214,0.01733894774935224,0.028387993643240454,0.011049045893888214,0.01733894774935224,0.028387993643240454,0.011049045893888214,0.01733894774935224
CSCO,5,0.01,2025-01-28,2025-02-04,57.49249267578125,59.34022903442383,hold_days,0.03213874147121376,0.03113874147121376,1,2025-01-27,0.0034145790643318463,0.027724162406881914,0.04499440036508834,0.00541952647227899,0.03957487389280935,0.04499440036508834,0.00541952647227899,0.03957487389280935,0.04499440036508834,0.00541952647227899,0.03957487389280935,0.04499440036508834,0.00541952647227899,0.03957487389280935
CSCO,5,0.01,2025-06-02,2025-06-03,62.180789947509766,62.677459716796875,resistance,0.007987511411585047,0.0069875114115850465,3,2025-05-30,0.004768796934959463,0.0022187144766255837,-0.0015686837391644538,0.00019503839164164777,-0.0017637221308061015,0.0010950356626562138,0.009293867853022922,-0.008198832190366708,0.006380254201938203,0.009293867853022922,-0.002913613651084719,0.006380254201938203,0.009293867853022922,-0.002913613651084719
CSCO,5,0.01,2025-08-05,2025-08-12,66.15026092529297,69.93195343017578,hold_days,0.057168217509431685,0.056168217509431684,4,2025-08-01,0.015148928299864695,0.04101928920956699,0.01416269320050647,0.014235971570464656,-7.327836995818689e-05,0.01703313266500323,0.016620957052097346,0.00041217561290588303,0.02526348568942471,0.016620957052097346,0.008642528637327365,0.026668688816315022,0.016620957052097346,0.010047731764217676
CSCO,5,0.01,2025-09-15,2025-09-22,65.660400390625,66.37560272216797,hold_days,0.0108924454814181,0.0098924454814181,3,2025-09-12,0.011146493776801991,-0.0012540482953838916,0.01629244492288581,0.004856778251425196,0.011435666671460613,0.029961037216176274,0.004856778251425196,0.02510425896475108,0.03471128959244552,0.004856778251425196,0.029854511341020327,0.06644388932103856,0.004856778251425196,0.06158711106961337
CSCO,5,0.01,2026-08-24,2026-08-31,110.2300033569336,110.48999786376953,hold_days,0.002358654621410494,0.0013586546214104942,4,2026-08-20,-0.010341842384611666,0.01170049700602216,0.023649230583343228,-0.0006163552333587417,0.02426558581670197,0.11018723118439332,-0.0006163552333587417,0.11080358641775206,0.11018723118439332,-0.0006163552333587417,0.11080358641775206,0.14890485038337395,-0.0006163552333587417,0.14952120561673268
C,5,0.01,2015-11-16,2015-11-23,39.508644104003906,39.942806243896484,hold_days,0.010989041758802776,0.009989041758802775,3,2015-11-13,0.019010708867109205,-0.00902166710830643,0.03781379770179825,0.010471125514889101,0.027342672186909146,0.039019221835005446,0.020623265444534317,0.01839595639047113,0.039019221835005446,0.020623265444534317,0.01839595639047113,0.039019221835005446,0.020623265444534317,0.01839595639047113
C,5,0.01,2016-12-15,2016-12-22,44.731353759765625,44.92445755004883,hold_days,0.004316967273565897,0.003316967273565897,1,2016-12-14,-0.0004350167853188758,0.003751984058884773,-0.0013298341323752401,0.001865155654152495,-0.003194989786527735,-0.0013298341323752401,0.001865155654152495,-0.003194989786527735,-0.0013298341323752401,0.001865155654152495,-0.003194989786527735,-0.0013298341323752401,0.001865155654152495,-0.003194989786527735
C,5,0.01,2017-02-27,2017-03-06,44.70301055908203,44.89664840698242,hold_days,0.00433165116797829,0.00333165116797829,3,2017-02-24,0.004439944155254061,-0.001108292987275771,0.009897622225233807,-0.0018174938826390008,0.011715116107872809,0.009897622225233807,-0.0018174938826390008,0.011715116107872809,0.009897622225233807,-0.0018174938826390008,0.011715116107872809,0.019836584589823774,-0.0018174938826390008,0.021654078472462774
C,5,0.01,2017-03-23,2017-03-30,43.235748291015625,45.06795120239258,hold_days,0.04237703714631169,0.04137703714631169,1,2017-03-22,0.009371085788433708,0.03200595135787798,0.050695047671742946,0.014022333994925291,0.03667271367681765,0.05686420524193814,0.015694331300160232,0.0411698739417779,0.05686420524193814,0.020636490544971468,0.03622771469696667,0.05686420524193814,0.020636490544971468,0.03622771469696667
C,5,0.01,2017-05-18,2017-05-25,44.86715316772461,46.26363754272461,hold_days,0.031124871457290704,0.030124871457290703,1,2017-05-17,0.02426057052123287,0.005864300936057831,0.03856598097838304,0.0178801702655879,0.02068581071279514,0.03856598097838304,0.0178801702655879,0.02068581071279514,0.03856598097838304,0.0178801702655879,0.02068581071279514,0.03856598097838304,0.0178801702655879,0.02068581071279514
C,5,0.01,2017-10-17,2017-10-24,54.16042709350586,55.69843292236328,hold_days,0.028397224900057028,0.027397224900057027,1,2017-10-16,0.01602982816010523,0.011367396739951796,0.039771373862885186,-0.0006859580019330967,0.040457331864818286,0.04661944070718876,-0.0006859580019330967,0.04730539870912186,0.04661944070718876,-0.0006859580019330967,0.04730539870912186,0.04661944070718876,-0.0006859580019330967,0.04730539870912186
C,5,0.01,2017-12-15,2017-12-22,56.337276458740234,56.87975311279297,hold_days,0.009629089088998288,0.008629089088998287,1,2017-12-14,0.004218619563468584,0.004410469525529703,0.018122198335010522,-0.005697255913231802,0.023819454248242323,0.030220636035905888,-0.005697255913231802,0.03591789194913769,0.030220636035905888,-0.005697255913231802,0.03591789194913769,0.030220636035905888,-0.005697255913231802,0.03591789194913769
C,5,0.01,2018-05-04,2018-05-11,51.64194869995117,55.381710052490234,hold_days,0.07241712303049863,0.07141712303049863,1,2018-05-03,0.029435577529314916,0.041981545501183715,0.010559343188593624,0.0027211025249640622,0.00783824066362956,0.0248358209901337,0.010183798588456064,0.014652022401677635,0.053632245954459985,0.022636970681998332,0.030995275272461653,0.12090796643747391,0.04761782263674885,0.07329014380072506
C,5,0.01,2018-09-13,2018-09-20,53.65791320800781,57.207054138183594,hold_days,0.06614384939677675,0.06514384939677675,2,2018-09-11,0.01267997797459297,0.05246387142218378,0.005105640464879581,-0.006314252070755042,0.011419892535634623,0.03281388992048104,-0.0039172180419047775,0.036731107962385816,0.03281388992048104,-0.0039172180419047775,0.036731107962385816,0.03759095388454088,-0.0039172180419047775,0.04150817192644566
C,5,0.01,2019-03-27,2019-04-03,47.10105514526367,50.4593391418457,hold_days,0.07129954915499859,0.07029954915499859,2,2019-03-25,0.024890287720491733,0.045409261434506853,0.05552135894369314,0.016033171099642696,0.03948818784405044,0.07887168288485936,0.016033171099642696,0.06283851178521667,0.07887168288485936,0.016033171099642696,0.06283851178521667,0.07887168288485936,0.016033171099642696,0.06283851178521667
C,5,0.01,2019-11-15,2019-11-22,58.92951965332031,59.301780700683594,hold_days,0.006317055519089232,0.005317055519089232,1,2019-11-14,-0.005761489382737572,0.011078544901826803,0.02259598499299564,-0.009017867468706062,0.0316138524617017,0.02259598499299564,-0.009017867468706062,0.0316138524617017,0.02259598499299564,-0.009017867468706062,0.0316138524617017,0.02259598499299564,-0.009017867468706062,0.0316138524617017
C,5,0.01,2020-08-03,2020-08-10,41.01432418823242,43.024757385253906,hold_days,0.049017830643624416,0.048017830643624415,3,2020-07-31,0.03413197755566011,0.013885853087964306,0.030839516825004555,0.006882766194357425,0.02395675063064713,0.030839516825004555,0.014241954144329905,0.016597562680674652,0.033232604221451065,0.014241954144329905,0.01899065007712116,0.16883896061066916,0.02511150230087407,0.1437274583097951
C,5,0.01,2020-09-24,2020-10-01,34.34003829956055,35.35745620727539,hold_days,0.029627745282039042,0.02862774528203904,1,2020-09-23,0.029844252276391092,-0.0012165069943520512,0.07335830033862127,0.041819376748198314,0.03153892359042296,0.1727450037282387,0.04585722057071079,0.1268877831575279,0.1966869040931597,0.08146563596598275,0.11522126812717695,0.21521574116622044,0.08146563596598275,0.1337501052002377
C,5,0.01,2020-10-16,2020-10-23,35.153968811035156,35.7725715637207,hold_days,0.017596953448151265,0.016596953448151264,2,2020-10-14,-0.0049085611627817105,0.021505514610932974,0.05863127996555446,0.010643949843517174,0.047987330122037285,0.05863127996555446,0.010643949843517174,0.047987330122037285,0.05863127996555446,0.010643949843517174,0.047987330122037285,0.19661471784709458,0.021514227862787647,0.17510048998430694
C,5,0.01,2020-12-18,2020-12-28,48.66694641113281,50.372684478759766,hold_days,0.03504921087953772,0.03404921087953772,4,2020-12-14,0.0033607424220012394,0.030688468457536477,0.01648639724789604,0.003249621765730722,0.013236775482165317,0.023801562285032007,0.003249621765730722,0.020551940519301284,0.023801562285032007,0.003249621765730722,0.020551940519301284,0.023801562285032007,0.003249621765730722,0.020551940519301284
C,5,0.01,2021-04-21,2021-04-28,58.713661193847656,60.59183120727539,hold_days,0.03198863731605517,0.030988637316055168,1,2021-04-20,0.004311334922709298,0.02667730239334587,0.030997082874138625,0.003459183154992259,0.027537899719146365,0.030997082874138625,0.003459183154992259,0.027537899719146365,0.03404428748481539,0.003459183154992259,0.03058510432982313,0.06025551585944296,0.003459183154992259,0.0567963327044507
C,5,0.01,2021-05-13,2021-05-20,63.00489044189453,63.766395568847656,hold_days,0.012086444744403124,0.011086444744403123,1,2021-05-12,0.002488604098606295,0.008597840645796828,-0.0021298747285627773,0.021587832542202538,-0.023717707270765314,-0.0021298747285627773,0.021587832542202538,-0.023717707270765314,-0.0021298747285627773,0.021587832542202538,-0.023717707270765314,-0.0021298747285627773,0.021587832542202538,-0.023717707270765314
C,5,0.01,2021-08-23,2021-08-30,59.76580810546875,60.42341613769531,hold_days,0.011003081077161747,0.010003081077161746,4,2021-08-19,0.01108145126610749,-0.001078370188945743,0.016782399635511747,0.00880185226985722,0.007980547365654527,0.04589508751233033,0.00880185226985722,0.03709323524247311,0.04589508751233033,0.00880185226985722,0.03709323524247311,0.1056932083648755,0.00880185226985722,0.09689135609501828
C,5,0.01,2021-11-22,2021-11-30,56.92958068847656,54.093292236328125,hold_days,-0.04982099670940565,-0.05082099670940565,3,2021-11-19,-0.030328041327684074,-0.020492955381721578,0.024730657675530045,0.010566403101797467,0.014164254573732578,0.030653533978362763,0.010566403101797467,0.020087130876565294,0.04732136319609546,0.010566403101797467,0.03675496009429799,0.07486136944154258,0.010566403101797467,0.06429496633974512
C,5,0.01,2022-11-29,2022-12-06,42.0197639465332,39.73196029663086,hold_days,-0.054445894860651545,-0.055445894860651546,1,2022-11-28,-0.010415713975563956,-0.04503018088508759,0.03567828620263344,0.013628439359477534,0.022049846843155908,0.03567828620263344,0.013628439359477534,0.022049846843155908,0.05220173305375802,0.013628439359477534,0.03857329369428049,0.05404961400187005,0.013628439359477534,0.04042117464239252
C,5,0.01,2024-01-19,2024-01-26,47.61090087890625,49.59775924682617,hold_days,0.04173116515844355,0.04073116515844355,1,2024-01-18,0.0054967894007862395,0.03523437575765731,0.02090443776368635,-0.004555055816718907,0.02545949358040526,0.05172089444145427,-0.0018047415891468744,0.05352563603060115,0.05172089444145427,-0.0007699843550832995,0.05249087879653757,0.05172089444145427,-0.0007699843550832995,0.05249087879653757
C,5,0.01,2024-12-19,2024-12-27,65.58257293701172,68.05558776855469,hold_days,0.03770841430570515,0.03670841430570515,1,2024-12-18,0.013846547287057698,0.022861867018647453,0.04294321904520993,0.031189287558292107,0.011753931486917824,0.05627603778699272,0.03798020981916104,0.018295827967831683,0.05627603778699272,0.04150136662311394,0.014774671163878782,0.05627603778699272,0.04150136662311394,0.014774671163878782
C,5,0.01,2025-02-26,2025-03-05,76.31575012207031,70.4185791015625,hold_days,-0.07727331528649117,-0.07827331528649117,1,2025-02-25,-0.012832585552975284,-0.06544072973351589,0.058017544684061305,0.01576517369815178,0.042252370985909525,0.06569771085684385,0.01576517369815178,0.04993253715869207,0.06569771085684385,0.01576517369815178,0.04993253715869207,0.06569771085684385,0.01576517369815178,0.04993253715869207
C,5,0.01,2025-05-07,2025-05-14,68.34517669677734,73.24850463867188,hold_days,0.07174358424221827,0.07074358424221827,1,2025-05-06,0.02834794847595501,0.04239563576626326,-0.00014246059139232117,0.007467264742858554,-0.007609725334250875,-0.00014246059139232117,0.007467264742858554,-0.007609725334250875,-0.00014246059139232117,0.007467264742858554,-0.007609725334250875,0.1632781576862749,0.06290435883592169,0.10037379885035322
C,5,0.01,2025-10-30,2025-11-04,98.14378356933594,99.5072021484375,resistance,0.013892052349279371,0.01289205234927937,1,2025-10-29,-0.00690813318906347,0.01980018553834284,0.011539579558415159,0.0079864977779939,0.0035530817804212585,0.011539579558415159,0.0079864977779939,0.0035530817804212585,0.011539579558415159,0.0079864977779939,0.0035530817804212585,0.03159716845406755,0.0079864977779939,0.02361067067607365
KO,5,0.01,2015-09-24,2015-10-01,27.833024978637695,28.295124053955078,hold_days,0.016602545920612277,0.015602545920612276,1,2015-09-23,0.0002263016142378671,0.01537624430637441,0.005839936815317312,0.03117425017786351,-0.0253343133625462,0.005839936815317312,0.033437515968096784,-0.027597579152779474,0.005839936815317312,0.033437515968096784,-0.027597579152779474,0.06245978075500132,0.08845863837853626,-0.025998857623534946
KO,5,0.01,2015-11-17,2015-11-24,29.624563217163086,30.8260440826416,hold_days,0.040556914094261876,0.039556914094261875,4,2015-11-13,0.02082843168976556,0.018728482404496316,0.008801497410291952,0.011859362148629465,-0.003057864738337513,0.015592148290767547,0.021997259368511893,-0.0064051110777443455,0.03630912135802966,0.021997259368511893,0.014311861989517768,0.03630912135802966,0.021997259368511893,0.014311861989517768
KO,5,0.01,2016-06-28,2016-07-06,32.14131546020508,32.93429183959961,hold_days,0.024671559581197933,0.023671559581197932,1,2016-06-27,0.047137021530617274,-0.02346546194941934,0.021050375109070353,0.0370006805116832,-0.015950305402612844,0.02493925292643103,0.0370006805116832,-0.012061427585252166,0.03198965911903066,0.041397655005350906,-0.009407995886320249,0.05056924245015959,0.041397655005350906,0.009171587444808685
KO,5,0.01,2017-01-17,2017-01-24,30.488487243652344,30.99144744873047,hold_days,0.016496725503586385,0.015496725503586384,4,2017-01-13,0.006918092459716529,0.008578633043869854,0.0024199420801566496,0.004156640757212754,-0.0017366986770561044,0.013875426412293309,0.004156640757212754,0.009718785655080555,0.013875426412293309,0.004156640757212754,0.009718785655080555,0.030585700425457385,0.004156640757212754,0.02642905966824463
KO,5,0.01,2017-02-02,2017-02-09,30.621618270874023,30.510671615600586,hold_days,-0.0036231480090966883,-0.004623148009096688,1,2017-02-01,0.01415753771749717,-0.01878068572659386,0.009806492041068132,0.0050645565194105,0.004741935521657631,0.017093926044562318,0.00553711283722076,0.011556813207341558,0.017093926044562318,0.00553711283722076,0.011556813207341558,0.026352655982341766,0.00553711283722076,0.020815543145121004
KO,5,0.01,2017-04-28,2017-05-05,32.197723388671875,32.60064697265625,hold_days,0.012514039552440348,0.011514039552440347,1,2017-04-27,0.0030262846208681804,0.008487754931572167,0.0030033548841902295,-0.0004952516612270583,0.0034986065454172877,0.00758931201188197,-0.0004952516612270583,0.008084563673109028,0.00758931201188197,-0.0004952516612270583,0.008084563673109028,0.00758931201188197,-0.00027517003176850805,0.007864482043650478
KO,5,0.01,2017-07-12,2017-07-19,33.4858512878418,33.72658157348633,hold_days,0.007189014953665973,0.006189014953665973,1,2017-07-11,0.00908546545982647,-0.0028964505061604964,0.006916535471553476,-0.0036529465708559096,0.010569482042409385,0.017872736636368954,-0.0036529465708559096,0.021525683207224863,0.02411737030536344,0.001278755217561399,0.02283861508780204,0.024215978704220705,0.001278755217561399,0.022937223486659306
KO,5,0.01,2017-08-31,2017-09-08,34.268253326416016,34.832496643066406,hold_days,0.01646548224316513,0.01546548224316513,1,2017-08-30,0.0013354255525450665,0.014130056690620063,0.00043929314750535905,-0.0040679402052790714,0.00450723335278443,0.00676012603658546,-0.0040679402052790714,0.010828066241864533,0.014069501866341214,0.003047196736719839,0.011022305129621376,0.014069501866341214,0.003047196736719839,0.011022305129621376
KO,5,0.01,2017-11-21,2017-11-29,34.71535110473633,34.50301742553711,hold_days,-0.00611642032824633,-0.00711642032824633,1,2017-11-20,0.012122261123113098,-0.01923868145135943,0.034787717213096495,-0.0069650035674562755,0.04175272078055277,0.034787717213096495,-0.00563325942376466,0.04042097663686116,0.034787717213096495,-0.00563325942376466,0.04042097663686116,0.034787717213096495,-0.00563325942376466,0.04042097663686116
KO,5,0.01,2018-03-01,2018-03-08,33.20332336425781,33.98313903808594,hold_days,0.023486072923277534,0.022486072923277534,1,2018-02-28,0.020818682643172215,0.0016673902801053186,0.013851094670862306,0.042304430012469876,-0.028453335341607572,0.034459731087992315,0.042304430012469876,-0.007844698924477561,0.08741330923828089,0.046078544247985194,0.041334764990295696,0.10508937280444129,0.06093652154428298,0.04415285126015831
KO,5,0.01,2018-03-26,2018-04-03,32.92568588256836,33.4578742980957,hold_days,0.01616332055846703,0.01516332055846703,3,2018-03-23,-0.016495968096705615,0.031659288655172646,0.013175539366497109,0.022115733050806063,-0.008940193684308954,0.033725514342249255,0.040885180483713264,-0.007159666141464009,0.03911516763245678,0.046540503023309775,-0.007425335390852994,0.1125723807595776,0.06509018120525802,0.04748219955431958
KO,5,0.01,2018-08-14,2018-08-21,35.708980560302734,35.965755462646484,hold_days,0.007190765412922628,0.006190765412922628,1,2018-08-13,0.011654469022104541,-0.005463703609181913,0.013118158840103,0.010860725084309868,0.0022574337557931326,0.016291327314368487,0.010860725084309868,0.005430602230058619,0.016291327314368487,0.010860725084309868,0.005430602230058619,0.016291327314368487,0.010860725084309868,0.005430602230058619
KO,5,0.01,2018-09-26,2018-10-03,35.98131561279297,35.99702835083008,hold_days,0.00043669159310910644,-0.0005633084068908936,1,2018-09-25,0.010574596696620864,-0.011137905103511758,0.01693874084010001,0.004330346733057037,0.012608394107042974,0.01693874084010001,0.004330346733057037,0.012608394107042974,0.01693874084010001,0.004330346733057037,0.012608394107042974,0.01693874084010001,0.004330346733057037,0.012608394107042974
KO,5,0.01,2019-01-29,2019-02-05,37.49185562133789,38.963043212890625,hold_days,0.03924019142747981,0.03824019142747981,1,2019-01-28,0.03213567454162525,0.006104516885854561,0.018023596972101253,0.006845392070824151,0.011178204901277102,0.018023596972101253,0.011227432264783664,0.0067961647073175886,0.018023596972101253,0.011227432264783664,0.0067961647073175886,0.05952389154463199,0.04740618249951953,0.01211770904511246
KO,5,0.01,2019-03-18,2019-03-25,36.23138427734375,36.7260627746582,hold_days,0.013653314858957488,0.012653314858957487,3,2019-03-15,-0.013974402468742486,0.026627717327699973,0.0089481035039565,-0.0032747777669674496,0.01222288127092395,0.0089481035039565,-0.0032747777669674496,0.01222288127092395,0.0089481035039565,-0.0032747777669674496,0.01222288127092395,0.0800077413160586,-0.0032747777669674496,0.08328251908302606
KO,5,0.01,2019-10-03,2019-10-10,43.609310150146484,43.46352005004883,hold_days,-0.0033430957654615456,-0.004343095765461546,1,2019-10-02,0.011637787222829044,-0.01598088298829059,0.01482155966951476,0.026680935223244433,-0.011859375553729673,0.01482155966951476,0.030308255400694564,-0.015486695731179804,0.018040287604912685,0.03283860370469726,-0.014798316099784575,0.027548342001558212,0.033199534484931084,-0.005651192483372872
KO,5,0.01,2020-04-24,2020-05-01,37.39737319946289,37.537330627441406,hold_days,0.0037424400701095983,0.0027424400701095983,1,2020-04-23,0.0001913322007345286,0.0025511078693750697,0.05472328024380211,0.016447305795783386,0.038275974448018724,0.07285726026233887,0.016447305795783386,0.05640995446655548,0.07285726026233887,0.016447305795783386,0.05640995446655548,0.23784427918129827,0.17310407402618624,0.06474020515511203
KO,5,0.01,2020-08-04,2020-08-11,38.78376007080078,39.81378936767578,hold_days,0.026558262917124376,0.025558262917124375,1,2020-08-03,0.029560408321164466,-0.004002145404040092,0.0309258501141651,0.0036892012821141624,0.027236648832050937,0.037121143817417136,0.011072054156649047,0.02604908966076809,0.037121143817417136,0.011072054156649047,0.02604908966076809,0.054881486602548386,0.02197655549537862,0.03290493110716977
KO,5,0.01,2020-11-13,2020-11-20,44.75846481323242,44.10530471801758,hold_days,-0.014592995938094488,-0.01559299593809449,1,2020-11-12,0.001957108584871081,-0.01755010452296557,0.009818383990016125,-0.005656893131400342,0.015475277121416466,0.009818383990016125,-0.005656893131400342,0.015475277121416466,0.009818383990016125,-0.005656893131400342,0.015475277121416466,0.009818383990016125,-0.005656893131400342,0.015475277121416466
KO,5,0.01,2020-12-01,2020-12-08,43.919429779052734,44.88154220581055,hold_days,0.0219063050590127,0.020906305059012698,1,2020-11-30,0.01985958482192607,0.001046720237086629,0.01450507088574678,0.006025693911956284,0.008479376973790496,0.02603458312089305,0.006025693911956284,0.020008889208936766,0.02838017044761191,0.006025693911956284,0.022354476535655626,0.02838017044761191,0.006025693911956284,0.022354476535655626
KO,5,0.01,2021-01-11,2021-01-19,42.36655807495117,40.940269470214844,hold_days,-0.033665434945483796,-0.0346654349454838,4,2021-01-07,0.0037569640624055545,-0.03842239900788935,0.048521620203644325,0.0013059402662498455,0.04721567993739448,0.08460973426980119,0.0013059402662498455,0.08330379400355134,0.08460973426980119,0.0013059402662498455,0.08330379400355134,0.08460973426980119,0.0013059402662498455,0.08330379400355134
KO,5,0.01,2021-02-01,2021-02-08,40.914955139160156,42.130245208740234,hold_days,0.029702832752636077,0.028702832752636076,3,2021-01-29,0.050963853686673,-0.022261020934036924,0.016433295686344707,0.021895243843288538,-0.005461948156943831,0.016433295686344707,0.031858677989774965,-0.015425382303430258,0.11597369814852149,0.031858677989774965,0.08411502015874653,0.11597369814852149,0.031858677989774965,0.08411502015874653
KO,5,0.01,2021-04-05,2021-04-12,44.940242767333984,45.39977264404297,hold_days,0.010225353678841476,0.009225353678841475,4,2021-04-01,0.005892099041614696,0.003333254637226779,0.01931303551647619,-0.009214964376970322,0.028527999893446513,0.01931303551647619,-0.009214964376970322,0.028527999893446513,0.01931303551647619,-0.009214964376970322,0.028527999893446513,0.01931303551647619,-0.009214964376970322,0.028527999893446513
KO,5,0.01,2021-04-29,2021-05-03,46.174163818359375,46.36138153076172,resistance,0.004054598869160264,0.003054598869160264,2,2021-04-27,-3.8365669193241025e-05,0.003092964538353505,0.0038554445315694148,-0.006218129710206611,0.010073574241776025,0.006409104050299622,-0.006218129710206611,0.012627233760506233,0.006409104050299622,-0.006218129710206611,0.012627233760506233,0.006409104050299622,-0.006218129710206611,0.012627233760506233
KO,5,0.01,2021-08-05,2021-08-12,48.442649841308594,48.73416519165039,hold_days,0.00601774162430746,0.00501774162430746,1,2021-08-04,0.013988588236643507,-0.008970846612336048,0.009640658563869578,0.0016241319263045823,0.008016526637564995,0.013272811133813756,0.0016241319263045823,0.011648679207509173,0.013272811133813756,0.0016241319263045823,0.011648679207509173,0.013272811133813756,0.0016241319263045823,0.011648679207509173
KO,5,0.01,2021-09-13,2021-09-20,48.073970794677734,46.70043182373047,hold_days,-0.028571365090967915,-0.029571365090967916,3,2021-09-10,-0.02715789265386437,-0.0024134724371035476,0.011633845574207165,0.01374090884685047,-0.002107063272643305,0.012330291944917224,0.015024202908713521,-0.002693910963796297,0.02453028299320044,0.015024202908713521,0.009506080084486918,0.02453028299320044,0.015024202908713521,0.009506080084486918
KO,5,0.01,2022-03-11,2022-03-18,50.42295455932617,52.721275329589844,hold_days,0.04558084289883357,0.04458084289883357,1,2022-03-10,0.047868637589155494,-0.0032877946903219213,0.07431672068789545,0.01985074952775313,0.05446597116014232,0.07844065346260469,0.02740498400719369,0.051035669455411,0.07844065346260469,0.048220433026013684,0.030220220436591005,0.07844065346260469,0.06776992855224333,0.010670724910361362
KO,5,0.01,2022-06-17,2022-06-27,52.51020050048828,55.58500671386719,hold_days,0.0585563601752066,0.0575563601752066,1,2022-06-16,0.042544567226297625,0.015011792948908975,0.02525029716437279,0.05370903165378253,-0.02845873448940974,0.05360655370273837,0.1111418987859425,-0.057535345083204126,0.07453040023509823,0.1111418987859425,-0.036611498550844265,0.09591617863499391,0.15610947629666605,-0.06019329766167214
KO,5,0.01,2022-07-22,2022-07-29,54.418701171875,56.69829559326172,hold_days,0.04188990865818143,0.04088990865818143,1,2022-07-21,0.044497998115652804,-0.003608089457471375,0.015032667373597847,0.007566355238891217,0.00746631213470663,0.024548587758062675,0.007566355238891217,0.01698223251917146,0.04333640607633252,0.007566355238891217,0.0357700508374413,0.06277404124204283,0.07283622431186287,-0.010062183069820041
KO,5,0.01,2022-08-10,2022-08-15,56.23883819580078,56.98987579345703,resistance,0.013354429461032602,0.012354429461032601,2,2022-08-08,0.022145422308906815,-0.009790992847874214,0.004223918471943323,-0.01647613463016396,0.020700053102107284,0.013484241529397555,-0.01569847155227301,0.029182713081670565,0.013484241529397555,-0.01569847155227301,0.029182713081670565,0.028049337657311744,0.007755302175511948,0.020294035481799796
KO,5,0.01,2022-10-11,2022-10-18,48.48752212524414,50.231929779052734,hold_days,0.0359764239818805,0.0349764239818805,1,2022-10-10,0.04278206084933611,-0.007805636867455612,0.04050712430676565,0.035817165951103284,0.004689958355662369,0.04387480833435635,0.035817165951103284,0.008057642383253065,0.09726588467242035,0.07160127620052018,0.025664608471900177,0.1585832634453798,0.1393631524989786,0.019220110946401192
KO,5,0.01,2023-01-20,2023-01-27,53.850772857666016,54.21827697753906,hold_days,0.006824491095873464,0.005824491095873464,1,2023-01-19,0.016461400662140413,-0.01063690956626695,0.025940476389263986,0.015789477390302915,0.010150998998961071,0.05236608463555888,0.015789477390302915,0.036576607245255965,0.06432021878351382,0.015789477390302915,0.04853074139321091,0.06635588531844175,0.021302101180284333,0.045053784138157416
KO,5,0.01,2023-05-11,2023-05-12,57.67790985107422,57.90370559692383,resistance,0.003914769908143656,0.002914769908143656,2,2023-05-09,-0.0006185680845431918,0.0035333379926868478,0.002499109534306399,0.0065732267771756265,-0.004074117242869228,0.006842967884595578,0.02416606021360245,-0.017323092329006872,0.006842967884595578,0.031003088621520566,-0.024160120736924987,0.006842967884595578,0.03419030194164575,-0.027347334057050168
KO,5,0.01,2023-06-01,2023-06-08,54.191585540771484,54.52576446533203,hold_days,0.006166620172224357,0.005166620172224357,1,2023-05-31,0.02916507304114302,-0.023998452868918663,0.014454688708214048,0.002662096540460612,0.011792592167753437,0.04988123849052697,0.009094593720995813,0.04078664476953116,0.06410850597357197,0.009094593720995813,0.05501391225257615,0.06687405281732328,0.02771351058789359,0.03916054222942969
KO,5,0.01,2024-07-11,2024-07-12,59.264991760253906,59.82851791381836,resistance,0.009508584019451094,0.008508584019451093,2,2024-07-09,0.0036756266240691726,0.0048329573953819205,0.010351206424069621,-0.0007078170183887152,0.011059023442458337,0.014832089209150974,-0.0007078170183887152,0.01553990622753969,0.014832089209150974,-0.0007078170183887152,0.01553990622753969,0.014832089209150974,-0.0007078170183887152,0.01553990622753969
KO,5,0.01,2024-10-08,2024-10-15,65.42091369628906,66.51787567138672,hold_days,0.016767756870382566,0.015767756870382565,1,2024-10-07,0.013411697934127664,0.002356058936254901,0.03528109081859547,0.00791941071805318,0.02736168010054229,0.03729456966258353,0.009405905758286025,0.027888663904297506,0.040499356368017846,0.009405905758286025,0.031093450609731822,0.04596259885446753,0.009405905758286025,0.03655669309618151
KO,5,0.01,2024-11-18,2024-11-25,58.4986686706543,60.88172912597656,hold_days,0.04073700324256646,0.03973700324256646,3,2024-11-15,0.02410828050471503,0.01562872273785143,0.023674208903029008,0.011352936923536233,0.012321271979492775,0.05369430137310229,0.011723296336596684,0.04197100503650561,0.1092870672135023,0.011723296336596684,0.09756377087690561,0.14691014423740203,0.011723296336596684,0.13518684790080535
KO,5,0.01,2025-06-06,2025-06-13,68.48645782470703,68.65437316894531,hold_days,0.002451803605729941,0.0014518036057299408,1,2025-06-05,0.0024053348265880015,-0.0009535312208580607,0.010402143530795617,-0.007714231793654133,0.01811637532444975,0.010402143530795617,-0.007714231793654133,0.01811637532444975,0.010402143530795617,-0.0031095909619757375,0.013511734492771354,0.03450592768466707,-0.0031095909619757375,0.03761551864664281
KO,5,0.01,2026-03-06,2026-03-13,75.5721206665039,76.38804626464844,hold_days,0.010796648167982204,0.009796648167982203,1,2026-03-05,-0.014613277199773345,0.024409925367755547,0.05541920623046008,0.025148639144953175,0.030270567085506905,0.05541920623046008,0.0300280565327897,0.02539114969767038,0.05541920623046008,0.03148010675594811,0.02393909947451197,0.05541920623046008,0.03148010675594811,0.02393909947451197
KO,5,0.01,2026-07-10,2026-07-17,82.99475860595703,81.07620239257812,hold_days,-0.02311659489833373,-0.024116594898333732,1,2026-07-09,-0.00037505702958939846,-0.023741537868744333,0.007725180562219397,0.0048281821357295555,0.0028969984264898413,0.007725180562219397,0.0048281821357295555,0.0028969984264898413,0.007725180562219397,0.0048281821357295555,0.0028969984264898413,0.007725180562219397,0.0048281821357295555,0.0028969984264898413
COP,5,0.01,2016-08-02,2016-08-09,29.206979751586914,30.271320343017578,hold_days,0.0364413095939109,0.0354413095939109,1,2016-08-01,0.017793695152392486,0.01764761444151841,0.025232889724461225,0.006945757174270451,0.018287132550190772,0.04763057128909682,0.010071383623104337,0.037559187665992484,0.08611651520289484,0.010071383623104337,0.07604513157979051,0.15801253627950637,0.010071383623104337,0.14794115265640204
COP,5,0.01,2017-02-27,2017-03-06,35.151668548583984,35.864200592041016,hold_days,0.02027021967597986,0.01927021967597986,3,2017-02-24,0.004439944155254061,0.0148302755207258,0.01599841018608554,-0.0018174938826390008,0.01781590406872454,0.0554449023304625,-0.0018174938826390008,0.0572623962131015,0.05585369644670498,-0.0018174938826390008,0.05767119032934398,0.09549210523577693,-0.0018174938826390008,0.09730959911841594
COP,5,0.01,2017-07-10,2017-07-17,32.27334976196289,32.23603439331055,hold_days,-0.0011562285578524678,-0.002156228557852468,3,2017-07-07,0.009902113280721547,-0.012058341838574016,0.05300053426558742,0.0010964814015255073,0.05190405286406191,0.05300053426558742,0.0010964814015255073,0.05190405286406191,0.07070719164427171,0.006004845678200953,0.06470234596607076,0.12050931934647365,0.006004845678200953,0.1145044736682727
COP,5,0.01,2017-09-11,2017-09-18,33.73950958251953,35.36153793334961,hold_days,0.04807504231390647,0.04707504231390647,3,2017-09-08,0.012566750805776739,0.03450829150812973,0.003990183380868764,-0.01039541371176121,0.014385597092629973,0.003990183380868764,-0.01039541371176121,0.014385597092629973,0.003990183380868764,-0.01039541371176121,0.014385597092629973,0.028489950880834343,-0.009793780949990267,0.03828373183082461
COP,5,0.01,2017-10-09,2017-10-16,36.72823715209961,37.53619384765625,hold_days,0.021998243264731654,0.020998243264731653,3,2017-10-06,0.0071747255960497025,0.01382351766868195,0.027827332870205824,0.0019485726568954462,0.025878760213310377,0.027827332870205824,0.0019485726568954462,0.025878760213310377,0.027827332870205824,0.0019485726568954462,0.025878760213310377,0.027827332870205824,0.0019485726568954462,0.025878760213310377
COP,5,0.01,2019-01-15,2019-01-18,50.74385452270508,52.18095397949219,resistance,0.02832066011351353,0.02732066011351353,1,2019-01-14,0.02758213744330984,-0.00026147732979631133,0.02811328106420531,-0.002004029976662144,0.030117311040867456,0.02811328106420531,-0.002004029976662144,0.030117311040867456,0.02811328106420531,-0.002004029976662144,0.030117311040867456,0.09037069546291664,0.06244921171032681,0.027921483752589828
COP,5,0.01,2019-08-27,2019-09-04,39.75288391113281,41.56196975708008,hold_days,0.045508291926479094,0.04450829192647909,4,2019-08-23,0.022866474958322724,0.02164181696815637,0.03282094679409831,0.017147073092726953,0.015673873701371358,0.05487572058949168,0.018983065869571915,0.035892654719919766,0.1433373408551435,0.05050087095457703,0.09283646990056646,0.18344098831646852,0.05318423746752463,0.1302567508489439
COP,5,0.01,2019-11-19,2019-11-22,44.916866302490234,47.0617561340332,resistance,0.047752437071151066,0.046752437071151065,1,2019-11-18,-0.0012473670270658488,0.047999804098216914,0.018540860292850188,0.004519760155459951,0.014021100137390236,0.039805228996842565,0.004519760155459951,0.03528546884138262,0.039805228996842565,0.004519760155459951,0.03528546884138262,0.07880369132977498,0.004519760155459951,0.07428393117431503
COP,5,0.01,2021-05-26,2021-06-03,46.062191009521484,49.4283332824707,hold_days,0.07307820577300395,0.07207820577300394,1,2021-05-25,0.0048436479448774605,0.06723455782812648,0.012121243358673907,0.0028880226494675046,0.009233220709206402,0.04939970901614597,0.0037531041459955496,0.045646604870150424,0.04939970901614597,0.013084614184877996,0.03631509483126798,0.0665011587051941,0.013084614184877996,0.053416544520316106
COP,5,0.01,2022-10-12,2022-10-19,102.16380310058594,106.3891372680664,hold_days,0.04135842675434076,0.04035842675434076,1,2022-10-11,0.04097867236443187,-0.000620245610091108,0.018648142840381427,0.03735893087404911,-0.018710788033667682,0.018648142840381427,0.038596369774801145,-0.019948226934419718,0.018648142840381427,0.07427733430068842,-0.055629191460306995,0.018648142840381427,0.14184389072924336,-0.12319574788886194
COP,5,0.01,2023-06-01,2023-06-08,89.71662902832031,94.23267364501953,hold_days,0.05033676215446814,0.04933676215446814,1,2023-05-31,0.02916507304114302,0.02017168911332512,0.04279679914719464,0.002662096540460612,0.04013470260673403,0.046556293398927896,0.009094593720995813,0.03746169967793209,0.046556293398927896,0.009094593720995813,0.03746169967793209,0.08250972372079168,0.02771351058789359,0.05479621313289809
COP,5,0.01,2023-10-05,2023-10-12,103.81752014160156,110.85647583007812,hold_days,0.06780123122644244,0.06680123122644244,1,2023-10-04,0.018339598240776134,0.0484616329856663,0.0757822716560606,0.018179469745384265,0.05760280191067634,0.07856042049525692,0.0297776129287803,0.04878280756647663,0.08442355280455284,0.06065288490626985,0.023770667898282992,0.08442355280455284,0.06842456763903555,0.015998985165517288
COP,5,0.01,2024-02-14,2024-02-22,101.30516052246094,103.97351837158203,hold_days,0.026339801796468887,0.025339801796468886,1,2024-02-13,0.011075892240676621,0.014263909555792265,0.033186836230510136,0.007486012894448756,0.02570082333606138,0.033186836230510136,0.007486012894448756,0.02570082333606138,0.03445840129544863,0.007486012894448756,0.026972388400999876,0.08179759878150837,0.007486012894448756,0.07431158588705962
COP,5,0.01,2024-05-06,2024-05-13,114.4709243774414,113.37162780761719,hold_days,-0.009603282019454484,-0.010603282019454485,3,2024-05-03,0.011265661708903085,-0.02186894372835757,0.051221014574547176,-0.005702103884344322,0.056923118458891496,0.051366723384281394,-0.005702103884344322,0.057068827268625714,0.07049356491718287,-0.002004231693463593,0.07249779661064645,0.07467049019494172,0.008856226365529527,0.06581426382941219
COP,5,0.01,2024-06-03,2024-06-10,106.1734390258789,105.64196014404297,hold_days,-0.0050057612027278875,-0.0060057612027278875,4,2024-05-30,0.01025949120399905,-0.016265252406726938,0.04278750082195957,0.002709105445858659,0.04007839537610091,0.06441529405571719,0.020388203339018758,0.044027090716698435,0.07248552762798928,0.020388203339018758,0.05209732428897052,0.14174348794291006,0.020388203339018758,0.1213552846038913
COP,5,0.01,2024-06-17,2024-06-25,102.13609313964844,107.21772766113281,hold_days,0.04975356277370402,0.04875356277370402,3,2024-06-14,0.015084243363460592,0.033669319410243426,0.03599415109086649,0.0008089054909384275,0.03518524559992806,0.038025950023587336,0.0008089054909384275,0.03721704453264891,0.09999179132678715,0.011138427847059125,0.08885336347972803,0.17437950717781134,0.011138427847059125,0.16324107933075221
COP,5,0.01,2024-12-23,2024-12-31,91.1481704711914,93.7867202758789,hold_days,0.02894791843925648,0.02794791843925648,3,2024-12-20,-0.006579849176846286,0.03452776761610277,0.03203778261530419,0.014465710778178468,0.017572071837125725,0.06572320163235659,0.02645418156576185,0.039269020066594745,0.137539108434182,0.030017525602473633,0.10752158283170836,0.15399661555393518,0.030017525602473633,0.12397908995146155
COP,5,0.01,2025-05-06,2025-05-13,83.54566192626953,89.78082275390625,hold_days,0.07463177242092289,0.07363177242092289,1,2025-05-05,0.03882903167586216,0.034802740745060734,0.046255883767994464,0.011905113632525752,0.03435077013546871,0.057031991773214344,0.011905113632525752,0.045126878140688595,0.057031991773214344,0.011905113632525752,0.045126878140688595,0.17408103337911257,0.0670943353504742,0.10698669802863837
COP,5,0.01,2025-08-11,2025-08-18,89.92955780029297,91.12708282470703,hold_days,0.013316256119855652,0.01231625611985565,4,2025-08-07,0.013374375969183339,-0.0010581198493276878,0.0040465096393468335,0.0032130128130839096,0.0008334968262629239,0.04551487631915105,0.009208261773950566,0.03630661454520048,0.04551487631915105,0.011605411439429213,0.03390946487972184,0.04551487631915105,0.011605411439429213,0.03390946487972184
COP,5,0.01,2025-11-26,2025-12-04,85.21165466308594,91.11160278320312,hold_days,0.06923874607815916,0.06823874607815916,1,2025-11-25,0.011699342372617938,0.056539403705541225,0.010115926615261898,-0.0028061163521934302,0.012922042967455328,0.037998453922364506,-0.002672040878026351,0.04067049480039086,0.037998453922364506,-0.002672040878026351,0.04067049480039086,0.10745249217542863,-0.002672040878026351,0.11012453305345497
COP,5,0.01,2026-02-24,2026-03-03,109.04686737060547,116.8662109375,hold_days,0.07170626497980725,0.07070626497980725,1,2026-02-23,-0.0062805273393807814,0.07698679231918804,0.008961371726460686,0.007128048276869157,0.0018333234495915294,0.008961371726460686,0.008614379864887957,0.00034699186157272945,0.008961371726460686,0.008614379864887957,0.00034699186157272945,0.008961371726460686,0.008614379864887957,0.00034699186157272945
COP,5,0.01,2026-04-20,2026-04-27,114.8250961303711,119.98212432861328,hold_days,0.044912030314235185,0.043912030314235184,3,2026-04-17,-0.01685493534449578,0.060766965658730965,0.05800039544273219,0.0015836213686893147,0.05641677407404287,0.11626324986670863,0.0015836213686893147,0.11467962849801933,0.12967124207846029,0.0015836213686893147,0.12808762070977098,0.12967124207846029,0.015142834293535391,0.1145284077849249
COST,5,0.01,2015-09-11,2015-09-18,117.85956573486328,118.49458312988281,hold_days,0.005387915618559669,0.004387915618559669,2,2015-09-09,0.0019340634739708484,0.0024538521445888204,0.002686623320884634,0.0053939460715615,-0.002707322750676866,0.002686623320884634,0.014955238560394548,-0.012268615239509914,0.03449926500367498,0.06915645962401719,-0.03465719462034221,0.03713545458999148,0.07540044272748234,-0.03826498813749086
COST,5,0.01,2015-12-21,2015-12-29,133.5283966064453,136.2678680419922,hold_days,0.020516021349533897,0.019516021349533896,3,2015-12-18,0.031548442604282245,-0.012032421254748349,0.020705488174719167,0.028326437980329865,-0.007620949805610698,0.05613804610848745,0.028326437980329865,0.027811608128157587,0.05613804610848745,0.03841590696647429,0.017722139142013163,0.05613804610848745,0.03841590696647429,0.017722139142013163
COST,5,0.01,2016-01-21,2016-01-28,125.9803237915039,125.3185043334961,hold_days,-0.0052533557470697545,-0.0062533557470697545,1,2016-01-20,0.013497038511164794,-0.01975039425823455,0.01827918849689666,0.030760742549668044,-0.012481554052771383,0.05093098752303487,0.06312655095722255,-0.012195563434187685,0.07577909406666998,0.10370816173033884,-0.027929067663668858,0.10949253051994873,0.11094968566895969,-0.001457155149010958
COST,5,0.01,2016-02-05,2016-02-12,120.62712097167969,124.86864471435547,hold_days,0.03516227286624529,0.03416227286624529,1,2016-02-04,-0.0104852515327013,0.04464752439894659,0.04799999373796628,0.033283105539371624,0.014716888198594659,0.06311408402064286,0.033283105539371624,0.02983097848127124,0.07734217201632008,0.03720779349858099,0.04013437851773909,0.1473323054405513,0.10854397114456657,0.03878833429598472
COST,5,0.01,2016-04-12,2016-04-19,126.4394760131836,129.0939483642578,hold_days,0.020994015751832462,0.01999401575183246,1,2016-04-11,0.02647794119038216,-0.006483925438549698,0.03986734580018166,-0.0019448241913347008,0.041812169991516365,0.048846667379868695,0.0003538493084158042,0.04849281807145289,0.048846667379868695,0.0003538493084158042,0.04849281807145289,0.048846667379868695,0.0003538493084158042,0.04849281807145289
COST,5,0.01,2016-05-19,2016-05-26,120.22504425048828,126.13099670410156,hold_days,0.04912414456099734,0.04812414456099734,1,2016-05-18,0.029832543434852976,0.018291601126144363,0.027398930111092075,0.01280896029544696,0.014589969815645115,0.04586776173954511,0.019360626226740774,0.02650713551280434,0.06210989038720395,0.026612044246254254,0.035497846140949696,0.09559533850542547,0.02871486999531875,0.06688046851010672
COST,5,0.01,2017-01-04,2017-01-11,135.3752899169922,136.8836212158203,hold_days,0.011141850922372853,0.010141850922372853,1,2017-01-03,0.00683105128910344,0.0033107996332694123,0.01413181208981447,-0.001469671418567725,0.015601483508382195,0.025021426669469708,0.00027773916265947394,0.024743687506810233,0.025021426669469708,0.00027773916265947394,0.024743687506810233,0.025021426669469708,0.00027773916265947394,0.024743687506810233
COST,5,0.01,2017-07-24,2017-07-31,133.869873046875,140.5279541015625,hold_days,0.0497354699989605,0.0487354699989605,3,2017-07-21,0.003261346768129725,0.045474123230830776,0.012038912619574956,0.0028982996804811367,0.00914061293909382,0.016927152199149295,0.0028982996804811367,0.014028852518668158,0.05742822063321325,0.0028982996804811367,0.05452992095273211,0.17124043446960469,0.0028982996804811367,0.16834213478912355
COST,5,0.01,2019-03-26,2019-03-27,216.0771026611328,216.38433837890625,resistance,0.001421880032588474,0.00042188003258847393,1,2019-03-25,-0.004397375968279826,0.0048192560008683,0.0019618477143550856,0.01168718809141285,-0.009725340377057766,0.0019618477143550856,0.01168718809141285,-0.009725340377057766,0.0019618477143550856,0.01168718809141285,-0.009725340377057766,0.0019618477143550856,0.01168718809141285,-0.009725340377057766
COST,5,0.01,2019-06-03,2019-06-10,218.4730682373047,232.7739715576172,hold_days,0.06545842668707746,0.06445842668707746,3,2019-05-31,0.050163093436081496,0.014295333250995967,0.02519214835098622,0.02681819714391016,-0.0016260487929239398,0.03545016880808209,0.038214029178280366,-0.0027638603701982747,0.03545016880808209,0.06310441778612123,-0.027654248978039142,0.03545016880808209,0.06689850738595565,-0.03144833857787356
COST,5,0.01,2019-10-02,2019-10-09,258.95654296875,269.6649475097656,hold_days,0.04135212965948454,0.04035212965948454,1,2019-10-01,0.011944517281500033,0.028407612377984504,0.01178476430937219,0.035105843072118254,-0.023321078762746063,0.02503163438157757,0.04015456042777131,-0.015122926046193742,0.06139723974849769,0.04015456042777131,0.021242679320726376,0.06139723974849769,0.04051276099774413,0.020884478750753555
COST,5,0.01,2020-01-08,2020-01-10,268.23931884765625,270.5603942871094,resistance,0.008653002287003941,0.007653002287003941,1,2020-01-07,0.002764062547581103,0.004888939739422838,-0.0026198002235505065,0.004142528030107408,-0.006762328253657915,0.0035165073366192462,0.004142528030107408,-0.000626020693488162,0.008912235900028707,0.004142528030107408,0.004769707869921299,0.03446784194373952,0.004142528030107408,0.030325313913632114
COST,5,0.01,2020-05-04,2020-05-11,278.37847900390625,283.7177429199219,hold_days,0.01917987315370273,0.01817987315370273,3,2020-05-01,0.023831453316314866,-0.005651580162612135,0.011640699846207888,0.04486474937828131,-0.033224049532073426,0.022091504318997424,0.04486474937828131,-0.022773245059283888,0.05092166735283594,0.04486474937828131,0.0060569179745546264,0.0583015619533393,0.17310893701246247,-0.11480737505912317
COST,5,0.01,2020-12-09,2020-12-16,352.5877990722656,348.0189514160156,hold_days,-0.012958042417439364,-0.013958042417439365,2,2020-12-07,0.0010928448086313658,-0.01505088722607073,0.024015512899680604,0.001973578130084172,0.02204193476959643,0.03423987329159651,0.001973578130084172,0.03226629516151234,0.03423987329159651,0.001973578130084172,0.03226629516151234,0.03423987329159651,0.001973578130084172,0.03226629516151234
COST,5,0.01,2021-06-02,2021-06-09,359.99981689453125,359.40399169921875,hold_days,-0.0016550708287916827,-0.0026550708287916827,1,2021-06-01,0.0011370546094049416,-0.0037921254381966243,0.01783258281917181,-0.0019098930997434418,0.019742475918915252,0.01783258281917181,-0.0019098930997434418,0.019742475918915252,0.01783258281917181,0.008162256896080038,0.009670325923091772,0.01783258281917181,0.008162256896080038,0.009670325923091772
COST,5,0.01,2022-01-11,2022-01-19,495.5139465332031,465.2627258300781,hold_days,-0.06105019024141223,-0.06205019024141223,1,2022-01-10,-0.02776044448633408,-0.03428974575507815,0.0747918780441636,2.3630957760502034e-07,0.074791641734586,0.08056085953992372,2.3630957760502034e-07,0.08056062323034612,0.08056085953992372,2.3630957760502034e-07,0.08056062323034612,0.08056085953992372,2.3630957760502034e-07,0.08056062323034612
COST,5,0.01,2024-04-22,2024-04-29,705.5396728515625,717.40869140625,hold_days,0.01682260971479721,0.01582260971479721,3,2024-04-19,0.011852941473148526,0.003969668241648683,0.003926281892477351,-0.00652858694813908,0.01045486884061643,0.023062761891006353,0.01832871489588876,0.004734046995117595,0.026320087499742042,0.028968789540655973,-0.0026487020409139313,0.08927047485787039,0.028968789540655973,0.060301685317214415
COST,5,0.01,2025-01-03,2025-01-13,907.8153076171875,915.857666015625,hold_days,0.00885902488199597,0.007859024881995968,1,2025-01-02,-0.0025458123428591106,0.010404837224855079,0.04137468363290389,0.01079573307095151,0.03057895056195238,0.049920112566130784,0.01079573307095151,0.03912437949517927,0.07852693628872569,0.028989039885005917,0.04953789640371977,0.07852693628872569,0.032543105907160245,0.04598383038156544
COST,5,0.01,2025-03-14,2025-03-21,896.2655029296875,901.5603637695312,hold_days,0.005907692332836723,0.0049076923328367225,1,2025-03-13,0.0036723918757843865,0.001235300457052336,0.06262513990965861,0.027810752141355186,0.03481438776830342,0.1379827415907844,0.045142492891426605,0.09284024869935781,0.16059650158558417,0.052739029720032256,0.10785747186555192,0.16059650158558417,0.052739029720032256,0.10785747186555192
COST,5,0.01,2025-11-25,2025-12-03,890.400146484375,918.2073974609375,hold_days,0.03123006109821036,0.03023006109821036,1,2025-11-24,0.01673602959671694,0.01349403150149342,0.005205713656017571,-0.013287666935895039,0.01849338059191261,0.033240357298353666,0.00013370029558135515,0.03310665700277231,0.049333554116727296,0.00013370029558135515,0.04919985382114594,0.08542731335861582,0.00013370029558135515,0.08529361306303447
COST,5,0.01,2026-03-24,2026-03-31,970.8654174804688,993.4067993164062,hold_days,0.023217823428540285,0.022217823428540284,1,2026-03-23,0.004584314913896215,0.01763350851464407,0.02242611298592201,0.015396571420883041,0.007029541565038967,0.03432068829089189,0.02011361276586872,0.01420707552502317,0.03657536780448947,0.04434932227047643,-0.007773954465986957,0.04384963394170333,0.050556085225767135,-0.006706451284063802
COST,5,0.01,2026-06-23,2026-06-30,956.1597900390625,933.9849853515625,hold_days,-0.02319152605925212,-0.024191526059252122,1,2026-06-22,0.01041163185170979,-0.03460315791096191,0.029391508257939354,0.016118087061269524,0.01327342119666983,0.029391508257939354,0.016118087061269524,0.01327342119666983,0.06862211534379845,0.016118087061269524,0.052504028282528925,0.12486292571794523,0.016118087061269524,0.10874483865667571
COST,5,0.01,2026-07-10,2026-07-17,914.7955322265625,939.37646484375,hold_days,0.026870411749124745,0.025870411749124744,1,2026-07-09,-0.00037505702958939846,0.026245468778714143,0.03869358365595464,0.0048281821357295555,0.03386540152022509,0.03869358365595464,0.0048281821357295555,0.03386540152022509,0.07138082877285054,0.0048281821357295555,0.06655264663712099,0.16272207430272415,0.0048281821357295555,0.1578938921669946
DHR,5,0.01,2015-06-30,2015-07-08,34.917503356933594,34.978702545166016,hold_days,0.0017526793827964404,0.0007526793827964404,1,2015-06-29,-0.005253352288363655,0.006006031671160096,0.001982316052987512,0.027149699998734497,-0.025167383945746986,0.006086885989434138,0.027149699998734497,-0.021062814009300358,0.0173656370280847,0.027149699998734497,-0.009784062970649796,,,
DHR,5,0.01,2016-06-28,2016-07-06,40.2852668762207,67.91265106201172,hold_days,0.6857937486346579,0.6847937486346579,1,2016-06-27,0.047137021530617274,0.6376567271040406,0.02309846746247378,0.0370006805116832,-0.013902213049209418,0.02309846746247378,0.0370006805116832,-0.013902213049209418,0.02309846746247378,0.041397655005350906,-0.018299187542877127,0.02309846746247378,0.041397655005350906,-0.018299187542877127
DHR,5,0.01,2016-10-18,2016-10-25,64.4869155883789,66.46125030517578,hold_days,0.030616051314953374,0.029616051314953373,1,2016-10-17,0.009392055499112484,0.02022399581584089,0.004558635669168923,0.002855222804255257,0.0017034128649136655,0.024131544824574844,0.013731453330784692,0.010400091493790151,0.025003154852139522,0.014811583607267389,0.010191571244872133,0.06459883264495049,0.02190738681636571,0.04269144582858478
DHR,5,0.01,2016-11-23,2016-12-01,66.79029846191406,64.98470306396484,hold_days,-0.027033797415635497,-0.028033797415635497,1,2016-11-22,-0.0021943856957166163,-0.02583941171991888,0.0130907543792266,-0.005168764680059602,0.018259519059286203,0.021991822093842036,-0.005168764680059602,0.027160586773901638,0.021991822093842036,-0.005168764680059602,0.027160586773901638,0.02642875849993077,-0.005168764680059602,0.03159752317999037
DHR,5,0.01,2016-12-08,2016-12-15,65.5921859741211,67.2712631225586,hold_days,0.025598737463940813,0.024598737463940812,1,2016-12-07,0.014039828537892207,0.010558908926048605,-0.004651830776100144,-0.0036893195419633656,-0.0009625112341367786,0.022876421294847724,-0.0036893195419633656,0.02656574083681109,0.03953574446126778,-0.0036893195419633656,0.043225064003231145,0.03953574446126778,-0.0036893195419633656,0.043225064003231145
DHR,5,0.01,2017-01-24,2017-01-31,67.63163757324219,70.91898345947266,hold_days,0.0486066285570923,0.0476066285570923,1,2017-01-23,-0.0009397906561724456,0.048546419213264747,0.014287066115918439,-0.004666002399230091,0.01895306851514853,0.01634655758457014,-0.002732695677423599,0.01907925326199374,0.01634655758457014,-0.002732695677423599,0.01907925326199374,0.01634655758457014,-0.002732695677423599,0.01907925326199374
DHR,5,0.01,2017-05-19,2017-05-23,69.52806091308594,71.0601577758789,resistance,0.022035662186928873,0.021035662186928872,1,2017-05-18,0.009225579814370777,0.011810082372558095,0.01368923941622998,0.009594408582947259,0.004094830833282721,0.020510717202274202,0.009594408582947259,0.010916308619326943,0.023073360762058313,0.009594408582947259,0.013478952179111055,0.06251037076547436,0.009594408582947259,0.0529159621825271
DHR,5,0.01,2017-07-11,2017-07-18,70.45723724365234,72.47517395019531,hold_days,0.028640588042994297,0.027640588042994296,1,2017-07-10,0.009676288222690399,0.017964299820303897,0.013767043675466292,0.0014561492657327389,0.012310894409733554,0.026117737726092195,0.0014561492657327389,0.024661588460359457,0.03749186790115453,0.006362746223679926,0.031129121677474607,0.04148180838854993,0.006362746223679926,0.035119062164870006
DHR,5,0.01,2017-09-29,2017-10-06,72.84884643554688,74.41996002197266,hold_days,0.021566759987281747,0.020566759987281746,1,2017-09-28,0.013641158829208466,0.00692560115807328,0.009901355588156366,-0.00234212005837286,0.012243475646529226,0.025952347944490844,-0.00234212005837286,0.028294468002863706,0.02859508907861218,-0.00234212005837286,0.03093720913698504,0.02859508907861218,-0.00234212005837286,0.03093720913698504
DHR,5,0.01,2017-12-07,2017-12-14,78.70867919921875,78.85306549072266,hold_days,0.0018344392635334383,0.0008344392635334383,1,2017-12-06,0.009561575204770412,-0.008727135941236974,0.017804143567245617,0.001179880645340025,0.01662426292190559,0.017804143567245617,0.001179880645340025,0.01662426292190559,0.017804143567245617,0.001179880645340025,0.01662426292190559,0.017804143567245617,0.001179880645340025,0.01662426292190559
DHR,5,0.01,2018-04-12,2018-04-19,84.34071350097656,86.47052001953125,hold_days,0.025252412863806528,0.024252412863806527,1,2018-04-11,0.009228957435694518,0.01502345542811201,0.005225248459587899,-0.003264659779857903,0.008489908239445803,0.005225248459587899,-0.003264659779857903,0.008489908239445803,0.029904398067970978,0.02370617679893653,0.006198221269034448,0.04467133659522007,0.05848640152324723,-0.013815064928027164
DHR,5,0.01,2018-10-09,2018-10-16,91.20858764648438,89.77291870117188,hold_days,-0.015740501879899838,-0.01674050187989984,1,2018-10-08,-0.024766774785599743,0.008026272905699905,0.020466013304903784,0.015721963963770066,0.004744049341133719,0.023423905900182156,0.015721963963770066,0.007701941936412091,0.023423905900182156,0.015721963963770066,0.007701941936412091,0.023423905900182156,0.015721963963770066,0.007701941936412091
DHR,5,0.01,2019-05-14,2019-05-21,112.06140899658203,111.59857177734375,hold_days,-0.004130210599550765,-0.0051302105995507654,1,2019-05-13,0.011987060426996932,-0.017117271026547698,0.007363819716814322,0.01613435901182827,-0.008770539295013946,0.02845883324412615,0.041212202403435434,-0.012753369159309285,0.02845883324412615,0.041315983539737144,-0.012857150295610995,0.02845883324412615,0.041315983539737144,-0.012857150295610995
DHR,5,0.01,2019-07-19,2019-07-26,121.51573944091797,122.09066772460938,hold_days,0.0047313071239709625,0.0037313071239709625,2,2019-07-17,0.013320479540111396,-0.009589172416140435,0.009720245058832424,0.006880248600968771,0.0028399964578636533,0.01966087218995865,0.006880248600968771,0.012780623588989879,0.02546290220132661,0.006880248600968771,0.01858265360035784,0.02546290220132661,0.006880248600968771,0.01858265360035784
DHR,5,0.01,2019-08-26,2019-09-03,117.0450439453125,120.02265167236328,hold_days,0.025439844581903293,0.02443984458190329,3,2019-08-23,0.009803736808400965,0.014636107773502327,0.03747076743078012,0.01508942780648279,0.022381339624297333,0.03747076743078012,0.01692926431394037,0.020541503116839752,0.0441484801126885,0.051202037549936734,-0.007053557437248233,0.06131717617006873,0.051202037549936734,0.010115138620131997
DHR,5,0.01,2019-10-09,2019-10-16,117.87071228027344,118.03395080566406,hold_days,0.001384894705670936,0.00038489470567093596,1,2019-10-08,0.02358488927076796,-0.023199994565097026,0.03141558691436317,0.009680545203709071,0.0217350417106541,0.05005910095712561,0.023580648139874726,0.026478452817250885,0.06218194066734892,0.02868966998723179,0.03349227068011713,0.06218194066734892,0.029052149090102893,0.03312979157724602
DHR,5,0.01,2019-11-06,2019-11-13,115.86036682128906,117.74183654785156,hold_days,0.0162391141870335,0.015239114187033498,1,2019-11-05,0.009472799542387778,0.00576631464464572,0.02452101737253873,-8.486735141421763e-05,0.024605884723952948,0.025930146734102575,-8.486735141421763e-05,0.02601501408551679,0.028386305064965974,-8.486735141421763e-05,0.02847117241638019,0.0781769087171726,-8.486735141421763e-05,0.07826177606858682
DHR,5,0.01,2020-02-21,2020-02-28,139.22805786132812,124.34884643554688,hold_days,-0.10686934554959482,-0.10786934554959482,1,2020-02-20,-0.11952951523184341,0.011660169682248589,0.0245253909697358,0.011853548522988219,0.01267184244674758,0.0245253909697358,0.015146883179996625,0.009378507789739175,0.04241331009239668,0.015146883179996625,0.027266426912400058,0.04241331009239668,0.015146883179996625,0.027266426912400058
DHR,5,0.01,2021-09-14,2021-09-21,280.3846130371094,280.91229248046875,hold_days,0.0018819843130604141,0.0008819843130604141,1,2021-09-13,-0.020086559608844645,0.02096854392190506,0.01942443271317808,0.013636390108371439,0.0057880426048066425,0.025087878669870237,0.023112858788115982,0.0019750198817542544,0.025087878669870237,0.023112858788115982,0.0019750198817542544,0.025087878669870237,0.023112858788115982,0.0019750198817542544
DHR,5,0.01,2022-05-26,2022-06-03,218.2483367919922,230.68203735351562,hold_days,0.056970425270061575,0.055970425270061575,1,2022-05-25,0.01600662679907039,0.039963798470991185,0.0055704401593965865,-0.017912996087304508,0.023483436246701093,0.0055704401593965865,0.005068337451447809,0.0005021027079487777,0.020583658096453638,0.03453784960183081,-0.013954191505377172,0.1600147311817727,0.07534686120114405,0.08466786998062865
DHR,5,0.01,2024-03-18,2024-03-25,247.7835693359375,244.16738891601562,hold_days,-0.014594109002518896,-0.015594109002518897,3,2024-03-15,0.010738977970324193,-0.02633308697284309,0.01519488671954905,0.0027786997844181853,0.012416186935130864,0.018423986834258346,0.0027786997844181853,0.01564528704984016,0.018423986834258346,0.0027786997844181853,0.01564528704984016,0.018423986834258346,0.0027786997844181853,0.01564528704984016
DHR,5,0.01,2024-11-20,2024-11-27,230.4042510986328,236.06797790527344,hold_days,0.024581694042685287,0.023581694042685286,2,2024-11-18,0.027416972397994233,-0.0038352783553089465,0.034902477666284966,0.006637176591458581,0.028265301074826384,0.05917011699925088,0.011049045893888214,0.048121071105362664,0.08945305456911487,0.011049045893888214,0.07840400867522665,0.1615709775263218,0.011049045893888214,0.15052193163243358
DHR,5,0.01,2025-12-02,2025-12-09,225.3279571533203,221.98666381835938,hold_days,-0.014828578651194246,-0.015828578651194247,1,2025-12-01,-0.0009285701659650369,-0.01490000848522921,0.01811335729111901,0.0020094876028550436,0.016103869688263966,0.01811335729111901,0.0020094876028550436,0.016103869688263966,0.01811335729111901,0.0020094876028550436,0.016103869688263966,0.01811335729111901,0.0020094876028550436,0.016103869688263966
DHR,5,0.01,2025-12-18,2025-12-26,223.10044860839844,229.35427856445312,hold_days,0.02803145397090545,0.02703145397090545,1,2025-12-17,0.014092403245751894,0.012939050725153556,0.03451390148114916,0.012172392398864043,0.02234150908228512,0.03451390148114916,0.012172392398864043,0.02234150908228512,0.03451390148114916,0.012172392398864043,0.02234150908228512,0.03451390148114916,0.012172392398864043,0.02234150908228512
DHR,5,0.01,2026-04-28,2026-05-05,178.6094512939453,174.26846313476562,hold_days,-0.024304358631254797,-0.025304358631254797,4,2026-04-24,0.013963844280235227,-0.039268202911490024,0.07998355416475608,0.008409422173785246,0.07157413199097083,0.09883696849326185,0.016017136660549002,0.08281983183271284,0.09883696849326185,0.016017136660549002,0.08281983183271284,0.19720027743601987,0.02938033206075808,0.1678199453752618
DHR,5,0.01,2026-07-22,2026-07-29,179.13999938964844,196.49000549316406,hold_days,0.09685165882901181,0.09585165882901181,1,2026-07-21,0.013549962995718312,0.0823016958332935,0.12618894595563185,0.007595513391516764,0.11859343256411509,0.12618894595563185,0.007595513391516764,0.11859343256411509,0.12618894595563185,0.007595513391516764,0.11859343256411509,0.12618894595563185,0.007595513391516764,0.11859343256411509
DE,5,0.01,2015-09-14,2015-09-21,66.04937744140625,65.61831665039062,hold_days,-0.006526341469274666,-0.007526341469274666,3,2015-09-11,0.009517757284153383,-0.01704409875342805,0.00524310760584976,0.009140748613862328,-0.0038976410080125683,0.03383013662183436,0.01866602254553564,0.01516411407629872,0.15539508770122384,0.07266306098622444,0.08273202671499941,0.18134153817755663,0.07888352224234736,0.10245801593520927
DE,5,0.01,2016-10-21,2016-10-28,74.41266632080078,75.04981231689453,hold_days,0.008562332565089648,0.0075623325650896476,1,2016-10-20,-0.0011381138534015678,0.008700446418491214,0.002078836800874998,-0.0006720857191020197,0.0027509225199770174,0.012115726104918487,0.007735409212454335,0.0043803168924641525,0.012115726104918487,0.008363107510369136,0.0037526185945493517,0.012115726104918487,0.01623009503556956,-0.004114368930651074
DE,5,0.01,2017-03-28,2017-04-04,93.80941772460938,95.35070037841797,hold_days,0.01642993519406799,0.01542993519406799,1,2017-03-27,0.003539329565782179,0.01189060562828581,0.013118304563234717,-0.0015681213618140611,0.014686425925048778,0.02299792566233635,0.012091845970572404,0.010906079691763947,0.025984466972770744,0.017052093149591552,0.008932373823179192,0.025984466972770744,0.017052093149591552,0.008932373823179192
DE,5,0.01,2017-09-28,2017-10-05,108.74227142333984,112.56748962402344,hold_days,0.035176920167427905,0.034176920167427904,2,2017-09-26,0.016951061090505926,0.01722585907692198,0.004130327865473473,-0.004282953402423369,0.008413281267896842,0.004130327865473473,-0.004282953402423369,0.008413281267896842,0.004130327865473473,-0.004282953402423369,0.008413281267896842,0.06151631859596706,-0.004282953402423369,0.06579927199839043
DE,5,0.01,2017-11-10,2017-11-17,116.27841186523438,119.391357421875,hold_days,0.026771483259063533,0.025771483259063532,1,2017-11-09,0.0010740946653520211,0.02469738859371151,0.025643028801202613,0.005278546864989885,0.02036448193621273,0.025643028801202613,0.005278546864989885,0.02036448193621273,0.025643028801202613,0.005278546864989885,0.02036448193621273,0.025643028801202613,0.005278546864989885,0.02036448193621273
DE,5,0.01,2019-03-25,2019-04-01,141.48988342285156,146.3113555908203,hold_days,0.03407644455794401,0.03307644455794401,3,2019-03-22,0.02973618154641433,0.003340263011529676,0.0226134737046258,0.019952260219352144,0.002661213485273657,0.0226134737046258,0.019952260219352144,0.002661213485273657,0.05120021725018889,0.019952260219352144,0.031247957030836746,0.05205755976112215,0.019952260219352144,0.03210529954177001
DE,5,0.01,2019-07-11,2019-07-16,146.39373779296875,150.83291625976562,resistance,0.030323554365930594,0.029323554365930593,1,2019-07-10,0.001615681121140078,0.027707873244790515,0.02438126543080253,0.0008141938345011762,0.023567071596301354,0.02685415379746643,0.0008141938345011762,0.02603995996296525,0.02923537434459379,0.0008141938345011762,0.02842118051009261,0.042263143792997566,0.0008141938345011762,0.04144894995849639
DE,5,0.01,2019-09-04,2019-09-06,137.7332000732422,142.09072875976562,resistance,0.03163746057019101,0.03063746057019101,1,2019-09-03,0.015592561029001306,0.015044899541189705,0.030419315299553357,-0.0019619630018744027,0.03238127830142776,0.030419315299553357,-0.0019619630018744027,0.03238127830142776,0.030419315299553357,-0.0011961092959509268,0.03161542459550428,0.10957228611642375,0.031533898543430534,0.07803838757299322
DE,5,0.01,2019-10-03,2019-10-10,150.3210906982422,153.02969360351562,hold_days,0.01801878161402337,0.01701878161402337,1,2019-10-02,0.011637787222829044,0.005380994391194327,0.022824565666985732,0.026680935223244433,-0.0038563695562587007,0.022824565666985732,0.030308255400694564,-0.0074836897337088315,0.022824565666985732,0.03283860370469726,-0.010014038037711528,0.028193165716441274,0.033199534484931084,-0.005006368768489811
DE,5,0.01,2020-07-21,2020-07-23,162.62355041503906,163.62347412109375,resistance,0.006148701731715667,0.005148701731715667,1,2020-07-20,-0.0026432606473436593,0.007791962379059326,0.00487250978792388,-0.008088382850450895,0.012960892638374775,0.00487250978792388,-0.008088382850450895,0.012960892638374775,0.00487250978792388,-0.008088382850450895,0.012960892638374775,0.00487250978792388,0.015315739597899041,-0.010443229809975162
DE,5,0.01,2020-07-24,2020-07-27,162.34585571289062,162.94761657714844,resistance,0.0037066598442896392,0.0027066598442896392,4,2020-07-20,0.004876295088887206,-0.0021696352445975666,0.007808283102811952,0.014207840006604012,-0.00639955690379206,0.007808283102811952,0.014207840006604012,-0.00639955690379206,0.007808283102811952,0.014207840006604012,-0.00639955690379206,0.007808283102811952,0.025077764325700833,-0.01726948122288888
DE,5,0.01,2020-12-09,2020-12-16,236.74232482910156,242.58584594726562,hold_days,0.024683043568074936,0.023683043568074935,2,2020-12-07,0.0010928448086313658,0.02259019875944357,0.016100416556931552,0.001973578130084172,0.01412683842684738,0.02718068750689714,0.001973578130084172,0.025207109376812968,0.02718068750689714,0.001973578130084172,0.025207109376812968,0.02718068750689714,0.001973578130084172,0.025207109376812968
DE,5,0.01,2021-03-24,2021-03-31,336.2558898925781,349.4368896484375,hold_days,0.039199312642732353,0.03819931264273235,1,2021-03-23,0.02290010776466933,0.015299204878063022,0.05126065094152954,0.015121393152445033,0.03613925778908451,0.05126065094152954,0.015121393152445033,0.03613925778908451,0.05126065094152954,0.015121393152445033,0.03613925778908451,0.05126065094152954,0.015121393152445033,0.03613925778908451
DE,5,0.01,2021-10-14,2021-10-21,309.7095031738281,322.06890869140625,hold_days,0.03990644584981062,0.03890644584981062,1,2021-10-13,0.018907627486066003,0.01999881836374462,0.04161700153759651,-0.003118285231259374,0.04473528676885588,0.04161700153759651,-0.003118285231259374,0.04473528676885588,0.06917189403050962,-0.0019852687893638786,0.0711571628198735,0.15048237260472166,0.014160819934435685,0.13632155267028598
DE,5,0.01,2022-05-02,2022-05-09,360.04541015625,344.27337646484375,hold_days,-0.043805679079651716,-0.04480567907965172,3,2022-04-29,-0.02371203263613242,-0.0210936464435193,0.011153511248515532,0.03147803264063338,-0.02032452139211785,0.13050526418657324,0.06762427158010116,0.06288099260647208,0.13050526418657324,0.06850777011035641,0.061997494076216825,0.13050526418657324,0.07628456247083068,0.05422070171574256
DE,5,0.01,2023-01-20,2023-01-27,391.5739440917969,398.8026123046875,hold_days,0.018460544481979202,0.0174605444819792,1,2023-01-19,0.016461400662140413,0.000999143819838788,0.06603262754572646,0.015789477390302915,0.05024315015542355,0.06603262754572646,0.015789477390302915,0.05024315015542355,0.06768257584223658,0.015789477390302915,0.05189309845193367,0.07598872471185082,0.021302101180284333,0.05468662353156649
DE,5,0.01,2023-05-19,2023-05-26,347.78875732421875,341.7236022949219,hold_days,-0.017439192330310882,-0.018439192330310883,3,2023-05-16,-0.004561424670413872,-0.013877767659897011,0.02788917279655592,0.0018968946880673662,0.025992278108488552,0.046901317939695986,0.0018968946880673662,0.04500442325162862,0.06311201402757752,0.01788466578099952,0.045227348246577995,0.1524416845169665,0.020651054898151944,0.13179062961881455
DE,5,0.01,2023-08-04,2023-08-11,406.9115295410156,417.4960021972656,hold_days,0.026011729547670948,0.025011729547670947,1,2023-08-03,0.0068631595711985405,0.018148569976472406,0.02168702544636519,0.01682935027608217,0.004857675170283019,0.04994073920590678,0.01682935027608217,0.03311138892982461,0.04994073920590678,0.01682935027608217,0.03311138892982461,0.04994073920590678,0.01682935027608217,0.03311138892982461
DE,5,0.01,2023-11-29,2023-12-06,350.4701843261719,352.010986328125,hold_days,0.004396385401273184,0.003396385401273184,1,2023-11-28,0.009962903058118089,-0.006566517656844905,0.048895686259829825,-0.0003583283013314131,0.04925401456116124,0.05260965697069231,-0.0003583283013314131,0.052967985272023725,0.05260965697069231,-0.0003583283013314131,0.052967985272023725,0.11873456432016707,-0.0003583283013314131,0.11909289262149848
DE,5,0.01,2025-02-07,2025-02-14,456.79278564453125,471.1362609863281,hold_days,0.031400398151118614,0.030400398151118613,1,2025-02-06,0.011164488337225942,0.01923590981389267,0.022998096214562825,0.012150044253974597,0.010848051960588228,0.038314542536255825,0.016288964659182684,0.02202557787707314,0.038314542536255825,0.016288964659182684,0.02202557787707314,0.038314542536255825,0.016288964659182684,0.02202557787707314
DE,5,0.01,2025-04-28,2025-05-05,453.0723571777344,473.8848876953125,hold_days,0.045936438601602125,0.044936438601602124,3,2025-04-25,0.016925943064169946,0.02801049553743218,0.009278549129124196,-0.0029746100585143725,0.01225315918763857,0.01597274786806882,-0.0029746100585143725,0.018947357926583194,0.0381440164446727,0.03099191911914892,0.007152097325523778,0.09319638079305062,0.07593896221391916,0.01725741857913146
DE,5,0.01,2025-06-02,2025-06-09,499.9744567871094,513.60009765625,hold_days,0.027252673979987874,0.026252673979987873,4,2025-05-29,0.015340773098726945,0.010911900881260927,0.00435241283369253,0.00019503839164164777,0.004157374442050882,0.0444795226819396,0.009293867853022922,0.03518565482891668,0.0444795226819396,0.009293867853022922,0.03518565482891668,0.0444795226819396,0.009293867853022922,0.03518565482891668
DE,5,0.01,2026-07-15,2026-07-22,589.47998046875,607.3300170898438,hold_days,0.03028098868921636,0.02928098868921636,1,2026-07-14,0.004094191235582745,0.025186797453633614,0.0121661190542527,0.005986837288298061,0.00617928176595464,0.07203578249023902,0.009830407482781632,0.06220537500745739,0.07203578249023902,0.009830407482781632,0.06220537500745739,0.07203578249023902,0.009830407482781632,0.06220537500745739
DOV,5,0.01,2016-09-16,2016-09-23,46.79582214355469,47.92540740966797,hold_days,0.02413859217278147,0.02313859217278147,2,2016-09-14,0.014523280580033271,0.008615311592748198,0.029151314525291582,0.011933766756786176,0.017217547768505405,0.06611695010078991,0.024119017555136627,0.04199793254565329,0.08108281004336211,0.027762350930151797,0.05332045911321032,0.08293203530465756,0.027762350930151797,0.05516968437450577
DOV,5,0.01,2017-06-08,2017-06-15,57.712501525878906,57.712501525878906,hold_days,0.0,-0.001,1,2017-06-07,0.0025300741027016738,-0.003530074102701674,0.015888385806975523,-0.0003693380911042779,0.0162577238980798,0.015888385806975523,-0.0003693380911042779,0.0162577238980798,0.015888385806975523,-0.0003693380911042779,0.0162577238980798,0.015888385806975523,-0.0003693380911042779,0.0162577238980798
DOV,5,0.01,2017-06-23,2017-06-30,55.001338958740234,56.19929885864258,hold_days,0.02178055884786745,0.020780558847867447,2,2017-06-21,-0.0033159413926953096,0.024096500240562757,0.054665692457805955,0.0074844364416880235,0.04718125601611793,0.059422345612279236,0.0074844364416880235,0.05193790917059121,0.062119037741030815,0.0074844364416880235,0.05463460129934279,0.062119037741030815,0.0074844364416880235,0.05463460129934279
DOV,5,0.01,2017-08-23,2017-08-30,59.19071578979492,59.69797897338867,hold_days,0.00856997886957811,0.00756997886957811,2,2017-08-21,0.007712262052673058,-0.00014228318309494805,0.01019184357800626,0.011939720755123819,-0.0017478771771175586,0.026948948732380233,0.012941114705539662,0.014007834026840572,0.03163294682880747,0.01468531530829252,0.01694763152051495,0.03163294682880747,0.01468531530829252,0.01694763152051495
DOV,5,0.01,2018-03-05,2018-03-12,70.09638214111328,72.18002319335938,hold_days,0.029725372246051762,0.02872537224605176,4,2018-03-01,0.024138162108073402,0.004587210137978359,0.05148195733271941,0.029326668069170652,0.022155289263548757,0.05148195733271941,0.029326668069170652,0.022155289263548757,0.05148195733271941,0.029326668069170652,0.022155289263548757,0.07505098826990425,0.048211243642868565,0.026839744627035686
DOV,5,0.01,2018-06-28,2018-07-06,64.45448303222656,64.56964111328125,hold_days,0.001786657430750127,0.000786657430750127,1,2018-06-27,0.014325173575916672,-0.013538516145166546,0.004242253514486391,0.009199745685200572,-0.0049574921707141815,0.05272025471959182,0.027591734463677582,0.025128520255914236,0.07886044528221407,0.03309266918211857,0.045767776100095504,0.08929104073363996,0.03309266918211857,0.05619837155152139
DOV,5,0.01,2018-09-10,2018-09-17,76.17776489257812,78.84973907470703,hold_days,0.035075512991183055,0.034075512991183055,3,2018-09-07,0.007757337283056387,0.026318175708126668,0.015765170105981396,0.0013364074829262504,0.014428762623055145,0.015765170105981396,0.007343347197467313,0.008421822908514082,0.015765170105981396,0.007343347197467313,0.008421822908514082,0.015765170105981396,0.007343347197467313,0.008421822908514082
DOV,5,0.01,2018-10-25,2018-11-01,72.78437805175781,74.28067779541016,hold_days,0.02055797938656978,0.01955797938656978,1,2018-10-24,0.012890963313192838,0.006667016073376941,0.021199960355495474,0.0266059739665051,-0.005406013611009626,0.021199960355495474,0.04150919548936975,-0.020309235133874278,0.08159158929905273,0.07994405987389529,0.0016475294251574457,0.08549680417358815,0.07994405987389529,0.005552744299692866
DOV,5,0.01,2019-02-11,2019-02-19,78.27957153320312,81.88945770263672,hold_days,0.04611530312097356,0.04511530312097356,3,2019-02-08,0.02210272882017339,0.02301257430080017,0.009071498412043513,0.009957720612286352,-0.0008862222002428387,0.016100069101396088,0.009957720612286352,0.006142348489109736,0.016100069101396088,0.009957720612286352,0.006142348489109736,0.016100069101396088,0.02658442888354584,-0.010484359782149753
DOV,5,0.01,2019-04-26,2019-05-03,87.3743896484375,89.4815444946289,hold_days,0.02411638987888587,0.023116389878885868,1,2019-04-25,-0.00018370849267002054,0.02330009837155589,0.007670141625543201,0.0033345824419989535,0.004335559183544247,0.007670141625543201,0.0033345824419989535,0.004335559183544247,0.007670141625543201,0.0033345824419989535,0.004335559183544247,0.007670141625543201,0.0033345824419989535,0.004335559183544247
DOV,5,0.01,2019-08-27,2019-09-04,80.50807189941406,84.87712097167969,hold_days,0.05426845990951401,0.05326845990951401,4,2019-08-23,0.022866474958322724,0.030401984951191285,0.02999585702993629,0.017147073092726953,0.012848783937209337,0.02999585702993629,0.018983065869571915,0.011012791160364375,0.09153157971177069,0.05050087095457703,0.041030708757193654,0.1398590938876046,0.05318423746752463,0.08667485642007997
DOV,5,0.01,2020-08-24,2020-08-31,102.48042297363281,101.83405303955078,hold_days,-0.00630725279352462,-0.00730725279352462,3,2020-08-21,0.008455146787500922,-0.015762399581025544,0.0076858958982526536,-0.011220649577446432,0.018906545475699085,0.013680313153585815,-0.003480413896398774,0.01716072704998459,0.013680313153585815,-0.003480413896398774,0.01716072704998459,0.013680313153585815,-0.003480413896398774,0.01716072704998459
DOV,5,0.01,2021-01-05,2021-01-12,115.47811889648438,120.63490295410156,hold_days,0.044655940942714745,0.043655940942714744,1,2021-01-04,0.02647016742287711,0.017185773519837633,0.017346592967407943,0.0012613511840766642,0.01608524178333128,0.017346592967407943,0.0012613511840766642,0.01608524178333128,0.017346592967407943,0.0012613511840766642,0.01608524178333128,0.017346592967407943,0.0012613511840766642,0.01608524178333128
DOV,5,0.01,2021-02-18,2021-02-25,112.57398223876953,116.1410140991211,hold_days,0.03168611245168429,0.03068611245168429,1,2021-02-17,0.0029936495649025563,0.027692462886781732,0.014986128640288986,0.004765418396822815,0.010220710243466172,0.014986128640288986,0.004765418396822815,0.010220710243466172,0.04023459823812604,0.004765418396822815,0.035469179841303225,0.06682079993382183,0.004765418396822815,0.06205538153699901
DOV,5,0.01,2021-10-01,2021-10-08,147.517578125,148.4202423095703,hold_days,0.006119027956149381,0.005119027956149381,1,2021-09-30,0.013013818341837347,-0.007894790385687966,0.03100670457493123,0.013611943421722292,0.01739476115320894,0.04072372149161387,0.013611943421722292,0.02711177806989158,0.10858558709243638,0.029850737745284992,0.07873484934715139,0.10858558709243638,0.029850737745284992,0.07873484934715139
DOV,5,0.01,2022-02-14,2022-02-22,151.98590087890625,149.1566925048828,hold_days,-0.018614939659946428,-0.01961493965994643,3,2022-02-11,-0.023417864272459177,0.003802924612512748,0.03836760102715226,0.03300172144282319,0.005365879584329068,0.05344752790917017,0.03300172144282319,0.02044580646634698,0.09704173241687507,0.03300172144282319,0.06404001097405188,0.118959098599682,0.03868252232463922,0.08027657627504278
DOV,5,0.01,2022-08-04,2022-08-11,125.79568481445312,129.61343383789062,hold_days,0.030348807505349962,0.02934880750534996,2,2022-08-02,0.022814408716167467,0.006534398789182494,0.009126416295230868,0.002448216144839471,0.006678200150391396,0.009126416295230868,0.002448216144839471,0.006678200150391396,0.009126416295230868,0.002448216144839471,0.006678200150391396,0.02688805633656518,0.02548295969873197,0.001405096637833208
DOV,5,0.01,2023-05-19,2023-05-26,133.91944885253906,131.57655334472656,hold_days,-0.017494811454849213,-0.018494811454849214,3,2023-05-16,-0.004561424670413872,-0.013933386784435342,0.009656937849901931,0.0018968946880673662,0.007760043161834564,0.03487655522470386,0.0018968946880673662,0.0329796605366365,0.06144019560527627,0.01788466578099952,0.043555529824276754,0.09815717355183373,0.020651054898151944,0.07750611865368179
DOV,5,0.01,2023-08-18,2023-08-25,135.47496032714844,137.49884033203125,hold_days,0.014939144473602228,0.013939144473602227,2,2023-08-16,-0.0020038429973083804,0.015942987470910608,0.016786470093808795,0.021236584730032353,-0.004450114636223558,0.023751618561380423,0.024168562974194584,-0.0004169444128141603,0.07592670267142243,0.03004283189487526,0.04588387077654717,0.07592670267142243,0.03004283189487526,0.04588387077654717
DOV,5,0.01,2023-12-21,2023-12-29,148.00511169433594,149.29608154296875,hold_days,0.00872246798677434,0.00772246798677434,1,2023-12-20,0.0055268814511986175,0.002195586535575723,0.018095111219270623,0.00502493093293854,0.013070180286332084,0.018095111219270623,0.00502493093293854,0.013070180286332084,0.018095111219270623,0.00502493093293854,0.013070180286332084,0.018095111219270623,0.00502493093293854,0.013070180286332084
DOV,5,0.01,2024-10-10,2024-10-17,182.73385620117188,190.8218536376953,hold_days,0.04426107785751188,0.043261077857511876,1,2024-10-09,0.014145603944144991,0.029115473913366885,0.015924967484134855,0.004113704327494902,0.011811263156639953,0.033207198233823364,0.00560590169043748,0.027601296543385882,0.033207198233823364,0.00560590169043748,0.027601296543385882,0.033207198233823364,0.00560590169043748,0.027601296543385882
DOV,5,0.01,2024-12-24,2025-01-02,186.83251953125,182.22869873046875,hold_days,-0.024641431868134722,-0.025641431868134723,1,2024-12-23,-0.01675328749004612,-0.008888144378088603,0.03159654707007531,0.004929187233779505,0.026667359836295805,0.05477745044440125,0.01900874903205031,0.035768701412350945,0.07604550916494793,0.022599344623971288,0.05344616454097664,0.07604550916494793,0.022599344623971288,0.05344616454097664
DOV,5,0.01,2025-01-29,2025-02-05,193.73330688476562,200.96788024902344,hold_days,0.037342950887433224,0.03634295088743322,2,2025-01-27,0.004952167544510999,0.031390783342922224,0.008988295896995714,0.006863023265577865,0.0021252726314178495,0.008988295896995714,0.006863023265577865,0.0021252726314178495,0.008988295896995714,0.006863023265577865,0.0021252726314178495,0.041918615829807576,0.006863023265577865,0.035055592564229715
DOV,5,0.01,2025-02-28,2025-03-07,195.63014221191406,182.70753479003906,hold_days,-0.06605632074773393,-0.06705632074773393,1,2025-02-27,-0.017827537990413367,-0.049228782757320566,0.006221494152311733,-0.00035561246018436484,0.006577106612496097,0.034576742342392275,0.00795567587001426,0.026621066472378017,0.034576742342392275,0.00795567587001426,0.026621066472378017,0.034576742342392275,0.00795567587001426,0.026621066472378017
DOV,5,0.01,2025-08-26,2025-09-03,179.84719848632812,172.95947265625,hold_days,-0.03829765427567522,-0.03929765427567522,1,2025-08-25,-0.0030102526409806485,-0.03628740163469457,0.004697648119049195,0.003616694281320925,0.0010809538377282704,0.004697648119049195,0.003616694281320925,0.0010809538377282704,0.009997321403597954,0.003616694281320925,0.006380627122277029,0.04552107864648806,0.003616694281320925,0.041904384365167135
DOV,5,0.01,2025-10-14,2025-10-21,160.90289306640625,171.28659057617188,hold_days,0.06453393914726058,0.06353393914726058,1,2025-10-13,0.01718377882544475,0.046350160321815825,0.013353635892489378,0.008492100339820731,0.004861535552668647,0.025654871332022003,0.01071539949398509,0.014939471838036913,0.05931719101113572,0.01071539949398509,0.04860179151715063,0.14606165061638227,0.01071539949398509,0.13534625112239718
DOV,5,0.01,2025-11-04,2025-11-11,176.43392944335938,182.1058349609375,hold_days,0.032147476029541044,0.031147476029541044,1,2025-11-03,0.020292056763828503,0.01085541926571254,0.017744904478645792,0.011579279356705548,0.006165625121940244,0.017744904478645792,0.014839459176692812,0.0029054453019529795,0.017744904478645792,0.014839459176692812,0.0029054453019529795,0.023587209561550592,0.014839459176692812,0.00874775038485778
DOV,5,0.01,2026-03-13,2026-03-20,202.8934326171875,208.3057861328125,hold_days,0.026675843795480825,0.025675843795480824,1,2026-03-12,-0.01589576216541755,0.04157160596089837,0.03350708194212334,0.01733464996872771,0.01617243197339563,0.09924912950085873,0.039394412309704196,0.05985471719115454,0.12392122684540659,0.044202525418678876,0.07971870142672771,0.12392122684540659,0.04563335642941828,0.07828787041598831
DOV,5,0.01,2026-05-07,2026-05-14,219.7771759033203,213.2704315185547,hold_days,-0.02960609698446548,-0.03060609698446548,3,2026-05-04,0.002482015157932116,-0.0330881121423976,0.027643271278181135,0.0055148416683103805,0.022128429609870756,0.03177734555397076,0.0055148416683103805,0.026262503885660378,0.03177734555397076,0.0055148416683103805,0.026262503885660378,0.05101847729076515,0.017305091726270695,0.03371338556449445
DOV,5,0.01,2026-05-21,2026-05-29,206.7139129638672,210.80149841308594,hold_days,0.019774118687082565,0.018774118687082564,2,2026-05-19,0.009566841166732454,0.00920727752035011,0.030742745292926733,-0.004107703539091518,0.03485044883201825,0.059438669578681075,-0.004107703539091518,0.06354637311777259,0.0893272119901818,-0.004107703539091518,0.09343491552927331,0.0893272119901818,-0.004107703539091518,0.09343491552927331
DOV,5,0.01,2026-07-09,2026-07-16,211.0109405517578,216.93524169921875,hold_days,0.028075800865916767,0.027075800865916766,1,2026-07-08,0.011278930997386638,0.015796869868530128,0.02578619391660803,0.009340606996529938,0.016445586920078095,0.08304073876525711,0.009340606996529938,0.07370013176872717,0.08304073876525711,0.009340606996529938,0.07370013176872717,0.08304073876525711,0.009340606996529938,0.07370013176872717
DOV,5,0.01,2026-08-21,2026-08-28,201.3864288330078,198.1549835205078,hold_days,-0.016045993422821758,-0.01704599342282176,1,2026-08-20,-0.0038069213475111496,-0.01323907207531061,0.02487085028977412,0.0012137345128671075,0.023657115776907014,0.04362244116018975,0.0012137345128671075,0.042408706647322644,0.04362244116018975,0.0012137345128671075,0.042408706647322644,0.12486456615682981,0.0012137345128671075,0.1236508316439627
XOM,5,0.01,2015-09-24,2015-10-01,45.6124382019043,46.446537017822266,hold_days,0.01828665269385099,0.01728665269385099,1,2015-09-23,0.0002263016142378671,0.017060351079613123,0.023233702633537995,0.03117425017786351,-0.007940547544325514,0.023233702633537995,0.033437515968096784,-0.01020381333455879,0.03335980397871343,0.033437515968096784,-7.771198938335416e-05,0.11766188676182202,0.08845863837853626,0.02920324838328575
XOM,5,0.01,2016-04-06,2016-04-13,53.18144989013672,54.151763916015625,hold_days,0.018245347351066865,0.017245347351066864,1,2016-04-05,0.014052987525903449,0.0031923598251634155,0.014316076155569131,0.00229421166141135,0.01202186449415778,0.01443314274079981,0.00229421166141135,0.01213893107938846,0.01443314274079981,0.00229421166141135,0.01213893107938846,0.01443314274079981,0.00229421166141135,0.01213893107938846
XOM,5,0.01,2016-05-17,2016-05-24,57.63236618041992,57.72247314453125,hold_days,0.0015634784771676458,0.0005634784771676457,4,2016-05-13,0.01631266235125639,-0.015749183874088746,0.0015610378281212826,0.016036107974031537,-0.014475070145910254,0.0015610378281212826,0.016036107974031537,-0.014475070145910254,0.0015610378281212826,0.02542206406722205,-0.023861026239100767,0.0015610378281212826,0.02542206406722205,-0.023861026239100767
XOM,5,0.01,2016-10-05,2016-10-12,56.481319427490234,56.565696716308594,hold_days,0.0014938972685771823,0.0004938972685771823,1,2016-10-04,-0.010547527104608712,0.011041424373185893,0.00320798120896277,0.0007228311087718709,0.002485150100190899,0.00320798120896277,0.0014584525915725555,0.0017495286173902147,0.02302105571408644,0.003820223002634202,0.01920083271145224,0.07756623211762105,0.008650431505070251,0.0689158006125508
XOM,5,0.01,2017-02-23,2017-03-02,54.05234909057617,55.05699157714844,resistance,0.018586472252829722,0.01758647225282972,1,2017-02-22,0.010869013989539766,0.006717458263289955,0.01659473511872002,-0.0004410249550580482,0.017035760073778067,0.01659473511872002,-0.0004410249550580482,0.017035760073778067,0.03588990983993166,-0.0004410249550580482,0.03633093479498971,0.10857870147472215,-0.0004410249550580482,0.1090197264297802
XOM,5,0.01,2017-04-20,2017-04-27,53.54340744018555,53.70866012573242,hold_days,0.0030863311366853274,0.0020863311366853274,1,2017-04-19,0.018260244285305482,-0.016173913148620156,0.02362288582145482,-0.0003008486625488271,0.023923734484003648,0.02550237429985301,0.0031389200101688292,0.022363454289684177,0.03213852059703378,0.007273782767701794,0.024864737829331986,0.04496769810815452,0.018649225090413703,0.026318473017740818
XOM,5,0.01,2017-07-07,2017-07-14,53.521949768066406,54.22916793823242,hold_days,0.013213609990493591,0.01221360999049359,1,2017-07-06,0.011678012924636105,0.0005355970658574849,0.022898935670128077,0.002358483985689151,0.020540451684438927,0.022898935670128077,0.002358483985689151,0.020540451684438927,0.039166618272742315,0.007260647094498183,0.03190597117824413,0.039166618272742315,0.007260647094498183,0.03190597117824413
XOM,5,0.01,2017-08-31,2017-09-08,51.42022705078125,53.09762191772461,hold_days,0.03262130416668141,0.03162130416668141,1,2017-08-30,0.0013354255525450665,0.03028587861413634,0.005083340252982369,-0.0040679402052790714,0.00915128045826144,0.005342275940307124,-0.0040679402052790714,0.009410216145586195,0.042491432362636326,0.003047196736719839,0.039444235625916486,0.07689703270370099,0.003047196736719839,0.07384983596698115
XOM,5,0.01,2018-01-31,2018-02-07,59.3544807434082,52.31084060668945,hold_days,-0.11867073974025122,-0.11967073974025122,1,2018-01-30,-0.04902316714325161,-0.07064757259699961,0.019101688140901577,0.018010729042614672,0.0010909590982869054,0.019101688140901577,0.018010729042614672,0.0010909590982869054,0.019101688140901577,0.018010729042614672,0.0010909590982869054,0.019101688140901577,0.018010729042614672,0.0010909590982869054
XOM,5,0.01,2018-03-15,2018-03-22,51.11489486694336,50.483009338378906,hold_days,-0.012362062569223897,-0.013362062569223898,1,2018-03-14,-0.03745572640723671,0.024093663838012813,0.010898782101865269,0.01451717178833942,-0.0036183896864741515,0.024256214954193184,0.01451717178833942,0.009739043165853764,0.056063149370044835,0.01828146054526488,0.03778168882477995,0.15593359627265496,0.03738092206395674,0.11855267420869822
XOM,5,0.01,2019-11-20,2019-11-27,50.47691345214844,50.97404861450195,hold_days,0.009848763094930435,0.008848763094930434,1,2019-11-19,0.015062453326645908,-0.006213690231715474,0.016765460329575748,0.008046608547373338,0.00871885178220241,0.056972670336468155,0.008046608547373338,0.04892606178909482,0.05800491720092011,0.008046608547373338,0.04995830865354677,0.06618152008752567,0.008046608547373338,0.05813491154015234
XOM,5,0.01,2020-05-29,2020-06-05,34.885738372802734,40.724327087402344,hold_days,0.1673631973102061,0.1663631973102061,1,2020-05-28,0.0698576434743523,0.0965055538358538,0.01665244795834474,0.0050555093151158515,0.01159693864322889,0.01665244795834474,0.0050555093151158515,0.01159693864322889,0.01665244795834474,0.0050555093151158515,0.01159693864322889,0.11576426006319833,0.02834368910706716,0.08742057095613118
XOM,5,0.01,2020-07-31,2020-08-07,32.284854888916016,33.328269958496094,hold_days,0.03231902615545912,0.03131902615545912,1,2020-07-30,0.028242810800237717,0.003076215355221401,0.04515500795226453,0.011425067264136397,0.03372994068812813,0.05755872273213597,0.018750595897605256,0.038808126834530714,0.05755872273213597,0.018750595897605256,0.038808126834530714,0.23127499658476894,0.02957042911764561,0.20170456746712334
XOM,5,0.01,2020-10-06,2020-10-13,26.12303924560547,26.772397994995117,hold_days,0.024857702937413295,0.023857702937413294,4,2020-10-02,0.034867837673086655,-0.01101013473567336,0.027381463856658027,0.012728660206850846,0.014652803649807181,0.060230745806203,0.012728660206850846,0.04750208559935216,0.1254583826045346,0.016417766201782234,0.10904061640275237,0.24285725500073138,0.053124856075108716,0.18973239892562266
XOM,5,0.01,2021-01-04,2021-01-06,33.25132751464844,35.7431755065918,resistance,0.07493980475954265,0.07393980475954265,4,2020-12-31,0.025564455955501053,0.048375348804041596,0.005749941314326399,0.01256688739877716,-0.0068169460844507606,0.045538277243453745,0.01256688739877716,0.03297138984467658,0.05703249787561115,0.01256688739877716,0.04446561047683399,0.05703249787561115,0.01256688739877716,0.04446561047683399
XOM,5,0.01,2021-04-23,2021-04-30,45.280860900878906,46.641658782958984,hold_days,0.030052385378866786,0.029052385378866785,1,2021-04-22,0.0023957820216882197,0.026656603357178565,0.019237723994147207,0.0028681481492262516,0.016369575844920957,0.030530344170088704,0.0028681481492262516,0.027662196020862454,0.03708199023559562,0.0028681481492262516,0.03421384208636937,0.10327579416986403,0.0028681481492262516,0.10040764602063777
XOM,5,0.01,2022-10-12,2022-10-19,86.34121704101562,91.04291534423828,hold_days,0.05445485324800492,0.05345485324800492,1,2022-10-11,0.04097867236443187,0.012476180883573051,0.03556710387608262,0.03735893087404911,-0.0017918269979664905,0.03556710387608262,0.038596369774801145,-0.0030292658987185264,0.03556710387608262,0.07427733430068842,-0.0387102304246058,0.03556710387608262,0.14184389072924336,-0.10627678685316075
XOM,5,0.01,2023-01-19,2023-01-26,98.43418884277344,104.12873077392578,hold_days,0.05785126080784897,0.05685126080784897,1,2023-01-18,0.031589320313945235,0.025261940493903734,0.016781665360735085,0.03183417442510847,-0.015052509064373384,0.016781665360735085,0.03183417442510847,-0.015052509064373384,0.016781665360735085,0.03183417442510847,-0.015052509064373384,0.02504828487163694,0.03725693087822929,-0.012208646006592348
XOM,5,0.01,2023-06-01,2023-06-08,92.89806365966797,97.23917388916016,hold_days,0.04672982469684017,0.04572982469684017,1,2023-05-31,0.02916507304114302,0.016564751655697152,0.03931595434067573,0.002662096540460612,0.03665385780021512,0.03931595434067573,0.009094593720995813,0.030221360619679918,0.044741594647687545,0.009094593720995813,0.035647000926691735,0.11900544413030373,0.02771351058789359,0.09129193354241014
XOM,5,0.01,2024-01-19,2024-01-26,88.65451049804688,94.18683624267578,hold_days,0.06240320671276822,0.06140320671276822,1,2024-01-18,0.0054967894007862395,0.05590641731198198,0.030014956976363503,-0.004555055816718907,0.03457001279308241,0.055344514292923974,-0.0018047415891468744,0.05714925588207085,0.06074399597918657,-0.0007699843550832995,0.061513980334269865,0.10610745181493637,-0.0007699843550832995,0.10687743617001967
XOM,5,0.01,2024-02-06,2024-02-13,93.50101470947266,93.53011322021484,hold_days,0.00031121064121708564,-0.0006887893587829144,1,2024-02-05,-0.003377433349871839,0.0026886439910889246,0.02479741774365453,0.004016058707195244,0.020781359036459286,0.02479741774365453,0.004016058707195244,0.020781359036459286,0.02479741774365453,0.004016058707195244,0.020781359036459286,0.025819350554447684,0.004016058707195244,0.02180329184725244
XOM,5,0.01,2024-07-10,2024-07-17,104.13375854492188,109.45581817626953,hold_days,0.05110791837069617,0.05010791837069617,1,2024-07-09,0.023531205008299416,0.026576713362396753,0.024747261004302353,-0.00706052152914544,0.03180778253344779,0.027797167830354737,-0.00706052152914544,0.03485768935950018,0.027797167830354737,-0.003988093084499742,0.03178526091485448,0.07006452921038245,-0.003988093084499742,0.07405262229488219
XOM,5,0.01,2025-05-07,2025-05-14,99.80699157714844,103.49931335449219,hold_days,0.03699462050701796,0.03599462050701796,2,2025-05-05,0.02834794847595501,0.007646672031062951,0.01506438757996074,0.007467264742858554,0.007597122837102186,0.03700619605249084,0.007467264742858554,0.02953893130963229,0.03700619605249084,0.007467264742858554,0.02953893130963229,0.12121966112761756,0.06290435883592169,0.058315302291695875
XOM,5,0.01,2026-04-20,2026-04-27,145.7406768798828,146.24400329589844,hold_days,0.0034535753970077465,0.0024535753970077465,3,2026-04-17,-0.01685493534449578,0.019308510741503526,0.03249486530257337,0.0015836213686893147,0.03091124393388405,0.09901787991710927,0.0015836213686893147,0.09743425854841996,0.1387415149060554,0.0015836213686893147,0.1371578935373661,0.1387415149060554,0.015142834293535391,0.12359868061252002
XOM,5,0.01,2026-08-07,2026-08-14,152.055419921875,159.07000732421875,hold_days,0.04613178146459895,0.04513178146459895,2,2026-08-05,0.002174647090931403,0.04295713437366755,0.015440089734807875,-0.0019189234472990562,0.01735901318210693,0.025036679371224196,-0.0019189234472990562,0.02695560281852325,0.025036679371224196,-0.0019189234472990562,0.02695560281852325,0.0585051012146055,-0.0019189234472990562,0.06042402466190455
XOM,5,0.01,2026-08-28,2026-09-04,156.7100067138672,159.47000122070312,hold_days,0.01761211402329499,0.016612114023294988,1,2026-08-27,-0.006179419235416428,0.022791533258711416,0.050875136971913607,0.005628921086939682,0.04524621588497393,0.056816054946703984,0.005628921086939682,0.051187133859764304,0.056816054946703984,0.005628921086939682,0.051187133859764304,0.056816054946703984,0.005628921086939682,0.051187133859764304
GS,5,0.01,2015-08-10,2015-08-17,164.30540466308594,161.5931854248047,hold_days,-0.01650718212126223,-0.017507182121262232,3,2015-08-07,-0.0008689267757503449,-0.016638255345511888,-0.0013125587931489173,-0.004981195412990849,0.0036686366198419315,0.005936362277622977,-0.0006126771314144046,0.006549039409037382,0.03413837058599126,0.005844027319687861,0.028294343266303396,,,
GS,5,0.01,2015-12-07,2015-12-14,148.98675537109375,141.68557739257812,hold_days,-0.049005550596292746,-0.05000555059629275,4,2015-12-03,-0.021430952199240294,-0.028574598397052453,0.03926026552401171,0.012961854645677312,0.0262984108783344,0.03926026552401171,0.012961854645677312,0.0262984108783344,0.06549581143068305,0.012961854645677312,0.052533956785005734,0.06549581143068305,0.012961854645677312,0.052533956785005734
GS,5,0.01,2016-12-30,2017-01-09,195.31716918945312,198.12310791015625,hold_days,0.01436606281131092,0.01336606281131092,1,2016-12-29,0.01597042286104311,-0.0026043600497321906,0.008735157712661494,0.011658456924532132,-0.002923299211870638,0.014973810087950732,0.013382960940505142,0.0015908491474455905,0.014973810087950732,0.013382960940505142,0.0015908491474455905,0.014973810087950732,0.013382960940505142,0.0015908491474455905
GS,5,0.01,2017-02-27,2017-03-06,203.37615966796875,206.0995635986328,hold_days,0.0133909693993155,0.012390969399315499,3,2017-02-24,0.004439944155254061,0.007951025244061438,0.00965228760345611,-0.0018174938826390008,0.01146978148609511,0.00965228760345611,-0.0018174938826390008,0.01146978148609511,0.00965228760345611,-0.0018174938826390008,0.01146978148609511,0.00965228760345611,-0.0018174938826390008,0.01146978148609511
GS,5,0.01,2018-06-01,2018-06-08,189.8076629638672,193.9969482421875,hold_days,0.02207121257858713,0.02107121257858713,1,2018-05-31,0.020092032714808195,0.000979179863778934,0.029404682614538852,0.002884568289418304,0.026520114325120546,0.04158283853160228,0.005397069849004621,0.03618576868259766,0.06048329475841304,0.005397069849004621,0.05508622490940842,0.16176193113895526,0.019060532384193005,0.14270139875476226
GS,5,0.01,2019-02-14,2019-02-22,161.21377563476562,164.11936950683594,hold_days,0.01802323567343911,0.017023235673439108,3,2019-02-11,0.019124606692391133,-0.002101371018952025,0.011094792593787197,0.004240678321411278,0.006854114272375919,0.02767543024921342,0.004240678321411278,0.023434751927802144,0.04942213917640325,0.004240678321411278,0.04518146085499197,0.05119415857862674,0.014475957552263137,0.036718201026363605
GS,5,0.01,2019-03-27,2019-04-03,159.76295471191406,168.8680419921875,hold_days,0.056991229892385364,0.055991229892385364,2,2019-03-25,0.024890287720491733,0.03110094217189363,0.02338399408334525,0.016033171099642696,0.007350822983702553,0.061441370972520365,0.016033171099642696,0.04540819987287767,0.061441370972520365,0.016033171099642696,0.04540819987287767,0.061441370972520365,0.016033171099642696,0.04540819987287767
GS,5,0.01,2019-07-09,2019-07-16,175.4647674560547,182.00973510742188,hold_days,0.03730075129188748,0.03630075129188748,1,2019-07-08,0.007615158275972034,0.028685593015915445,0.0006250406836999523,0.006763481484936138,-0.006138440801236186,0.0006250406836999523,0.006763481484936138,-0.006138440801236186,0.0006250406836999523,0.006763481484936138,-0.006138440801236186,0.0006250406836999523,0.006763481484936138,-0.006138440801236186
GS,5,0.01,2019-08-15,2019-08-22,165.6768035888672,170.94659423828125,hold_days,0.03180765523755058,0.03080765523755058,1,2019-08-14,0.029657667469550786,0.0011499877679997939,0.05227064372532927,0.03279437082498606,0.019476272900343206,0.07287345405902179,0.04293150331699263,0.029941950742029162,0.11686335630307369,0.06441319907578029,0.052450157227293404,0.11686335630307369,0.06441319907578029,0.052450157227293404
GS,5,0.01,2019-09-25,2019-10-02,178.48651123046875,168.4757080078125,hold_days,-0.05608716957736881,-0.05708716957736881,1,2019-09-24,-0.03510584307211828,-0.02198132650525053,0.03247652943594136,0.0052324053570058145,0.027244124078935547,0.044884334844725114,0.0052324053570058145,0.0396519294877193,0.044884334844725114,0.0052324053570058145,0.0396519294877193,0.04858148480212542,0.005603638375053401,0.042977846427072024
GS,5,0.01,2020-04-23,2020-04-30,150.5134735107422,157.7102508544922,hold_days,0.047814837940314714,0.04681483794031471,2,2020-04-21,0.04337773542404921,0.0034371025162655,0.045997038195899204,0.027614483705214424,0.01838255449068478,0.04998356934660319,0.027614483705214424,0.022369085641388765,0.04998356934660319,0.027614483705214424,0.022369085641388765,0.27908197440184174,0.18249258363258258,0.09658939076925915
GS,5,0.01,2020-05-15,2020-05-22,147.77920532226562,154.7094268798828,hold_days,0.04689578308737197,0.045895783087371966,2,2020-05-13,0.03844101167855851,0.007454771408813454,0.07292728005798572,0.03271944539881726,0.04020783465916847,0.07292728005798572,0.03271944539881726,0.04020783465916847,0.09556400559049563,0.049088239476561435,0.0464757661139342,0.2569893888703741,0.16977287859972706,0.08721651027064703
GS,5,0.01,2020-08-03,2020-08-10,172.5134735107422,181.15684509277344,hold_days,0.05010258854647098,0.04910258854647098,3,2020-07-31,0.03413197755566011,0.014970610990810873,0.017879855833254427,0.006882766194357425,0.010997089638897003,0.059569755090463396,0.014241954144329905,0.04532780094613349,0.08072823986609962,0.014241954144329905,0.0664862857217697,0.09700639005041531,0.02511150230087407,0.07189488774954124
GS,5,0.01,2021-03-09,2021-03-16,290.46514892578125,300.2355041503906,hold_days,0.03363692773726146,0.032636927737261456,4,2021-03-05,0.027710288041538522,0.004926639695722934,0.01148224353091062,-0.00452358787646328,0.0160058314073739,0.01148224353091062,0.00017291812929756822,0.011309325401613052,0.01148224353091062,0.00017291812929756822,0.011309325401613052,0.01148224353091062,0.00017291812929756822,0.011309325401613052
GS,5,0.01,2021-08-20,2021-08-27,348.99658203125,369.9962158203125,hold_days,0.06017145975137983,0.05917145975137983,1,2021-08-19,0.019146019713187856,0.04002544003819197,0.03629703562355119,0.018015183458415827,0.01828185216513536,0.046096563296098084,0.018015183458415827,0.028081379837682257,0.046096563296098084,0.018015183458415827,0.028081379837682257,0.046096563296098084,0.018015183458415827,0.028081379837682257
GS,5,0.01,2021-11-11,2021-11-18,356.4240417480469,346.7059326171875,hold_days,-0.027265582543752775,-0.028265582543752776,1,2021-11-10,0.005383830111519883,-0.03364941265527266,0.014693667021161897,0.008503818298084711,0.006189848723077186,0.05074918077528836,0.008503818298084711,0.042245362477203646,0.05074918077528836,0.008503818298084711,0.042245362477203646,0.05074918077528836,0.008503818298084711,0.042245362477203646
GS,5,0.01,2022-05-16,2022-05-23,271.82220458984375,283.6199035644531,hold_days,0.043402263595099244,0.04240226359509924,4,2022-05-12,-0.007435492912979291,0.049837756508078535,0.017644106958713143,-0.0012062595845854305,0.018850366543298573,0.06377466020448169,0.049952593481385504,0.013822066723096188,0.11030333952763242,0.0815793708319599,0.028723968695672522,0.12821705394490182,0.09011004099657409,0.03810701294832773
GS,5,0.01,2022-12-09,2022-12-16,328.2713317871094,316.58056640625,hold_days,-0.03561311710411885,-0.03661311710411885,1,2022-12-08,-0.016428876408138948,-0.020184240695979905,0.05633490581679688,0.031494992932038425,0.024839912884758453,0.07037138407374186,0.03648932008239023,0.03388206399135162,0.07037138407374186,0.03648932008239023,0.03388206399135162,0.07037138407374186,0.03648932008239023,0.03388206399135162
GS,5,0.01,2023-02-10,2023-02-13,339.3677062988281,341.872314453125,resistance,0.007380219472301386,0.006380219472301386,1,2023-02-09,0.008830606787106232,-0.0024503873148048463,0.010184231717484723,0.015692658038199685,-0.005508426320714962,0.010184231717484723,0.01997939655093114,-0.009795164833446418,0.010184231717484723,0.01997939655093114,-0.009795164833446418,0.03894766143865557,0.01997939655093114,0.01896826488772443
GS,5,0.01,2023-05-15,2023-05-22,296.495361328125,299.11907958984375,hold_days,0.00884910391166338,0.00784910391166338,3,2023-05-12,0.006740272975198414,0.0011088309364649662,0.013598359388301758,0.0031364188940107658,0.010461940494290993,0.05432071679428627,0.01971377221663725,0.03460694457764901,0.06364080575256677,0.0283369073771262,0.03530389837544057,0.1237815606467391,0.0283369073771262,0.0954446532696129
GS,5,0.01,2023-06-27,2023-07-05,290.75701904296875,296.8791809082031,hold_days,0.021055938341181024,0.020055938341181023,1,2023-06-26,0.014469586353169861,0.005586351988011162,0.052219362446541684,0.00437855089995155,0.04784081154659013,0.08481756100391133,0.017140517157072942,0.06767704384683838,0.08481756100391133,0.017140517157072942,0.06767704384683838,0.08481756100391133,0.017140517157072942,0.06767704384683838
GS,5,0.01,2023-12-20,2023-12-28,356.0080261230469,364.39154052734375,hold_days,0.023548666853368205,0.022548666853368204,2,2023-12-18,0.015851920501012584,0.00669674635235562,0.0155163089985326,0.013762958735315042,0.0017533502632175579,0.0155163089985326,0.013762958735315042,0.0017533502632175579,0.0155163089985326,0.013762958735315042,0.0017533502632175579,0.0155163089985326,0.013762958735315042,0.0017533502632175579
GS,5,0.01,2024-01-05,2024-01-12,364.4197998046875,356.22503662109375,hold_days,-0.02248715132379131,-0.02348715132379131,2,2024-01-03,0.002627600945251718,-0.02611475226904303,0.004789986183597635,0.006378748567916963,-0.0015887623843193277,0.004789986183597635,0.006378748567916963,-0.0015887623843193277,0.004789986183597635,0.006378748567916963,-0.0015887623843193277,0.004789986183597635,0.006378748567916963,-0.0015887623843193277
GS,5,0.01,2024-03-05,2024-03-12,371.2474365234375,368.6547546386719,hold_days,-0.006983703130841512,-0.007983703130841513,4,2024-03-01,0.015894094118144686,-0.0238777972489862,0.005773362601840503,0.007762683150649914,-0.0019893205488094104,0.005773362601840503,0.007762683150649914,-0.0019893205488094104,0.005773362601840503,0.007762683150649914,-0.0019893205488094104,0.005773362601840503,0.007762683150649914,-0.0019893205488094104
GS,5,0.01,2024-09-11,2024-09-18,452.84161376953125,465.7298889160156,hold_days,0.02846088953530601,0.02746088953530601,1,2024-09-10,0.013466997740729125,0.013993891794576885,0.03968272612917762,0.006196085045376248,0.03348664108380137,0.0765898219929068,0.021803393244061046,0.054786428748845754,0.0765898219929068,0.021803393244061046,0.054786428748845754,0.0765898219929068,0.021803393244061046,0.054786428748845754
GS,5,0.01,2025-03-03,2025-03-10,587.4961547851562,516.05615234375,hold_days,-0.12160080003848095,-0.12260080003848095,4,2025-02-27,-0.021172148707752636,-0.10142865133072831,0.02855397451653198,0.01156090212560183,0.016993072390930147,0.09510511612655526,0.019424603205539844,0.07568051292101541,0.09510511612655526,0.019424603205539844,0.07568051292101541,0.09510511612655526,0.019424603205539844,0.07568051292101541
GS,5,0.01,2026-03-30,2026-04-07,800.1375732421875,856.1650390625,hold_days,0.07002229078343003,0.06902229078343003,3,2026-03-27,0.02065483120629663,0.0483674595771334,0.040672918041808205,0.01903454212925072,0.021638375912557486,0.040672918041808205,0.030335420947896076,0.010337497093912129,0.0687806912051872,0.057195079796075195,0.01158561140911201,0.1680669341190087,0.06496147867195778,0.10310545544705091
GS,5,0.01,2026-04-15,2026-04-17,891.178466796875,917.3939819335938,resistance,0.029416683765872476,0.028416683765872475,2,2026-04-13,0.00863275429036059,0.019783929475511886,0.011147480764161838,-0.0007329175100291615,0.011880398274190998,0.011147480764161838,-0.0007329175100291615,0.011880398274190998,0.011147480764161838,-0.0007329175100291615,0.011880398274190998,0.06005851158406022,0.022023351748737995,0.03803515983532223
HD,5,0.01,2015-11-16,2015-11-23,92.79590606689453,101.7498779296875,hold_days,0.09649102252784991,0.09549102252784991,3,2015-11-13,0.019010708867109205,0.0764803136607407,0.035286634903872856,0.010471125514889101,0.024815509388983754,0.04080020479004289,0.020623265444534317,0.020176939345508575,0.04080020479004289,0.020623265444534317,0.020176939345508575,0.04080020479004289,0.020623265444534317,0.020176939345508575
HD,5,0.01,2015-12-21,2015-12-29,101.28245544433594,103.12588500976562,hold_days,0.018200877509756186,0.017200877509756185,3,2015-12-18,0.031548442604282245,-0.01434756509452606,0.011963278149138216,0.028326437980329865,-0.01636315983119165,0.019562091105516564,0.028326437980329865,-0.008764346874813301,0.023935009848663646,0.03841590696647429,-0.014480897117810643,0.023935009848663646,0.03841590696647429,-0.014480897117810643
HD,5,0.01,2016-07-14,2016-07-18,104.88475036621094,106.28800201416016,resistance,0.013378986392680314,0.012378986392680313,1,2016-07-13,0.003224089270585484,0.00915489712209483,0.004513394598597241,-0.005507377450577963,0.010020772049175203,0.004513394598597241,-0.005507377450577963,0.010020772049175203,0.004513394598597241,-0.005507377450577963,0.010020772049175203,0.016532046103787033,-0.005507377450577963,0.022039423554364994
HD,5,0.01,2016-08-19,2016-08-26,105.6019515991211,104.74443054199219,hold_days,-0.008120314484188373,-0.009120314484188374,1,2016-08-18,-0.005858192082685676,-0.0032621224015026984,0.011673942188448772,0.00018926803638263267,0.01148467415206614,0.011673942188448772,0.00018926803638263267,0.01148467415206614,0.023852512891687258,0.00018926803638263267,0.023663244855304626,0.023852512891687258,0.00018926803638263267,0.023663244855304626
HD,5,0.01,2016-10-18,2016-10-25,98.52714538574219,96.64653778076172,hold_days,-0.0190872027969321,-0.020087202796932102,1,2016-10-17,0.009392055499112484,-0.029479258296044586,0.007498548039655636,0.002855222804255257,0.004643325235400379,0.03418066280732315,0.013731453330784692,0.02044920947653846,0.03418066280732315,0.014811583607267389,0.019369079200055764,0.08924954582896089,0.02190738681636571,0.06734215901259517
HD,5,0.01,2017-02-07,2017-02-14,107.64453125,111.35476684570312,hold_days,0.034467478771273985,0.033467478771273984,1,2017-02-06,0.02058810069695438,0.012879378074319603,0.009639342573069294,-0.00035808624132995903,0.009997428814399252,0.013143575490384448,-0.00035808624132995903,0.013501661731714406,0.013143575490384448,-0.00035808624132995903,0.013501661731714406,0.013143575490384448,-0.00035808624132995903,0.013501661731714406
HD,5,0.01,2017-09-20,2017-09-27,127.23383331298828,129.02996826171875,hold_days,0.014116802912886195,0.013116802912886194,1,2017-09-19,7.292091026966929e-05,0.013043882002616525,0.008374130807760857,-0.0013198479304474332,0.00969397873820829,0.008374130807760857,-0.0013198479304474332,0.00969397873820829,0.008374130807760857,-0.0013198479304474332,0.00969397873820829,0.008374130807760857,-0.0013198479304474332,0.00969397873820829
HD,5,0.01,2017-11-03,2017-11-10,131.81231689453125,131.5877685546875,hold_days,-0.0017035459593918167,-0.0027035459593918168,1,2017-11-02,-0.0011792891199068345,-0.0015242568394849823,0.017628763161755257,-0.0015074207025502658,0.019136183864305524,0.019445029023498716,-0.0015074207025502658,0.020952449726048983,0.019445029023498716,-0.0015074207025502658,0.020952449726048983,0.019445029023498716,-0.0015074207025502658,0.020952449726048983
HD,5,0.01,2018-04-10,2018-04-17,140.6110076904297,141.76187133789062,hold_days,0.008184733658937127,0.007184733658937127,1,2018-04-09,0.019632389099210057,-0.012447655440272931,0.03148522268912774,0.001453900895214045,0.030031321793913695,0.03148522268912774,0.001453900895214045,0.030031321793913695,0.03461140971131317,0.038653205563586486,-0.004041795852273315,0.1580397661135027,0.06291453421735878,0.09512523189614393
HD,5,0.01,2018-08-15,2018-08-22,158.10618591308594,162.16500854492188,hold_days,0.025671497977107327,0.024671497977107326,1,2018-08-14,0.018143542909975663,0.006527955067131663,0.020648276936303486,0.015794365507530262,0.004853911428773224,0.020648276936303486,0.017917820210382362,0.0027304567259211245,0.04263912049151004,0.017917820210382362,0.024721300281127675,0.04263912049151004,0.017917820210382362,0.024721300281127675
HD,5,0.01,2018-10-15,2018-10-22,156.60646057128906,146.4320068359375,hold_days,-0.06496828865320048,-0.06596828865320048,4,2018-10-11,0.0003898244160414066,-0.06635811306924189,0.036490319523232034,0.04816627458818577,-0.011675955064953739,0.07914275629445651,0.06018336377421755,0.01895939252023896,0.09991069582971537,0.06018336377421755,0.039727332055497826,0.10605586436079058,0.06018336377421755,0.04587250058657303
HD,5,0.01,2018-12-11,2018-12-18,141.91835021972656,140.12998962402344,hold_days,-0.01260133444994449,-0.013601334449944491,1,2018-12-10,-0.033698071279448016,0.020096736829503525,0.05243729354629132,0.05622670540663558,-0.0037894118603442606,0.05243729354629132,0.05622670540663558,-0.0037894118603442606,0.06855159706796023,0.05622670540663558,0.012324891661324645,0.1843300165760397,0.08860819578637309,0.09572182078966661
HD,5,0.01,2019-06-26,2019-07-03,172.57960510253906,177.32846069335938,hold_days,0.027516899160817676,0.026516899160817675,1,2019-06-25,0.02609512032432537,0.00042177883649230363,0.02286393493878913,0.01317918355074349,0.00968475138804564,0.02286393493878913,0.01317918355074349,0.00968475138804564,0.02286393493878913,0.01317918355074349,0.00968475138804564,0.02286393493878913,0.01317918355074349,0.00968475138804564
HD,5,0.01,2019-08-16,2019-08-23,170.26370239257812,181.81805419921875,hold_days,0.06786150920176559,0.06686150920176559,2,2019-08-14,-0.013137647780765982,0.07999915698253157,0.030330580358132124,0.015696751020336578,0.014633829337795546,0.04006611760220286,0.020180137680289936,0.019885979921912926,0.06599724680840877,0.05001249333992849,0.015984753468480273,0.06881585149124295,0.05001249333992849,0.018803358151314453
HD,5,0.01,2019-11-26,2019-12-04,185.69580078125,181.2454376220703,hold_days,-0.023965879359987396,-0.024965879359987397,4,2019-11-22,-0.009598893595535785,-0.015366985764451613,0.022580521838246655,-0.0024026428358772003,0.024983164674123856,0.07573796981271819,-0.0024026428358772003,0.07814061264859538,0.07573796981271819,-0.0024026428358772003,0.07814061264859538,0.07573796981271819,-0.0024026428358772003,0.07814061264859538
HD,5,0.01,2020-01-15,2020-01-23,190.125732421875,197.7954559326172,hold_days,0.04034027068847079,0.03934027068847079,1,2020-01-14,0.005625592606993246,0.033714678081477545,0.0026645334817213834,-0.0014497393769333715,0.004114272858654755,0.0026645334817213834,-0.0014497393769333715,0.004114272858654755,0.0026645334817213834,-0.0014497393769333715,0.004114272858654755,0.05368891111279546,-0.0014497393769333715,0.05513865048972883
HD,5,0.01,2020-11-23,2020-12-01,233.89779663085938,238.37921142578125,hold_days,0.019159713599160133,0.018159713599160132,3,2020-11-20,0.01503326110685177,0.0031264524923083625,0.029223436430604384,0.0018362718983517747,0.02738716453225261,0.029223436430604384,0.0018362718983517747,0.02738716453225261,0.05055093681804938,0.0018362718983517747,0.04871466491969761,0.06529798983949961,0.0018362718983517747,0.06346171794114784
HD,5,0.01,2021-07-29,2021-08-05,286.9991760253906,291.977783203125,hold_days,0.017347113140470993,0.016347113140470992,1,2021-07-28,-0.0014041843007545074,0.0177512974412255,0.016253942431478235,-0.0036816898562195568,0.01993563228769779,0.016253942431478235,-0.0036816898562195568,0.01993563228769779,0.016253942431478235,-0.0036816898562195568,0.01993563228769779,0.035098829023281125,-0.0036816898562195568,0.03878051887950068
HD,5,0.01,2021-09-21,2021-09-22,294.440185546875,295.94659423828125,resistance,0.005116178991017684,0.0041161789910176836,1,2021-09-20,0.010081890063122101,-0.005965711072104417,0.006451024270659419,0.030029996229918355,-0.023578971959258937,0.006451024270659419,0.033449041554454835,-0.026998017283795417,0.006451024270659419,0.04273516058118234,-0.03628413631052292,0.006451024270659419,0.04273516058118234,-0.03628413631052292
HD,5,0.01,2022-09-27,2022-10-04,242.20338439941406,261.01605224609375,hold_days,0.07767301804361249,0.07667301804361248,1,2022-09-26,0.0464238892220441,0.030249128821568383,0.019987680265030505,0.05737298006014387,-0.03738529979511337,0.04182990517623602,0.07983122078997865,-0.03800131561374263,0.10406809493862151,0.11367647883099974,-0.009608383892378225,0.1739167475937844,0.14699241068838284,0.026924336905401552
HD,5,0.01,2022-11-04,2022-11-11,256.0312194824219,283.8941955566406,hold_days,0.10882647878077112,0.10782647878077112,1,2022-11-03,0.055081916211577875,0.05274456256919324,0.048953610246995,0.018335025317054155,0.030618584929940847,0.048953610246995,0.018335025317054155,0.030618584929940847,0.048953610246995,0.018335025317054155,0.030618584929940847,0.12675414081422567,0.06230324267298589,0.06445089814123978
HD,5,0.01,2023-01-20,2023-01-27,285.66607666015625,287.19873046875,hold_days,0.005365193608259933,0.004365193608259933,1,2023-01-19,0.016461400662140413,-0.012096207053880481,0.048941865063157286,0.015789477390302915,0.033152387672854375,0.048941865063157286,0.015789477390302915,0.033152387672854375,0.048941865063157286,0.015789477390302915,0.033152387672854375,0.05527391407334861,0.021302101180284333,0.03397181289306428
HD,5,0.01,2023-02-22,2023-03-01,268.7075500488281,263.7106018066406,hold_days,-0.018596233121397132,-0.019596233121397133,1,2023-02-21,-0.010086339733142213,-0.00950989338825492,0.07763652693895688,0.03248658323459036,0.04514994370436652,0.08886812184092119,0.03904562293603494,0.04982249890488625,0.12799081266716586,0.04323065738770099,0.08476015527946487,0.12799081266716586,0.04323065738770099,0.08476015527946487
HD,5,0.01,2023-10-09,2023-10-16,273.4723205566406,275.2962951660156,hold_days,0.006669686371411965,0.005669686371411965,4,2023-10-05,0.006916084399712696,-0.0012463980283007317,0.01490827831189969,-0.009467266001611482,0.024375544313511174,0.03631417749779004,0.008320808610858006,0.027993368886932036,0.10396475110190304,0.04269347754556488,0.06127127355633816,0.11324585601599438,0.05061374732760466,0.06263210868838973
HD,5,0.01,2024-03-27,2024-04-04,361.84405517578125,335.391845703125,hold_days,-0.07310389405128115,-0.07410389405128115,1,2024-03-26,-0.020206703530129655,-0.053897190521151495,0.023557429928757916,-0.006326576289954388,0.029884006218712303,0.023557429928757916,-0.006326576289954388,0.029884006218712303,0.023557429928757916,-0.006326576289954388,0.029884006218712303,0.023557429928757916,-0.006326576289954388,0.029884006218712303
HD,5,0.01,2024-05-02,2024-05-09,314.6220703125,325.7899475097656,hold_days,0.035496165879822295,0.034496165879822294,1,2024-05-01,0.025470390977667456,0.009025774902154837,0.003770766902983005,0.006407479848113163,-0.002636712945130158,0.010236116832724391,0.006407479848113163,0.0038286369846112283,0.07324956966191323,0.013057617048310667,0.060191952613602565,0.15098678963281037,0.02375482372434857,0.1272319659084618
HD,5,0.01,2025-07-17,2025-07-24,347.1827697753906,360.7687683105469,hold_days,0.039132122092192745,0.038132122092192744,1,2025-07-16,0.007938267742306104,0.03019385434988664,0.03819982964620942,0.006565492978428232,0.031634336667781184,0.03819982964620942,0.006797571584422092,0.03140225806178733,0.03819982964620942,0.006797571584422092,0.03140225806178733,0.05123361892408008,0.006797571584422092,0.04443604733965799
HD,5,0.01,2025-11-07,2025-11-14,360.8900146484375,352.3809509277344,hold_days,-0.023577997105273973,-0.024577997105273974,1,2025-11-06,0.01462038892419426,-0.039198386029468235,0.031246715531771534,0.00756793928188144,0.023678776249890093,0.04026597427825642,0.013974120752866236,0.026291853525390187,0.05304933140115202,0.013974120752866236,0.039075210648285785,0.12354172140372435,0.013974120752866236,0.10956760065085812
HD,5,0.01,2026-06-02,2026-06-09,306.9388732910156,318.9793395996094,hold_days,0.03922757055662318,0.03822757055662318,1,2026-06-01,-0.0026700881891668082,0.04089765874578999,0.030167224235065463,-0.002708151230032906,0.03287537546509837,0.030167224235065463,-0.002708151230032906,0.03287537546509837,0.03569106978770535,-0.002708151230032906,0.03839922101773826,0.12381906080656985,-0.002708151230032906,0.12652721203660275
HD,5,0.01,2026-08-10,2026-08-17,348.21392822265625,335.4082946777344,hold_days,-0.03677519049936928,-0.03777519049936928,4,2026-08-06,-0.009709459386012087,-0.028065731113357195,0.013610039185799162,-0.005648655869699775,0.019258695055498938,0.013610039185799162,-0.005648655869699775,0.019258695055498938,0.013610039185799162,-0.005648655869699775,0.019258695055498938,0.019893788586460515,-0.005648655869699775,0.025542444456160288
HON,5,0.01,2016-01-21,2016-01-26,72.95176696777344,74.40962219238281,resistance,0.019983823356237274,0.018983823356237273,1,2016-01-20,0.01583044398191702,0.003153379374320253,0.021875683448880735,0.030760742549668044,-0.00888505910078731,0.05535992596152022,0.06312655095722255,-0.007766624995702333,0.08315932704849192,0.10370816173033884,-0.020548834681846914,0.08567649075586925,0.11094968566895969,-0.025273194913090435
HON,5,0.01,2016-05-05,2016-05-12,86.31127166748047,86.7442626953125,hold_days,0.005016622040979302,0.004016622040979302,1,2016-05-04,0.011518913760049543,-0.007502291719070241,0.009156529044445316,0.017780756749313207,-0.008624227704867891,0.01576568366407246,0.02521069509151279,-0.00944501142744033,0.018825759083674638,0.02731654819782842,-0.008490789114153782,0.018825759083674638,0.02731654819782842,-0.008490789114153782
HON,5,0.01,2017-06-30,2017-07-10,104.53914642333984,105.63716125488281,hold_days,0.010503384321663312,0.00950338432166331,1,2017-06-29,0.004822681294665898,0.004680703026997413,0.00722488949325135,0.003739950373835472,0.0034849391194158785,0.01877223169717972,0.010775559881785314,0.007996671815394407,0.01877223169717972,0.010775559881785314,0.007996671815394407,0.01877223169717972,0.010775559881785314,0.007996671815394407
HON,5,0.01,2017-08-21,2017-08-28,106.84439849853516,107.8689193725586,hold_days,0.009588905814631676,0.008588905814631675,3,2017-08-18,0.009632846685769803,-0.001043940871138127,0.018177890827071528,0.01979046789444129,-0.001612577067369763,0.01993311562014666,0.022514247008778174,-0.002581131388631513,0.027212038297992056,0.022514247008778174,0.004697791289213882,0.027212038297992056,0.022514247008778174,0.004697791289213882
HON,5,0.01,2018-01-04,2018-01-11,122.38626861572266,125.09540557861328,hold_days,0.022135955230377702,0.0211359552303777,1,2018-01-03,0.015559947111072336,0.0055760081193053646,-0.0024004877086155983,-0.0064224179132486205,0.004021930204633022,0.001486434140977074,-0.0064224179132486205,0.007908852054225694,0.008344258203914804,-0.0064224179132486205,0.014766676117163424,0.009361144860266147,-0.0064224179132486205,0.015783562773514767
HON,5,0.01,2018-04-06,2018-04-12,113.62012481689453,116.58918762207031,resistance,0.02613148691713363,0.025131486917133627,4,2018-04-02,0.027595768150873612,-0.0024642812337399844,0.025000201318857843,0.023677703942668868,0.0013224973761889747,0.028583324467632322,0.023677703942668868,0.004905620524963454,0.07437924017315312,0.062008535294201875,0.012370704878951241,0.13065257022971213,0.08377045949597776,0.04688211073373437
HON,5,0.01,2018-06-29,2018-07-09,115.24474334716797,117.94088745117188,hold_days,0.023394942152649367,0.022394942152649366,1,2018-06-28,0.021871393280542772,0.000523548872106594,-6.911932120059732e-05,0.005138771870281749,-0.0052078911914823466,0.0411369452421908,0.021535776502193942,0.01960116873999686,0.05392131994161196,0.02912962483003577,0.02479169511157619,0.05392131994161196,0.02912962483003577,0.02479169511157619
HON,5,0.01,2018-08-15,2018-08-22,122.54907989501953,125.51966094970703,hold_days,0.024239929481577605,0.023239929481577604,2,2018-08-13,0.018143542909975663,0.005096386571601941,0.013015395242627872,0.015794365507530262,-0.0027789702649023904,0.023647329889980386,0.017917820210382362,0.005729509679598024,0.04052639193310593,0.017917820210382362,0.022608571722723566,0.04052639193310593,0.017917820210382362,0.022608571722723566
HON,5,0.01,2018-11-28,2018-12-06,121.71470642089844,119.40361022949219,hold_days,-0.018987813875295467,-0.019987813875295468,1,2018-11-27,-0.013510600096153569,-0.006477213779141899,-0.0013878357545658603,-0.02587158990865654,0.024483754154090678,0.02861003235654797,-0.005429245506538317,0.03403927786308628,0.03615738217247099,0.019109149463791372,0.01704823270867962,0.10027708960937652,0.055333600660248755,0.044943488949127766
HON,5,0.01,2019-09-25,2019-10-02,142.9571990966797,137.94729614257812,hold_days,-0.03504477553951968,-0.03604477553951968,1,2019-09-24,-0.03510584307211828,-0.0009389324674013988,0.00819919344039118,0.0052324053570058145,0.002966788083385366,0.025396903333751865,0.0052324053570058145,0.02016449797674605,0.025396903333751865,0.0052324053570058145,0.02016449797674605,0.059592746346362746,0.005603638375053401,0.05398910797130935
HON,5,0.01,2019-10-09,2019-10-16,136.88536071777344,140.13108825683594,hold_days,0.023711283091509383,0.022711283091509382,1,2019-10-08,0.02358488927076796,-0.0008736061792585792,0.02316208044508757,0.009680545203709071,0.013481535241378498,0.055319339380986904,0.023580648139874726,0.03173869124111218,0.06679133833899425,0.02868966998723179,0.038101668351762465,0.08130508084557563,0.029052149090102893,0.05225293175547273
HON,5,0.01,2019-12-04,2019-12-11,149.07269287109375,151.48251342773438,hold_days,0.01616540568381919,0.015165405683819189,1,2019-12-03,0.011562559755196045,0.003602845928623144,0.03461172275008782,0.011600779456394006,0.023010943293693818,0.03836319048791786,0.011600779456394006,0.026762411031523853,0.04698763953456499,0.011600779456394006,0.03538686007817098,0.04698763953456499,0.011600779456394006,0.03538686007817098
HON,5,0.01,2020-12-23,2020-12-31,184.94322204589844,187.32998657226562,hold_days,0.012905390638078273,0.011905390638078273,1,2020-12-22,0.01371309573724,-0.0018077050991617272,0.00920077443032743,0.007370243166032096,0.0018305312642953337,0.02161854111010792,0.007370243166032096,0.014248297944075825,0.02161854111010792,0.007370243166032096,0.014248297944075825,0.02161854111010792,0.007370243166032096,0.014248297944075825
HON,5,0.01,2021-07-07,2021-07-14,196.10037231445312,202.34567260742188,hold_days,0.031847467800592444,0.030847467800592443,1,2021-07-06,0.004316284649402702,0.02653118315118974,0.0026208722193830926,0.0032422893272850296,-0.0006214171079019369,0.0026208722193830926,0.0032422893272850296,-0.0006214171079019369,0.03946755748896574,0.0032422893272850296,0.036225268161680715,0.05241464189366746,0.0032422893272850296,0.04917235256638243
HON,5,0.01,2021-12-21,2021-12-29,180.65069580078125,185.89993286132812,hold_days,0.02905738634040822,0.02805738634040822,1,2021-12-20,0.027695481943260214,0.00036190439714800515,0.03856789288918813,0.0068917538140029315,0.0316761390751852,0.03879699140682631,0.007906340609504268,0.030890650797322044,0.07550208480334693,0.007906340609504268,0.06759574419384266,0.11068474904543647,0.011393314513791147,0.09929143453164532
HON,5,0.01,2022-02-07,2022-02-14,172.41854858398438,167.23202514648438,hold_days,-0.030081006249589537,-0.031081006249589538,3,2022-02-04,-0.015271387017870675,-0.015809619231718863,0.07260894172769049,0.011940510286697119,0.06066843144099337,0.07260894172769049,0.011940510286697119,0.06066843144099337,0.12281811172596976,0.0237742003209096,0.09904391140506016,0.14608922230308197,0.0237742003209096,0.12231502198217237
HON,5,0.01,2022-04-12,2022-04-19,172.02584838867188,177.61924743652344,resistance,0.03251487552739141,0.031514875527391406,1,2022-04-11,0.01861175062197451,0.012903124905416896,0.013634363667430961,0.016577703482129814,-0.002943339814698853,0.033158023917617435,0.03171744199645586,0.001440581921161574,0.034379983284343794,0.03171744199645586,0.002662541287887933,0.11765860509133508,0.03171744199645586,0.08594116309487922
HON,5,0.01,2022-07-01,2022-07-11,158.5316925048828,156.47662353515625,hold_days,-0.01296314280920996,-0.01396314280920996,2,2022-06-29,0.00034104181448957327,-0.014304184623699534,0.027274975135412875,0.018961232928390484,0.008313742207022391,0.029915428912900884,0.018961232928390484,0.0109541959845104,0.11390560376273573,0.08861845957114166,0.02528714419159407,0.1449684356547894,0.12661312606517572,0.018355309589613678
HON,5,0.01,2022-07-18,2022-07-21,154.7655487060547,162.9859619140625,resistance,0.05311526548857981,0.05211526548857981,4,2022-07-14,0.03813077991070468,0.013984485577875128,0.015321821054395411,0.007444445719733411,0.007877375334662,0.023756409455554933,0.014668867017386974,0.009087542438167959,0.052961155190162396,0.02281054727291071,0.030150607917251687,0.16528091559479788,0.13004004530118954,0.03524087029360834
HON,5,0.01,2023-02-10,2023-02-17,183.29031372070312,184.15890502929688,hold_days,0.004738882764515839,0.0037388827645158393,1,2023-02-09,-0.0014632957570147598,0.005202178521530599,0.024334706875954577,0.015692658038199685,0.008642048837754893,0.03842100814020284,0.01997939655093114,0.0184416115892717,0.07451180228949061,0.01997939655093114,0.05453240573855947,0.08897992430232202,0.01997939655093114,0.06900052775139087
HON,5,0.01,2023-03-01,2023-03-08,177.28485107421875,179.75733947753906,hold_days,0.013946416675417073,0.012946416675417072,1,2023-02-28,0.0077346873042252184,0.005211729371191853,0.010973192728598818,0.013278822147286052,-0.002305629418687234,0.038710737527276495,0.042245252252459446,-0.003534514725182951,0.0699269104436798,0.05288095802354372,0.017045952420136075,0.11492760843499233,0.05288095802354372,0.06204665041144861
HON,5,0.01,2023-09-08,2023-09-15,171.42367553710938,179.33895874023438,hold_days,0.04617380404617166,0.04517380404617166,1,2023-09-07,0.005671721164953736,0.039502082881217926,0.02054237978511678,0.01387393076159217,0.006668449023524611,0.02638236551252448,0.01387393076159217,0.01250843475093231,0.03225450216472591,0.014458165326258716,0.017796336838467194,0.1151763374559495,0.023325400096201408,0.0918509373597481
HON,5,0.01,2024-06-13,2024-06-18,197.07249450683594,201.07760620117188,resistance,0.02032303749114517,0.019323037491145167,1,2024-06-12,0.010516217291839602,0.008806820199305565,0.010012368576212537,0.007772480896051941,0.0022398876801605957,0.010012368576212537,0.007772480896051941,0.0022398876801605957,0.010012368576212537,0.018030014612340942,-0.008017646036128406,0.010012368576212537,0.018030014612340942,-0.008017646036128406
HON,5,0.01,2024-07-30,2024-08-06,191.414306640625,187.7870330810547,hold_days,-0.018949856064731985,-0.019949856064731986,1,2024-07-29,-0.042030546385156686,0.0220806903204247,0.06780760311201235,-0.001657706835944163,0.06946530994795652,0.07978744747640643,0.0057348116640003844,0.07405263581240604,0.07978744747640643,0.0057348116640003844,0.07405263581240604,0.07978744747640643,0.0057348116640003844,0.07405263581240604
HON,5,0.01,2024-08-14,2024-08-21,186.65353393554688,191.30294799804688,hold_days,0.024909327803595005,0.023909327803595004,1,2024-08-13,0.025863174012922485,-0.001953846209327481,0.011109902986712562,-0.0032570203055435456,0.014366923292256108,0.03492053623985012,0.02040773292673664,0.01451280331311348,0.10267457059594239,0.022271612494434528,0.08040295810150785,0.10267457059594239,0.022271612494434528,0.08040295810150785
HON,5,0.01,2024-12-12,2024-12-19,217.31802368164062,216.54495239257812,hold_days,-0.0035573270728570527,-0.004557327072857053,3,2024-12-09,-0.03118928755829209,0.026631960485435036,0.00606793084451489,0.007009544974738846,-0.0009416141302239561,0.022496074103358153,0.01064405970370843,0.011852014399649724,0.022496074103358153,0.01064405970370843,0.011852014399649724,0.022496074103358153,0.01064405970370843,0.011852014399649724
HON,5,0.01,2026-03-23,2026-03-30,231.91146850585938,232.4002227783203,hold_days,0.0021075036763376076,0.0011075036763376076,3,2026-03-20,-0.014275299732664837,0.015382803409002443,0.04903844547501526,0.016292704454778924,0.032745741020236335,0.07314741539269703,0.023293102469999195,0.04985431292269784,0.10091127786065564,0.045219104069240096,0.05569217379141554,0.10091127786065564,0.05142021796303421,0.049491059897621426
HON,5,0.01,2026-07-09,2026-07-16,222.75161743164062,225.65292358398438,hold_days,0.013024848868871342,0.01202484886887134,1,2026-07-08,0.011278930997386638,0.0007459178714847026,0.03356692040562219,0.009340606996529938,0.024226313409092252,0.0825935123667708,0.009340606996529938,0.07325290537024086,0.0825935123667708,0.009340606996529938,0.07325290537024086,0.10438508205214883,0.009340606996529938,0.09504447505561889
IBM,5,0.01,2016-01-12,2016-01-20,81.43618774414062,74.67127227783203,hold_days,-0.08307013937787544,-0.08407013937787544,4,2016-01-08,-0.04371629889631801,-0.040353840481557435,0.021715004259488302,0.039149820615714724,-0.017434816356226422,0.049220163080860434,0.0691465860095894,-0.01992642292872896,0.049220163080860434,0.0691465860095894,-0.01992642292872896,0.10800825940253289,0.07666734765545238,0.03134091174708051
IBM,5,0.01,2016-05-04,2016-05-11,89.29389953613281,93.0931167602539,hold_days,0.04254733239176933,0.04154733239176933,1,2016-05-03,0.009382176922160479,0.03216515546960885,0.041337097019657786,0.023800978569915067,0.01753611844974272,0.041337097019657786,0.02590987710963983,0.015427219910017956,0.05428443066838831,0.02590987710963983,0.028374553558748482,0.05428443066838831,0.02590987710963983,0.028374553558748482
IBM,5,0.01,2016-08-29,2016-09-06,100.68646240234375,101.08363342285156,hold_days,0.003944631790922637,0.002944631790922637,3,2016-08-26,-0.00038741187216639883,0.0033320436630890357,0.003369784073129646,0.0033472637014579348,2.2520371671711035e-05,0.013343423308005972,0.0033472637014579348,0.009996159606548037,0.023298429009389,0.0033472637014579348,0.019951165307931062,0.023298429009389,0.0033472637014579348,0.019951165307931062
IBM,5,0.01,2016-09-19,2016-09-26,97.62908935546875,97.06800842285156,hold_days,-0.005747067153051955,-0.006747067153051955,3,2016-09-16,0.004436378526763374,-0.01118344567981533,0.021605669109331656,0.011420965732175166,0.01018470337715649,0.04188315150004972,0.023612540609706047,0.01827061089034367,0.04188315150004972,0.027257764855013966,0.014625386645035751,0.05295624980017739,0.027257764855013966,0.02569848494516342
IBM,5,0.01,2017-05-15,2017-05-22,98.08838653564453,98.81997680664062,hold_days,0.007458480018225577,0.006458480018225577,3,2017-05-12,-0.003166823945553343,0.00962530396377892,0.009932982057778188,-0.004721028243983388,0.014654010301761576,0.038403239587808495,-0.004721028243983388,0.04312426783179188,0.1058441742699042,-0.004721028243983388,0.11056520251388759,0.15916452222671382,-0.004721028243983388,0.1638855504706972
IBM,5,0.01,2017-07-10,2017-07-17,99.32492065429688,99.05951690673828,hold_days,-0.002672076109502708,-0.003672076109502708,4,2017-07-06,0.009902113280721547,-0.013574189390224256,0.013883869661978012,0.0010964814015255073,0.012787388260452505,0.013883869661978012,0.0010964814015255073,0.012787388260452505,0.013883869661978012,0.006004845678200953,0.007879023983777059,0.09457215497223498,0.006004845678200953,0.08856730929403403
IBM,5,0.01,2018-07-18,2018-07-25,97.5074234008789,98.92431640625,hold_days,0.014531129589445468,0.013531129589445468,1,2018-07-17,0.015870803280973567,-0.002339673691528099,0.013178729061838645,-0.001229428088883203,0.014408157150721848,0.013178729061838645,-0.001229428088883203,0.014408157150721848,0.013178729061838645,-0.001229428088883203,0.014408157150721848,0.0160007656111847,-0.001229428088883203,0.017230193700067904
IBM,5,0.01,2018-11-02,2018-11-09,78.88553619384766,85.32584381103516,hold_days,0.08164117185388142,0.08064117185388142,3,2018-10-30,0.025245690917759855,0.055395480936121566,0.07308249978439996,0.003128439786072847,0.06995405999832711,0.11843601692483892,0.017142447506956343,0.10129356941788258,0.22384736320756274,0.05912030428959542,0.16472705891796732,0.24767465084746504,0.07099909668244378,0.17667555416502126
IBM,5,0.01,2019-01-15,2019-01-23,84.07571411132812,91.78362274169922,hold_days,0.09167818212242285,0.09067818212242285,1,2019-01-14,0.014370076750466865,0.07630810537195598,0.0004927710138539128,-0.002004029976662144,0.0024968009905160567,0.0004927710138539128,-0.002004029976662144,0.0024968009905160567,0.0004927710138539128,-0.002004029976662144,0.0024968009905160567,0.08034024493055049,0.06244921171032681,0.01789103322022368
IBM,5,0.01,2019-04-10,2019-04-17,99.93106842041016,97.1990966796875,hold_days,-0.02733856231006404,-0.02833856231006404,1,2019-04-09,0.010672014768429161,-0.0390105770784932,0.004247365922319653,0.004855498246139971,-0.0006081323238203177,0.004247365922319653,0.004855498246139971,-0.0006081323238203177,0.004247365922319653,0.004855498246139971,-0.0006081323238203177,0.004247365922319653,0.004855498246139971,-0.0006081323238203177
IBM,5,0.01,2019-06-03,2019-06-10,90.68956756591797,95.26398468017578,hold_days,0.050440389529180285,0.049440389529180284,3,2019-05-31,0.050163093436081496,-0.000722703906901212,0.030314305129432954,0.02681819714391016,0.0034961079855227936,0.05994841400548284,0.038214029178280366,0.021734384827202476,0.07541178368477736,0.06310441778612123,0.012307365898656122,0.10573471619670993,0.06689850738595565,0.03883620881075428
IBM,5,0.01,2019-12-06,2019-12-13,96.42469787597656,97.14125061035156,hold_days,0.007431215758608278,0.006431215758608278,1,2019-12-05,0.009871792307591276,-0.003440576548982998,0.009148299286874982,-0.0035286434571108172,0.0126769427439858,0.020224941042146772,0.00027119827633348046,0.01995374276581329,0.03246417303201817,0.00027119827633348046,0.032192974755684695,0.07307478744511622,0.00027119827633348046,0.07280358916878274
IBM,5,0.01,2020-05-14,2020-05-21,86.679443359375,88.28777313232422,hold_days,0.01855491579798274,0.01755491579798274,1,2020-05-13,0.04186611750726188,-0.02431120170927914,0.049109919020851496,0.03432505483294246,0.014784864187909037,0.056081383433289646,0.03646191970905758,0.019619463724232067,0.07903933277892619,0.05066667800347522,0.02837265477545097,0.2162516648511135,0.17379090700466038,0.04246075784645312
IBM,5,0.01,2020-08-03,2020-08-10,92.13444519042969,95.4432601928711,hold_days,0.035912898760094736,0.034912898760094735,4,2020-07-30,0.03413197755566011,0.0007809212044346259,0.015054370321736099,0.006882766194357425,0.008171604127378673,0.03388532590025797,0.014241954144329905,0.01964337175592807,0.03388532590025797,0.014241954144329905,0.01964337175592807,0.0842725111881633,0.02511150230087407,0.05916100888728923
IBM,5,0.01,2020-12-03,2020-12-10,94.16106414794922,95.18944549560547,hold_days,0.010921513652823789,0.009921513652823788,2,2020-12-01,0.008709007266013424,0.0012125063868103636,0.008104736551256783,-0.000849199547291867,0.00895393609854865,0.008104736551256783,-0.000849199547291867,0.00895393609854865,0.008104736551256783,-0.000849199547291867,0.00895393609854865,0.046297008216283596,-0.000849199547291867,0.04714620776357546
IBM,5,0.01,2021-04-15,2021-04-22,102.34362030029297,109.05948638916016,hold_days,0.06562075944901835,0.06462075944901835,2,2021-04-13,-0.006771879325448205,0.07139263877446655,0.023207729472820297,-0.004386613804465377,0.027594343277285674,0.024645076994052714,-0.004386613804465377,0.02903169079851809,0.02786330614873035,-0.004386613804465377,0.032249919953195726,0.02786330614873035,-0.004386613804465377,0.032249919953195726
IBM,5,0.01,2021-08-20,2021-08-27,109.8343276977539,110.07118225097656,hold_days,0.002156471097765067,0.001156471097765067,1,2021-08-19,0.019146019713187856,-0.01798954861542279,0.03119975547496243,0.018015183458415827,0.013184572016546603,0.03119975547496243,0.018015183458415827,0.013184572016546603,0.03119975547496243,0.018015183458415827,0.013184572016546603,0.06986021741029409,0.018015183458415827,0.05184503395187827
IBM,5,0.01,2021-09-22,2021-09-29,106.297119140625,109.88957977294922,hold_days,0.03379640635012504,0.03279640635012504,1,2021-09-21,0.00338369165924135,0.02941271469088369,0.018731854209527585,0.020250865287382243,-0.0015190110778546574,0.029133907155674366,0.02332283659304865,0.005811070562625715,0.040686975233850425,0.03308412170886957,0.007602853524980857,0.0725963552653142,0.03308412170886957,0.039512233556444634
IBM,5,0.01,2022-09-07,2022-09-14,110.85810852050781,110.84074401855469,hold_days,-0.0001566371840984182,-0.0011566371840984182,1,2022-09-06,-0.009622225032364318,0.008465587848265899,0.01503919129386041,0.003527939630781921,0.01151125166307849,0.05217470431816321,0.049487967859203154,0.0026867364589600595,0.08168537826805755,0.06398132095940559,0.01770405730865196,0.09440421172267881,0.06398132095940559,0.030422890763273217
IBM,5,0.01,2023-05-12,2023-05-19,110.71683502197266,114.70060729980469,hold_days,0.035981630770437256,0.034981630770437255,1,2023-05-11,0.011308810742876263,0.023672820027560992,-0.006720289498358793,0.0071877288734220465,-0.01390801837178084,0.014990837070080617,0.024769679944568412,-0.009778842874487796,0.02828926236472553,0.031602479184920276,-0.0033132168201947462,0.0871332185991641,0.03478772099660699,0.05234549760255711
IBM,5,0.01,2024-01-08,2024-01-16,148.57443237304688,153.94061279296875,hold_days,0.03611779183142527,0.03511779183142527,3,2024-01-05,-0.010001354156418452,0.04511914598784372,0.01473559589581689,0.0010328931288767472,0.013702702766940142,0.01593886171604874,0.0010328931288767472,0.014905968587171992,0.021674336953258475,0.0010328931288767472,0.02064144382438173,0.021674336953258475,0.0010328931288767472,0.02064144382438173
IBM,5,0.01,2024-07-22,2024-07-29,173.03892517089844,179.94544982910156,hold_days,0.03991312735780128,0.03891312735780128,3,2024-07-19,0.0048117423215545685,0.03410138503624671,0.017604884341414273,0.014005749582488562,0.003599134758925711,0.017604884341414273,0.014005749582488562,0.003599134758925711,0.017604884341414273,0.014005749582488562,0.003599134758925711,0.017604884341414273,0.014005749582488562,0.003599134758925711
IBM,5,0.01,2024-10-31,2024-11-07,195.94602966308594,202.5527801513672,hold_days,0.03371719498293002,0.03271719498293002,1,2024-10-30,0.031169616845530213,0.0015475781373998077,0.05343661742391994,0.006288569218125362,0.047148048205794574,0.11233269208569538,0.02583242601410961,0.08650026607158577,0.1213127212025151,0.026582839831097674,0.09472988137141743,0.1213127212025151,0.026582839831097674,0.09472988137141743
IBM,5,0.01,2024-12-19,2024-12-27,213.92236328125,212.83328247070312,hold_days,-0.005091009625370568,-0.006091009625370568,1,2024-12-18,0.013846547287057698,-0.019937556912428267,0.035908045113862586,0.031189287558292107,0.004718757555570479,0.05931780959440256,0.03798020981916104,0.021337599775241523,0.05931780959440256,0.04150136662311394,0.01781644297128862,0.05931780959440256,0.04150136662311394,0.01781644297128862
IBM,5,0.01,2025-01-14,2025-01-22,208.02784729003906,213.2918243408203,hold_days,0.025304194218969345,0.024304194218969344,1,2025-01-13,0.03338863544959558,-0.009084441230626239,0.02772825682161373,0.0006533036758304521,0.02707495314578328,0.02772825682161373,0.004816346600483346,0.022911910221130385,0.0624730818772361,0.022505342162151325,0.03996773971508478,0.08523780285243855,0.032909853660233426,0.052327949192205125
IBM,5,0.01,2025-08-14,2025-08-21,231.10206604003906,233.3340301513672,hold_days,0.009657915005145012,0.008657915005145012,2,2025-08-12,-0.0025567750468376005,0.011214690051982612,0.04575822644596201,0.002444596296990579,0.04331363014897143,0.057028891434801776,0.002444596296990579,0.0545842951378112,0.16495914914572848,0.002444596296990579,0.1625145528487379,0.19019903490128456,0.002444596296990579,0.18775443860429397
IBM,5,0.01,2025-09-03,2025-09-10,237.9149627685547,250.3711395263672,hold_days,0.05235558374665983,0.05135558374665983,1,2025-09-02,0.0018727232082824674,0.04948286053837736,0.006633235455585145,0.007124602235324838,-0.000491366779739693,0.006633235455585145,0.007124602235324838,-0.000491366779739693,0.025882349266147183,0.007124602235324838,0.018757747030822346,0.1663260750424403,0.007124602235324838,0.15920147280711544
IBM,5,0.01,2026-02-05,2026-02-12,284.10260009765625,255.78897094726562,hold_days,-0.09965987337200788,-0.10065987337200788,1,2026-02-04,0.004647597705426332,-0.10530747107743421,0.07892468522377162,0.006930911367544545,0.07199377385622707,0.07892468522377162,0.006930911367544545,0.07199377385622707,0.07892468522377162,0.006930911367544545,0.07199377385622707,0.07965579356788377,0.006930911367544545,0.07272488220033922
IBM,5,0.01,2026-09-02,2026-09-10,231.6999969482422,234.02000427246094,hold_days,0.01001297951996527,0.00901297951996527,1,2026-09-01,-0.018566489243518558,0.027579468763483828,0.029691346108439966,0.006344099145114168,0.023347246963325796,0.029691346108439966,0.010217215186277617,0.01947413092216235,0.029691346108439966,0.010217215186277617,0.01947413092216235,0.23770261533816722,0.010217215186277617,0.22748540015188962
JNJ,5,0.01,2015-07-01,2015-07-09,72.37686920166016,72.3254165649414,hold_days,-0.0007108989002465593,-0.0017108989002465593,1,2015-06-30,-0.009996672687914043,0.008285773787667483,0.01174190396273893,0.014379352717344304,-0.0026374487546053735,0.01883238275397896,0.02107427144676756,-0.0022418886927885982,0.01883238275397896,0.02107427144676756,-0.0022418886927885982,,,
JNJ,5,0.01,2015-09-28,2015-10-05,67.6719970703125,70.18278503417969,hold_days,0.03710231813106435,0.03610231813106435,3,2015-09-25,0.056745966755238575,-0.020643648624174227,0.020055710491052415,0.039377262847186706,-0.01932155235613429,0.03658821238257138,0.05281474100693796,-0.016226528624366583,0.039928475520887734,0.05281474100693796,-0.012886265486050229,0.08941778056784193,0.10673282384316456,-0.017315043275322628
JNJ,5,0.01,2016-01-21,2016-01-28,71.58052062988281,76.30332946777344,hold_days,0.06597896741084885,0.06497896741084885,1,2016-01-20,0.013497038511164794,0.05148192889968406,0.029831370909134527,0.030760742549668044,-0.0009293716405335169,0.044327402593420794,0.06312655095722255,-0.01879914836380176,0.07776598879699513,0.10370816173033884,-0.025942172933343707,0.08845604275439685,0.11094968566895969,-0.022493642914562836
JNJ,5,0.01,2016-09-30,2016-10-03,90.00543212890625,90.52355194091797,resistance,0.005756539352754553,0.004756539352754553,1,2016-09-29,-0.0019179487588796285,0.006674488111634181,0.010553947416205633,-0.0018821447433938613,0.012436092159599494,0.011133432031177835,0.0007361535975218078,0.010397278433656027,0.013528083596469061,0.004215694839359734,0.009312388757109328,0.0516902780985337,0.007933334857529707,0.043756943241003994
JNJ,5,0.01,2016-10-24,2016-10-31,86.56156921386719,88.37490844726562,hold_days,0.020948548528715305,0.019948548528715304,3,2016-10-21,-0.010998481241540237,0.03094702977025554,0.041184908999255906,-0.006446683930944673,0.04763159293020058,0.05166939165422445,0.0013385930197788729,0.050330798634445575,0.05166939165422445,0.0019703378902243226,0.04969905376400013,0.08797529563558748,0.009888041397488402,0.07808725423809908
JNJ,5,0.01,2017-07-28,2017-08-04,102.49773406982422,103.53162384033203,hold_days,0.01008695245695379,0.00908695245695379,1,2017-07-27,0.006016325036993786,0.0030706274199600037,0.02557073154456366,0.002471490652213414,0.023099240892350246,0.03456091746795448,0.002471490652213414,0.03208942681574106,0.03456091746795448,0.002471490652213414,0.03208942681574106,0.03456091746795448,0.002471490652213414,0.03208942681574106
JNJ,5,0.01,2017-09-29,2017-10-06,101.71023559570312,104.22151947021484,hold_days,0.024690571797454375,0.023690571797454374,1,2017-09-28,0.013641158829208466,0.010049412968245908,0.01050347379431088,-0.00234212005837286,0.01284559385268374,0.03966615785466226,-0.00234212005837286,0.042008277913035116,0.03966615785466226,-0.00234212005837286,0.042008277913035116,0.0419784649020561,-0.00234212005837286,0.044320584960428955
JNJ,5,0.01,2018-01-03,2018-01-10,110.63716888427734,113.32123565673828,hold_days,0.0242600818470724,0.0232600818470724,1,2018-01-02,0.015479815356652216,0.007780266490420185,7.164294864448645e-05,-0.00531598048219299,0.005387623430837476,0.008744875974469709,-0.00531598048219299,0.014060856456662699,0.016306664880365897,-0.00531598048219299,0.02162264536255889,0.016306664880365897,-0.00531598048219299,0.02162264536255889
JNJ,5,0.01,2018-05-09,2018-05-16,97.8393783569336,99.29693603515625,hold_days,0.014897454406397115,0.013897454406397114,1,2018-05-08,0.008816013496527386,0.005081440909869728,0.005475313125140321,-0.010724512927770895,0.016199826052911218,0.037109204885453266,-0.010724512927770895,0.04783371781322416,0.06261358242193285,0.005822528679917136,0.056791053742015714,0.08068466896519341,0.031233148360431572,0.04945152060476184
JNJ,5,0.01,2018-05-31,2018-06-07,95.46064758300781,98.42134094238281,hold_days,0.031014804889109238,0.030014804889109237,2,2018-05-29,0.02787856833950575,0.0021362365496034874,0.023838079778157963,0.014611115363688523,0.00922696441446944,0.03863450983815042,0.015572144957920721,0.0230623648802297,0.052914598485779736,0.015572144957920721,0.03734245352785902,0.10303562525292098,0.029095826326847814,0.07393979892607316
JNJ,5,0.01,2018-09-27,2018-10-04,111.03913879394531,111.9468994140625,hold_days,0.008175141035646094,0.007175141035646094,1,2018-09-26,0.0004913170833551472,0.006683823952290947,0.032614843953454764,0.001756809464033004,0.03085803448942176,0.032614843953454764,0.001756809464033004,0.03085803448942176,0.032614843953454764,0.001756809464033004,0.03085803448942176,0.032614843953454764,0.001756809464033004,0.03085803448942176
JNJ,5,0.01,2018-10-12,2018-10-19,107.54456329345703,111.70592498779297,hold_days,0.03869430091952508,0.03769430091952508,1,2018-10-11,-0.00044650338424889746,0.03814080430377398,0.03960110153632281,0.042282386747085496,-0.0026812852107626836,0.04705304063102898,0.05437376118174777,-0.007320720550718786,0.06305996900192665,0.05437376118174777,0.008686207820178878,0.06305996900192665,0.05437376118174777,0.008686207820178878
JNJ,5,0.01,2018-12-11,2018-12-18,118.44034576416016,105.44019317626953,hold_days,-0.1097611840291034,-0.1107611840291034,1,2018-12-10,-0.033698071279448016,-0.07706311274965538,-0.0019834792463049944,0.05622670540663558,-0.058210184652940575,0.0027230734106261597,0.05622670540663558,-0.053503631996009424,0.0027230734106261597,0.05622670540663558,-0.053503631996009424,0.0027230734106261597,0.08860819578637309,-0.08588512237574693
JNJ,5,0.01,2019-01-25,2019-02-01,103.6696548461914,108.49622344970703,hold_days,0.04655719757798482,0.04555719757798482,1,2019-01-24,0.01530096395383529,0.03025623362414953,0.01882333946211211,0.004412243732218586,0.014411095729893525,0.01882333946211211,0.004412243732218586,0.014411095729893525,0.01882333946211211,0.004412243732218586,0.014411095729893525,0.13264333862050973,0.04084035869628454,0.09180297992422519
JNJ,5,0.01,2019-04-12,2019-04-22,110.6644058227539,112.17000579833984,hold_days,0.013605096999277144,0.012605096999277143,1,2019-04-11,0.0005124536772131982,0.012092643322063945,0.0014685051021465355,-0.00728623702346443,0.008754742125610965,0.02725548058022363,-0.00728623702346443,0.034541717603688064,0.02725548058022363,-0.00728623702346443,0.034541717603688064,0.02725548058022363,-0.00728623702346443,0.034541717603688064
JNJ,5,0.01,2019-05-15,2019-05-22,111.42127227783203,112.92684173583984,hold_days,0.013512405909830605,0.012512405909830604,1,2019-05-14,0.0037316740674564475,0.008780731842374156,0.020602594400279572,0.009662287055678778,0.010940307344600794,0.036455810050709386,0.03136558144836813,0.0050902286023412555,0.036455810050709386,0.03528820190174268,0.0011676081489667076,0.036455810050709386,0.03528820190174268,0.0011676081489667076
JNJ,5,0.01,2019-07-24,2019-07-31,106.34136199951172,106.70187377929688,hold_days,0.0033901369420754612,0.002390136942075461,2,2019-07-22,-0.009429667277380482,0.011819804219455943,0.01733928610329673,-0.0008430723186183196,0.01818235842191505,0.08094319936046233,-0.0008430723186183196,0.08178627167908066,0.10024962269339464,-0.0008430723186183196,0.10109269501201297,0.10024962269339464,-0.0008430723186183196,0.10109269501201297
JNJ,5,0.01,2019-08-06,2019-08-13,107.15257263183594,109.32394409179688,hold_days,0.020264296102544543,0.019264296102544542,1,2019-08-05,0.013457952587958344,0.005806343514586199,0.009918019190585697,0.04498029696913558,-0.03506227777854988,0.01691460729997515,0.04767926510078048,-0.03076465780080533,0.07524206192539676,0.04767926510078048,0.02756279682461628,0.09338599918148029,0.04767926510078048,0.04570673408069981
JNJ,5,0.01,2020-05-26,2020-06-02,121.77103424072266,124.87934112548828,hold_days,0.025525831361676632,0.02452583136167663,4,2020-05-22,0.03265493062372271,-0.00812909926204608,0.032938424548796134,-0.016086158367339246,0.04902458291613538,0.032938424548796134,-0.016086158367339246,0.04902458291613538,0.05656811945775391,-0.009771857660009958,0.06633997711776388,0.06396959479470317,0.04683159888657877,0.017137995908124398
JNJ,5,0.01,2020-06-12,2020-06-19,119.74092864990234,121.1561050415039,hold_days,0.01181865221489331,0.01081865221489331,1,2020-06-11,0.012119953166500608,-0.0013013009516072982,0.038227653385565254,0.0705528681286347,-0.03232521474306945,0.04436995582153938,0.0705528681286347,-0.026182912307095324,0.04906078996379269,0.0705528681286347,-0.021492078164842013,0.079574624107574,0.0705528681286347,0.009021755978939297
JNJ,5,0.01,2020-08-03,2020-08-10,124.12117004394531,124.6939926147461,hold_days,0.004615027159331264,0.003615027159331264,3,2020-07-31,0.03413197755566011,-0.030516950396328846,-0.0011547044236059393,0.006882766194357425,-0.008037470617963364,0.017732641562053376,0.014241954144329905,0.0034906874177234714,0.017732641562053376,0.014241954144329905,0.0034906874177234714,0.017732641562053376,0.02511150230087407,-0.007378860738820693
JNJ,5,0.01,2020-11-27,2020-12-04,122.95512390136719,128.3087921142578,resistance,0.043541643837350374,0.042541643837350374,2,2020-11-25,0.017627236547654412,0.02491440728969596,0.014539901414696415,0.0030586072896022607,0.011481294125094155,0.038776450390621456,0.0030586072896022607,0.03571784310101919,0.038776450390621456,0.0030586072896022607,0.03571784310101919,0.05739665825637285,0.0030586072896022607,0.054338050966770586
JNJ,5,0.01,2020-12-15,2020-12-22,128.56500244140625,130.4007568359375,hold_days,0.014278803404277118,0.013278803404277117,1,2020-12-14,-0.00906376793078556,0.022342571335062678,0.01652475538410593,-0.0012033456596817795,0.01772810104378771,0.01652475538410593,-0.000413357511079597,0.016938112895185528,0.01652475538410593,-0.000413357511079597,0.016938112895185528,0.01652475538410593,-0.000413357511079597,0.016938112895185528
JNJ,5,0.01,2021-02-04,2021-02-11,138.31600952148438,141.79115295410156,hold_days,0.02512466521149448,0.024124665211494478,1,2021-02-03,0.01640093258956421,0.007723732621930268,0.04238573481203102,-0.01205481753709486,0.054440552349125884,0.049800503429697364,-0.006127843096221267,0.05592834652591863,0.049800503429697364,-0.0009227916586114272,0.05072329508830879,0.049800503429697364,-0.0009227916586114272,0.05072329508830879
JNJ,5,0.01,2021-04-29,2021-05-06,141.07725524902344,144.1187744140625,hold_days,0.02155924539125964,0.02055924539125964,1,2021-04-28,0.013444950230856012,0.0071142951604036275,0.007975135534278179,-0.006218129710206611,0.01419326524448479,0.014347002846522634,-0.006218129710206611,0.020565132556729246,0.014347002846522634,-0.006218129710206611,0.020565132556729246,0.014347002846522634,-0.006218129710206611,0.020565132556729246
JNJ,5,0.01,2021-07-20,2021-07-27,145.63172912597656,149.27146911621094,hold_days,0.024992767799150828,0.023992767799150827,1,2021-07-19,0.02032111917521018,0.0036716486239406487,0.011559757362952748,0.011752272710761949,-0.00019251534780920058,0.011559757362952748,0.016093660090401314,-0.004533902727448566,0.011559757362952748,0.016093660090401314,-0.004533902727448566,0.012313022017875624,0.016093660090401314,-0.0037806380725256897
JNJ,5,0.01,2021-12-01,2021-12-08,138.3790740966797,143.85891723632812,hold_days,0.0396002298426994,0.038600229842699396,1,2021-11-30,0.04214799837811767,-0.003547768535418272,0.01624258668180138,0.04255838113645069,-0.02631579445464931,0.025505551693124025,0.04658778427711381,-0.021082232583989786,0.03909978016128287,0.04658778427711381,-0.0074880041158309416,0.07662831269932859,0.04658778427711381,0.030040528422214774
JNJ,5,0.01,2022-08-15,2022-08-22,147.26438903808594,149.5927734375,hold_days,0.015810912703490665,0.014810912703490664,3,2022-08-12,-0.02638444815554941,0.041195360859040075,0.026835259085405825,-0.0021042524953234732,0.0289395115807293,0.048685208681451174,-0.0021042524953234732,0.050789461176774645,0.048685208681451174,-0.0021042524953234732,0.050789461176774645,0.08886931312676635,-0.0021042524953234732,0.09097356562208983
JNJ,5,0.01,2022-10-10,2022-10-17,143.18382263183594,148.7001495361328,hold_days,0.038526188244609294,0.03752618824460929,3,2022-10-07,0.02547274862524196,0.012053439619367334,0.03145759532128444,0.033183989321488735,-0.001726394000204294,0.03576578499323709,0.033183989321488735,0.002581795671748356,0.04289976119654474,0.10330705196719729,-0.06040729077065255,0.09393567970164565,0.13701275924015202,-0.04307707953850637
JNJ,5,0.01,2024-03-26,2024-04-03,145.28079223632812,143.8724822998047,hold_days,-0.009693710468157035,-0.010693710468157036,1,2024-03-25,0.005669775440342528,-0.016363485908499564,0.0028168152612212567,0.00784404107845854,-0.005027225817237283,0.04282915206868299,0.00784404107845854,0.03498511099022445,0.04282915206868299,0.00784404107845854,0.03498511099022445,0.04282915206868299,0.00784404107845854,0.03498511099022445
JNJ,5,0.01,2024-04-18,2024-04-25,135.9261932373047,136.93344116210938,hold_days,0.007410256263457704,0.006410256263457704,2,2024-04-16,0.015433127802402247,-0.009022871538944544,0.02049858139269709,0.023927962930983204,-0.0034293815382861158,0.044327955550172396,0.030907289557904255,0.013420665992268141,0.07870284950729338,0.04141102836871211,0.03729182113858127,0.10446117732214755,0.04141102836871211,0.06305014895343544
JNJ,5,0.01,2024-08-14,2024-08-21,149.0030975341797,151.77667236328125,hold_days,0.018614209201022414,0.017614209201022413,1,2024-08-13,0.025863174012922485,-0.008248964811900072,0.013323327533890065,-0.0032570203055435456,0.01658034783943361,0.034482816581667464,0.02040773292673664,0.014075083654930824,0.034482816581667464,0.022271612494434528,0.012211204087232936,0.034482816581667464,0.022271612494434528,0.012211204087232936
JNJ,5,0.01,2025-06-23,2025-06-30,146.90673828125,148.29502868652344,hold_days,0.009450147906868489,0.008450147906868488,3,2025-06-20,0.026399778088331383,-0.017949630181462894,0.03679200658860968,0.007472948159828937,0.029319058428780742,0.03679200658860968,0.008681636283046832,0.028110370305562845,0.03679200658860968,0.008681636283046832,0.028110370305562845,0.07973191282856015,0.008681636283046832,0.07105027654551332
JNJ,5,0.01,2026-06-22,2026-06-29,230.15489196777344,257.2413024902344,hold_days,0.1176877462428807,0.1166877462428807,4,2026-06-18,0.016613570794326682,0.10007417544855401,0.03977245237259762,0.019075428933176135,0.020697023439421484,0.03977245237259762,0.019075428933176135,0.020697023439421484,0.03977245237259762,0.019075428933176135,0.020697023439421484,0.048354788535182706,0.019075428933176135,0.02927935960200657
JPM,5,0.01,2015-12-14,2015-12-16,48.35200500488281,50.80459213256836,resistance,0.050723586900643935,0.049723586900643935,3,2015-12-11,0.024569615562286762,0.025153971338357173,0.040746370745158356,0.021430952199240242,0.019315418545918114,0.053321589467027586,0.03411502195759254,0.019206567509435044,0.053321589467027586,0.03411502195759254,0.019206567509435044,0.061203582112545764,0.03411502195759254,0.02708856015495322
JPM,5,0.01,2016-04-11,2016-04-18,44.40545654296875,47.51079177856445,hold_days,0.0699313885578643,0.06893138855786429,4,2016-04-07,0.03458136213832219,0.0343500264195421,0.016891665917832765,0.010180310957367166,0.006711354960465599,0.020696520024673086,0.012451166830663331,0.008245353194009755,0.030573764634928155,0.012451166830663331,0.018122597804264826,0.030573764634928155,0.012451166830663331,0.018122597804264826
JPM,5,0.01,2016-05-16,2016-05-23,47.04536819458008,48.418731689453125,hold_days,0.029192321105720787,0.028192321105720786,3,2016-05-13,-0.007622525534188851,0.03581484663990964,0.006124994600546844,0.006778618367812703,-0.0006536237672658592,0.03339082620119755,0.006778618367812703,0.026612207833384846,0.040161843761791084,0.016252880944281,0.023908962817510083,0.040161843761791084,0.016252880944281,0.023908962817510083
JPM,5,0.01,2016-10-18,2016-10-25,52.434288024902344,53.28624725341797,hold_days,0.016248131911527297,0.015248131911527296,1,2016-10-17,0.009392055499112484,0.005856076412414812,0.008929940728312442,0.002855222804255257,0.006074717924057185,0.013694778923388442,0.013731453330784692,-3.6674407396250844e-05,0.013694778923388442,0.014811583607267389,-0.0011168046838789473,0.013694778923388442,0.02190738681636571,-0.008212607892977267
JPM,5,0.01,2017-08-22,2017-08-29,72.11064147949219,71.74836730957031,hold_days,-0.005023865583346665,-0.006023865583346665,1,2017-08-21,-0.0003570057935255999,-0.005666859789821065,0.012617335242280854,0.008613667136396974,0.00400366810588388,0.022630192423746698,0.010400151053753106,0.012230041369993592,0.02616490856392365,0.011368504035291892,0.014796404528631759,0.02616490856392365,0.011368504035291892,0.014796404528631759
JPM,5,0.01,2017-11-15,2017-11-22,77.78435516357422,78.14081573486328,hold_days,0.004582676947561648,0.003582676947561648,1,2017-11-14,0.015726419324570085,-0.012143742377008437,-0.0033725739050231066,0.01042315655868537,-0.013795730463708477,0.03346742029912087,0.01042315655868537,0.0230442637404355,0.035176928926737294,0.01042315655868537,0.024753772368051923,0.035176928926737294,0.01042315655868537,0.024753772368051923
JPM,5,0.01,2018-06-29,2018-07-09,83.39613342285156,86.32778930664062,hold_days,0.035153378981306105,0.034153378981306104,2,2018-06-27,0.021871393280542772,0.012281985700763332,0.01465723435475447,0.005138771870281749,0.00951846248447272,0.03679043700479301,0.021535776502193942,0.015254660502599066,0.062190614817818256,0.02912962483003577,0.03306098998778249,0.08828420509167705,0.02912962483003577,0.059154580261641276
JPM,5,0.01,2018-08-01,2018-08-08,93.07115173339844,94.78514099121094,hold_days,0.018415902520710237,0.017415902520710236,1,2018-07-31,0.013449281594819062,0.003966620925891173,0.009166271655107637,0.0059386032711648724,0.0032276683839427642,0.009166271655107637,0.0059386032711648724,0.0032276683839427642,0.009166271655107637,0.0059386032711648724,0.0032276683839427642,0.009166271655107637,0.0059386032711648724,0.0032276683839427642
JPM,5,0.01,2018-08-16,2018-08-23,92.35497283935547,92.32279968261719,hold_days,-0.0003483640972342661,-0.0013483640972342661,1,2018-08-15,0.005135170558156377,-0.006483534655390643,0.018052599925793122,0.0020198714820341677,0.016032728443758953,0.025638703771942575,0.007059416838784228,0.018579286933158346,0.025638703771942575,0.007059416838784228,0.018579286933158346,0.025638703771942575,0.007059416838784228,0.018579286933158346
JPM,5,0.01,2018-10-01,2018-10-08,91.33300018310547,93.44740295410156,hold_days,0.023150479747266806,0.022150479747266805,3,2018-09-28,-0.010285902365191002,0.03243638211245781,0.027587432619248932,-0.005184146062230428,0.03277157868147936,0.04324361477029557,-0.003820200164979138,0.04706381493527471,0.04324361477029557,-0.003820200164979138,0.04706381493527471,0.04324361477029557,-0.003820200164979138,0.04706381493527471
JPM,5,0.01,2019-03-08,2019-03-15,84.15008544921875,87.0419921875,hold_days,0.03436605824989214,0.03336605824989214,1,2019-03-07,0.02617912486981755,0.007186933380074589,0.013597496781366517,0.018014653278880213,-0.004417156497513695,0.029123513060072638,0.018014653278880213,0.011108859781192425,0.029123513060072638,0.018014653278880213,0.011108859781192425,0.029123513060072638,0.018014653278880213,0.011108859781192425
JPM,5,0.01,2019-06-26,2019-07-03,89.29667663574219,93.52669525146484,hold_days,0.04737039243887753,0.04637039243887753,1,2019-06-25,0.02609512032432537,0.020275272114552156,0.015518981064188501,0.01317918355074349,0.0023397975134450116,0.02014282583241816,0.01317918355074349,0.006963642281674669,0.02014282583241816,0.01317918355074349,0.006963642281674669,0.06579424172078549,0.01317918355074349,0.052615058170042
JPM,5,0.01,2020-01-31,2020-02-07,111.314208984375,115.35941314697266,hold_days,0.036340411520738414,0.03534041152073841,4,2020-01-27,0.028849426854776095,0.006490984665962318,0.02597660355930159,0.022502833254147942,0.0034737703051536464,0.042257215625211085,0.036193125073988856,0.006064090551222229,0.055852662505436544,0.036193125073988856,0.019659537431447688,0.055852662505436544,0.036193125073988856,0.019659537431447688
JPM,5,0.01,2020-10-29,2020-11-05,84.14698791503906,90.36468505859375,hold_days,0.07389090563565426,0.07289090563565426,1,2020-10-28,0.05825653301833,0.014634372617324254,0.06396297238332312,0.05125348866868292,0.012709483714640195,0.06396297238332312,0.05580422795027979,0.008158744433043326,0.06396297238332312,0.06585420039043799,-0.001891228007114873,0.06396297238332312,0.07611787093723818,-0.012154898553915064
JPM,5,0.01,2020-12-18,2020-12-28,103.12053680419922,108.54155731201172,hold_days,0.052569746781920834,0.05156974678192083,4,2020-12-14,0.0033607424220012394,0.048209004359919594,0.013176469145207283,0.003249621765730722,0.00992684737947656,0.02664702228291859,0.003249621765730722,0.023397400517187868,0.03438219125029586,0.003249621765730722,0.031132569484565137,0.03438219125029586,0.003249621765730722,0.031132569484565137
JPM,5,0.01,2021-08-03,2021-08-10,134.91111755371094,140.53201293945312,hold_days,0.04166369301258199,0.04066369301258199,1,2021-08-02,0.006153019777041635,0.03451067323554036,0.0007190409201192102,-0.0002203054306334695,0.0009393463507526797,0.0007190409201192102,-0.0002203054306334695,0.0009393463507526797,0.03234175432905372,-0.0002203054306334695,0.03256205975968719,0.07611723123623625,-0.0002203054306334695,0.07633753666686971
JPM,5,0.01,2021-08-20,2021-08-25,136.52593994140625,141.99685668945312,resistance,0.04007236097693134,0.03907236097693134,1,2021-08-19,0.016102136710431925,0.022970224266499417,0.032878940760705376,0.018015183458415827,0.01486375730228955,0.04369833314005717,0.018015183458415827,0.025683149681641346,0.04369833314005717,0.018015183458415827,0.025683149681641346,0.06505879064469866,0.018015183458415827,0.04704360718628284
JPM,5,0.01,2021-12-03,2021-12-10,140.51776123046875,141.8759765625,hold_days,0.00966579114368038,0.00866579114368038,2,2021-12-01,0.03306334460007587,-0.024397553456395493,0.022478706020696043,0.014819925117289988,0.007658780903406055,0.0593654655639279,0.03195412757404757,0.027411337989880324,0.06370515030836617,0.03540741969749215,0.028297730610874018,0.0785307518907738,0.03540741969749215,0.04312333219328165
JPM,5,0.01,2022-01-25,2022-02-01,130.8578643798828,134.98373413085938,hold_days,0.031529398485360405,0.030529398485360404,1,2022-01-24,0.03304285538387286,-0.002513456898512456,0.03133480577564253,0.03313456481550659,-0.0017997590398640614,0.13007585448768272,0.0522223606229533,0.07785349386472942,0.13007585448768272,0.0522223606229533,0.07785349386472942,0.13558708889262952,0.0522223606229533,0.08336472826967622
JPM,5,0.01,2022-05-02,2022-05-09,108.36457061767578,109.63311004638672,hold_days,0.01170621930655269,0.010706219306552689,3,2022-04-29,-0.02371203263613242,0.03441825194268511,0.0498541624216276,0.03147803264063338,0.01837612978099422,0.08458734907534278,0.06762427158010116,0.01696307749524162,0.10718246262075315,0.06850777011035641,0.038674692510396735,0.2251416571461179,0.07628456247083068,0.1488570946752872
JPM,5,0.01,2022-12-19,2022-12-27,119.10151672363281,120.63999938964844,hold_days,0.012917406161884415,0.011917406161884414,3,2022-12-16,0.015177049632254969,-0.0032596434703705546,0.03092179629105308,0.04610681776040328,-0.015185021469350204,0.03092179629105308,0.04610681776040328,-0.015185021469350204,0.05876390966255289,0.060219470074693415,-0.0014555604121405247,0.05876390966255289,0.060219470074693415,-0.0014555604121405247
JPM,5,0.01,2023-03-13,2023-03-20,121.07906341552734,117.28756713867188,hold_days,-0.03131421874187745,-0.032314218741877454,4,2023-03-09,0.015311187019614758,-0.04762540576149221,0.08101096191813126,0.04893301482504919,0.032077947093082065,0.08638449916721491,0.04893301482504919,0.03745148434216572,0.08727407264435869,0.06756670505948678,0.019707367584871904,0.08727407264435869,0.07792122034586157,0.00935285229849711
JPM,5,0.01,2024-01-18,2024-01-25,158.85726928710938,164.09498596191406,hold_days,0.03297121181995366,0.03197121181995366,1,2024-01-17,0.014678760602238938,0.01729245121771472,0.02105035997605958,0.00660599581000985,0.01444436416604973,0.028153650910411377,0.009325752828292143,0.018827898082119234,0.028153650910411377,0.010349013451150944,0.017804637459260433,0.028153650910411377,0.010349013451150944,0.017804637459260433
JPM,5,0.01,2024-05-06,2024-05-13,183.24281311035156,189.66586303710938,hold_days,0.035052124652167116,0.034052124652167115,3,2024-05-03,0.011265661708903085,0.02278646294326403,0.006622516008480725,-0.005702103884344322,0.012324619892825047,0.007700750533146998,-0.005702103884344322,0.01340285441749132,0.03264822052879959,-0.002004231693463593,0.03465245222226319,0.03584637611461938,0.008856226365529527,0.026990149749089858
JPM,5,0.01,2024-07-08,2024-07-15,196.89712524414062,201.5803680419922,hold_days,0.023785226889649236,0.022785226889649235,3,2024-07-05,0.016791610435615167,0.0059936164540340675,0.012082379077829735,0.0017661118166323244,0.01031626726119741,0.012082379077829735,0.004811611195167032,0.0072707678826627025,0.012082379077829735,0.004811611195167032,0.0072707678826627025,0.012082379077829735,0.004811611195167032,0.0072707678826627025
JPM,5,0.01,2026-02-27,2026-03-06,297.4310607910156,286.7144470214844,hold_days,-0.0360305804680604,-0.0370305804680604,3,2026-02-24,-0.025148639144953133,-0.01188194132310727,0.03375275140249402,0.005005293713245435,0.028747457689248586,0.03375275140249402,0.005005293713245435,0.028747457689248586,0.06854844413080319,0.006494803069712673,0.062053641061090514,0.10253725914500794,0.006494803069712673,0.09604245607529527
JPM,5,0.01,2026-03-16,2026-03-23,283.4261474609375,287.14031982421875,hold_days,0.013104550855856267,0.012104550855856266,4,2026-03-12,-0.012130746158419914,0.02423529701427618,0.012969241200764347,0.011299426789700785,0.001669814411063562,0.04695932435792463,0.03179631266513235,0.015163011692792279,0.07924971105440703,0.03833231632576132,0.040917394728645716,0.14479541425907594,0.039771935052971046,0.10502347920610489
JPM,5,0.01,2026-05-05,2026-05-12,308.0124206542969,303.5126953125,hold_days,-0.01460890873244114,-0.01560890873244114,1,2026-05-04,-0.004257469298179717,-0.011351439434261423,0.012227475535555775,0.003812455829389431,0.008415019706166343,0.012227475535555775,0.003812455829389431,0.008415019706166343,0.02394399908322047,0.003812455829389431,0.020131543253831038,0.03541127250638316,0.015826750162320873,0.019584522344062286
LMT,5,0.01,2015-10-15,2015-10-22,156.14752197265625,161.6191864013672,hold_days,0.03504163472840194,0.03404163472840194,1,2015-10-14,0.017790867960590928,0.01625076676781101,0.02421050302922119,-0.005553641565701506,0.029764144594922694,0.02421050302922119,-0.005553641565701506,0.029764144594922694,0.02421050302922119,-0.005553641565701506,0.029764144594922694,0.02421050302922119,0.028282914597324578,-0.004072411568103389
LMT,5,0.01,2015-12-04,2015-12-11,164.22259521484375,163.3277587890625,hold_days,-0.005448923910930659,-0.006448923910930659,1,2015-12-03,-0.03847560913811099,0.03202668522718033,0.03328753889869699,0.005114958953323278,0.028172579945373713,0.03328753889869699,0.005114958953323278,0.028172579945373713,0.03328753889869699,0.005114958953323278,0.028172579945373713,0.03328753889869699,0.005114958953323278,0.028172579945373713
LMT,5,0.01,2016-03-28,2016-04-04,165.97105407714844,169.81231689453125,hold_days,0.023144173173698546,0.022144173173698545,4,2016-03-24,0.012169133127248877,0.009975040046449668,0.009943005462431629,0.008504226868015346,0.0014387785944162835,0.009943005462431629,0.008504226868015346,0.0014387785944162835,0.009943005462431629,0.008504226868015346,0.0014387785944162835,0.009943005462431629,0.016357487296726054,-0.006414481834294425
LMT,5,0.01,2016-06-20,2016-06-27,182.0495147705078,182.5453338623047,hold_days,0.002723539760168592,0.0017235397601685918,3,2016-06-17,-0.042188679268267415,0.043912219028436006,0.00512737938371383,-0.001685646897418203,0.006813026281132033,0.00843439340933,0.017094384919904504,-0.008659991510574503,0.00843439340933,0.017094384919904504,-0.008659991510574503,0.019018908483538256,0.017094384919904504,0.0019245235636337517
LMT,5,0.01,2016-11-07,2016-11-14,183.7711944580078,205.25360107421875,hold_days,0.1168975729823627,0.1158975729823627,3,2016-11-04,0.019342963699661153,0.09655460928270154,0.028858248367235776,-0.008713764738369704,0.037572013105605484,0.04326469051789223,0.002380554681188718,0.040884135836703514,0.04326469051789223,0.00371596110708815,0.03954872941080408,0.09607134681562485,0.01224505705544054,0.0838262897601843
LMT,5,0.01,2017-02-02,2017-02-09,194.8590850830078,199.67703247070312,hold_days,0.024725289999401046,0.023725289999401045,1,2017-02-01,0.01415753771749717,0.009567752281903874,0.011765990480508583,0.0050645565194105,0.006701433961098083,0.022348896369841217,0.00553711283722076,0.01681178353262046,0.02280427030360036,0.00553711283722076,0.0172671574663796,0.058478393482957955,0.00553711283722076,0.05294128064573719
LMT,5,0.01,2017-04-06,2017-04-13,207.9906005859375,208.68362426757812,hold_days,0.0033319951944379422,0.002331995194437942,1,2017-04-05,-0.012810253180334796,0.015142248374772738,0.012678268801897622,0.004147882629317963,0.00853038617257966,0.012678268801897622,0.004147882629317963,0.00853038617257966,0.018086227692605587,0.010591362944600526,0.007494864748005061,0.018086227692605587,0.015559143988651953,0.0025270837039536344
LMT,5,0.01,2017-05-02,2017-05-09,209.84381103515625,213.25436401367188,hold_days,0.016252816614849896,0.015252816614849896,1,2017-05-01,0.004084835762456995,0.0111679808523929,0.006085127901731945,0.0015595862968137129,0.004525541604918233,0.024329258130983265,0.0015595862968137129,0.02276967183416955,0.024329258130983265,0.0015595862968137129,0.02276967183416955,0.024329258130983265,0.0015595862968137129,0.02276967183416955
LMT,5,0.01,2017-06-30,2017-07-05,217.56253051757812,221.3164520263672,resistance,0.017254448639931308,0.016254448639931307,1,2017-06-29,0.00592566007225237,0.010328788567678937,0.010797010976422324,0.003739950373835472,0.007057060602586852,0.019011455502425265,0.010775559881785314,0.008235895620639951,0.019011455502425265,0.010775559881785314,0.008235895620639951,0.019011455502425265,0.010775559881785314,0.008235895620639951
LMT,5,0.01,2017-12-06,2017-12-13,247.48626708984375,252.10317993164062,hold_days,0.018655228413626768,0.017655228413626767,1,2017-12-05,0.01623888708769705,0.0014163413259297153,0.022405181030853868,0.004176336883499202,0.018228844147354664,0.022405181030853868,0.004176336883499202,0.018228844147354664,0.022405181030853868,0.004176336883499202,0.018228844147354664,0.02248955185308758,0.004176336883499202,0.018313214969588376
LMT,5,0.01,2018-04-09,2018-04-16,267.97418212890625,275.7842102050781,hold_days,0.029144703471526645,0.028144703471526644,3,2018-04-06,0.027322564115978887,0.0008221393555477574,0.03098227038520565,0.01865656089272469,0.012325709492480963,0.03098227038520565,0.01865656089272469,0.012325709492480963,0.03098227038520565,0.05718452447017997,-0.02620225408497432,0.06427631166017363,0.07905836840880959,-0.01478205674863596
LMT,5,0.01,2018-06-01,2018-06-08,254.1769256591797,258.73663330078125,hold_days,0.017939109263267916,0.016939109263267915,1,2018-05-31,0.020092032714808195,-0.0031529234515402793,0.023701886468664196,0.002884568289418304,0.02081731817924589,0.023701886468664196,0.005397069849004621,0.018304816619659575,0.023701886468664196,0.005397069849004621,0.018304816619659575,0.11150347403424493,0.019060532384193005,0.09244294165005193
LMT,5,0.01,2018-06-28,2018-07-06,237.00595092773438,240.17689514160156,hold_days,0.013379175507850505,0.012379175507850504,1,2018-06-27,0.014325173575916672,-0.0019459980680661682,0.017111738677791758,0.009199745685200572,0.007911992992591186,0.049421982015151064,0.027591734463677582,0.021830247551473482,0.08398765221538987,0.03309266918211857,0.0508949830332713,0.17152604042877218,0.03309266918211857,0.1384333712466536
LMT,5,0.01,2019-03-11,2019-03-18,249.47337341308594,243.93324279785156,hold_days,-0.022207302284163455,-0.023207302284163456,3,2019-03-08,0.016114878938471078,-0.039322181222634534,0.004447973741445748,0.0014223474758107704,0.0030256262656349776,0.01638329695441657,0.005040812929019821,0.011342484025396747,0.01638329695441657,0.005040812929019821,0.011342484025396747,0.01638329695441657,0.005040812929019821,0.011342484025396747
LMT,5,0.01,2019-03-28,2019-04-04,242.2613067626953,245.5968780517578,hold_days,0.013768485498717453,0.012768485498717452,1,2019-03-27,0.023879088077048305,-0.011110602578330853,0.011404241933166952,0.011346415653403158,5.782627976379413e-05,0.011404241933166952,0.011346415653403158,5.782627976379413e-05,0.04481883347580681,0.011346415653403158,0.033472417822403656,0.04481883347580681,0.011346415653403158,0.033472417822403656
LMT,5,0.01,2019-04-29,2019-05-06,269.2984619140625,275.1419372558594,hold_days,0.021698881234834655,0.020698881234834654,3,2019-04-26,-0.00961624091122082,0.030315122146055473,0.013539449883622908,-0.0005341244270354804,0.014073574310658388,0.013539449883622908,-0.0005341244270354804,0.014073574310658388,0.013539449883622908,-0.0005341244270354804,0.014073574310658388,0.013539449883622908,-0.0005341244270354804,0.014073574310658388
LMT,5,0.01,2019-05-17,2019-05-24,277.0023193359375,277.6497802734375,hold_days,0.0023373845354515144,0.0013373845354515143,2,2019-05-15,-0.00941430026804424,0.010751684803495754,0.009843409769798278,0.00682186953928121,0.0030215402305170678,0.009843409769798278,0.028136756060757356,-0.01829334629095908,0.009843409769798278,0.03207245209379668,-0.022229042323998402,0.009843409769798278,0.03207245209379668,-0.022229042323998402
LMT,5,0.01,2019-07-19,2019-07-26,294.443603515625,304.7544860839844,hold_days,0.03501819175301679,0.03401819175301679,1,2019-07-18,0.013320479540111396,0.020697712212905395,0.03380728375188077,0.006880248600968771,0.026927035150912004,0.03503499979497191,0.006880248600968771,0.028154751194003142,0.03623312616246432,0.006880248600968771,0.029352877561495547,0.03623312616246432,0.006880248600968771,0.029352877561495547
LMT,5,0.01,2019-08-26,2019-09-03,313.7124938964844,319.1435852050781,hold_days,0.0173123207212329,0.016312320721232898,3,2019-08-23,0.009803736808400965,0.006508583912831933,0.01440842200454055,0.01508942780648279,-0.0006810058019422385,0.01440842200454055,0.01692926431394037,-0.002520842309399819,0.01440842200454055,0.051202037549936734,-0.03679361554539618,0.01440842200454055,0.051202037549936734,-0.03679361554539618
LMT,5,0.01,2019-12-19,2019-12-23,319.81280517578125,327.1164245605469,resistance,0.02283716995243923,0.021837169952439228,1,2019-12-18,0.007613023705398181,0.014224146247041047,0.009666959335644256,-0.0019178057972044124,0.011584765132848668,0.009666959335644256,-0.0019178057972044124,0.011584765132848668,0.022177488770735266,-0.0019178057972044124,0.024095294567939678,0.022177488770735266,-0.0019178057972044124,0.024095294567939678
LMT,5,0.01,2021-01-11,2021-01-19,289.0977478027344,292.3680725097656,hold_days,0.011312176355184667,0.010312176355184666,3,2021-01-08,0.0037569640624055545,0.006555212292779111,0.03185277944049916,0.0013059402662498455,0.030546839174249316,0.048734751561960415,0.0013059402662498455,0.04742881129571057,0.06643415117803479,0.0013059402662498455,0.06512821091178495,0.12970451871003613,0.0013059402662498455,0.1283985784437863
LMT,5,0.01,2021-03-24,2021-03-31,307.2223815917969,318.76531982421875,hold_days,0.037571931356742194,0.03657193135674219,1,2021-03-23,0.02290010776466933,0.013671823592072863,0.006500585763273082,0.015121393152445033,-0.008620807389171951,0.006500585763273082,0.015121393152445033,-0.008620807389171951,0.006500585763273082,0.015121393152445033,-0.008620807389171951,0.006500585763273082,0.015121393152445033,-0.008620807389171951
LMT,5,0.01,2021-12-21,2021-12-29,300.57373046875,312.4812927246094,hold_days,0.039616110953173855,0.038616110953173854,1,2021-12-20,0.027695481943260214,0.01092062900991364,0.01408975174665434,0.0068917538140029315,0.007197997932651409,0.01408975174665434,0.007906340609504268,0.006183411137150072,0.01408975174665434,0.007906340609504268,0.006183411137150072,0.08699976732825164,0.011393314513791147,0.07560645281446049
LMT,5,0.01,2022-01-07,2022-01-14,317.658935546875,328.6667175292969,hold_days,0.03465283280469067,0.03365283280469067,1,2022-01-06,0.0007032525120747035,0.032949580292615965,0.0051104342397182475,0.005678355193268418,-0.0005679209535501707,0.0051104342397182475,0.005678355193268418,-0.0005679209535501707,0.0051104342397182475,0.005678355193268418,-0.0005679209535501707,0.03510302908953042,0.005678355193268418,0.029424673896262
LMT,5,0.01,2022-07-19,2022-07-26,348.87060546875,354.6168518066406,hold_days,0.01647099597333468,0.015470995973334678,1,2022-07-18,0.0007977560457461674,0.01467323992758851,0.05703032892109752,-0.01920477995329865,0.07623510887439618,0.08337832868733251,-0.01178638942874591,0.09516471811607842,0.09951089759727617,-0.003426112366674199,0.10293700996395037,0.14446629052034637,0.09577255856395571,0.048693731956390665
LMT,5,0.01,2022-08-24,2022-08-31,387.59326171875,377.9285583496094,hold_days,-0.024935168703096866,-0.025935168703096867,2,2022-08-22,-0.04029873472038137,0.014363566017284501,0.01784453374809601,0.02717560808833046,-0.00933107434023445,0.01784453374809601,0.028683116208819696,-0.010838582460723684,0.01784453374809601,0.028683116208819696,-0.010838582460723684,0.04950690665951414,0.028683116208819696,0.020823790450694445
LMT,5,0.01,2023-01-20,2023-01-27,401.25885009765625,416.0318298339844,hold_days,0.03681658294323675,0.03581658294323675,1,2023-01-19,0.016461400662140413,0.01935518228109634,0.03997924650441888,0.015789477390302915,0.024189769114115963,0.07082813247863942,0.015789477390302915,0.05503865508833651,0.09098740153593536,0.015789477390302915,0.07519792414563245,0.10670452783666975,0.021302101180284333,0.08540242665638542
LMT,5,0.01,2023-08-02,2023-08-09,411.3495178222656,415.2469482421875,hold_days,0.009474741676021248,0.008474741676021247,2,2023-07-31,-0.0003469638681451448,0.008821705544166392,0.009385813517523428,0.012175033965294664,-0.0027892204477712353,0.018038552716670438,0.012175033965294664,0.005863518751375774,0.04555593454201296,0.012175033965294664,0.033380900576718296,0.04555593454201296,0.012175033965294664,0.033380900576718296
LMT,5,0.01,2023-10-27,2023-11-03,409.32269287109375,418.5081787109375,hold_days,0.022440695323814985,0.021440695323814984,3,2023-10-24,0.056294786833866794,-0.03485409151005181,0.00960498167139293,0.03351694655637584,-0.02391196488498291,0.012889987682362596,0.05664915349305981,-0.04375916581069721,0.012889987682362596,0.05664915349305981,-0.04375916581069721,0.01808362890466945,0.0890978392604812,-0.07101421035581175
LMT,5,0.01,2024-04-10,2024-04-17,423.05755615234375,427.1222839355469,hold_days,0.009607978215000701,0.0086079782150007,1,2024-04-09,-0.022301068300074833,0.030909046515075533,0.0080592436084569,0.009549366044112257,-0.0014901224356553572,0.011099454957096936,0.02028459772212757,-0.009185142765030635,0.011099454957096936,0.02028459772212757,-0.009185142765030635,0.017608392070256686,0.02028459772212757,-0.0026762056518708846
LMT,5,0.01,2025-11-13,2025-11-20,444.3677978515625,456.4652099609375,hold_days,0.027223872134443106,0.026223872134443105,3,2025-11-10,-0.022372867992896506,0.04859674012733961,0.027872554149825344,0.00808716899612476,0.019785385153700583,0.07324959360516785,0.00808716899612476,0.06516242460904309,0.0989325281899106,0.00808716899612476,0.09084535919378585,0.11354622202346085,0.00808716899612476,0.10545905302733609
LMT,5,0.01,2025-12-19,2025-12-29,465.6963806152344,480.1741943359375,hold_days,0.031088525321103733,0.030088525321103732,1,2025-12-18,0.01143882152374509,0.01864970379735864,0.021241893785207532,0.010813419830632299,0.010428473954575234,0.021241893785207532,0.010816938035676604,0.010424955749530928,0.021241893785207532,0.010816938035676604,0.010424955749530928,0.07099857824469655,0.010816938035676604,0.06018164020901994
LMT,5,0.01,2026-05-11,2026-05-18,505.7899475097656,521.6473999023438,hold_days,0.03135185361166548,0.03035185361166548,3,2026-05-08,0.01429954391339372,0.01605230969827176,0.011386718660292847,0.010916085550959643,0.00047063310933320376,0.011386718660292847,0.011209787822606855,0.00017693083768599224,0.17337691854899356,0.011209787822606855,0.16216713072638672,0.24301755000716163,0.021670306513741487,0.22134724349342014
LMT,5,0.01,2026-08-06,2026-08-13,579.26708984375,594.3339233398438,hold_days,0.026010166571275084,0.025010166571275083,1,2026-08-05,0.008152736339654298,0.016857430231620785,0.01099557034284721,0.002835729986911039,0.008159840355936171,0.01099557034284721,0.002835729986911039,0.008159840355936171,0.01099557034284721,0.002835729986911039,0.008159840355936171,0.01099557034284721,0.002835729986911039,0.008159840355936171
MCD,5,0.01,2016-02-08,2016-02-16,89.222412109375,91.62883758544922,hold_days,0.026971087411582717,0.025971087411582716,3,2016-02-05,0.017756918867912086,0.00821416854367063,0.06869432163276332,0.04213547990366014,0.026558841729103173,0.06869432163276332,0.0432640411765312,0.025430280456232114,0.06869432163276332,0.04449157407597387,0.024202747556789445,0.06869432163276332,0.11774787075400525,-0.049053549121241935
MCD,5,0.01,2016-09-15,2016-09-22,91.33367156982422,92.29312133789062,hold_days,0.010504885564935451,0.00950488556493545,2,2016-09-13,0.016273013602447373,-0.006768128037511922,0.0002584684537373202,0.01593214971484393,-0.01567368126110661,0.009466971798576532,0.019438790505801697,-0.009971818707225164,0.009466971798576532,0.02309959694128042,-0.01363262514270389,0.08745843027251111,0.02309959694128042,0.06435883333123069
MCD,5,0.01,2016-10-06,2016-10-13,89.58784484863281,90.75961303710938,hold_days,0.01307954433390357,0.012079544333903569,1,2016-10-05,-0.014463319351389559,0.026542863685293128,0.012482916545110034,0.0003592794193854509,0.012123637125724583,0.029311788896527118,0.0010951685320701625,0.028216620364456955,0.029311788896527118,0.0010951685320701625,0.028216620364456955,0.10490149841206634,0.008289763992973754,0.09661173441909258
MCD,5,0.01,2016-12-05,2016-12-09,94.54036712646484,96.10166931152344,resistance,0.016514661752583093,0.015514661752583092,3,2016-12-02,0.028678140919903283,-0.013163479167320191,0.013153551301963938,-0.004611590406401132,0.01776514170836507,0.013153551301963938,-9.188072460510463e-05,0.013245432026569042,0.013153551301963938,-9.188072460510463e-05,0.013245432026569042,0.013153551301963938,-9.188072460510463e-05,0.013245432026569042
MCD,5,0.01,2017-01-05,2017-01-12,94.86531066894531,96.76737976074219,hold_days,0.020050206744534727,0.019050206744534726,1,2017-01-04,0.0031473915408113395,0.015902815203723386,0.02516508794746852,-0.0001274650327363161,0.025292552980204837,0.032492785432923825,0.00015030953195461838,0.032342475900969204,0.032492785432923825,0.00015030953195461838,0.032342475900969204,0.032492785432923825,0.00015030953195461838,0.032342475900969204
MCD,5,0.01,2017-03-14,2017-03-21,102.03026580810547,102.60508728027344,hold_days,0.0056338329378566865,0.0046338329378566865,1,2017-03-13,-0.006775062848302982,0.011408895786159667,0.002653463287903526,0.002932215849228254,-0.00027875256132472775,0.009686159343737767,0.01189659882720693,-0.002210439483469162,0.009686159343737767,0.01189659882720693,-0.002210439483469162,0.009686159343737767,0.01189659882720693,-0.002210439483469162
MCD,5,0.01,2017-11-13,2017-11-20,135.2567138671875,134.901123046875,hold_days,-0.002629006798595346,-0.003629006798595346,3,2017-11-10,0.0023989728552933354,-0.006027979653888681,0.01990966195988347,0.003712599129485989,0.01619706283039748,0.01990966195988347,0.003712599129485989,0.01619706283039748,0.01990966195988347,0.003712599129485989,0.01619706283039748,0.01990966195988347,0.003712599129485989,0.01619706283039748
MCD,5,0.01,2018-04-10,2018-04-17,133.1605987548828,132.9806365966797,hold_days,-0.0013514670246743687,-0.0023514670246743688,1,2018-04-09,0.019632389099210057,-0.021983856123884427,0.0071975454148312645,0.001453900895214045,0.00574364451961722,0.0071975454148312645,0.001453900895214045,0.00574364451961722,0.0071975454148312645,0.038653205563586486,-0.03145566014875522,0.08163413064605324,0.06291453421735878,0.01871959642869446
MCD,5,0.01,2018-09-19,2018-09-26,131.8689422607422,137.32000732421875,hold_days,0.041336989362501075,0.040336989362501074,1,2018-09-18,0.004463866733842803,0.03587312262865827,0.033750561408063415,-0.00314466313187651,0.03689522453993992,0.0356818868053375,-0.00314466313187651,0.03882654993721401,0.0356818868053375,-0.00314466313187651,0.03882654993721401,0.0356818868053375,-0.00314466313187651,0.03882654993721401
MCD,5,0.01,2018-10-12,2018-10-19,135.71287536621094,138.75320434570312,hold_days,0.022402656868687476,0.021402656868687475,1,2018-10-11,-0.00044650338424889746,0.021849160252936373,0.03538816388190887,0.042282386747085496,-0.006894222865176623,0.03538816388190887,0.05437376118174777,-0.018985597299838897,0.03538816388190887,0.05437376118174777,-0.018985597299838897,0.03538816388190887,0.05437376118174777,-0.018985597299838897
MCD,5,0.01,2019-02-13,2019-02-21,145.16026306152344,152.37863159179688,hold_days,0.04972689066576064,0.048726890665760636,1,2019-02-12,0.007549824860012322,0.041177065805748314,0.01152210078996371,-0.002265116818417358,0.013787217608381067,0.041920943260248575,-0.002265116818417358,0.044186060078665934,0.07055543098769612,-0.002265116818417358,0.07282054780611348,0.07617632780881017,0.010278868606118461,0.06589745920269172
MCD,5,0.01,2019-03-11,2019-03-18,151.89759826660156,154.3050537109375,resistance,0.015849200196770274,0.014849200196770274,3,2019-03-08,0.016114878938471078,-0.0012656787417008042,0.005218953517177548,0.0014223474758107704,0.003796606041366778,0.02145372903398306,0.005040812929019821,0.01641291610496324,0.02145372903398306,0.005040812929019821,0.01641291610496324,0.02741704391188021,0.005040812929019821,0.022376230982860387
MCD,5,0.01,2019-08-26,2019-09-03,183.01890563964844,184.17320251464844,hold_days,0.006306981625563424,0.005306981625563424,3,2019-08-23,0.009803736808400965,-0.004496755182837541,0.017217077833564343,0.01508942780648279,0.002127650027081554,0.017217077833564343,0.01692926431394037,0.00028781351962397367,0.01917239182119691,0.051202037549936734,-0.03202964572873983,0.01917239182119691,0.051202037549936734,-0.03202964572873983
MCD,5,0.01,2020-03-11,2020-03-18,161.7056427001953,117.93992614746094,hold_days,-0.2706505216634689,-0.2716505216634689,2,2020-03-09,-0.13494097659528104,-0.1367095450681879,0.09066765629558443,0.13002581780504885,-0.03935816150946442,0.09839100318937366,0.13002581780504885,-0.03163481461567519,0.12890653801302357,0.20210927761218025,-0.07320273959915669,0.12890653801302357,0.20210927761218025,-0.07320273959915669
MCD,5,0.01,2020-05-14,2020-05-21,150.67617797851562,158.98265075683594,hold_days,0.055127976364682585,0.054127976364682584,1,2020-05-13,0.04186611750726188,0.012261858857420704,0.03211377770807706,0.03432505483294246,-0.0022112771248654003,0.06477911052850556,0.03646191970905758,0.02831719081944798,0.06607385465418432,0.05066667800347522,0.0154071766507091,0.18234269453168905,0.17379090700466038,0.008551787527028676
MCD,5,0.01,2020-09-08,2020-09-15,185.76771545410156,193.41310119628906,hold_days,0.04115562127411998,0.04015562127411998,4,2020-09-04,0.014510241028272697,0.025645380245847282,0.012255378613831278,0.052507437503153835,-0.04025205888932255,0.012255378613831278,0.052507437503153835,-0.04025205888932255,0.012255378613831278,0.052507437503153835,-0.04025205888932255,0.012255378613831278,0.052507437503153835,-0.04025205888932255
MCD,5,0.01,2020-11-23,2020-12-01,188.7423858642578,189.1117401123047,hold_days,0.001956922640113934,0.0009569226401139339,3,2020-11-20,0.01503326110685177,-0.014076338466737837,-0.001245828284373601,0.0018362718983517747,-0.0030821001827253756,0.00467839146567927,0.0018362718983517747,0.0028421195673274955,0.032416124660048874,0.0018362718983517747,0.0305798527616971,0.05504256556416982,0.0018362718983517747,0.05320629366581804
MCD,5,0.01,2021-05-13,2021-05-20,202.27423095703125,204.39581298828125,hold_days,0.010488642182506558,0.009488642182506557,1,2021-05-12,0.002488604098606295,0.007000038083900262,0.030956056537439307,0.021587832542202538,0.00936822399523677,0.030956056537439307,0.021587832542202538,0.00936822399523677,0.030956056537439307,0.021587832542202538,0.00936822399523677,0.030956056537439307,0.021587832542202538,0.00936822399523677
MCD,5,0.01,2021-08-11,2021-08-18,208.50784301757812,210.74737548828125,hold_days,0.01074075890044246,0.009740758900442459,1,2021-08-10,-0.01605937627172971,0.025800135172172167,0.003679630180652365,-0.004792649225139499,0.008472279405791865,0.03471032416053705,-0.004792649225139499,0.03950297338567655,0.04383995857619671,-0.004792649225139499,0.04863260780133621,0.04383995857619671,-0.004792649225139499,0.04863260780133621
MCD,5,0.01,2021-09-21,2021-09-23,214.05665588378906,217.86607360839844,resistance,0.01779630588397829,0.01679630588397829,1,2021-09-20,0.024794728761262208,-0.007998422877283917,0.011142920704309224,0.030029996229918355,-0.01888707552560913,0.011142920704309224,0.033449041554454835,-0.022306120850145612,0.011142920704309224,0.04273516058118234,-0.03159223987687312,0.018394617704477548,0.04273516058118234,-0.024340542876704792
MCD,5,0.01,2021-11-12,2021-11-19,223.10850524902344,224.24769592285156,hold_days,0.005105993931323383,0.004105993931323383,1,2021-11-11,-0.00896816236103637,0.013074156292359751,0.01586110039433835,0.0032236383688414097,0.01263746202549694,0.01586110039433835,0.0032236383688414097,0.01263746202549694,0.01586110039433835,0.0032236383688414097,0.01263746202549694,0.01586110039433835,0.0032236383688414097,0.01263746202549694
MCD,5,0.01,2022-02-28,2022-03-07,220.2836151123047,201.88836669921875,hold_days,-0.0835071115194278,-0.0845071115194278,4,2022-02-24,-0.0241601053732744,-0.060347006146153404,0.025992720839926958,0.0019758313876860334,0.024016889452240925,0.03538314343801936,0.018154372363657467,0.017228771074361895,0.06156907342951111,0.040712926027730925,0.020856147401780184,0.08735355797917739,0.046348426086601155,0.041005131892576235
MCD,5,0.01,2022-08-11,2022-08-18,234.63528442382812,241.24142456054688,hold_days,0.028154930546532286,0.027154930546532285,3,2022-08-08,0.020138127280146634,0.007016803266385652,0.007958431053822617,-0.0045405861527514045,0.012499017206574021,0.018733523310877728,-0.0045405861527514045,0.023274109463629133,0.018733523310877728,-0.0045405861527514045,0.023274109463629133,0.018733523310877728,0.003249929640429076,0.015483593670448652
MCD,5,0.01,2023-03-10,2023-03-17,241.14901733398438,245.906982421875,hold_days,0.019730393847307237,0.018730393847307236,1,2023-03-09,-0.0014287675276437595,0.020159161374950996,0.031813473807070544,0.044597924251262216,-0.012784450444191672,0.031813473807070544,0.044597924251262216,-0.012784450444191672,0.031813473807070544,0.06331654933902701,-0.03150307553195647,0.04727456166119659,0.07371826189153953,-0.02644370023034294
MCD,5,0.01,2023-06-27,2023-07-05,269.50946044921875,274.6905822753906,hold_days,0.019224266998034034,0.018224266998034033,1,2023-06-26,0.014469586353169861,0.0037546806448641723,0.010933141088825317,0.00437855089995155,0.006554590188873767,0.010933141088825317,0.017140517157072942,-0.006207376068247625,0.010933141088825317,0.017140517157072942,-0.006207376068247625,0.01752554840346119,0.017140517157072942,0.00038503124638824757
MCD,5,0.01,2023-08-24,2023-08-31,261.22900390625,261.51727294921875,hold_days,0.0011035108608086208,0.0001035108608086208,3,2023-08-21,0.02686792348466871,-0.02676441262386009,-0.0017029044866243828,0.011700096958764495,-0.013403001445388878,0.022367690258764505,0.03047208077818592,-0.008104390519421415,0.04349742212170446,0.03919523323431667,0.004302188887387787,0.053818570904315764,0.03919523323431667,0.014623337669999091
MCD,5,0.01,2024-01-08,2024-01-16,273.1434631347656,272.3855285644531,hold_days,-0.002774858902402255,-0.003774858902402255,3,2024-01-05,-0.010001354156418452,0.006226495254016196,0.017304291229705143,0.0010328931288767472,0.016271398100828397,0.017304291229705143,0.0010328931288767472,0.016271398100828397,0.017304291229705143,0.0010328931288767472,0.016271398100828397,0.017304291229705143,0.0010328931288767472,0.016271398100828397
MCD,5,0.01,2024-03-04,2024-03-11,273.79412841796875,277.4454650878906,hold_days,0.013336066375929878,0.012336066375929877,3,2024-03-01,0.004129381963630996,0.008206684412298881,0.01522848991441013,0.003477730485729809,0.011750759428680322,0.01731210118666017,0.003477730485729809,0.013834370700930361,0.01731210118666017,0.003477730485729809,0.013834370700930361,0.026402327600604365,0.003477730485729809,0.022924597114874556
MCD,5,0.01,2024-05-08,2024-05-15,252.6671600341797,257.7301025390625,hold_days,0.020037991894941598,0.019037991894941597,1,2024-05-07,0.017447063021009734,0.0015909288739318628,0.021645020366153546,-0.0023051502010668816,0.023950170567220427,0.029846518284095437,-0.0023051502010668816,0.03215166848516232,0.03030204541514994,-0.0023051502010668816,0.03260719561621682,0.09313993682843796,0.00537904602630197,0.08776089080213599
MCD,5,0.01,2024-09-19,2024-09-26,279.9476013183594,289.2839660644531,hold_days,0.03335040093976849,0.03235040093976849,1,2024-09-18,0.0033975405663668745,0.028952860373401612,0.009572250256181697,-0.010881745347118096,0.020453995603299795,0.009572250256181697,-0.010881745347118096,0.020453995603299795,0.009572250256181697,-0.004137655981394837,0.013709906237576534,0.009572250256181697,-0.004137655981394837,0.013709906237576534
MCD,5,0.01,2025-01-17,2025-01-27,269.26800537109375,280.9032287597656,hold_days,0.043210567748799944,0.04221056774879994,1,2025-01-16,0.023170519417763602,0.01904004833103634,0.009448960156343934,-0.007967076450933298,0.01741603660727723,0.04691644685895966,-0.007967076450933298,0.05488352330989296,0.05110103856100404,-0.007967076450933298,0.059068115011937344,0.1024166075288419,0.008510282219479628,0.09390632530936227
MCD,5,0.01,2025-06-26,2025-07-03,276.8955993652344,285.0871887207031,hold_days,0.02958367476495627,0.02858367476495627,1,2025-06-25,0.032849188502273696,-0.004265513737317428,0.020036337212442006,-0.007401392039848642,0.027437729252290648,0.0578242008553949,-0.005726253484030749,0.06355045433942565,0.08651011660208462,-0.005726253484030749,0.09223637008611536,0.10578097016587566,-0.005726253484030749,0.11150722364990641
MCD,5,0.01,2025-12-19,2025-12-29,309.7677917480469,302.5983581542969,hold_days,-0.02314454176559888,-0.02414454176559888,3,2025-12-16,0.01143882152374509,-0.03558336328934397,0.011919398169049923,0.010813419830632299,0.0011059783384176243,0.011919398169049923,0.010816938035676604,0.0011024601333733189,0.011919398169049923,0.010816938035676604,0.0011024601333733189,0.011919398169049923,0.010816938035676604,0.0011024601333733189
MCD,5,0.01,2026-07-24,2026-07-31,262.89141845703125,268.72991943359375,hold_days,0.022208792553328527,0.021208792553328526,1,2026-07-23,0.014810865004361462,0.006397927548967064,0.011019231246113844,-0.007093396229529194,0.018112627475643038,0.035833889132200515,-2.2059741858459703e-05,0.03585594887405898,0.06183328140309867,-2.2059741858459703e-05,0.06185534114495713,0.09208188902551605,-2.2059741858459703e-05,0.0921039487673745
MRK,5,0.01,2015-07-01,2015-07-09,38.86061096191406,38.71218490600586,hold_days,-0.0038194473075492397,-0.00481944730754924,1,2015-06-30,-0.009996672687914043,0.005177225380364804,0.015216612061075255,0.014379352717344304,0.0008372593437309516,0.02422522173638722,0.02107427144676756,0.003150950289619661,0.038944667795924204,0.02107427144676756,0.017870396349156645,,,
MRK,5,0.01,2016-01-21,2016-01-28,34.949058532714844,33.76853561401367,hold_days,-0.03377838969814073,-0.03477838969814073,1,2016-01-20,0.013497038511164794,-0.048275428209305526,0.01698837920699295,0.030760742549668044,-0.013772363342675096,0.02861496018160285,0.06312655095722255,-0.0345115907756197,0.04536933031853373,0.10370816173033884,-0.05833883141180511,0.075093904607436,0.11094968566895969,-0.03585578106152369
MRK,5,0.01,2016-11-04,2016-11-11,41.357948303222656,44.9649772644043,hold_days,0.08721489119179959,0.08621489119179959,1,2016-11-03,0.04179262929074379,0.044422261901055804,0.00809453576064803,0.016707072332703347,-0.008612536572055317,0.050524658668414914,0.024117378450464865,0.02640728021795005,0.07949924295855515,0.025423688115794582,0.05407555484276057,0.07949924295855515,0.03376694621143617,0.045732296747118976
MRK,5,0.01,2017-02-13,2017-02-21,45.89101028442383,46.394073486328125,hold_days,0.010962129593277803,0.009962129593277802,3,2017-02-10,0.01934826191639827,-0.009386132323120466,0.002617723131381861,-0.005802797207363627,0.008420520338745487,0.002617723131381861,-0.005802797207363627,0.008420520338745487,0.002617723131381861,-0.005802797207363627,0.008420520338745487,0.002617723131381861,-0.005802797207363627,0.008420520338745487
MRK,5,0.01,2017-10-31,2017-11-07,39.889705657958984,40.25175094604492,hold_days,0.009076158425192604,0.008076158425192603,1,2017-10-30,0.009238932224811869,-0.0011627737996192655,0.12708025820170057,0.006641312104390962,0.12043894609730961,0.13760167781277344,0.006641312104390962,0.1309603657083825,0.14721389635165802,0.006641312104390962,0.14057258424726707,0.16732153031294184,0.006641312104390962,0.16068021820855088
MRK,5,0.01,2017-11-21,2017-11-29,39.295963287353516,40.085208892822266,hold_days,0.020084648382261427,0.019084648382261427,1,2017-11-20,0.012122261123113098,0.006962387259148328,0.01684783189638059,-0.0069650035674562755,0.023812835463836862,0.040827224518588646,-0.00563325942376466,0.0464604839423533,0.14007332065465014,-0.00563325942376466,0.1457065800784148,0.17971561746874623,-0.00563325942376466,0.1853488768925109
MRK,5,0.01,2018-02-09,2018-02-16,40.0683708190918,41.10530090332031,hold_days,0.025879017864495646,0.024879017864495645,1,2018-02-08,0.05088835665751801,-0.026009338793022363,0.06301219093254956,0.0519136072022412,0.011098583730308358,0.11557048772404427,0.08668605178372452,0.028884435940319753,0.1159979656566964,0.08668605178372452,0.029311913872971884,0.1159979656566964,0.08668605178372452,0.029311913872971884
MRK,5,0.01,2018-03-02,2018-03-09,39.69594192504883,40.26552200317383,hold_days,0.014348571932124576,0.013348571932124575,1,2018-03-01,0.037793338149261,-0.024444766217136427,0.03032470259000574,0.040097654520203606,-0.009772951930197865,0.03428655057376413,0.040097654520203606,-0.005811103946439473,0.09188083994398419,0.04388046528002263,0.04800037466396156,0.12421461867382733,0.05877267915544811,0.06544193951837922
MRK,5,0.01,2018-04-20,2018-04-27,43.33578872680664,43.807247161865234,hold_days,0.01087919359286893,0.009879193592868929,1,2018-04-19,-0.007315783892672401,0.01719497748554133,0.00742382123345505,0.012747684556231861,-0.005323863322776811,0.00742382123345505,0.012747684556231861,-0.005323863322776811,0.00742382123345505,0.012747684556231861,-0.005323863322776811,0.043448742630654326,0.05669749969384698,-0.013248757063192652
MRK,5,0.01,2018-10-26,2018-11-02,52.61593246459961,54.01353073120117,hold_days,0.026562263579418266,0.025562263579418265,1,2018-10-25,0.02479264716841767,0.0007696164110005954,0.02990202418733697,0.04092056553220205,-0.01101854134486508,0.02990202418733697,0.05560462243785385,-0.025702598250516878,0.02990202418733697,0.09347426927343944,-0.06357224508610246,0.02990202418733697,0.09347426927343944,-0.06357224508610246
MRK,5,0.01,2019-04-22,2019-04-29,55.662967681884766,58.17864227294922,hold_days,0.04519476225992114,0.04419476225992114,4,2019-04-18,0.009688992665367602,0.03450576959455354,0.07516023709118991,0.00016995591854245096,0.07499028117264746,0.09476257863986022,0.00016995591854245096,0.09459262272131777,0.11812754343346558,0.00016995591854245096,0.11795758751492313,0.11812754343346558,0.00016995591854245096,0.11795758751492313
MRK,5,0.01,2020-01-27,2020-02-03,66.56621551513672,67.52490234375,hold_days,0.014402002895827604,0.013402002895827603,3,2020-01-24,-0.001936577529914052,0.015338580425741655,0.053534565482313015,0.029561259354307725,0.02397330612800529,0.059427685724117295,0.029561259354307725,0.02986642636980957,0.06453720577439512,0.029561259354307725,0.03497594642008739,0.06453720577439512,0.029561259354307725,0.03497594642008739
MRK,5,0.01,2020-09-10,2020-09-17,65.66178131103516,67.77761840820312,hold_days,0.03222326679115506,0.031223266791155058,2,2020-09-08,0.010648527790799944,0.020574739000355113,0.03865198480282104,0.05147697673917699,-0.012824991936355952,0.03865198480282104,0.05147697673917699,-0.012824991936355952,0.03865198480282104,0.05147697673917699,-0.012824991936355952,0.03865198480282104,0.05147697673917699,-0.012824991936355952
MRK,5,0.01,2021-01-15,2021-01-25,66.51009368896484,64.73128509521484,hold_days,-0.026744941934206512,-0.027744941934206513,1,2021-01-14,0.0065233986246175935,-0.034268340558824106,0.019058877885159503,0.010056512208041789,0.009002365677117714,0.019058877885159503,0.010056512208041789,0.009002365677117714,0.019058877885159503,0.010056512208041789,0.009002365677117714,0.019058877885159503,0.010056512208041789,0.009002365677117714
MRK,5,0.01,2021-08-11,2021-08-18,63.970359802246094,66.164794921875,hold_days,0.03430393586049285,0.03330393586049285,1,2021-08-10,-0.01605937627172971,0.04936331213222256,0.005027122658161711,-0.004792649225139499,0.00981977188330121,0.03983142157854639,-0.004792649225139499,0.04462407080368589,0.03983142157854639,-0.004792649225139499,0.04462407080368589,0.04312985048481311,-0.004792649225139499,0.04792249970995261
MRK,5,0.01,2021-09-20,2021-09-27,61.728824615478516,62.9560432434082,hold_days,0.019880803426507443,0.018880803426507442,3,2021-09-17,0.026414630284895102,-0.00753382685838766,0.012085918477911154,0.029056149578844174,-0.01697023110093302,0.0606441924171612,0.04052562737328549,0.020118565043875714,0.07759754151279366,0.04177406987277312,0.03582347164002054,0.07935265031499283,0.04177406987277312,0.03757858044221971
MRK,5,0.01,2021-12-09,2021-12-16,62.52693557739258,65.7624282836914,hold_days,0.05174558254648676,0.050745582546486756,2,2021-12-07,0.005196650770987743,0.04554893177549901,0.013939490484560519,0.003296894715380348,0.01064259576918017,0.11448694187790738,0.005493761257275583,0.10899318062063179,0.13375339962606358,0.009679151241215793,0.12407424838484779,0.19527284081720422,0.009679151241215793,0.18559368957598843
MRK,5,0.01,2022-06-14,2022-06-22,74.4596939086914,78.56600952148438,hold_days,0.05514816670920597,0.05414816670920597,1,2022-06-13,-0.002379206512697185,0.056527373221903154,0.058449179928053166,0.09496163395304116,-0.036512454024988,0.07430676495497437,0.09496163395304116,-0.02065486899806679,0.09983581444052625,0.09496163395304116,0.004874180487485086,0.09983581444052625,0.1407477755428047,-0.04091196110227846
MRK,5,0.01,2022-08-05,2022-08-12,77.02395629882812,80.20501708984375,hold_days,0.04129962863338443,0.04029962863338443,1,2022-08-04,0.036804728960396105,0.0034948996729883275,0.02160274936682265,0.0007650578812397749,0.020837691485582874,0.04250178896348238,0.0007650578812397749,0.04173673108224261,0.07950697375528051,0.0007650578812397749,0.07874191587404074,0.07950697375528051,0.0238386677071295,0.05566830604815101
MRK,5,0.01,2023-01-19,2023-01-26,98.26919555664062,95.55985260009766,hold_days,-0.02757062313572467,-0.02857062313572467,1,2023-01-18,0.031589320313945235,-0.060159943449669906,0.02093539096674073,0.03183417442510847,-0.010898783458367738,0.04301617884069523,0.03183417442510847,0.011182004415586762,0.04301617884069523,0.03183417442510847,0.011182004415586762,0.04301617884069523,0.03725693087822929,0.005759247962465942
MRK,5,0.01,2023-04-27,2023-05-04,103.68842315673828,105.67827606201172,hold_days,0.01919069501390247,0.01819069501390247,1,2023-04-26,-0.02607361757210791,0.04426431258601038,0.011756554108035083,0.011935150287054075,-0.00017859617901899195,0.011756554108035083,0.014718297797382256,-0.0029617436893471724,0.011756554108035083,0.014718297797382256,-0.0029617436893471724,0.011756554108035083,0.028864474557242382,-0.0171079204492073
MRK,5,0.01,2023-07-18,2023-07-25,96.03324127197266,97.46534729003906,hold_days,0.014912607333648076,0.013912607333648075,1,2023-07-17,0.0195324801740151,-0.005619872840367024,0.0252989415578266,-0.0019314245502707736,0.027230366108097374,0.07329643727752724,-0.0019314245502707736,0.07522786182779802,0.08180948599572375,-0.0019314245502707736,0.08374091054599453,0.09902103394127892,-0.0019314245502707736,0.1009524584915497
MRK,5,0.01,2023-11-13,2023-11-20,93.51214599609375,93.70377349853516,hold_days,0.0020492258027038357,0.0010492258027038357,3,2023-11-10,0.03051356148128148,-0.029464335678577647,0.018486621893467954,0.0003897215971411808,0.018096900296326775,0.018486621893467954,0.0003897215971411808,0.018096900296326775,0.02918052614466186,0.002112526847670681,0.02706799929699118,0.0730585830547503,0.03424738994593511,0.03881119310881519
MRK,5,0.01,2024-05-06,2024-05-13,118.00469970703125,119.59571838378906,hold_days,0.013482672136853946,0.012482672136853945,3,2024-05-03,0.011265661708903085,0.0012170104279508598,0.019597263842359835,-0.005702103884344322,0.02529936772670416,0.02766755184090551,-0.005702103884344322,0.03336965572524983,0.02766755184090551,-0.002004231693463593,0.029671783534369105,0.03319437777879595,0.008856226365529527,0.024338151413266423
MRK,5,0.01,2024-05-31,2024-06-07,116.12691497802734,120.87224578857422,hold_days,0.040863315894035024,0.03986331589403502,1,2024-05-30,0.0058575884440741355,0.03400572744996089,0.04233721260182372,0.00023395506070204023,0.04210325754112168,0.04306716943666716,0.017956930248038218,0.025110239188628945,0.046989929427981844,0.017956930248038218,0.029032999179943626,0.04857895854404766,0.017956930248038218,0.03062202829600944
MRK,5,0.01,2024-09-12,2024-09-19,107.24624633789062,109.8185806274414,hold_days,0.023985308366377467,0.022985308366377466,1,2024-09-11,0.020890125516311864,0.0020951828500656022,0.028164264186492066,-0.005121085001646951,0.03328534918813902,0.028164264186492066,0.016409669479802748,0.011754594706689318,0.028164264186492066,0.016409669479802748,0.011754594706689318,0.13319794914725291,0.016409669479802748,0.11678827966745017
MRK,5,0.01,2024-10-10,2024-10-17,102.48361206054688,102.81148529052734,hold_days,0.0031992747268387856,0.0021992747268387855,2,2024-10-08,0.014145603944144991,-0.011946329217306206,0.007889697999675765,0.004113704327494902,0.003775993672180863,0.046539970526119134,0.00560590169043748,0.04093406883568165,0.07788267808587333,0.00560590169043748,0.07227677639543585,0.1381128420348052,0.00560590169043748,0.13250694034436772
MRK,5,0.01,2025-02-18,2025-02-25,78.64888000488281,86.33529663085938,hold_days,0.09773078301304938,0.09673078301304938,4,2025-02-14,-0.0038579448718105702,0.10058872788485995,0.037554964963774334,-0.004398285962784174,0.04195325092655851,0.16534717508756286,-0.004257729975598789,0.16960490506316164,0.16534717508756286,0.00014221872108686906,0.165204956366476,0.19109048600095496,0.00014221872108686906,0.1909482672798681
MRK,5,0.01,2026-01-02,2026-01-09,104.29724884033203,108.29474639892578,hold_days,0.03832792909728133,0.03732792909728133,2,2025-12-31,0.028554354288202966,0.008773574809078366,0.0030905366062684804,0.0027391966578398483,0.00035133994842863206,0.0030905366062684804,0.0027391966578398483,0.00035133994842863206,0.0030905366062684804,0.0027391966578398483,0.00035133994842863206,0.0030905366062684804,0.0027391966578398483,0.00035133994842863206
MRK,5,0.01,2026-03-23,2026-03-30,114.1800765991211,116.5687026977539,hold_days,0.02091981517072483,0.01991981517072483,3,2026-03-20,-0.014275299732664837,0.03419511490338967,0.001639850269435898,0.016292704454778924,-0.014652854185343026,0.004894470338984459,0.023293102469999195,-0.018398632131014735,0.05965622291317355,0.045219104069240096,0.014437118843933457,0.05965622291317355,0.05142021796303421,0.00823600495013934
MRK,5,0.01,2026-05-18,2026-05-26,111.10053253173828,118.1677017211914,hold_days,0.06361057889109789,0.06261057889109789,3,2026-05-15,0.00846718773690891,0.05414339115418898,0.007844829876864357,-0.005994237198678896,0.013839067075543252,0.0088058836033606,-0.003227363317735787,0.012033246921096388,0.038770334718833684,-0.002929461237557693,0.041699795956391374,0.08621535273422504,0.007680638099957694,0.07853471463426734
MSFT,5,0.01,2015-08-12,2015-08-19,40.131126403808594,40.28340148925781,hold_days,0.003794438359815633,0.002794438359815633,1,2015-08-11,-0.00412911221443546,0.0069235505742510925,0.017654081375864387,0.008347477333760303,0.009306604042104084,0.017654081375864387,0.008347477333760303,0.009306604042104084,0.017654081375864387,0.014142721767859193,0.0035113596080051934,,,
MSFT,5,0.01,2015-09-29,2015-10-06,37.54368209838867,40.4044075012207,hold_days,0.07619725191937987,0.07519725191937987,1,2015-09-28,0.05366230734532795,0.021534944574051917,0.011379056689459937,0.026441117170839818,-0.01506206048137988,0.01941316339691502,0.05077379822025349,-0.03136063482333847,0.01941316339691502,0.05077379822025349,-0.03136063482333847,0.08102379719395211,0.10480806078076489,-0.02378426358681278
MSFT,5,0.01,2015-11-17,2015-11-24,46.088706970214844,47.2024040222168,hold_days,0.024164206922135723,0.02316420692213572,4,2015-11-13,0.02082843168976556,0.002335775232370163,0.008238142140889231,0.011859362148629465,-0.0036212200077402334,0.029004776907536244,0.021997259368511893,0.007007517539024351,0.029004776907536244,0.021997259368511893,0.007007517539024351,0.029004776907536244,0.021997259368511893,0.007007517539024351
MSFT,5,0.01,2016-03-21,2016-03-29,47.19955062866211,47.94443130493164,hold_days,0.015781520509163594,0.014781520509163593,3,2016-03-18,-0.0005238071928953536,0.015305327702058946,0.014636061143301567,-0.0017025104658114033,0.01633857160911297,0.014636061143301567,-0.0017025104658114033,0.01633857160911297,0.014636061143301567,-0.0017025104658114033,0.01633857160911297,0.040729989505701156,0.007920619171076693,0.032809370334624464
MSFT,5,0.01,2016-04-12,2016-04-19,47.8918571472168,49.41667556762695,hold_days,0.03183878244109328,0.030838782441093282,1,2016-04-11,0.02647794119038216,0.004360841250711123,0.008526808299191932,-0.0019448241913347008,0.010471632490526633,0.016555653568319565,0.0003538493084158042,0.016201804259903762,0.016555653568319565,0.0003538493084158042,0.016201804259903762,0.016555653568319565,0.0003538493084158042,0.016201804259903762
MSFT,5,0.01,2016-05-06,2016-05-13,44.158660888671875,44.763343811035156,hold_days,0.013693416199547892,0.012693416199547891,3,2016-05-03,-0.003005227114276421,0.015698643313824312,0.004346721036875783,0.013362299149443105,-0.009015578112567322,0.03300710764244898,0.020825660648193772,0.012181446994255204,0.10750967127532542,0.022940986815361906,0.08456868445996352,0.10750967127532542,0.022940986815361906,0.08456868445996352
MSFT,5,0.01,2016-09-13,2016-09-20,50.19678497314453,50.44541931152344,hold_days,0.004953192490553482,0.003953192490553482,4,2016-09-09,0.005092465811456837,-0.0011392733209033548,0.019597637340146516,0.026972865082595707,-0.0073752277424491905,0.02702243467361281,0.027349827346602712,-0.00032739267298990266,0.02819333853696666,0.03060554396374222,-0.00241220542677556,0.02819333853696666,0.03060554396374222,-0.00241220542677556
MSFT,5,0.01,2016-10-14,2016-10-21,50.98707580566406,52.976139068603516,hold_days,0.03901112647684912,0.03801112647684912,1,2016-10-13,0.006832928323701415,0.031178198153147707,0.010682605343293747,0.014469468693689687,-0.0037868633503959394,0.010682605343293747,0.015092907081784393,-0.0044103017384906455,0.010682605343293747,0.015817949981460883,-0.0051353446381671355,0.01289335675633001,0.022906504853460723,-0.010013148097130713
MSFT,5,0.01,2017-01-20,2017-01-24,56.087425231933594,56.78471755981445,resistance,0.012432239936089218,0.011432239936089217,1,2017-01-19,0.004666002399229985,0.006766237536859232,-0.0006379644808817549,0.001554055773573845,-0.0021920202544556,0.007121412324418529,0.00192432780365772,0.005197084520760809,0.012746086080347378,0.00192432780365772,0.010821758276689658,0.01383212307454561,0.00192432780365772,0.011907795270887889
MSFT,5,0.01,2017-12-27,2018-01-04,78.33271789550781,79.6121826171875,hold_days,0.016333720520031347,0.015333720520031346,1,2017-12-26,0.01508856327291963,0.0002451572471117158,0.0013978371844532338,0.0008562594837431906,0.0005415777007100432,0.013125611436302684,0.0008562594837431906,0.012269351952559493,0.013125611436302684,0.0008562594837431906,0.012269351952559493,0.013125611436302684,0.0008562594837431906,0.012269351952559493
MSFT,5,0.01,2019-03-08,2019-03-15,103.18527221679688,108.22737884521484,hold_days,0.04886459588752423,0.04786459588752423,1,2019-03-07,0.02617912486981755,0.02168547101770668,0.017951304407430653,0.018014653278880213,-6.334887144955961e-05,0.017951304407430653,0.018014653278880213,-6.334887144955961e-05,0.017951304407430653,0.018014653278880213,-6.334887144955961e-05,0.017951304407430653,0.018014653278880213,-6.334887144955961e-05
MSFT,5,0.01,2019-09-11,2019-09-18,127.99308776855469,130.24981689453125,hold_days,0.017631648437588465,0.016631648437588464,1,2019-09-10,0.0043539681605200276,0.012277680277068437,0.028061595747836468,-0.008748788783513598,0.03681038453135006,0.028061595747836468,-0.008748788783513598,0.03681038453135006,0.028061595747836468,-0.008748788783513598,0.03681038453135006,0.03372500077468756,0.004706661184362843,0.02901833959032472
MSFT,5,0.01,2020-05-14,2020-05-21,170.7944793701172,174.0214385986328,hold_days,0.018893814603472725,0.017893814603472724,1,2020-05-13,0.04186611750726188,-0.023972302903789156,0.03325485551793415,0.03432505483294246,-0.001070199315008312,0.03325485551793415,0.03646191970905758,-0.003207064191123432,0.03325485551793415,0.05066667800347522,-0.017411822485541073,0.036042519864874244,0.17379090700466038,-0.13774838713978613
MSFT,5,0.01,2020-07-27,2020-08-03,193.39404296875,205.43316650390625,hold_days,0.062251780615091734,0.06125178061509173,3,2020-07-24,-0.004887070104497515,0.06613885071958925,0.03730817880830668,0.009400826538164651,0.02790735227014203,0.03730817880830668,0.009400826538164651,0.02790735227014203,0.04885232469716683,0.009400826538164651,0.039451498159002174,0.04885232469716683,0.02032375581583526,0.028528568881331567
MSFT,5,0.01,2022-09-29,2022-10-06,229.84420776367188,238.83470153808594,hold_days,0.03911559861303182,0.03811559861303182,2,2022-09-27,0.0323398995268398,0.005775699086192021,0.014808994307986165,0.03374648098173808,-0.01893748667375192,0.032113530891004015,0.06556592714195833,-0.033452396250954315,0.10931924586423422,0.11073923989049508,-0.0014199940262608624,0.18900006428529664,0.1441655793474211,0.044834484937875535
MSFT,5,0.01,2022-10-12,2022-10-19,218.47293090820312,228.85707092285156,hold_days,0.04753055662997263,0.04653055662997263,1,2022-10-11,0.04097867236443187,0.005551884265540763,0.0941012547576343,0.03735893087404911,0.05674232388358519,0.0941012547576343,0.038596369774801145,0.05550488498283315,0.1049481448067103,0.07427733430068842,0.030670810506021884,0.2291233499164991,0.14184389072924336,0.08727945918725574
MSFT,5,0.01,2022-12-20,2022-12-28,234.66506958007812,227.60955810546875,hold_days,-0.030066304658102228,-0.03106630465810223,1,2022-12-19,-0.0017623964134541037,-0.029303908244648125,0.05994857868889716,0.04145018252934116,0.018498396159555994,0.05994857868889716,0.04145018252934116,0.018498396159555994,0.05994857868889716,0.055631728798629654,0.004316849890267503,0.05994857868889716,0.055631728798629654,0.004316849890267503
MSFT,5,0.01,2023-03-21,2023-03-28,266.36700439453125,267.77764892578125,hold_days,0.005295868136732995,0.004295868136732995,1,2023-03-20,-0.006656745945956111,0.010952614082689105,0.02021926183226775,-0.011379172306330074,0.03159843413859782,0.02021926183226775,0.007172216324733269,0.01304704550753448,0.02021926183226775,0.02228540366335941,-0.0020661418310916613,0.02021926183226775,0.05208581951323886,-0.03186655768097111
MSFT,5,0.01,2023-08-04,2023-08-11,319.6019287109375,313.0008239746094,hold_days,-0.020654145495781595,-0.021654145495781596,1,2023-08-03,0.0068631595711985405,-0.028517305066980136,0.0312969050516651,0.01682935027608217,0.014467554775582932,0.0661005273335524,0.01682935027608217,0.04927117705747023,0.088208173822028,0.01682935027608217,0.07137882354594582,0.088208173822028,0.01682935027608217,0.07137882354594582
MSFT,5,0.01,2024-11-01,2024-11-08,403.9881896972656,415.96893310546875,hold_days,0.029656172417270588,0.028656172417270587,1,2024-10-31,0.028203284997365685,0.00045288741990490156,0.05123347886277756,0.0025148360404404413,0.048718642822337115,0.05123347886277756,0.022132912875086112,0.029100565987691444,0.05123347886277756,0.022886176474647305,0.02834730238813025,0.0645559517066985,0.022886176474647305,0.041669775232051204
MSFT,5,0.01,2025-09-08,2025-09-12,494.1344299316406,505.73895263671875,resistance,0.023484545909264964,0.022484545909264964,3,2025-09-05,0.0016221322634353275,0.020862413645829636,0.01923342973136157,0.003741269249260561,0.015492160482101006,0.022447228272301126,0.003741269249260561,0.018705959023040564,0.057102554892786,0.003741269249260561,0.053361285643525436,0.06836868344667403,0.003741269249260561,0.06462741419741347
MSFT,5,0.01,2025-09-26,2025-09-30,507.28619384765625,513.7232666015625,resistance,0.012689233083759799,0.011689233083759798,1,2025-09-25,0.003824337839483327,0.00786489524427647,0.01249198599515524,0.0014227746217413415,0.0110692113734139,0.01249198599515524,0.0014227746217413415,0.0110692113734139,0.01249198599515524,0.0014227746217413415,0.0110692113734139,0.04357260693411204,0.0014227746217413415,0.0421498323123707
MSFT,5,0.01,2025-12-16,2025-12-23,473.38677978515625,483.78082275390625,hold_days,0.02195676645948441,0.02095676645948441,1,2025-12-15,0.007028699997700949,0.013928066461783462,0.0317668745975172,0.010221000783811728,0.021545873813705475,0.0317668745975172,0.010221000783811728,0.021545873813705475,0.05952493693662669,0.010221000783811728,0.04930393615281496,0.11952026604307807,0.010221000783811728,0.10929926525926634
MSFT,5,0.01,2026-03-16,2026-03-23,398.33575439453125,381.4541931152344,hold_days,-0.04238023098116506,-0.04338023098116506,3,2026-03-13,-0.012130746158419914,-0.031249484822745144,0.023106411004834824,0.011299426789700785,0.011806984215134039,0.026127359358798917,0.03179631266513235,-0.005668953306333435,0.026127359358798917,0.03833231632576132,-0.012204956966962402,0.17859334176010436,0.039771935052971046,0.1388214067071333
MSFT,5,0.01,2026-08-18,2026-08-25,480.72503662109375,491.7099914550781,hold_days,0.02285080658830485,0.02185080658830485,1,2026-08-17,0.007206092044206969,0.014644714544097881,0.04402449692089236,0.0030918888897226307,0.04093260803116973,0.048274902884442035,0.0048985378386817,0.04337636504576033,0.048274902884442035,0.0048985378386817,0.04337636504576033,0.048274902884442035,0.0048985378386817,0.04337636504576033
NKE,5,0.01,2016-03-10,2016-03-17,50.620941162109375,54.317771911621094,hold_days,0.07302967239729741,0.0720296723972974,1,2016-03-09,0.030782205236883797,0.04124746716041361,0.042134189519182255,0.0049055573435183766,0.03722863217566388,0.061795744574949574,0.0049055573435183766,0.056890187231431195,0.061795744574949574,0.0049055573435183766,0.056890187231431195,0.10456131353737722,0.04455778128766882,0.0600035322497084
NKE,5,0.01,2016-10-18,2016-10-25,44.28696060180664,44.139976501464844,hold_days,-0.0033189024115554133,-0.004318902411555413,1,2016-10-17,0.009392055499112484,-0.013710957910667898,0.023264925639970756,0.002855222804255257,0.0204097028357155,0.023264925639970756,0.013731453330784692,0.009533472309186063,0.07561838969500861,0.014811583607267389,0.06080680608774122,0.14708473780092204,0.02190738681636571,0.12517735098455635
NKE,5,0.01,2017-01-20,2017-01-27,46.16493606567383,46.1562385559082,hold_days,-0.0001884007757153583,-0.0011884007757153583,1,2017-01-19,0.012330929601014562,-0.013519330376729921,0.008387668337180907,0.001554055773573845,0.006833612563607062,0.013169953542130226,0.00192432780365772,0.011245625738472506,0.013169953542130226,0.00192432780365772,0.011245625738472506,0.013169953542130226,0.00192432780365772,0.011245625738472506
NKE,5,0.01,2017-04-13,2017-04-21,48.171566009521484,48.61549377441406,hold_days,0.009215556015032433,0.008215556015032432,3,2017-04-10,0.007454135043831744,0.0007614209712006881,0.004139074153345028,0.012810253180334791,-0.008671179026989762,0.012491067531107044,0.016905000383008878,-0.004413932851901834,0.05691897421619691,0.021606802338573514,0.035312171877623394,0.05691897421619691,0.02817008059522283,0.028748893620974082
NKE,5,0.01,2017-10-13,2017-10-20,44.68060302734375,46.50358581542969,hold_days,0.04080031746595503,0.039800317465955026,1,2017-10-12,0.01912826807486523,0.020672049391089797,0.02747053288735358,0.0004470962022351009,0.027023436685118477,0.02747053288735358,0.0004470962022351009,0.027023436685118477,0.05364767040742167,0.0004470962022351009,0.05320057420518657,0.14939837887715304,0.0004470962022351009,0.14895128267491795
NKE,5,0.01,2017-11-03,2017-11-10,48.826133728027344,49.1591796875,hold_days,0.0068210594213296005,0.0058210594213296005,3,2017-10-31,-0.0011792891199068345,0.007000348541236435,0.004467478826181955,-0.0015074207025502658,0.005974899528732221,0.019362932261187706,-0.0015074207025502658,0.020870352963737973,0.019362932261187706,-0.0015074207025502658,0.020870352963737973,0.06488036921197615,-0.0015074207025502658,0.06638778991452642
NKE,5,0.01,2018-01-17,2018-01-24,56.11098861694336,59.795440673828125,hold_days,0.06566364535185176,0.06466364535185176,1,2018-01-16,0.010529510044385626,0.054134135307466136,0.013298028267575602,-0.008471053906273122,0.021769082173848722,0.013298028267575602,-0.008471053906273122,0.021769082173848722,0.015429654986424401,-0.008471053906273122,0.023900708892697523,0.015429654986424401,-0.008471053906273122,0.023900708892697523
NKE,5,0.01,2018-03-08,2018-03-15,57.42733383178711,58.5562744140625,hold_days,0.019658592989572066,0.018658592989572065,1,2018-03-07,0.004178466880456089,0.014480126109115976,0.01527497406256813,-0.004874339645853073,0.020149313708421202,0.06235545724854318,0.022366469872127624,0.039988987376415555,0.06235545724854318,0.022366469872127624,0.039988987376415555,0.06235545724854318,0.04138645700452008,0.020969000244023102
NKE,5,0.01,2018-08-16,2018-08-23,70.80168914794922,73.33126831054688,hold_days,0.03572766685427209,0.03472766685427209,1,2018-08-15,0.005135170558156377,0.02959249629611571,0.014890566148294858,0.0020198714820341677,0.012870694666260691,0.014890566148294858,0.007059416838784228,0.007831149309510631,0.014890566148294858,0.007059416838784228,0.007831149309510631,0.014890566148294858,0.007059416838784228,0.007831149309510631
NKE,5,0.01,2018-10-15,2018-10-22,66.48966217041016,66.40985870361328,hold_days,-0.0012002387166946127,-0.0022002387166946127,4,2018-10-11,0.0003898244160414066,-0.0025900631327360193,0.0675202889457452,0.04816627458818577,0.01935401435755943,0.1121237856683961,0.06018336377421755,0.05194042189417856,0.1234361286296712,0.06018336377421755,0.06325276485545364,0.1234361286296712,0.06018336377421755,0.06325276485545364
NKE,5,0.01,2018-10-29,2018-11-05,64.00701904296875,68.74173736572266,hold_days,0.07397186111066079,0.07297186111066079,3,2018-10-26,0.04138943979234799,0.03158242131831279,0.036181972188322024,0.0440384198922881,-0.007856447703966075,0.0682761038689596,0.06367515015064644,0.004600953718313164,0.14527600376629493,0.10122117401907053,0.0440548297472244,0.15616595759832327,0.10122117401907053,0.05494478357925274
NKE,5,0.01,2018-11-23,2018-11-30,63.386383056640625,66.80261993408203,hold_days,0.05389543799002916,0.05289543799002916,3,2018-11-20,0.05795881133060554,-0.0050633733405763826,0.04348414748629902,0.039492716040150096,0.003991431446148927,0.08086884554738286,0.06081448112667084,0.02005436442071202,0.08310904497524184,0.06293475058511812,0.02017429439012372,0.164348087949553,0.09754071553704885,0.06680737241250415
NKE,5,0.01,2018-12-24,2019-01-02,60.55987548828125,65.8599624633789,hold_days,0.08751812866793718,0.08651812866793718,4,2018-12-20,0.07362387877223608,0.012894249895701093,0.05900221589650867,0.07643068273579576,-0.017428466839287088,0.08369168965795884,0.11340635715721858,-0.029714667499259745,0.12625069526642038,0.15773253144247584,-0.03148183617605546,0.1937896124784652,0.1866312893184471,0.007158323160018104
NKE,5,0.01,2019-02-22,2019-03-01,75.37525939941406,77.70890808105469,hold_days,0.030960406640521132,0.02996040664052113,1,2019-02-21,0.011549573832927651,0.01841083280759348,0.0072613634650843814,-0.004822338655750309,0.012083702120834691,0.007493736299725342,-0.004822338655750309,0.01231607495547565,0.007493736299725342,-0.004822338655750309,0.01231607495547565,0.007493736299725342,-0.004371802145445286,0.011865538445170628
NKE,5,0.01,2019-03-25,2019-04-01,73.40267944335938,75.98821258544922,hold_days,0.03522396132807315,0.03422396132807315,3,2019-03-22,0.02973618154641433,0.004487779781658818,0.0645383478531425,0.019952260219352144,0.04458608763379035,0.0645383478531425,0.019952260219352144,0.04458608763379035,0.0645383478531425,0.019952260219352144,0.04458608763379035,0.0645383478531425,0.019952260219352144,0.04458608763379035
NKE,5,0.01,2019-04-10,2019-04-17,75.6761474609375,79.10870361328125,hold_days,0.04535849494869648,0.04435849494869648,1,2019-04-09,0.010672014768429161,0.03368648018026732,0.006089204455443114,0.004855498246139971,0.0012337062093031427,0.006089204455443114,0.004855498246139971,0.0012337062093031427,0.03556471686372122,0.004855498246139971,0.030709218617581253,0.03556471686372122,0.004855498246139971,0.030709218617581253
NKE,5,0.01,2019-07-23,2019-07-30,77.51396179199219,77.96099853515625,hold_days,0.005767177071450469,0.004767177071450469,1,2019-07-22,0.0015088725497707234,0.0032583045216797455,0.021444614815613876,-0.005643676469677447,0.027088291285291322,0.031068362451926117,-0.002780970013601627,0.033849332465527744,0.031068362451926117,-0.002780970013601627,0.033849332465527744,0.031068362451926117,-0.002780970013601627,0.033849332465527744
NKE,5,0.01,2019-09-24,2019-10-01,78.14446258544922,82.71588134765625,hold_days,0.058499586675233584,0.05749958667523358,4,2019-09-20,-0.009449179176851619,0.0669487658520852,0.010218112343381144,0.012079432820056923,-0.0018613204766757784,0.010218112343381144,0.012079432820056923,-0.0018613204766757784,0.017025786761732938,0.012079432820056923,0.0049463539416760155,0.023187044658893464,0.012448110625526766,0.010738934033366699
NKE,5,0.01,2019-11-25,2019-11-27,83.27163696289062,84.38308715820312,resistance,0.013347284091554501,0.0123472840915545,4,2019-11-21,0.004432890974353398,0.007914393117201102,0.013591006712719535,-0.004139085283804987,0.017730091996524523,0.013591006712719535,-0.0024508876216194106,0.016041894334338946,0.013591006712719535,-0.0024508876216194106,0.016041894334338946,0.034504159664746424,-0.0024508876216194106,0.03695504728636583
NKE,5,0.01,2020-05-04,2020-05-11,77.27703094482422,81.94519805908203,hold_days,0.06040821000991725,0.05940821000991725,3,2020-05-01,0.023831453316314866,0.035576756693602385,0.04050574946961347,0.04486474937828131,-0.004358999908667845,0.04050574946961347,0.04486474937828131,-0.004358999908667845,0.04626854878393497,0.04486474937828131,0.0014037994056536607,0.16952010710056126,0.17310893701246247,-0.003588829911901209
NKE,5,0.01,2021-05-05,2021-05-12,120.1928482055664,121.2656021118164,hold_days,0.008925272362422687,0.007925272362422686,1,2021-05-04,-0.016616003156094572,0.024541275518517258,0.007879196154979482,-0.003364954158050023,0.011244150313029505,0.007879196154979482,-0.003364954158050023,0.011244150313029505,0.032420947871327155,-0.003364954158050023,0.035785902029377176,0.08782944764232721,-0.003364954158050023,0.09119440180037723
NKE,5,0.01,2021-10-20,2021-10-27,144.57666015625,148.13516235351562,hold_days,0.024613254957057462,0.02361325495705746,1,2021-10-19,-0.0065652278636145756,0.030178482820672037,0.006146696685482971,-0.004636912138159701,0.010783608823642672,0.006146696685482971,-0.004636912138159701,0.010783608823642672,0.007080919494650589,-0.004636912138159701,0.01171783163281029,0.08707786518085925,-0.004636912138159701,0.09171477731901895
NKE,5,0.01,2023-03-28,2023-04-04,109.21109008789062,114.60354614257812,hold_days,0.049376451149308886,0.048376451149308886,1,2023-03-27,0.030548250926658138,0.017828200222650747,0.061619373918023336,0.006656745945956125,0.05496262797206721,0.061619373918023336,0.006656745945956125,0.05496262797206721,0.061619373918023336,0.028793801338825475,0.03282557257919786,0.08721163536841327,0.058395843391308426,0.028815791977104842
NKE,5,0.01,2023-07-10,2023-07-17,98.33184814453125,101.05554962158203,hold_days,0.027699077444851783,0.026699077444851782,3,2023-07-07,0.01617044397114964,0.010528633473702143,0.04158743444658507,0.01265375200877085,0.028933682437814218,0.06892021476333975,0.01265375200877085,0.0562664627545689,0.06892021476333975,0.014139136226741537,0.05478107853659821,0.17035503202731428,0.014139136226741537,0.15621589580057274
NKE,5,0.01,2023-08-03,2023-08-10,100.99048614501953,101.35302734375,hold_days,0.0035898549711887995,0.0025898549711887995,1,2023-08-02,0.0028282853439747235,-0.00023843037278592407,0.015852938357804623,0.014289207761846483,0.0015637305959581398,0.015852938357804623,0.014289207761846483,0.0015637305959581398,0.015852938357804623,0.014289207761846483,0.0015637305959581398,0.14093935122450146,0.014289207761846483,0.126650143462655
NKE,5,0.01,2024-03-07,2024-03-14,92.21907043457031,94.16317749023438,hold_days,0.021081399394970113,0.020081399394970112,1,2024-03-06,0.007762115571060102,0.01231928382391001,0.05185391224242242,-0.0017850969113469557,0.053639009153769374,0.06711325431609166,-0.0017850969113469557,0.06889835122743862,0.08060433647190886,-0.0017850969113469557,0.08238943338325581,0.1965034819535421,-0.0017850969113469557,0.19828857886488904
NKE,5,0.01,2024-05-24,2024-06-03,86.1706771850586,89.0060043334961,hold_days,0.03290361920155749,0.03190361920155749,1,2024-05-23,-0.0027091054458586727,0.03461272464741616,0.011527635282205994,0.01772712253736548,-0.006199487255159486,0.011527635282205994,0.01772712253736548,-0.006199487255159486,0.02518065710975898,0.01772712253736548,0.007453534572393498,0.11404018640154774,0.01772712253736548,0.09631306386418226
NKE,5,0.01,2024-12-13,2024-12-20,73.53424835205078,73.2391586303711,hold_days,-0.004012956252261168,-0.005012956252261168,3,2024-12-10,-0.018189423056255483,0.013176466803994313,0.020788387648801435,0.010177656039472686,0.010610731609328749,0.023264536192881692,0.013800574940637968,0.009463961252243724,0.023264536192881692,0.013800574940637968,0.009463961252243724,0.131884264217255,0.013800574940637968,0.11808368927661703
NKE,5,0.01,2024-12-31,2025-01-08,72.03024291992188,67.86092376708984,hold_days,-0.057882897291727686,-0.05888289729172769,1,2024-12-30,0.003348203427171015,-0.0622311007188987,0.0165064117755703,0.014739186855368994,0.001767224920201307,0.029871893925280654,0.02095037775986844,0.008921516165412213,0.04324183216367655,0.03459733275134734,0.008644499412329212,0.09392173145858079,0.036399863988193504,0.05752186747038729
NKE,5,0.01,2025-07-18,2025-07-25,69.7940902709961,73.45377349853516,hold_days,0.05243543132848738,0.05143543132848738,3,2025-07-15,0.014888814686412344,0.036546616642075036,0.006988383413672243,0.0052919490043623245,0.0016964344093099186,0.05305100028952794,0.010814062938635677,0.04223693735089226,0.05305100028952794,0.010814062938635677,0.04223693735089226,0.05305100028952794,0.010814062938635677,0.04223693735089226
DIS,5,0.01,2015-08-07,2015-08-14,99.38838195800781,97.39789581298828,hold_days,-0.020027352350504346,-0.021027352350504347,1,2015-08-06,0.007606843144536413,-0.02863419549504076,0.10140513464885016,0.009343870080258911,0.09206126456859125,0.10140513464885016,0.012276417900014295,0.08912871674883587,0.10140513464885016,0.018649952230287502,0.08275518241856267,,,
DIS,5,0.01,2016-05-23,2016-05-31,90.72270965576172,90.75929260253906,hold_days,0.00040323913291562263,-0.0005967608670843774,4,2016-05-19,0.02668206991596822,-0.0272788307830526,0.011757643744125894,0.007622525534188805,0.0041351182099370895,0.06960589720791173,0.014349473710406334,0.0552564234975054,0.06960589720791173,0.021637947106878275,0.047967950101033455,0.06960589720791173,0.023751518478467893,0.04585437872944384
DIS,5,0.01,2016-09-13,2016-09-20,85.4112319946289,85.6415786743164,hold_days,0.0026969132081127167,0.0016969132081127167,4,2016-09-09,0.005092465811456837,-0.00339555260334412,0.014773182202727176,0.026972865082595707,-0.01219968287986853,0.022873446681546544,0.027349827346602712,-0.004476380665056168,0.04531402713759076,0.03060554396374222,0.014708483173848538,0.07485022022572786,0.03060554396374222,0.04424467626198564
DIS,5,0.01,2017-05-19,2017-05-26,99.82945251464844,100.65580749511719,hold_days,0.008277667157871038,0.007277667157871038,2,2017-05-17,0.017212789748746182,-0.009935122590875145,0.019783011789411106,0.009594408582947259,0.010188603206463847,0.04059971692042742,0.009594408582947259,0.031005308337480164,0.07182301708809188,0.009594408582947259,0.062228608505144625,0.07182301708809188,0.009594408582947259,0.062228608505144625
DIS,5,0.01,2017-10-13,2017-10-20,91.08734893798828,92.97682189941406,hold_days,0.020743527871385448,0.019743527871385447,1,2017-10-12,0.01912826807486523,0.0006152597965202178,0.026881113067292645,0.0004470962022351009,0.026434016865057544,0.03383260744676349,0.0004470962022351009,0.03338551124452839,0.03383260744676349,0.0004470962022351009,0.03338551124452839,0.1196094425879808,0.0004470962022351009,0.1191623463857457
DIS,5,0.01,2018-03-27,2018-04-04,93.68704223632812,95.1862564086914,hold_days,0.01600236421789769,0.01500236421789769,4,2018-03-23,0.012624812646489625,0.0023775515714080653,0.02416023808435863,0.038952810063365005,-0.014792571979006377,0.04369589528410914,0.05024008172108458,-0.006544186436975442,0.055243827491984025,0.059364052393942726,-0.004120224901958701,0.11656432007761731,0.08118733007130315,0.03537699000631417
DIS,5,0.01,2018-06-04,2018-06-11,94.51678466796875,98.39212799072266,hold_days,0.04100164152184971,0.04000164152184971,3,2018-06-01,0.014532338178425253,0.025469303343424454,0.019178290424789045,-0.00549557300339383,0.024673863428182875,0.03680225137147855,-6.88431630295883e-05,0.03687109453450814,0.04569699107900103,-6.88431630295883e-05,0.045765834242030616,0.04687656276494877,0.01366970792800006,0.033206854836948706
DIS,5,0.01,2018-12-13,2018-12-20,108.61140441894531,102.4906997680664,hold_days,-0.05635416173489105,-0.05735416173489105,3,2018-12-10,-0.06964487808786579,0.01229071635297474,0.000528874787121404,0.015553867005324441,-0.015024992218203036,0.020070975760101792,0.049996043444581244,-0.029925067684479452,0.024338033412443574,0.049996043444581244,-0.02565801003213767,0.03894419321253949,0.08259131198644676,-0.04364711877390727
DIS,5,0.01,2019-05-30,2019-06-06,126.62870025634766,131.4275665283203,hold_days,0.03789714545168521,0.03689714545168521,1,2019-05-29,0.021356451234908036,0.015540694216777173,0.012327255961332566,0.02412061067806775,-0.011793354716735182,0.024354233000579716,0.030393178478423502,-0.006038945477843786,0.030649732774918278,0.051202194240373956,-0.02055246146545568,0.05517441797581903,0.05504448355790063,0.00012993441791840643
DIS,5,0.01,2019-06-25,2019-07-02,134.04251098632812,136.5233612060547,hold_days,0.018507936038139494,0.017507936038139493,1,2019-06-24,0.020316512467579928,-0.0028085764294404347,0.014645916891648078,0.015228046487501796,-0.0005821295958537177,0.014645916891648078,0.015228046487501796,-0.0005821295958537177,0.014645916891648078,0.015228046487501796,-0.0005821295958537177,0.014645916891648078,0.015228046487501796,-0.0005821295958537177
DIS,5,0.01,2019-12-11,2019-12-18,142.24557495117188,141.8083038330078,hold_days,-0.003074057792758489,-0.004074057792758489,1,2019-12-10,0.01705512761718575,-0.02112918540994424,0.004653531629472794,-9.887068302299277e-05,0.004752402312495786,0.026708138020636214,0.00017235440686930344,0.026535783613766913,0.026708138020636214,0.00017235440686930344,0.026535783613766913,0.026708138020636214,0.00017235440686930344,0.026535783613766913
DIS,5,0.01,2020-01-29,2020-02-05,131.91876220703125,137.06712341308594,hold_days,0.039026754950709286,0.038026754950709285,2,2020-01-27,0.019724246925416633,0.018302508025292652,0.05520457605865944,0.021206795367217552,0.03399778069144188,0.06294751660327108,0.025241564832763283,0.0377059517705078,0.0819164006532991,0.025241564832763283,0.05667483582053581,0.09736764927437486,0.025241564832763283,0.07212608444161157
DIS,5,0.01,2020-04-24,2020-05-01,98.110107421875,102.28890991210938,hold_days,0.04259298659480071,0.04159298659480071,3,2020-04-21,0.0001913322007345286,0.04140165439406618,0.0510173742317344,0.016447305795783386,0.034570068435951014,0.0510173742317344,0.016447305795783386,0.034570068435951014,0.0510173742317344,0.016447305795783386,0.034570068435951014,0.3008359529468872,0.17310407402618624,0.12773187892070095
DIS,5,0.01,2020-05-29,2020-06-05,113.72976684570312,121.02088165283203,hold_days,0.0641091159275895,0.0631091159275895,1,2020-05-28,0.0698576434743523,-0.006748527546762806,0.03480613552687825,0.0050555093151158515,0.0297506262117624,0.03480613552687825,0.0050555093151158515,0.0297506262117624,0.03480613552687825,0.0050555093151158515,0.0297506262117624,0.03480613552687825,0.02834368910706716,0.006462446419811092
DIS,5,0.01,2021-05-06,2021-05-13,176.2568817138672,172.91189575195312,hold_days,-0.01897790275981548,-0.01997790275981548,1,2021-05-05,-0.014452708768670774,-0.005525193991144706,0.022739601649820574,-0.010046191100290494,0.032785792750111065,0.022739601649820574,-0.010046191100290494,0.032785792750111065,0.03246581537315434,-0.010046191100290494,0.04251200647344484,0.0996483762343115,-0.010046191100290494,0.10969456733460199
DIS,5,0.01,2021-06-21,2021-06-28,168.67489624023438,171.19577026367188,hold_days,0.014945164216061846,0.013945164216061845,3,2021-06-18,0.015209521735943143,-0.0012643575198812984,0.023627893403409424,0.011224520800657766,0.012403372602751659,0.023627893403409424,0.013111880582451668,0.010516012820957757,0.028317751267027194,0.0151388300436057,0.013178921223421495,0.08306543076882623,0.016555877841531865,0.06650955292729437
DIS,5,0.01,2021-11-01,2021-11-08,165.0099639892578,171.48663330078125,hold_days,0.03925017104994377,0.03825017104994377,3,2021-10-29,0.01467905649651069,0.02357111455343308,0.010753277366149136,-0.001618020967138159,0.012371298333287295,0.010753277366149136,-0.001618020967138159,0.012371298333287295,0.04231608734845252,-0.001618020967138159,0.04393410831559068,0.08455695401009113,-0.001618020967138159,0.08617497497722929
DIS,5,0.01,2023-06-26,2023-07-03,86.0002670288086,87.7454605102539,hold_days,0.02029288444954136,0.01929288444954136,3,2023-06-23,0.021136492970871057,-0.0018436085213296982,0.028690116940011536,0.02057936361595105,0.008110753324060485,0.054874688314899486,0.022172269733018148,0.03270241858188134,0.054874688314899486,0.022172269733018148,0.03270241858188134,0.1385838717139398,0.022172269733018148,0.11641160198092165
DIS,5,0.01,2023-11-13,2023-11-20,86.71773529052734,92.13758850097656,hold_days,0.062499939514002234,0.06149993951400223,3,2023-11-10,0.03051356148128148,0.03098637803272075,0.009962163255895426,0.0003897215971411808,0.009572441658754245,0.009962163255895426,0.0003897215971411808,0.009572441658754245,0.009962163255895426,0.002112526847670681,0.007849636408224746,0.009962163255895426,0.03424738994593511,-0.024285226690039685
DIS,5,0.01,2024-02-23,2024-03-01,104.80118560791016,108.89635467529297,hold_days,0.039075598654999544,0.03807559865499954,1,2024-02-22,0.004299022973839328,0.033776575681160215,0.0418852326949622,-0.0036867945458924933,0.04557202724085469,0.0418852326949622,-0.0036867945458924933,0.04557202724085469,0.0418852326949622,-0.0036867945458924933,0.04557202724085469,0.0418852326949622,-0.0036867945458924933,0.04557202724085469
DIS,5,0.01,2024-07-26,2024-08-02,87.88056182861328,87.52875518798828,hold_days,-0.004003236134415,-0.005003236134415,1,2024-07-25,-0.022014436704128393,0.01701120056971339,0.06068529223534876,-0.006719578159030082,0.06740487039437884,0.08672695011871927,0.007380284152453814,0.07934666596626545,0.11573953520650153,0.007380284152453814,0.10835925105404771,0.2243075832548966,0.007380284152453814,0.2169272991024428
DIS,5,0.01,2025-06-23,2025-06-30,115.57643127441406,122.23994445800781,hold_days,0.0576546023278095,0.0566546023278095,3,2025-06-20,0.026399778088331383,0.030254824239478117,0.014479419998291634,0.007472948159828937,0.007006471838462697,0.014809239706516722,0.008681636283046832,0.00612760342346989,0.014809239706516722,0.008681636283046832,0.00612760342346989,0.014809239706516722,0.008681636283046832,0.00612760342346989
DIS,5,0.01,2025-07-16,2025-07-23,118.10974884033203,121.18521881103516,hold_days,0.02603908653519138,0.02503908653519138,1,2025-07-15,0.01463067729195644,0.01040840924323494,0.01431391971228773,0.00942372394971211,0.004890195762575621,0.03370963041434333,0.009655134837547666,0.024054495576795662,0.03378761039190915,0.009655134837547666,0.02413247555436148,0.03378761039190915,0.009655134837547666,0.02413247555436148
GOOGL,5,0.01,2015-07-01,2015-07-09,26.90894317626953,26.975807189941406,hold_days,0.0024848249607529738,0.0014848249607529737,1,2015-06-30,-0.009996672687914043,0.011481497648667016,0.027337550169584657,0.014379352717344304,0.012958197452240354,0.035659126467159075,0.02107427144676756,0.014584855020391516,0.035659126467159075,0.02107427144676756,0.014584855020391516,,,
GOOGL,5,0.01,2016-02-10,2016-02-18,35.009361267089844,35.53734588623047,hold_days,0.015081241131838397,0.014081241131838396,1,2016-02-09,0.0386181385307518,-0.024536897398913404,0.0567536125769282,0.03642499826904035,0.02032861430788785,0.09483814285026705,0.049858195505163516,0.044979947345103535,0.09483814285026705,0.05107726782433036,0.043760875025936695,0.10971603827597841,0.12382865683020415,-0.014112618554225742
GOOGL,5,0.01,2016-03-08,2016-03-15,35.340213775634766,37.17475509643555,hold_days,0.05191087219923962,0.05091087219923962,1,2016-03-07,0.02031266449729796,0.03059820770194166,0.0385895629518112,0.01000833605841293,0.02858122689339827,0.0385895629518112,0.01000833605841293,0.02858122689339827,0.0385895629518112,0.01000833605841293,0.02858122689339827,0.10130249768589074,0.04945722601167072,0.05184527167422002
GOOGL,5,0.01,2016-06-10,2016-06-17,36.31394958496094,34.88058853149414,hold_days,-0.03947136210324009,-0.040471362103240094,4,2016-06-06,-0.013531253142745392,-0.026940108960494702,0.013110275872400268,0.010496692382962504,0.002613583489437764,0.020912166432560796,0.010496692382962504,0.010415474049598292,0.020912166432560796,0.010496692382962504,0.010415474049598292,0.06917781945627456,0.010496692382962504,0.05868112707331206
GOOGL,5,0.01,2017-03-27,2017-04-03,41.53030776977539,42.4337158203125,hold_days,0.021752982317039038,0.020752982317039037,3,2017-03-24,0.00887850968684245,0.011874472630196586,0.033874537311109655,0.01690866696269895,0.016965870348410704,0.03881385573080165,0.01904922590808837,0.01976462982271328,0.03881385573080165,0.02397454036176492,0.01483931536903673,0.03881385573080165,0.02397454036176492,0.01483931536903673
GOOGL,5,0.01,2017-06-20,2017-06-27,47.99281692504883,46.95765686035156,hold_days,-0.021569062435195074,-0.022569062435195075,4,2017-06-16,-0.010656683162008296,-0.01191237927318678,0.006388290177545786,0.004927569675192796,0.0014607205023529895,0.035139670515643456,0.004927569675192796,0.03021210084045066,0.035139670515643456,0.004927569675192796,0.03021210084045066,0.035139670515643456,0.004927569675192796,0.03021210084045066
GOOGL,5,0.01,2017-10-24,2017-10-31,48.958621978759766,51.165130615234375,hold_days,0.04506884686076096,0.04406884686076096,1,2017-10-23,-0.0002593515605157082,0.044328198421276666,0.023945050385335412,-0.00017647557588400066,0.02412152596121941,0.023945050385335412,-0.00017647557588400066,0.02412152596121941,0.023945050385335412,-0.00017647557588400066,0.02412152596121941,0.023945050385335412,-0.00017647557588400066,0.02412152596121941
GOOGL,5,0.01,2017-12-05,2017-12-12,50.49946212768555,51.944217681884766,hold_days,0.028609325591354207,0.027609325591354206,1,2017-12-04,0.014156780753062037,0.013452544838292169,0.04108953692572784,0.003708344042258772,0.03738119288346906,0.04888945759215507,0.003708344042258772,0.0451811135498963,0.04888945759215507,0.003708344042258772,0.0451811135498963,0.04888945759215507,0.003708344042258772,0.0451811135498963
GOOGL,5,0.01,2018-09-18,2018-09-25,57.80543899536133,59.13181686401367,hold_days,0.022945554807719315,0.021945554807719314,1,2018-09-17,0.010631698276927448,0.011313856530791866,0.01922718331809426,-0.0016156166713689796,0.02084279998946324,0.03648945869478453,-0.0016156166713689796,0.03810507536615351,0.07712804086097652,-0.0016156166713689796,0.0787436575323455,0.0920963272418572,-0.0016156166713689796,0.09371194391322618
GOOGL,5,0.01,2019-03-29,2019-04-05,58.289833068847656,60.00153732299805,hold_days,0.029365399831024597,0.028365399831024596,1,2019-03-28,0.020300946645886775,0.008064453185137821,0.02547101004687077,-0.0072664682322706765,0.032737478279141446,0.04792378968991024,0.0041623957900280735,0.043761393899882164,0.04792378968991024,0.0041623957900280735,0.043761393899882164,0.04792378968991024,0.0041623957900280735,0.043761393899882164
GOOGL,5,0.01,2019-07-22,2019-07-29,56.42359161376953,61.5067138671875,hold_days,0.09008859783710554,0.08908859783710554,3,2019-07-19,0.012171238633146508,0.07691735920395903,0.012354066025904437,0.004905643970000498,0.007448422055903939,0.012354066025904437,0.004970438102029007,0.0073836279238754295,0.012354066025904437,0.004970438102029007,0.0073836279238754295,0.12111549021807541,0.004970438102029007,0.11614505211604641
GOOGL,5,0.01,2020-06-12,2020-06-19,69.9801025390625,70.5605697631836,hold_days,0.008294746693134458,0.007294746693134458,1,2020-06-11,0.012119953166500608,-0.0048252064733661495,0.035351665696314566,0.0705528681286347,-0.03520120243232014,0.035351665696314566,0.0705528681286347,-0.03520120243232014,0.035351665696314566,0.0705528681286347,-0.03520120243232014,0.035351665696314566,0.0705528681286347,-0.03520120243232014
GOOGL,5,0.01,2020-08-05,2020-08-12,73.25739288330078,74.6516342163086,hold_days,0.019032090525373135,0.018032090525373135,1,2020-08-04,0.02783026896019547,-0.009798178434822336,0.03853435359712277,-0.008064690786388442,0.04659904438351121,0.054804078421984315,-0.0005947393318154928,0.05539881775379981,0.054804078421984315,-0.0005947393318154928,0.05539881775379981,0.054804078421984315,0.010438406935746736,0.04436567148623758
GOOGL,5,0.01,2020-09-10,2020-09-17,75.5832748413086,73.65115356445312,hold_days,-0.02556281506605884,-0.026562815066058842,2,2020-09-08,0.010648527790799944,-0.03721134285685879,0.1114131711949668,0.05147697673917699,0.05993619445578981,0.1114131711949668,0.05147697673917699,0.05993619445578981,0.1114131711949668,0.05147697673917699,0.05993619445578981,0.1114131711949668,0.05147697673917699,0.05993619445578981
GOOGL,5,0.01,2021-08-20,2021-08-27,136.1341094970703,142.64662170410156,hold_days,0.04783894522167054,0.046838945221670536,2,2021-08-18,0.019146019713187856,0.02769292550848268,0.006362423002063079,0.018015183458415827,-0.011652760456352749,0.006362423002063079,0.018015183458415827,-0.011652760456352749,0.006362423002063079,0.018015183458415827,-0.011652760456352749,0.006362423002063079,0.018015183458415827,-0.011652760456352749
GOOGL,5,0.01,2021-09-21,2021-09-28,137.72247314453125,134.5496826171875,hold_days,-0.02303756572839133,-0.02403756572839133,1,2021-09-20,0.011659170252437345,-0.035696735980828675,0.037364212091772375,0.030029996229918355,0.00733421586185402,0.037364212091772375,0.033449041554454835,0.00391517053731754,0.04257464381816028,0.04273516058118234,-0.00016051676302206164,0.04257464381816028,0.04273516058118234,-0.00016051676302206164
GOOGL,5,0.01,2022-01-10,2022-01-18,137.36241149902344,134.71609497070312,hold_days,-0.019265216003718222,-0.020265216003718223,3,2022-01-07,-0.01138885633292952,-0.008876359670788703,0.04360253005653276,0.006447674302978051,0.037154855753554705,0.06245142202565323,0.006447674302978051,0.056003747722675176,0.06305329548847788,0.006447674302978051,0.056605621185499826,0.07454005771207967,0.006447674302978051,0.06809238340910162
GOOGL,5,0.01,2022-04-01,2022-04-08,138.82943725585938,132.03115844726562,hold_days,-0.04896856850370057,-0.04996856850370057,1,2022-03-31,-0.003031563759475775,-0.0469370047442248,0.01652573193406397,0.012400982062991506,0.004124749871072465,0.01652573193406397,0.012400982062991506,0.004124749871072465,0.01652573193406397,0.012400982062991506,0.004124749871072465,0.0530370785460841,0.013389876024477238,0.03964720252160686
GOOGL,5,0.01,2022-05-11,2022-05-18,112.53169250488281,110.84473419189453,hold_days,-0.014990961883160847,-0.015990961883160848,2,2022-05-09,0.0058989138243861206,-0.02188987570754697,0.07081977048802557,0.06956808583811902,0.0012516846499065482,0.07081977048802557,0.06956808583811902,0.0012516846499065482,0.12619505926451294,0.1005418696589688,0.025653189605544136,0.20541843632359563,0.10889640830186768,0.09652202802172795
GOOGL,5,0.01,2022-09-01,2022-09-09,108.70560455322266,109.60700988769531,hold_days,0.00829216983040948,0.007292169830409479,1,2022-08-31,0.02112001313341061,-0.01382784330300113,0.05923694474174718,0.04899933846848529,0.010237606273261889,0.08679359029034792,0.06204667093712079,0.024746919353227127,0.10108115597028777,0.06350014216168953,0.03758101380859824,0.10108115597028777,0.06350014216168953,0.03758101380859824
GOOGL,5,0.01,2023-02-27,2023-03-06,89.02288818359375,94.23331451416016,hold_days,0.058529064119115404,0.0575290641191154,3,2023-02-24,0.019644317623316088,0.037884746495799315,0.04748272969757328,0.02835196077173521,0.01913076892583807,0.07293184348700188,0.03848079438961265,0.034451049097389226,0.1658622847325466,0.049158303833621596,0.116703980898925,0.1658622847325466,0.049158303833621596,0.116703980898925
GOOGL,5,0.01,2023-06-01,2023-06-02,122.5538101196289,123.494873046875,resistance,0.007678773318654741,0.006678773318654741,1,2023-05-31,0.021733784659021316,-0.015055011340366575,0.007142376358781227,0.002662096540460612,0.004480279818320615,0.010635833564762677,0.009094593720995813,0.0015412398437668635,0.010635833564762677,0.009094593720995813,0.0015412398437668635,0.010635833564762677,0.02771351058789359,-0.017077677023130913
GOOGL,5,0.01,2023-08-21,2023-08-28,127.15998077392578,129.7750701904297,hold_days,0.020565349259946908,0.019565349259946907,3,2023-08-18,0.004449946637613111,0.015115402622333796,0.022538696168004677,0.02110703053959206,0.0014316656284126157,0.024024801442187257,0.024039396875566763,-1.4595433379505085e-05,0.032775778320930565,0.02991444334487929,0.0028613349760512746,0.032775778320930565,0.02991444334487929,0.0028613349760512746
GOOGL,5,0.01,2023-12-06,2023-12-13,128.79444885253906,131.3204345703125,hold_days,0.019612535635487927,0.018612535635487926,2,2023-12-04,0.029945523036533306,-0.01133298740104538,0.03681745585803365,0.006321503689561201,0.03049595216847245,0.06115947126136849,0.006321503689561201,0.05483796757180729,0.06115947126136849,0.006321503689561201,0.05483796757180729,0.07491971951698001,0.006321503689561201,0.0685982158274188
GOOGL,5,0.01,2024-02-01,2024-02-08,139.8294219970703,144.53463745117188,hold_days,0.033649681067838166,0.032649681067838165,1,2024-01-31,0.0030981012529449625,0.029551579814893203,0.08045083478148134,0.0022649805045683756,0.07818585427691296,0.08045083478148134,0.0022649805045683756,0.07818585427691296,0.08045083478148134,0.0022649805045683756,0.07818585427691296,0.08045083478148134,0.0022649805045683756,0.07818585427691296
GOOGL,5,0.01,2024-05-31,2024-06-07,170.8740234375,172.81553649902344,hold_days,0.011362248178311107,0.010362248178311106,1,2024-05-30,0.0058575884440741355,0.004504659734236971,0.022108739580040483,0.00023395506070204023,0.02187478451933844,0.03008155494597865,0.017956930248038218,0.012124624697940432,0.03008155494597865,0.017956930248038218,0.012124624697940432,0.03008155494597865,0.017956930248038218,0.012124624697940432
GOOGL,5,0.01,2024-10-10,2024-10-17,160.9497833251953,161.79385375976562,hold_days,0.005244309231935418,0.004244309231935418,1,2024-10-09,0.014145603944144991,-0.009901294712209574,0.029809699120657382,0.004113704327494902,0.02569599479316248,0.029809699120657382,0.00560590169043748,0.0242037974302199,0.029809699120657382,0.00560590169043748,0.0242037974302199,0.10723870959660378,0.00560590169043748,0.1016328079061663
GOOGL,5,0.01,2025-06-24,2025-07-01,166.1887969970703,175.2271728515625,hold_days,0.05438619219712826,0.05338619219712826,1,2025-06-23,0.029573479193083063,0.023812713004045194,0.056570600664008874,0.00044558532402080625,0.056125015339988066,0.06623732621326744,0.0016628312895478224,0.06457449492371962,0.06623732621326744,0.0016628312895478224,0.06457449492371962,0.06623732621326744,0.0016628312895478224,0.06457449492371962
GOOGL,5,0.01,2026-08-21,2026-08-28,344.5985107421875,346.36737060546875,hold_days,0.0051331036209980585,0.0041331036209980585,1,2026-08-20,-0.0038069213475111496,0.007940024968509207,0.0031222273524631485,0.0012137345128671075,0.001908492839596041,0.03552246429483528,0.0012137345128671075,0.03430872978196817,0.08693231262906442,0.0012137345128671075,0.08571857811619732,0.11561283721370288,0.0012137345128671075,0.11439910270083578
GOOGL,5,0.01,2026-09-10,2026-09-17,332.6000061035156,347.3299865722656,hold_days,0.0442873728155182,0.0432873728155182,1,2026-09-09,0.0007573903351119071,0.04252998248040629,0.028224166968044015,0.024379168274176858,0.003844998693867157,0.03974786792961194,0.024792800740095117,0.014955067189516825,0.04380340455578499,0.028594006613941406,0.015209397941843585,0.11872422855680888,0.028594006613941406,0.09013022194286748
