stock,hold_days,near_pct,entry_date,exit_date,entry_price,exit_price,exit_reason,ret,ret_net,support_age_days,support_birth_date,bench_ret,excess_ret,birth_volume_ratio
MMM,5,0.01,2015-09-28,2015-10-05,81.5067138671875,86.18341827392578,hold_days,0.05737814941673158,0.05637814941673158,4,2015-09-24,0.05674598307014689,-0.00036783365341530594,0.9309576738179762
MMM,5,0.01,2015-11-17,2015-11-19,92.49168395996094,93.89976501464844,resistance,0.015223866561852706,0.014223866561852705,4,2015-11-13,0.016442251722580625,-0.0022183851607279204,1.027518676402313
MMM,5,0.01,2015-12-16,2015-12-23,88.90180206298828,89.61918640136719,hold_days,0.00806940153890956,0.00706940153890956,1,2015-12-15,-0.004580783850285153,0.011650185389194712,3.4905286482874054
MMM,5,0.01,2016-05-23,2016-05-24,99.8547592163086,101.36962127685547,resistance,0.015170654583076315,0.014170654583076314,3,2016-05-20,0.014573647769416054,-0.0004029931863397396,1.00940926661264
MMM,5,0.01,2016-06-14,2016-06-21,100.7564697265625,103.0167236328125,hold_days,0.022432841408437376,0.021432841408437375,1,2016-06-13,0.0064953385871056035,0.014937502821331772,1.2410700770304741
MMM,5,0.01,2017-01-11,2017-01-19,108.2923583984375,108.77326965332031,hold_days,0.004440860481710107,0.003440860481710107,1,2017-01-10,-0.00687445640797002,0.010315316889680126,1.438471371783294
MMM,5,0.01,2017-07-27,2017-08-03,123.30767059326172,127.97364807128906,hold_days,0.03784012345362009,0.03684012345362009,1,2017-07-26,0.0008095699403818379,0.03603055351323825,1.4833222634115648
MMM,5,0.01,2018-03-20,2018-03-27,145.68353271484375,135.2923583984375,hold_days,-0.07132703417307706,-0.07232703417307706,1,2018-03-19,-0.03895279160874843,-0.03337424256432864,1.1220292358195776
MMM,5,0.01,2018-04-09,2018-04-16,133.3745574951172,136.4393310546875,hold_days,0.02297869711532141,0.02197869711532141,3,2018-04-06,0.02732266622093449,-0.005343969105613078,0.7783434374686564
MMM,5,0.01,2018-06-28,2018-07-06,123.66039276123047,124.60064697265625,hold_days,0.007603519529824521,0.006603519529824521,1,2018-06-27,0.014325168535327393,-0.007721649005502872,1.0342519086527988
MMM,5,0.01,2018-07-24,2018-07-31,126.63253784179688,133.97756958007812,hold_days,0.0580027208130145,0.057002720813014496,1,2018-07-23,0.008094342021974565,0.04890837879103993,1.7077084097774442
MMM,5,0.01,2018-10-01,2018-10-08,134.7930145263672,136.17782592773438,hold_days,0.010273614001683251,0.00927361400168325,4,2018-09-27,-0.010285896579631859,0.01955951058131511,0.715702116824002
MMM,5,0.01,2019-01-16,2019-01-24,121.18853759765625,123.13285827636719,hold_days,0.016043767152022603,0.015043767152022602,1,2019-01-15,0.012371395908757021,0.002672371243265581,1.1573180501027454
MMM,5,0.01,2019-04-11,2019-04-18,137.51478576660156,140.96022033691406,hold_days,0.02505501172914082,0.02405501172914082,2,2019-04-09,0.011146723960779203,0.012908287768361615,0.838660773971772
MMM,5,0.01,2019-08-13,2019-08-20,107.09236145019531,105.53570556640625,hold_days,-0.0145356387954243,-0.0155356387954243,1,2019-08-12,-0.01208125690752948,-0.0034543818878948196,0.4968513285716553
MMM,5,0.01,2019-10-10,2019-10-17,99.83316802978516,107.19400024414062,hold_days,0.07373132957334749,0.07273132957334749,2,2019-10-08,0.019808010133106402,0.05292331944024109,0.9838652141092148
MMM,5,0.01,2021-03-01,2021-03-08,121.97052001953125,127.05921173095703,hold_days,0.04172066914702777,0.040720669147027766,3,2021-02-26,0.0030511975380214107,0.037669471609006355,1.545875727948635
MMM,5,0.01,2021-08-04,2021-08-11,137.5779266357422,140.39175415039062,hold_days,0.020452608812011386,0.019452608812011385,2,2021-08-02,0.021068529400021463,-0.001615920588010078,0.5849788751000892
MMM,5,0.01,2022-10-10,2022-10-17,79.06551361083984,83.00200653076172,hold_days,0.049787736019742734,0.04878773601974273,3,2022-10-07,0.0254727875322438,0.023314948487498932,1.3293955020784005
MMM,5,0.01,2022-11-21,2022-11-29,94.12954711914062,93.02326202392578,hold_days,-0.011752793135343609,-0.01275279313534361,3,2022-11-18,0.002843090787992608,-0.015595883923336218,1.2694854297868166
MMM,5,0.01,2023-07-07,2023-07-14,73.80840301513672,77.60919952392578,hold_days,0.051495444333209406,0.050495444333209405,1,2023-07-06,0.018752574915281484,0.03174286941792792,1.2850256751355944
MMM,5,0.01,2023-09-15,2023-09-22,77.81507110595703,74.71973419189453,hold_days,-0.039778115859429475,-0.040778115859429476,2,2023-09-13,-0.02721139730390132,-0.013566718555528157,1.9970632007012343
MMM,5,0.01,2023-11-10,2023-11-17,71.46266174316406,74.56596374511719,hold_days,0.04342550258072331,0.04242550258072331,1,2023-11-09,0.023739167332209377,0.01868633524851393,0.6819698779231498
MMM,5,0.01,2024-02-16,2024-02-26,72.55255126953125,73.0057601928711,hold_days,0.006246629724379726,0.005246629724379726,2,2024-02-14,0.007750695855875289,-0.002504066131495563,1.1930579333782054
MMM,5,0.01,2024-03-06,2024-03-13,73.56232452392578,82.74568939208984,hold_days,0.12483788308208266,0.12383788308208266,2,2024-03-04,0.015034164768960911,0.10880371831312174,1.5224598227348487
MMM,5,0.01,2024-08-09,2024-08-16,118.89769744873047,121.6554183959961,hold_days,0.023194065204288572,0.02219406520428857,2,2024-08-07,0.029319331870296006,-0.007125266666007435,0.39818451866624943
MMM,5,0.01,2025-05-07,2025-05-14,134.84066772460938,143.82745361328125,hold_days,0.06664744427864999,0.06564744427864999,1,2025-05-06,0.028347949654938587,0.037299494623711404,0.8706038324897132
MMM,5,0.01,2025-06-04,2025-06-11,143.48609924316406,143.8477020263672,hold_days,0.0025201241451990875,0.0015201241451990874,2,2025-06-02,0.01945481676040184,-0.017934692615202752,0.9217385064032724
MMM,5,0.01,2026-06-18,2026-06-26,159.9000244140625,163.29515075683594,hold_days,0.02123280690678153,0.02023280690678153,1,2026-06-17,0.014094070219402566,0.006138736687378965,0.946558197747184
MMM,5,0.01,2026-07-09,2026-07-16,154.66294860839844,161.06492614746094,hold_days,0.041393091213281386,0.040393091213281385,1,2026-07-08,0.011278930997386638,0.029114160215894747,0.6818423226720169
ABT,5,0.01,2015-09-11,2015-09-18,35.09717559814453,35.03249740600586,hold_days,-0.0018428318243959296,-0.0028428318243959297,1,2015-09-10,0.0019340679781307824,-0.004776899802526712,0.8246957982316085
ABT,5,0.01,2016-01-15,2016-01-25,33.17514419555664,32.45501708984375,hold_days,-0.02170682669736046,-0.02270682669736046,2,2016-01-13,-0.008456896168883343,-0.014249930528477117,0.8297381474218479
ABT,5,0.01,2016-03-03,2016-03-10,31.767614364624023,31.939456939697266,hold_days,0.005409363545554768,0.004409363545554768,3,2016-02-29,-0.0004283991951770094,0.004837762740731778,1.270937262545839
ABT,5,0.01,2016-03-16,2016-03-23,32.880531311035156,33.37154006958008,hold_days,0.0149331150978127,0.013933115097812698,1,2016-03-15,0.00626408783614929,0.007669027261663408,0.6305875086852467
ABT,5,0.01,2016-06-28,2016-07-06,30.92428970336914,33.6165771484375,hold_days,0.08706060740256993,0.08606060740256993,1,2016-06-27,0.04713712358045696,0.03892348382211297,1.239793956802205
ABT,5,0.01,2016-09-14,2016-09-21,33.807071685791016,34.726600646972656,hold_days,0.027199308172204617,0.026199308172204616,1,2016-09-13,0.018217167076681307,0.00798214109552331,0.719125095597979
ABT,5,0.01,2017-02-09,2017-02-16,35.69330978393555,37.086143493652344,hold_days,0.039022262663454876,0.038022262663454875,1,2017-02-08,0.021118496087096927,0.016903766576357948,0.5992831464635403
ABT,5,0.01,2017-03-08,2017-03-15,38.05944061279297,38.025882720947266,hold_days,-0.0008817232020594812,-0.0018817232020594812,1,2017-03-07,0.008418926336414279,-0.01030064953847376,0.7261590142814375
ABT,5,0.01,2017-05-19,2017-05-26,36.43502426147461,37.743526458740234,hold_days,0.03591330659958425,0.03491330659958425,1,2017-05-18,0.01721284720090477,0.01770045939867948,0.8829075744416245
ABT,5,0.01,2017-07-07,2017-07-14,40.89232635498047,41.517581939697266,resistance,0.015290291368826647,0.014290291368826646,1,2017-07-06,0.011677982817776877,0.002612308551049769,0.9027546501752032
ABT,5,0.01,2017-08-11,2017-08-18,41.20351791381836,41.373291015625,hold_days,0.004120354532876069,0.0031203545328760693,1,2017-08-10,-0.008828193901550763,0.011948548434426831,0.9871581591946901
ABT,5,0.01,2017-11-02,2017-11-09,46.37811279296875,47.29935836791992,hold_days,0.019863800389282815,0.018863800389282814,1,2017-11-01,0.003437688417107232,0.015426111972175582,1.2239573323082837
ABT,5,0.01,2018-06-28,2018-07-06,52.76658630371094,53.533077239990234,hold_days,0.014526066398678372,0.013526066398678371,1,2018-06-27,0.014325168535327393,-0.0007991021366490214,1.2141216416836529
ABT,5,0.01,2018-08-14,2018-08-21,55.04537582397461,56.01427459716797,hold_days,0.017601819565947308,0.016601819565947307,1,2018-08-13,0.011654485015353933,0.004947334550593374,1.0785453317443343
ABT,5,0.01,2018-09-07,2018-09-14,57.27729797363281,59.18912887573242,hold_days,0.03337851067939179,0.03237851067939179,1,2018-09-06,0.014068806652733246,0.018309704026658546,1.547548088795034
ABT,5,0.01,2018-10-26,2018-11-02,58.19032669067383,60.96998977661133,hold_days,0.0477684736281605,0.0467684736281605,2,2018-10-24,0.02479263340891502,0.02197584021924548,0.8936779965953029
ABT,5,0.01,2018-11-26,2018-12-03,59.771263122558594,64.51404571533203,hold_days,0.07934887678462732,0.07834887678462732,3,2018-11-23,0.05396119009219569,0.02438768669243163,0.5010013269117358
ABT,5,0.01,2019-05-31,2019-06-07,66.708251953125,70.74773406982422,hold_days,0.06055445913254798,0.05955445913254798,2,2019-05-29,0.04438329785276385,0.015171161279784129,0.8336380028084986
ABT,5,0.01,2019-11-25,2019-12-03,74.60881042480469,74.4939956665039,hold_days,-0.0015388900807700168,-0.002538890080770017,4,2019-11-21,-0.015293185235798257,0.012754295155028239,1.1426278642984153
ABT,5,0.01,2020-01-14,2020-01-22,76.0341796875,81.46139526367188,hold_days,0.07137862995928534,0.07037862995928534,1,2020-01-13,0.007994641596930085,0.06238398836235526,1.2651602369776942
ABT,5,0.01,2020-02-07,2020-02-14,77.92306518554688,79.51045989990234,hold_days,0.020371307398850957,0.019371307398850957,4,2020-02-03,0.012079573874357319,0.007291733524493638,0.7877389084966769
ABT,5,0.01,2020-08-14,2020-08-21,89.39017486572266,91.54468536376953,hold_days,0.024102318865392824,0.023102318865392824,3,2020-08-11,-0.004896730278510231,0.027999049143903054,1.2924300525493537
ABT,5,0.01,2020-10-19,2020-10-26,96.90872955322266,97.76982116699219,hold_days,0.008885593875179287,0.007885593875179286,4,2020-10-15,-0.009937781997693684,0.01782337587287297,0.7821130946426864
ABT,5,0.01,2021-07-01,2021-07-06,105.8998794555664,107.40033721923828,resistance,0.014168644680105036,0.013168644680105035,1,2021-06-30,-0.002369934043973454,0.015538578724078489,0.7935005885475569
ABT,5,0.01,2021-07-16,2021-07-23,106.62061309814453,109.6057357788086,hold_days,0.027997613162440205,0.026997613162440204,1,2021-07-15,0.017076177545968907,0.009921435616471297,1.2750136105910317
ABT,5,0.01,2021-11-24,2021-12-02,113.9181900024414,116.93306732177734,hold_days,0.026465284598283345,0.025465284598283344,1,2021-11-23,-0.02836770226097096,0.053832986859254306,0.9553951588241291
ABT,5,0.01,2022-04-01,2022-04-08,108.38783264160156,112.65644836425781,hold_days,0.03938279434713832,0.038382794347138316,1,2022-03-31,-0.003031529598803706,0.04141432394594202,1.1309128531370414
ABT,5,0.01,2023-04-27,2023-05-04,102.37834167480469,103.64989471435547,hold_days,0.01242013709881884,0.011420137098818839,1,2023-04-26,-0.026073612448139993,0.03749374954695883,0.6745158678267067
ABT,5,0.01,2023-09-08,2023-09-15,94.63042449951172,95.57923889160156,hold_days,0.010026525793453978,0.009026525793453977,1,2023-09-07,0.005671756875409217,0.0033547689180447593,0.9637568355087215
ABT,5,0.01,2023-09-29,2023-10-06,90.98536682128906,91.01353454589844,hold_days,0.00030958521785917625,-0.0006904147821408238,2,2023-09-27,-0.007860196487008864,0.00716978170486804,1.2348450316441923
ABT,5,0.01,2023-10-13,2023-10-20,85.84003448486328,91.42288970947266,hold_days,0.06503789587356046,0.06403789587356046,1,2023-10-12,-0.011258659810885252,0.07529655568444571,1.404247149019004
ABT,5,0.01,2024-10-04,2024-10-11,108.01933288574219,111.35657501220703,hold_days,0.030894859626607873,0.029894859626607873,1,2024-10-03,0.0058492475438829405,0.024045612082724932,0.6732751215331305
ABT,5,0.01,2025-04-29,2025-05-06,126.98181915283203,129.47279357910156,hold_days,0.019616780125597755,0.018616780125597754,4,2025-04-25,0.0037548931757549475,0.014861886949842806,0.5685532850891798
ABT,5,0.01,2025-10-06,2025-10-13,130.71859741210938,128.41192626953125,hold_days,-0.01764608241095189,-0.018646082410951892,4,2025-10-02,-0.01737738337178163,-0.0012686990391702624,0.9392407273650875
ABT,5,0.01,2025-10-17,2025-10-24,126.19474792480469,124.53558349609375,hold_days,-0.013147650405384348,-0.014147650405384349,1,2025-10-16,0.02115636115736974,-0.03530401156275409,1.4924568142301429
ABT,5,0.01,2026-03-10,2026-03-17,109.082763671875,109.24063873291016,hold_days,0.0014472961237950166,0.0004472961237950166,4,2026-03-06,-0.004790797502688182,0.005238093626483199,1.3891162285476875
ABT,5,0.01,2026-08-05,2026-08-11,105.70999908447266,109.72000122070312,resistance,0.0379339908330345,0.0369339908330345,1,2026-08-04,0.004990771182474152,0.03194321965056035,0.7854550566720493
ABBV,5,0.01,2015-11-17,2015-11-24,38.91839599609375,39.40180969238281,hold_days,0.012421213257030939,0.011421213257030938,4,2015-11-13,0.020828414002885598,-0.00940720074585466,0.6983471037546051
ABBV,5,0.01,2016-05-20,2016-05-27,39.25131607055664,41.23722839355469,hold_days,0.050594795838902584,0.04959479583890258,1,2016-05-19,0.02712945618718754,0.022465339651715044,0.8497878936135028
ABBV,5,0.01,2016-07-20,2016-07-27,42.06357955932617,43.05198287963867,hold_days,0.023497841378869344,0.022497841378869343,1,2016-07-19,-0.00619302893562268,0.028690870314492023,0.6660497942481436
ABBV,5,0.01,2016-08-05,2016-08-12,44.139888763427734,44.571075439453125,hold_days,0.009768639842668847,0.008768639842668846,1,2016-08-04,0.0032263231218303545,0.005542316720838492,0.7077166072800143
ABBV,5,0.01,2017-01-12,2017-01-20,41.43938064575195,41.351470947265625,hold_days,-0.0021214047390772928,-0.003121404739077293,1,2017-01-11,0.0016130274787498067,-0.0047344322178270995,2.087644374677778
ABBV,5,0.01,2017-02-13,2017-02-16,40.9186897277832,41.57463073730469,resistance,0.0160303522396541,0.015030352239654099,3,2017-02-10,0.010473225592077418,0.004557126647576681,0.8572093134214419
ABBV,5,0.01,2017-08-18,2017-08-24,48.20920181274414,49.69076156616211,resistance,0.030731887227104293,0.029731887227104292,1,2017-08-17,0.0060397643598166795,0.023692122867287613,1.2129335056783221
ABBV,5,0.01,2018-06-28,2018-07-06,65.26673889160156,68.43721008300781,hold_days,0.0485771350805797,0.0475771350805797,1,2018-06-27,0.014325168535327393,0.03325196654525231,0.7436475062374343
ABBV,5,0.01,2018-11-26,2018-12-03,62.17584228515625,67.52538299560547,hold_days,0.08603889410801524,0.08503889410801524,3,2018-11-23,0.05396119009219569,0.03107770401581955,0.20341291762836278
ABBV,5,0.01,2019-01-29,2019-02-05,56.538047790527344,58.15821075439453,hold_days,0.028656153284065677,0.027656153284065677,1,2019-01-28,0.03213572020908595,-0.004479566925020273,1.9151912289581785
ABBV,5,0.01,2019-03-26,2019-04-02,58.939109802246094,60.624961853027344,hold_days,0.028603283226327214,0.027603283226327213,1,2019-03-25,0.019769569514399787,0.007833713711927426,0.6027442577346717
ABBV,5,0.01,2019-04-22,2019-04-29,57.79054260253906,59.38042068481445,hold_days,0.027511042649486006,0.026511042649486005,4,2019-04-18,0.009689002172765582,0.016822040476720423,1.6313363089625113
ABBV,5,0.01,2020-01-02,2020-01-09,68.21073913574219,68.71345520019531,hold_days,0.007370042764859974,0.006370042764859974,3,2019-12-30,0.0034484022873264575,0.0029216404775335167,1.0258420114388667
ABBV,5,0.01,2020-02-19,2020-02-26,72.67575073242188,68.25222778320312,hold_days,-0.060866560092448285,-0.061866560092448286,1,2020-02-18,-0.07856944024165802,0.01670288014920973,0.8373309880030302
ABBV,5,0.01,2020-08-11,2020-08-18,73.49408721923828,75.85742950439453,hold_days,0.03215690369901769,0.03115690369901769,1,2020-08-10,0.0023654795380225746,0.028791424160995116,1.0631464594556528
ABBV,5,0.01,2021-02-02,2021-02-09,84.14957427978516,85.71919250488281,hold_days,0.018652717361099302,0.0176527173610993,1,2021-02-01,0.03409240226124566,-0.016439684900146356,0.9845408413815682
ABBV,5,0.01,2021-06-03,2021-06-10,92.36715698242188,95.68450927734375,hold_days,0.035914846827570956,0.034914846827570956,1,2021-06-02,0.004854938645705076,0.03005990818186588,0.972858395282645
ABBV,5,0.01,2021-07-20,2021-07-27,96.59308624267578,98.18284606933594,hold_days,0.016458319000866473,0.015458319000866472,1,2021-07-19,0.020321073835490422,-0.00486275483462395,1.1092210355026189
ABBV,5,0.01,2021-09-21,2021-09-28,89.18525695800781,89.34339141845703,hold_days,0.001773100912000336,0.000773100912000336,1,2021-09-20,0.011659142327214322,-0.010886041415213987,0.8093723757837754
ABBV,5,0.01,2021-12-01,2021-12-08,97.64619445800781,102.66707611083984,hold_days,0.051419122687789365,0.050419122687789364,1,2021-11-30,0.0421479806862588,0.008271142001530563,1.6701239089249986
ABBV,5,0.01,2022-05-02,2022-05-09,126.93262481689453,129.58511352539062,hold_days,0.02089682390419645,0.019896823904196448,3,2022-04-29,-0.023712035167815282,0.04360885907201173,3.299091159460204
ABBV,5,0.01,2022-07-21,2022-07-28,128.01596069335938,129.7488555908203,hold_days,0.013536553474076563,0.012536553474076562,1,2022-07-20,0.02033593246337828,-0.00779937898930172,0.9547698077420468
ABBV,5,0.01,2022-12-19,2022-12-27,141.34457397460938,142.65745544433594,hold_days,0.00928851693990329,0.00828851693990329,3,2022-12-16,0.015177028567623818,-0.006888511627720528,4.012611641253778
ABBV,5,0.01,2023-06-29,2023-07-07,118.8013687133789,120.82553100585938,hold_days,0.017038206835511938,0.016038206835511937,1,2023-06-28,-0.006125532761762864,0.0221637395972748,1.0044030458033015
ABBV,5,0.01,2024-03-04,2024-03-11,162.7641143798828,165.13592529296875,hold_days,0.014572075190666833,0.013572075190666832,4,2024-02-29,0.004129388695435887,0.009442686495230945,1.5941096926009135
ABBV,5,0.01,2024-04-29,2024-05-06,149.87391662597656,150.99668884277344,hold_days,0.007491445089800708,0.006491445089800708,3,2024-04-26,0.008755856542855378,-0.00226441145305467,2.0862463832130493
ABBV,5,0.01,2025-02-11,2025-02-19,182.77560424804688,188.03506469726562,hold_days,0.028775505740257667,0.027775505740257667,1,2025-02-10,0.008968163164371212,0.018807342575886454,0.5625082032764268
ABBV,5,0.01,2025-03-27,2025-04-03,193.15159606933594,192.12257385253906,hold_days,-0.005327536700382662,-0.006327536700382662,1,2025-03-26,-0.05019397052461905,0.043866433824236384,0.9395923588535214
ABBV,5,0.01,2025-08-08,2025-08-15,192.09078979492188,200.47080993652344,hold_days,0.04362530942034315,0.04262530942034315,2,2025-08-06,0.009618114258651556,0.033007195161691594,0.7527887248680782
ABBV,5,0.01,2026-01-21,2026-01-28,212.85646057128906,215.3380584716797,hold_days,0.011658550995963246,0.010658550995963245,1,2026-01-20,0.002117623482348341,0.008540927513614904,1.027475640506802
ABBV,5,0.01,2026-02-20,2026-02-27,221.38450622558594,228.54373168945312,hold_days,0.032338421445681886,0.031338421445681885,1,2026-02-19,-0.005005293274797595,0.03634371472047948,0.6529963999995173
ABBV,5,0.01,2026-03-24,2026-03-31,202.0733184814453,214.17604064941406,hold_days,0.05989272734727735,0.05889272734727735,1,2026-03-23,0.004584303454465921,0.05430842389281143,0.8734575967114231
ABBV,5,0.01,2026-04-10,2026-04-17,204.7715606689453,206.9072723388672,hold_days,0.010429727951210443,0.009429727951210443,3,2026-04-07,0.019969814369782846,-0.010540086418572403,1.4144410679017207
ABBV,5,0.01,2026-08-05,2026-08-12,246.1999969482422,248.75999450683594,hold_days,0.010398040578091239,0.009398040578091238,1,2026-08-04,0.006517424107188807,0.0028806164709024307,1.3911717565518735
ABBV,5,0.01,2026-08-21,2026-08-28,264.9599914550781,255.47999572753906,hold_days,-0.03577897053618495,-0.03677897053618495,1,2026-08-20,-0.0038069213475111496,-0.0329720491886738,1.1432713184057302
ACN,5,0.01,2015-08-07,2015-08-14,85.86405181884766,85.62400817871094,hold_days,-0.0027956244208362513,-0.0037956244208362513,1,2015-08-06,0.007606850158087708,-0.01140247457892396,0.7898251986815426
ACN,5,0.01,2015-09-10,2015-09-17,80.12820434570312,81.55179595947266,hold_days,0.0177664235133439,0.016766423513343898,1,2015-09-09,0.020730566966992825,-0.003964143453648927,0.6285397832724661
ACN,5,0.01,2016-02-10,2016-02-18,78.81399536132812,82.41964721679688,hold_days,0.0457488779618187,0.0447488779618187,1,2016-02-09,0.03861805887218206,0.006130819089636641,1.6740601503759398
ACN,5,0.01,2016-09-15,2016-09-22,93.52527618408203,96.0086898803711,hold_days,0.026553396018858644,0.025553396018858643,1,2016-09-14,0.016273032707187607,0.009280363311671036,1.1296246876440477
ACN,5,0.01,2016-10-11,2016-10-18,98.80465698242188,99.27769470214844,hold_days,0.004787605505383485,0.0037876055053834854,4,2016-10-07,-0.0018733081563896414,0.005660913661773127,0.8039073345979801
ACN,5,0.01,2016-12-05,2016-12-12,100.47257995605469,105.4996109008789,hold_days,0.05003385945720695,0.04903385945720695,3,2016-12-02,0.029692193601843497,0.019341665855363455,1.0347982390993145
ACN,5,0.01,2017-02-02,2017-02-09,96.99031066894531,99.84099578857422,hold_days,0.029391442299417703,0.028391442299417702,1,2017-02-01,0.01415763002937842,0.014233812270039281,0.9884383585748507
ACN,5,0.01,2017-05-19,2017-05-26,104.32616424560547,105.9732437133789,hold_days,0.015787788995058616,0.014787788995058615,1,2017-05-18,0.01721284720090477,-0.0024250582058461534,1.1146653682619305
ACN,5,0.01,2017-06-23,2017-06-30,105.84387969970703,106.65448760986328,hold_days,0.0076585241627200595,0.0066585241627200595,1,2017-06-22,-0.003315963340253192,0.00997448750297325,3.681390364364924
ACN,5,0.01,2017-07-28,2017-08-04,110.72473907470703,112.27696990966797,hold_days,0.014018825855291794,0.013018825855291793,1,2017-07-27,0.006016256090930483,0.0070025697643613105,1.1788780139531485
ACN,5,0.01,2018-04-12,2018-04-19,131.83572387695312,135.78839111328125,hold_days,0.029981761544521035,0.028981761544521034,1,2018-04-11,0.009228952269744628,0.019752809274776406,0.663936778859953
ACN,5,0.01,2018-11-26,2018-12-03,140.40670776367188,147.87025451660156,hold_days,0.05315662529095189,0.052156625290951886,3,2018-11-23,0.05396119009219569,-0.001804564801243802,0.4177643289426842
ACN,5,0.01,2019-06-28,2019-07-08,165.13778686523438,170.08914184570312,hold_days,0.029983173896531934,0.028983173896531933,1,2019-06-27,0.01101010911152045,0.017973064785011483,1.7387496392898185
ACN,5,0.01,2019-08-26,2019-08-27,174.70089721679688,176.2113037109375,resistance,0.008645671076698891,0.007645671076698891,3,2019-08-23,-0.0020891345366960135,0.009734805613394903,1.2869512448657365
ACN,5,0.01,2019-09-25,2019-10-02,170.589599609375,165.20928955078125,hold_days,-0.03153949637559306,-0.03253949637559306,1,2019-09-24,-0.0351057876915426,0.0025662913159495426,1.4751295025900517
ACN,5,0.01,2019-10-23,2019-10-30,165.21897888183594,167.471923828125,hold_days,0.013636114697817892,0.01263611469781789,1,2019-10-22,0.010899463755948746,0.0017366509418691445,0.935660959745378
ACN,5,0.01,2021-06-07,2021-06-14,259.0350646972656,262.2662048339844,hold_days,0.012473755784742746,0.011473755784742745,4,2021-06-03,-0.0014949631053856605,0.012968718890128406,0.6492614366689845
ACN,5,0.01,2021-08-03,2021-08-10,293.2093200683594,294.7374267578125,hold_days,0.005211657968774208,0.004211657968774208,1,2021-08-02,0.00615300409841657,-0.001941346129642362,0.9339042178118436
ACN,5,0.01,2021-10-21,2021-10-28,320.4853515625,328.9794921875,hold_days,0.02650399022478722,0.02550399022478722,1,2021-10-20,0.004345905233322567,0.021158084991464654,0.999396950291474
ACN,5,0.01,2022-01-10,2022-01-18,344.3796691894531,322.3900451660156,hold_days,-0.06385285192704093,-0.06485285192704093,3,2022-01-07,-0.011388868115754125,-0.05346398381128681,1.7671930718288333
ACN,5,0.01,2022-03-24,2022-03-31,301.1090393066406,312.1614074707031,hold_days,0.03670553427925194,0.03570553427925194,1,2022-03-23,-0.0010980005440801577,0.036803534823332096,0.5317948183649371
ACN,5,0.01,2022-09-29,2022-10-06,240.63584899902344,251.0711212158203,hold_days,0.04336540985146087,0.04236540985146087,2,2022-09-27,0.032339896942372715,0.010025512909088152,0.9439878361051329
ACN,5,0.01,2023-01-26,2023-02-02,257.7203369140625,276.36376953125,hold_days,0.07233978055602264,0.07133978055602264,1,2023-01-25,0.01808802820884714,0.053251752347175496,1.0593861539220686
ACN,5,0.01,2023-08-08,2023-08-15,298.3863220214844,291.04852294921875,hold_days,-0.02459160668811522,-0.02559160668811522,4,2023-08-04,-0.01259322757653425,-0.012998379111580971,1.0917807869839085
ACN,5,0.01,2024-09-20,2024-09-27,323.47772216796875,336.4468994140625,hold_days,0.04009295341630792,0.03909295341630792,1,2024-09-19,0.005605753146075809,0.03348720027023211,1.2383105394703586
ACN,5,0.01,2024-10-08,2024-10-11,346.72210693359375,348.4811706542969,resistance,0.005073410911869081,0.004073410911869081,1,2024-10-07,0.013878578002132214,-0.009805167090263134,0.5513124522426665
ACN,5,0.01,2025-01-15,2025-01-23,337.8453369140625,352.4068603515625,hold_days,0.043101152647265994,0.042101152647265994,1,2025-01-14,0.029124215119386232,0.012976937527879762,0.77692464843883
ACN,5,0.01,2025-08-27,2025-09-04,251.92861938476562,247.83303833007812,hold_days,-0.01625691064671142,-0.01725691064671142,1,2025-08-26,0.0020199965652922813,-0.019276907212003702,1.1972947864092187
ACN,5,0.01,2026-03-27,2026-04-06,188.71131896972656,194.93310546875,hold_days,0.03296986387987433,0.03196986387987433,2,2026-03-25,0.02389392806896473,0.008075935810909596,0.42468232864108846
ADBE,5,0.01,2015-07-09,2015-07-16,80.47000122070312,82.5199966430664,hold_days,0.025475275149317023,0.024475275149317022,1,2015-07-08,0.03725420638608612,-0.012778931236769098,1.1270904551356948
ADBE,5,0.01,2016-02-11,2016-02-19,74.94000244140625,80.87000274658203,hold_days,0.07912997213754158,0.07812997213754158,2,2016-02-09,0.05123300970621747,0.026896962431324112,1.2896331013660014
ADBE,5,0.01,2016-03-10,2016-03-16,84.8499984741211,88.16999816894531,resistance,0.03912786982355465,0.03812786982355465,2,2016-03-08,0.02200860853146125,0.0161192612920934,1.031605779560494
ADBE,5,0.01,2016-05-05,2016-05-12,93.5,95.95999908447266,hold_days,0.026310150636071228,0.025310150636071227,1,2016-05-04,0.01151893189815878,0.013791218737912447,0.6862151266571732
ADBE,5,0.01,2016-08-03,2016-08-10,96.66999816894531,100.62000274658203,hold_days,0.040860708104426546,0.039860708104426545,1,2016-08-02,0.01125063547113525,0.028610072633291295,1.2200585993206627
ADBE,5,0.01,2016-09-14,2016-09-21,98.79000091552734,107.77999877929688,hold_days,0.09100109100572462,0.09000109100572462,1,2016-09-13,0.018217167076681307,0.07178392392904331,1.9646450798512134
ADBE,5,0.01,2016-12-02,2016-12-09,99.7300033569336,104.30999755859375,hold_days,0.045923935099734914,0.04492393509973491,1,2016-12-01,0.03619735540300062,0.008726579696734293,2.401906066205784
ADBE,5,0.01,2017-06-13,2017-06-20,139.08999633789062,140.91000366210938,hold_days,0.01308510584612721,0.012085105846127209,1,2017-06-12,0.0007161180033059544,0.011368987842821254,2.8236034788989604
ADBE,5,0.01,2017-07-28,2017-08-04,146.72999572753906,147.7100067138672,hold_days,0.00667900916556885,0.00567900916556885,1,2017-07-27,0.006016256090930483,-0.00033724692536163305,1.859188326493388
ADBE,5,0.01,2017-09-26,2017-10-03,145.39999389648438,148.60000610351562,hold_days,0.022008337973586478,0.021008337973586477,1,2017-09-25,0.016230026531401043,0.0047783114421854345,1.4568611142691312
ADBE,5,0.01,2017-11-01,2017-11-08,176.25,184.05999755859375,hold_days,0.04431204288563828,0.04331204288563828,1,2017-10-31,0.00950220519220002,0.03380983769343826,0.6098890881165183
ADBE,5,0.01,2018-06-28,2018-07-06,239.80999755859375,248.19000244140625,hold_days,0.03494435164557719,0.03394435164557719,1,2018-06-27,0.014325168535327393,0.019619183110249794,0.8239158073174178
ADBE,5,0.01,2018-09-06,2018-09-13,259.75,268.5199890136719,hold_days,0.03376319158295238,0.03276319158295238,1,2018-09-05,0.0136989651859043,0.01906422639704808,1.6242628930914824
ADBE,5,0.01,2018-11-02,2018-11-09,239.63999938964844,244.83999633789062,hold_days,0.021699202810408602,0.0206992028104086,3,2018-10-30,0.025245651921070866,-0.004546449110662265,1.1163975603852274
ADBE,5,0.01,2019-12-12,2019-12-19,305.9599914550781,327.6300048828125,hold_days,0.07082629766289572,0.06982629766289572,1,2019-12-11,0.010460978940977306,0.059365318721918414,1.4816801076628856
ADBE,5,0.01,2020-03-16,2020-03-23,286.0299987792969,307.2699890136719,hold_days,0.07425791114576041,0.07325791114576041,4,2020-03-12,-0.08009832078130652,0.15335623192706693,1.4487433551006177
ADBE,5,0.01,2020-11-19,2020-11-27,466.4100036621094,477.0299987792969,hold_days,0.022769655525830323,0.021769655525830323,1,2020-11-18,0.027182103416217185,-0.005412447890386862,0.6860912881836139
ADBE,5,0.01,2021-08-11,2021-08-18,626.030029296875,626.77001953125,hold_days,0.0011820363237304843,0.00018203632373048426,1,2021-08-10,-0.01605941950831513,0.016241455832045615,1.210161553935127
ADBE,5,0.01,2022-04-08,2022-04-18,445.3399963378906,425.4700012207031,hold_days,-0.0446175849476399,-0.0456175849476399,2,2022-04-06,-0.011972652163013353,-0.03364493278462655,0.8000309562554644
ADBE,5,0.01,2022-04-25,2022-05-02,413.95001220703125,407.2900085449219,hold_days,-0.016088907997853785,-0.017088907997853786,3,2022-04-22,-0.03147804478226934,0.014389136784415557,1.2863427620096994
ADBE,5,0.01,2023-02-08,2023-02-15,378.3599853515625,375.94000244140625,hold_days,-0.006395980029198056,-0.007395980029198056,2,2023-02-06,0.006340024247089682,-0.013736004276287739,0.8411158557580017
ADBE,5,0.01,2023-06-28,2023-07-06,482.42999267578125,481.2900085449219,hold_days,-0.0023630042662490247,-0.0033630042662490247,2,2023-06-26,0.0026951972804794,-0.006058201546728425,0.4586605000622256
ADBE,5,0.01,2024-02-07,2024-02-14,615.8499755859375,604.6599731445312,hold_days,-0.01817001361534476,-0.01917001361534476,1,2024-02-06,0.000419601862367891,-0.019589615477712652,1.3259758050512263
ADBE,5,0.01,2024-04-17,2024-04-24,474.45001220703125,477.1199951171875,hold_days,0.005627532598715845,0.004627532598715845,2,2024-04-15,0.02248415132271875,-0.017856618724002904,1.0101612606831814
ADBE,5,0.01,2025-10-03,2025-10-10,346.739990234375,337.510009765625,hold_days,-0.02661931340111967,-0.02761931340111967,2,2025-10-01,-0.02585901506687238,-0.00176029833424729,1.3163490974721936
ADBE,5,0.01,2025-12-10,2025-12-16,343.1300048828125,347.8900146484375,resistance,0.01387232156293261,0.01287232156293261,2,2025-12-08,-0.0038347725710344838,0.016707094133967093,1.053186713991714
ADBE,5,0.01,2026-01-06,2026-01-13,335.989990234375,309.92999267578125,hold_days,-0.07756182718543247,-0.07856182718543248,1,2026-01-05,0.011273989071411528,-0.089835816256844,1.496140321550319
ADBE,5,0.01,2026-05-14,2026-05-21,237.00999450683594,244.10000610351562,hold_days,0.02991439922789918,0.02891439922789918,1,2026-05-13,0.0129963159984392,0.01591808322945998,0.9345871125406898
GOOG,5,0.01,2015-12-15,2015-12-22,36.82124328613281,37.14814376831055,hold_days,0.00887804031051953,0.00787804031051953,4,2015-12-11,-0.002664826772677875,0.010542867083197405,1.0602882855399633
GOOG,5,0.01,2016-02-10,2016-02-18,33.88505935668945,34.54035186767578,hold_days,0.019338685645742038,0.018338685645742037,1,2016-02-09,0.03861805887218206,-0.020279373226440023,0.8622036615404464
GOOG,5,0.01,2017-02-02,2017-02-09,39.55187225341797,40.09820556640625,hold_days,0.013813083473970478,0.012813083473970477,1,2017-02-01,0.01415763002937842,-0.0013445465554079439,1.0066608142758657
GOOG,5,0.01,2017-03-27,2017-04-03,40.59103775024414,41.53409957885742,hold_days,0.023233252483366496,0.022233252483366495,3,2017-03-24,0.008878635491192943,0.013354616992173551,1.2106951871657754
GOOG,5,0.01,2017-06-20,2017-06-27,47.08551788330078,45.93145751953125,hold_days,-0.024509879377982324,-0.025509879377982325,4,2017-06-16,-0.010656669309685785,-0.01485321006829654,1.512376298106292
GOOG,5,0.01,2017-09-19,2017-09-26,45.658042907714844,45.809112548828125,hold_days,0.0033087191542271466,0.0023087191542271466,1,2017-09-18,-0.0019484626550551054,0.004257181809282252,0.9729242817899603
GOOG,5,0.01,2017-10-24,2017-10-31,48.07168197631836,50.35505294799805,hold_days,0.04749929434140765,0.04649929434140765,1,2017-10-23,-0.00025938068698239114,0.04675867502839004,1.2592415931314096
GOOG,5,0.01,2017-12-05,2017-12-12,49.78594970703125,51.535865783691406,hold_days,0.03514879372509028,0.034148793725090276,1,2017-12-04,0.014156722968175606,0.01999207075691467,1.4062937991472537
GOOG,5,0.01,2018-03-02,2018-03-09,53.439842224121094,57.45777893066406,hold_days,0.07518616334404893,0.07418616334404893,1,2018-03-01,0.03779335141888951,0.03639281192515942,1.591465458892888
GOOG,5,0.01,2018-05-02,2018-05-09,50.73842239379883,53.630035400390625,hold_days,0.05699059746377144,0.05599059746377144,2,2018-04-30,0.029505276671530245,0.026485320792241196,0.7700069108500346
GOOG,5,0.01,2018-09-19,2018-09-26,58.005096435546875,58.47069549560547,hold_days,0.008026864683794654,0.007026864683794654,2,2018-09-17,0.004463830648515632,0.0025630340352790224,0.8713543507693129
GOOG,5,0.01,2018-10-15,2018-10-22,54.10008239746094,54.54140853881836,hold_days,0.008157587230923191,0.007157587230923191,4,2018-10-11,0.0003898073007273517,0.0067677799301958394,1.81435611583824
GOOG,5,0.01,2019-07-22,2019-07-29,56.36958694458008,61.38904571533203,hold_days,0.08904551271037064,0.08804551271037064,3,2019-07-19,0.012171252517615638,0.075874260192755,1.407454244065827
GOOG,5,0.01,2019-10-03,2019-10-10,58.83423614501953,59.86646270751953,hold_days,0.01754465818092177,0.016544658180921767,1,2019-10-02,0.011637767252089093,0.0049068909288326745,1.1479686122878343
GOOG,5,0.01,2019-12-31,2020-01-08,66.22373962402344,69.55718231201172,hold_days,0.05033606840860183,0.04933606840860183,1,2019-12-30,0.006978281158436239,0.04235778725016559,0.7482431345185797
GOOG,5,0.01,2020-06-12,2020-06-19,69.99601745605469,70.91433715820312,hold_days,0.013119599307560348,0.012119599307560347,1,2020-06-11,0.012119962804159501,-3.6349659915391186e-07,1.3434487225329403
GOOG,5,0.01,2020-08-05,2020-08-12,72.98916625976562,74.62419128417969,hold_days,0.022400927537589155,0.021400927537589154,1,2020-08-04,0.027830328213367395,-0.006429400675778241,1.1319576593720266
GOOG,5,0.01,2021-03-29,2021-04-06,101.8329849243164,110.19377899169922,hold_days,0.08210300497031153,0.08110300497031153,3,2021-03-26,0.013812044592297124,0.06729096037801441,0.9707191836469403
GOOG,5,0.01,2021-05-13,2021-05-20,112.03732299804688,116.69917297363281,hold_days,0.04160979440455925,0.04060979440455925,1,2021-05-12,0.002488626304408381,0.03812116810015087,1.0549489044041263
GOOG,5,0.01,2021-11-11,2021-11-18,145.37109375,149.29493713378906,hold_days,0.026991909344350473,0.025991909344350472,1,2021-11-10,0.005383852592359295,0.020608056751991177,0.8572226710255113
GOOG,5,0.01,2022-02-14,2022-02-22,134.030517578125,128.1883544921875,hold_days,-0.04358830504800648,-0.04458830504800648,3,2022-02-11,-0.023417842559557367,-0.021170462488449115,0.8582157215708303
GOOG,5,0.01,2022-03-08,2022-03-15,126.08426666259766,128.4439239501953,hold_days,0.01871492256771501,0.017714922567715008,1,2022-03-07,0.01874017862942856,-0.001025256061713553,1.3551430963037778
GOOG,5,0.01,2023-02-27,2023-03-06,89.25462341308594,94.68319702148438,hold_days,0.06082120343810149,0.05982120343810149,3,2023-02-24,0.01964429887746566,0.04017690456063583,0.7326824419220704
GOOG,5,0.01,2023-12-06,2023-12-13,130.19680786132812,132.7129669189453,hold_days,0.019325812198845327,0.018325812198845326,2,2023-12-04,0.029945514276074503,-0.011619702077229177,1.2116265832292124
GOOG,5,0.01,2024-02-01,2024-02-08,141.3709716796875,145.83865356445312,hold_days,0.03160254068910495,0.03060254068910495,1,2024-01-31,0.0030980775723807863,0.027504463116724165,2.114977320227217
GOOG,5,0.01,2024-05-31,2024-06-07,172.32777404785156,174.29908752441406,hold_days,0.011439325363856279,0.010439325363856278,1,2024-05-30,0.0058575875948521094,0.004581737769004168,1.1755159893477196
GOOG,5,0.01,2024-08-07,2024-08-14,159.42294311523438,160.69236755371094,hold_days,0.007962620772588469,0.006962620772588469,1,2024-08-06,0.0295396171750979,-0.02257699640250943,1.619211486360574
GOOG,5,0.01,2024-10-10,2024-10-17,162.04586791992188,163.36663818359375,hold_days,0.008150595140905104,0.007150595140905104,1,2024-10-09,0.014145614936801776,-0.006995019795896672,1.4140727068522818
GOOG,5,0.01,2025-06-04,2025-06-11,168.59544372558594,178.16522216796875,hold_days,0.056761785674107834,0.05576178567410783,1,2025-06-03,0.01945481676040184,0.036306968913705995,0.8378180632501204
GOOG,5,0.01,2026-09-10,2026-09-17,330.3900146484375,343.67999267578125,hold_days,0.04022512012502988,0.03922512012502988,1,2026-09-09,0.0007573903351121292,0.03846772978991775,1.2216303068534782
MO,5,0.01,2016-02-05,2016-02-12,29.254798889160156,29.337966918945312,hold_days,0.002842885028889075,0.001842885028889075,1,2016-02-04,-0.01048529341035731,0.012328178439246384,0.8559996772197864
MO,5,0.01,2016-03-28,2016-04-04,30.42290496826172,31.212732315063477,hold_days,0.025961601879430418,0.024961601879430417,4,2016-03-24,0.01216912275899329,0.012792479120437128,0.8208664790466813
MO,5,0.01,2016-09-20,2016-09-27,31.65079116821289,31.826698303222656,hold_days,0.005557748432728937,0.004557748432728937,1,2016-09-19,0.009943398203888787,-0.00538564977115985,0.5605088891068496
MO,5,0.01,2016-10-06,2016-10-13,31.052650451660156,31.510055541992188,hold_days,0.014729985482046848,0.013729985482046847,1,2016-10-05,-0.014463308084979198,0.028193293567026045,1.8204894026904983
MO,5,0.01,2017-10-09,2017-10-16,33.11670684814453,34.05441665649414,hold_days,0.028315309630557284,0.027315309630557283,3,2017-10-06,0.007174862289383244,0.02014044734117404,1.1377187806340474
MO,5,0.01,2017-11-07,2017-11-14,33.50221252441406,34.24197006225586,resistance,0.022080856221144085,0.021080856221144084,1,2017-11-06,-0.0018729788189695284,0.022953835040113613,0.8958211362982347
MO,5,0.01,2018-01-18,2018-01-25,36.810787200927734,36.74772644042969,hold_days,-0.0017131054588384043,-0.0027131054588384043,2,2018-01-16,0.017122628072431256,-0.01983573353126966,1.6451220980505905
MO,5,0.01,2018-03-26,2018-04-03,31.663511276245117,33.289180755615234,hold_days,0.05134204684967281,0.050342046849672806,3,2018-03-23,-0.016496055293707346,0.06683810214338015,0.9074167579128916
MO,5,0.01,2019-04-04,2019-04-11,30.663782119750977,31.43880271911621,hold_days,0.025274788228619505,0.024274788228619504,1,2019-04-03,0.0012513289875228928,0.02302345924109661,1.9671870848501465
MO,5,0.01,2019-05-14,2019-05-21,29.141822814941406,29.130584716796875,hold_days,-0.00038563470157293445,-0.0013856347015729345,1,2019-05-13,0.011987090133741773,-0.013372724835314709,0.7694165010077152
MO,5,0.01,2019-07-01,2019-07-09,27.20492935180664,27.58142852783203,hold_days,0.013839373414891387,0.012839373414891386,3,2019-06-28,0.0030305166731690036,0.009808856741722383,2.2570176968723565
MO,5,0.01,2019-11-01,2019-11-08,26.19964027404785,26.984588623046875,hold_days,0.02996027200329765,0.02896027200329765,1,2019-10-31,0.017425649055104575,0.011534622948193074,1.320842837988664
MO,5,0.01,2020-04-22,2020-04-29,22.96306037902832,24.578554153442383,hold_days,0.07035184978607889,0.06935184978607889,1,2020-04-21,0.06273568015078945,0.006616169635289437,1.4699412775541536
MO,5,0.01,2021-09-16,2021-09-23,33.2276611328125,33.24128341674805,hold_days,0.00040996818527494483,-0.0005900318147250552,2,2021-09-14,-0.002933149833097448,0.002343118018372393,1.1635203220092496
MO,5,0.01,2021-10-01,2021-10-08,31.232227325439453,31.82472801208496,hold_days,0.018970811158347978,0.017970811158347977,1,2021-09-30,0.013013800329756409,0.004957010828591568,3.056199566187523
MO,5,0.01,2021-12-01,2021-12-08,29.277660369873047,30.319644927978516,hold_days,0.0355897481199583,0.0345897481199583,1,2021-11-30,0.0421479806862588,-0.0075582325663005046,1.612462100642592
MO,5,0.01,2022-11-17,2022-11-25,32.136138916015625,32.92353820800781,hold_days,0.02450198805929893,0.02350198805929893,1,2022-11-16,0.020811542103582825,0.002690445955716103,1.2319753901336357
MO,5,0.01,2023-03-24,2023-03-31,33.727569580078125,34.22615432739258,hold_days,0.014782706062785866,0.013782706062785866,1,2023-03-23,0.03396541848417933,-0.020182712421393467,1.2062411954896084
MO,5,0.01,2023-05-31,2023-06-07,34.07273483276367,34.594337463378906,hold_days,0.01530850497253522,0.014308504972535219,1,2023-05-30,0.03242510656618114,-0.01811660159364592,1.5069835221370513
MO,5,0.01,2023-10-27,2023-11-03,31.46673583984375,32.56367111206055,hold_days,0.03486015447550295,0.033860154475502946,1,2023-10-26,0.05629481407829706,-0.022434659602794116,3.5849107055785026
MO,5,0.01,2024-05-30,2024-06-06,38.072975158691406,39.12031555175781,hold_days,0.02750876149554915,0.02650876149554915,1,2024-05-29,0.019542272512372394,0.006966488983176755,0.7056237741637603
MO,5,0.01,2024-06-17,2024-06-25,38.27278518676758,39.74546432495117,hold_days,0.03847849407867909,0.03747849407867909,3,2024-06-14,0.015084242495233324,0.022394251583445768,1.186703343104061
MO,5,0.01,2024-11-08,2024-11-15,47.187198638916016,48.828495025634766,hold_days,0.03478266212152614,0.03378266212152614,1,2024-11-07,-0.014432505187053524,0.048215167308579665,0.6759869643217308
MO,5,0.01,2025-04-29,2025-05-06,53.247802734375,54.797119140625,hold_days,0.029096344387743445,0.028096344387743444,1,2025-04-28,0.0037548931757549475,0.024341451211988496,1.1048673941893898
MO,5,0.01,2025-10-17,2025-10-24,60.92929458618164,60.573360443115234,hold_days,-0.005841757162688865,-0.006841757162688865,1,2025-10-16,0.02115636115736974,-0.027998118320058607,0.8004685234075781
MO,5,0.01,2025-11-25,2025-12-03,54.644351959228516,54.70991516113281,hold_days,0.001199816624291028,0.00019981662429102796,1,2025-11-24,0.01673603450815997,-0.016536217883868942,1.591138970545134
MO,5,0.01,2025-12-22,2025-12-30,54.897247314453125,55.100738525390625,hold_days,0.003706765291379588,0.002706765291379588,3,2025-12-19,0.004625474222061943,-0.0019187089306823548,4.309426259708488
MO,5,0.01,2026-03-25,2026-04-01,61.85237503051758,63.50100326538086,hold_days,0.02665424301087649,0.025654243010876487,1,2026-03-24,-0.0006969415678982349,0.026351184578774722,0.7998453492369367
MO,5,0.01,2026-04-20,2026-04-27,62.657291412353516,64.00527954101562,hold_days,0.021513667416468207,0.020513667416468206,3,2026-04-17,-0.01685493284097095,0.037368600257439155,1.1845000540672395
MO,5,0.01,2026-05-11,2026-05-18,66.5363998413086,71.49195861816406,hold_days,0.07447891362734738,0.07347891362734738,3,2026-05-08,0.014299545177903328,0.05917936844944405,0.6203431973680872
AMZN,5,0.01,2016-01-19,2016-01-26,28.724000930786133,30.0625,hold_days,0.046598629224359644,0.045598629224359644,4,2016-01-15,0.008867754293007346,0.0367308749313523,1.2696411504323744
AMZN,5,0.01,2016-05-18,2016-05-25,34.872501373291016,35.41749954223633,hold_days,0.01562830733337428,0.01462830733337428,1,2016-05-17,0.023887972769413457,-0.009259665436039177,0.9948561349526407
AMZN,5,0.01,2016-08-04,2016-08-11,38.03850173950195,38.5620002746582,hold_days,0.013762333194438314,0.012762333194438313,1,2016-08-03,0.017401145225109715,-0.004638812030671402,0.9810420438763966
AMZN,5,0.01,2016-09-13,2016-09-20,38.050498962402344,39.01100158691406,hold_days,0.025242839140185547,0.024242839140185546,4,2016-09-09,0.005092441919338109,0.019150397220847437,1.9272172527432732
AMZN,5,0.01,2017-02-07,2017-02-14,40.625,41.81949996948242,hold_days,0.029403076171875098,0.028403076171875097,1,2017-02-06,0.020588131650755903,0.007814944521119194,0.861647373028998
AMZN,5,0.01,2018-04-25,2018-05-02,73.00849914550781,78.48400115966797,hold_days,0.07499814512345115,0.07399814512345115,1,2018-04-24,-0.005604258172812515,0.07960240329626367,1.6903520899632596
AMZN,5,0.01,2018-08-21,2018-08-28,94.1709976196289,96.64099884033203,hold_days,0.02622889512841131,0.02522889512841131,1,2018-08-20,0.009977638651885057,0.015251256476526254,0.6429683480745771
AMZN,5,0.01,2018-09-19,2018-09-26,96.32099914550781,98.74250030517578,hold_days,0.025139909066037802,0.0241399090660378,2,2018-09-17,0.004463830648515632,0.01967607841752217,1.3614814042365009
AMZN,5,0.01,2018-11-23,2018-11-30,75.10299682617188,84.50849914550781,hold_days,0.12523471388372487,0.12423471388372487,3,2018-11-20,0.05795876140704226,0.06627595247668261,1.6384598585768828
AMZN,5,0.01,2019-05-14,2019-05-21,92.00599670410156,92.8759994506836,hold_days,0.009455935240612945,0.008455935240612944,1,2019-05-13,0.011987090133741773,-0.0035311548931288295,1.219776604181079
AMZN,5,0.01,2019-09-12,2019-09-19,92.17749786376953,91.07499694824219,hold_days,-0.011960629666437073,-0.012960629666437073,2,2019-09-10,-0.0013720998749663371,-0.011588529791470736,0.8931066883061416
AMZN,5,0.01,2019-12-11,2019-12-18,87.43599700927734,89.20149993896484,hold_days,0.020191945995654104,0.019191945995654103,1,2019-12-10,0.017055105003831672,0.0021368409918224307,0.8387430363278513
AMZN,5,0.01,2021-01-19,2021-01-26,156.03799438476562,166.30650329589844,hold_days,0.06580774734781736,0.06480774734781736,4,2021-01-15,-0.0026235030690823224,0.06743125041689968,1.2104548617845368
AMZN,5,0.01,2021-04-23,2021-04-30,167.04400634765625,173.37100219726562,hold_days,0.03787622188874873,0.03687622188874873,1,2021-04-22,0.00239573406797966,0.03448048782076907,0.8358056199717576
AMZN,5,0.01,2021-05-13,2021-05-20,158.07350158691406,162.38400268554688,hold_days,0.027268967001801814,0.026268967001801813,1,2021-05-12,0.002488626304408381,0.02378034069739343,0.9147206955464717
AMZN,5,0.01,2021-08-20,2021-08-27,159.99749755859375,167.48150634765625,hold_days,0.046775786517046836,0.045775786517046835,1,2021-08-19,0.01914602031480439,0.026629766202242444,1.4295701728529426
AMZN,5,0.01,2021-09-15,2021-09-22,173.7895050048828,169.00250244140625,hold_days,-0.027544831106700363,-0.028544831106700363,1,2021-09-14,-0.020250851419268967,-0.008293979687431396,0.6423210975403503
AMZN,5,0.01,2022-04-01,2022-04-08,163.55999755859375,154.4604949951172,hold_days,-0.05563403460076943,-0.056634034600769434,1,2022-03-31,-0.003031529598803706,-0.05360250500196573,0.9220743674827552
AMZN,5,0.01,2023-08-10,2023-08-17,138.55999755859375,133.97999572753906,hold_days,-0.03305428631461915,-0.03405428631461915,1,2023-08-09,-0.017607023092862883,-0.01644726322175627,0.7665450171807613
AMZN,5,0.01,2023-10-05,2023-10-10,125.95999908447266,129.47999572753906,resistance,0.02794535303787815,0.02694535303787815,2,2023-10-03,0.024484045586344427,0.002461307451533723,0.8760475534208073
AMZN,5,0.01,2024-02-21,2024-02-28,168.58999633789062,173.16000366210938,hold_days,0.027107227139737677,0.026107227139737677,1,2024-02-20,0.009483516913996404,0.016623710225741273,0.8528467875148835
AMZN,5,0.01,2024-08-06,2024-08-13,161.92999267578125,170.22999572753906,hold_days,0.05125673702941613,0.05025673702941613,1,2024-08-05,0.023180173990617448,0.027076563038798684,1.570924889411002
AMZN,5,0.01,2025-07-09,2025-07-16,222.5399932861328,223.19000244140625,hold_days,0.0029208644508120774,0.0019208644508120773,1,2025-07-08,-0.0026769348176739483,0.004597799268486026,0.967191440486991
AMZN,5,0.01,2025-08-05,2025-08-12,213.75,221.47000122070312,hold_days,0.03611696477521931,0.035116964775219306,1,2025-08-04,0.015148932243176816,0.01996803253204249,1.5662084673275338
AMZN,5,0.01,2025-11-07,2025-11-14,244.41000366210938,234.69000244140625,hold_days,-0.03976924460972875,-0.04076924460972875,1,2025-11-06,0.014620398821223235,-0.055389643430951985,0.6924413977128642
AMZN,5,0.01,2026-03-30,2026-04-07,200.9499969482422,213.77000427246094,hold_days,0.06379700183583847,0.06279700183583847,3,2026-03-27,0.020654835071079347,0.042142166764759126,1.3222747550855587
AMZN,5,0.01,2026-06-12,2026-06-22,238.5500030517578,232.7899932861328,hold_days,-0.024145921995126773,-0.025145921995126774,2,2026-06-10,-0.01361967810084741,-0.011526243894279364,0.8541547696516554
AMZN,5,0.01,2026-08-20,2026-08-27,260.1099853515625,256.260009765625,hold_days,-0.014801337137188009,-0.01580133713718801,2,2026-08-18,-0.0016439520796222018,-0.014157385057565808,0.8722648783439345
AXP,5,0.01,2015-09-30,2015-10-05,63.44910430908203,66.16234588623047,resistance,0.04276248824461448,0.04176248824461448,1,2015-09-29,0.035819998966585054,0.005942489278029428,0.9741858273756728
AXP,5,0.01,2016-05-06,2016-05-13,55.93624496459961,55.59809112548828,hold_days,-0.006045343932638558,-0.007045343932638558,1,2016-05-05,-0.0030051526539788265,-0.004040191278659732,0.7907333850408568
AXP,5,0.01,2016-08-12,2016-08-19,56.975982666015625,57.10670852661133,hold_days,0.002294402912925486,0.0012944029129254861,2,2016-08-10,0.0038201496418910352,-0.002525746728965549,0.8498483361189965
AXP,5,0.01,2016-08-29,2016-09-06,57.097991943359375,57.307159423828125,resistance,0.003663307120786996,0.002663307120786996,3,2016-08-26,-0.00038744874266671836,0.0030507558634537144,1.1378616265304264
AXP,5,0.01,2016-09-15,2016-09-22,55.62523651123047,56.32240295410156,hold_days,0.012533276019965234,0.011533276019965233,1,2016-09-14,0.016273032707187607,-0.004739756687222374,1.278185706310381
AXP,5,0.01,2016-11-21,2016-11-29,62.65790557861328,62.61407470703125,hold_days,-0.0006995265988748445,-0.0016995265988748445,3,2016-11-18,0.005323292201686369,-0.007022818800561214,0.9737790106565917
AXP,5,0.01,2017-01-25,2017-01-30,67.63089752197266,67.97392272949219,resistance,0.00507201915231259,0.00407201915231259,2,2017-01-23,-0.007724681693458302,0.011796700845770891,0.7597496619478981
AXP,5,0.01,2017-03-24,2017-03-31,68.78315734863281,69.58354949951172,hold_days,0.011636455518057254,0.010636455518057253,3,2017-03-21,0.008398915904652027,0.002237539613405226,1.6329704510108864
AXP,5,0.01,2017-08-14,2017-08-21,75.77127075195312,75.62056732177734,hold_days,-0.0019889257324076093,-0.0029889257324076093,3,2017-08-11,-0.017629072876665708,0.014640147144258098,1.0347470103051204
AXP,5,0.01,2017-11-16,2017-11-24,83.26346588134766,83.1922607421875,hold_days,-0.0008551786597692512,-0.0018551786597692512,1,2017-11-15,0.008227053382843907,-0.01008223204261316,1.205343343723582
AXP,5,0.01,2018-05-04,2018-05-11,88.16487121582031,90.91694641113281,hold_days,0.031215099135977198,0.030215099135977197,1,2018-05-03,0.02943554571744289,0.0007795534185343067,0.7981847959906424
AXP,5,0.01,2018-10-30,2018-11-06,92.16859436035156,94.78699493408203,hold_days,0.02840881530093986,0.02740881530093986,1,2018-10-29,0.03248860597458769,-0.005079790673647833,1.0088059594925862
AXP,5,0.01,2019-03-28,2019-04-04,98.96453094482422,100.18830108642578,hold_days,0.01236574487766573,0.011365744877665729,1,2019-03-27,0.02387913942906028,-0.012513394551394552,0.9453565496435069
AXP,5,0.01,2019-04-12,2019-04-16,100.90705108642578,101.78956604003906,resistance,0.00874582047648409,0.00774582047648409,1,2019-04-11,0.0005395956223046561,0.007206224854179434,0.6032656308085049
AXP,5,0.01,2019-07-22,2019-07-29,114.99456787109375,116.08061218261719,hold_days,0.009444309688966035,0.008444309688966034,3,2019-07-19,0.012171252517615638,-0.0037269428286496042,2.846896049517568
AXP,5,0.01,2021-08-05,2021-08-12,159.62734985351562,158.58277893066406,hold_days,-0.006543809214461849,-0.007543809214461849,1,2021-08-04,0.01398853051654303,-0.02153233973100488,0.7839216874531392
AXP,5,0.01,2021-09-14,2021-09-21,150.07586669921875,153.64234924316406,hold_days,0.023764530716275933,0.022764530716275932,4,2021-09-10,-0.02008657252851964,0.042851103244795574,0.8775899591569031
AXP,5,0.01,2022-03-08,2022-03-15,151.3656005859375,166.48797607421875,hold_days,0.09990628934013013,0.09890628934013013,1,2022-03-07,0.01874017862942856,0.08016611071070157,1.6100615360357182
AXP,5,0.01,2023-09-08,2023-09-15,152.0415802001953,158.145263671875,hold_days,0.04014483053677087,0.03914483053677087,1,2023-09-07,0.005671756875409217,0.03347307366136165,0.9296229866278347
AXP,5,0.01,2023-10-04,2023-10-11,141.61123657226562,146.92539978027344,hold_days,0.03752642330254585,0.03652642330254585,1,2023-10-03,0.02377724563072503,0.012749177671820822,1.5219447253362821
AXP,5,0.01,2023-10-30,2023-11-06,138.9347686767578,148.36062622070312,hold_days,0.06784376318267227,0.06684376318267227,3,2023-10-27,0.03984822145586797,0.026995541726804295,0.8594711599677433
AXP,5,0.01,2024-08-07,2024-08-14,223.9481964111328,238.59095764160156,hold_days,0.06538459101312433,0.06438459101312433,2,2024-08-05,0.0295396171750979,0.03484497383802643,1.5493372700086168
AXP,5,0.01,2024-09-10,2024-09-17,240.2157745361328,259.7721252441406,hold_days,0.0814116006568344,0.08041160065683439,4,2024-09-06,0.01875382576836082,0.06165777488847357,1.4344954330189197
AXP,5,0.01,2024-11-20,2024-11-27,282.34478759765625,298.576416015625,hold_days,0.05748867742902686,0.05648867742902686,2,2024-11-18,0.027416963760906743,0.029071713668120114,0.7643837837439477
AXP,5,0.01,2025-01-13,2025-01-21,292.1665344238281,312.7545471191406,hold_days,0.07046670398412824,0.06946670398412824,3,2025-01-10,0.0375076666753098,0.03195903730881844,1.4807810010090594
AXP,5,0.01,2025-09-12,2025-09-19,321.8671875,337.5098571777344,hold_days,0.048599765012500296,0.047599765012500295,2,2025-09-10,0.014574266229925081,0.03302549878257521,0.725973219270174
AXP,5,0.01,2025-11-19,2025-11-26,341.85662841796875,361.030517578125,hold_days,0.05608751612887675,0.055087516128876746,1,2025-11-18,0.02256797050811965,0.032519545620757095,1.6232446415373245
AXP,5,0.01,2026-01-02,2026-01-09,370.54107666015625,373.4041442871094,hold_days,0.007726721292978356,0.006726721292978356,2,2025-12-31,0.02855434147403524,-0.021827620181056884,0.5677159604186871
AXP,5,0.01,2026-04-28,2026-05-05,315.0376281738281,315.0874938964844,hold_days,0.000158284973592826,-0.000841715026407174,4,2026-04-24,0.013963842837803941,-0.014805557864211116,0.9790507354178143
AXP,5,0.01,2026-08-18,2026-08-25,338.5199890136719,335.95001220703125,hold_days,-0.007591802227480349,-0.00859180222748035,1,2026-08-17,0.007206092044206969,-0.01579789427168732,1.1608149349756673
AEP,5,0.01,2015-11-09,2015-11-16,37.370765686035156,38.59288787841797,hold_days,0.032702626503569254,0.03170262650356925,3,2015-11-06,-0.010042229340795683,0.041744855844364936,1.8420280940664875
AEP,5,0.01,2015-11-27,2015-12-04,38.40750503540039,38.338844299316406,hold_days,-0.0017876906094447254,-0.0027876906094447254,2,2015-11-25,0.0009139467223078235,-0.003701637331752549,0.7960491045677563
AEP,5,0.01,2016-05-24,2016-06-01,44.46234130859375,45.342777252197266,hold_days,0.019801834939208396,0.018801834939208395,1,2016-05-23,0.013007664671426111,0.005794170267782284,0.870365255817165
AEP,5,0.01,2016-09-13,2016-09-20,44.95917892456055,45.8046875,hold_days,0.018806139161442026,0.017806139161442025,4,2016-09-09,0.005092441919338109,0.012713697242103916,1.3844439104024926
AEP,5,0.01,2016-11-15,2016-11-22,42.2888069152832,42.08254623413086,hold_days,-0.0048774296604192635,-0.0058774296604192635,1,2016-11-14,0.006738012215914857,-0.012615441876334121,2.0231061797592154
AEP,5,0.01,2017-01-27,2017-01-31,44.7851676940918,45.56037902832031,resistance,0.017309555242120522,0.01630955524212052,2,2017-01-25,-0.008504221474137541,0.024813776716258062,1.0917186947814819
AEP,5,0.01,2017-04-04,2017-04-11,48.30339050292969,48.37517166137695,hold_days,0.0014860480330654013,0.0004860480330654013,4,2017-03-31,-0.003444874247337526,0.003930922280402927,0.8847378126847527
AEP,5,0.01,2017-08-14,2017-08-16,51.8748779296875,52.58310317993164,resistance,0.013652567071176236,0.012652567071176235,3,2017-08-11,0.0022050363379619853,0.01044753073321425,0.9794078475566028
AEP,5,0.01,2017-12-06,2017-12-13,56.48569107055664,56.323734283447266,hold_days,-0.0028672179456399327,-0.0038672179456399327,1,2017-12-05,0.016238930251521122,-0.020106148197161056,1.343953893552557
AEP,5,0.01,2018-06-13,2018-06-20,47.609527587890625,50.19032287597656,hold_days,0.05420753825632074,0.05320753825632074,2,2018-06-11,-0.01259307693380407,0.06580061519012481,1.4748692793759475
AEP,5,0.01,2018-09-27,2018-10-04,52.7974739074707,53.4029426574707,hold_days,0.01146775982239423,0.01046775982239423,1,2018-09-26,0.000491423223591303,0.009976336598802926,0.8653399784529952
AEP,5,0.01,2019-02-19,2019-02-26,61.67513656616211,61.9370002746582,hold_days,0.004245855349102934,0.003245855349102934,4,2019-02-15,0.012888805224238187,-0.009642949875135254,1.1066689281416329
AEP,5,0.01,2019-04-08,2019-04-15,64.0395736694336,64.89444732666016,hold_days,0.013349146601745687,0.012349146601745686,4,2019-04-04,0.005671725255957494,0.006677421345788193,0.6831411062493243
AEP,5,0.01,2019-05-31,2019-06-07,66.86197662353516,69.5172119140625,hold_days,0.03971218657619979,0.03871218657619979,1,2019-05-30,0.04438329785276385,-0.005671111276564056,1.148457734871674
AEP,5,0.01,2019-08-02,2019-08-09,68.86505889892578,70.3764877319336,hold_days,0.0219476880899232,0.0209476880899232,2,2019-07-31,-0.00596178697560934,0.02690947506553254,1.6524786056018508
AEP,5,0.01,2019-10-30,2019-11-06,73.6070785522461,71.94877624511719,hold_days,-0.022529114587150012,-0.023529114587150013,1,2019-10-29,0.016253094022228298,-0.03978220860937831,0.911707026860278
AEP,5,0.01,2020-04-16,2020-04-23,66.70659637451172,65.88911437988281,hold_days,-0.01225488990682877,-0.01325488990682877,3,2020-04-13,0.011879084100118842,-0.025133974006947613,0.49500253865792004
AEP,5,0.01,2020-11-02,2020-11-09,73.65778350830078,73.47261810302734,hold_days,-0.0025138606737001856,-0.0035138606737001856,3,2020-10-30,0.07827294160699982,-0.08178680228070001,0.8370158565115674
AEP,5,0.01,2020-12-24,2021-01-04,66.27676391601562,66.37443542480469,hold_days,0.0014736915778330584,0.00047369157783305835,1,2020-12-23,-0.000510154203128721,0.0009838457809617793,0.656283351839674
AEP,5,0.01,2021-10-01,2021-10-08,67.9843978881836,69.8222885131836,hold_days,0.02703400606743389,0.02603400606743389,1,2021-09-30,0.013013800329756409,0.013020205737677482,0.8511699382411784
AEP,5,0.01,2022-07-07,2022-07-14,81.03199005126953,80.8176498413086,hold_days,-0.002645130766569137,-0.003645130766569137,2,2022-07-05,-0.028050060095868856,0.024404929329299718,1.098237063435067
AEP,5,0.01,2022-07-21,2022-07-28,79.5488510131836,83.68961334228516,resistance,0.05205307526585545,0.05105307526585545,1,2022-07-20,0.02033593246337828,0.03071714280247717,1.032264743745555
AEP,5,0.01,2022-09-02,2022-09-12,87.34517669677734,90.87908935546875,hold_days,0.04045916205492994,0.03945916205492994,2,2022-08-31,0.03717758934896276,0.002281572705967183,1.7512406213333047
AEP,5,0.01,2023-05-04,2023-05-11,80.48806762695312,80.54462432861328,hold_days,0.0007026718782998653,-0.0002973281217001347,1,2023-05-03,0.009801093244324655,-0.01009842136602479,0.9135835203869381
AEP,5,0.01,2023-07-19,2023-07-26,75.8281478881836,77.81775665283203,hold_days,0.026238393262384863,0.02523839326238486,1,2023-07-18,0.020656716007280806,0.004581677255104055,1.0829493087557605
AEP,5,0.01,2023-08-23,2023-08-30,71.28413391113281,71.29310607910156,hold_days,0.00012586486608556768,-0.0008741351339144323,2,2023-08-21,0.016443047417641132,-0.017317182551555566,0.792049014443736
AEP,5,0.01,2024-06-27,2024-07-05,81.86485290527344,81.45690155029297,hold_days,-0.004983229560706737,-0.005983229560706737,2,2024-06-25,0.00028522447731149647,-0.006268454038018233,0.6388193477436765
AEP,5,0.01,2024-09-27,2024-10-04,95.27323913574219,93.81382751464844,hold_days,-0.01531816944960196,-0.01631816944960196,1,2024-09-26,0.0012358341985814203,-0.01755400364818338,0.8827141485681164
AEP,5,0.01,2025-02-14,2025-02-24,97.09236145019531,101.34486389160156,hold_days,0.04379852727742772,0.04279852727742772,1,2025-02-13,0.0010332481203525479,0.041765279157075175,1.6254196011321003
AEP,5,0.01,2025-09-19,2025-09-26,103.83869171142578,105.85610961914062,hold_days,0.019428383336351773,0.018428383336351772,1,2025-09-18,-0.0014227480720379049,0.019851131408389677,0.818441138927241
AEP,5,0.01,2025-12-16,2025-12-23,111.99895477294922,112.56593322753906,hold_days,0.005062354874107999,0.004062354874107999,4,2025-12-12,0.007028716269944724,-0.0029663613958367243,0.8866653391742998
AEP,5,0.01,2026-08-24,2026-08-31,121.9800033569336,122.43000030517578,hold_days,0.00368910424543456,0.00268910424543456,3,2026-08-21,-0.010341842384611777,0.013030946630046336,1.7189322360403099
AMGN,5,0.01,2015-09-15,2015-09-22,110.1942367553711,105.69636535644531,hold_days,-0.04081766461989267,-0.04181766461989267,1,2015-09-14,-0.016090574587592665,-0.025727090032300004,0.7523828574545964
AMGN,5,0.01,2016-08-12,2016-08-19,127.66258239746094,128.85003662109375,hold_days,0.009301505588660497,0.008301505588660496,2,2016-08-10,0.0038201496418910352,0.004481355946769461,0.6929839779283792
AMGN,5,0.01,2017-01-26,2017-02-02,114.2992172241211,119.23040008544922,hold_days,0.04314275268971368,0.04214275268971368,2,2017-01-24,-0.004877092693141183,0.047019845382854863,0.9402590626911838
AMGN,5,0.01,2017-06-30,2017-07-10,130.50611877441406,130.48333740234375,hold_days,-0.00017456171621876848,-0.0011745617162187685,3,2017-06-27,0.004822715975220326,-0.005997277691439095,0.5861932215617073
AMGN,5,0.01,2017-12-08,2017-12-15,134.72689819335938,135.97877502441406,hold_days,0.009291959125029337,0.008291959125029336,1,2017-12-07,0.013166928613841167,-0.004874969488811831,1.095312411728151
AMGN,5,0.01,2018-05-31,2018-06-07,140.07614135742188,142.94601440429688,hold_days,0.02048795047510743,0.01948795047510743,2,2018-05-29,0.027878621110288382,-0.008390670635180952,0.8586228151437707
AMGN,5,0.01,2018-07-24,2018-07-31,149.2627716064453,153.27899169921875,hold_days,0.026907044868246466,0.025907044868246465,1,2018-07-23,0.008094342021974565,0.0178127028462719,0.7320680612003928
AMGN,5,0.01,2019-03-28,2019-04-04,149.51028442382812,153.23907470703125,hold_days,0.024940025347238493,0.02394002534723849,1,2019-03-27,0.02387913942906028,6.088591817821065e-05,0.676629098463484
AMGN,5,0.01,2019-07-26,2019-08-02,140.90505981445312,150.4519500732422,hold_days,0.0677540627097466,0.0667540627097466,1,2019-07-25,-0.029684046077163573,0.09643810878691017,0.7810082669297329
AMGN,5,0.01,2019-08-15,2019-08-22,161.30230712890625,164.62852478027344,hold_days,0.020621017210305626,0.019621017210305625,1,2019-08-14,0.029657711533250808,-0.010036694322945183,0.8802517069512367
AMGN,5,0.01,2020-04-23,2020-04-30,190.7497100830078,196.27145385742188,hold_days,0.02894758671984965,0.02794758671984965,1,2020-04-22,0.043377748216431256,-0.015430161496581607,1.0500577603738
AMGN,5,0.01,2020-10-29,2020-11-05,181.12840270996094,192.89486694335938,hold_days,0.0649620051706632,0.0639620051706632,1,2020-10-28,0.05825649287657986,0.005705512294083337,1.235539161948489
AMGN,5,0.01,2021-02-17,2021-02-24,198.71925354003906,193.97923278808594,hold_days,-0.02385285103236401,-0.02485285103236401,1,2021-02-16,0.01594476640649578,-0.04079761743885979,0.8186453672566192
AMGN,5,0.01,2021-04-09,2021-04-16,209.9705047607422,215.67208862304688,hold_days,0.02715421324914913,0.026154213249149127,1,2021-04-08,0.009412267459227852,0.016741945789921275,0.6906231504185338
AMGN,5,0.01,2021-08-27,2021-09-03,190.68043518066406,193.7531280517578,hold_days,0.016114358393311212,0.015114358393311211,1,2021-08-26,0.0019275090686368124,0.013186849324674399,1.2334249711644365
AMGN,5,0.01,2021-09-29,2021-10-06,183.9358367919922,179.72474670410156,hold_days,-0.02289434273024693,-0.02389434273024693,1,2021-09-28,0.003880478575790214,-0.027774821306037145,1.0854771413909279
AMGN,5,0.01,2021-10-28,2021-11-04,177.31961059570312,183.96151733398438,hold_days,0.037457259893408645,0.036457259893408644,1,2021-10-27,0.013076650590562622,0.023380609302846023,0.8191479356719646
AMGN,5,0.01,2021-12-01,2021-12-08,173.3104248046875,184.2976837158203,hold_days,0.06339641094016657,0.06239641094016657,1,2021-11-30,0.0421479806862588,0.020248430253907768,1.8441956723676303
AMGN,5,0.01,2022-06-17,2022-06-27,205.96536254882812,214.85440063476562,hold_days,0.04315792702197774,0.04215792702197774,1,2022-06-16,0.04254458624209967,-0.0003866592201219321,1.3846439419507257
AMGN,5,0.01,2023-05-04,2023-05-11,208.28662109375,208.64588928222656,hold_days,0.0017248740537918472,0.0007248740537918472,1,2023-05-03,0.009801093244324655,-0.009076219190532808,1.6026257831376824
AMGN,5,0.01,2023-08-03,2023-08-10,209.17288208007812,237.60659790039062,hold_days,0.13593404430612166,0.13493404430612166,1,2023-08-02,0.0028283328185245704,0.1321057114875971,0.899197015504951
AMGN,5,0.01,2023-11-22,2023-11-30,243.74586486816406,248.39801025390625,hold_days,0.019086048447461534,0.018086048447461534,1,2023-11-21,0.009284841558809598,0.008801206888651936,1.1750706397240371
AMGN,5,0.01,2025-07-18,2025-07-24,284.49603271484375,297.80584716796875,resistance,0.04678383148655607,0.04578383148655607,3,2025-07-15,0.012030894301068074,0.033752937185488,0.765861070772545
AMGN,5,0.01,2025-09-29,2025-10-06,266.57513427734375,286.1812438964844,hold_days,0.07354815621603517,0.07254815621603516,4,2025-09-25,0.012230224404971457,0.06031793181106371,0.9138126662841045
AMGN,5,0.01,2025-10-28,2025-11-04,284.2060241699219,288.6916198730469,hold_days,0.015782901563138996,0.014782901563138995,1,2025-10-27,-0.011579267617782718,0.026362169180921713,1.0132021773993178
AAPL,5,0.01,2015-10-16,2015-10-23,24.8616886138916,26.661836624145508,hold_days,0.0724065061794743,0.0714065061794743,2,2015-10-14,0.027189096595848783,0.04421740958362552,0.8655135414606495
AAPL,5,0.01,2017-01-03,2017-01-10,26.69822120666504,27.37858772277832,hold_days,0.025483589743553026,0.024483589743553025,4,2016-12-30,0.007528788777596995,0.01695480096595603,1.1834930152309484
AAPL,5,0.01,2017-04-20,2017-04-27,32.883174896240234,33.194828033447266,hold_days,0.009477586583121145,0.008477586583121144,1,2017-04-19,0.018260221780391328,-0.009782635197270184,0.8486168667524013
AAPL,5,0.01,2017-12-07,2017-12-14,39.54572677612305,40.2230339050293,hold_days,0.017127188804510585,0.016127188804510584,1,2017-12-06,0.00956163098808327,0.006565557816427314,0.9689961932292409
AAPL,5,0.01,2018-03-02,2018-03-09,41.322723388671875,42.206817626953125,hold_days,0.021394868628712205,0.020394868628712204,1,2018-03-01,0.03779335141888951,-0.017398482790177305,1.2740473101212122
AAPL,5,0.01,2019-02-12,2019-02-20,40.68535614013672,40.9567756652832,hold_days,0.006671184693864074,0.005671184693864074,1,2019-02-11,0.012220140216336661,-0.006548955522472587,0.5935449505676074
AAPL,5,0.01,2019-03-27,2019-04-03,44.87080383300781,46.5087890625,hold_days,0.036504477066828356,0.035504477066828355,1,2019-03-26,0.024890261871081565,0.01061421519574679,1.4135376376162998
AAPL,5,0.01,2019-09-25,2019-09-30,53.02602005004883,53.73133087158203,resistance,0.013301221190417323,0.012301221190417322,1,2019-09-24,-0.00109979026685314,0.013401011457270462,1.0077363346025294
AAPL,5,0.01,2020-05-14,2020-05-21,74.86175537109375,76.62965393066406,hold_days,0.023615510360487146,0.022615510360487145,1,2020-05-13,0.041866128258473134,-0.01925061789798599,1.301124393579
AAPL,5,0.01,2020-11-03,2020-11-09,107.03158569335938,112.92457580566406,resistance,0.055058421064486884,0.05405842106448688,1,2020-11-02,0.06136406026689056,-0.00730563920240368,1.020458097332083
AAPL,5,0.01,2021-11-12,2021-11-19,146.50942993164062,156.82437133789062,hold_days,0.07040462454234397,0.06940462454234397,1,2021-11-11,-0.008968123460097677,0.07837274800244165,0.5646548382036649
AAPL,5,0.01,2022-04-12,2022-04-20,163.97804260253906,163.55746459960938,hold_days,-0.0025648434159512012,-0.0035648434159512013,1,2022-04-11,0.023163764162206002,-0.026728607578157204,0.8415513067471735
AAPL,5,0.01,2023-05-24,2023-06-01,169.3182373046875,177.44712829589844,hold_days,0.04800954179899142,0.04700954179899142,1,2023-05-23,0.009642062687021058,0.03736747911197036,1.0225024979604271
AAPL,5,0.01,2023-10-27,2023-11-03,165.97518920898438,174.29266357421875,hold_days,0.050112757243262473,0.04911275724326247,1,2023-10-26,0.05629481407829706,-0.007182056835034589,1.2759728246494682
AAPL,5,0.01,2023-11-30,2023-12-07,187.66209411621094,191.9300994873047,hold_days,0.022743033915260336,0.021743033915260335,1,2023-11-29,0.008727474906532695,0.01301555900872764,0.9633464656072309
AAPL,5,0.01,2024-02-01,2024-02-08,184.60931396484375,186.05172729492188,hold_days,0.007813329127872803,0.006813329127872803,1,2024-01-31,0.0030980775723807863,0.003715251555492017,1.0034551559686602
AAPL,5,0.01,2024-04-22,2024-04-29,164.05157470703125,171.62896728515625,hold_days,0.04618908774058994,0.04518908774058994,3,2024-04-19,0.011852946677194387,0.03333614106339555,1.1252800221656523
AAPL,5,0.01,2024-09-17,2024-09-24,214.9915771484375,225.4837646484375,hold_days,0.048802783993513454,0.047802783993513454,1,2024-09-16,0.015344044280700908,0.032458739712812545,1.263890683997945
AAPL,5,0.01,2025-01-22,2025-01-29,222.21737670898438,237.63548278808594,hold_days,0.06938299023884653,0.06838299023884653,1,2025-01-21,0.008125838045420553,0.06025715219342598,1.982698614259643
AAPL,5,0.01,2025-03-03,2025-03-10,236.57485961914062,226.08935546875,hold_days,-0.04432214043060678,-0.04532214043060678,4,2025-02-27,-0.02117217490110168,-0.024149965529505102,0.914386473685415
AAPL,5,0.01,2025-05-08,2025-05-15,196.28271484375,210.4329376220703,hold_days,0.07209102844121817,0.07109102844121817,1,2025-05-07,0.0353475551429705,0.035743473298247674,1.2577133618751732
AAPL,5,0.01,2025-06-18,2025-06-26,195.63446044921875,200.03321838378906,hold_days,0.022484576206409645,0.021484576206409645,1,2025-06-17,0.018064796056469268,0.003419780149940377,0.7492271272968053
AAPL,5,0.01,2025-08-25,2025-09-02,226.323974609375,228.87454223632812,hold_days,0.011269542395388354,0.010269542395388354,4,2025-08-21,-0.0007303364174600091,0.010999878812848363,0.49509828253547
AAPL,5,0.01,2025-10-13,2025-10-20,246.74851989746094,261.27484130859375,hold_days,0.05887095662081121,0.05787095662081121,3,2025-10-10,0.020279312001982852,0.03759164461882836,1.4909120377985354
AAPL,5,0.01,2026-03-16,2026-03-23,252.36964416503906,251.04200744628906,hold_days,-0.0052606830870743915,-0.0062606830870743915,3,2026-03-13,-0.012130737813315196,0.005870054726240804,0.8810326762208494
AMAT,5,0.01,2016-03-28,2016-04-04,18.01467514038086,18.879737854003906,hold_days,0.04801988972223881,0.047019889722238806,4,2016-03-24,0.01216912275899329,0.034850766963245516,1.0503616725381997
AMAT,5,0.01,2017-08-28,2017-09-05,39.63264083862305,40.40476989746094,hold_days,0.019482150129280118,0.018482150129280117,3,2017-08-25,0.005609832372862833,0.012872317756417284,0.5736450960611644
AMAT,5,0.01,2018-01-12,2018-01-22,48.635658264160156,52.28447341918945,hold_days,0.07502345573716895,0.07402345573716895,1,2018-01-11,0.01705887533166428,0.05696458040550467,1.0650373712174401
AMAT,5,0.01,2018-03-22,2018-03-29,53.74702072143555,50.6932258605957,hold_days,-0.05681793743819408,-0.05781793743819408,3,2018-03-19,0.0017282809663692333,-0.05954621840456331,0.8871211813225284
AMAT,5,0.01,2018-05-21,2018-05-29,45.5792236328125,47.61011505126953,hold_days,0.04455739384281632,0.04355739384281632,3,2018-05-18,-0.020700205842108077,0.0642575996849244,4.187727468142153
AMAT,5,0.01,2018-06-19,2018-06-26,44.43429183959961,42.71364974975586,hold_days,-0.038723292722993796,-0.0397232927229938,1,2018-06-18,-0.01773456235603943,-0.021988730366954368,0.8997033392613252
AMAT,5,0.01,2018-07-25,2018-07-30,42.06385803222656,43.848548889160156,resistance,0.04242813047643601,0.04142813047643601,1,2018-07-24,-0.0069295930500605785,0.04835772352649659,1.1230338693081219
AMAT,5,0.01,2019-02-05,2019-02-12,36.17032241821289,37.6219367980957,hold_days,0.040132746484777826,0.039132746484777825,1,2019-02-04,0.0043513429801798065,0.03478140350459802,0.9851348882961857
AMAT,5,0.01,2019-12-05,2019-12-12,52.575740814208984,56.83152389526367,hold_days,0.08094575587805175,0.07994575587805175,2,2019-12-03,0.021762164792094918,0.05818359108595683,0.8419789914075713
AMAT,5,0.01,2021-07-19,2021-07-26,123.182861328125,132.62600708007812,hold_days,0.07665957463676065,0.07565957463676065,3,2021-07-16,0.03902350288161438,0.03663607175514627,1.2925716504094422
AMAT,5,0.01,2021-10-27,2021-11-03,126.80475616455078,136.96568298339844,hold_days,0.08013048663302591,0.07913048663302591,1,2021-10-26,0.018366489171326883,0.060763997461699026,1.350238642996944
AMAT,5,0.01,2023-02-24,2023-03-03,108.21672058105469,115.65412902832031,hold_days,0.0687269805195676,0.0677269805195676,2,2023-02-22,0.01957389001848342,0.048153090501084184,0.829942645046714
AMAT,5,0.01,2023-06-01,2023-06-08,131.42092895507812,132.75631713867188,hold_days,0.010161153129957023,0.009161153129957023,1,2023-05-31,0.029165029264119458,-0.020003876134162435,1.5033614912220383
AMAT,5,0.01,2023-10-26,2023-11-02,127.80845642089844,135.3007354736328,hold_days,0.058621152798065346,0.057621152798065345,1,2023-10-25,0.03425155522075962,0.023369597577305723,1.1512894001345686
AMAT,5,0.01,2024-03-18,2024-03-25,196.83343505859375,204.4133758544922,hold_days,0.038509416825663,0.037509416825663,3,2024-03-15,0.010738991196477254,0.026770425629185746,1.563634990274884
AMAT,5,0.01,2025-07-21,2025-07-28,191.00311279296875,188.68263244628906,hold_days,-0.012148913767677127,-0.013148913767677128,3,2025-07-18,0.011397666092238579,-0.024546579859915707,0.761838110002178
AMAT,5,0.01,2025-08-18,2025-08-25,162.16571044921875,161.0989532470703,hold_days,-0.006578192141812211,-0.007578192141812211,3,2025-08-15,0.013032423460516807,-0.02061061560232902,4.867765116439247
ADM,5,0.01,2015-07-27,2015-08-03,33.90584945678711,34.22152328491211,hold_days,0.009310305837561206,0.008310305837561205,3,2015-07-24,0.012626749645917146,-0.004316443808355941,0.8593059765396691
ADM,5,0.01,2016-05-16,2016-05-23,27.8472957611084,29.91088104248047,hold_days,0.07410361491021611,0.07310361491021611,3,2016-05-13,-0.007622565031927708,0.08072617994214382,0.8046485473289597
ADM,5,0.01,2016-08-04,2016-08-11,32.35166931152344,32.49221420288086,hold_days,0.004344285607152942,0.0033442856071529423,2,2016-08-02,0.017401145225109715,-0.014056859617956774,1.593279864921908
ADM,5,0.01,2016-10-19,2016-10-26,31.441476821899414,32.23086166381836,hold_days,0.025106481047007634,0.024106481047007633,2,2016-10-17,0.006792677525275126,0.017313803521732507,0.8862042492258059
ADM,5,0.01,2017-03-09,2017-03-16,33.56085968017578,33.88573455810547,hold_days,0.009680171516035063,0.008680171516035062,1,2017-03-08,0.00568652318536178,0.002993648330673282,0.8781698626172567
ADM,5,0.01,2017-05-19,2017-05-26,31.594623565673828,32.31787109375,hold_days,0.022891474765407427,0.021891474765407426,1,2017-05-18,0.01721284720090477,0.004678627564502658,0.8386861774038764
ADM,5,0.01,2018-01-05,2018-01-12,31.07472801208496,31.322214126586914,hold_days,0.007964224639575468,0.006964224639575468,2,2018-01-03,0.01969565998531353,-0.012731435345738062,1.166342130339313
ADM,5,0.01,2018-01-19,2018-01-26,31.677968978881836,33.71198654174805,hold_days,0.06420921632388077,0.06320921632388077,1,2018-01-18,0.02635240866548072,0.03685680765840005,0.7270229648213767
ADM,5,0.01,2018-06-01,2018-06-08,34.414310455322266,35.22323226928711,hold_days,0.0235053907302607,0.0225053907302607,1,2018-05-31,0.02009205457848351,0.00241333615177719,1.1849905725617216
ADM,5,0.01,2018-09-10,2018-09-17,39.29580307006836,39.35906219482422,hold_days,0.0016098188563054006,0.0006098188563054005,3,2018-09-07,0.007757434846067612,-0.007147615989762212,1.0552483307109315
ADM,5,0.01,2018-10-29,2018-11-05,37.16892623901367,38.0307502746582,hold_days,0.023186680995372244,0.022186680995372243,3,2018-10-26,0.04138948266092557,-0.019202801665553326,1.3339282453629258
ADM,5,0.01,2019-12-20,2019-12-30,37.75212097167969,38.024192810058594,hold_days,0.00720679610512498,0.00620679610512498,2,2019-12-18,0.00016420551836726638,0.006042590586757713,1.4250864584806449
ADM,5,0.01,2020-09-24,2020-10-01,38.47909164428711,39.435340881347656,hold_days,0.024851138532593575,0.023851138532593574,1,2020-09-23,0.029844227598188278,-0.005993089065594703,0.7552103432710501
ADM,5,0.01,2020-11-23,2020-12-01,41.604156494140625,42.712242126464844,hold_days,0.026634012697271725,0.025634012697271724,3,2020-11-20,0.01503329110574092,0.010600721591530804,0.7552510427159733
ADM,5,0.01,2021-03-24,2021-03-31,47.99769973754883,48.92469024658203,hold_days,0.019313227802623567,0.018313227802623566,1,2021-03-23,0.022900130672564023,-0.004586902869940457,0.60859454161891
ADM,5,0.01,2021-07-23,2021-07-30,50.065467834472656,51.541290283203125,hold_days,0.029477851951965395,0.028477851951965394,1,2021-07-22,0.0008288134913509992,0.027649038460614395,1.074612835534624
ADM,5,0.01,2021-08-23,2021-08-30,51.49138641357422,52.151187896728516,hold_days,0.012813822448959344,0.011813822448959344,3,2021-08-20,0.01108145868526389,0.0007323637636954539,1.9813803668931924
ADM,5,0.01,2021-09-24,2021-10-01,51.88206100463867,52.78496170043945,hold_days,0.017402945802790226,0.016402945802790225,2,2021-09-22,-0.01142512747644786,0.027828073279238086,1.281999667701903
ADM,5,0.01,2021-12-02,2021-12-09,54.47509765625,55.24333953857422,hold_days,0.014102625151257042,0.013102625151257041,1,2021-12-01,0.023541701552596717,-0.010439076401339675,0.7517823769640756
ADM,5,0.01,2022-05-20,2022-05-27,74.06116485595703,78.40785217285156,hold_days,0.058690507033591466,0.057690507033591465,1,2022-05-19,0.06779880788258175,-0.010108300848990281,1.1280751702489336
ADM,5,0.01,2022-07-15,2022-07-22,63.48099136352539,65.10327911376953,hold_days,0.02555548858640333,0.02455548858640333,1,2022-07-14,0.022606070887440266,0.001949417698963063,1.0829934441215159
ADM,5,0.01,2022-11-11,2022-11-18,82.44087219238281,84.64244079589844,hold_days,0.02670481940533187,0.02570481940533187,2,2022-11-09,-0.0030705329256124347,0.028775352330944304,0.871687906042582
ADM,5,0.01,2023-10-27,2023-11-03,63.354915618896484,65.95098114013672,hold_days,0.040976544532969505,0.039976544532969505,3,2023-10-24,0.05629481407829706,-0.016318269545327557,2.8212506442192065
ADM,5,0.01,2024-06-18,2024-06-26,55.49332809448242,56.19729995727539,hold_days,0.012685702713565616,0.011685702713565616,4,2024-06-14,0.010917726803468586,0.0007679759100970296,0.6788013938724456
ADM,5,0.01,2024-10-23,2024-10-30,52.389591217041016,51.87577438354492,hold_days,-0.009807612954402356,-0.010807612954402357,1,2024-10-22,-0.00980961907018385,-0.0009979938842185065,1.0349303593645431
ADM,5,0.01,2024-11-13,2024-11-20,48.45662307739258,49.998050689697266,hold_days,0.03181046293388623,0.03081046293388623,1,2024-11-12,-0.006637135000866712,0.03744759793475294,0.6657861559704629
ADM,5,0.01,2025-05-07,2025-05-14,45.656105041503906,47.11503982543945,hold_days,0.031954867429214495,0.030954867429214494,2,2025-05-05,0.028347949654938587,0.0026069177742759075,1.2086998314045299
ADM,5,0.01,2025-12-24,2026-01-02,56.612815856933594,57.85715866088867,hold_days,0.02197987832118553,0.02097987832118553,1,2025-12-23,-0.0027391833211882766,0.023719061642373807,0.6215576869455196
ADM,5,0.01,2026-05-08,2026-05-15,76.66474914550781,79.36963653564453,hold_days,0.03528202231514399,0.03428202231514399,1,2026-05-07,0.002198897832592195,0.032083124482551795,1.0514793026914042
T,5,0.01,2015-06-16,2015-06-23,11.960315704345703,12.388083457946777,hold_days,0.03576559048902417,0.03476559048902417,1,2015-06-15,0.01731062303077513,0.017454967458249038,0.7709792527337408
T,5,0.01,2015-07-13,2015-07-20,12.2457914352417,12.252815246582031,hold_days,0.0005735694077002584,-0.0004264305922997416,4,2015-07-09,0.021265272838403515,-0.021691703430703257,1.0497958825510554
T,5,0.01,2015-09-29,2015-10-06,11.259249687194824,11.69459342956543,hold_days,0.038665431042507414,0.037665431042507413,1,2015-09-28,0.053662227806172025,-0.01599679676366461,1.3821857092119874
T,5,0.01,2015-10-28,2015-11-04,11.956581115722656,11.978046417236328,hold_days,0.0017952708475708068,0.0007952708475708068,1,2015-10-27,0.00930947460390108,-0.008514203756330274,0.877376764502148
T,5,0.01,2016-10-11,2016-10-18,14.938883781433105,15.038223266601562,hold_days,0.006649726085420138,0.005649726085420138,4,2016-10-07,-0.0018733081563896414,0.007523034241809779,0.9359650875971715
T,5,0.01,2016-12-05,2016-12-12,14.759309768676758,15.710658073425293,hold_days,0.06445750645924875,0.06345750645924875,3,2016-12-02,0.029692193601843497,0.03376531285740525,0.7307698779522533
T,5,0.01,2017-02-14,2017-02-22,15.809783935546875,16.13568115234375,hold_days,0.020613641408730787,0.019613641408730786,1,2017-02-13,0.01462111431404245,0.004992527094688337,1.8128431156190679
T,5,0.01,2017-06-30,2017-07-10,14.870525360107422,14.767123222351074,hold_days,-0.00695349594263428,-0.007953495942634281,1,2017-06-29,0.004822715975220326,-0.012776211917854607,1.1217648417168822
T,5,0.01,2017-07-20,2017-07-27,14.64283561706543,15.801593780517578,hold_days,0.0791348201779769,0.0781348201779769,2,2017-07-18,0.003584537907820984,0.07455028227015592,1.3942338194519295
T,5,0.01,2017-11-07,2017-11-14,13.480897903442383,13.745874404907227,hold_days,0.01965570122722915,0.01865570122722915,1,2017-11-06,-0.0018729788189695284,0.020528680046198677,0.9251890655734927
T,5,0.01,2018-01-12,2018-01-22,15.307113647460938,15.709490776062012,hold_days,0.026286936771245495,0.025286936771245494,1,2018-01-11,0.01705887533166428,0.008228061439581213,1.5019214589126721
T,5,0.01,2018-03-02,2018-03-09,15.078960418701172,15.369335174560547,hold_days,0.019256947945778036,0.018256947945778035,1,2018-03-01,0.03779335141888951,-0.019536403473111474,1.2879323239265605
T,5,0.01,2019-08-15,2019-08-22,16.087427139282227,16.579326629638672,hold_days,0.030576641379486125,0.029576641379486124,1,2019-08-14,0.029657711533250808,-8.107015376468407e-05,1.0455052833497358
T,5,0.01,2020-01-16,2020-01-24,18.465883255004883,18.694095611572266,hold_days,0.012358594139033618,0.011358594139033618,1,2020-01-15,-0.011234072524042293,0.02259266666307591,0.8241504575413974
T,5,0.01,2020-04-23,2020-04-30,14.659582138061523,15.141609191894531,hold_days,0.03288136382697382,0.03188136382697382,1,2020-04-22,0.043377748216431256,-0.011496384389457437,1.301186321387179
T,5,0.01,2020-06-12,2020-06-19,15.156515121459961,15.062101364135742,hold_days,-0.006229252342482061,-0.007229252342482061,1,2020-06-11,0.012119962804159501,-0.019349215146641563,1.4845927822443694
T,5,0.01,2021-03-22,2021-03-29,15.989194869995117,16.293094635009766,hold_days,0.019006570842721837,0.018006570842721836,3,2021-03-19,0.017863775762929412,0.00014279507979242378,1.5857503306569085
T,5,0.01,2021-04-14,2021-04-21,16.21143341064453,16.418643951416016,hold_days,0.012781753193732204,0.011781753193732203,1,2021-04-13,0.007074677848231126,0.004707075345501077,1.1152770658492572
T,5,0.01,2021-04-28,2021-04-30,16.882139205932617,17.127517700195312,resistance,0.014534798657297232,0.013534798657297231,1,2021-04-27,-0.001315370301375074,0.014850168958672305,0.8049214880048213
T,5,0.01,2021-06-21,2021-06-28,15.775206565856934,15.693408012390137,hold_days,-0.005185260372047251,-0.006185260372047251,3,2021-06-18,0.0152095285826217,-0.021394788954668953,1.9121261679159154
T,5,0.01,2023-02-10,2023-02-17,15.77085018157959,16.076841354370117,hold_days,0.01940232576351053,0.01840232576351053,1,2023-02-09,-0.0014632836876048438,0.019865609451115374,0.781638374575039
T,5,0.01,2024-10-11,2024-10-18,19.74297523498535,20.186429977416992,hold_days,0.022461393845331967,0.021461393845331966,1,2024-10-10,0.004151339957768618,0.017310053887563348,1.0948287783564596
T,5,0.01,2025-08-28,2025-09-05,27.63678550720215,28.257516860961914,hold_days,0.022460331126353372,0.02146033112635337,2,2025-08-26,-0.0025830011597997027,0.024043332286153074,1.7693032709688001
BAC,5,0.01,2016-04-11,2016-04-18,10.292020797729492,11.244251251220703,hold_days,0.09252123292456638,0.09152123292456638,4,2016-04-07,0.03458134009239333,0.056939892832173045,1.344728906178938
BAC,5,0.01,2016-05-16,2016-05-23,11.053805351257324,11.482309341430664,hold_days,0.03876529182093824,0.03776529182093824,3,2016-05-13,-0.007622565031927708,0.04538785685286595,1.068744608626421
BAC,5,0.01,2016-11-04,2016-11-11,13.238714218139648,15.21452808380127,hold_days,0.14924514821495016,0.14824514821495016,2,2016-11-02,0.041792618824857186,0.10645252939009298,1.4673431760208635
BAC,5,0.01,2017-05-02,2017-05-08,18.949596405029297,19.295888900756836,resistance,0.018274399534737862,0.01727439953473786,4,2017-04-28,0.005361497056022735,0.011912902478715126,0.6320476350626301
BAC,5,0.01,2017-05-18,2017-05-25,18.313383102416992,18.724098205566406,hold_days,0.022427046977202547,0.021427046977202546,1,2017-05-17,0.024260613255208563,-0.0028335662780060167,3.212051455379161
BAC,5,0.01,2017-06-26,2017-07-03,18.49472427368164,19.941007614135742,hold_days,0.0781997784369346,0.0771997784369346,3,2017-06-23,0.0009568263558528134,0.07624295208108178,1.1426001044132668
BAC,5,0.01,2018-09-14,2018-09-20,25.08424949645996,25.76152992248535,resistance,0.02700022682045855,0.02600022682045855,1,2018-09-13,0.012854703256527156,0.013145523563931394,1.247334752551929
BAC,5,0.01,2019-02-11,2019-02-19,23.596511840820312,24.19452476501465,hold_days,0.025343276507497015,0.024343276507497014,4,2019-02-07,0.022102679300189054,0.0022405972073079594,1.0187352212805056
BAC,5,0.01,2019-09-26,2019-10-03,24.610597610473633,23.49538803100586,hold_days,-0.0453142015126512,-0.0463142015126512,2,2019-09-24,-0.026553945668864598,-0.0197602558437866,0.928041615370857
BAC,5,0.01,2019-10-09,2019-10-16,23.5629825592041,25.48924446105957,hold_days,0.08174949402163167,0.08074949402163167,1,2019-10-08,0.023584865567441327,0.05716462845419035,1.2694697424770072
BAC,5,0.01,2021-02-01,2021-02-08,26.132556915283203,28.86269760131836,hold_days,0.1044727729814483,0.1034727729814483,3,2021-01-29,0.05096388118059325,0.05250889180085505,1.2019138522424964
BAC,5,0.01,2021-08-04,2021-08-11,33.68795394897461,36.92734909057617,hold_days,0.0961588568575018,0.0951588568575018,2,2021-08-02,0.021068529400021463,0.07409032745748034,1.0019750721197533
BAC,5,0.01,2021-08-20,2021-08-27,35.536521911621094,37.40269088745117,hold_days,0.05251411436581277,0.05151411436581277,1,2021-08-19,0.01914602031480439,0.03236809405100838,1.1187278166028032
BAC,5,0.01,2022-03-08,2022-03-15,34.47579574584961,37.075557708740234,hold_days,0.07540832362668803,0.07440832362668803,1,2022-03-07,0.01874017862942856,0.05566814499725947,1.7579417961915504
BAC,5,0.01,2022-09-29,2022-10-06,27.73052406311035,28.454086303710938,hold_days,0.026092627710672556,0.025092627710672555,2,2022-09-27,0.032339896942372715,-0.00724726923170016,1.008393558974035
BAC,5,0.01,2022-11-29,2022-12-06,33.464759826660156,30.021440505981445,hold_days,-0.10289389012544303,-0.10389389012544303,1,2022-11-28,-0.010415689384867588,-0.09347820074057545,1.250356455155824
BAC,5,0.01,2023-06-01,2023-06-08,25.63948631286621,26.977754592895508,hold_days,0.052195596421045876,0.051195596421045875,1,2023-05-31,0.029165029264119458,0.022030567156926417,1.3032563936303694
BAC,5,0.01,2024-01-04,2024-01-08,31.706649780273438,32.04435729980469,resistance,0.010650999770444258,0.009650999770444257,1,2024-01-03,0.007304346083272906,0.0023466536871713517,1.3711377336202697
BAC,5,0.01,2024-05-03,2024-05-10,35.18913269042969,36.3227424621582,hold_days,0.03221476873844131,0.031214768738441312,1,2024-05-02,0.017647947211964832,0.01356682152647648,0.9389291882183985
BAC,5,0.01,2024-06-27,2024-07-05,37.30400085449219,38.4064826965332,hold_days,0.029553983937040673,0.028553983937040672,1,2024-06-26,0.00028522447731149647,0.028268759459729176,1.177869758656081
BAC,5,0.01,2024-12-23,2024-12-31,42.21945571899414,42.27717208862305,hold_days,0.001367056221971641,0.0003670562219716409,4,2024-12-19,-0.006579859822993139,0.00694691604496478,1.1810191384996824
BAC,5,0.01,2025-03-12,2025-03-19,38.633216857910156,40.859642028808594,hold_days,0.057629815790050554,0.05662981579005055,1,2025-03-11,0.01326461221743691,0.04336520357261364,0.9629867270697828
BAC,5,0.01,2025-10-13,2025-10-20,47.840240478515625,50.9538688659668,hold_days,0.06508387826456397,0.06408387826456396,3,2025-10-10,0.020279312001982852,0.04380456626258111,1.3044337034403768
BAC,5,0.01,2026-01-26,2026-02-02,51.19898223876953,53.17725372314453,hold_days,0.03863888299867391,0.037638882998673906,3,2026-01-23,0.011973586419482096,0.02566529657919181,0.7580948318966094
BAC,5,0.01,2026-03-30,2026-03-31,46.74736022949219,48.2518310546875,resistance,0.03218301135742352,0.031183011357423518,3,2026-03-27,0.02006113887548633,0.01112187248193719,0.8789009669800726
BA,5,0.01,2015-07-28,2015-08-04,125.59711456298828,127.12933349609375,hold_days,0.012199475588565711,0.01119947558856571,1,2015-07-27,-0.0006441865289253945,0.011843662117491105,1.0342384127290882
BA,5,0.01,2015-11-13,2015-11-20,127.87947082519531,133.98692321777344,hold_days,0.04775944374157359,0.04675944374157359,1,2015-11-12,0.03672226141784485,0.010037182323728744,1.422432686580025
BA,5,0.01,2015-12-21,2015-12-29,126.36382293701172,132.14842224121094,hold_days,0.04577733697628528,0.044777336976285276,3,2015-12-18,0.031548554484766234,0.013228782491519042,2.4431318829692694
BA,5,0.01,2016-05-05,2016-05-12,119.54991912841797,122.66032409667969,hold_days,0.02601762503009808,0.02501762503009808,1,2016-05-04,0.01151893189815878,0.013498693131939299,0.6751349057175772
BA,5,0.01,2016-06-28,2016-07-06,113.05155944824219,115.85298919677734,hold_days,0.024780107078644198,0.023780107078644197,1,2016-06-27,0.04713712358045696,-0.023357016501812766,1.367015677801784
BA,5,0.01,2016-08-08,2016-08-15,120.62542724609375,123.89765167236328,hold_days,0.027127153047041386,0.026127153047041385,4,2016-08-04,0.006537250856392562,0.019589902190648822,0.7844543238204503
BA,5,0.01,2016-09-19,2016-09-26,117.29151153564453,120.13455200195312,hold_days,0.02423909820144665,0.02323909820144665,3,2016-09-16,0.004436395553755412,0.01880270264769124,2.13422148563658
BA,5,0.01,2017-01-18,2017-01-25,146.7853240966797,155.1667022705078,hold_days,0.0570995651330084,0.0560995651330084,1,2017-01-17,0.013721136926758914,0.042378428206249485,1.0008089763728112
BA,5,0.01,2017-06-07,2017-06-14,177.24232482910156,181.2752685546875,hold_days,0.02275384127055724,0.02175384127055724,1,2017-06-06,0.004966339009595533,0.016787502260961706,0.9931011359619232
BA,5,0.01,2017-09-07,2017-09-11,223.99758911132812,228.05458068847656,resistance,0.018111764475876146,0.017111764475876146,1,2017-09-06,0.010948835439815285,0.00616292903606086,1.4562993757298277
BA,5,0.01,2018-06-01,2018-06-08,343.3339538574219,355.6343078613281,hold_days,0.03582620904722478,0.034826209047224777,1,2018-05-31,0.02009205457848351,0.014734154468741267,1.1245151082074316
BA,5,0.01,2018-09-11,2018-09-18,333.936279296875,351.6655578613281,hold_days,0.05309180123161017,0.05209180123161017,1,2018-09-10,0.009807147541448735,0.04228465369016143,1.0776786404831713
BA,5,0.01,2019-07-09,2019-07-16,346.8011169433594,356.2890319824219,hold_days,0.027358375090274167,0.026358375090274166,1,2019-07-08,0.007615194808044956,0.01874318028222921,0.7405599771178476
BA,5,0.01,2019-12-20,2019-12-30,326.0600280761719,324.4695129394531,hold_days,-0.004877982579168494,-0.005877982579168494,4,2019-12-16,0.00016420551836726638,-0.00604218809753576,3.7731470887072414
BA,5,0.01,2021-07-02,2021-07-12,236.67999267578125,238.2899932861328,hold_days,0.006802436455019878,0.005802436455019878,3,2021-06-29,0.0054771088748299945,0.00032532758018988337,1.3877858533516672
BA,5,0.01,2021-08-04,2021-08-11,226.6300048828125,239.49000549316406,hold_days,0.056744474841278425,0.055744474841278424,2,2021-08-02,0.021068529400021463,0.03467594544125696,0.6977709886273008
BA,5,0.01,2022-01-28,2022-02-04,190.57000732421875,206.4499969482422,hold_days,0.08332890283730032,0.08232890283730032,1,2022-01-27,0.016342690190150222,0.0659862126471501,1.1026088197566448
BA,5,0.01,2022-05-06,2022-05-13,148.89999389648438,127.19999694824219,hold_days,-0.1457353783595725,-0.1467353783595725,4,2022-05-02,-0.020319425465324614,-0.1264159528942479,1.0923231159293891
BA,5,0.01,2022-12-19,2022-12-27,185.67999267578125,189.39999389648438,hold_days,0.020034475266264673,0.019034475266264672,4,2022-12-15,0.015177028567623818,0.003857446698640854,0.6885478279919073
BA,5,0.01,2023-02-06,2023-02-13,206.80999755859375,215.64999389648438,hold_days,0.04274453093296926,0.04174453093296926,3,2023-02-03,0.0028849628777127823,0.03885956805525648,0.7654701426530288
BA,5,0.01,2023-02-27,2023-03-06,200.4600067138672,211.9199981689453,hold_days,0.057168467880158724,0.05616846788015872,3,2023-02-24,0.01964429887746566,0.03652416900269306,1.8919374205465418
BA,5,0.01,2023-05-05,2023-05-12,198.33999633789062,200.6999969482422,hold_days,0.011898763002551771,0.01089876300255177,1,2023-05-04,-0.0071877819129244624,0.018086544915476233,1.5492564391298909
BA,5,0.01,2023-06-26,2023-07-03,205.5800018310547,210.9199981689453,hold_days,0.025975271380136666,0.024975271380136665,3,2023-06-23,0.021136496820315598,0.0038387745598210676,0.93652017931919
BA,5,0.01,2025-05-28,2025-06-04,201.5,211.97999572753906,resistance,0.05200990435503261,0.05100990435503261,1,2025-05-27,0.008551271856414022,0.04245863249861859,0.6897700805648251
CAT,5,0.01,2015-09-11,2015-09-18,55.87698745727539,55.28459548950195,hold_days,-0.010601716283047513,-0.011601716283047514,1,2015-09-10,0.0019340679781307824,-0.013535784261178296,0.7687758052885977
CAT,5,0.01,2016-05-20,2016-05-27,55.57151412963867,57.23379135131836,hold_days,0.02991239752442021,0.028912397524420208,1,2016-05-19,0.02712945618718754,0.0017829413372326686,1.0046704875281776
CAT,5,0.01,2016-09-14,2016-09-21,65.06049346923828,67.02789306640625,hold_days,0.030239543112260403,0.029239543112260402,1,2016-09-13,0.018217167076681307,0.011022376035579096,1.3093337605161548
CAT,5,0.01,2016-12-19,2016-12-27,75.10492706298828,76.59552764892578,hold_days,0.019846908108803296,0.018846908108803295,3,2016-12-16,0.0024869544201411298,0.016359953688662165,1.7024962101634658
CAT,5,0.01,2017-06-22,2017-06-29,85.52392578125,87.0064468383789,hold_days,0.017334576770023924,0.016334576770023923,1,2017-06-21,-0.006660219475790097,0.02299479624581402,1.2955387839805073
CAT,5,0.01,2018-06-04,2018-06-11,128.49656677246094,131.69842529296875,hold_days,0.024917852678333352,0.02391785267833335,4,2018-05-31,0.014532305367252363,0.009385547311080988,1.3148114405370308
CAT,5,0.01,2018-07-05,2018-07-12,114.43357849121094,117.47532653808594,hold_days,0.026580904722022902,0.0255809047220229,2,2018-07-03,0.02423689042004007,0.0013440143019828321,0.3713809858756377
CAT,5,0.01,2019-07-11,2019-07-16,115.72309875488281,120.1546859741211,resistance,0.038294750718911974,0.03729475071891197,1,2019-07-10,0.0016157057359733606,0.03567904498293861,0.979158679817377
CAT,5,0.01,2020-08-21,2020-08-24,124.3510513305664,127.27050018310547,resistance,0.0234774762360328,0.0224774762360328,1,2020-08-20,0.014291622307991636,0.008185853928041165,0.8358509936202977
CAT,5,0.01,2021-01-29,2021-02-05,166.12673950195312,175.35804748535156,hold_days,0.05556786349430465,0.05456786349430465,2,2021-01-27,0.051358967024699,0.0032088964696056488,1.5391177874406665
CAT,5,0.01,2021-11-11,2021-11-18,192.40283203125,185.8426971435547,hold_days,-0.0340958333016107,-0.0350958333016107,1,2021-11-10,0.005383852592359295,-0.04047968589397,0.8977464137483073
CAT,5,0.01,2022-02-07,2022-02-14,185.26104736328125,185.32594299316406,hold_days,0.00035029290186172624,-0.0006497070981382738,3,2022-02-04,-0.015271389514655676,0.0146216824165174,0.8215507638031104
CAT,5,0.01,2022-08-26,2022-09-02,180.03526306152344,169.63197326660156,hold_days,-0.05778473404605611,-0.05878473404605611,4,2022-08-22,-0.02680620544699097,-0.03197852859906514,0.9627900735188398
CAT,5,0.01,2022-09-07,2022-09-14,169.66012573242188,173.2154083251953,hold_days,0.02095532216203022,0.01995532216203022,1,2022-09-06,-0.00962220411283421,0.02957752627486443,0.9066509751461556
CAT,5,0.01,2023-01-05,2023-01-12,226.90872192382812,240.8756866455078,hold_days,0.061553229877026494,0.06055322987702649,2,2023-01-03,0.040740009702487034,0.01981322017453946,0.8570689850201186
CAT,5,0.01,2023-02-03,2023-02-10,235.08827209472656,235.0028839111328,hold_days,-0.00036321753881174423,-0.0013632175388117443,1,2023-02-02,-0.010181808213530319,0.008818590674718574,1.4495621968896235
CAT,5,0.01,2024-05-02,2024-05-09,325.9395446777344,341.8168029785156,hold_days,0.04871227980783832,0.04771227980783832,1,2024-05-01,0.025470412652797814,0.022241867155040507,1.1463943575750077
CAT,5,0.01,2024-06-18,2024-06-26,315.9312744140625,317.47625732421875,hold_days,0.004890249985607165,0.0038902499856071646,4,2024-06-14,0.010917726803468586,-0.007027476817861421,1.1229149268752274
CAT,5,0.01,2024-09-09,2024-09-16,325.90106201171875,339.4818420410156,hold_days,0.0416714813553094,0.0406714813553094,3,2024-09-06,0.01616122420689714,0.024510257148412262,1.233314134316323
CAT,5,0.01,2024-11-01,2024-11-08,371.7109375,385.1643371582031,hold_days,0.03619317674289069,0.035193176742890686,1,2024-10-31,0.028203314119860323,0.006989862623030363,1.046775956284153
CAT,5,0.01,2025-09-04,2025-09-11,416.4710998535156,427.53155517578125,hold_days,0.02655755783812097,0.02555755783812097,1,2025-09-03,0.00445136932186041,0.02110618851626056,0.5313249932550446
CVX,5,0.01,2016-05-24,2016-06-01,65.028076171875,65.63818359375,hold_days,0.00938221546432394,0.008382215464323939,1,2016-05-23,0.013007664671426111,-0.0046254492071021724,0.6433171764104872
CVX,5,0.01,2016-09-02,2016-09-12,66.19861602783203,67.06436920166016,hold_days,0.0130781159150537,0.0120781159150537,1,2016-09-01,-0.010062233970276835,0.022140349885330535,1.1885661703985089
CVX,5,0.01,2017-05-05,2017-05-08,70.75164031982422,71.34687805175781,resistance,0.00841305910708079,0.007413059107080789,1,2017-05-04,0.0015919865235822783,0.005821072583498511,1.4718029077622092
CVX,5,0.01,2017-10-30,2017-11-06,78.0579833984375,79.8663101196289,hold_days,0.023166454505505474,0.022166454505505473,3,2017-10-27,0.006479869659066662,0.01568658484643881,3.0935530491529715
CVX,5,0.01,2017-11-17,2017-11-27,79.00909423828125,79.61521911621094,hold_days,0.007671583679996319,0.006671583679996319,1,2017-11-16,0.012333752219901184,-0.005662168539904865,1.1411656411995543
CVX,5,0.01,2017-12-15,2017-12-22,82.46675109863281,86.08282470703125,hold_days,0.04384886709158087,0.04284886709158087,1,2017-12-14,0.0042186241104171796,0.03863024298116369,0.6795796931716508
CVX,5,0.01,2018-08-16,2018-08-23,83.35298919677734,83.66468811035156,hold_days,0.0037395049245128043,0.0027395049245128042,1,2018-08-15,0.005135134970577493,-0.0023956300460646887,1.9386256331366758
CVX,5,0.01,2018-09-12,2018-09-19,82.02825927734375,84.6635971069336,hold_days,0.03212719436943767,0.031127194369437672,2,2018-09-10,0.011109726273072607,0.020017468096365065,1.1792768344786166
CVX,5,0.01,2018-09-27,2018-10-04,86.76050567626953,88.51738739013672,hold_days,0.020249786468772513,0.019249786468772512,1,2018-09-26,0.000491423223591303,0.01875836324518121,0.6697807233454529
CVX,5,0.01,2019-03-28,2019-04-04,88.88648986816406,90.17259979248047,hold_days,0.014469127155588568,0.013469127155588567,1,2019-03-27,0.02387913942906028,-0.010410012273471714,0.660374350307707
CVX,5,0.01,2019-05-03,2019-05-10,84.73189544677734,88.14228057861328,hold_days,0.04024913067096558,0.03924913067096558,1,2019-05-02,-0.021915113567445688,0.06116424423841127,0.7671315214177343
CVX,5,0.01,2019-07-19,2019-07-23,91.23492431640625,91.80402374267578,resistance,0.006237736596304666,0.005237736596304666,2,2019-07-17,0.009728127721041702,-0.004490391124737036,0.96623345529094
CVX,5,0.01,2019-08-06,2019-08-13,87.10511016845703,89.30135345458984,hold_days,0.025213713430651596,0.024213713430651596,1,2019-08-05,0.013457896516212209,0.010755816914439387,1.5303267542224541
CVX,5,0.01,2021-04-23,2021-04-30,81.00731658935547,82.21981811523438,hold_days,0.014967802624858528,0.013967802624858527,1,2021-04-22,0.00239573406797966,0.011572068556878867,1.2258650921807357
CVX,5,0.01,2021-12-20,2021-12-28,94.08152770996094,98.1461181640625,hold_days,0.043202853451020484,0.04220285345102048,3,2021-12-17,0.041627577529390614,0.0005752759216298697,2.24707447965483
CVX,5,0.01,2022-09-08,2022-09-15,132.72189331054688,136.69631958007812,hold_days,0.029945521197710434,0.028945521197710433,1,2022-09-07,-0.02935599838218872,0.05830151957989915,1.0396498568597226
CVX,5,0.01,2022-10-11,2022-10-18,133.7602081298828,138.48353576660156,resistance,0.03531190406142559,0.03431190406142559,1,2022-10-10,0.042782119627820414,-0.008470215566394823,0.6237152279684705
CVX,5,0.01,2023-04-10,2023-04-17,145.6077423095703,147.88328552246094,hold_days,0.015627899841017312,0.014627899841017311,4,2023-04-06,0.014260754486233873,0.000367145354783438,0.7750734912097702
CVX,5,0.01,2023-07-19,2023-07-26,135.15139770507812,140.96142578125,hold_days,0.042989034333557496,0.041989034333557496,2,2023-07-17,0.020656716007280806,0.02133231832627669,0.6837447030486243
CVX,5,0.01,2023-10-12,2023-10-19,142.21913146972656,149.16116333007812,hold_days,0.04881222229816018,0.04781222229816018,1,2023-10-11,-0.0033605786387288505,0.05117280093688903,1.585108126852027
CVX,5,0.01,2025-03-06,2025-03-13,143.78018188476562,144.40060424804688,hold_days,0.004315075660277667,0.0033150756602776674,1,2025-03-05,-0.03541372626591588,0.038728801926193546,1.310708998979746
CVX,5,0.01,2025-05-06,2025-05-13,127.47038269042969,133.81568908691406,hold_days,0.04977867221042542,0.04877867221042542,1,2025-05-05,0.0388290082362035,0.009949663974221923,1.0382559448612507
CVX,5,0.01,2025-09-23,2025-09-30,151.45205688476562,149.40281677246094,hold_days,-0.013530619223374951,-0.014530619223374952,1,2025-09-22,0.0029915136869544945,-0.017522132910329447,0.6689441041328091
CVX,5,0.01,2025-11-07,2025-11-14,149.14306640625,151.6444854736328,hold_days,0.016771943394064293,0.01577194339406429,2,2025-11-05,0.014620398821223235,0.0011515445728410567,0.7996163816432919
CVX,5,0.01,2026-05-28,2026-06-04,181.4464874267578,186.720458984375,hold_days,0.02906626428767911,0.02806626428767911,1,2026-05-27,0.012612850004509513,0.015453414283169598,0.9371371407134819
CSCO,5,0.01,2015-08-05,2015-08-12,20.30605697631836,20.04029083251953,hold_days,-0.013088023150372052,-0.014088023150372053,1,2015-08-04,-0.0034078751370894,-0.010680148013282653,0.7270401274837535
CSCO,5,0.01,2016-08-22,2016-08-29,22.761367797851562,23.467315673828125,hold_days,0.031015178096774898,0.030015178096774897,4,2016-08-18,-0.0009413053883468026,0.0309564834851217,2.1160942280006223
CSCO,5,0.01,2016-09-19,2016-09-26,23.051172256469727,23.088336944580078,hold_days,0.0016122688988158274,0.0006122688988158273,3,2016-09-16,0.004436395553755412,-0.003824126654939585,1.8053180607557804
CSCO,5,0.01,2017-07-10,2017-07-17,23.83559799194336,24.235671997070312,hold_days,0.016784726997920663,0.01578472699792066,4,2017-07-06,0.009902122487978948,0.0058826045099417135,0.9518910209301463
CSCO,5,0.01,2017-08-04,2017-08-11,24.46648406982422,24.212589263916016,hold_days,-0.010377249349911466,-0.011377249349911467,4,2017-07-31,-0.01189823685143554,0.0005209875015240728,1.1096653439626032
CSCO,5,0.01,2017-10-13,2017-10-16,25.973886489868164,26.028217315673828,resistance,0.0020917480264979194,0.0010917480264979193,1,2017-10-12,0.0025390191359053738,-0.0014472711094074544,1.242200518647299
CSCO,5,0.01,2017-11-15,2017-11-22,26.470556259155273,28.286468505859375,hold_days,0.06860121218933735,0.06760121218933735,2,2017-11-13,0.015726474778641197,0.05187473741069615,1.0221063167121516
CSCO,5,0.01,2018-07-17,2018-07-24,33.62858200073242,33.66828918457031,hold_days,0.0011807570071502571,0.0001807570071502571,4,2018-07-13,0.00855216803133696,-0.008371411024186703,2.5995492456999605
CSCO,5,0.01,2018-12-10,2018-12-17,37.47023391723633,35.34323501586914,hold_days,-0.05676502863753852,-0.05776502863753852,3,2018-12-07,-0.03479506709287106,-0.02296996154466746,1.5111960616884295
CSCO,5,0.01,2020-05-22,2020-06-01,37.541316986083984,38.71186447143555,hold_days,0.031180245642034032,0.03018024564203403,1,2020-05-21,0.04582539212233394,-0.01564514648029991,0.6584797305278479
CSCO,5,0.01,2020-08-20,2020-08-27,35.65446853637695,35.63761520385742,hold_days,-0.00047268500166641747,-0.0014726850016664175,1,2020-08-19,0.02620871927178392,-0.02768140427345034,0.7095321918625547
CSCO,5,0.01,2020-10-30,2020-11-06,30.531827926635742,31.9180908203125,hold_days,0.045403861734311546,0.044403861734311545,1,2020-10-29,0.060765442762169775,-0.01636158102785823,1.5530535797331166
CSCO,5,0.01,2021-04-15,2021-04-22,44.59178924560547,44.47089767456055,hold_days,-0.0027110724438319522,-0.0037110724438319522,1,2021-04-14,-0.006771871460712897,0.003060799016880945,0.8971895653269836
CSCO,5,0.01,2021-05-05,2021-05-12,44.151390075683594,44.557247161865234,hold_days,0.009192396558430627,0.008192396558430626,1,2021-05-04,-0.016616055988516787,0.024808452546947413,1.175483157046667
CSCO,5,0.01,2023-03-02,2023-03-09,44.1671028137207,44.42192840576172,hold_days,0.005769579071458919,0.004769579071458919,1,2023-03-01,-0.01784413574841226,0.022613714819871178,0.5904738656713994
CSCO,5,0.01,2023-04-21,2023-04-28,43.12345886230469,43.32517623901367,hold_days,0.004677671551186924,0.0036776715511869238,1,2023-04-20,-0.0018290251023640458,0.00550669665355097,2.544303667895867
CSCO,5,0.01,2023-07-17,2023-07-24,46.9427604675293,49.067710876464844,hold_days,0.045266839610026643,0.04426683961002664,3,2023-07-14,0.02563616242880551,0.018630677181221134,1.2042711354920428
CSCO,5,0.01,2023-09-27,2023-10-04,49.15085983276367,49.73847579956055,hold_days,0.011955354774997762,0.010955354774997761,1,2023-09-26,-0.013933048989993924,0.024888403764991684,0.8171987199745502
CSCO,5,0.01,2023-11-21,2023-11-29,44.480812072753906,44.713443756103516,hold_days,0.005229933369226947,0.004229933369226947,4,2023-11-17,0.007343009286027824,-0.0031130759168008773,1.3315594840067588
CSCO,5,0.01,2024-02-06,2024-02-13,46.871334075927734,46.552490234375,hold_days,-0.006802533954681889,-0.007802533954681889,1,2024-02-05,-0.00337742248396089,-0.0044251114707209984,1.058460475124667
CSCO,5,0.01,2024-05-03,2024-05-10,44.55024719238281,45.43898391723633,hold_days,0.019949086275899974,0.018949086275899973,1,2024-05-02,0.017647947211964832,0.0013011390639351417,0.9239760343173832
CSCO,5,0.01,2024-09-09,2024-09-16,46.43854904174805,48.66034698486328,hold_days,0.04784382778880203,0.04684382778880203,3,2024-09-06,0.01616122420689714,0.030682603581904888,1.3839566142542827
CSCO,5,0.01,2024-11-20,2024-11-27,55.24893569946289,56.9688606262207,hold_days,0.031130462604993303,0.030130462604993302,1,2024-11-19,0.027416963760906743,0.0027134988440865593,0.7852170959341352
CSCO,5,0.01,2025-01-28,2025-02-04,57.492496490478516,59.340232849121094,hold_days,0.032138739338768874,0.031138739338768873,1,2025-01-27,0.0034145713274456035,0.02772416801132327,1.8297555863194304
CSCO,5,0.01,2025-06-02,2025-06-03,62.180789947509766,62.677459716796875,resistance,0.007987511411585047,0.0069875114115850465,3,2025-05-30,0.0047687668421858564,0.00221874456939919,1.204928877054243
CSCO,5,0.01,2025-08-05,2025-08-12,66.15025329589844,69.93195343017578,hold_days,0.05716833943721,0.05616833943721,4,2025-08-01,0.015148932243176816,0.041019407194033186,1.411523245473346
CSCO,5,0.01,2025-09-15,2025-09-22,65.66040802001953,66.37560272216797,hold_days,0.010892328021025577,0.009892328021025576,3,2025-09-12,0.01114653363102902,-0.0012542056100034449,1.181446221472389
CSCO,5,0.01,2026-08-24,2026-08-31,110.2300033569336,110.48999786376953,hold_days,0.002358654621410494,0.0013586546214104942,4,2026-08-20,-0.010341842384611777,0.01170049700602227,0.49444730268215725
C,5,0.01,2015-11-16,2015-11-23,39.5086555480957,39.94281005859375,hold_days,0.010988845468799413,0.009988845468799412,3,2015-11-13,0.019010694073352763,-0.00902184860455335,1.0054938653330825
C,5,0.01,2016-12-15,2016-12-22,44.73135757446289,44.92445373535156,hold_days,0.004316796345097185,0.0033167963450971847,1,2016-12-14,-0.00043501404919843445,0.003751810394295619,1.2423484315842659
C,5,0.01,2017-02-27,2017-03-06,44.702999114990234,44.89665222167969,hold_days,0.0043319936139254445,0.0033319936139254444,3,2017-02-24,0.004439979907114866,-0.0011079862931894216,1.1208986430008538
C,5,0.01,2017-03-23,2017-03-30,43.23574447631836,45.067955017089844,hold_days,0.04237721734559341,0.04137721734559341,1,2017-03-22,0.009371039717430252,0.03200617762816316,1.213281885280682
C,5,0.01,2017-05-18,2017-05-25,44.86713790893555,46.26365661621094,hold_days,0.031125647241190935,0.030125647241190934,1,2017-05-17,0.024260613255208563,0.005865033985982371,2.377985855692015
C,5,0.01,2017-10-17,2017-10-24,54.160423278808594,55.69841384887695,hold_days,0.028396945166972776,0.027396945166972775,1,2017-10-16,0.01602986293002484,0.011367082236947934,1.1117956151476718
C,5,0.01,2017-12-15,2017-12-22,56.3372688293457,56.87976837158203,hold_days,0.00962949666373869,0.00862949666373869,1,2017-12-14,0.0042186241104171796,0.00441087255332151,1.3922953867730674
C,5,0.01,2018-05-04,2018-05-11,51.64195251464844,55.381690979003906,hold_days,0.07241667447207156,0.07141667447207156,1,2018-05-03,0.02943554571744289,0.04198112875462867,1.162544773515442
C,5,0.01,2018-09-13,2018-09-20,53.65790939331055,57.207061767578125,hold_days,0.06614406737788503,0.06514406737788503,2,2018-09-11,0.012679984891136309,0.05246408248674872,1.041456557265703
C,5,0.01,2019-03-27,2019-04-03,47.10107421875,50.45932388305664,hold_days,0.07129879137596795,0.07029879137596795,2,2019-03-25,0.024890261871081565,0.045408529504886386,1.1312879251268004
C,5,0.01,2019-11-15,2019-11-22,58.92951583862305,59.301788330078125,hold_days,0.006317250127670038,0.005317250127670038,1,2019-11-14,-0.005761481974678961,0.011078732102348998,0.7692082206950461
C,5,0.01,2020-08-03,2020-08-10,41.01431655883789,43.02474594116211,hold_days,0.04901774675289583,0.04801774675289583,3,2020-07-31,0.03413197372751364,0.013885773025382186,1.217790096959397
C,5,0.01,2020-09-24,2020-10-01,34.340023040771484,35.357460021972656,hold_days,0.029628313877168466,0.028628313877168465,1,2020-09-23,0.029844227598188278,-0.0012159137210198123,0.7721330066323028
C,5,0.01,2020-10-16,2020-10-23,35.15398025512695,35.77257537841797,hold_days,0.017596730691705975,0.016596730691705974,2,2020-10-14,-0.0049085680000743315,0.021505298691780306,1.1111253905948792
C,5,0.01,2020-12-18,2020-12-28,48.66694259643555,50.372684478759766,hold_days,0.03504929201057205,0.03404929201057205,4,2020-12-14,0.0033607174536069984,0.030688574556965054,0.8634329356404055
C,5,0.01,2021-04-21,2021-04-28,58.71366882324219,60.59183120727539,hold_days,0.031988503216983766,0.030988503216983765,1,2021-04-20,0.004311306497625456,0.02667719671935831,1.205142481423024
C,5,0.01,2021-05-13,2021-05-20,63.00489807128906,63.76640701293945,hold_days,0.012086503826873152,0.01108650382687315,1,2021-05-12,0.002488626304408381,0.00859787752246477,1.0151206626830456
C,5,0.01,2021-08-23,2021-08-30,59.76580810546875,60.42341613769531,hold_days,0.011003081077161747,0.010003081077161746,4,2021-08-19,0.01108145868526389,-0.0010783776081021434,1.2979053252394495
C,5,0.01,2021-11-22,2021-11-30,56.92958068847656,54.09328842163086,hold_days,-0.0498210637167017,-0.0508210637167017,3,2021-11-19,-0.030328011368490726,-0.02049305234821097,1.0893116641858942
C,5,0.01,2022-11-29,2022-12-06,42.01976776123047,39.731964111328125,hold_days,-0.05444588991786825,-0.05544588991786825,1,2022-11-28,-0.010415689384867588,-0.045030200533000664,1.178720442904031
C,5,0.01,2024-01-19,2024-01-26,47.610904693603516,49.5977668762207,hold_days,0.04173124193718847,0.04073124193718847,1,2024-01-18,0.005496781404941142,0.035234460532247325,0.7002026796287015
C,5,0.01,2024-12-19,2024-12-27,65.58258056640625,68.05558776855469,hold_days,0.037708293586349084,0.03670829358634908,1,2024-12-18,0.013846540840000143,0.02286175274634894,1.387507811850616
C,5,0.01,2025-02-26,2025-03-05,76.31575012207031,70.41857147216797,hold_days,-0.07727341525791931,-0.07827341525791931,1,2025-02-25,-0.01283257495631629,-0.06544084030160302,1.1260354643632535
C,5,0.01,2025-05-07,2025-05-14,68.34518432617188,73.24850463867188,hold_days,0.07174346460314296,0.07074346460314296,1,2025-05-06,0.028347949654938587,0.04239551494820437,0.6020227304528988
C,5,0.01,2025-10-30,2025-11-04,98.14379119873047,99.50720977783203,resistance,0.013892051269354333,0.012892051269354332,1,2025-10-29,-0.006908130938092616,0.019800182207446948,0.9343505253892931
KO,5,0.01,2015-09-24,2015-10-01,27.833032608032227,28.29511260986328,hold_days,0.0166018560872776,0.015601856087277599,1,2015-09-23,0.00022633557876550192,0.015375520508512097,0.551959093034852
KO,5,0.01,2015-11-17,2015-11-24,29.624568939208984,30.826047897338867,hold_days,0.04055684187659825,0.03955684187659825,4,2015-11-13,0.020828414002885598,0.01872842787371265,1.0347410097440821
KO,5,0.01,2016-06-28,2016-07-06,32.14130783081055,32.93430709838867,hold_days,0.024672277548642763,0.02367227754864276,1,2016-06-27,0.04713712358045696,-0.0234648460318142,1.2384567931272104
KO,5,0.01,2017-01-17,2017-01-24,30.48848533630371,30.991443634033203,hold_days,0.01649666397597649,0.015496663975976488,4,2017-01-13,0.006918120690555085,0.008578543285421403,0.7090579789207236
KO,5,0.01,2017-02-02,2017-02-09,30.621618270874023,30.51068115234375,hold_days,-0.0036228365708481647,-0.004622836570848165,1,2017-02-01,0.01415763002937842,-0.018780466600226586,0.9014997336649164
KO,5,0.01,2017-04-28,2017-05-05,32.19770812988281,32.60064697265625,hold_days,0.012514519392126111,0.01151451939212611,1,2017-04-27,0.0030262348416643103,0.0084882845504618,0.7667950047803794
KO,5,0.01,2017-07-12,2017-07-19,33.485843658447266,33.726585388183594,hold_days,0.007189358350706998,0.006189358350706998,1,2017-07-11,0.009085511098004373,-0.002896152747297375,1.1115043674836929
KO,5,0.01,2017-08-31,2017-09-08,34.26825714111328,34.83250427246094,hold_days,0.016465591728932694,0.015465591728932693,1,2017-08-30,0.0013354424789941977,0.014130149249938495,0.828997543762621
KO,5,0.01,2017-11-21,2017-11-29,34.71533203125,34.50300979614258,hold_days,-0.00611609403350355,-0.00711609403350355,1,2017-11-20,0.01212224868643097,-0.01923834271993452,1.7584937868247645
KO,5,0.01,2018-03-01,2018-03-08,33.20331954956055,33.9831428527832,hold_days,0.023486305399635254,0.022486305399635254,1,2018-02-28,0.02081869485224308,0.0016676105473921732,0.9150867266629642
KO,5,0.01,2018-03-26,2018-04-03,32.92567825317383,33.45785140991211,hold_days,0.01616286087248575,0.01516286087248575,3,2018-03-23,-0.016496055293707346,0.031658916166193096,0.9720416828370644
KO,5,0.01,2018-08-14,2018-08-21,35.708988189697266,35.965763092041016,hold_days,0.007190763876581574,0.006190763876581574,1,2018-08-13,0.011654485015353933,-0.0054637211387723586,0.8417664339509912
KO,5,0.01,2018-09-26,2018-10-03,35.9813232421875,35.997032165527344,hold_days,0.00043658548169855926,-0.0005634145183014408,1,2018-09-25,0.010574638455401963,-0.011138052973703405,0.7640084127657932
KO,5,0.01,2019-01-29,2019-02-05,37.491859436035156,38.96305465698242,hold_days,0.039240390929590196,0.038240390929590196,1,2019-01-28,0.03213572020908595,0.006104670720504246,0.8185955364864677
KO,5,0.01,2019-03-18,2019-03-25,36.23139190673828,36.726070404052734,hold_days,0.013653311983922167,0.012653311983922166,3,2019-03-15,-0.013974470112088855,0.02662778209601102,2.891511636231688
KO,5,0.01,2019-10-03,2019-10-10,43.60931396484375,43.46350860595703,hold_days,-0.0033434453705064593,-0.004343445370506459,1,2019-10-02,0.011637767252089093,-0.015981212622595553,1.3616454117231598
KO,5,0.01,2020-04-24,2020-05-01,37.397377014160156,37.53731155395508,hold_days,0.0037418276619223256,0.0027418276619223256,1,2020-04-23,0.0001914287287128058,0.00255039893320952,0.9227751254647641
KO,5,0.01,2020-08-04,2020-08-11,38.78377151489258,39.81379318237305,hold_days,0.026558058364307024,0.025558058364307024,1,2020-08-03,0.02956044081807674,-0.004002382453769715,0.7794379446104244
KO,5,0.01,2020-11-13,2020-11-20,44.75846862792969,44.10529327392578,hold_days,-0.014593335608366176,-0.015593335608366177,1,2020-11-12,0.0019570477624653027,-0.01755038337083148,0.8495955141827328
KO,5,0.01,2020-12-01,2020-12-08,43.91943359375,44.881534576416016,hold_days,0.021906042586189667,0.020906042586189666,1,2020-11-30,0.019859563269392977,0.001046479316796689,3.1900726124074623
KO,5,0.01,2021-01-11,2021-01-19,42.36655807495117,40.94025802612305,hold_days,-0.03366570506636013,-0.03466570506636013,4,2021-01-07,0.003756893906688319,-0.03842259897304845,3.839310123455009
KO,5,0.01,2021-02-01,2021-02-08,40.91495132446289,42.1302375793457,hold_days,0.02970274228717451,0.02870274228717451,3,2021-01-29,0.05096388118059325,-0.02226113889341874,0.8713380588001396
KO,5,0.01,2021-04-05,2021-04-12,44.94024658203125,45.399784088134766,hold_days,0.010225522578402035,0.009225522578402034,4,2021-04-01,0.00589210668346829,0.0033334158949337445,0.725931155575014
KO,5,0.01,2021-04-29,2021-05-03,46.17416000366211,46.36138153076172,resistance,0.004054681819545047,0.0030546818195450473,2,2021-04-27,-3.8304811672884576e-05,0.003092986631217932,0.7418188279708254
KO,5,0.01,2021-08-05,2021-08-12,48.442649841308594,48.734153747558594,hold_days,0.0060175053843034565,0.0050175053843034565,1,2021-08-04,0.01398853051654303,-0.008971025132239574,1.0098192443598804
KO,5,0.01,2021-09-13,2021-09-20,48.073970794677734,46.7004280090332,hold_days,-0.028571444441543692,-0.029571444441543693,3,2021-09-10,-0.02715788929998697,-0.0024135551415567225,0.8637987473174016
KO,5,0.01,2022-03-11,2022-03-18,50.422950744628906,52.721275329589844,hold_days,0.045580922001193125,0.044580922001193124,1,2022-03-10,0.04786861994798919,-0.0032876979467960643,0.9136791823504581
KO,5,0.01,2022-06-17,2022-06-27,52.51020812988281,55.584999084472656,hold_days,0.058556061080246025,0.057556061080246024,1,2022-06-16,0.04254458624209967,0.015011474838146355,0.9011272920567572
KO,5,0.01,2022-07-22,2022-07-29,54.418704986572266,56.69828796386719,hold_days,0.04188969542471477,0.04088969542471477,1,2022-07-21,0.04449800013282501,-0.0036083047081102437,0.879969214763081
KO,5,0.01,2022-08-10,2022-08-15,56.23884582519531,56.9898681640625,resistance,0.013354156328199807,0.012354156328199806,2,2022-08-08,0.022145456674651287,-0.009791300346451481,0.6870196963836492
KO,5,0.01,2022-10-11,2022-10-18,48.48751449584961,50.2319221496582,hold_days,0.03597642964268477,0.03497642964268477,1,2022-10-10,0.042782119627820414,-0.007805689985135644,0.5925017634842166
KO,5,0.01,2023-01-20,2023-01-27,53.85077667236328,54.218265533447266,hold_days,0.006824207259253479,0.005824207259253479,1,2023-01-19,0.01646137136151693,-0.010637164102263452,1.1502103963358836
KO,5,0.01,2023-05-11,2023-05-12,57.67790603637695,57.90370559692383,resistance,0.003914836304987679,0.002914836304987679,2,2023-05-09,-0.0006185704574913631,0.003533406762479042,0.8037002634181968
KO,5,0.01,2023-06-01,2023-06-08,54.191585540771484,54.5257682800293,hold_days,0.00616669056502106,0.00516669056502106,1,2023-05-31,0.029165029264119458,-0.023998338699098398,4.526257107476159
KO,5,0.01,2024-07-11,2024-07-12,59.264984130859375,59.828521728515625,resistance,0.00950877834391961,0.00850877834391961,2,2024-07-09,0.003675608621905413,0.004833169722014197,1.0622874513849148
KO,5,0.01,2024-10-08,2024-10-15,65.42091369628906,66.51787567138672,hold_days,0.016767756870382566,0.015767756870382565,1,2024-10-07,0.013411662492283094,0.0023560943780994714,1.1723221462413713
KO,5,0.01,2024-11-18,2024-11-25,58.498661041259766,60.88173294067383,hold_days,0.04073720418546434,0.039737204185464337,3,2024-11-15,0.024108282182415453,0.015628922003048884,1.844605481820836
KO,5,0.01,2025-06-06,2025-06-13,68.4864501953125,68.65437316894531,hold_days,0.0024519152789190812,0.0014519152789190812,1,2025-06-05,0.002405325903144462,-0.0009534106242253806,0.9832844406431599
KO,5,0.01,2026-03-06,2026-03-13,75.57211303710938,76.38805389404297,hold_days,0.010796851168273225,0.009796851168273224,1,2026-03-05,-0.014613275646863877,0.0244101268151371,1.2534337853638635
KO,5,0.01,2026-07-10,2026-07-17,82.99475860595703,81.07620239257812,hold_days,-0.02311659489833373,-0.024116594898333732,1,2026-07-09,-0.0003750570295895095,-0.023741537868744222,0.7427743923674842
COP,5,0.01,2016-08-02,2016-08-09,29.20698356628418,30.271333694458008,hold_days,0.03644163135704592,0.03544163135704592,1,2016-08-01,0.017793712788119587,0.017647918568926335,1.2225252666862088
COP,5,0.01,2017-02-27,2017-03-06,35.15166091918945,35.86421203613281,hold_days,0.02027076668102401,0.01927076668102401,3,2017-02-24,0.004439979907114866,0.014830786773909144,0.8669209823263461
COP,5,0.01,2017-07-10,2017-07-17,32.273345947265625,32.23601531982422,hold_days,-0.001156701493003065,-0.002156701493003065,3,2017-07-07,0.009902122487978948,-0.012058823980982014,1.0605090173605258
COP,5,0.01,2017-09-11,2017-09-18,33.73951721191406,35.361534118652344,hold_days,0.04807469225331751,0.04707469225331751,3,2017-09-08,0.01256674300964522,0.03450794924367229,0.756428658713411
COP,5,0.01,2017-10-09,2017-10-16,36.728240966796875,37.53619384765625,hold_days,0.021998137117151373,0.020998137117151372,3,2017-10-06,0.007174862289383244,0.013823274827768128,0.6851965316193911
COP,5,0.01,2019-01-15,2019-01-18,50.74385070800781,52.18094253540039,resistance,0.02832051189142004,0.02732051189142004,1,2019-01-14,0.02758215574417755,-0.00026164385275750934,0.7801161387702972
COP,5,0.01,2019-08-27,2019-09-04,39.75288009643555,41.56196212768555,hold_days,0.04550820033319325,0.04450820033319325,4,2019-08-23,0.022866460962496005,0.021641739370697244,1.1742550820352176
COP,5,0.01,2019-11-19,2019-11-22,44.916866302490234,47.0617561340332,resistance,0.047752437071151066,0.046752437071151065,1,2019-11-18,-0.0012473528835291736,0.04799978995468024,1.06352551558031
COP,5,0.01,2021-05-26,2021-06-03,46.06220245361328,49.428340911865234,hold_days,0.0730781048006075,0.0720781048006075,1,2021-05-25,0.004843638132173922,0.06723446666843358,0.9626864694872439
COP,5,0.01,2022-10-12,2022-10-19,102.1637954711914,106.38915252685547,hold_days,0.04135865387710225,0.040358653877102246,1,2022-10-11,0.040978645874913955,-0.0006199919978117086,0.9735221540829563
COP,5,0.01,2023-06-01,2023-06-08,89.71664428710938,94.23267364501953,hold_days,0.05033658351574144,0.04933658351574144,1,2023-05-31,0.029165029264119458,0.02017155425162198,4.144457678172726
COP,5,0.01,2023-10-05,2023-10-12,103.8175277709961,110.85646057128906,hold_days,0.06780100577832737,0.06680100577832737,1,2023-10-04,0.018339628681114384,0.04846137709721299,1.670628743819045
COP,5,0.01,2024-02-14,2024-02-22,101.3051528930664,103.9735107421875,hold_days,0.02633980378014633,0.02533980378014633,1,2024-02-13,0.011075897815447489,0.014263905964698842,1.1195118927439207
COP,5,0.01,2024-05-06,2024-05-13,114.470947265625,113.37162780761719,hold_days,-0.009603480046835755,-0.010603480046835756,3,2024-05-03,0.011265657052467848,-0.021869137099303604,1.0613465806997147
COP,5,0.01,2024-06-03,2024-06-10,106.17343139648438,105.64196014404297,hold_days,-0.005005689704580929,-0.006005689704580929,4,2024-05-30,0.010259499968134245,-0.016265189672715175,1.9686385550781156
COP,5,0.01,2024-06-17,2024-06-25,102.13610076904297,107.21772766113281,hold_days,0.049753484358882716,0.048753484358882715,3,2024-06-14,0.015084242495233324,0.03366924186364939,0.842125202931988
COP,5,0.01,2024-12-23,2024-12-31,91.1481704711914,93.7867202758789,hold_days,0.02894791843925648,0.02794791843925648,3,2024-12-20,-0.006579859822993139,0.03452777826224962,4.0280002890563535
COP,5,0.01,2025-05-06,2025-05-13,83.545654296875,89.78083038330078,hold_days,0.07463196187643018,0.07363196187643017,1,2025-05-05,0.0388290082362035,0.034802953640226675,1.459216664175641
COP,5,0.01,2025-08-11,2025-08-18,89.92955780029297,91.12709045410156,hold_days,0.013316340957307604,0.012316340957307603,4,2025-08-07,0.01337438922600409,-0.0010580482686964876,1.6591521137597607
COP,5,0.01,2025-11-26,2025-12-04,85.2116470336914,91.11160278320312,hold_days,0.06923884181207018,0.06823884181207018,1,2025-11-25,0.011699341435491117,0.056539500376579066,1.0035148519154928
COP,5,0.01,2026-02-24,2026-03-03,109.04686737060547,116.8662109375,hold_days,0.07170626497980725,0.07070626497980725,1,2026-02-23,-0.0062805325081030094,0.07698679748791026,0.6132951316811455
COP,5,0.01,2026-04-20,2026-04-27,114.8250961303711,119.98212432861328,hold_days,0.044912030314235185,0.043912030314235184,3,2026-04-17,-0.01685493284097095,0.06076696315520613,1.4115535958879246
COST,5,0.01,2015-09-11,2015-09-18,117.85955047607422,118.49457550048828,hold_days,0.005387981049045143,0.004387981049045143,2,2015-09-09,0.0019340679781307824,0.0024539130709143606,0.5485113918259655
COST,5,0.01,2015-12-21,2015-12-29,133.5283966064453,136.26785278320312,hold_days,0.020515907075795647,0.019515907075795647,3,2015-12-18,0.031548554484766234,-0.012032647408970587,1.3046554923511922
COST,5,0.01,2016-01-21,2016-01-28,125.98029327392578,125.31847381591797,hold_days,-0.005253357019647353,-0.006253357019647353,1,2016-01-20,0.013497075616865528,-0.019750432636512882,1.5078394306682976
COST,5,0.01,2016-02-05,2016-02-12,120.62713623046875,124.86861419677734,hold_days,0.03516188893189742,0.03416188893189742,1,2016-02-04,-0.01048529341035731,0.04464718234225473,2.2713643497233362
COST,5,0.01,2016-04-12,2016-04-19,126.43946075439453,129.0939178466797,hold_days,0.020993897604810074,0.019993897604810074,1,2016-04-11,0.02647793024971601,-0.006484032644905935,1.0732483776478012
COST,5,0.01,2016-05-19,2016-05-26,120.22509765625,126.13104248046875,hold_days,0.04912405928007768,0.04812405928007768,1,2016-05-18,0.029832542024439634,0.018291517255638046,1.9267712342525125
COST,5,0.01,2017-01-04,2017-01-11,135.37538146972656,136.8835906982422,hold_days,0.01114094167005475,0.010140941670054748,1,2017-01-03,0.006831067645273636,0.003309874024781112,1.1254933081674674
COST,5,0.01,2017-07-24,2017-07-31,133.86985778808594,140.5278778076172,hold_days,0.04973501973887795,0.04873501973887795,3,2017-07-21,0.003261351104208554,0.045473668634669395,0.7875825387659404
COST,5,0.01,2019-03-26,2019-03-27,216.0770263671875,216.38436889648438,resistance,0.0014223748561523752,0.0004223748561523752,1,2019-03-25,-0.0043973582391548804,0.004819733095307256,0.5478760768988543
COST,5,0.01,2019-06-03,2019-06-10,218.47311401367188,232.77398681640625,hold_days,0.0654582732859268,0.06445827328592679,3,2019-05-31,0.05016312518847532,0.014295148097451471,2.161795023412654
COST,5,0.01,2019-10-02,2019-10-09,258.9565734863281,269.6650085449219,hold_days,0.04135224263445503,0.04035224263445503,1,2019-10-01,0.011944478116700186,0.02840776451775484,1.2183107660607844
COST,5,0.01,2020-01-08,2020-01-10,268.23919677734375,270.5603942871094,resistance,0.008653461304882981,0.007653461304882981,1,2020-01-07,0.002764077658217623,0.004889383646665358,1.047979461011684
COST,5,0.01,2020-05-04,2020-05-11,278.37860107421875,283.71771240234375,hold_days,0.019179316612419894,0.018179316612419893,3,2020-05-01,0.023831369814471204,-0.00565205320205131,0.828877795173249
COST,5,0.01,2020-12-09,2020-12-16,352.5877685546875,348.01898193359375,hold_days,-0.012957870432720675,-0.013957870432720676,2,2020-12-07,0.0010928565784162902,-0.015050727011136966,1.0752936598652691
COST,5,0.01,2021-06-02,2021-06-09,359.9998779296875,359.404052734375,hold_days,-0.0016550705481874761,-0.002655070548187476,1,2021-06-01,0.0011370875469898234,-0.0037921580951772995,0.9537147952336776
COST,5,0.01,2022-01-11,2022-01-19,495.5139465332031,465.2626953125,hold_days,-0.061050251829140145,-0.062050251829140146,1,2022-01-10,-0.027760473025049026,-0.03428977880409112,2.393197338512234
COST,5,0.01,2024-04-22,2024-04-29,705.5397338867188,717.4086303710938,hold_days,0.01682243524257787,0.01582243524257787,3,2024-04-19,0.011852946677194387,0.003969488565383483,1.3468361279691083
COST,5,0.01,2025-01-03,2025-01-13,907.8153076171875,915.857666015625,hold_days,0.00885902488199597,0.007859024881995968,1,2025-01-02,-0.002545815302323007,0.010404840184318975,0.7989625391537362
COST,5,0.01,2025-03-14,2025-03-21,896.2655639648438,901.560302734375,hold_days,0.005907555731706093,0.004907555731706093,1,2025-03-13,0.003672396858197091,0.0012351588735090022,1.1530716689300837
COST,5,0.01,2025-11-25,2025-12-03,890.400146484375,918.2074584960938,hold_days,0.031230129646218296,0.030230129646218296,1,2025-11-24,0.01673603450815997,0.013494095138058326,1.480900221657741
COST,5,0.01,2026-03-24,2026-03-31,970.8654174804688,993.4067993164062,hold_days,0.023217823428540285,0.022217823428540284,1,2026-03-23,0.004584303454465921,0.017633519974074363,1.0974646844735056
COST,5,0.01,2026-06-23,2026-06-30,956.1597900390625,933.9849853515625,hold_days,-0.02319152605925212,-0.024191526059252122,1,2026-06-22,0.01041163185170979,-0.03460315791096191,1.0137828962582673
COST,5,0.01,2026-07-10,2026-07-17,914.7955322265625,939.37646484375,hold_days,0.026870411749124745,0.025870411749124744,1,2026-07-09,-0.0003750570295895095,0.026245468778714254,1.5313139072222952
DHR,5,0.01,2015-06-30,2015-07-08,34.91749954223633,34.97868347167969,hold_days,0.0017522425788063511,0.0007522425788063511,1,2015-06-29,-0.005253373565517583,0.006005616144323934,1.7028124733914392
DHR,5,0.01,2016-06-28,2016-07-06,40.28526306152344,67.91267395019531,hold_days,0.6857944764188195,0.6847944764188195,1,2016-06-27,0.04713712358045696,0.6376573528383626,1.6450956911792112
DHR,5,0.01,2016-10-18,2016-10-25,64.4869155883789,66.4612808227539,hold_days,0.03061652455169983,0.02961652455169983,1,2016-10-17,0.009392107118668891,0.02022441743303094,0.8080591375958495
DHR,5,0.01,2016-11-23,2016-12-01,66.79034423828125,64.9847183227539,hold_days,-0.027034235803390816,-0.028034235803390817,1,2016-11-22,-0.0021943342446882896,-0.025839901558702527,0.968214064682219
DHR,5,0.01,2016-12-08,2016-12-15,65.59220123291016,67.27122497558594,hold_days,0.025597917299859496,0.024597917299859495,1,2016-12-07,0.014039881321154413,0.010558035978705083,1.5513674942394298
DHR,5,0.01,2017-01-24,2017-01-31,67.6316146850586,70.91896057128906,hold_days,0.04860664500675771,0.04760664500675771,1,2017-01-23,-0.0009398314775733718,0.04854647648433108,0.9014574458971513
DHR,5,0.01,2017-05-19,2017-05-23,69.52806854248047,71.0601577758789,resistance,0.02203555003778601,0.02103555003778601,1,2017-05-18,0.009225659567330124,0.011809890470455886,1.162330244468655
DHR,5,0.01,2017-07-11,2017-07-18,70.45723724365234,72.47513580322266,hold_days,0.028640046622777637,0.027640046622777636,1,2017-07-10,0.009676188271994901,0.017963858350782735,1.1824428010062016
DHR,5,0.01,2017-09-29,2017-10-06,72.84886169433594,74.41996765136719,hold_days,0.021566650740864057,0.020566650740864056,1,2017-09-28,0.013641164376576143,0.006925486364287914,1.0596635570267015
DHR,5,0.01,2017-12-07,2017-12-14,78.70869445800781,78.8530502319336,hold_days,0.001834051179730789,0.000834051179730789,1,2017-12-06,0.00956163098808327,-0.008727579808352481,1.0279114150264175
DHR,5,0.01,2018-04-12,2018-04-19,84.34073638916016,86.47053527832031,hold_days,0.025252315551680393,0.024252315551680392,1,2018-04-11,0.009228952269744628,0.015023363281935764,0.8246270686072976
DHR,5,0.01,2018-10-09,2018-10-16,91.20860290527344,89.77291107177734,hold_days,-0.01574075018983856,-0.01674075018983856,1,2018-10-08,-0.024766779541738004,0.008026029351899444,1.057657830711015
DHR,5,0.01,2019-05-14,2019-05-21,112.0614242553711,111.59858703613281,hold_days,-0.00413021003716274,-0.00513021003716274,1,2019-05-13,0.011987090133741773,-0.017117300170904515,1.0615787473160663
DHR,5,0.01,2019-07-19,2019-07-26,121.51573181152344,122.09066772460938,hold_days,0.004731370206268348,0.0037313702062683482,2,2019-07-17,0.013320534248181914,-0.009589164041913567,1.2313799732928001
DHR,5,0.01,2019-08-26,2019-09-03,117.0450210571289,120.02265167236328,hold_days,0.025440045106925213,0.024440045106925212,3,2019-08-23,0.009803790269860668,0.014636254837064544,1.353231009881157
DHR,5,0.01,2019-10-09,2019-10-16,117.87071228027344,118.03395080566406,hold_days,0.001384894705670936,0.00038489470567093596,1,2019-10-08,0.023584865567441327,-0.02319997086177039,1.2941543003675167
DHR,5,0.01,2019-11-06,2019-11-13,115.86038970947266,117.7418441772461,hold_days,0.01623897927921103,0.015238979279211029,1,2019-11-05,0.009472810981063562,0.005766168298147467,1.325459802909991
DHR,5,0.01,2020-02-21,2020-02-28,139.22802734375,124.34884643554688,hold_days,-0.10686914978308826,-0.10786914978308826,1,2020-02-20,-0.11952948134471986,0.011660331561631598,1.2549990991829982
DHR,5,0.01,2021-09-14,2021-09-21,280.3846435546875,280.91241455078125,hold_days,0.0018823106337162443,0.0008823106337162443,1,2021-09-13,-0.02008657252851964,0.020968883162235885,1.0751941877714093
DHR,5,0.01,2022-05-26,2022-06-03,218.2483367919922,230.68203735351562,hold_days,0.056970425270061575,0.055970425270061575,1,2022-05-25,0.01600661645328727,0.039963808816774304,1.0404214231005604
DHR,5,0.01,2024-03-18,2024-03-25,247.7835693359375,244.16738891601562,hold_days,-0.014594109002518896,-0.015594109002518897,3,2024-03-15,0.010738991196477254,-0.02633310019899615,2.422059542871955
DHR,5,0.01,2024-11-20,2024-11-27,230.40423583984375,236.06797790527344,hold_days,0.024581761896802057,0.023581761896802056,2,2024-11-18,0.027416963760906743,-0.003835201864104687,1.3464000821664555
DHR,5,0.01,2025-12-02,2025-12-09,225.32797241210938,221.98667907714844,hold_days,-0.014828577647030605,-0.015828577647030606,1,2025-12-01,-0.0009285816849231576,-0.014899995962107448,1.0362623749158986
DHR,5,0.01,2025-12-18,2025-12-26,223.10044860839844,229.35427856445312,hold_days,0.02803145397090545,0.02703145397090545,1,2025-12-17,0.014092398389827121,0.01293905558107833,1.2812139645196863
DHR,5,0.01,2026-04-28,2026-05-05,178.6094512939453,174.26846313476562,hold_days,-0.024304358631254797,-0.025304358631254797,4,2026-04-24,0.013963842837803941,-0.03926820146905874,1.2383040370871161
DHR,5,0.01,2026-07-22,2026-07-29,179.13999938964844,196.49000549316406,hold_days,0.09685165882901181,0.09585165882901181,1,2026-07-21,0.013549962995718312,0.0823016958332935,7.160893410536617
DE,5,0.01,2015-09-14,2015-09-21,66.04936218261719,65.61832427978516,hold_days,-0.006525996445510995,-0.007525996445510995,3,2015-09-11,0.009517764460917899,-0.017043760906428895,1.2174676294427622
DE,5,0.01,2016-10-21,2016-10-28,74.41268157958984,75.04979705810547,hold_days,0.008561920696732006,0.007561920696732006,1,2016-10-20,-0.0011380314875099051,0.00869995218424191,0.8871293968992742
DE,5,0.01,2017-03-28,2017-04-04,93.80944061279297,95.35072326660156,hold_days,0.01642993118539504,0.01542993118539504,1,2017-03-27,0.0035393944445849534,0.011890536740810087,1.8089345146017906
DE,5,0.01,2017-09-28,2017-10-05,108.74226379394531,112.56745910644531,hold_days,0.03517671215442353,0.03417671215442353,2,2017-09-26,0.016951100335466096,0.01722561181895743,0.3770108552326783
DE,5,0.01,2017-11-10,2017-11-17,116.2784194946289,119.391357421875,hold_days,0.026771415889342176,0.025771415889342175,1,2017-11-09,0.0010740625711596063,0.02469735331818257,1.7275891035641426
DE,5,0.01,2019-03-25,2019-04-01,141.48989868164062,146.3113555908203,hold_days,0.034076333039351425,0.033076333039351424,3,2019-03-22,0.02973620649576203,0.0033401265435893945,1.2776144624971395
DE,5,0.01,2019-07-11,2019-07-16,146.3936767578125,150.83294677734375,resistance,0.03032419239579176,0.02932419239579176,1,2019-07-10,0.0016157057359733606,0.0277084866598184,0.813247982187587
DE,5,0.01,2019-09-04,2019-09-06,137.73321533203125,142.0906982421875,resistance,0.0316371247099092,0.030637124709909203,1,2019-09-03,0.015592592926912063,0.01504453178299714,1.1309636527686497
DE,5,0.01,2019-10-03,2019-10-10,150.32110595703125,153.02972412109375,hold_days,0.018018881292935385,0.017018881292935384,1,2019-10-02,0.011637767252089093,0.005381114040846291,1.3215707229860316
DE,5,0.01,2020-07-21,2020-07-23,162.62355041503906,163.62347412109375,resistance,0.006148701731715667,0.005148701731715667,1,2020-07-20,-0.002643271946432546,0.007791973678148213,1.0010585556427107
DE,5,0.01,2020-07-24,2020-07-27,162.3458251953125,162.94764709472656,resistance,0.0037070364987212834,0.0027070364987212834,4,2020-07-20,0.004876343618499535,-0.002169307119778251,1.0010585556427107
DE,5,0.01,2020-12-09,2020-12-16,236.7423095703125,242.58584594726562,hold_days,0.02468310961213116,0.02368310961213116,2,2020-12-07,0.0010928565784162902,0.02259025303371487,0.7574673370644349
DE,5,0.01,2021-03-24,2021-03-31,336.2559509277344,349.4368896484375,hold_days,0.03919912401352832,0.03819912401352832,1,2021-03-23,0.022900130672564023,0.015298993340964295,1.4948165111705596
DE,5,0.01,2021-10-14,2021-10-21,309.7095031738281,322.06890869140625,hold_days,0.03990644584981062,0.03890644584981062,1,2021-10-13,0.018907595484287665,0.019998850365522958,1.238068618545175
DE,5,0.01,2022-05-02,2022-05-09,360.0455017089844,344.27349853515625,hold_days,-0.043805583180362095,-0.044805583180362096,3,2022-04-29,-0.023712035167815282,-0.021093548012546814,0.8063715393309461
DE,5,0.01,2023-01-20,2023-01-27,391.57391357421875,398.8026428222656,hold_days,0.0184607017920686,0.0174607017920686,1,2023-01-19,0.01646137136151693,0.0009993304305516704,1.8164575430405603
DE,5,0.01,2023-05-19,2023-05-26,347.7887268066406,341.7236022949219,hold_days,-0.017439106113093628,-0.01843910611309363,3,2023-05-16,-0.004561409222264889,-0.013877696890828739,1.5305005543003887
DE,5,0.01,2023-08-04,2023-08-11,406.91156005859375,417.4960632324219,hold_days,0.02601180259490299,0.025011802594902988,1,2023-08-03,0.006863162218327057,0.01814864037657593,0.8184386662033329
DE,5,0.01,2023-11-29,2023-12-06,350.47021484375,352.0109558105469,hold_days,0.004396210866260963,0.0033962108662609633,1,2023-11-28,0.009962880027449605,-0.006566669161188642,0.8506172177858763
DE,5,0.01,2025-02-07,2025-02-14,456.79278564453125,471.1362609863281,hold_days,0.031400398151118614,0.030400398151118613,1,2025-02-06,0.01116446686810968,0.019235931283008934,0.6028664650407473
DE,5,0.01,2025-04-28,2025-05-05,453.0723571777344,473.8848876953125,hold_days,0.045936438601602125,0.044936438601602124,3,2025-04-25,0.01692592799012549,0.028010510611476636,0.873039124297547
DE,5,0.01,2025-06-02,2025-06-09,499.9744873046875,513.6000366210938,hold_days,0.027252489201719632,0.02625248920171963,4,2025-05-29,0.015340749800429654,0.010911739401289977,0.6922530602013676
DE,5,0.01,2026-07-15,2026-07-22,589.47998046875,607.3300170898438,hold_days,0.03028098868921636,0.02928098868921636,1,2026-07-14,0.004094191235582301,0.025186797453634058,0.7907537521307113
DOV,5,0.01,2016-09-16,2016-09-23,46.79582214355469,47.92540740966797,hold_days,0.02413859217278147,0.02313859217278147,2,2016-09-14,0.014523326270381887,0.008615265902399583,1.9368861688214518
DOV,5,0.01,2017-06-08,2017-06-15,57.71253204345703,57.71253204345703,hold_days,0.0,-0.001,1,2017-06-07,0.002530103056655353,-0.003530103056655353,1.5369630793055074
DOV,5,0.01,2017-06-23,2017-06-30,55.00133514404297,56.19928741455078,hold_days,0.021780421645592796,0.020780421645592795,2,2017-06-21,-0.003315963340253192,0.024096384985845987,1.8969015410374195
DOV,5,0.01,2017-08-23,2017-08-30,59.190704345703125,59.69797134399414,hold_days,0.008570044974094637,0.007570044974094637,2,2017-08-21,0.007712306689737103,-0.00014226171564246572,1.086538285533897
DOV,5,0.01,2018-03-05,2018-03-12,70.09638214111328,72.18000030517578,hold_days,0.029725045721588073,0.02872504572158807,4,2018-03-01,0.024138154789433264,0.004586890932154808,1.2199808960972403
DOV,5,0.01,2018-06-28,2018-07-06,64.45447540283203,64.56961822509766,hold_days,0.001786420904770436,0.000786420904770436,1,2018-06-27,0.014325168535327393,-0.013538747630556958,0.7610160482359827
DOV,5,0.01,2018-09-10,2018-09-17,76.17777252197266,78.84974670410156,hold_days,0.03507550947828264,0.03407550947828264,3,2018-09-07,0.007757434846067612,0.026318074632215027,1.3527092538046146
DOV,5,0.01,2018-10-25,2018-11-01,72.78438568115234,74.28067016601562,hold_days,0.020557767587928488,0.019557767587928487,1,2018-10-24,0.012890939730639595,0.006666827857288893,0.6912256143844326
DOV,5,0.01,2019-02-11,2019-02-19,78.27957916259766,81.88945007324219,hold_days,0.0461151036996037,0.0451151036996037,3,2019-02-08,0.022102679300189054,0.023012424399414644,0.5161623172027491
DOV,5,0.01,2019-04-26,2019-05-03,87.37442016601562,89.48152923583984,hold_days,0.024115857545270236,0.023115857545270235,1,2019-04-25,-0.00018372383129616754,0.023299581376566403,1.3665744228098744
DOV,5,0.01,2019-08-27,2019-09-04,80.50809478759766,84.87711334228516,hold_days,0.05426806541893914,0.05326806541893914,4,2019-08-23,0.022866460962496005,0.030401604456443132,1.0221285563751317
DOV,5,0.01,2020-08-24,2020-08-31,102.48043060302734,101.83403778076172,hold_days,-0.006307475665959239,-0.007307475665959239,3,2020-08-21,0.008455093678311654,-0.015762569344270894,0.9107985198994436
DOV,5,0.01,2021-01-05,2021-01-12,115.47814178466797,120.63493347167969,hold_days,0.04465599815961352,0.04365599815961352,1,2021-01-04,0.026470163218378806,0.017185834941234712,1.0080716033692523
DOV,5,0.01,2021-02-18,2021-02-25,112.573974609375,116.14099884033203,hold_days,0.031686046826847836,0.030686046826847835,1,2021-02-17,0.0029936161825063756,0.02769243064434146,1.0592549235642474
DOV,5,0.01,2021-10-01,2021-10-08,147.51751708984375,148.42022705078125,hold_days,0.006119340799287665,0.005119340799287665,1,2021-09-30,0.013013800329756409,-0.007894459530468745,0.9628750838845749
DOV,5,0.01,2022-02-14,2022-02-22,151.98590087890625,149.15670776367188,hold_days,-0.01861483926386376,-0.01961483926386376,3,2022-02-11,-0.023417842559557367,0.0038030032956936077,0.8968098629915858
DOV,5,0.01,2022-08-04,2022-08-11,125.79568481445312,129.6134033203125,hold_days,0.03034856490896698,0.02934856490896698,2,2022-08-02,0.022814409622573084,0.0065341552863938945,0.5433922447902928
DOV,5,0.01,2023-05-19,2023-05-26,133.91943359375,131.5766143798828,hold_days,-0.017494243747880667,-0.018494243747880668,3,2023-05-16,-0.004561409222264889,-0.013932834525615778,1.2407154233203197
DOV,5,0.01,2023-08-18,2023-08-25,135.4749755859375,137.49884033203125,hold_days,0.014939030159189182,0.01393903015918918,2,2023-08-16,-0.002003857458917735,0.015942887618106916,0.9123658074516333
DOV,5,0.01,2023-12-21,2023-12-29,148.00511169433594,149.29608154296875,hold_days,0.00872246798677434,0.00772246798677434,1,2023-12-20,0.005526887999958818,0.002195579986815522,0.8804233836548545
DOV,5,0.01,2024-10-10,2024-10-17,182.7338409423828,190.8218536376953,hold_days,0.044261165056245444,0.04326116505624544,1,2024-10-09,0.014145614936801776,0.029115550119443667,1.7925634425412056
DOV,5,0.01,2024-12-24,2025-01-02,186.83251953125,182.22869873046875,hold_days,-0.024641431868134722,-0.025641431868134723,1,2024-12-23,-0.016753247999459986,-0.008888183868674737,0.7050542349411493
DOV,5,0.01,2025-01-29,2025-02-05,193.7333526611328,200.96792602539062,hold_days,0.03734294206383826,0.03634294206383826,2,2025-01-27,0.004952151975551988,0.03139079008828627,0.921483610999835
DOV,5,0.01,2025-02-28,2025-03-07,195.630126953125,182.70753479003906,hold_days,-0.06605624790184961,-0.06705624790184961,1,2025-02-27,-0.017827521699767312,-0.049228726202082296,0.6792768948729467
DOV,5,0.01,2025-08-26,2025-09-03,179.84719848632812,172.95947265625,hold_days,-0.03829765427567522,-0.03929765427567522,1,2025-08-25,-0.0030102645850895726,-0.03628738969058565,0.5432761389569775
DOV,5,0.01,2025-10-14,2025-10-21,160.90289306640625,171.28659057617188,hold_days,0.06453393914726058,0.06353393914726058,1,2025-10-13,0.017183768236772368,0.04635017091048821,1.226839173702322
DOV,5,0.01,2025-11-04,2025-11-11,176.4339141845703,182.10585021972656,hold_days,0.032147651778686726,0.031147651778686725,1,2025-11-03,0.020292042740498006,0.010855609038188718,0.7252657822329582
DOV,5,0.01,2026-03-13,2026-03-20,202.8934326171875,208.30577087402344,hold_days,0.026675768589552007,0.025675768589552006,1,2026-03-12,-0.0158957659578145,0.04157153454736651,0.9715925794123563
DOV,5,0.01,2026-05-07,2026-05-14,219.77716064453125,213.27041625976562,hold_days,-0.029606099039971023,-0.030606099039971024,3,2026-05-04,0.0024820203016977516,-0.033088119341668776,0.9932009188446175
DOV,5,0.01,2026-05-21,2026-05-29,206.7139129638672,210.80149841308594,hold_days,0.019774118687082565,0.018774118687082564,2,2026-05-19,0.009566836606908158,0.009207282080174406,1.4754076609746714
DOV,5,0.01,2026-07-09,2026-07-16,211.0109405517578,216.93524169921875,hold_days,0.028075800865916767,0.027075800865916766,1,2026-07-08,0.011278930997386638,0.015796869868530128,0.7491724929218222
DOV,5,0.01,2026-08-21,2026-08-28,201.3864288330078,198.1549835205078,hold_days,-0.016045993422821758,-0.01704599342282176,1,2026-08-20,-0.0038069213475111496,-0.01323907207531061,0.9496684715921244
XOM,5,0.01,2015-09-24,2015-10-01,45.612430572509766,46.44654083251953,hold_days,0.01828690665111088,0.017286906651110878,1,2015-09-23,0.00022633557876550192,0.017060571072345376,0.9600358808605
XOM,5,0.01,2016-04-06,2016-04-13,53.18145751953125,54.151771545410156,hold_days,0.018245344733595292,0.01724534473359529,1,2016-04-05,0.014052915970466984,0.0031924287631283077,0.9858689723249286
XOM,5,0.01,2016-05-17,2016-05-24,57.63235855102539,57.72248840332031,hold_days,0.0015638758253337937,0.0005638758253337936,4,2016-05-13,0.016312695640206876,-0.015748819814873083,0.870778389582656
XOM,5,0.01,2016-10-05,2016-10-12,56.48131561279297,56.56571960449219,hold_days,0.0014943701431788803,0.0004943701431788803,1,2016-10-04,-0.010547523163296879,0.011041893306475759,0.5604165431255593
XOM,5,0.01,2017-02-23,2017-03-02,54.052330017089844,55.05698776245117,resistance,0.018586761108053684,0.017586761108053683,1,2017-02-22,0.010869025184703673,0.00671773592335001,1.0859931649368828
XOM,5,0.01,2017-04-20,2017-04-27,53.54341506958008,53.70866012573242,hold_days,0.003086188207039209,0.002086188207039209,1,2017-04-19,0.018260221780391328,-0.01617403357335212,1.1261140153302318
XOM,5,0.01,2017-07-07,2017-07-14,53.52195739746094,54.22918701171875,hold_days,0.013213821927434921,0.01221382192743492,1,2017-07-06,0.011677982817776877,0.0005358391096580428,0.9004585532745031
XOM,5,0.01,2017-08-31,2017-09-08,51.42023468017578,53.097618103027344,hold_days,0.0326210767664632,0.031621076766463196,1,2017-08-30,0.0013354424789941977,0.030285634287469,0.8714934266828848
XOM,5,0.01,2018-01-31,2018-02-07,59.35451889038086,52.31084442138672,hold_days,-0.11867124189824163,-0.11967124189824163,1,2018-01-30,-0.049023207835296456,-0.07064803406294518,1.1737462256226303
XOM,5,0.01,2018-03-15,2018-03-22,51.114906311035156,50.483009338378906,hold_days,-0.012362283691006781,-0.013362283691006782,1,2018-03-14,-0.03745575954659197,0.02409347585558519,0.8806334557169841
XOM,5,0.01,2019-11-20,2019-11-27,50.47691345214844,50.97404861450195,hold_days,0.009848763094930435,0.008848763094930434,1,2019-11-19,0.015062411182309665,-0.006213648087379231,1.0409062833398843
XOM,5,0.01,2020-05-29,2020-06-05,34.885746002197266,40.724334716796875,hold_days,0.16736316070844137,0.16636316070844137,1,2020-05-28,0.0698576456068245,0.09650551510161687,0.8678985909535517
XOM,5,0.01,2020-07-31,2020-08-07,32.284847259521484,33.32826614379883,hold_days,0.03231915195044377,0.03131915195044377,1,2020-07-30,0.02824276346077159,0.003076388489672177,1.594002718767492
XOM,5,0.01,2020-10-06,2020-10-13,26.12303924560547,26.772401809692383,hold_days,0.024857848965493368,0.023857848965493367,4,2020-10-02,0.034867844936312675,-0.011009995970819308,1.1108302406437007
XOM,5,0.01,2021-01-04,2021-01-06,33.25132751464844,35.743167877197266,resistance,0.0749395753132287,0.0739395753132287,4,2020-12-31,0.025564387017634305,0.048375188295594396,0.9231500335042713
XOM,5,0.01,2021-04-23,2021-04-30,45.28086471557617,46.64164733886719,hold_days,0.030052045866140853,0.029052045866140852,1,2021-04-22,0.00239573406797966,0.026656311798161192,1.0036577580062245
XOM,5,0.01,2022-10-12,2022-10-19,86.3412094116211,91.04290771484375,hold_days,0.05445485805981587,0.05345485805981587,1,2022-10-11,0.040978645874913955,0.012476212184901914,0.7829581350186218
XOM,5,0.01,2023-01-19,2023-01-26,98.43419647216797,104.12873077392578,hold_days,0.05785117881637736,0.05685117881637736,1,2023-01-18,0.03158933248202822,0.025261846334349136,1.030197914690514
XOM,5,0.01,2023-06-01,2023-06-08,92.89805603027344,97.23918151855469,hold_days,0.046729992787648555,0.045729992787648555,1,2023-05-31,0.029165029264119458,0.016564963523529097,1.8265348444234706
XOM,5,0.01,2024-01-19,2024-01-26,88.65451049804688,94.18683624267578,hold_days,0.06240320671276822,0.06140320671276822,1,2024-01-18,0.005496781404941142,0.05590642530782708,1.0890467596902451
XOM,5,0.01,2024-02-06,2024-02-13,93.50101470947266,93.53011322021484,hold_days,0.00031121064121708564,-0.0006887893587829144,1,2024-02-05,-0.00337742248396089,0.002688633125177976,0.8699214227303274
XOM,5,0.01,2024-07-10,2024-07-17,104.1337661743164,109.4558334350586,hold_days,0.05110798789158588,0.05010798789158588,1,2024-07-09,0.023531190174096217,0.026576797717489664,0.7998226708498158
XOM,5,0.01,2025-05-07,2025-05-14,99.80699920654297,103.49931335449219,hold_days,0.036994541237616474,0.03599454123761647,2,2025-05-05,0.028347949654938587,0.007646591582677886,1.3594725601159958
XOM,5,0.01,2026-04-20,2026-04-27,145.7406768798828,146.24400329589844,hold_days,0.0034535753970077465,0.0024535753970077465,3,2026-04-17,-0.01685493284097095,0.019308508237978694,1.3575962338445606
XOM,5,0.01,2026-08-07,2026-08-14,152.055419921875,159.07000732421875,hold_days,0.04613178146459895,0.04513178146459895,2,2026-08-05,0.002174647090931181,0.04295713437366777,0.8508863065584528
XOM,5,0.01,2026-08-28,2026-09-04,156.7100067138672,159.47000122070312,hold_days,0.01761211402329499,0.016612114023294988,1,2026-08-27,-0.006179419235416539,0.022791533258711527,1.038730768923205
GS,5,0.01,2015-08-10,2015-08-17,164.30538940429688,161.59320068359375,hold_days,-0.01650699791733179,-0.01750699791733179,3,2015-08-07,-0.00086894685938399,-0.0166380510579478,0.8945252578682888
GS,5,0.01,2015-12-07,2015-12-14,148.98672485351562,141.685546875,hold_days,-0.049005560634306056,-0.05000556063430606,4,2015-12-03,-0.02143094046774019,-0.028574620166565867,1.4636268991768877
GS,5,0.01,2016-12-30,2017-01-09,195.31715393066406,198.1231231689453,hold_days,0.014366220179909739,0.013366220179909738,1,2016-12-29,0.015970459039845952,-0.0026042388599362143,0.6670487106017192
GS,5,0.01,2017-02-27,2017-03-06,203.37619018554688,206.0995635986328,hold_days,0.01339081733511338,0.01239081733511338,3,2017-02-24,0.004439979907114866,0.007950837427998514,1.1363136574996255
GS,5,0.01,2018-06-01,2018-06-08,189.80763244628906,193.99693298339844,hold_days,0.02207129651804096,0.02107129651804096,1,2018-05-31,0.02009205457848351,0.0009792419395574514,1.9252199519317517
GS,5,0.01,2019-02-14,2019-02-22,161.21371459960938,164.1193084716797,hold_days,0.018023242496996383,0.017023242496996382,3,2019-02-11,0.0191245979347876,-0.002101355437791219,0.6998159006067454
GS,5,0.01,2019-03-27,2019-04-03,159.76296997070312,168.8679962158203,hold_days,0.0569908424135257,0.0559908424135257,2,2019-03-25,0.024890261871081565,0.031100580542444134,1.1567770605958743
GS,5,0.01,2019-07-09,2019-07-16,175.46475219726562,182.00975036621094,hold_days,0.03730092845990596,0.03630092845990596,1,2019-07-08,0.007615194808044956,0.028685733651861,0.8208581840078991
GS,5,0.01,2019-08-15,2019-08-22,165.6768035888672,170.94659423828125,hold_days,0.03180765523755058,0.03080765523755058,1,2019-08-14,0.029657711533250808,0.0011499437042997718,1.321610345354857
GS,5,0.01,2019-09-25,2019-10-02,178.48654174804688,168.47573852539062,hold_days,-0.0560871599876005,-0.0570871599876005,1,2019-09-24,-0.0351057876915426,-0.0219813722960579,1.1003396876114842
GS,5,0.01,2020-04-23,2020-04-30,150.5134735107422,157.7102508544922,hold_days,0.047814837940314714,0.04681483794031471,2,2020-04-21,0.043377748216431256,0.0034370897238834575,0.7486209613869188
GS,5,0.01,2020-05-15,2020-05-22,147.77920532226562,154.70945739746094,hold_days,0.04689598959530428,0.045895989595304276,2,2020-05-13,0.038441091340011724,0.0074548982552925525,1.247289327825706
GS,5,0.01,2020-08-03,2020-08-10,172.51344299316406,181.15684509277344,hold_days,0.05010277430931498,0.04910277430931498,3,2020-07-31,0.03413197372751364,0.014970800581801336,0.7506404702099241
GS,5,0.01,2021-03-09,2021-03-16,290.4651794433594,300.2355651855469,hold_days,0.03363702926771195,0.03263702926771195,4,2021-03-05,0.027710351430253688,0.00492667783745826,1.1056880766490573
GS,5,0.01,2021-08-20,2021-08-27,348.9966125488281,369.9961853027344,hold_days,0.0601712796022289,0.0591712796022289,1,2021-08-19,0.01914602031480439,0.04002525928742451,0.9016419819631378
GS,5,0.01,2021-11-11,2021-11-18,356.42401123046875,346.7060241699219,hold_days,-0.027265242392053857,-0.028265242392053858,1,2021-11-10,0.005383852592359295,-0.03364909498441315,0.9419918726491133
GS,5,0.01,2022-05-16,2022-05-23,271.82220458984375,283.6199035644531,hold_days,0.043402263595099244,0.04240226359509924,4,2022-05-12,-0.00743545237422516,0.0498377159693244,1.2689128816083395
GS,5,0.01,2022-12-09,2022-12-16,328.271240234375,316.58062744140625,hold_days,-0.035612662213790114,-0.036612662213790115,1,2022-12-08,-0.01642888075404192,-0.020183781459748196,0.9318911546585086
GS,5,0.01,2023-02-10,2023-02-13,339.3677978515625,341.8722839355469,resistance,0.007379857782145338,0.006379857782145338,1,2023-02-09,0.008830606697401988,-0.00245074891525665,0.873047606084323
GS,5,0.01,2023-05-15,2023-05-22,296.4953918457031,299.1191101074219,hold_days,0.008849103000845737,0.007849103000845736,3,2023-05-12,0.0067402586078995075,0.0011088443929462288,0.5840498230474105
GS,5,0.01,2023-06-27,2023-07-05,290.7571105957031,296.87921142578125,hold_days,0.0210557217931322,0.020055721793132197,1,2023-06-26,0.014469592499684936,0.005586129293447262,0.9601318875240904
GS,5,0.01,2023-12-20,2023-12-28,356.0080871582031,364.3914794921875,hold_days,0.02354831992976325,0.02254831992976325,2,2023-12-18,0.015851913800880357,0.0066964061288828924,1.019414586975118
GS,5,0.01,2024-01-05,2024-01-12,364.41973876953125,356.2249450683594,hold_days,-0.022487238833005407,-0.02348723883300541,2,2024-01-03,0.002627595855895226,-0.026114834688900634,1.426277813456235
GS,5,0.01,2024-03-05,2024-03-12,371.2474670410156,368.65472412109375,hold_days,-0.006983866962344654,-0.007983866962344655,4,2024-03-01,0.015894090849538633,-0.023877957811883288,0.7533280085197018
GS,5,0.01,2024-09-11,2024-09-18,452.8415832519531,465.7298583984375,hold_days,0.0284608914533222,0.0274608914533222,1,2024-09-10,0.013466979586153727,0.013993911867168474,2.1773159541822382
GS,5,0.01,2025-03-03,2025-03-10,587.4961547851562,516.0562133789062,hold_days,-0.12160069614817337,-0.12260069614817337,4,2025-02-27,-0.02117217490110168,-0.10142852124707169,0.9227789266143721
GS,5,0.01,2026-03-30,2026-04-07,800.1375732421875,856.1651000976562,hold_days,0.07002236706425768,0.06902236706425768,3,2026-03-27,0.020654835071079347,0.048367531993178337,0.9863850029027847
GS,5,0.01,2026-04-15,2026-04-17,891.178466796875,917.39404296875,resistance,0.02941675225401319,0.02841675225401319,2,2026-04-13,0.008632752039991365,0.019784000214021824,2.2578977384778565
HD,5,0.01,2015-11-16,2015-11-23,92.79591369628906,101.74991607666016,hold_days,0.09649134346234867,0.09549134346234867,3,2015-11-13,0.019010694073352763,0.0764806493889959,2.1648272612286403
HD,5,0.01,2015-12-21,2015-12-29,101.28242492675781,103.1258773803711,hold_days,0.018201108977657032,0.01720110897765703,3,2015-12-18,0.031548554484766234,-0.014347445507109202,1.9663817185607924
HD,5,0.01,2016-07-14,2016-07-18,104.88475799560547,106.28797912597656,resistance,0.013378694456537499,0.012378694456537498,1,2016-07-13,0.0032239892452954333,0.009154705211242065,0.8564057043838348
HD,5,0.01,2016-08-19,2016-08-26,105.60196685791016,104.74443817138672,hold_days,-0.008120385557565113,-0.009120385557565114,1,2016-08-18,-0.005858230610434001,-0.003262154947131113,1.0130970019572336
HD,5,0.01,2016-10-18,2016-10-25,98.5271224975586,96.64653778076172,hold_days,-0.019086974927573608,-0.02008697492757361,1,2016-10-17,0.009392107118668891,-0.0294790820462425,0.8031535493480396
HD,5,0.01,2017-02-07,2017-02-14,107.6445083618164,111.35479736328125,hold_days,0.034467982230860894,0.03346798223086089,1,2017-02-06,0.020588131650755903,0.01287985058010499,1.11754124152611
HD,5,0.01,2017-09-20,2017-09-27,127.23383331298828,129.02993774414062,hold_days,0.01411656305861686,0.013116563058616859,1,2017-09-19,7.29021124192819e-05,0.013043660946197577,0.5174871756995358
HD,5,0.01,2017-11-03,2017-11-10,131.81231689453125,131.58778381347656,hold_days,-0.001703430197910416,-0.002703430197910416,1,2017-11-02,-0.001179298975401255,-0.001524131222509161,1.7820112241913306
HD,5,0.01,2018-04-10,2018-04-17,140.6110076904297,141.76190185546875,hold_days,0.008184950694421378,0.007184950694421378,1,2018-04-09,0.019632369470645283,-0.012447418776223906,0.9565109325218989
HD,5,0.01,2018-08-15,2018-08-22,158.106201171875,162.1649932861328,hold_days,0.02567130248006877,0.02467130248006877,1,2018-08-14,0.018143442116045128,0.006527860364023641,3.8149002938881234
HD,5,0.01,2018-10-15,2018-10-22,156.60647583007812,146.43202209472656,hold_days,-0.06496828232308283,-0.06596828232308283,4,2018-10-11,0.0003898073007273517,-0.06635808962381018,1.3012103036469769
HD,5,0.01,2018-12-11,2018-12-18,141.91831970214844,140.1300048828125,hold_days,-0.012601014605367111,-0.013601014605367112,1,2018-12-10,-0.033697992274254185,0.020096977668887073,0.8291813573836765
HD,5,0.01,2019-06-26,2019-07-03,172.57958984375,177.3284454345703,hold_days,0.027516901593750642,0.02651690159375064,1,2019-06-25,0.0260950594445315,0.00042184214921914265,0.7647024972878733
HD,5,0.01,2019-08-16,2019-08-23,170.263671875,181.81805419921875,hold_days,0.06786170060223684,0.06686170060223684,2,2019-08-14,-0.013137624357452804,0.07999932495968964,1.3634889319371417
HD,5,0.01,2019-11-26,2019-12-04,185.69580078125,181.24546813964844,hold_days,-0.0239657150182091,-0.0249657150182091,4,2019-11-22,-0.009598850530424419,-0.015366864487784682,1.064393361084388
HD,5,0.01,2020-01-15,2020-01-23,190.12574768066406,197.79544067382812,hold_days,0.04034010693830958,0.03934010693830958,1,2020-01-14,0.0056255780118681376,0.033714528926441445,0.8416547175530509
HD,5,0.01,2020-11-23,2020-12-01,233.8977813720703,238.37928771972656,hold_days,0.019160106271069566,0.018160106271069565,3,2020-11-20,0.01503329110574092,0.0031268151653286447,0.8353365018277431
HD,5,0.01,2021-07-29,2021-08-05,286.99920654296875,291.977783203125,hold_days,0.017347004962575907,0.016347004962575906,1,2021-07-28,-0.0014041976170371395,0.017751202579613046,0.7639802076333718
HD,5,0.01,2021-09-21,2021-09-22,294.440185546875,295.9466247558594,resistance,0.005116282637121827,0.004116282637121827,1,2021-09-20,0.010081924557586941,-0.005965641920465114,1.204106957486666
HD,5,0.01,2022-09-27,2022-10-04,242.20338439941406,261.0160827636719,hold_days,0.07767314404341308,0.07667314404341308,1,2022-09-26,0.04642384812143008,0.030249295921983,0.989522204974823
HD,5,0.01,2022-11-04,2022-11-11,256.03118896484375,283.89410400390625,hold_days,0.1088262533627824,0.1078262533627824,1,2022-11-03,0.05508190782561484,0.05274434553716756,1.4203272355748706
HD,5,0.01,2023-01-20,2023-01-27,285.6661376953125,287.1986999511719,hold_days,0.00536487197335922,0.00436487197335922,1,2023-01-19,0.01646137136151693,-0.012096499388157711,1.7186938785981836
HD,5,0.01,2023-02-22,2023-03-01,268.7075500488281,263.71063232421875,hold_days,-0.018596119549679102,-0.019596119549679103,1,2023-02-21,-0.010086316225218495,-0.009509803324460608,3.4844839721031415
HD,5,0.01,2023-10-09,2023-10-16,273.4722900390625,275.2962951660156,hold_days,0.006669798708646368,0.005669798708646368,4,2023-10-05,0.006916082569073945,-0.0012462838604275763,0.902789202943854
HD,5,0.01,2024-03-27,2024-04-04,361.84405517578125,335.391845703125,hold_days,-0.07310389405128115,-0.07410389405128115,1,2024-03-26,-0.02020668869585185,-0.0538972053554293,0.6935004410542471
HD,5,0.01,2024-05-02,2024-05-09,314.6221008300781,325.7899475097656,hold_days,0.03549606543921424,0.03449606543921424,1,2024-05-01,0.025470412652797814,0.009025652786416427,0.970232350976171
HD,5,0.01,2025-07-17,2025-07-24,347.1827697753906,360.76873779296875,hold_days,0.03913203419158018,0.03813203419158018,1,2025-07-16,0.0079382814715796,0.030193752720000577,1.2828018188936068
HD,5,0.01,2025-11-07,2025-11-14,360.8900146484375,352.3810119628906,hold_days,-0.023577827981292154,-0.024577827981292155,1,2025-11-06,0.014620398821223235,-0.03919822680251539,1.2169644597055445
HD,5,0.01,2026-06-02,2026-06-09,306.9388732910156,318.9793395996094,hold_days,0.03922757055662318,0.03822757055662318,1,2026-06-01,-0.0026700905996106528,0.04089766115623383,0.7422507305392352
HD,5,0.01,2026-08-10,2026-08-17,348.21392822265625,335.4082946777344,hold_days,-0.03677519049936928,-0.03777519049936928,4,2026-08-06,-0.009709459386012198,-0.028065731113357084,0.6256128138024157
HON,5,0.01,2016-01-21,2016-01-26,72.95174407958984,74.40960693359375,resistance,0.019983934207431497,0.018983934207431497,1,2016-01-20,0.01583049632179101,0.0031534378856404865,1.395273799654253
HON,5,0.01,2016-05-05,2016-05-12,86.31127166748047,86.74425506591797,hold_days,0.0050165336470258115,0.0040165336470258115,1,2016-05-04,0.01151893189815878,-0.007502398251132968,1.0244932981804564
HON,5,0.01,2017-06-30,2017-07-10,104.53913879394531,105.6371841430664,hold_days,0.010503677013117718,0.009503677013117717,1,2017-06-29,0.004822715975220326,0.004680961037897391,0.6694607686786096
HON,5,0.01,2017-08-21,2017-08-28,106.8443603515625,107.86893463134766,hold_days,0.009589409084521439,0.008589409084521438,3,2017-08-18,0.009632824327023837,-0.001043415242502399,1.163125101748281
HON,5,0.01,2018-01-04,2018-01-11,122.38627624511719,125.09542083740234,hold_days,0.02213601618909644,0.02113601618909644,1,2018-01-03,0.01555997032581713,0.005576045863279311,2.281542508822236
HON,5,0.01,2018-04-06,2018-04-12,113.62014770507812,116.58918762207031,resistance,0.026131280208320673,0.025131280208320672,4,2018-04-02,0.027595779406182297,-0.002464499197861625,1.3230667496413355
HON,5,0.01,2018-06-29,2018-07-09,115.24475860595703,117.94087982177734,hold_days,0.02339474045009582,0.022394740450095818,1,2018-06-28,0.021871400849442946,0.0005233396006528723,1.0019492129757404
HON,5,0.01,2018-08-15,2018-08-22,122.54910278320312,125.5196304321289,hold_days,0.024239489163627947,0.023239489163627947,2,2018-08-13,0.018143442116045128,0.005096047047582819,0.8217999624387862
HON,5,0.01,2018-11-28,2018-12-06,121.71473693847656,119.40361022949219,hold_days,-0.018988059844820437,-0.01998805984482044,1,2018-11-27,-0.013510560742107547,-0.006477499102712891,1.307194929389761
HON,5,0.01,2019-09-25,2019-10-02,142.9572296142578,137.94729614257812,hold_days,-0.035044981531875075,-0.036044981531875075,1,2019-09-24,-0.0351057876915426,-0.0009391938403324751,0.8895139365085448
HON,5,0.01,2019-10-09,2019-10-16,136.8853759765625,140.13108825683594,hold_days,0.0237111689770948,0.022711168977094798,1,2019-10-08,0.023584865567441327,-0.0008736965903465288,1.303722661385572
HON,5,0.01,2019-12-04,2019-12-11,149.07269287109375,151.4824981689453,hold_days,0.01616530332577648,0.01516530332577648,1,2019-12-03,0.01156257097353075,0.00360273235224573,1.3867872354763227
HON,5,0.01,2020-12-23,2020-12-31,184.94320678710938,187.33001708984375,hold_days,0.012905639218648624,0.011905639218648623,1,2020-12-22,0.013713107930831692,-0.001807468712183069,0.6424380672372829
HON,5,0.01,2021-07-07,2021-07-14,196.1003875732422,202.34567260742188,hold_days,0.03184738751139449,0.030847387511394486,1,2021-07-06,0.00431629894838248,0.026531088563012006,0.7115575262901962
HON,5,0.01,2021-12-21,2021-12-29,180.6506805419922,185.89990234375,hold_days,0.029057304329045408,0.028057304329045407,1,2021-12-20,0.027695516438486445,0.0003617878905589622,0.8308580686049506
HON,5,0.01,2022-02-07,2022-02-14,172.4185028076172,167.2319793701172,hold_days,-0.030081014235966763,-0.031081014235966764,3,2022-02-04,-0.015271389514655676,-0.01580962472131109,1.2889788445100179
HON,5,0.01,2022-04-12,2022-04-19,172.02584838867188,177.6192169189453,resistance,0.03251469812627161,0.03151469812627161,1,2022-04-11,0.01861177258885327,0.012902925537418342,1.0010862382922339
HON,5,0.01,2022-07-01,2022-07-11,158.53172302246094,156.47665405273438,hold_days,-0.01296314031378687,-0.01396314031378687,2,2022-06-29,0.0003410057795765198,-0.01430414609336339,0.6819878721844135
HON,5,0.01,2022-07-18,2022-07-21,154.76556396484375,162.98593139648438,resistance,0.05311496447302666,0.05211496447302666,4,2022-07-14,0.03813081555944686,0.013984148913579797,0.7247087247221549
HON,5,0.01,2023-02-10,2023-02-17,183.29031372070312,184.1588897705078,hold_days,0.004738799515222825,0.0037387995152228246,1,2023-02-09,-0.0014632836876048438,0.005202083202827668,0.853824480210261
HON,5,0.01,2023-03-01,2023-03-08,177.2848663330078,179.75732421875,hold_days,0.01394624333640504,0.012946243336405039,1,2023-02-28,0.007734662291150718,0.005211581045254321,1.0717277114187391
HON,5,0.01,2023-09-08,2023-09-15,171.4236602783203,179.33897399902344,hold_days,0.046173986180507276,0.045173986180507275,1,2023-09-07,0.005671756875409217,0.03950222930509806,0.9833513522378697
HON,5,0.01,2024-06-13,2024-06-18,197.072509765625,201.07762145996094,resistance,0.020323035917587662,0.01932303591758766,1,2024-06-12,0.010516228587854393,0.008806807329733268,0.8941798654150076
HON,5,0.01,2024-07-30,2024-08-06,191.41432189941406,187.7870330810547,hold_days,-0.018949934270150792,-0.019949934270150793,1,2024-07-29,-0.042030523276280096,0.022080589006129303,0.8339500287408743
HON,5,0.01,2024-08-14,2024-08-21,186.6535186767578,191.30294799804688,hold_days,0.02490941158918547,0.02390941158918547,1,2024-08-13,0.025863153944238437,-0.0019537423550529676,1.194144229234558
HON,5,0.01,2024-12-12,2024-12-19,217.31802368164062,216.54495239257812,hold_days,-0.0035573270728570527,-0.004557327072857053,3,2024-12-09,-0.031189292640814714,0.02663196556795766,0.7279765046946973
HON,5,0.01,2026-03-23,2026-03-30,231.9114532470703,232.4002227783203,hold_days,0.0021075696107568653,0.0011075696107568653,3,2026-03-20,-0.014275302721161287,0.015382872331918152,2.1892654934748648
HON,5,0.01,2026-07-09,2026-07-16,222.75161743164062,225.65292358398438,hold_days,0.013024848868871342,0.01202484886887134,1,2026-07-08,0.011278930997386638,0.0007459178714847026,0.6150177690926448
IBM,5,0.01,2016-01-12,2016-01-20,81.43621063232422,74.67127227783203,hold_days,-0.08307039708705455,-0.08407039708705455,4,2016-01-08,-0.04371628784195036,-0.040354109245104186,1.17049565192057
IBM,5,0.01,2016-05-04,2016-05-11,89.29390716552734,93.09313201904297,hold_days,0.042547414197845246,0.041547414197845245,1,2016-05-03,0.009382085221541825,0.03216532897630342,0.6944474569491265
IBM,5,0.01,2016-08-29,2016-09-06,100.68647766113281,101.08360290527344,hold_days,0.003944176550471523,0.002944176550471523,3,2016-08-26,-0.00038744874266671836,0.0033316252931382415,0.8763456488131938
IBM,5,0.01,2016-09-19,2016-09-26,97.62907409667969,97.0680160522461,hold_days,-0.00574683361104078,-0.00674683361104078,3,2016-09-16,0.004436395553755412,-0.011183229164796193,1.8365214029612458
IBM,5,0.01,2017-05-15,2017-05-22,98.0884017944336,98.81997680664062,hold_days,0.007458323296368974,0.006458323296368974,3,2017-05-12,-0.0031668309236154712,0.009625154219984444,0.6398453071588543
IBM,5,0.01,2017-07-10,2017-07-17,99.32493591308594,99.05951690673828,hold_days,-0.002672229323962605,-0.003672229323962605,4,2017-07-06,0.009902122487978948,-0.013574351811941554,0.9315878679263303
IBM,5,0.01,2018-07-18,2018-07-25,97.50743103027344,98.92431640625,hold_days,0.014531050208231422,0.013531050208231421,1,2018-07-17,0.01587077240540924,-0.002339722197177818,1.5528540160551503
IBM,5,0.01,2018-11-02,2018-11-09,78.88554382324219,85.32585144042969,hold_days,0.08164116395797705,0.08064116395797705,3,2018-10-30,0.025245651921070866,0.05539551203690618,2.075743487083958
IBM,5,0.01,2019-01-15,2019-01-23,84.07571411132812,91.78361511230469,hold_days,0.09167809137809058,0.09067809137809058,1,2019-01-14,0.014370114969504355,0.07630797640858622,1.2175170165590568
IBM,5,0.01,2019-04-10,2019-04-17,99.93107604980469,97.1990737915039,hold_days,-0.02733886560912424,-0.028338865609124242,1,2019-04-09,0.010672073707067797,-0.03901093931619204,1.0809859124989647
IBM,5,0.01,2019-06-03,2019-06-10,90.68955993652344,95.26398468017578,hold_days,0.050440477899045266,0.049440477899045265,3,2019-05-31,0.05016312518847532,-0.0007226472894300562,1.0882318972746112
IBM,5,0.01,2019-12-06,2019-12-13,96.42467498779297,97.14124298095703,hold_days,0.007431375768233384,0.006431375768233384,1,2019-12-05,0.009871762696362252,-0.003440386928128868,1.105933102420148
IBM,5,0.01,2020-05-14,2020-05-21,86.67947387695312,88.28780364990234,hold_days,0.018554909265281694,0.017554909265281693,1,2020-05-13,0.041866128258473134,-0.02431121899319144,1.2696042347699348
IBM,5,0.01,2020-08-03,2020-08-10,92.13444519042969,95.44322967529297,hold_days,0.03591256753133387,0.03491256753133387,4,2020-07-30,0.03413197372751364,0.0007805938038202287,0.6614774343285253
IBM,5,0.01,2020-12-03,2020-12-10,94.16105651855469,95.189453125,hold_days,0.010921676587631213,0.009921676587631212,2,2020-12-01,0.008709010500556946,0.0012126660870742656,1.103382293366677
IBM,5,0.01,2021-04-15,2021-04-22,102.34362030029297,109.05949401855469,hold_days,0.06562083399586838,0.06462083399586838,2,2021-04-13,-0.006771871460712897,0.07139270545658127,1.9420726669986563
IBM,5,0.01,2021-08-20,2021-08-27,109.83432006835938,110.07117462158203,hold_days,0.002156471247559466,0.001156471247559466,1,2021-08-19,0.01914602031480439,-0.017989549067244925,1.208744709841714
IBM,5,0.01,2021-09-22,2021-09-29,106.29713439941406,109.88959503173828,hold_days,0.03379640149870333,0.03279640149870333,1,2021-09-21,0.0033836723835825033,0.029412729115120828,1.054147112236708
IBM,5,0.01,2022-09-07,2022-09-14,110.85811614990234,110.84075164794922,hold_days,-0.00015663717331837468,-0.0011566371733183747,1,2022-09-06,-0.00962220411283421,0.008465566939515834,1.042703783777048
IBM,5,0.01,2023-05-12,2023-05-19,110.7168197631836,114.70059967041016,hold_days,0.035981704638442746,0.034981704638442745,1,2023-05-11,0.011308860781849006,0.02367284385659374,0.8240543041385626
IBM,5,0.01,2024-01-08,2024-01-16,148.57443237304688,153.94061279296875,hold_days,0.03611779183142527,0.03511779183142527,3,2024-01-05,-0.010001353471233987,0.04511914530265926,1.353815403462394
IBM,5,0.01,2024-07-22,2024-07-29,173.03892517089844,179.94544982910156,hold_days,0.03991312735780128,0.03891312735780128,3,2024-07-19,0.004811739202213339,0.03410138815558794,1.1862130707251566
IBM,5,0.01,2024-10-31,2024-11-07,195.94607543945312,202.55279541015625,hold_days,0.03371703136123583,0.03271703136123583,1,2024-10-30,0.031169588703537032,0.0015474426576987943,1.282679602986269
IBM,5,0.01,2024-12-19,2024-12-27,213.92237854003906,212.83326721191406,hold_days,-0.005091151919485393,-0.006091151919485393,1,2024-12-18,0.013846540840000143,-0.019937692759485537,1.0110540283898615
IBM,5,0.01,2025-01-14,2025-01-22,208.02786254882812,213.29183959960938,hold_days,0.02530419236291337,0.024304192362913368,1,2025-01-13,0.03338863920295032,-0.009084446840036953,1.3156441587494867
IBM,5,0.01,2025-08-14,2025-08-21,231.10206604003906,233.33404541015625,hold_days,0.00965798103133575,0.008657981031335749,2,2025-08-12,-0.0025567560552883783,0.011214737086624127,1.4176104989077074
IBM,5,0.01,2025-09-03,2025-09-10,237.9149627685547,250.3711395263672,hold_days,0.05235558374665983,0.05135558374665983,1,2025-09-02,0.0018727275866567972,0.04948285616000303,1.0012553569109561
IBM,5,0.01,2026-02-05,2026-02-12,284.1025695800781,255.78897094726562,hold_days,-0.0996597766597529,-0.1006597766597529,1,2026-02-04,0.004647602972544851,-0.10530737963229775,1.5347468231727737
IBM,5,0.01,2026-09-02,2026-09-10,231.6999969482422,234.02000427246094,hold_days,0.01001297951996527,0.00901297951996527,1,2026-09-01,-0.01856648924351878,0.02757946876348405,0.7014775933735854
JNJ,5,0.01,2015-07-01,2015-07-09,72.37686157226562,72.32542419433594,hold_days,-0.0007106881510512419,-0.001710688151051242,1,2015-06-30,-0.009996667787031122,0.008285979635979879,1.1526122999807211
JNJ,5,0.01,2015-09-28,2015-10-05,67.6720199584961,70.18278503417969,hold_days,0.03710196735997351,0.03610196735997351,3,2015-09-25,0.05674598307014689,-0.02064401571017338,1.3301868773066994
JNJ,5,0.01,2016-01-21,2016-01-28,71.58055114746094,76.30331420898438,hold_days,0.06597829977299585,0.06497829977299585,1,2016-01-20,0.013497075616865528,0.05148122415613032,1.380744120637146
JNJ,5,0.01,2016-09-30,2016-10-03,90.00543212890625,90.52354431152344,resistance,0.005756454586820281,0.004756454586820281,1,2016-09-29,-0.0019179219823762805,0.0066743765691965615,1.0025995481159349
JNJ,5,0.01,2016-10-24,2016-10-31,86.56156921386719,88.37491607666016,hold_days,0.020948636667072584,0.019948636667072583,3,2016-10-21,-0.010998409467466885,0.03094704613453947,1.2666147307503737
JNJ,5,0.01,2017-07-28,2017-08-04,102.49772644042969,103.53163146972656,hold_days,0.010087102077310561,0.00908710207731056,1,2017-07-27,0.006016256090930483,0.0030708459863800774,0.9367924634267275
JNJ,5,0.01,2017-09-29,2017-10-06,101.71024322509766,104.22151184082031,hold_days,0.02469041992324117,0.02369041992324117,1,2017-09-28,0.013641164376576143,0.010049255546665026,0.5925381772850719
JNJ,5,0.01,2018-01-03,2018-01-10,110.63721466064453,113.32125854492188,hold_days,0.024259864933422914,0.023259864933422914,1,2018-01-02,0.015479745929925182,0.007780119003497732,1.2189086633531079
JNJ,5,0.01,2018-05-09,2018-05-16,97.83936309814453,99.29695129394531,hold_days,0.014897768644902554,0.013897768644902553,1,2018-05-08,0.008815942144917654,0.005081826499984898,0.9049937505892084
JNJ,5,0.01,2018-05-31,2018-06-07,95.46063995361328,98.42134094238281,hold_days,0.03101488728975843,0.03001488728975843,2,2018-05-29,0.027878621110288382,0.0021362661794700477,1.7263719981087404
JNJ,5,0.01,2018-09-27,2018-10-04,111.03913879394531,111.94696044921875,hold_days,0.0081756907081032,0.0071756907081032,1,2018-09-26,0.000491423223591303,0.006684267484511897,1.0860903154295076
JNJ,5,0.01,2018-10-12,2018-10-19,107.54454803466797,111.7059555053711,hold_days,0.03869473205988694,0.03769473205988694,1,2018-10-11,-0.00044648942071556785,0.038141221480602505,2.0803697733918782
JNJ,5,0.01,2018-12-11,2018-12-18,118.44034576416016,105.4402084350586,hold_days,-0.10976105519809598,-0.11076105519809598,1,2018-12-10,-0.033697992274254185,-0.0770630629238418,0.8110537623201862
JNJ,5,0.01,2019-01-25,2019-02-01,103.66967010498047,108.49620056152344,hold_days,0.04655682275882045,0.04555682275882045,1,2019-01-24,0.015300898586738443,0.030255924172082005,1.3079282848558866
JNJ,5,0.01,2019-04-12,2019-04-22,110.66442108154297,112.16999816894531,hold_days,0.013604888298226925,0.012604888298226924,1,2019-04-11,0.0005124266519487275,0.012092461646278196,0.8390012495604091
JNJ,5,0.01,2019-05-15,2019-05-22,111.42125701904297,112.92682647705078,hold_days,0.013512407760311707,0.012512407760311706,1,2019-05-14,0.0037316745452913302,0.008780733215020375,1.20045012281397
JNJ,5,0.01,2019-07-24,2019-07-31,106.34134674072266,106.70188903808594,hold_days,0.003390424406062298,0.002390424406062298,2,2019-07-22,-0.009429689534002361,0.011820113940064658,1.5697508874672834
JNJ,5,0.01,2019-08-06,2019-08-13,107.15254974365234,109.32393646240234,hold_days,0.020264442833555885,0.019264442833555884,1,2019-08-05,0.013457896516212209,0.005806546317343675,1.2571977221911312
JNJ,5,0.01,2020-05-26,2020-06-02,121.77100372314453,124.87928771972656,hold_days,0.025525649797951466,0.024525649797951465,4,2020-05-22,0.03265488721295062,-0.008129237414999158,0.9095271596252823
JNJ,5,0.01,2020-06-12,2020-06-19,119.74092102050781,121.15611267089844,hold_days,0.01181878039962836,0.010818780399628358,1,2020-06-11,0.012119962804159501,-0.0013011824045311426,1.5453955817302079
JNJ,5,0.01,2020-08-03,2020-08-10,124.12120056152344,124.69400787353516,hold_days,0.004614903090047084,0.0036149030900470844,3,2020-07-31,0.03413197372751364,-0.03051707063746656,1.4235805301284559
JNJ,5,0.01,2020-11-27,2020-12-04,122.95511627197266,128.3087921142578,resistance,0.04354170858936035,0.04254170858936035,2,2020-11-25,0.0176272454122417,0.02491446317711865,1.0863861988069865
JNJ,5,0.01,2020-12-15,2020-12-22,128.56497192382812,130.40072631835938,hold_days,0.014278806793649013,0.013278806793649012,1,2020-12-14,-0.009063747250920073,0.022342554044569085,1.0176641338073613
JNJ,5,0.01,2021-02-04,2021-02-11,138.3159942626953,141.79119873046875,hold_days,0.025125109256513012,0.02412510925651301,1,2021-02-03,0.01640091252368947,0.007724196732823541,0.7612482776137129
JNJ,5,0.01,2021-04-29,2021-05-06,141.07723999023438,144.11875915527344,hold_days,0.02155924772308837,0.02055924772308837,1,2021-04-28,0.01344501351830707,0.0071142342047813,0.9485058613026673
JNJ,5,0.01,2021-07-20,2021-07-27,145.63172912597656,149.27145385742188,hold_days,0.024992663022608275,0.023992663022608274,1,2021-07-19,0.020321073835490422,0.003671589187117852,1.274081720910118
JNJ,5,0.01,2021-12-01,2021-12-08,138.3790740966797,143.85891723632812,hold_days,0.0396002298426994,0.038600229842699396,1,2021-11-30,0.0421479806862588,-0.003547750843559405,2.058044557515681
JNJ,5,0.01,2022-08-15,2022-08-22,147.26437377929688,149.59274291992188,hold_days,0.015810810726798685,0.014810810726798684,3,2022-08-12,-0.026384451808877496,0.04119526253567618,2.4884622264623455
JNJ,5,0.01,2022-10-10,2022-10-17,143.18380737304688,148.7001495361328,hold_days,0.03852629891810189,0.037526298918101886,3,2022-10-07,0.0254727875322438,0.012053511385858084,0.8264478909896595
JNJ,5,0.01,2024-03-26,2024-04-03,145.28077697753906,143.87245178222656,hold_days,-0.009693816515933373,-0.010693816515933374,1,2024-03-25,0.005669786674537658,-0.016363603190471032,1.0321862150327148
JNJ,5,0.01,2024-04-18,2024-04-25,135.92617797851562,136.93348693847656,hold_days,0.00741070612696948,0.00641070612696948,2,2024-04-16,0.015433128117402495,-0.009022421990433016,1.8046702830988304
JNJ,5,0.01,2024-08-14,2024-08-21,149.0030975341797,151.77670288085938,hold_days,0.018614414012725122,0.01761441401272512,1,2024-08-13,0.025863153944238437,-0.008248739931513316,1.2737197748293645
JNJ,5,0.01,2025-06-23,2025-06-30,146.90673828125,148.29501342773438,hold_days,0.009450044039685634,0.008450044039685634,3,2025-06-20,0.02639976765480956,-0.017949723615123925,3.5193078925408825
JNJ,5,0.01,2026-06-22,2026-06-29,230.15489196777344,257.2413024902344,hold_days,0.1176877462428807,0.1166877462428807,4,2026-06-18,0.016613570794326682,0.10007417544855401,2.452470770863979
JPM,5,0.01,2015-12-14,2015-12-16,48.35200119018555,50.8045768737793,resistance,0.05072335421954732,0.04972335421954732,3,2015-12-11,0.024569679365266328,0.025153674854280994,1.353790572738631
JPM,5,0.01,2016-04-11,2016-04-18,44.405452728271484,47.510772705078125,hold_days,0.06993105094117391,0.06893105094117391,4,2016-04-07,0.03458134009239333,0.03434971084878058,1.4493094470299663
JPM,5,0.01,2016-05-16,2016-05-23,47.04536437988281,48.418724060058594,hold_days,0.029192242387287015,0.028192242387287014,3,2016-05-13,-0.007622565031927708,0.03581480741921472,1.134575274222349
JPM,5,0.01,2016-10-18,2016-10-25,52.43427658081055,53.28624725341797,hold_days,0.016248353713708363,0.015248353713708362,1,2016-10-17,0.009392107118668891,0.0058562465950394715,0.8958574808655753
JPM,5,0.01,2017-08-22,2017-08-29,72.11064147949219,71.7483901977539,hold_days,-0.0050235481796581105,-0.0060235481796581105,1,2017-08-21,-0.0003570229924312329,-0.005666525187226878,1.0033146954405492
JPM,5,0.01,2017-11-15,2017-11-22,77.78433990478516,78.14083099365234,hold_days,0.0045830701822959785,0.0035830701822959785,1,2017-11-14,0.015726474778641197,-0.01214340459634522,0.997386374104332
JPM,5,0.01,2018-06-29,2018-07-09,83.3961181640625,86.32780456542969,hold_days,0.03515375134847143,0.03415375134847143,2,2018-06-27,0.021871400849442946,0.012282350499028483,1.034179752650289
JPM,5,0.01,2018-08-01,2018-08-08,93.07115173339844,94.78514099121094,hold_days,0.018415902520710237,0.017415902520710236,1,2018-07-31,0.013449204388372049,0.003966698132338187,1.1079440958085842
JPM,5,0.01,2018-08-16,2018-08-23,92.35498046875,92.3227767944336,hold_days,-0.00034869450627306176,-0.0013486945062730618,1,2018-08-15,0.005135134970577493,-0.006483829476850555,0.937568975564526
JPM,5,0.01,2018-10-01,2018-10-08,91.33297729492188,93.44738006591797,hold_days,0.023150485548812272,0.02215048554881227,3,2018-09-28,-0.010285896579631859,0.03243638212844413,1.1857014975056568
JPM,5,0.01,2019-03-08,2019-03-15,84.15006256103516,87.04194641113281,hold_days,0.03436579560472852,0.03336579560472852,1,2019-03-07,0.026179074653309042,0.0071867209514194785,1.0852504608109932
JPM,5,0.01,2019-06-26,2019-07-03,89.29669189453125,93.5267105102539,hold_days,0.047370384344346705,0.046370384344346705,1,2019-06-25,0.0260950594445315,0.020275324899815206,1.5160705870882827
JPM,5,0.01,2020-01-31,2020-02-07,111.31421661376953,115.35939025878906,hold_days,0.036340134872935304,0.0353401348729353,4,2020-01-27,0.028849431153492144,0.006490703719443158,0.9910806211968952
JPM,5,0.01,2020-10-29,2020-11-05,84.14698791503906,90.36469268798828,hold_days,0.07389099630312446,0.07289099630312446,1,2020-10-28,0.05825649287657986,0.014634503426544598,1.2407752848797948
JPM,5,0.01,2020-12-18,2020-12-28,103.12054443359375,108.54155731201172,hold_days,0.05256966890733317,0.051569668907333166,4,2020-12-14,0.0033607174536069984,0.04820895145372617,1.0058428638337027
JPM,5,0.01,2021-08-03,2021-08-10,134.91114807128906,140.53201293945312,hold_days,0.0416634573830319,0.0406634573830319,1,2021-08-02,0.00615300409841657,0.03451045328461533,0.8720169494277688
JPM,5,0.01,2021-08-20,2021-08-25,136.5259246826172,141.99681091308594,resistance,0.040072141926062566,0.039072141926062565,1,2021-08-19,0.016102177718116728,0.022969964207945837,1.0145255041075827
JPM,5,0.01,2021-12-03,2021-12-10,140.5177764892578,141.87599182128906,hold_days,0.009665790094074644,0.008665790094074644,2,2021-12-01,0.03306337525699843,-0.024397585162923785,1.0117395274794778
JPM,5,0.01,2022-01-25,2022-02-01,130.8578338623047,134.9836883544922,hold_days,0.03152928923253406,0.030529289232534063,1,2022-01-24,0.03304290199744053,-0.00251361276490647,1.4577491146158403
JPM,5,0.01,2022-05-02,2022-05-09,108.36457061767578,109.63311767578125,hold_days,0.011706289711432172,0.010706289711432171,3,2022-04-29,-0.023712035167815282,0.03441832487924745,0.990349373325122
JPM,5,0.01,2022-12-19,2022-12-27,119.10153198242188,120.63998413085938,hold_days,0.012917148275343404,0.011917148275343403,3,2022-12-16,0.015177028567623818,-0.003259880292280415,2.0602465428915417
JPM,5,0.01,2023-03-13,2023-03-20,121.07906341552734,117.28756713867188,hold_days,-0.03131421874187745,-0.032314218741877454,4,2023-03-09,0.015311202429999726,-0.04762542117187718,2.668879040081485
JPM,5,0.01,2024-01-18,2024-01-25,158.8572998046875,164.094970703125,hold_days,0.032970917325657156,0.031970917325657155,1,2024-01-17,0.014678711379368492,0.017292205946288663,0.9160499875055977
JPM,5,0.01,2024-05-06,2024-05-13,183.24282836914062,189.66586303710938,hold_days,0.03505203846248017,0.03405203846248017,3,2024-05-03,0.011265657052467848,0.022786381410012324,1.052889936728428
JPM,5,0.01,2024-07-08,2024-07-15,196.8971405029297,201.58038330078125,hold_days,0.023785225046383474,0.022785225046383473,3,2024-07-05,0.016791614044809666,0.0059936110015738064,0.8020840250186073
JPM,5,0.01,2026-02-27,2026-03-06,297.4310607910156,286.7144470214844,hold_days,-0.0360305804680604,-0.0370305804680604,3,2026-02-24,-0.0251486335323563,-0.011881946935704102,1.4084625592180668
JPM,5,0.01,2026-03-16,2026-03-23,283.4261474609375,287.14031982421875,hold_days,0.013104550855856267,0.012104550855856266,4,2026-03-12,-0.012130737813315196,0.024235288669171462,1.2567653715268963
JPM,5,0.01,2026-05-05,2026-05-12,308.0124206542969,303.5126953125,hold_days,-0.01460890873244114,-0.01560890873244114,1,2026-05-04,-0.0042574691148520305,-0.01135143961758911,0.992403680097155
LMT,5,0.01,2015-10-15,2015-10-22,156.14752197265625,161.619140625,hold_days,0.03504134156737959,0.03404134156737959,1,2015-10-14,0.01779092090746892,0.01625042065991067,0.9129129589070469
LMT,5,0.01,2015-12-04,2015-12-11,164.22262573242188,163.32772827148438,hold_days,-0.005449294559420892,-0.006449294559420892,1,2015-12-03,-0.038475515208586386,0.03202622064916549,1.200654226451565
LMT,5,0.01,2016-03-28,2016-04-04,165.97103881835938,169.81231689453125,hold_days,0.023144267237947602,0.0221442672379476,4,2016-03-24,0.01216912275899329,0.009975144478954312,1.1175872585564215
LMT,5,0.01,2016-06-20,2016-06-27,182.0494384765625,182.5452880859375,hold_days,0.0027237085350242385,0.0017237085350242385,3,2016-06-17,-0.042188651990686776,0.043912360525711014,1.3737554853017506
LMT,5,0.01,2016-11-07,2016-11-14,183.771240234375,205.25357055664062,hold_days,0.11689712870668911,0.11589712870668911,3,2016-11-04,0.01934303072350141,0.0965540979831877,0.9715324668649735
LMT,5,0.01,2017-02-02,2017-02-09,194.8590850830078,199.67698669433594,hold_days,0.024725055079036995,0.023725055079036994,1,2017-02-01,0.01415763002937842,0.009567425049658573,0.6926466380543633
LMT,5,0.01,2017-04-06,2017-04-13,207.99050903320312,208.6835479736328,hold_days,0.003332070024017586,0.002332070024017586,1,2017-04-05,-0.012810276295719736,0.015142346319737321,1.0953073089700998
LMT,5,0.01,2017-05-02,2017-05-09,209.84376525878906,213.25437927246094,hold_days,0.016253111020314348,0.015253111020314347,1,2017-05-01,0.004084860179397465,0.011168250840916882,0.7218033504027174
LMT,5,0.01,2017-06-30,2017-07-05,217.56259155273438,221.31643676757812,resistance,0.017254093123513226,0.016254093123513225,1,2017-06-29,0.0059256633199709086,0.010328429803542316,1.0011170218648735
LMT,5,0.01,2017-12-06,2017-12-13,247.48614501953125,252.10324096679688,hold_days,0.01865597747664327,0.01765597747664327,1,2017-12-05,0.016238930251521122,0.0014170472251221478,1.0379917386140018
LMT,5,0.01,2018-04-09,2018-04-16,267.97412109375,275.78424072265625,hold_days,0.02914505175734461,0.028145051757344608,3,2018-04-06,0.02732266622093449,0.0008223855364101196,0.9185491341837099
LMT,5,0.01,2018-06-01,2018-06-08,254.17689514160156,258.7365417480469,hold_days,0.017938871288458946,0.016938871288458945,1,2018-05-31,0.02009205457848351,-0.0031531832900245638,1.286565763021087
LMT,5,0.01,2018-06-28,2018-07-06,237.00592041015625,240.1768035888672,hold_days,0.013378919704720937,0.012378919704720937,1,2018-06-27,0.014325168535327393,-0.0019462488306064563,0.9294510145952902
LMT,5,0.01,2019-03-11,2019-03-18,249.47337341308594,243.93325805664062,hold_days,-0.02220724112016481,-0.023207241120164812,3,2019-03-08,0.016114935699105937,-0.03932217681927075,0.9548093732733086
LMT,5,0.01,2019-03-28,2019-04-04,242.26119995117188,245.59693908691406,hold_days,0.013769184402679935,0.012769184402679934,1,2019-03-27,0.02387913942906028,-0.011109955026380347,0.5498019502309484
LMT,5,0.01,2019-04-29,2019-05-06,269.2984924316406,275.1419372558594,hold_days,0.021698765453364244,0.020698765453364243,3,2019-04-26,-0.009616231950746346,0.03031499740411059,0.6277633593823015
LMT,5,0.01,2019-05-17,2019-05-24,277.0022888183594,277.6497497558594,hold_days,0.002337384792963082,0.001337384792963082,2,2019-05-15,-0.009414280946801079,0.01075166573976416,0.9952928916481945
LMT,5,0.01,2019-07-19,2019-07-26,294.44366455078125,304.75439453125,hold_days,0.035017666269706815,0.034017666269706814,1,2019-07-18,0.013320534248181914,0.0206971320215249,1.7071534425441584
LMT,5,0.01,2019-08-26,2019-09-03,313.7124938964844,319.1435546875,hold_days,0.01731222344242278,0.01631222344242278,3,2019-08-23,0.009803790269860668,0.006508433172562111,1.5064359113034071
LMT,5,0.01,2019-12-19,2019-12-23,319.8128356933594,327.1163635253906,resistance,0.022836881503511597,0.021836881503511596,1,2019-12-18,0.007613005277157692,0.014223876226353904,1.854507449626911
LMT,5,0.01,2021-01-11,2021-01-19,289.0977478027344,292.3680419921875,hold_days,0.01131207079373242,0.01031207079373242,3,2021-01-08,0.003756893906688319,0.006555176887044101,2.4135222478230944
LMT,5,0.01,2021-03-24,2021-03-31,307.2224426269531,318.7652893066406,hold_days,0.03757162589096219,0.03657162589096219,1,2021-03-23,0.022900130672564023,0.013671495218398166,0.6393790920522048
LMT,5,0.01,2021-12-21,2021-12-29,300.57366943359375,312.48126220703125,hold_days,0.039616220528818635,0.038616220528818634,1,2021-12-20,0.027695516438486445,0.01092070409033219,1.419820084990526
LMT,5,0.01,2022-01-07,2022-01-14,317.658935546875,328.6667785644531,hold_days,0.03465302494522082,0.03365302494522082,1,2022-01-06,0.000703220850309938,0.032949804094910884,1.2612878257343998
LMT,5,0.01,2022-07-19,2022-07-26,348.87060546875,354.61688232421875,hold_days,0.016471083448684087,0.015471083448684086,1,2022-07-18,0.0007977088923103448,0.014673374556373742,2.5704625472699836
LMT,5,0.01,2022-08-24,2022-08-31,387.5932312011719,377.9285888671875,hold_days,-0.02493501319420144,-0.02593501319420144,2,2022-08-22,-0.04029872420299141,0.01436371100878997,1.1425237083920348
LMT,5,0.01,2023-01-20,2023-01-27,401.25885009765625,416.0318298339844,hold_days,0.03681658294323675,0.03581658294323675,1,2023-01-19,0.01646137136151693,0.019355211581719822,0.9452246829745093
LMT,5,0.01,2023-08-02,2023-08-09,411.34954833984375,415.2469787597656,hold_days,0.009474740973100415,0.008474740973100414,2,2023-07-31,-0.00034693466111057614,0.00882167563421099,1.1556550951847704
LMT,5,0.01,2023-10-27,2023-11-03,409.3227233886719,418.5081787109375,hold_days,0.022440619094443948,0.021440619094443947,3,2023-10-24,0.05629481407829706,-0.034854194983853115,0.7204325440949405
LMT,5,0.01,2024-04-10,2024-04-17,423.0575256347656,427.122314453125,hold_days,0.009608123179608796,0.008608123179608795,1,2024-04-09,-0.022301037851217065,0.03090916103082586,0.9068216053367764
LMT,5,0.01,2025-11-13,2025-11-20,444.3677978515625,456.4651794433594,hold_days,0.027223803458048756,0.026223803458048756,3,2025-11-10,-0.022372857030501625,0.04859666048855038,1.2336812151392915
LMT,5,0.01,2025-12-19,2025-12-29,465.6964111328125,480.1741638183594,hold_days,0.031088392221725547,0.030088392221725546,1,2025-12-18,0.011438822677653615,0.01864956954407193,0.9529099420107594
LMT,5,0.01,2026-05-11,2026-05-18,505.7899475097656,521.6473999023438,hold_days,0.03135185361166548,0.03035185361166548,3,2026-05-08,0.014299545177903328,0.016052308433762152,0.7330145492453429
LMT,5,0.01,2026-08-06,2026-08-13,579.26708984375,594.3339233398438,hold_days,0.026010166571275084,0.025010166571275083,1,2026-08-05,0.008152736339654076,0.016857430231621007,0.6170581315684018
MCD,5,0.01,2016-02-08,2016-02-16,89.22239685058594,91.62882995605469,hold_days,0.02697117753402911,0.02597117753402911,3,2016-02-05,0.01775695227431151,0.0082142252597176,1.4956495260436344
MCD,5,0.01,2016-09-15,2016-09-22,91.33364868164062,92.29312896728516,hold_days,0.010505222330369879,0.009505222330369878,2,2016-09-13,0.016273032707187607,-0.006767810376817729,0.9272824488704718
MCD,5,0.01,2016-10-06,2016-10-13,89.58787536621094,90.75960540771484,hold_days,0.013079114073351938,0.012079114073351938,1,2016-10-05,-0.014463308084979198,0.026542422158331136,0.9194507466227738
MCD,5,0.01,2016-12-05,2016-12-09,94.54037475585938,96.1016616821289,resistance,0.01651449902014246,0.015514499020142458,3,2016-12-02,0.028678068485371577,-0.013163569465229119,0.8206109676186182
MCD,5,0.01,2017-01-05,2017-01-12,94.86531066894531,96.76737976074219,hold_days,0.020050206744534727,0.019050206744534726,1,2017-01-04,0.003147413644088326,0.0159027931004464,1.3118895192491196
MCD,5,0.01,2017-03-14,2017-03-21,102.03026580810547,102.60506439208984,hold_days,0.005633608610463137,0.004633608610463137,1,2017-03-13,-0.006775123915555792,0.011408732526018928,0.7331929771972019
MCD,5,0.01,2017-11-13,2017-11-20,135.2566680908203,134.90109252929688,hold_days,-0.0026288948747774654,-0.0036288948747774654,3,2017-11-10,0.002399075718781507,-0.0060279705935589725,1.620929269377675
MCD,5,0.01,2018-04-10,2018-04-17,133.1605987548828,132.98062133789062,hold_days,-0.0013515816140440284,-0.0023515816140440285,1,2018-04-09,0.019632369470645283,-0.021983951084689313,0.7951908879983126
MCD,5,0.01,2018-09-19,2018-09-26,131.8689727783203,137.3200225830078,hold_days,0.041336864084404734,0.04033686408440473,1,2018-09-18,0.004463830648515632,0.0358730334358891,1.1063035648483839
MCD,5,0.01,2018-10-12,2018-10-19,135.71287536621094,138.75320434570312,hold_days,0.022402656868687476,0.021402656868687475,1,2018-10-11,-0.00044648942071556785,0.021849146289403043,1.6576013967230727
MCD,5,0.01,2019-02-13,2019-02-21,145.1602325439453,152.37864685058594,hold_days,0.04972721647063594,0.04872721647063594,1,2019-02-12,0.007549883512309785,0.04117733295832615,0.8600369100395674
MCD,5,0.01,2019-03-11,2019-03-18,151.89756774902344,154.30506896972656,resistance,0.015849504744414267,0.014849504744414266,3,2019-03-08,0.016114935699105937,-0.0012654309546916709,0.9115223004268008
MCD,5,0.01,2019-08-26,2019-09-03,183.0188751220703,184.17323303222656,hold_days,0.006307316168271182,0.005307316168271182,3,2019-08-23,0.009803790269860668,-0.004496474101589486,1.3475286905905166
MCD,5,0.01,2020-03-11,2020-03-18,161.70565795898438,117.93991088867188,hold_days,-0.27065068484748633,-0.27165068484748633,2,2020-03-09,-0.13494099340430055,-0.1367096914431858,1.3618496745968742
MCD,5,0.01,2020-05-14,2020-05-21,150.6761932373047,158.98263549804688,hold_days,0.05512776824445065,0.05412776824445065,1,2020-05-13,0.041866128258473134,0.012261639985977513,1.2181275387852983
MCD,5,0.01,2020-09-08,2020-09-15,185.76773071289062,193.41305541992188,hold_days,0.04115528933734636,0.040155289337346356,4,2020-09-04,0.0145101906499705,0.025645098687375856,1.2739324003274173
MCD,5,0.01,2020-11-23,2020-12-01,188.74240112304688,189.11172485351562,hold_days,0.0019567607928647757,0.0009567607928647756,3,2020-11-20,0.01503329110574092,-0.014076530312876145,0.990928791009424
MCD,5,0.01,2021-05-13,2021-05-20,202.27426147460938,204.39584350585938,hold_days,0.010488640600061272,0.009488640600061271,1,2021-05-12,0.002488626304408381,0.00700001429565289,1.336973061552096
MCD,5,0.01,2021-08-11,2021-08-18,208.50782775878906,210.7473602294922,hold_days,0.010740759686460821,0.00974075968646082,1,2021-08-10,-0.01605941950831513,0.025800179194775952,0.7478928051052214
MCD,5,0.01,2021-09-21,2021-09-23,214.05670166015625,217.8660888671875,resistance,0.017796159510479415,0.016796159510479414,1,2021-09-20,0.024794766308961158,-0.007998606798481744,1.757518869600822
MCD,5,0.01,2021-11-12,2021-11-19,223.10848999023438,224.2477264404297,hold_days,0.005106199455902294,0.004106199455902294,1,2021-11-11,-0.008968123460097677,0.01307432291599997,0.5520372040434496
MCD,5,0.01,2022-02-28,2022-03-07,220.2836151123047,201.88839721679688,hold_days,-0.0835069729817608,-0.0845069729817608,4,2022-02-24,-0.02416009828235466,-0.06034687469940614,1.6036564423661197
MCD,5,0.01,2022-08-11,2022-08-18,234.63525390625,241.24139404296875,hold_days,0.028154934208472593,0.027154934208472592,3,2022-08-08,0.020138152458390568,0.007016781750082024,0.8246573838581597
MCD,5,0.01,2023-03-10,2023-03-17,241.1490020751953,245.90699768066406,hold_days,0.019730521646467825,0.018730521646467824,1,2023-03-09,-0.0014287862266569862,0.02015930787312481,0.8925457757360937
MCD,5,0.01,2023-06-27,2023-07-05,269.5094909667969,274.69061279296875,hold_days,0.019224264821197545,0.018224264821197544,1,2023-06-26,0.014469592499684936,0.0037546723215126088,0.70010018714202
MCD,5,0.01,2023-08-24,2023-08-31,261.22906494140625,261.5172424316406,hold_days,0.001103160133804515,0.00010316013380451492,3,2023-08-21,0.026867897538854546,-0.026764737405050032,1.3138664681451298
MCD,5,0.01,2024-01-08,2024-01-16,273.1434326171875,272.38555908203125,hold_days,-0.002774635757830657,-0.003774635757830657,3,2024-01-05,-0.010001353471233987,0.00622671771340333,1.3100465223576454
MCD,5,0.01,2024-03-04,2024-03-11,273.79412841796875,277.44549560546875,hold_days,0.013336177837699692,0.012336177837699691,3,2024-03-01,0.004129388695435887,0.008206789142263804,1.1455575558614848
MCD,5,0.01,2024-05-08,2024-05-15,252.66714477539062,257.7301330566406,hold_days,0.020038174277667853,0.019038174277667852,1,2024-05-07,0.017447069055930076,0.0015911052217377764,0.8259818336273933
MCD,5,0.01,2024-09-19,2024-09-26,279.9476318359375,289.28399658203125,hold_days,0.03335039730418332,0.03235039730418332,1,2024-09-18,0.0033975417048122125,0.028952855599371108,0.6460050070626316
MCD,5,0.01,2025-01-17,2025-01-27,269.2680358886719,280.9031982421875,hold_days,0.0432103361808831,0.0422103361808831,1,2025-01-16,0.0231705143176113,0.0190398218632718,1.1858631538239095
MCD,5,0.01,2025-06-26,2025-07-03,276.8955993652344,285.0871887207031,hold_days,0.02958367476495627,0.02858367476495627,1,2025-06-25,0.032849192872413946,-0.0042655181074576776,1.0343563257744075
MCD,5,0.01,2025-12-19,2025-12-29,309.767822265625,302.59832763671875,hold_days,-0.023144736520626874,-0.024144736520626875,3,2025-12-16,0.011438822677653615,-0.03558355919828049,0.7586481498970109
MCD,5,0.01,2026-07-24,2026-07-31,262.89141845703125,268.72991943359375,hold_days,0.022208792553328527,0.021208792553328526,1,2026-07-23,0.014810865004361462,0.006397927548967064,1.2455205220467158
MRK,5,0.01,2015-07-01,2015-07-09,38.86060333251953,38.71218490600586,hold_days,-0.0038192517301828266,-0.004819251730182827,1,2015-06-30,-0.009996667787031122,0.005177416056848295,1.2847029728715313
MRK,5,0.01,2016-01-21,2016-01-28,34.94905471801758,33.76853561401367,hold_days,-0.03377828423483231,-0.03477828423483231,1,2016-01-20,0.013497075616865528,-0.04827535985169784,1.2002623479286423
MRK,5,0.01,2016-11-04,2016-11-11,41.357948303222656,44.964988708496094,hold_days,0.087215167900202,0.086215167900202,1,2016-11-03,0.041792618824857186,0.04442254907534482,0.9526702209727728
MRK,5,0.01,2017-02-13,2017-02-21,45.891014099121094,46.394065856933594,hold_days,0.010961879306609967,0.009961879306609966,3,2017-02-10,0.019348293506257885,-0.009386414199647919,0.8837055950986872
MRK,5,0.01,2017-10-31,2017-11-07,39.889705657958984,40.25175857543945,hold_days,0.009076349687434426,0.008076349687434425,1,2017-10-30,0.009238941025528913,-0.0011625913380944874,3.365059763508823
MRK,5,0.01,2017-11-21,2017-11-29,39.29596710205078,40.085227966308594,hold_days,0.020085034736722962,0.01908503473672296,1,2017-11-20,0.01212224868643097,0.006962786050291991,1.333145571753929
MRK,5,0.01,2018-02-09,2018-02-16,40.068359375,41.10531234741211,hold_days,0.025879596484279732,0.02487959648427973,1,2018-02-08,0.05088835276281456,-0.026008756278534828,1.4238046104095972
MRK,5,0.01,2018-03-02,2018-03-09,39.69593811035156,40.265533447265625,hold_days,0.014348957702690734,0.013348957702690734,1,2018-03-01,0.03779335141888951,-0.024444393716198776,1.1833827965728647
MRK,5,0.01,2018-04-20,2018-04-27,43.335784912109375,43.80723190307617,hold_days,0.010878930471040382,0.009878930471040381,1,2018-04-19,-0.0073157998279943515,0.017194730299034733,0.7461180363414602
MRK,5,0.01,2018-10-26,2018-11-02,52.61592483520508,54.0135383605957,hold_days,0.026562557434236966,0.025562557434236965,1,2018-10-25,0.02479263340891502,0.0007699240253219441,1.8032817100522025
MRK,5,0.01,2019-04-22,2019-04-29,55.66295623779297,58.178646087646484,hold_days,0.045195045680047174,0.044195045680047174,4,2019-04-18,0.009689002172765582,0.03450604350728159,2.521460711107824
MRK,5,0.01,2020-01-27,2020-02-03,66.56623840332031,67.52489471435547,hold_days,0.014401539489534043,0.013401539489534042,3,2020-01-24,-0.0019365819755643443,0.015338121465098387,1.6156058064260965
MRK,5,0.01,2020-09-10,2020-09-17,65.66177368164062,67.7776107788086,hold_days,0.03222327053525165,0.031223270535251646,2,2020-09-08,0.010648574248652176,0.02057469628659947,1.0465162476001446
MRK,5,0.01,2021-01-15,2021-01-25,66.51010131835938,64.73129272460938,hold_days,-0.026744938866285817,-0.027744938866285818,1,2021-01-14,0.006523426357957662,-0.03426836522424348,1.170024495024621
MRK,5,0.01,2021-08-11,2021-08-18,63.97036361694336,66.164794921875,hold_days,0.03430387418261316,0.03330387418261316,1,2021-08-10,-0.01605941950831513,0.04936329369092829,1.1364713802399478
MRK,5,0.01,2021-09-20,2021-09-27,61.72882080078125,62.95600509643555,hold_days,0.019880248476069395,0.018880248476069394,3,2021-09-17,0.026414588923873605,-0.007534340447804211,3.7762043085681576
MRK,5,0.01,2021-12-09,2021-12-16,62.526939392089844,65.76240539550781,hold_days,0.05174515232753074,0.05074515232753074,2,2021-12-07,0.0051966719888829616,0.04554848033864778,0.986638633271269
MRK,5,0.01,2022-06-14,2022-06-22,74.45970153808594,78.56600952148438,hold_days,0.0551480585951325,0.0541480585951325,1,2022-06-13,-0.002379211972742268,0.056527270567874766,1.12973618397548
MRK,5,0.01,2022-08-05,2022-08-12,77.0239486694336,80.20500183105469,hold_days,0.04129953367196659,0.04029953367196659,1,2022-08-04,0.0368047042539017,0.003494829418064893,0.9282304540128915
MRK,5,0.01,2023-01-19,2023-01-26,98.2691879272461,95.55986022949219,hold_days,-0.02757047000082835,-0.028570470000828352,1,2023-01-18,0.03158933248202822,-0.06015980248285657,0.9411823847708037
MRK,5,0.01,2023-04-27,2023-05-04,103.68840789794922,105.67826080322266,hold_days,0.019190697838005866,0.018190697838005865,1,2023-04-26,-0.026073612448139993,0.04426431028614586,1.1724054724911688
MRK,5,0.01,2023-07-18,2023-07-25,96.03324127197266,97.46533966064453,hold_days,0.014912527888297333,0.013912527888297332,1,2023-07-17,0.019532527596458626,-0.005619999708161294,1.0140036538443034
MRK,5,0.01,2023-11-13,2023-11-20,93.51214599609375,93.70377349853516,hold_days,0.0020492258027038357,0.0010492258027038357,3,2023-11-10,0.03051357501660057,-0.029464349213896734,1.1103379302011742
MRK,5,0.01,2024-05-06,2024-05-13,118.00469970703125,119.59573364257812,hold_days,0.013482801443475578,0.012482801443475577,3,2024-05-03,0.011265657052467848,0.0012171443910077295,0.791168575530347
MRK,5,0.01,2024-05-31,2024-06-07,116.12690734863281,120.87224578857422,hold_days,0.040863384277470605,0.039863384277470604,1,2024-05-30,0.0058575875948521094,0.034005796682618494,1.9071727110421284
MRK,5,0.01,2024-09-12,2024-09-19,107.24623107910156,109.81858825683594,hold_days,0.023985525196098312,0.02298552519609831,1,2024-09-11,0.020890138274333614,0.002095386921764697,0.8657294173013317
MRK,5,0.01,2024-10-10,2024-10-17,102.48361206054688,102.81148529052734,hold_days,0.0031992747268387856,0.0021992747268387855,2,2024-10-08,0.014145614936801776,-0.011946340209962991,0.9093454903365826
MRK,5,0.01,2025-02-18,2025-02-25,78.64888000488281,86.33528900146484,hold_days,0.09773068600728751,0.09673068600728751,4,2025-02-14,-0.003857939842128011,0.10058862584941552,1.2754832299604004
MRK,5,0.01,2026-01-02,2026-01-09,104.29724884033203,108.29474639892578,hold_days,0.03832792909728133,0.03732792909728133,2,2025-12-31,0.02855434147403524,0.008773587623246093,0.5174056937698803
MRK,5,0.01,2026-03-23,2026-03-30,114.1800765991211,116.5687026977539,hold_days,0.02091981517072483,0.01991981517072483,3,2026-03-20,-0.014275302721161287,0.03419511789188612,4.279688800417193
MRK,5,0.01,2026-05-18,2026-05-26,111.10053253173828,118.1677017211914,hold_days,0.06361057889109789,0.06261057889109789,3,2026-05-15,0.008467180846458033,0.05414339804463986,1.2841742417355029
MSFT,5,0.01,2015-08-12,2015-08-19,40.1311149597168,40.28339767456055,hold_days,0.0037946295535673524,0.0027946295535673524,1,2015-08-11,-0.00412915712359907,0.006923786677166422,0.973429406441586
MSFT,5,0.01,2015-09-29,2015-10-06,37.54368591308594,40.404396057128906,hold_days,0.07619683774964314,0.07519683774964314,1,2015-09-28,0.053662227806172025,0.021534609943471117,0.9188648506193249
MSFT,5,0.01,2015-11-17,2015-11-24,46.08870315551758,47.20240783691406,hold_days,0.02416437445936581,0.02316437445936581,4,2015-11-13,0.020828414002885598,0.0023359604564802128,0.9837115045674741
MSFT,5,0.01,2016-03-21,2016-03-29,47.199554443359375,47.94443893432617,hold_days,0.015781600054311395,0.014781600054311395,3,2016-03-18,-0.0005238128549099885,0.015305412909221383,2.1864316470748753
MSFT,5,0.01,2016-04-12,2016-04-19,47.89186096191406,49.416690826416016,hold_days,0.03183901886198526,0.030839018861985257,1,2016-04-11,0.02647793024971601,0.004361088612269248,0.9937006814400962
MSFT,5,0.01,2016-05-06,2016-05-13,44.15866470336914,44.763328552246094,hold_days,0.013692983085849875,0.012692983085849874,3,2016-05-03,-0.0030051526539788265,0.0156981357398287,0.5674191096133495
MSFT,5,0.01,2016-09-13,2016-09-20,50.19679260253906,50.44542694091797,hold_days,0.0049531917377192425,0.0039531917377192425,4,2016-09-09,0.005092441919338109,-0.0011392501816188663,1.8229121512075517
MSFT,5,0.01,2016-10-14,2016-10-21,50.98707962036133,52.976131439208984,hold_days,0.03901089910733657,0.03801089910733657,1,2016-10-13,0.006832920117394448,0.031177978989942123,1.1798557999078068
MSFT,5,0.01,2017-01-20,2017-01-24,56.08741760253906,56.78471755981445,resistance,0.012432377654053806,0.011432377654053805,1,2017-01-19,0.004666062932130677,0.006766314721923128,0.889853947187573
MSFT,5,0.01,2017-12-27,2018-01-04,78.33270263671875,79.6121826171875,hold_days,0.016333918496372446,0.015333918496372445,1,2017-12-26,0.015088600490201776,0.00024531800617066946,0.40586375300873095
MSFT,5,0.01,2019-03-08,2019-03-15,103.18529510498047,108.22737884521484,hold_days,0.04886436323222765,0.04786436323222765,1,2019-03-07,0.026179074653309042,0.021685288578918605,1.0557072100898595
MSFT,5,0.01,2019-09-11,2019-09-18,127.99307250976562,130.2498321533203,hold_days,0.017631888971041842,0.01663188897104184,1,2019-09-10,0.004353953534260047,0.012277935436781795,1.3475896834329375
MSFT,5,0.01,2020-05-14,2020-05-21,170.79452514648438,174.02142333984375,hold_days,0.018893452179405523,0.017893452179405522,1,2020-05-13,0.041866128258473134,-0.023972676079067612,1.221595310061963
MSFT,5,0.01,2020-07-27,2020-08-03,193.39404296875,205.43313598632812,hold_days,0.062251622815101326,0.061251622815101325,3,2020-07-24,-0.004887095407333897,0.06613871822243522,1.0275328864961482
MSFT,5,0.01,2022-09-29,2022-10-06,229.8441925048828,238.834716796875,hold_days,0.0391157339848871,0.0381157339848871,2,2022-09-27,0.032339896942372715,0.005775837042514387,0.8898466966063
MSFT,5,0.01,2022-10-12,2022-10-19,218.47296142578125,228.8570556640625,hold_days,0.0475303404618741,0.0465303404618741,1,2022-10-11,0.040978645874913955,0.005551694586960143,1.0468696967739897
MSFT,5,0.01,2022-12-20,2022-12-28,234.6650390625,227.6095733642578,hold_days,-0.030066113497047353,-0.031066113497047354,1,2022-12-19,-0.0017623882161985627,-0.02930372528084879,0.8746137758649786
MSFT,5,0.01,2023-03-21,2023-03-28,266.3668518066406,267.777587890625,hold_days,0.005296214879652039,0.004296214879652039,1,2023-03-20,-0.006656756301205435,0.010952971180857474,1.2237401064824447
MSFT,5,0.01,2023-08-04,2023-08-11,319.6018981933594,313.0008239746094,hold_days,-0.02065405198174497,-0.02165405198174497,1,2023-08-03,0.006863162218327057,-0.028517214200072027,0.49398047805994055
MSFT,5,0.01,2024-11-01,2024-11-08,403.9882507324219,415.9689636230469,hold_days,0.029656092396014522,0.02865609239601452,1,2024-10-31,0.028203314119860323,0.00045277827615419763,2.93218185166814
MSFT,5,0.01,2025-09-08,2025-09-12,494.1344299316406,505.73895263671875,resistance,0.023484545909264964,0.022484545909264964,3,2025-09-05,0.0016221347999301194,0.020862411109334844,1.587992823091183
MSFT,5,0.01,2025-09-26,2025-09-30,507.28619384765625,513.7232666015625,resistance,0.012689233083759799,0.011689233083759798,1,2025-09-25,0.0038243070102228494,0.007864926073536949,0.7178644640606214
MSFT,5,0.01,2025-12-16,2025-12-23,473.3867492675781,483.78082275390625,hold_days,0.021956832341441412,0.02095683234144141,1,2025-12-15,0.007028716269944724,0.013928116071496688,0.9829033629075219
MSFT,5,0.01,2026-03-16,2026-03-23,398.33575439453125,381.4541931152344,hold_days,-0.04238023098116506,-0.04338023098116506,3,2026-03-13,-0.012130737813315196,-0.031249493167849862,0.7768770284222174
MSFT,5,0.01,2026-08-18,2026-08-25,480.72503662109375,491.7099914550781,hold_days,0.02285080658830485,0.02185080658830485,1,2026-08-17,0.007206092044206969,0.014644714544097881,0.8757411906685476
NKE,5,0.01,2016-03-10,2016-03-17,50.62092208862305,54.317779541015625,hold_days,0.07303022742099441,0.07203022742099441,1,2016-03-09,0.030782232715257818,0.04124799470573659,1.4380832015427385
NKE,5,0.01,2016-10-18,2016-10-25,44.28697967529297,44.13999557495117,hold_days,-0.003318900982172801,-0.004318900982172801,1,2016-10-17,0.009392107118668891,-0.013711008100841693,0.952903377478254
NKE,5,0.01,2017-01-20,2017-01-27,46.164939880371094,46.15623474121094,hold_days,-0.00018856602397221423,-0.0011885660239722142,1,2017-01-19,0.012330932597668154,-0.013519498621640369,0.9168270814716217
NKE,5,0.01,2017-04-13,2017-04-21,48.17156219482422,48.61550521850586,hold_days,0.009215873504084593,0.008215873504084592,3,2017-04-10,0.00745411105591498,0.0007617624481696117,0.744742088467636
NKE,5,0.01,2017-10-13,2017-10-20,44.68060302734375,46.50358963012695,hold_days,0.040800402842986916,0.039800402842986915,1,2017-10-12,0.019128348440137,0.020672054402849915,1.293857865493846
NKE,5,0.01,2017-11-03,2017-11-10,48.826141357421875,49.1591911315918,hold_days,0.006821136483669665,0.005821136483669665,3,2017-10-31,-0.001179298975401255,0.00700043545907092,0.685226097748327
NKE,5,0.01,2018-01-17,2018-01-24,56.11098861694336,59.795448303222656,hold_days,0.06566378132155615,0.06466378132155615,1,2018-01-16,0.01052949086326005,0.0541342904582961,1.2811288885641294
NKE,5,0.01,2018-03-08,2018-03-15,57.42732238769531,58.556278228759766,hold_days,0.019658862613214145,0.018658862613214144,1,2018-03-07,0.004178507538552312,0.014480355074661833,0.9699081549125481
NKE,5,0.01,2018-08-16,2018-08-23,70.80169677734375,73.33126068115234,hold_days,0.0357274474899032,0.034727447489903196,1,2018-08-15,0.005135134970577493,0.029592312519325703,0.9963571455309524
NKE,5,0.01,2018-10-15,2018-10-22,66.48963165283203,66.40984344482422,hold_days,-0.0012000097763275042,-0.002200009776327504,4,2018-10-11,0.0003898073007273517,-0.002589817077054856,1.3605046517718733
NKE,5,0.01,2018-10-29,2018-11-05,64.00701904296875,68.7417221069336,hold_days,0.07397162271822677,0.07297162271822677,3,2018-10-26,0.04138948266092557,0.0315821400573012,1.0448789560072644
NKE,5,0.01,2018-11-23,2018-11-30,63.38639450073242,66.80258178710938,hold_days,0.053894645898142635,0.052894645898142634,3,2018-11-20,0.05795876140704226,-0.005064115508899625,1.4502064652949298
NKE,5,0.01,2018-12-24,2019-01-02,60.55986785888672,65.85994720458984,hold_days,0.0875180137125311,0.0865180137125311,4,2018-12-20,0.07362391008020874,0.012894103632322351,1.831891101827782
NKE,5,0.01,2019-02-22,2019-03-01,75.37525177001953,77.70893859863281,hold_days,0.03096091586842964,0.02996091586842964,1,2019-02-21,0.011549568914867692,0.018411346953561947,1.6306948966655073
NKE,5,0.01,2019-03-25,2019-04-01,73.40264892578125,75.98818969726562,hold_days,0.03522407991159371,0.03422407991159371,3,2019-03-22,0.02973620649576203,0.004487873415831678,3.289378368568682
NKE,5,0.01,2019-04-10,2019-04-17,75.67616271972656,79.10869598388672,hold_days,0.04535818335388986,0.04435818335388986,1,2019-04-09,0.010672073707067797,0.03368610964682206,0.6382564668658579
NKE,5,0.01,2019-07-23,2019-07-30,77.51395416259766,77.96098327636719,hold_days,0.005767079213012671,0.004767079213012671,1,2019-07-22,0.0015089280996107846,0.0032581511134018868,1.2920808985353267
NKE,5,0.01,2019-09-24,2019-10-01,78.14447021484375,82.71588897705078,hold_days,0.0584995809638067,0.057499580963806696,4,2019-09-20,-0.009449239044072244,0.06694882000787894,1.522150444924895
NKE,5,0.01,2019-11-25,2019-11-27,83.2716293334961,84.38311767578125,resistance,0.013347743417313707,0.012347743417313706,4,2019-11-21,0.004432908072433683,0.007914835344880022,0.99142513188981
NKE,5,0.01,2020-05-04,2020-05-11,77.27704620361328,81.9451904296875,hold_days,0.06040790189850642,0.05940790189850642,3,2020-05-01,0.023831369814471204,0.03557653208403522,0.8906689138999778
NKE,5,0.01,2021-05-05,2021-05-12,120.19284057617188,121.26559448242188,hold_days,0.008925272928965722,0.007925272928965721,1,2021-05-04,-0.016616055988516787,0.024541328917482508,0.8298033354587779
NKE,5,0.01,2021-10-20,2021-10-27,144.57662963867188,148.1351318359375,hold_days,0.024613260152481775,0.023613260152481774,1,2021-10-19,-0.00656524325566743,0.030178503408149204,0.8666108332645902
NKE,5,0.01,2023-03-28,2023-04-04,109.21107482910156,114.6035385131836,hold_days,0.04937652790726954,0.04837652790726954,1,2023-03-27,0.030548257739297924,0.017828270167971616,0.7189617649732588
NKE,5,0.01,2023-07-10,2023-07-17,98.33186340332031,101.05554962158203,hold_days,0.027698917970161663,0.026698917970161662,3,2023-07-07,0.016170449225356265,0.010528468744805397,0.7517080152575646
NKE,5,0.01,2023-08-03,2023-08-10,100.990478515625,101.35301971435547,hold_days,0.0035898552423867525,0.0025898552423867524,1,2023-08-02,0.0028283328185245704,-0.00023847757613781797,1.0143735020799456
NKE,5,0.01,2024-03-07,2024-03-14,92.21906280517578,94.1631851196289,hold_days,0.021081566601477197,0.020081566601477197,1,2024-03-06,0.0077621042140934016,0.012319462387383795,1.3253773485328266
NKE,5,0.01,2024-05-24,2024-06-03,86.17066955566406,89.00601196289062,hold_days,0.032903799191150496,0.031903799191150495,1,2024-05-23,-0.00270908893373345,0.034612888124883945,0.7803121854495856
NKE,5,0.01,2024-12-13,2024-12-20,73.53425598144531,73.23916625976562,hold_days,-0.004012955835905219,-0.005012955835905219,3,2024-12-10,-0.018189437120786134,0.013176481284880914,1.0730472249552496
NKE,5,0.01,2024-12-31,2025-01-08,72.0302505493164,67.86093139648438,hold_days,-0.05788289116081102,-0.058882891160811024,1,2024-12-30,0.003348199358304438,-0.06223109051911546,0.5771852604542983
NKE,5,0.01,2025-07-18,2025-07-25,69.7940902709961,73.45377349853516,hold_days,0.05243543132848738,0.05143543132848738,3,2025-07-15,0.0148887998363334,0.03654663149215398,0.50134783416992
DIS,5,0.01,2015-08-07,2015-08-14,99.38837432861328,97.39789581298828,hold_days,-0.02002727712442276,-0.02102727712442276,1,2015-08-06,0.007606850158087708,-0.02863412728251047,4.860262108959597
DIS,5,0.01,2016-05-23,2016-05-31,90.72269439697266,90.75929260253906,hold_days,0.00040340739227007205,-0.000596592607729928,4,2016-05-19,0.02668210552418171,-0.02727869813191164,0.6295370382748894
DIS,5,0.01,2016-09-13,2016-09-20,85.4112319946289,85.64156341552734,hold_days,0.0026967345572643797,0.0016967345572643797,4,2016-09-09,0.005092441919338109,-0.003395707362073729,1.5410942424752785
DIS,5,0.01,2017-02-09,2017-02-16,101.65853881835938,102.79129028320312,hold_days,0.01114270850250687,0.01014270850250687,2,2017-02-07,0.021118496087096927,-0.010975787584590058,1.3155426962373578
DIS,5,0.01,2017-05-19,2017-05-26,99.82943725585938,100.65579223632812,hold_days,0.008277668423100737,0.007277668423100737,2,2017-05-17,0.01721284720090477,-0.009935178777804032,1.420662111892502
DIS,5,0.01,2017-10-13,2017-10-20,91.08734893798828,92.97681427001953,hold_days,0.020743444112283793,0.019743444112283792,1,2017-10-12,0.019128348440137,0.0006150956721467926,1.7476029977397993
DIS,5,0.01,2018-06-04,2018-06-11,94.51679229736328,98.39213562011719,hold_days,0.0410016382121976,0.0400016382121976,3,2018-06-01,0.014532305367252363,0.025469332844945236,0.8989031011415309
DIS,5,0.01,2018-12-13,2018-12-20,108.61139678955078,102.4906997680664,hold_days,-0.05635409544860237,-0.05735409544860237,3,2018-12-10,-0.06964487286785848,0.012290777419256105,0.7867265954868966
DIS,5,0.01,2019-05-30,2019-06-06,126.6286849975586,131.42758178710938,hold_days,0.03789739101881451,0.03689739101881451,1,2019-05-29,0.021356502066380623,0.015540888952433884,0.9591777627601982
DIS,5,0.01,2019-06-25,2019-07-02,134.04249572753906,136.5233612060547,hold_days,0.01850805198045813,0.017508051980458128,1,2019-06-24,0.020316510448517233,-0.002808458468059105,1.0633465828744617
DIS,5,0.01,2019-12-11,2019-12-18,142.24559020996094,141.8083038330078,hold_days,-0.00307416473373745,-0.00407416473373745,1,2019-12-10,0.017055105003831672,-0.021129269737569123,0.6946571772056819
DIS,5,0.01,2020-01-29,2020-02-05,131.91876220703125,137.06712341308594,hold_days,0.039026754950709286,0.038026754950709285,2,2020-01-27,0.019724252004751586,0.0183025029459577,1.3508110572008762
DIS,5,0.01,2020-04-24,2020-05-01,98.11009216308594,102.2889175415039,hold_days,0.042593226509986426,0.041593226509986425,3,2020-04-21,0.0001914287287128058,0.04140179778127362,0.798558553554318
DIS,5,0.01,2020-05-29,2020-06-05,113.7297592163086,121.0208740234375,hold_days,0.06410912022825577,0.06310912022825577,1,2020-05-28,0.0698576456068245,-0.006748525378568737,0.8393959380924066
DIS,5,0.01,2021-05-06,2021-05-13,176.2568817138672,172.91189575195312,hold_days,-0.01897790275981548,-0.01997790275981548,1,2021-05-05,-0.014452703018918323,-0.005525199740897158,0.886962846961825
DIS,5,0.01,2021-06-21,2021-06-28,168.67491149902344,171.19577026367188,hold_days,0.014945072401375104,0.013945072401375103,3,2021-06-18,0.0152095285826217,-0.0012644561812465982,1.817375625768423
DIS,5,0.01,2021-11-01,2021-11-08,165.0099639892578,171.48663330078125,hold_days,0.03925017104994377,0.03825017104994377,3,2021-10-29,0.014679053371882578,0.023571117678061193,0.7614241682131362
DIS,5,0.01,2023-06-26,2023-07-03,86.000244140625,87.7454605102539,hold_days,0.020293155991222278,0.019293155991222277,3,2023-06-23,0.021136496820315598,-0.0018433408290933206,0.9697395141274099
DIS,5,0.01,2023-11-13,2023-11-20,86.71773529052734,92.1375961303711,hold_days,0.06250002749363537,0.06150002749363537,3,2023-11-10,0.03051357501660057,0.030986452477034798,1.5359118853396634
DIS,5,0.01,2024-02-23,2024-03-01,104.80118560791016,108.89635467529297,hold_days,0.039075598654999544,0.03807559865499954,1,2024-02-22,0.004299025415351654,0.03377657323964789,0.4894456643054126
DIS,5,0.01,2024-07-12,2024-07-19,94.91647338867188,93.55815124511719,hold_days,-0.0143107101966643,-0.015310710196664301,1,2024-07-11,0.0008854445142421064,-0.016196154710906407,0.6929231768827699
DIS,5,0.01,2024-07-26,2024-08-02,87.88056182861328,87.52876281738281,hold_days,-0.00400314931891943,-0.00500314931891943,1,2024-07-25,-0.02201441159660511,0.01701126227768568,1.0153242250646526
DIS,5,0.01,2025-06-23,2025-06-30,115.57643127441406,122.23994445800781,hold_days,0.0576546023278095,0.0566546023278095,3,2025-06-20,0.02639976765480956,0.030254834672999942,1.7200076887959825
DIS,5,0.01,2025-07-16,2025-07-23,118.10974884033203,121.18521881103516,hold_days,0.02603908653519138,0.02503908653519138,1,2025-07-15,0.014630636969098054,0.010408449566093325,1.058201340136145
GOOGL,5,0.01,2015-07-01,2015-07-09,26.90894317626953,26.975805282592773,hold_days,0.0024847540791645972,0.0014847540791645972,1,2015-06-30,-0.009996667787031122,0.011481421866195718,0.9569205514701805
GOOGL,5,0.01,2016-02-10,2016-02-18,35.00935745239258,35.53733444213867,hold_days,0.015081024850686298,0.014081024850686297,1,2016-02-09,0.03861805887218206,-0.024537034021495763,0.9433223297711633
GOOGL,5,0.01,2016-03-08,2016-03-15,35.340213775634766,37.17475509643555,hold_days,0.05191087219923962,0.05091087219923962,1,2016-03-07,0.020312627041815023,0.030598245157424597,1.4512494059969605
GOOGL,5,0.01,2016-06-10,2016-06-17,36.31394577026367,34.880584716796875,hold_days,-0.03947136624961667,-0.04047136624961667,4,2016-06-06,-0.0135312188344906,-0.02694014741512607,0.9566398948691287
GOOGL,5,0.01,2017-03-27,2017-04-03,41.53030776977539,42.4337158203125,hold_days,0.021752982317039038,0.020752982317039037,3,2017-03-24,0.008878635491192943,0.011874346825846094,1.2680967407799966
GOOGL,5,0.01,2017-06-20,2017-06-27,47.99281311035156,46.957664489746094,hold_days,-0.0215688256953247,-0.0225688256953247,4,2017-06-16,-0.010656669309685785,-0.011912156385638917,1.1893851373332713
GOOGL,5,0.01,2017-10-24,2017-10-31,48.95862579345703,51.16512680053711,hold_days,0.04506868751563209,0.04406868751563209,1,2017-10-23,-0.00025938068698239114,0.04432806820261448,1.1865056962116936
GOOGL,5,0.01,2017-12-05,2017-12-12,50.49946212768555,51.9442138671875,hold_days,0.028609250051989887,0.027609250051989886,1,2017-12-04,0.014156722968175606,0.01345252708381428,1.25882979275957
GOOGL,5,0.01,2018-09-18,2018-09-25,57.805442810058594,59.13182067871094,hold_days,0.022945553293496124,0.021945553293496123,1,2018-09-17,0.010631759974800259,0.011313793318695864,0.9112922624615796
GOOGL,5,0.01,2019-03-29,2019-04-05,58.28983688354492,60.00153732299805,hold_days,0.02936533246563844,0.028365332465638438,1,2019-03-28,0.020300958546190406,0.008064373919448031,0.6887540199351891
GOOGL,5,0.01,2019-07-22,2019-07-29,56.423580169677734,61.506717681884766,hold_days,0.09008888654213276,0.08908888654213276,3,2019-07-19,0.012171252517615638,0.07691763402451712,0.8942719382835101
GOOGL,5,0.01,2020-06-12,2020-06-19,69.98009490966797,70.56056213378906,hold_days,0.008294747597447083,0.007294747597447083,1,2020-06-11,0.012119962804159501,-0.004825215206712418,1.4851404053704975
GOOGL,5,0.01,2020-08-05,2020-08-12,73.25740814208984,74.6516342163086,hold_days,0.019031878271130065,0.018031878271130064,1,2020-08-04,0.027830328213367395,-0.00979844994223733,1.007139725345213
GOOGL,5,0.01,2020-09-10,2020-09-17,75.5832748413086,73.65116119384766,hold_days,-0.02556271412581046,-0.02656271412581046,2,2020-09-08,0.010648574248652176,-0.03721128837446264,1.4411761567924548
GOOGL,5,0.01,2021-08-20,2021-08-27,136.13409423828125,142.6466064453125,hold_days,0.047838950583768636,0.046838950583768635,2,2021-08-18,0.01914602031480439,0.027692930268964244,1.0292121380548755
GOOGL,5,0.01,2021-09-21,2021-09-28,137.7224884033203,134.54966735839844,hold_days,-0.02303778476344598,-0.02403778476344598,1,2021-09-20,0.011659142327214322,-0.0356969270906603,1.7945236129649489
GOOGL,5,0.01,2022-01-10,2022-01-18,137.3623809814453,134.71609497070312,hold_days,-0.019264998115456677,-0.02026499811545668,3,2022-01-07,-0.011388868115754125,-0.008876129999702553,1.1394266111247244
GOOGL,5,0.01,2022-04-01,2022-04-08,138.82943725585938,132.03114318847656,hold_days,-0.048968678414029077,-0.04996867841402908,1,2022-03-31,-0.003031529598803706,-0.04693714881522537,1.2504415400918403
GOOGL,5,0.01,2022-05-11,2022-05-18,112.53167724609375,110.8447265625,hold_days,-0.014990896118117769,-0.01599089611811777,2,2022-05-09,0.005898944141508489,-0.02188984025962626,0.8184462319218503
GOOGL,5,0.01,2022-09-01,2022-09-09,108.70560455322266,109.60700988769531,hold_days,0.00829216983040948,0.007292169830409479,1,2022-08-31,0.021120032087856178,-0.0138278622574467,1.2976128311684545
GOOGL,5,0.01,2023-02-27,2023-03-06,89.02289581298828,94.2332992553711,hold_days,0.0585288019986272,0.0575288019986272,3,2023-02-24,0.01964429887746566,0.03788450312116154,0.7147296020323779
GOOGL,5,0.01,2023-06-01,2023-06-02,122.5538101196289,123.49485778808594,resistance,0.007678648811803024,0.006678648811803024,1,2023-05-31,0.02173375750809381,-0.015055108696290787,1.0048449583708319
GOOGL,5,0.01,2023-08-21,2023-08-28,127.15998077392578,129.7751007080078,hold_days,0.0205655892535197,0.0195655892535197,3,2023-08-18,0.004450003777279221,0.015115585476240478,1.266183849190932
GOOGL,5,0.01,2023-12-06,2023-12-13,128.79444885253906,131.32040405273438,hold_days,0.019612298687557317,0.018612298687557316,2,2023-12-04,0.029945514276074503,-0.011333215588517187,1.4403856646080133
GOOGL,5,0.01,2024-02-01,2024-02-08,139.82943725585938,144.53466796875,hold_days,0.033649786520137503,0.0326497865201375,1,2024-01-31,0.0030980775723807863,0.029551708947756716,2.5733831095028012
GOOGL,5,0.01,2024-05-31,2024-06-07,170.87400817871094,172.81553649902344,hold_days,0.011362338491421875,0.010362338491421874,1,2024-05-30,0.0058575875948521094,0.004504750896569765,1.05053219512508
GOOGL,5,0.01,2024-10-10,2024-10-17,160.9497833251953,161.79385375976562,hold_days,0.005244309231935418,0.004244309231935418,1,2024-10-09,0.014145614936801776,-0.009901305704866359,1.5103195173068846
GOOGL,5,0.01,2025-06-24,2025-07-01,166.1887969970703,175.2271728515625,hold_days,0.05438619219712826,0.05338619219712826,1,2025-06-23,0.029573489553306853,0.023812702643821404,1.586917663322833
GOOGL,5,0.01,2026-08-21,2026-08-28,344.5985107421875,346.36737060546875,hold_days,0.0051331036209980585,0.0041331036209980585,1,2026-08-20,-0.0038069213475111496,0.007940024968509207,0.8795734941950347
GOOGL,5,0.01,2026-09-10,2026-09-17,332.6000061035156,347.3299865722656,hold_days,0.0442873728155182,0.0432873728155182,1,2026-09-09,0.0007573903351121292,0.04252998248040607,1.4043765292774015
