stock,hold_days,entry_date,exit_date,entry_price,exit_price,exit_reason,ret,ret_net,bench_ret,excess_ret
MMM,5,2015-05-28,2015-06-04,94.0986099243164,92.62457275390625,hold_days,-0.01566481345044024,-0.01666481345044024,-0.010349415724358435,-0.006315397726081806
MMM,5,2015-06-05,2015-06-12,91.88169860839844,92.44324493408203,hold_days,0.00611162325238368,0.00511162325238368,0.0022713313010795932,0.0028402919513040867
MMM,5,2015-06-11,2015-06-18,93.50782775878906,93.367431640625,hold_days,-0.0015014370617850714,-0.0025014370617850714,0.004593611478461268,-0.0070950485402463395
MMM,5,2015-06-15,2015-06-22,91.17389678955078,93.40251159667969,hold_days,0.024443562089629944,0.023443562089629943,0.02108171846835849,0.0023618436212714533
MMM,5,2015-06-17,2015-06-24,91.80567169189453,92.1507797241211,hold_days,0.003759114506397543,0.002759114506397543,0.009196804912162904,-0.006437690405765361
MMM,5,2015-06-22,2015-06-29,93.40251159667969,90.05085754394531,hold_days,-0.035883982083984134,-0.036883982083984135,-0.0275775253584849,-0.009306456725499235
MMM,5,2015-06-24,2015-07-01,92.1507797241211,91.04523468017578,hold_days,-0.011997131736216082,-0.012997131736216083,-0.014379400380291174,0.0013822686440750909
MMM,5,2015-06-25,2015-07-02,91.20316314697266,90.8873291015625,hold_days,-0.003462972494728045,-0.004462972494728045,-0.010670319310669418,0.006207346815941373
MMM,5,2015-07-02,2015-07-10,90.8873291015625,90.63579559326172,hold_days,-0.00276753108257477,-0.00376753108257477,0.0008825086949764138,-0.004650039777551184
MMM,5,2015-07-20,2015-07-27,91.90509796142578,86.9858169555664,hold_days,-0.0535256597835746,-0.0545256597835746,-0.025556667717184678,-0.02896899206638992
MMM,5,2015-07-21,2015-07-28,91.10956573486328,88.38963317871094,hold_days,-0.02985342465650187,-0.03085342465650187,-0.008583544601495352,-0.02226988005500652
MMM,5,2015-07-23,2015-07-30,87.44786834716797,88.65869903564453,hold_days,0.013846314511287705,0.012846314511287704,0.005824470911155011,0.007021843600132693
MMM,5,2015-07-24,2015-07-31,87.34843444824219,88.5241470336914,hold_days,0.01346003042728694,0.012460030427286939,0.012025061985567742,0.0004349684417191968
MMM,5,2015-08-10,2015-08-17,88.4656753540039,87.29578399658203,hold_days,-0.013224240393129194,-0.014224240393129195,-0.000868958979838963,-0.013355281413290232
MMM,5,2015-08-20,2015-08-27,84.43407440185547,84.7580337524414,hold_days,0.003836831905613014,0.002836831905613014,-0.023591936490220178,0.02642876839583319
MMM,5,2015-08-28,2015-09-04,84.94060516357422,82.36664581298828,hold_days,-0.030303049355830947,-0.03130304935583095,-0.033455351250263554,0.0021523018944326067
MMM,5,2015-09-01,2015-09-09,81.57740783691406,82.9674301147461,hold_days,0.017039304320761284,0.016039304320761283,0.012291644189424744,0.0037476601313365387
MMM,5,2015-09-04,2015-09-14,82.36664581298828,82.9380111694336,hold_days,0.006936853514013297,0.005936853514013297,0.015301244277303061,-0.009364390763289765
MMM,5,2015-09-16,2015-09-23,84.9347152709961,81.08263397216797,hold_days,-0.04535343747886267,-0.04635343747886267,-0.028637078977253982,-0.017716358501608687
MMM,5,2015-10-08,2015-10-15,88.044677734375,87.87389373779297,hold_days,-0.0019397424236962113,-0.0029397424236962113,0.006859651105572295,-0.009799393529268507
MMM,5,2015-10-12,2015-10-19,88.38629913330078,87.17293548583984,hold_days,-0.013727960773999515,-0.014727960773999516,0.008963199433135394,-0.02369116020713491
MMM,5,2015-10-20,2015-10-27,87.8267593383789,92.31500244140625,hold_days,0.051103366864932775,0.050103366864932775,0.024085230520894063,0.02601813634403871
MMM,5,2015-10-28,2015-11-04,93.11016082763672,93.5990219116211,hold_days,0.005250351622626326,0.004250351622626326,0.009309447006703442,-0.005059095384077116
MMM,5,2015-10-30,2015-11-06,92.59771728515625,93.80517578125,hold_days,0.013039830046515766,0.012039830046515765,0.013857753433841324,-0.0018179233873255596
MMM,5,2015-11-02,2015-11-09,94.19390869140625,92.7508773803711,hold_days,-0.015319794359131556,-0.016319794359131556,-0.009995657457838925,-0.006324136901292632
MMM,5,2015-11-09,2015-11-16,92.7508773803711,93.18670654296875,hold_days,0.004698922262593053,0.0036989222625930527,-0.01004229771066556,0.013741219973258612
MMM,5,2015-11-11,2015-11-18,93.6814956665039,93.31282806396484,hold_days,-0.003935330023460359,-0.0049353300234603594,0.005809592519991247,-0.010744922543451607
MMM,5,2015-11-13,2015-11-20,91.67884063720703,94.23772430419922,hold_days,0.027911387722694192,0.02691138772269419,0.03672225509758209,-0.0098108673748879
ABT,5,2015-06-05,2015-06-12,38.9837532043457,39.1607551574707,hold_days,0.004540403080154576,0.003540403080154576,0.0022713313010795932,0.0012690717790749826
ABT,5,2015-06-17,2015-06-24,39.080299377441406,39.82859802246094,hold_days,0.019147720384441902,0.0181477203844419,0.009196804912162904,0.008950915472278997
ABT,5,2015-06-19,2015-06-26,40.14240646362305,40.20676040649414,hold_days,0.0016031411303010223,0.0006031411303010223,-0.0006874283846611817,0.001290569514962204
ABT,5,2015-06-30,2015-07-08,39.49065399169922,39.62743377685547,hold_days,0.0034635988855742372,0.002463598885574237,-0.005253350753949726,0.007716949639523963
ABT,5,2015-07-15,2015-07-22,39.86734390258789,41.21753692626953,hold_days,0.03386714266645674,0.03286714266645674,0.009966552920396277,0.022900589746060462
ABT,5,2015-07-22,2015-07-29,41.21753692626953,41.282222747802734,hold_days,0.0015693762014190593,0.0005693762014190593,-0.00040253384315835916,0.0009719100445774185
ABT,5,2015-07-23,2015-07-30,41.395416259765625,41.04776382446289,hold_days,-0.008398331668442172,-0.009398331668442172,0.005824470911155011,-0.015222802579597183
ABT,5,2015-07-31,2015-08-07,40.983097076416016,40.51414489746094,hold_days,-0.011442575412997313,-0.012442575412997314,-0.00934395045066716,-0.0030986249623301543
ABT,5,2015-08-12,2015-08-19,40.497982025146484,40.295860290527344,hold_days,-0.004990908793767512,-0.005990908793767512,-0.004129150359719946,-0.001861758434047566
ABT,5,2015-08-25,2015-09-01,34.68484115600586,35.22654342651367,hold_days,0.015617839161244484,0.014617839161244484,0.028427226347672807,-0.013809387186428324
ABT,5,2015-09-08,2015-09-15,35.60653305053711,35.42057800292969,hold_days,-0.0052224979989905496,-0.00622249799899055,0.005301229811793151,-0.011523727810783702
ABT,5,2015-09-17,2015-09-24,35.76823425292969,33.908668518066406,hold_days,-0.05198930765532461,-0.05298930765532461,-0.031174285476911257,-0.021815022178413357
ABT,5,2015-10-08,2015-10-15,33.278038024902344,34.04865646362305,hold_days,0.02315696731111494,0.02215696731111494,0.006859651105572295,0.015297316205542644
ABT,5,2015-11-13,2015-11-20,35.74824523925781,37.415313720703125,hold_days,0.04663357516677724,0.04563357516677724,0.03672225509758209,0.00891132006919515
ABT,5,2015-11-25,2015-12-03,36.92737579345703,35.90274429321289,hold_days,-0.027747205920483742,-0.028747205920483743,-0.017802146165671884,-0.010945059754811859
ABT,5,2015-12-16,2015-12-23,37.44782638549805,36.67528533935547,hold_days,-0.02062979672544496,-0.02162979672544496,-0.0045807314073067484,-0.017049065318138212
ABT,5,2016-01-06,2016-01-13,34.609771728515625,32.96237564086914,hold_days,-0.04759916073902226,-0.04859916073902226,-0.05034082886076152,0.0017416681217392593
ABT,5,2016-01-28,2016-02-04,30.040943145751953,31.104774475097656,hold_days,0.0354127140477658,0.0344127140477658,0.00914763925194384,0.025265074795821962
ABT,5,2016-02-05,2016-02-12,30.61376953125,30.384626388549805,hold_days,-0.007484969874954173,-0.008484969874954174,-0.01048523140012636,0.0020002615251721867
ABT,5,2016-02-10,2016-02-18,30.45010757446289,31.350271224975586,hold_days,0.029561920210344983,0.028561920210344982,0.038618107740145735,-0.010056187529800753
ABT,5,2016-02-11,2016-02-19,29.738155364990234,31.530302047729492,hold_days,0.060264218164960415,0.059264218164960414,0.051233023492610164,0.00803119467235025
ABT,5,2016-02-16,2016-02-23,31.088397979736328,31.415733337402344,hold_days,0.010529180624854861,0.00952918062485486,0.014217841345958604,-0.0046886607211037434
ABT,5,2016-03-01,2016-03-08,32.18495178222656,32.054039001464844,hold_days,-0.004067515205475991,-0.005067515205475991,0.0031173139093629842,-0.008184829114838976
ABT,5,2016-03-14,2016-03-21,33.14241027832031,33.35517501831055,hold_days,0.006419712332431438,0.0054197123324314376,0.021801560651732776,-0.01638184831930134
ABT,5,2016-03-16,2016-03-23,32.88054656982422,33.37154769897461,hold_days,0.014932876134151618,0.013932876134151617,0.006263996362220192,0.007668879771931425
ABBV,5,2015-06-04,2015-06-11,42.74148941040039,43.134544372558594,hold_days,0.00919609886272621,0.008196098862726209,0.006399674581522907,0.0017964242812033016
ABBV,5,2015-06-09,2015-06-16,42.89997863769531,42.32939910888672,hold_days,-0.013300228739676734,-0.014300228739676735,0.006053307305426081,-0.020353536045102816
ABBV,5,2015-06-25,2015-07-02,44.26298522949219,43.2423095703125,hold_days,-0.023059349790524708,-0.02405934979052471,-0.010670319310669418,-0.01338903047985529
ABBV,5,2015-07-02,2015-07-10,43.2423095703125,43.888946533203125,hold_days,0.014953802637187597,0.013953802637187596,0.0008825086949764138,0.013071293942211182
ABBV,5,2015-07-06,2015-07-13,43.248653411865234,44.43181610107422,hold_days,0.027357214522762074,0.026357214522762074,0.016982377740168753,0.009374836782593321
ABBV,5,2015-07-13,2015-07-20,44.43181610107422,45.21737289428711,hold_days,0.017680051416892217,0.016680051416892216,0.021265137691535152,-0.0045850862746429355
ABBV,5,2015-07-15,2015-07-22,44.546775817871094,45.0640983581543,hold_days,0.01161301869294129,0.01061301869294129,0.009966552920396277,0.0006464657725450129
ABBV,5,2015-07-20,2015-07-27,45.21737289428711,44.28492736816406,hold_days,-0.020621399839017562,-0.021621399839017563,-0.025556667717184678,0.003935267878167115
ABBV,5,2015-07-28,2015-08-04,45.492008209228516,44.67449951171875,hold_days,-0.017970380506172612,-0.018970380506172613,-0.0006442128571081396,-0.018326167649064473
ABBV,5,2015-08-04,2015-08-11,44.67449951171875,43.58877182006836,hold_days,-0.02430307453954994,-0.02530307453954994,0.0005078507600282389,-0.02581092529957818
ABBV,5,2015-08-07,2015-08-14,43.8250732421875,43.8442497253418,hold_days,0.00043756876453637794,-0.0005624312354636221,0.00760694376308324,-0.008169374998546863
ABBV,5,2015-08-10,2015-08-17,44.201900482177734,44.3040885925293,hold_days,0.002311848794663618,0.001311848794663618,-0.000868958979838963,0.002180807774502581
ABBV,5,2015-08-28,2015-09-04,40.86168670654297,38.172908782958984,hold_days,-0.06580193184128746,-0.06680193184128747,-0.033455351250263554,-0.03334658059102391
ABBV,5,2015-09-02,2015-09-10,38.94569396972656,38.05158615112305,hold_days,-0.02295780938705383,-0.02395780938705383,-0.00014029691714623205,-0.023817512469907598
ABBV,5,2015-09-03,2015-09-11,39.328895568847656,37.9046745300293,hold_days,-0.036213095186595656,-0.03721309518659566,0.0019039411534114148,-0.03911703634000707
ABBV,5,2015-09-15,2015-09-22,37.80887222290039,36.876426696777344,hold_days,-0.024662082503436156,-0.025662082503436157,-0.0160905405913625,-0.009571541912073656
ABBV,5,2015-09-25,2015-10-02,35.59910202026367,35.650203704833984,hold_days,0.0014354767864994677,0.00043547678649946773,0.011871185228873093,-0.011435708442373627
ABBV,5,2015-09-29,2015-10-06,33.715049743652344,35.17757797241211,hold_days,0.04337909152974406,0.04237909152974406,0.053662237274073155,-0.011283145744329093
ABBV,5,2015-10-14,2015-10-21,34.7674446105957,34.69655227661133,hold_days,-0.0020390435586620237,-0.0030390435586620237,0.014016661172173706,-0.01705570473083573
ABBV,5,2015-11-03,2015-11-10,40.23974609375,40.15594482421875,hold_days,-0.0020825496596328374,-0.0030825496596328375,-0.009851635758105881,0.006769086098473044
ABBV,5,2015-11-09,2015-11-16,40.75538635253906,38.67991256713867,hold_days,-0.05092514072734555,-0.05192514072734555,-0.01004229771066556,-0.041882843016679994
ABBV,5,2015-11-30,2015-12-07,37.48103332519531,36.26927947998047,hold_days,-0.032329787567523804,-0.033329787567523805,-0.00286684222599054,-0.030462945341533265
ABBV,5,2015-12-02,2015-12-09,37.203887939453125,36.11455535888672,hold_days,-0.029280073693889852,-0.030280073693889853,-0.017700996662200486,-0.012579077031689367
ABBV,5,2015-12-07,2015-12-14,36.26927947998047,35.73427200317383,hold_days,-0.014750981670367813,-0.015750981670367814,-0.021431007724796447,0.005680026054428633
ACN,5,2015-06-03,2015-06-10,80.26889038085938,79.88816833496094,hold_days,-0.004743083454772923,-0.005743083454772923,-0.004153674051600276,-0.0015894094031726471
ACN,5,2015-06-09,2015-06-16,78.58041381835938,80.03715515136719,hold_days,0.01853822424981244,0.01753822424981244,0.006053307305426081,0.011484916944386359
ACN,5,2015-06-12,2015-06-19,79.54053497314453,80.302001953125,hold_days,0.009573319820360249,0.008573319820360248,0.007602045276427827,0.0009712745439324211
ACN,5,2015-06-16,2015-06-23,80.03715515136719,81.32007598876953,hold_days,0.016029065937889442,0.015029065937889441,0.017310720899022858,-0.002281654961133417
ACN,5,2015-06-19,2015-06-26,80.302001953125,81.9407958984375,hold_days,0.02040788405585614,0.01940788405585614,-0.0006874283846611817,0.02009531244051732
ACN,5,2015-06-23,2015-06-30,81.32007598876953,80.1033706665039,hold_days,-0.014961930463931905,-0.015961930463931906,-0.02714974758580102,0.011187817121869115
ACN,5,2015-06-24,2015-07-01,80.92276000976562,81.16278839111328,hold_days,0.0029661418038471332,0.001966141803847133,-0.014379400380291174,0.016345542184138306
ACN,5,2015-06-25,2015-07-02,82.3381118774414,80.55860137939453,hold_days,-0.021612233478169096,-0.022612233478169097,-0.010670319310669418,-0.011941914167499679
ACN,5,2015-06-29,2015-07-07,80.02057647705078,81.67594909667969,hold_days,0.020686836967534816,0.019686836967534815,0.011956011140812128,0.007730825826722687
ACN,5,2015-06-30,2015-07-08,80.1033706665039,80.79861450195312,hold_days,0.008679333087539431,0.007679333087539431,-0.005253350753949726,0.012932683841489157
ACN,5,2015-07-10,2015-07-17,81.75873565673828,83.1657943725586,hold_days,0.01720988839318416,0.016209888393184158,0.033373587348822564,-0.017163698955638407
ACN,5,2015-07-24,2015-07-31,83.73687744140625,85.34259796142578,hold_days,0.01917578693023403,0.018175786930234028,0.012025061985567742,0.006150724944666286
ACN,5,2015-07-28,2015-08-04,84.16732025146484,85.59919738769531,hold_days,0.01701226951211554,0.01601226951211554,-0.0006442128571081396,0.01665648236922368
ACN,5,2015-08-06,2015-08-13,85.33433532714844,85.5743408203125,hold_days,0.002812531347949676,0.001812531347949676,0.0017454412025144084,6.709014543526768e-05
ACN,5,2015-08-07,2015-08-14,85.8640365600586,85.62400817871094,hold_days,-0.002795447208911117,-0.003795447208911117,0.00760694376308324,-0.011402390971994358
ACN,5,2015-08-10,2015-08-17,87.0724868774414,85.64884948730469,hold_days,-0.016350025607291485,-0.017350025607291486,-0.000868958979838963,-0.016481066627452523
ACN,5,2015-08-26,2015-09-02,78.66319274902344,78.15827941894531,hold_days,-0.006418673237546635,-0.007418673237546635,0.005689336269951051,-0.013108009507497687
ACN,5,2015-08-27,2015-09-03,79.23429870605469,79.1349868774414,hold_days,-0.001253394429370891,-0.002253394429370891,-0.01590848231419595,0.013655087884825057
ACN,5,2015-09-02,2015-09-10,78.15827941894531,80.12820434570312,hold_days,0.025204302620309482,0.02420430262030948,-0.00014029691714623205,0.024344599537455713
ACN,5,2015-09-09,2015-09-16,79.06047821044922,81.90771484375,hold_days,0.03601340009254428,0.03501340009254428,0.028969093746255004,0.006044306346289274
ACN,5,2015-09-14,2015-09-21,79.87987518310547,81.46903991699219,hold_days,0.01989443186089046,0.01889443186089046,0.009517639849922599,0.00937679201096786
ACN,5,2015-09-17,2015-09-24,81.55179595947266,80.92276000976562,hold_days,-0.00771333043382183,-0.008713330433821831,-0.031174285476911257,0.022460955043089426
ACN,5,2015-09-22,2015-09-29,80.8399887084961,79.95437622070312,hold_days,-0.01095512879135141,-0.01195512879135141,-0.026441095731603248,0.014485966940251838
ACN,5,2015-09-23,2015-09-30,80.99725341796875,81.32835388183594,hold_days,0.004087798658537478,0.003087798658537478,-0.00519090585356119,0.008278704512098667
ACN,5,2015-09-28,2015-10-05,79.4164047241211,84.10936737060547,hold_days,0.05909311385710447,0.05809311385710447,0.05674584191212961,0.0013472719449748594
ACN,5,2015-10-07,2015-10-14,84.93704986572266,85.690673828125,hold_days,0.008872735320967218,0.007872735320967217,0.0011146402556327928,0.006758095065334424
ACN,5,2015-10-09,2015-10-16,86.7248306274414,86.17589569091797,hold_days,-0.006329616703220631,-0.007329616703220631,0.010528907016784883,-0.017858523720005515
ACN,5,2015-10-20,2015-10-27,86.56072998046875,90.24166870117188,hold_days,0.04252434933870908,0.04152434933870908,0.024085230520894063,0.017439118817815014
ADBE,5,2015-05-29,2015-06-05,79.08999633789062,78.86000061035156,hold_days,-0.0029080255176200387,-0.003908025517620039,-0.0061542661540161525,0.002246240636396114
ADBE,5,2015-06-15,2015-06-22,78.9000015258789,82.27999877929688,hold_days,0.04283900111598027,0.04183900111598027,0.02108171846835849,0.020757282647621778
ADBE,5,2015-06-22,2015-06-29,82.27999877929688,81.27999877929688,hold_days,-0.012153621959600902,-0.013153621959600903,-0.0275775253584849,0.014423903398883997
ADBE,5,2015-06-26,2015-07-06,82.73999786376953,80.5,hold_days,-0.02707273291761092,-0.02807273291761092,-0.015594289330776112,-0.012478443586834809
ADBE,5,2015-07-06,2015-07-13,80.5,81.44000244140625,hold_days,0.011677048961568293,0.010677048961568292,0.016982377740168753,-0.006305328778600461
ADBE,5,2015-07-10,2015-07-17,80.58999633789062,82.0999984741211,hold_days,0.018736843340946052,0.01773684334094605,0.033373587348822564,-0.015636744007876513
ADBE,5,2015-07-16,2015-07-23,82.5199966430664,80.63999938964844,hold_days,-0.022782323435491025,-0.023782323435491026,-0.004335732602630649,-0.019446590832860378
ADBE,5,2015-07-24,2015-07-31,80.9800033569336,81.98999786376953,hold_days,0.012472147011209689,0.011472147011209688,0.012025061985567742,-0.0005529149743580541
ADBE,5,2015-08-04,2015-08-11,82.05999755859375,83.9000015258789,hold_days,0.02242266661013881,0.021422666610138807,0.0005078507600282389,0.02091481585011057
ADBE,5,2015-08-17,2015-08-24,86.7699966430664,74.2699966430664,hold_days,-0.14405901214240568,-0.14505901214240569,-0.10170009540796332,-0.043358916734442365
ADBE,5,2015-08-28,2015-09-04,79.4000015258789,76.88999938964844,hold_days,-0.031612116977256965,-0.032612116977256966,-0.033455351250263554,0.0008432342730065878
ADBE,5,2015-09-01,2015-09-09,75.98999786376953,78.5199966430664,hold_days,0.03329383932649277,0.03229383932649277,0.012291644189424744,0.020002195137068024
ADBE,5,2015-09-11,2015-09-18,79.19000244140625,81.25,hold_days,0.02601335389676196,0.02501335389676196,0.0019340726477059533,0.023079281249056005
ADBE,5,2015-09-15,2015-09-22,79.52999877929688,84.66000366210938,hold_days,0.0645040231554479,0.0635040231554479,-0.0160905405913625,0.0795945637468104
ADBE,5,2015-09-16,2015-09-23,80.52999877929688,85.5,hold_days,0.061716146728426846,0.060716146728426845,-0.028637078977253982,0.08935322570568083
ADBE,5,2015-09-25,2015-10-02,83.12999725341797,83.98999786376953,hold_days,0.01034525007537157,0.00934525007537157,0.011871185228873093,-0.002525935153501524
ADBE,5,2015-09-29,2015-10-06,79.83000183105469,85.1500015258789,hold_days,0.06664160807716124,0.06564160807716124,0.053662237274073155,0.011979370803088085
ADBE,5,2015-10-02,2015-10-09,83.98999786376953,83.81999969482422,hold_days,-0.002024028732814709,-0.003024028732814709,0.038005816345721755,-0.041029845078536464
ADBE,5,2015-10-08,2015-10-15,82.26000213623047,86.7699966430664,hold_days,0.05482609275121275,0.05382609275121275,0.006859651105572295,0.046966441645640455
ADBE,5,2015-10-30,2015-11-06,88.66000366210938,90.69000244140625,hold_days,0.022896443666226007,0.021896443666226006,0.013857753433841324,0.008038690232384682
ADBE,5,2015-11-04,2015-11-11,91.01000213623047,91.20999908447266,hold_days,0.002197527123917853,0.0011975271239178529,-0.010977314345668399,0.01217484146958625
ADBE,5,2015-11-05,2015-11-12,90.55000305175781,90.83999633789062,hold_days,0.003202576216005726,0.002202576216005726,-0.024664164001367284,0.02686674021737301
ADBE,5,2015-11-06,2015-11-13,90.69000244140625,89.0199966430664,hold_days,-0.018414442092653083,-0.019414442092653084,-0.03717538494185679,0.01776094284920371
GOOG,5,2015-05-28,2015-06-04,26.735767364501953,26.58321189880371,hold_days,-0.0057060440277766356,-0.006706044027776636,-0.010349415724358435,0.0036433716965817995
GOOG,5,2015-06-02,2015-06-09,26.70604705810547,26.0874080657959,hold_days,-0.023164753322106102,-0.024164753322106103,-0.013563373932909406,-0.010601379389196697
GOOG,5,2015-06-03,2015-06-10,26.76201629638672,26.58271598815918,hold_days,-0.0066998056589535615,-0.0076998056589535615,-0.004153674051600276,-0.003546131607353286
GOOG,5,2015-06-05,2015-06-12,26.416292190551758,26.36676597595215,hold_days,-0.0018748359626837852,-0.002874835962683785,0.0022713313010795932,-0.005146167263763378
GOOG,5,2015-06-11,2015-06-18,26.479694366455078,26.584699630737305,hold_days,0.0039655013698061126,0.0029655013698061125,0.004593611478461268,-0.0016281101086551555
GOOG,5,2015-06-16,2015-06-23,26.15972328186035,26.77043914794922,hold_days,0.023345654673356142,0.02234565467335614,0.017310720899022858,0.005034933774333283
GOOG,5,2015-06-18,2015-06-25,26.584699630737305,26.51040267944336,hold_days,-0.0027947260012689545,-0.0037947260012689546,-0.006302902887690642,0.0025081768864216878
GOOG,5,2015-06-23,2015-06-30,26.77043914794922,25.78131103515625,hold_days,-0.036948520243783256,-0.03794852024378326,-0.02714974758580102,-0.010798772657982236
GOOG,5,2015-07-14,2015-07-21,27.791767120361328,32.80428695678711,hold_days,0.18035988192896935,0.17935988192896934,0.009759164458778002,0.16960071747019134
GOOG,5,2015-07-17,2015-07-24,33.33079528808594,30.885461807250977,hold_days,-0.07336559058070369,-0.07436559058070369,-0.020279038821843565,-0.054086551758860124
GOOG,5,2015-07-20,2015-07-27,32.8399543762207,31.0687255859375,hold_days,-0.053935178167170195,-0.054935178167170196,-0.025556667717184678,-0.029378510449985518
GOOG,5,2015-07-28,2015-08-04,31.10538101196289,31.16729164123535,hold_days,0.0019903510986940542,0.0009903510986940542,-0.0006442128571081396,0.0016345639558021938
GOOG,5,2015-07-30,2015-08-06,31.332727432250977,31.832487106323242,hold_days,0.015950085263176206,0.014950085263176205,-0.009831385265524184,0.02478147052870039
GOOG,5,2015-08-03,2015-08-10,31.26436996459961,31.389192581176758,hold_days,0.003992487829387992,0.0029924878293879917,0.007508097032952854,-0.004515609203564862
GOOG,5,2015-08-07,2015-08-14,31.466957092285156,32.5477180480957,hold_days,0.034345899816144554,0.03334589981614455,0.00760694376308324,0.025738956053061313
GOOG,5,2015-08-14,2015-08-21,32.5477180480957,30.3366641998291,hold_days,-0.06793268409783237,-0.06893268409783238,-0.06038603839556089,-0.008546645702271483
GOOG,5,2015-08-17,2015-08-24,32.73345184326172,29.203889846801758,hold_days,-0.10782736918063629,-0.10882736918063629,-0.10170009540796332,-0.007127273772672971
GOOG,5,2015-08-19,2015-08-26,32.73494338989258,31.136089324951172,hold_days,-0.048842426452311405,-0.049842426452311406,-0.0663167732343296,0.0164743467820182
GOOG,5,2015-09-08,2015-09-15,30.444637298583984,31.459030151367188,hold_days,0.033319262201569444,0.03231926220156944,0.005301229811793151,0.027018032389776292
GOOG,5,2015-09-11,2015-09-18,30.994930267333984,31.16729164123535,hold_days,0.005560953756460707,0.004560953756460707,0.0019340726477059533,0.0026268811087547536
GOOG,5,2015-09-14,2015-09-21,30.86961555480957,31.473888397216797,hold_days,0.01957500381999666,0.01857500381999666,0.009517639849922599,0.009057363970074062
GOOG,5,2015-09-16,2015-09-23,31.50063705444336,30.826025009155273,hold_days,-0.02141582229343919,-0.02241582229343919,-0.028637078977253982,0.006221256683814791
GOOG,5,2015-09-22,2015-09-29,30.842370986938477,29.469375610351562,hold_days,-0.04451653140312617,-0.04551653140312617,-0.026441095731603248,-0.019075435671522922
GOOG,5,2015-09-23,2015-09-30,30.826025009155273,30.13556671142578,hold_days,-0.02239855114386069,-0.02339855114386069,-0.00519090585356119,-0.0182076452902995
GOOG,5,2015-10-26,2015-11-02,35.30460739135742,35.717201232910156,hold_days,0.011686685450968515,0.010686685450968514,0.02073490192637295,-0.010048216475404437
GOOG,5,2015-11-02,2015-11-09,35.717201232910156,35.9044189453125,hold_days,0.005241668046202852,0.004241668046202852,-0.009995657457838925,0.014237325504041776
GOOG,5,2015-11-05,2015-11-12,36.21944046020508,36.218448638916016,hold_days,-2.7383672316916297e-05,-0.0010273836723169163,-0.024664164001367284,0.023636780329050366
MO,5,2015-06-05,2015-06-12,22.861068725585938,23.02370262145996,hold_days,0.00711401106510845,0.00611401106510845,0.0022713313010795932,0.0038426797640288566
MO,5,2015-06-11,2015-06-18,23.162683486938477,23.704254150390625,hold_days,0.023381171001086498,0.022381171001086497,0.004593611478461268,0.01778755952262523
MO,5,2015-07-06,2015-07-13,23.900745391845703,24.600461959838867,hold_days,0.029275930793015714,0.028275930793015713,0.016982377740168753,0.01129355305284696
MO,5,2015-07-14,2015-07-21,24.61005210876465,25.664430618286133,hold_days,0.04284340824885846,0.04184340824885846,0.009759164458778002,0.03208424379008046
MO,5,2015-07-15,2015-07-22,24.552539825439453,25.860929489135742,hold_days,0.05328938158734342,0.05228938158734342,0.009966552920396277,0.04232282866694714
MO,5,2015-07-28,2015-08-04,26.479171752929688,26.321020126342773,hold_days,-0.005972680265930785,-0.006972680265930785,-0.0006442128571081396,-0.006328467408822646
MO,5,2015-07-29,2015-08-05,26.071802139282227,26.584609985351562,hold_days,0.019669060210329325,0.018669060210329325,-0.0038384878524362342,0.02250754806276556
MO,5,2015-08-25,2015-09-01,24.835304260253906,24.935958862304688,hold_days,0.004052883789785744,0.003052883789785744,0.028427226347672807,-0.025374342557887064
MO,5,2015-08-26,2015-09-02,25.50148582458496,25.46314239501953,hold_days,-0.0015035762946982167,-0.0025035762946982168,0.005689336269951051,-0.008192912564649268
MO,5,2015-08-27,2015-09-03,25.741104125976562,25.6835994720459,hold_days,-0.002233962212702223,-0.003233962212702223,-0.01590848231419595,0.012674520101493725
MO,5,2015-09-29,2015-10-06,26.268945693969727,26.84052848815918,hold_days,0.021758878367191814,0.020758878367191813,0.053662237274073155,-0.03290335890688134
MO,5,2015-10-07,2015-10-14,27.077884674072266,27.877151489257812,hold_days,0.029517328432632883,0.028517328432632882,0.0011146402556327928,0.02740268817700009
MO,5,2015-10-13,2015-10-20,27.911043167114258,28.937984466552734,hold_days,0.036793368606460986,0.035793368606460985,0.014040281529544618,0.021753087076916366
MO,5,2015-10-20,2015-10-27,28.937984466552734,29.577392578125,hold_days,0.022095806717683075,0.021095806717683074,0.024085230520894063,-0.0029894238032109888
MO,5,2015-11-12,2015-11-19,27.494462966918945,27.833547592163086,hold_days,0.012332833183616776,0.011332833183616775,0.021947606847712908,-0.010614773664096133
MO,5,2015-11-24,2015-12-02,27.886831283569336,28.017623901367188,hold_days,0.004690121171096129,0.003690121171096129,-0.002529449709242515,0.006219570880338644
MO,5,2015-12-18,2015-12-28,27.6737003326416,28.506317138671875,hold_days,0.030086934382540287,0.029086934382540286,0.02777954007247474,0.001307394310065546
MO,5,2015-12-21,2015-12-29,27.82386589050293,28.82430076599121,hold_days,0.0359559983298281,0.0349559983298281,0.03154854371199867,0.0034074546178294307
MO,5,2016-01-06,2016-01-13,28.94659996032715,28.266590118408203,hold_days,-0.02349187271910813,-0.024491872719108132,-0.05034082886076152,0.02584895614165339
MO,5,2016-01-08,2016-01-15,28.49163055419922,27.982868194580078,hold_days,-0.017856554704769545,-0.018856554704769546,-0.020944662601753983,0.002088107896984437
AMZN,5,2015-05-29,2015-06-05,21.46150016784668,21.34749984741211,hold_days,-0.0053118523655379946,-0.006311852365537995,-0.0061542661540161525,-0.00015758621152184207
AMZN,5,2015-06-02,2015-06-09,21.54949951171875,21.27400016784668,hold_days,-0.012784489204598515,-0.013784489204598516,-0.013563373932909406,-0.0002211152716891096
AMZN,5,2015-06-15,2015-06-22,21.183500289916992,21.81450080871582,hold_days,0.029787358565060762,0.02878735856506076,0.02108171846835849,0.007705640096702271
AMZN,5,2015-06-26,2015-07-06,21.905000686645508,21.802000045776367,hold_days,-0.004702151912368335,-0.005702151912368335,-0.015594289330776112,0.009892137418407776
AMZN,5,2015-06-29,2015-07-07,21.493000030517578,21.836000442504883,hold_days,0.015958703368551763,0.014958703368551762,0.011956011140812128,0.003002692227739634
AMZN,5,2015-07-20,2015-07-27,24.405000686645508,26.570499420166016,hold_days,0.08873176285979278,0.08773176285979278,-0.025556667717184678,0.11328843057697746
AMZN,5,2015-07-30,2015-08-06,26.83799934387207,26.472999572753906,hold_days,-0.013600111038139073,-0.014600111038139074,-0.009831385265524184,-0.00476872577261489
AMZN,5,2015-08-04,2015-08-11,26.594999313354492,26.37299919128418,hold_days,-0.008347438533635732,-0.009347438533635732,0.0005078507600282389,-0.009855289293663971
AMZN,5,2015-08-11,2015-08-18,26.37299919128418,26.750999450683594,hold_days,0.014332850680264464,0.013332850680264463,0.004582301291097268,0.008750549389167195
AMZN,5,2015-08-13,2015-08-20,26.482999801635742,25.788999557495117,hold_days,-0.02620549972959485,-0.02720549972959485,-0.025446472396546405,-0.0017590273330484463
AMZN,5,2015-09-08,2015-09-15,25.87700080871582,26.118499755859375,hold_days,0.009332570993397793,0.008332570993397792,0.005301229811793151,0.003031341181604641
AMZN,5,2015-09-21,2015-09-28,27.41950035095215,25.202999114990234,hold_days,-0.08083667490625679,-0.08183667490625679,-0.03937711580671033,-0.04245955909954646
AMZN,5,2015-10-28,2015-11-04,30.854999542236328,32.04750061035156,hold_days,0.03864855244878096,0.03764855244878096,0.009309447006703442,0.028339105442077517
AMZN,5,2015-11-05,2015-11-12,32.782501220703125,33.279998779296875,hold_days,0.015175704722602656,0.014175704722602656,-0.024664164001367284,0.03883986872396994
AMZN,5,2015-11-16,2015-11-23,32.390499114990234,33.949501037597656,hold_days,0.04813145722369927,0.04713145722369927,0.019010741307750934,0.028120715915948336
AMZN,5,2015-11-17,2015-11-24,32.165000915527344,33.557498931884766,hold_days,0.04329233566678381,0.04229233566678381,0.020828458980093556,0.021463876686690253
AMZN,5,2015-11-19,2015-11-27,33.063499450683594,33.66299819946289,hold_days,0.01813173919093125,0.01713173919093125,0.005563827752403272,0.011567911438527978
AMZN,5,2015-11-24,2015-12-02,33.557498931884766,33.800498962402344,hold_days,0.007241303382317543,0.006241303382317543,-0.002529449709242515,0.008770753091560057
AMZN,5,2015-11-25,2015-12-03,33.766998291015625,33.3125,hold_days,-0.013459836941933756,-0.014459836941933757,-0.017802146165671884,0.003342309223738127
AMZN,5,2015-12-10,2015-12-17,33.11600112915039,33.532501220703125,hold_days,0.01257700438915954,0.01157700438915954,-0.003297905188317518,0.014874909577477058
AXP,5,2015-05-28,2015-06-04,68.29484558105469,67.67234802246094,hold_days,-0.009114854178196352,-0.010114854178196353,-0.010349415724358435,0.00023456154616208202
AXP,5,2015-07-01,2015-07-09,67.1038589477539,65.34066772460938,hold_days,-0.026275556291290636,-0.027275556291290637,-0.009996705149624252,-0.017278851141666385
AXP,5,2015-08-18,2015-08-25,69.5346908569336,62.926971435546875,hold_days,-0.09502766662157147,-0.09602766662157147,-0.11117216239957528,0.015144495778003808
AXP,5,2015-08-21,2015-08-28,65.93125915527344,65.60601043701172,hold_days,-0.004933148895211126,-0.005933148895211126,0.010260098338653822,-0.01619324723386495
AXP,5,2015-08-24,2015-08-31,63.89414978027344,65.66594696044922,hold_days,0.02773019417691347,0.02673019417691347,0.04623319299269779,-0.019502998815784323
AXP,5,2015-09-04,2015-09-14,63.406307220458984,64.3135757446289,hold_days,0.014308805605338648,0.013308805605338647,0.015301244277303061,-0.001992438671964414
AXP,5,2015-09-21,2015-09-28,65.68305206298828,62.77293395996094,hold_days,-0.04430546406760483,-0.04530546406760483,-0.03937711580671033,-0.0059283482608945
AXP,5,2015-10-01,2015-10-08,63.2436637878418,66.30967712402344,hold_days,0.048479375680493986,0.047479375680493985,0.052327104458682605,-0.00484772877818862
AXP,5,2015-10-06,2015-10-13,65.82854461669922,65.81135559082031,hold_days,-0.00026111812100648724,-0.0012611181210064873,0.011813408935630099,-0.013074527056636587
AXP,5,2015-10-12,2015-10-19,66.42137145996094,66.15503692626953,hold_days,-0.004009771671937723,-0.005009771671937723,0.008963199433135394,-0.013972971105073118
AXP,5,2015-11-10,2015-11-17,63.03630447387695,61.094608306884766,hold_days,-0.030802823598214735,-0.031802823598214736,-0.011859380291405874,-0.01994344330680886
AXP,5,2015-12-08,2015-12-15,60.06361770629883,60.26981735229492,hold_days,0.003433020751503424,0.002433020751503424,-0.006021279105963173,0.008454299857466596
AXP,5,2015-12-09,2015-12-16,60.02064895629883,60.75092697143555,hold_days,0.012167112949219128,0.011167112949219127,0.017387831546288757,-0.00622071859706963
AXP,5,2015-12-18,2015-12-28,58.31092834472656,59.93472671508789,hold_days,0.02784723921323362,0.02684723921323362,0.02777954007247474,-0.0009323008592411197
AXP,5,2015-12-29,2016-01-06,60.61347961425781,55.58906173706055,hold_days,-0.08289274777116407,-0.08389274777116407,-0.04331606656801068,-0.040576681203153386
AXP,5,2016-01-08,2016-01-15,54.90738296508789,54.28608703613281,hold_days,-0.011315344046721743,-0.012315344046721743,-0.020944662601753983,0.00862931855503224
AXP,5,2016-01-11,2016-01-19,55.269798278808594,54.0531005859375,hold_days,-0.02201378928024056,-0.02301378928024056,-0.024108363861366167,0.001094574581125607
AXP,5,2016-01-14,2016-01-22,54.61398696899414,47.512184143066406,hold_days,-0.1300363372108252,-0.1310363372108252,-0.014506111801521393,-0.1165302254093038
AEP,5,2015-06-01,2015-06-08,37.71813201904297,36.00092697143555,hold_days,-0.0455273089012056,-0.0465273089012056,-0.013099541114749758,-0.03342776778645584
AEP,5,2015-06-11,2015-06-18,36.573333740234375,36.92350769042969,hold_days,0.009574570168594976,0.008574570168594975,0.004593611478461268,0.003980958690133707
AEP,5,2015-06-23,2015-06-30,35.920108795166016,35.67095184326172,hold_days,-0.006936419745416478,-0.007936419745416479,-0.02714974758580102,0.019213327840384542
AEP,5,2015-07-02,2015-07-10,36.51944351196289,37.41510009765625,hold_days,0.024525471901015283,0.023525471901015282,0.0008825086949764138,0.02264296320603887
AEP,5,2015-07-07,2015-07-14,37.76526641845703,37.16594696044922,hold_days,-0.01586959433483326,-0.01686959433483326,0.01582889439080737,-0.03269848872564063
AEP,5,2015-07-14,2015-07-21,37.16594696044922,36.963905334472656,hold_days,-0.005436202828131065,-0.006436202828131065,0.009759164458778002,-0.016195367286909068
AEP,5,2015-07-17,2015-07-24,37.52283477783203,36.768619537353516,hold_days,-0.02010016687023064,-0.02110016687023064,-0.020279038821843565,-0.0008211280483870764
AEP,5,2015-07-30,2015-08-06,37.9268913269043,38.24427032470703,hold_days,0.008368178532407011,0.007368178532407011,-0.009831385265524184,0.017199563797931194
AEP,5,2015-08-03,2015-08-10,38.42522430419922,38.55018997192383,hold_days,0.003252177963498637,0.002252177963498637,0.007508097032952854,-0.005255919069454217
AEP,5,2015-08-10,2015-08-17,38.55018997192383,39.66501998901367,hold_days,0.028918924080575836,0.027918924080575835,-0.000868958979838963,0.0287878830604148
AEP,5,2015-08-27,2015-09-03,37.32659149169922,36.266143798828125,hold_days,-0.028409979333551494,-0.029409979333551495,-0.01590848231419595,-0.013501497019355546
AEP,5,2015-09-18,2015-09-25,37.71406555175781,38.06075668334961,hold_days,0.009192621546356694,0.008192621546356693,-0.014009707277178984,0.022202328823535677
AEP,5,2015-09-21,2015-09-28,37.79563522338867,37.97237777709961,hold_days,0.004676268904235004,0.0036762689042350036,-0.03937711580671033,0.04305338471094533
AEP,5,2015-09-22,2015-09-29,37.19742965698242,38.15592575073242,hold_days,0.025767804458233012,0.02476780445823301,-0.026441095731603248,0.05120890018983626
AEP,5,2015-09-25,2015-10-02,38.06075668334961,38.28506851196289,hold_days,0.005893519944426329,0.004893519944426329,0.011871185228873093,-0.006977665284446765
AEP,5,2015-09-28,2015-10-05,37.97237777709961,39.06002426147461,hold_days,0.028643096588777173,0.027643096588777172,0.05674584191212961,-0.02910274532335244
AEP,5,2015-10-01,2015-10-08,38.1627082824707,38.65894317626953,hold_days,0.013003136206314991,0.01200313620631499,0.052327104458682605,-0.040323968252367615
AEP,5,2015-10-15,2015-10-22,39.916542053222656,40.222450256347656,hold_days,0.007663694984328062,0.006663694984328062,0.01779091357425311,-0.011127218589925048
AEP,5,2015-10-26,2015-11-02,39.304744720458984,38.672550201416016,hold_days,-0.016084432643927005,-0.017084432643927006,0.02073490192637295,-0.037819334570299956
AEP,5,2015-10-27,2015-11-03,39.20278549194336,38.57738494873047,hold_days,-0.015952961897093165,-0.016952961897093166,0.024779943356034062,-0.04173290525312723
AEP,5,2015-10-29,2015-11-05,38.21031188964844,38.4006462097168,hold_days,0.004981229167090984,0.003981229167090984,0.010139872125143334,-0.006158642958052351
AEP,5,2015-11-05,2015-11-12,38.4006462097168,37.981834411621094,hold_days,-0.010906373705495853,-0.011906373705495854,-0.024664164001367284,0.01275779029587143
AEP,5,2015-11-10,2015-11-17,37.830780029296875,37.796443939208984,hold_days,-0.0009076231064043538,-0.0019076231064043539,-0.011859380291405874,0.00995175718500152
AMGN,5,2015-06-03,2015-06-10,113.281494140625,112.14241027832031,hold_days,-0.010055339320389378,-0.011055339320389379,-0.004153674051600276,-0.006901665268789103
AMGN,5,2015-07-07,2015-07-14,112.02709197998047,114.8603744506836,hold_days,0.02529104719784603,0.024291047197846027,0.01582889439080737,0.008462152807038659
AMGN,5,2015-07-15,2015-07-22,115.675048828125,118.41461181640625,hold_days,0.02368326632264317,0.02268326632264317,0.009966552920396277,0.012716713402246893
AMGN,5,2015-07-22,2015-07-29,118.41461181640625,123.61976623535156,hold_days,0.04395702809899471,0.04295702809899471,-0.00040253384315835916,0.04335956194215307
AMGN,5,2015-07-23,2015-07-30,118.30644989013672,123.77842712402344,hold_days,0.04625256897631691,0.04525256897631691,0.005824470911155011,0.0394280980651619
AMGN,5,2015-07-29,2015-08-05,123.61976623535156,127.20287322998047,hold_days,0.02898490349680216,0.02798490349680216,-0.0038384878524362342,0.031823391349238395
AMGN,5,2015-08-07,2015-08-14,124.22541046142578,121.47876739501953,hold_days,-0.02211015488863388,-0.023110154888633883,0.00760694376308324,-0.030717098651717123
AMGN,5,2015-08-10,2015-08-17,122.99259185791016,122.97801971435547,hold_days,-0.00011847984772550557,-0.0011184798477255056,-0.000868958979838963,-0.0002495208678865426
AMGN,5,2015-08-12,2015-08-19,123.00701904296875,120.64579010009766,hold_days,-0.019195887854548177,-0.020195887854548178,-0.004129150359719946,-0.01606673749482823
AMGN,5,2015-08-31,2015-09-08,109.93350982666016,111.9470443725586,hold_days,0.01831593068458659,0.01731593068458659,-0.004191708844226261,0.02150763952881285
AMGN,5,2015-09-01,2015-09-09,106.80455017089844,109.4264907836914,hold_days,0.024548959839235218,0.023548959839235217,0.012291644189424744,0.011257315649810473
AMGN,5,2015-09-15,2015-09-22,110.19425201416016,105.69638061523438,hold_days,-0.040817658967799875,-0.041817658967799876,-0.0160905405913625,-0.025727118376437375
AMGN,5,2015-09-18,2015-09-25,109.07154846191406,100.3365707397461,hold_days,-0.0800848419715805,-0.0810848419715805,-0.014009707277178984,-0.06707513469440152
AMGN,5,2015-09-24,2015-10-01,103.94357299804688,101.56788635253906,hold_days,-0.02285554149223301,-0.023855541492233012,0.00022630285584845922,-0.02408184434808147
AMGN,5,2015-10-14,2015-10-21,107.05805206298828,108.70942687988281,hold_days,0.015425040761277264,0.014425040761277264,0.014016661172173706,0.000408379589103558
AMGN,5,2015-10-15,2015-10-22,110.48395538330078,110.31735229492188,hold_days,-0.0015079392098238387,-0.0025079392098238387,0.01779091357425311,-0.02029885278407695
AMGN,5,2015-10-16,2015-10-23,110.53467559814453,112.80897521972656,hold_days,0.02057544032472114,0.01957544032472114,0.02718914544583173,-0.007613705121110592
AMGN,5,2015-10-22,2015-10-29,110.31735229492188,116.30726623535156,hold_days,0.05429711478586152,0.05329711478586152,0.0202918413503701,0.03300527343549142
AMGN,5,2015-11-05,2015-11-12,116.77082061767578,109.90758514404297,hold_days,-0.05877526112541431,-0.059775261125414314,-0.024664164001367284,-0.03511109712404703
AMGN,5,2015-11-16,2015-11-23,112.46996307373047,118.27183532714844,hold_days,0.05158597099933715,0.05058597099933715,0.019010741307750934,0.031575229691586215
AMGN,5,2015-11-23,2015-12-01,118.27183532714844,117.91512298583984,hold_days,-0.0030160379292492046,-0.004016037929249205,0.007691739599231973,-0.011707777528481178
AMGN,5,2015-12-07,2015-12-14,115.23623657226562,115.09795379638672,hold_days,-0.0011999938560314227,-0.0021999938560314227,-0.021431007724796447,0.019231013868765023
AMGN,5,2015-12-08,2015-12-15,116.00061798095703,118.38107299804688,hold_days,0.02052105461611098,0.019521054616110978,-0.006021279105963173,0.02554233372207415
AMGN,5,2015-12-09,2015-12-16,114.93779754638672,119.807861328125,hold_days,0.042371298960838466,0.041371298960838465,0.017387831546288757,0.02398346741454971
AMGN,5,2015-12-10,2015-12-17,116.23352813720703,117.5147933959961,hold_days,0.011023198549704238,0.010023198549704238,-0.003297905188317518,0.013321103738021756
AMGN,5,2015-12-18,2015-12-28,115.6002197265625,117.73316192626953,hold_days,0.018451022020133045,0.017451022020133045,0.02777954007247474,-0.010328518052341695
AMGN,5,2015-12-29,2016-01-06,119.70597839355469,114.08607482910156,hold_days,-0.04694755967806963,-0.04794755967806963,-0.04331606656801068,-0.0046314931100589485
AAPL,5,2015-06-03,2015-06-10,29.002395629882812,28.726015090942383,hold_days,-0.009529576193204492,-0.010529576193204493,-0.004153674051600276,-0.006375902141604217
AAPL,5,2015-06-09,2015-06-16,28.400590896606445,28.440715789794922,hold_days,0.0014128189562869764,0.0004128189562869764,0.006053307305426081,-0.005640488349139105
AAPL,5,2015-06-25,2015-07-02,28.418420791625977,28.18216323852539,hold_days,-0.008313535605405709,-0.00931353560540571,-0.010670319310669418,0.0013567837052637088
AAPL,5,2015-07-08,2015-07-15,27.319581985473633,28.266860961914062,hold_days,0.03467399233795443,0.03367399233795443,0.029898345006779348,0.0037756473311750804
AAPL,5,2015-08-06,2015-08-13,25.77743148803711,25.78191375732422,hold_days,0.0001738834720281801,-0.0008261165279718199,0.0017454412025144084,-0.0025715577304862283
AAPL,5,2015-08-12,2015-08-19,25.80206298828125,25.750568389892578,hold_days,-0.001995755084082229,-0.002995755084082229,-0.004129150359719946,0.0011333952756377172
AAPL,5,2015-08-20,2015-08-27,25.222158432006836,25.282611846923828,hold_days,0.0023968374903344802,0.0013968374903344802,-0.023591936490220178,0.024988773980554657
AAPL,5,2015-09-03,2015-09-11,24.7116756439209,25.571443557739258,hold_days,0.03479197146349167,0.033791971463491666,0.0019039411534114148,0.03188803031008025
AAPL,5,2015-09-09,2015-09-16,24.662418365478516,26.064023971557617,hold_days,0.05683163691850335,0.05583163691850335,0.028969093746255004,0.026862543172248343
AAPL,5,2015-09-30,2015-10-07,24.696002960205078,24.803466796875,hold_days,0.0043514667876858315,0.0033514667876858315,0.04195693981120141,-0.03860547302351558
AAPL,5,2015-10-06,2015-10-13,24.922138214111328,25.02961540222168,hold_days,0.004312518740847704,0.003312518740847704,0.011813408935630099,-0.008500890194782396
AAPL,5,2015-10-07,2015-10-14,24.803466796875,24.675851821899414,hold_days,-0.005145045893006572,-0.006145045893006572,0.0011146402556327928,-0.007259686148639365
AAPL,5,2015-10-20,2015-10-27,25.47293472290039,25.6475772857666,hold_days,0.00685600480533588,0.00585600480533588,0.024085230520894063,-0.018229225715558184
AAPL,5,2015-10-22,2015-10-29,25.86027717590332,26.98648452758789,hold_days,0.043549701498712956,0.042549701498712955,0.0202918413503701,0.022257860148342856
AAPL,5,2015-10-27,2015-11-03,25.6475772857666,27.4432315826416,hold_days,0.07001262836125721,0.06901262836125721,0.024779943356034062,0.04423268500522315
AAPL,5,2015-11-12,2015-11-19,26.02043914794922,26.7085018157959,hold_days,0.026443161236996637,0.025443161236996636,0.021947606847712908,0.003495554389283728
AAPL,5,2015-11-19,2015-11-27,26.7085018157959,26.490388870239258,hold_days,-0.008166423824927715,-0.009166423824927716,0.005563827752403272,-0.014730251577330988
AAPL,5,2015-12-01,2015-12-08,26.384702682495117,26.584835052490234,hold_days,0.007585166768920848,0.006585166768920848,-0.018638365572005267,0.025223532340926114
AAPL,5,2015-12-10,2015-12-17,26.121627807617188,24.504901885986328,hold_days,-0.06189223480013806,-0.06289223480013806,-0.003297905188317518,-0.05959432961182054
AMAT,5,2015-06-23,2015-06-30,17.501699447631836,16.852848052978516,hold_days,-0.03707362228421296,-0.03807362228421296,-0.02714974758580102,-0.01092387469841194
AMAT,5,2015-07-17,2015-07-24,15.581428527832031,15.230696678161621,hold_days,-0.02250960809170499,-0.023509608091704992,-0.020279038821843565,-0.0032305692698614275
AMAT,5,2015-07-29,2015-08-05,15.388525009155273,14.932562828063965,hold_days,-0.029630012026496177,-0.03063001202649618,-0.0038384878524362342,-0.026791524174059944
AMAT,5,2015-07-31,2015-08-07,15.221918106079102,14.888725280761719,hold_days,-0.021889017073631334,-0.022889017073631335,-0.00934395045066716,-0.013545066622964175
AMAT,5,2015-08-24,2015-08-31,13.318472862243652,14.191670417785645,hold_days,0.06556288882169126,0.06456288882169126,0.04623319299269779,0.018329695828993464
AMAT,5,2015-09-09,2015-09-16,13.635998725891113,14.26223373413086,hold_days,0.045925129565368206,0.044925129565368205,0.028969093746255004,0.0159560358191132
AMAT,5,2015-09-15,2015-09-22,14.041730880737305,13.318472862243652,hold_days,-0.05150775389705198,-0.05250775389705198,-0.0160905405913625,-0.03641721330568948
AMAT,5,2015-09-17,2015-09-24,14.129931449890137,12.956847190856934,hold_days,-0.08302122789437338,-0.08402122789437338,-0.031174285476911257,-0.05284694241746213
AMAT,5,2015-09-21,2015-09-28,13.794763565063477,12.674603462219238,hold_days,-0.08120183412792581,-0.08220183412792581,-0.03937711580671033,-0.04282471832121548
AMAT,5,2015-09-23,2015-09-30,12.886283874511719,12.956847190856934,hold_days,0.005475846802101225,0.004475846802101225,-0.00519090585356119,0.009666752655662414
ADM,5,2015-05-28,2015-06-04,37.77998733520508,36.86884307861328,hold_days,-0.02411711387056903,-0.02511711387056903,-0.010349415724358435,-0.014767698146210595
ADM,5,2015-06-02,2015-06-09,37.85173034667969,36.596214294433594,hold_days,-0.033169317247770835,-0.034169317247770836,-0.013563373932909406,-0.02060594331486143
ADM,5,2015-06-05,2015-06-12,36.596214294433594,37.24190902709961,hold_days,0.01764375756112635,0.01664375756112635,0.0022713313010795932,0.014372426260046756
ADM,5,2015-06-10,2015-06-17,37.45713806152344,36.54600143432617,hold_days,-0.024324779584086742,-0.025324779584086743,-0.005571694609861844,-0.0197530849742249
ADM,5,2015-06-25,2015-07-02,36.37381362915039,34.9030876159668,hold_days,-0.040433649003054684,-0.041433649003054684,-0.010670319310669418,-0.030763329692385266
ADM,5,2015-06-26,2015-07-06,35.56311798095703,34.50132369995117,hold_days,-0.02985661385411753,-0.03085661385411753,-0.015594289330776112,-0.01526232452334142
ADM,5,2015-07-08,2015-07-15,34.08519744873047,34.049339294433594,hold_days,-0.0010520154489588318,-0.002052015448958832,0.029898345006779348,-0.03195036045573818
ADM,5,2015-08-06,2015-08-13,34.400882720947266,34.08519744873047,hold_days,-0.009176661970495603,-0.010176661970495604,0.0017454412025144084,-0.011922103173010012
ADM,5,2015-08-20,2015-08-27,33.34316635131836,32.354427337646484,hold_days,-0.02965342293092632,-0.030653422930926322,-0.023591936490220178,-0.007061486440706144
ADM,5,2015-08-26,2015-09-02,31.748184204101562,31.481142044067383,hold_days,-0.008411257737369393,-0.009411257737369394,0.005689336269951051,-0.015100594007320445
ADM,5,2015-08-28,2015-09-04,32.22452163696289,30.961524963378906,hold_days,-0.039193651586600264,-0.040193651586600265,-0.033455351250263554,-0.006738300336336711
ADM,5,2015-09-03,2015-09-11,31.574975967407227,30.903779983520508,hold_days,-0.0212572128187698,-0.0222572128187698,0.0019039411534114148,-0.024161153972181215
ADM,5,2015-09-11,2015-09-18,30.903779983520508,31.19968032836914,hold_days,0.009574891647766703,0.008574891647766703,0.0019340726477059533,0.006640819000060749
ADM,5,2015-09-17,2015-09-24,31.935832977294922,30.32640266418457,hold_days,-0.05039575182693967,-0.05139575182693967,-0.031174285476911257,-0.020221466350028416
ADM,5,2015-09-28,2015-10-05,29.655210494995117,31.495590209960938,hold_days,0.06205923627742993,0.06105923627742993,0.05674584191212961,0.004313394365300316
ADM,5,2015-09-30,2015-10-07,29.915029525756836,31.9791316986084,hold_days,0.06899883455152112,0.06799883455152111,0.04195693981120141,0.026041894740319704
ADM,5,2015-10-02,2015-10-09,30.615089416503906,32.78023147583008,hold_days,0.07072140243885716,0.06972140243885716,0.038005816345721755,0.031715586093135406
ADM,5,2015-10-14,2015-10-21,32.4482421875,32.6864128112793,hold_days,0.0073400162142234215,0.0063400162142234215,0.014016661172173706,-0.007676644957950284
ADM,5,2015-10-16,2015-10-23,33.16994857788086,33.841156005859375,hold_days,0.020235407552790186,0.019235407552790185,0.02718914544583173,-0.007953737893041546
ADM,5,2015-10-19,2015-10-26,33.17716979980469,33.48028564453125,hold_days,0.009136277945213545,0.008136277945213544,0.026213104729766457,-0.018076826784552913
ADM,5,2015-11-24,2015-12-02,26.204877853393555,26.553882598876953,hold_days,0.013318312240795382,0.012318312240795382,-0.002529449709242515,0.014847761950037897
T,5,2015-05-28,2015-06-04,12.005159378051758,12.1673002243042,hold_days,0.013505930337657457,0.012505930337657456,-0.010349415724358435,0.02285534606201589
T,5,2015-06-08,2015-06-15,11.93271541595459,11.870623588562012,hold_days,-0.005203495200225672,-0.006203495200225672,0.0006372579420264035,-0.006840753142252075
T,5,2015-06-15,2015-06-22,11.870623588562012,12.087957382202148,hold_days,0.018308540576549737,0.017308540576549736,0.02108171846835849,-0.0037731778918087544
T,5,2015-06-17,2015-06-24,12.005159378051758,12.343240737915039,hold_days,0.028161338739190134,0.027161338739190133,0.009196804912162904,0.01796453382702723
T,5,2015-07-01,2015-07-09,12.270796775817871,12.07376766204834,hold_days,-0.016056749807625947,-0.01705674980762595,-0.009996705149624252,-0.007060044658001696
T,5,2015-07-14,2015-07-21,12.330053329467773,12.136959075927734,hold_days,-0.015660455667175444,-0.016660455667175444,0.009759164458778002,-0.026419620125953447
T,5,2015-07-22,2015-07-29,12.031636238098145,12.179088592529297,hold_days,0.012255386675026347,0.011255386675026346,-0.00040253384315835916,0.011657920518184706
T,5,2015-07-28,2015-08-04,12.052699089050293,12.140467643737793,hold_days,0.007282066368622386,0.006282066368622386,-0.0006442128571081396,0.006926279225730526
T,5,2015-07-30,2015-08-06,12.2177095413208,12.021100997924805,hold_days,-0.016092095063404255,-0.017092095063404256,-0.009831385265524184,-0.007260709797880072
T,5,2015-08-03,2015-08-10,12.168554306030273,12.210685729980469,hold_days,0.003462319589543794,0.002462319589543794,0.007508097032952854,-0.00504577744340906
T,5,2015-08-06,2015-08-13,12.021100997924805,11.870138168334961,hold_days,-0.012558153335198163,-0.013558153335198164,0.0017454412025144084,-0.015303594537712573
T,5,2015-08-11,2015-08-18,12.165047645568848,12.059720039367676,hold_days,-0.00865821567411107,-0.00965821567411107,0.004582301291097268,-0.014240516965208339
T,5,2015-08-12,2015-08-19,11.943862915039062,12.063231468200684,hold_days,0.009994132887386042,0.008994132887386042,-0.004129150359719946,0.013123283247105988
T,5,2015-08-17,2015-08-24,12.01758861541748,11.364570617675781,hold_days,-0.0543385215320098,-0.0553385215320098,-0.10170009540796332,0.04636157387595352
T,5,2015-08-18,2015-08-25,12.059720039367676,11.164457321166992,hold_days,-0.0742357795436539,-0.0752357795436539,-0.11117216239957528,0.03593638285592138
T,5,2015-09-10,2015-09-17,11.497989654541016,11.508520126342773,hold_days,0.0009158533028945648,-8.414669710543523e-05,0.02073065512547978,-0.020814801822585216
T,5,2015-09-11,2015-09-18,11.487455368041992,11.42777156829834,hold_days,-0.0051955631453152185,-0.0061955631453152185,0.0019340726477059533,-0.008129635793021173
T,5,2015-09-25,2015-10-02,11.350533485412598,11.459368705749512,hold_days,0.009588555505059437,0.008588555505059436,0.011871185228873093,-0.003282629723813657
T,5,2015-10-14,2015-10-21,11.902917861938477,12.020978927612305,hold_days,0.00991866591395607,0.00891866591395607,0.014016661172173706,-0.005097995258217636
T,5,2015-10-16,2015-10-23,12.103265762329102,12.071064949035645,hold_days,-0.0026605061745963443,-0.0036605061745963443,0.02718914544583173,-0.030849651620428076
T,5,2015-10-26,2015-11-02,12.042441368103027,12.024559020996094,hold_days,-0.0014849436721608988,-0.002484943672160899,0.02073490192637295,-0.02321984559853385
T,5,2015-10-27,2015-11-03,11.881447792053223,12.031713485717773,hold_days,0.012647086137520525,0.011647086137520524,0.024779943356034062,-0.013132857218513538
T,5,2015-10-29,2015-11-05,12.003087997436523,11.927963256835938,hold_days,-0.006258784457518818,-0.007258784457518818,0.010139872125143334,-0.017398656582662153
T,5,2015-11-19,2015-11-27,12.028133392333984,12.010242462158203,hold_days,-0.0014874236585357137,-0.0024874236585357137,0.005563827752403272,-0.008051251410938987
T,5,2015-11-23,2015-12-01,11.970893859863281,12.081799507141113,hold_days,0.009264608689722342,0.008264608689722341,0.007691739599231973,0.0005728690904903688
T,5,2015-11-24,2015-12-02,11.945845603942871,12.006664276123047,hold_days,0.005091198580375211,0.004091198580375211,-0.002529449709242515,0.006620648289617726
BAC,5,2015-06-12,2015-06-19,13.743082046508789,13.491637229919434,hold_days,-0.018296100957443606,-0.019296100957443607,0.007602045276427827,-0.026898146233871434
BAC,5,2015-06-30,2015-07-08,13.37377643585205,12.768729209899902,hold_days,-0.04524131451234337,-0.04624131451234337,-0.005253350753949726,-0.04098796375839364
BAC,5,2015-07-14,2015-07-21,13.460203170776367,14.206681251525879,hold_days,0.055458158489776865,0.054458158489776864,0.009759164458778002,0.04469899403099886
BAC,5,2015-07-20,2015-07-27,14.238114356994629,13.884517669677734,hold_days,-0.024834516597570855,-0.025834516597570856,-0.025556667717184678,-0.00027784888038617783
BAC,5,2015-07-22,2015-07-29,14.497418403625488,14.269548416137695,hold_days,-0.015717969996010273,-0.016717969996010273,-0.00040253384315835916,-0.016315436152851914
BAC,5,2015-08-05,2015-08-12,14.04167366027832,13.766654968261719,hold_days,-0.01958589116015319,-0.02058589116015319,-0.003407797706925564,-0.017178093453227627
BAC,5,2015-08-24,2015-08-31,12.014389991760254,12.839447975158691,hold_days,0.06867248224539746,0.06767248224539746,0.04623319299269779,0.021439289252699667
BAC,5,2015-08-31,2015-09-08,12.839447975158691,12.738890647888184,hold_days,-0.007831904258272071,-0.008831904258272072,-0.004191708844226261,-0.004640195414045811
BAC,5,2015-09-02,2015-09-10,12.49452018737793,12.64430046081543,hold_days,0.011987677092939464,0.010987677092939463,-0.00014029691714623205,0.011127974010085695
BAC,5,2015-09-03,2015-09-11,12.565465927124023,12.64430046081543,hold_days,0.006273904537135611,0.0052739045371356106,0.0019039411534114148,0.0033699633837241958
BAC,5,2015-09-04,2015-09-14,12.336857795715332,12.581233024597168,hold_days,0.0198085471137317,0.0188085471137317,0.015301244277303061,0.0035073028364286385
BAC,5,2015-09-14,2015-09-21,12.581233024597168,12.376273155212402,hold_days,-0.01629092068989224,-0.017290920689892242,0.009517639849922599,-0.02680856053981484
BAC,5,2015-09-29,2015-10-06,12.100372314453125,12.368391036987305,hold_days,0.02214962610811977,0.021149626108119768,0.053662237274073155,-0.03251261116595339
BAC,5,2015-10-12,2015-10-19,12.234382629394531,12.723124504089355,hold_days,0.03994822538250231,0.03894822538250231,0.008963199433135394,0.029985025949366917
BAC,5,2015-10-22,2015-10-29,12.738890647888184,13.472012519836426,hold_days,0.05754989914053277,0.05654989914053277,0.0202918413503701,0.03625805779016267
BAC,5,2015-11-12,2015-11-19,13.692731857299805,13.944984436035156,hold_days,0.01842237044909867,0.017422370449098667,0.021947606847712908,-0.004525236398614241
BAC,5,2015-11-20,2015-11-30,13.913457870483398,13.740030288696289,hold_days,-0.012464736185749059,-0.01346473618574906,-0.0026963332831591025,-0.010768402902589957
BAC,5,2015-11-27,2015-12-04,13.779444694519043,14.07120132446289,hold_days,0.021173322758057056,0.020173322758057055,0.0009140519158274962,0.01925927084222956
BAC,5,2015-12-02,2015-12-09,13.92890739440918,13.517839431762695,hold_days,-0.029511859832701548,-0.03051185983270155,-0.017700996662200486,-0.012810863170501063
BAC,5,2015-12-09,2015-12-16,13.517839431762695,14.031678199768066,hold_days,0.038011900540704024,0.037011900540704024,0.017387831546288757,0.019624068994415267
BAC,5,2015-12-10,2015-12-17,13.596893310546875,13.675943374633789,hold_days,0.0058138327838166415,0.0048138327838166415,-0.003297905188317518,0.008111737972134159
BAC,5,2015-12-14,2015-12-21,13.280686378479004,13.415070533752441,hold_days,0.010118765811020447,0.009118765811020446,-0.004452804474679994,0.01357157028570044
BAC,5,2015-12-24,2016-01-04,13.652233123779297,12.98819351196289,hold_days,-0.04863963322306519,-0.049639633223065194,-0.023470205816318535,-0.02616942740674666
BAC,5,2015-12-30,2016-01-07,13.478314399719238,12.253011703491211,hold_days,-0.09090919382720075,-0.09190919382720075,-0.06036412751783227,-0.031545066309368486
BA,5,2015-05-28,2015-06-04,126.05766296386719,125.0479965209961,hold_days,-0.008009560221344914,-0.009009560221344914,-0.010349415724358435,0.0013398555030135206
BA,5,2015-06-01,2015-06-08,125.10114288330078,124.56088256835938,hold_days,-0.00431858816386177,-0.00531858816386177,-0.013099541114749758,0.007780952950887988
BA,5,2015-06-12,2015-06-19,126.47394561767578,128.5375518798828,hold_days,0.016316453575704992,0.015316453575704991,0.007602045276427827,0.0077144082992771645
BA,5,2015-06-22,2015-06-29,129.04237365722656,122.8692398071289,hold_days,-0.04783803703499179,-0.04883803703499179,-0.0275775253584849,-0.021260511676506888
BA,5,2015-06-30,2015-07-08,122.86040496826172,125.69454956054688,hold_days,0.023068006271160346,0.022068006271160345,-0.005253350753949726,0.02732135702511007
BA,5,2015-07-01,2015-07-09,124.64058685302734,126.47394561767578,hold_days,0.014709163450989493,0.013709163450989492,-0.009996705149624252,0.023705868600613744
BA,5,2015-07-07,2015-07-14,126.783935546875,130.85801696777344,hold_days,0.03213405076380638,0.031134050763806376,0.01582889439080737,0.015305156372999007
BA,5,2015-07-16,2015-07-23,131.51344299316406,129.40550231933594,hold_days,-0.01602832855602221,-0.01702832855602221,-0.004335732602630649,-0.012692595953391561
BA,5,2015-07-22,2015-07-29,129.724365234375,127.6607437133789,hold_days,-0.01590774036371434,-0.01690774036371434,-0.00040253384315835916,-0.01650520652055598
BA,5,2015-08-21,2015-08-28,117.39608764648438,118.75980377197266,hold_days,0.01161636774127306,0.010616367741273058,0.010260098338653822,0.0003562694026192359
BA,5,2015-08-31,2015-09-08,116.47803497314453,119.27677154541016,hold_days,0.02402802015771388,0.02302802015771388,-0.004191708844226261,0.02721972900194014
BA,5,2015-09-01,2015-09-09,113.59013366699219,118.23392486572266,hold_days,0.04088199431426398,0.03988199431426398,0.012291644189424744,0.027590350124839236
BA,5,2015-09-18,2015-09-25,121.3000717163086,116.77214813232422,hold_days,-0.037328284475990126,-0.038328284475990126,-0.014009707277178984,-0.024318577198811142
BA,5,2015-09-21,2015-09-28,121.23771667480469,114.20516967773438,hold_days,-0.05800626397421915,-0.05900626397421915,-0.03937711580671033,-0.019629148167508825
BA,5,2015-09-24,2015-10-01,115.64908599853516,116.4156265258789,hold_days,0.006628158975276799,0.005628158975276799,0.00022630285584845922,0.00540185611942834
BA,5,2015-10-01,2015-10-08,116.4156265258789,123.92948913574219,hold_days,0.06454341941966835,0.06354341941966835,0.052327104458682605,0.01121631496098574
BA,5,2015-10-16,2015-10-23,122.64598083496094,130.7570037841797,hold_days,0.0661336221048563,0.06513362210485629,0.02718914544583173,0.03794447665902456
BA,5,2015-10-29,2015-11-05,131.1848602294922,132.70445251464844,hold_days,0.011583594955224985,0.010583594955224984,0.010139872125143334,0.0004437228300816498
BA,5,2015-11-04,2015-11-11,132.90176391601562,130.03189086914062,hold_days,-0.02159394249039881,-0.02259394249039881,-0.010977314345668399,-0.011616628144730412
BA,5,2015-11-05,2015-11-12,132.70445251464844,127.83465576171875,hold_days,-0.036696558861822215,-0.037696558861822216,-0.024664164001367284,-0.013032394860454932
BA,5,2015-12-04,2015-12-11,133.17974853515625,129.70005798339844,hold_days,-0.026127775356470595,-0.027127775356470596,-0.03847563911849261,0.011347863762022015
BA,5,2015-12-07,2015-12-14,133.13494873046875,128.24717712402344,hold_days,-0.036712911621279765,-0.037712911621279765,-0.021431007724796447,-0.01628190389648332
BA,5,2015-12-17,2015-12-24,130.54310607910156,128.7225341796875,hold_days,-0.013946135909397639,-0.01494613590939764,0.011051121334126002,-0.02599725724352364
BA,5,2015-12-29,2016-01-06,132.1484375,124.50740814208984,hold_days,-0.057821564162725436,-0.05882156416272544,-0.04331606656801068,-0.015505497594714757
CAT,5,2015-05-28,2015-06-04,65.5653305053711,65.15367889404297,hold_days,-0.006278495176568977,-0.007278495176568977,-0.010349415724358435,0.0030709205477894583
CAT,5,2015-06-03,2015-06-10,65.73301696777344,67.44821166992188,hold_days,0.026093351275650933,0.025093351275650932,-0.004153674051600276,0.029247025327251208
CAT,5,2015-06-04,2015-06-11,65.15367889404297,67.21186828613281,hold_days,0.03158976479957487,0.03058976479957487,0.006399674581522907,0.024190090218051963
CAT,5,2015-06-16,2015-06-23,66.00743103027344,67.42533111572266,hold_days,0.02148091606229796,0.02048091606229796,0.017310720899022858,0.0031701951632751024
CAT,5,2015-07-09,2015-07-16,62.27217483520508,64.43970489501953,hold_days,0.034807360840544366,0.033807360840544365,0.03725416486057376,-0.0034468040200293926
CAT,5,2015-07-14,2015-07-21,64.38373565673828,63.25490951538086,hold_days,-0.017532784170458116,-0.018532784170458116,0.009759164458778002,-0.02829194862923612
CAT,5,2015-07-24,2015-07-31,58.546573638916016,60.49300765991211,hold_days,0.0332459083429999,0.032245908342999896,0.012025061985567742,0.020220846357432154
CAT,5,2015-07-28,2015-08-04,59.83906936645508,58.93125915527344,hold_days,-0.015170861124564006,-0.016170861124564007,-0.0006442128571081396,-0.015526648267455867
CAT,5,2015-08-06,2015-08-13,59.59287643432617,59.82367706298828,hold_days,0.003872956676566286,0.002872956676566286,0.0017454412025144084,0.0011275154740518776
CAT,5,2015-08-13,2015-08-20,59.82367706298828,58.78508758544922,hold_days,-0.0173608432067045,-0.018360843206704502,-0.025446472396546405,0.007085629189841902
CAT,5,2015-08-17,2015-08-24,60.423763275146484,56.02317810058594,hold_days,-0.07282871731312035,-0.07382871731312035,-0.10170009540796332,0.02787137809484297
CAT,5,2015-08-20,2015-08-27,58.78508758544922,58.20807647705078,hold_days,-0.009815603448063315,-0.010815603448063316,-0.023591936490220178,0.012776333042156862
CAT,5,2015-09-02,2015-09-10,58.546573638916016,55.71540451049805,hold_days,-0.04835755454929114,-0.04935755454929114,-0.00014029691714623205,-0.049217257632144906
CAT,5,2015-09-14,2015-09-21,55.98468017578125,55.51539993286133,hold_days,-0.008382297468637279,-0.00938229746863728,0.009517639849922599,-0.01889993731855988
CAT,5,2015-10-28,2015-11-04,55.98801803588867,57.995079040527344,hold_days,0.03584804526125818,0.034848045261258176,0.009309447006703442,0.025538598254554734
CAT,5,2015-11-05,2015-11-12,57.738346099853516,53.41305160522461,hold_days,-0.07491199154109263,-0.07591199154109263,-0.024664164001367284,-0.051247827539725344
CAT,5,2015-11-20,2015-11-30,55.34232711791992,56.51700973510742,hold_days,0.021225753927632374,0.020225753927632373,-0.0026963332831591025,0.022922087210791475
CVX,5,2015-06-05,2015-06-12,62.86035919189453,61.79608154296875,hold_days,-0.016930823536608353,-0.017930823536608353,0.0022713313010795932,-0.020202154837687947
CVX,5,2015-07-06,2015-07-13,58.64037322998047,58.53519058227539,hold_days,-0.001793689942807264,-0.002793689942807264,0.016982377740168753,-0.019776067682976017
CVX,5,2015-07-16,2015-07-23,58.4609260559082,57.5080451965332,hold_days,-0.016299448600313404,-0.017299448600313405,-0.004335732602630649,-0.012963715997682757
CVX,5,2015-07-24,2015-07-31,56.06013870239258,54.74833297729492,hold_days,-0.023399972876657738,-0.02439997287665774,0.012025061985567742,-0.03642503486222548
CVX,5,2015-08-19,2015-08-26,50.69512176513672,45.79539108276367,hold_days,-0.09665093034144001,-0.09765093034144001,-0.0663167732343296,-0.031334157107110405
CVX,5,2015-09-15,2015-09-22,48.35176467895508,48.40190124511719,hold_days,0.0010369128509579717,3.691285095797168e-05,-0.0160905405913625,0.016127453442320472
CVX,5,2015-09-30,2015-10-07,49.42317581176758,55.212623596191406,hold_days,0.11714034335780932,0.11614034335780932,0.04195693981120141,0.0741834035466079
CVX,5,2015-10-20,2015-10-27,56.3842887878418,54.949459075927734,hold_days,-0.0254473319210059,-0.0264473319210059,0.024085230520894063,-0.050532562441899964
CVX,5,2015-10-21,2015-10-28,55.97074890136719,56.25896072387695,hold_days,0.005149329393781432,0.004149329393781432,0.04238956955547257,-0.03824024016169114
CVX,5,2015-10-23,2015-10-30,57.16750717163086,56.94192123413086,hold_days,-0.003946051676221196,-0.004946051676221196,0.006357402848435667,-0.011303454524656864
CVX,5,2015-10-30,2015-11-06,56.94192123413086,58.915592193603516,hold_days,0.03466112341656724,0.03366112341656724,0.013857753433841324,0.019803369982725916
CVX,5,2015-11-02,2015-11-09,59.498294830322266,57.844173431396484,hold_days,-0.027801156380078074,-0.028801156380078075,-0.009995657457838925,-0.01880549892223915
CVX,5,2015-12-10,2015-12-17,56.635311126708984,57.42173767089844,hold_days,0.013885798957297135,0.012885798957297134,-0.003297905188317518,0.016183704145614652
CVX,5,2015-12-17,2015-12-24,57.42173767089844,58.3794059753418,hold_days,0.016677800834451473,0.015677800834451472,0.011051121334126002,0.00462667950032547
CVX,5,2015-12-28,2016-01-05,57.307579040527344,56.83191680908203,hold_days,-0.008300162725578208,-0.00930016272557821,-0.020650335208550752,0.011350172482972543
CVX,5,2016-01-05,2016-01-12,56.83191680908203,52.10067367553711,hold_days,-0.08324975470102114,-0.08424975470102114,-0.039149806002568344,-0.045099948698452796
CVX,5,2016-01-14,2016-01-22,54.20626449584961,52.982242584228516,hold_days,-0.022580820187578343,-0.023580820187578344,-0.014506111801521393,-0.009074708386056951
CVX,5,2016-01-25,2016-02-01,51.301570892333984,54.09210968017578,hold_days,0.05439480193887758,0.05339480193887758,0.03607212764185652,0.017322674297021057
CVX,5,2016-02-11,2016-02-19,52.6334228515625,55.55533218383789,hold_days,0.05551433241413539,0.05451433241413539,0.051233023492610164,0.003281308921525228
CVX,5,2016-02-17,2016-02-24,56.717803955078125,54.765342712402344,hold_days,-0.034424133279599034,-0.035424133279599035,0.0007954416200048886,-0.036219574899603924
CSCO,5,2015-06-02,2015-06-09,20.728134155273438,20.12938117980957,hold_days,-0.028886004450696667,-0.029886004450696668,-0.013563373932909406,-0.016322630517787262
CSCO,5,2015-06-04,2015-06-11,20.393117904663086,20.571313858032227,hold_days,0.008738043598933709,0.007738043598933709,0.006399674581522907,0.0013383690174108018
CSCO,5,2015-06-09,2015-06-16,20.12938117980957,20.46438980102539,hold_days,0.016642768012751663,0.015642768012751662,0.006053307305426081,0.009589460707325581
CSCO,5,2015-06-30,2015-07-08,19.57339859008789,19.386646270751953,hold_days,-0.009541128919252184,-0.010541128919252185,-0.005253350753949726,-0.005287778165302459
CSCO,5,2015-08-03,2015-08-10,20.370704650878906,20.53590965270996,hold_days,0.00810993064120269,0.0071099306412026895,0.007508097032952854,-0.00039816639175016457
CSCO,5,2015-08-14,2015-08-21,20.851957321166992,19.013134002685547,hold_days,-0.08818468646177602,-0.08918468646177602,-0.06038603839556089,-0.028798648066215127
CSCO,5,2015-08-25,2015-09-01,17.684297561645508,18.043445587158203,hold_days,0.020308865775456653,0.01930886577545665,0.028427226347672807,-0.009118360572216155
CSCO,5,2015-09-03,2015-09-11,18.603713989257812,18.689903259277344,hold_days,0.004632906637314305,0.0036329066373143046,0.0019039411534114148,0.0017289654839028898
CSCO,5,2015-09-16,2015-09-23,18.725814819335938,18.158374786376953,hold_days,-0.03030255497203016,-0.03130255497203016,-0.028637078977253982,-0.0026654759947761786
CSCO,5,2015-09-24,2015-10-01,18.25174903869629,18.63064956665039,hold_days,0.020759683203553703,0.019759683203553702,0.00022630285584845922,0.019533380347705243
CSCO,5,2015-09-25,2015-10-02,18.697092056274414,18.65237045288086,hold_days,-0.0023919015459169524,-0.0033919015459169524,0.011871185228873093,-0.015263086774790047
CSCO,5,2015-09-30,2015-10-07,18.85511589050293,19.941240310668945,hold_days,0.05760369898935935,0.05660369898935935,0.04195693981120141,0.014646759178157942
CSCO,5,2015-10-07,2015-10-14,19.941240310668945,20.143980026245117,hold_days,0.010166855843350087,0.009166855843350086,0.0011146402556327928,0.008052215587717293
CSCO,5,2015-10-12,2015-10-19,20.245351791381836,20.455333709716797,hold_days,0.010371858217072205,0.009371858217072204,0.008963199433135394,0.00040865878393681054
CSCO,5,2015-10-21,2015-10-28,20.477060317993164,21.25906753540039,hold_days,0.03818942784087409,0.03718942784087409,0.04238956955547257,-0.005200141714598483
CSCO,5,2015-11-04,2015-11-11,20.61463737487793,20.143980026245117,hold_days,-0.02283122133433113,-0.023831221334331132,-0.010977314345668399,-0.012853906988662733
CSCO,5,2015-11-13,2015-11-20,18.978206634521484,19.96295928955078,hold_days,0.05188860433409048,0.05088860433409048,0.03672225509758209,0.014166349236508391
CSCO,5,2015-11-16,2015-11-23,19.39817237854004,19.86158561706543,hold_days,0.023889530904368073,0.02288953090436807,0.019010741307750934,0.003878789596617138
CSCO,5,2015-12-16,2015-12-23,19.72401237487793,19.83986473083496,hold_days,0.005873670820881749,0.004873670820881749,-0.0045807314073067484,0.009454402228188497
CSCO,5,2015-12-28,2016-01-05,19.77469253540039,19.184465408325195,hold_days,-0.029847600715843137,-0.030847600715843138,-0.020650335208550752,-0.010197265507292386
CSCO,5,2016-01-19,2016-01-26,17.403940200805664,17.309070587158203,hold_days,-0.005451042267030415,-0.006451042267030415,0.008867714635028445,-0.015318756902058861
CSCO,5,2016-02-04,2016-02-11,17.17772674560547,18.009607315063477,hold_days,0.048427861368258496,0.047427861368258495,-0.048728806662386215,0.09615666803064471
CSCO,5,2016-02-11,2016-02-19,18.009607315063477,19.37419319152832,hold_days,0.07576988507259053,0.07476988507259053,0.051233023492610164,0.02353686157998036
C,5,2015-06-02,2015-06-09,40.19567108154297,41.13591766357422,hold_days,0.02339173738693945,0.022391737386939448,-0.013563373932909406,0.035955111319848854
C,5,2015-06-04,2015-06-11,40.643760681152344,42.02473831176758,hold_days,0.033977604618059765,0.032977604618059764,0.006399674581522907,0.026577930036536856
C,5,2015-06-05,2015-06-12,41.312225341796875,41.9512939453125,hold_days,0.015469236968676636,0.014469236968676635,0.0022713313010795932,0.012197905667597042
C,5,2015-06-08,2015-06-15,40.87881851196289,41.61338806152344,hold_days,0.017969441786718443,0.016969441786718442,0.0006372579420264035,0.01633218384469204
C,5,2015-06-18,2015-06-25,41.69418716430664,41.27549362182617,hold_days,-0.010042012351278107,-0.011042012351278108,-0.006302902887690642,-0.004739109463587465
C,5,2015-06-19,2015-06-26,41.30487060546875,41.38566207885742,hold_days,0.001955979336198954,0.0009559793361989541,-0.0006874283846611817,0.0016434077208601358
C,5,2015-06-22,2015-06-29,41.8337516784668,40.31320571899414,hold_days,-0.03634734869488965,-0.03734734869488965,-0.0275775253584849,-0.009769823336404748
C,5,2015-06-23,2015-06-30,42.156978607177734,40.5776481628418,hold_days,-0.03746308432234369,-0.03846308432234369,-0.02714974758580102,-0.011313336736542667
C,5,2015-06-24,2015-07-01,41.6207389831543,40.900856018066406,hold_days,-0.017296256209656913,-0.018296256209656914,-0.014379400380291174,-0.00391685582936574
C,5,2015-06-26,2015-07-06,41.38566207885742,40.460113525390625,hold_days,-0.022363990497559993,-0.023363990497559994,-0.015594289330776112,-0.007769701166783882
C,5,2015-07-09,2015-07-16,39.45375442504883,43.0384521484375,hold_days,0.09085821553937534,0.08985821553937534,0.03725416486057376,0.052604050678801584
C,5,2015-07-16,2015-07-23,43.0384521484375,43.97870635986328,hold_days,0.021846840778169563,0.020846840778169562,-0.004335732602630649,0.02518257338080021
C,5,2015-07-24,2015-07-31,43.119266510009766,42.979434967041016,hold_days,-0.003242901706973389,-0.004242901706973389,0.012025061985567742,-0.016267963692541132
C,5,2015-08-03,2015-08-10,42.9647331237793,43.18527603149414,hold_days,0.005133114805565553,0.004133114805565553,0.007508097032952854,-0.003374982227387301
C,5,2015-08-17,2015-08-24,42.4721565246582,37.00966262817383,hold_days,-0.12861352809605975,-0.12961352809605975,-0.10170009540796332,-0.02791343268809643
C,5,2015-08-19,2015-08-26,41.90605163574219,38.43593215942383,hold_days,-0.0828071207109059,-0.0838071207109059,-0.0663167732343296,-0.017490347476576296
C,5,2015-08-25,2015-09-01,36.671485900878906,37.45077896118164,hold_days,0.02125065404791937,0.02025065404791937,0.028427226347672807,-0.008176572299753437
C,5,2015-08-28,2015-09-04,39.17111587524414,37.19344711303711,hold_days,-0.05048793525580675,-0.05148793525580675,-0.033455351250263554,-0.018032584005543195
C,5,2015-09-01,2015-09-09,37.45077896118164,37.40665817260742,hold_days,-0.001178100691041739,-0.002178100691041739,0.012291644189424744,-0.014469744880466484
C,5,2015-09-08,2015-09-15,37.97277069091797,38.23008346557617,hold_days,0.006776244397666442,0.005776244397666442,0.005301229811793151,0.000475014585873291
C,5,2015-09-16,2015-09-23,38.663848876953125,36.84791946411133,hold_days,-0.046967114386903264,-0.047967114386903265,-0.028637078977253982,-0.019330035409649282
C,5,2015-10-07,2015-10-14,37.730159759521484,37.28902816772461,hold_days,-0.01169174990534072,-0.012691749905340721,0.0011146402556327928,-0.013806390160973514
C,5,2015-10-12,2015-10-19,37.70073318481445,38.862342834472656,hold_days,0.030811327831844038,0.029811327831844037,0.008963199433135394,0.020848128398708643
C,5,2015-10-20,2015-10-27,38.8476448059082,38.67854690551758,hold_days,-0.004352848190295133,-0.005352848190295133,0.024085230520894063,-0.029438078711189197
C,5,2015-10-30,2015-11-06,39.125999450683594,41.11283874511719,hold_days,0.050780537809338444,0.04978053780933844,0.013857753433841324,0.03592278437549712
C,5,2015-11-04,2015-11-11,39.61167907714844,40.39905548095703,hold_days,0.019877380160408853,0.018877380160408852,-0.010977314345668399,0.02985469450607725
C,5,2015-11-11,2015-11-18,40.39905548095703,40.45792007446289,hold_days,0.0014570784590151042,0.0004570784590151042,0.005809592519991247,-0.005352514060976143
C,5,2015-11-17,2015-11-24,39.36147689819336,39.86922836303711,hold_days,0.012899705622251512,0.01189970562225151,0.020828458980093556,-0.008928753357842045
C,5,2015-11-19,2015-11-27,40.516788482666016,39.891300201416016,hold_days,-0.015437755672999542,-0.016437755672999543,0.005563827752403272,-0.022001583425402815
C,5,2015-11-20,2015-11-30,40.28866195678711,39.80299758911133,hold_days,-0.012054616462485068,-0.013054616462485069,-0.0026963332831591025,-0.010358283179325967
C,5,2015-11-23,2015-12-01,39.94279861450195,40.38432312011719,hold_days,0.011053920129044936,0.010053920129044935,0.007691739599231973,0.0023621805298129628
KO,5,2015-06-01,2015-06-08,28.61949920654297,28.07421875,hold_days,-0.01905276023901592,-0.02005276023901592,-0.013099541114749758,-0.006953219124266163
KO,5,2015-06-15,2015-06-22,27.90407943725586,28.5313720703125,hold_days,0.02248031992838717,0.02148031992838717,0.02108171846835849,0.00039860146002868024
KO,5,2015-06-17,2015-06-24,28.38336181640625,28.32697296142578,hold_days,-0.001986686966301332,-0.002986686966301332,0.009196804912162904,-0.012183491878464237
KO,5,2015-06-25,2015-07-02,28.207149505615234,27.833585739135742,hold_days,-0.013243584446742007,-0.014243584446742008,-0.010670319310669418,-0.0035732651360725898
KO,5,2015-06-29,2015-07-07,27.770160675048828,28.3692684173584,hold_days,0.021573794596293494,0.020573794596293493,0.011956011140812128,0.008617783455481365
KO,5,2015-07-10,2015-07-17,28.467937469482422,29.0740909576416,hold_days,0.02129249752669904,0.020292497526699038,0.033373587348822564,-0.013081089822123526
KO,5,2015-07-14,2015-07-21,29.017698287963867,29.031797409057617,hold_days,0.0004858800637401739,-0.0005141199362598261,0.009759164458778002,-0.01027328439503783
KO,5,2015-07-21,2015-07-28,29.031797409057617,28.580718994140625,hold_days,-0.01553739193482595,-0.01653739193482595,-0.008583544601495352,-0.0079538473333306
KO,5,2015-07-23,2015-07-30,28.785110473632812,28.587759017944336,hold_days,-0.0068560256480255655,-0.007856025648025566,0.005824470911155011,-0.013680496559180577
KO,5,2015-07-31,2015-08-07,28.95427131652832,29.44059944152832,hold_days,0.01679642080035304,0.01579642080035304,-0.00934395045066716,0.0251403712510202
KO,5,2015-08-06,2015-08-13,29.54631996154785,28.968358993530273,hold_days,-0.019561182873865435,-0.020561182873865436,0.0017454412025144084,-0.022306624076379844
KO,5,2015-08-13,2015-08-20,28.968358993530273,28.580718994140625,hold_days,-0.013381496669391035,-0.014381496669391036,-0.025446472396546405,0.011064975727155368
KO,5,2015-08-19,2015-08-26,28.742816925048828,27.297929763793945,hold_days,-0.05026950437817701,-0.05126950437817701,-0.0663167732343296,0.015047268856152596
KO,5,2015-08-21,2015-08-28,27.861778259277344,27.805397033691406,hold_days,-0.0020236047053875383,-0.0030236047053875384,0.010260098338653822,-0.013283703044041362
KO,5,2015-08-25,2015-09-01,26.776357650756836,27.312015533447266,hold_days,0.02000488227999475,0.01900488227999475,0.028427226347672807,-0.009422344067678057
KO,5,2015-09-02,2015-09-10,27.41775131225586,27.079425811767578,hold_days,-0.012339651659800666,-0.013339651659800666,-0.00014029691714623205,-0.013199354742654434
KO,5,2015-09-04,2015-09-14,27.14990997314453,27.086545944213867,hold_days,-0.002333857791548488,-0.003333857791548488,0.015301244277303061,-0.01863510206885155
KO,5,2015-09-15,2015-09-22,27.370906829833984,27.577077865600586,hold_days,0.007532488311343677,0.006532488311343677,-0.0160905405913625,0.022623028902706177
KO,5,2015-09-22,2015-09-29,27.577077865600586,28.19559097290039,hold_days,0.022428522351576996,0.021428522351576995,-0.026441095731603248,0.04786961808318024
KO,5,2015-09-29,2015-10-06,28.19559097290039,29.119800567626953,hold_days,0.03277851475483695,0.03177851475483695,0.053662237274073155,-0.021883722519236204
KO,5,2015-10-06,2015-10-13,29.119800567626953,29.6103515625,hold_days,0.016845959976058422,0.01584595997605842,0.011813408935630099,0.004032551040428323
KO,5,2015-10-07,2015-10-14,29.517932891845703,29.631675720214844,hold_days,0.0038533466684775863,0.0028533466684775863,0.0011146402556327928,0.0017387064128447935
KO,5,2015-11-06,2015-11-13,29.830739974975586,29.418397903442383,hold_days,-0.013822723535490855,-0.014822723535490856,-0.03717538494185679,0.022352661406365937
KO,5,2015-11-09,2015-11-16,29.532154083251953,29.830739974975586,hold_days,0.010110535482170002,0.009110535482170001,-0.01004229771066556,0.01915283319283556
KO,5,2015-11-13,2015-11-20,29.418397903442383,30.164878845214844,hold_days,0.025374629312669317,0.024374629312669316,0.03672225509758209,-0.012347625784912775
KO,5,2015-11-30,2015-12-07,30.53232765197754,30.94784164428711,hold_days,0.013608985107385285,0.012608985107385284,-0.00286684222599054,0.015475827333375825
COP,5,2015-06-05,2015-06-12,44.182674407958984,44.51205825805664,hold_days,0.007455045546955974,0.006455045546955974,0.0022713313010795932,0.004183714245876381
COP,5,2015-06-08,2015-06-15,44.45599365234375,44.34385681152344,hold_days,-0.002522423448618638,-0.003522423448618638,0.0006372579420264035,-0.004159681390645042
COP,5,2015-06-09,2015-06-16,44.196685791015625,44.45599365234375,hold_days,0.0058671336252285045,0.0048671336252285044,0.006053307305426081,-0.0011861736801975767
COP,5,2015-06-16,2015-06-23,44.45599365234375,44.27377700805664,hold_days,-0.004098809391419489,-0.005098809391419489,0.017310720899022858,-0.022409530290442348
COP,5,2015-07-01,2015-07-09,42.07304382324219,41.11988067626953,hold_days,-0.022654960524774448,-0.02365496052477445,-0.009996705149624252,-0.013658255375150197
COP,5,2015-07-08,2015-07-15,40.90259552001953,40.94466018676758,hold_days,0.0010284106965157136,2.8410696515713575e-05,0.029898345006779348,-0.029869934310263635
COP,5,2015-07-21,2015-07-28,39.59199905395508,37.10511016845703,hold_days,-0.06281291535971623,-0.06381291535971623,-0.008583544601495352,-0.055229370758220875
COP,5,2015-07-28,2015-08-04,37.10511016845703,35.4217414855957,hold_days,-0.045367569998278956,-0.04636756999827896,-0.0006442128571081396,-0.04572335714117082
COP,5,2015-08-05,2015-08-12,34.8890266418457,36.60792541503906,hold_days,0.04926760470673952,0.04826760470673952,-0.003407797706925564,0.051675402413665084
COP,5,2015-08-10,2015-08-17,35.65614318847656,35.2015495300293,hold_days,-0.012749378306125436,-0.013749378306125437,-0.000868958979838963,-0.012880419326286474
COP,5,2015-08-13,2015-08-20,35.585113525390625,33.38322448730469,hold_days,-0.06187668999608076,-0.06287668999608076,-0.025446472396546405,-0.037430217599534354
COP,5,2015-08-14,2015-08-21,35.35071563720703,32.239681243896484,hold_days,-0.08800484904571915,-0.08900484904571915,-0.06038603839556089,-0.028618810650158255
COP,5,2015-08-18,2015-08-25,35.166038513183594,29.96677589416504,hold_days,-0.1478489713042137,-0.1488489713042137,-0.11117216239957528,-0.037676808904638426
COP,5,2015-08-19,2015-08-26,33.86623001098633,30.833324432373047,hold_days,-0.08955545325326719,-0.09055545325326719,-0.0663167732343296,-0.024238680018937586
COP,5,2015-08-31,2015-09-08,34.91035461425781,34.420257568359375,hold_days,-0.014038730093514307,-0.015038730093514308,-0.004191708844226261,-0.010847021249288047
COP,5,2015-09-23,2015-09-30,33.99407196044922,34.06509780883789,hold_days,0.0020893598293052484,0.0010893598293052484,-0.00519090585356119,0.006280265682866438
COP,5,2015-09-24,2015-10-01,33.923057556152344,34.207157135009766,hold_days,0.008374822298584217,0.007374822298584217,0.00022630285584845922,0.007148519442735758
COP,5,2015-10-02,2015-10-09,36.35932159423828,39.846805572509766,hold_days,0.09591719056782755,0.09491719056782755,0.038005816345721755,0.05691137422210579
COP,5,2015-10-08,2015-10-15,39.97465133666992,39.75936508178711,hold_days,-0.0053855692966438,-0.0063855692966438,0.006859651105572295,-0.013245220402216096
COP,5,2015-10-12,2015-10-19,39.25727462768555,38.65073776245117,hold_days,-0.015450304968613993,-0.016450304968613993,0.008963199433135394,-0.025413504401749387
COP,5,2015-10-30,2015-11-06,38.40597152709961,40.148109436035156,hold_days,0.04536112067120279,0.04436112067120279,0.013857753433841324,0.030503367237361467
COST,5,2015-06-01,2015-06-08,118.65299224853516,115.03652954101562,hold_days,-0.03047932158292599,-0.03147932158292599,-0.013099541114749758,-0.018379780468176232
COST,5,2015-06-11,2015-06-18,116.09477996826172,117.07807922363281,hold_days,0.008469797312505412,0.0074697973125054115,0.004593611478461268,0.0028761858340441435
COST,5,2015-06-17,2015-06-24,115.72807312011719,115.27815246582031,hold_days,-0.0038877399594295925,-0.0048877399594295925,0.009196804912162904,-0.014084544871592497
COST,5,2015-06-19,2015-06-26,116.91140747070312,115.0448226928711,hold_days,-0.01596580537532044,-0.016965805375320442,-0.0006874283846611817,-0.01627837699065926
COST,5,2015-06-29,2015-07-07,113.0699234008789,117.07807922363281,hold_days,0.03544847031109555,0.03444847031109555,0.011956011140812128,0.02249245917028342
COST,5,2015-07-15,2015-07-22,119.6863021850586,121.97786712646484,hold_days,0.01914642611201267,0.01814642611201267,0.009966552920396277,0.008179873191616394
COST,5,2015-07-30,2015-08-06,121.07791137695312,122.02783966064453,hold_days,0.007845595227803148,0.006845595227803148,-0.009831385265524184,0.01667698049332733
COST,5,2015-08-04,2015-08-11,120.69456481933594,121.56954193115234,hold_days,0.007249515445257426,0.006249515445257426,0.0005078507600282389,0.005741664685229187
COST,5,2015-08-07,2015-08-14,121.04454040527344,122.07090759277344,hold_days,0.008479252216279987,0.007479252216279987,0.00760694376308324,-0.0001276915468032538
COST,5,2015-08-12,2015-08-19,122.40516662597656,121.30213928222656,hold_days,-0.009011280929998922,-0.010011280929998922,-0.004129150359719946,-0.005882130570278976
COST,5,2015-08-17,2015-08-24,122.07090759277344,111.10796356201172,hold_days,-0.0898079996860015,-0.0908079996860015,-0.10170009540796332,0.010892095721961814
COST,5,2015-08-20,2015-08-27,120.0821762084961,117.15758514404297,hold_days,-0.024354913916410204,-0.025354913916410204,-0.023591936490220178,-0.0017629774261900266
COST,5,2015-08-28,2015-09-04,116.94039154052734,115.7120590209961,hold_days,-0.010503920017281176,-0.011503920017281177,-0.033455351250263554,0.021951431232982377
COST,5,2015-09-03,2015-09-11,117.38321685791016,117.85955047607422,hold_days,0.0040579363124853,0.0030579363124852996,0.0019039411534114148,0.0011539951590738848
COST,5,2015-09-11,2015-09-18,117.85955047607422,118.49456024169922,hold_days,0.005387851583176673,0.004387851583176673,0.0019340726477059533,0.0024537789354707193
COST,5,2015-09-24,2015-10-01,121.05145263671875,120.79240417480469,hold_days,-0.002139986396458071,-0.0031399863964580712,0.00022630285584845922,-0.0033662892523065304
COST,5,2015-09-29,2015-10-06,120.0905532836914,124.00946044921875,hold_days,0.032632934551227066,0.031632934551227065,0.053662237274073155,-0.02202930272284609
COST,5,2015-10-01,2015-10-08,120.79240417480469,126.72513580322266,hold_days,0.049115105117308655,0.048115105117308654,0.052327104458682605,-0.004211999341373951
COST,5,2015-10-02,2015-10-09,121.87867736816406,128.65533447265625,hold_days,0.05560166266016853,0.054601662660168526,0.038005816345721755,0.01659584631444677
COST,5,2015-10-05,2015-10-12,123.7253189086914,128.37115478515625,hold_days,0.03754959710302663,0.03654959710302663,0.017740738819433277,0.018808858283593355
COST,5,2015-10-08,2015-10-15,126.72513580322266,126.81702423095703,hold_days,0.000725100250648536,-0.000274899749351464,0.006859651105572295,-0.007134550854923759
COST,5,2015-10-09,2015-10-16,128.65533447265625,127.0593032836914,hold_days,-0.012405480079833442,-0.013405480079833443,0.010528907016784883,-0.023934387096618326
COST,5,2015-10-14,2015-10-21,125.2042465209961,129.69146728515625,hold_days,0.035839205848402944,0.03483920584840294,0.014016661172173706,0.020822544676229238
DHR,5,2015-05-28,2015-06-04,35.567176818847656,34.94803237915039,hold_days,-0.01740774767844855,-0.01840774767844855,-0.010349415724358435,-0.008058331954090114
DHR,5,2015-06-02,2015-06-09,35.351280212402344,34.70365905761719,hold_days,-0.01831959552508511,-0.01931959552508511,-0.013563373932909406,-0.005756221592175703
DHR,5,2015-06-05,2015-06-12,34.98469924926758,34.64256286621094,hold_days,-0.009779600522471399,-0.0107796005224714,0.0022713313010795932,-0.013050931823550993
DHR,5,2015-06-11,2015-06-18,35.00098419189453,35.0091438293457,hold_days,0.00023312594315738622,-0.0007668740568426138,0.004593611478461268,-0.005360485535303882
DHR,5,2015-06-17,2015-06-24,34.512210845947266,34.848148345947266,hold_days,0.00973387365705225,0.008733873657052249,0.009196804912162904,-0.0004629312551106546
DHR,5,2015-06-22,2015-06-29,35.13134002685547,34.57481384277344,hold_days,-0.01584130248537652,-0.01684130248537652,-0.0275775253584849,0.01073622287310838
DHR,5,2015-06-29,2015-07-07,34.57481384277344,35.52128982543945,hold_days,0.027374723894973085,0.026374723894973084,0.011956011140812128,0.014418712754160956
DHR,5,2015-06-30,2015-07-08,34.917510986328125,34.97869110107422,hold_days,0.0017521327556837551,0.0007521327556837551,-0.005253350753949726,0.006005483509633481
DHR,5,2015-07-10,2015-07-17,35.34994888305664,36.19442367553711,hold_days,0.023888996141808505,0.022888996141808504,0.033373587348822564,-0.01048459120701406
DHR,5,2015-07-23,2015-07-30,36.32904815673828,37.47541427612305,hold_days,0.03155508271064189,0.03055508271064189,0.005824470911155011,0.02473061179948688
DHR,5,2015-07-28,2015-08-04,36.06386947631836,37.43463134765625,hold_days,0.03800928439578599,0.03700928439578599,-0.0006442128571081396,0.03765349725289413
DHR,5,2015-08-06,2015-08-13,37.35712432861328,36.892032623291016,hold_days,-0.012449879739967917,-0.013449879739967918,0.0017454412025144084,-0.015195320942482327
DHR,5,2015-08-07,2015-08-14,37.14905548095703,37.09193420410156,hold_days,-0.0015376239346044374,-0.0025376239346044374,0.00760694376308324,-0.010144567697687679
DHR,5,2015-08-11,2015-08-18,37.14905548095703,37.332637786865234,hold_days,0.004941775868361198,0.003941775868361198,0.004582301291097268,-0.0006405254227360704
DHR,5,2015-08-19,2015-08-26,36.97364044189453,35.35809326171875,hold_days,-0.0436945662062862,-0.0446945662062862,-0.0663167732343296,0.021622207028043405
DHR,5,2015-08-26,2015-09-02,35.35809326171875,35.19900131225586,hold_days,-0.004499449342058703,-0.005499449342058703,0.005689336269951051,-0.011188785612009755
DHR,5,2015-09-03,2015-09-11,35.443763732910156,35.427452087402344,hold_days,-0.0004602120031814705,-0.0014602120031814705,0.0019039411534114148,-0.0033641531565928853
DHR,5,2015-09-14,2015-09-21,35.39889144897461,35.256099700927734,hold_days,-0.004033791517248475,-0.005033791517248475,0.009517639849922599,-0.014551431367171075
DHR,5,2015-09-16,2015-09-23,36.4188117980957,34.950138092041016,hold_days,-0.040327337261768736,-0.04132733726176874,-0.028637078977253982,-0.012690258284514755
DHR,5,2015-09-18,2015-09-25,35.17043685913086,34.79511260986328,hold_days,-0.010671583374721072,-0.011671583374721073,-0.014009707277178984,0.0023381239024579115
DHR,5,2015-09-21,2015-09-28,35.256099700927734,33.61610794067383,hold_days,-0.04651653966734026,-0.04751653966734026,-0.03937711580671033,-0.008139423860629935
DHR,5,2015-09-25,2015-10-02,34.79511260986328,35.411468505859375,hold_days,0.017713864096573717,0.016713864096573716,0.011871185228873093,0.004842678867700623
DHR,5,2015-09-29,2015-10-06,33.94655990600586,35.64438247680664,hold_days,0.05001456923770364,0.04901456923770364,0.053662237274073155,-0.004647668036369512
DHR,5,2015-09-30,2015-10-07,34.81896209716797,36.13882827758789,hold_days,0.03790653428257351,0.03690653428257351,0.04195693981120141,-0.005050405528627899
DHR,5,2015-10-05,2015-10-12,35.97127914428711,36.56378936767578,hold_days,0.016471758510783197,0.015471758510783196,0.017740738819433277,-0.0022689803086500815
DHR,5,2015-10-06,2015-10-13,35.64438247680664,36.44529724121094,hold_days,0.02246959292745343,0.02146959292745343,0.011813408935630099,0.00965618399182333
DHR,5,2015-10-08,2015-10-15,36.32270431518555,36.39216613769531,hold_days,0.0019123527231623694,0.0009123527231623694,0.006859651105572295,-0.005947298382409926
DHR,5,2015-10-15,2015-10-22,36.39216613769531,38.402610778808594,hold_days,0.055243885002790316,0.054243885002790315,0.01779091357425311,0.036452971428537206
DHR,5,2015-10-20,2015-10-27,36.543357849121094,37.45458984375,hold_days,0.02493563942293342,0.02393563942293342,0.024085230520894063,-0.00014959109796064407
DHR,5,2015-10-26,2015-11-02,37.748809814453125,39.03598403930664,hold_days,0.03409840551742871,0.03309840551742871,0.02073490192637295,0.012363503591055758
DHR,5,2015-10-29,2015-11-05,38.018497467041016,39.0809211730957,hold_days,0.027944915681523907,0.026944915681523907,0.010139872125143334,0.016805043556380572
DE,5,2015-05-29,2015-06-05,77.15876007080078,75.88208770751953,hold_days,-0.016546045609205917,-0.017546045609205918,-0.0061542661540161525,-0.011391779455189766
DE,5,2015-06-02,2015-06-09,76.39274597167969,75.6514663696289,hold_days,-0.00970353392356893,-0.01070353392356893,-0.013563373932909406,0.0028598400093404752
DE,5,2015-06-12,2015-06-19,76.23626708984375,76.23626708984375,hold_days,0.0,-0.001,0.007602045276427827,-0.008602045276427828
DE,5,2015-06-15,2015-06-22,76.15391540527344,77.05167388916016,hold_days,0.011788737047977893,0.010788737047977892,0.02108171846835849,-0.010292981420380598
DE,5,2015-06-19,2015-06-26,76.23626708984375,79.94226837158203,hold_days,0.04861205071033692,0.04761205071033692,-0.0006874283846611817,0.0482994790949981
DE,5,2015-06-30,2015-07-08,80.44790649414062,78.7154541015625,hold_days,-0.021535083609718342,-0.022535083609718343,-0.005253350753949726,-0.017281732855768617
DE,5,2015-07-02,2015-07-10,79.8676528930664,78.88951110839844,hold_days,-0.01224703305075947,-0.013247033050759471,0.0008825086949764138,-0.014129541745735885
DE,5,2015-07-07,2015-07-14,79.80962371826172,79.90911102294922,hold_days,0.001246557746453103,0.000246557746453103,0.01582889439080737,-0.015582336644354267
DE,5,2015-07-21,2015-07-28,79.17137145996094,76.65137481689453,hold_days,-0.03182964494104834,-0.03282964494104834,-0.008583544601495352,-0.02424610033955299
DE,5,2015-07-27,2015-08-03,75.64008331298828,77.43889617919922,hold_days,0.02378121212225137,0.02278121212225137,0.012626769352039657,0.010154442770211713
DE,5,2015-08-04,2015-08-11,77.18191528320312,79.7764663696289,hold_days,0.03361604952281394,0.03261604952281394,0.0005078507600282389,0.0321081987627857
DE,5,2015-08-13,2015-08-20,77.17363739013672,75.14273834228516,hold_days,-0.026315968982837168,-0.02731596898283717,-0.025446472396546405,-0.0018694965862907642
DE,5,2015-08-26,2015-09-02,67.33421325683594,66.96114349365234,hold_days,-0.005540567642196681,-0.006540567642196681,0.005689336269951051,-0.012229903912147733
DE,5,2015-08-28,2015-09-04,68.36209106445312,65.66804504394531,hold_days,-0.03940847885954535,-0.04040847885954535,-0.033455351250263554,-0.006953127609281795
DE,5,2015-09-01,2015-09-09,66.31462860107422,65.95817565917969,hold_days,-0.005375178138127379,-0.006375178138127379,0.012291644189424744,-0.018666822327552124
DE,5,2015-09-02,2015-09-10,66.96114349365234,66.37264251708984,hold_days,-0.008788693649150248,-0.009788693649150249,-0.00014029691714623205,-0.009648396732004016
DE,5,2015-09-03,2015-09-11,67.13528442382812,65.69292449951172,hold_days,-0.021484379439144385,-0.022484379439144386,0.0019039411534114148,-0.0243883205925558
DE,5,2015-09-04,2015-09-14,65.66804504394531,66.04936218261719,hold_days,0.0058067380933404245,0.0048067380933404244,0.015301244277303061,-0.010494506183962637
DE,5,2015-09-14,2015-09-21,66.04936218261719,65.61830139160156,hold_days,-0.006526342976996502,-0.007526342976996502,0.009517639849922599,-0.017043982826919102
DE,5,2015-09-17,2015-09-24,66.67105102539062,62.79994583129883,hold_days,-0.05806275939189176,-0.05906275939189176,-0.031174285476911257,-0.027888473914980505
DE,5,2015-10-02,2015-10-09,61.47108840942383,66.73504638671875,hold_days,0.08563306935830872,0.08463306935830872,0.038005816345721755,0.04662725301258697
DOV,5,2015-06-05,2015-06-12,49.16849899291992,48.73533248901367,hold_days,-0.008809837859167224,-0.009809837859167225,0.0022713313010795932,-0.012081169160246819
DOV,5,2015-06-15,2015-06-22,47.90896987915039,48.35546112060547,hold_days,0.009319575072921582,0.008319575072921581,0.02108171846835849,-0.012762143395436909
DOV,5,2015-06-18,2015-06-25,48.93524169921875,47.29587173461914,hold_days,-0.033500804485160685,-0.034500804485160685,-0.006302902887690642,-0.028197901597470043
DOV,5,2015-07-10,2015-07-17,43.50392532348633,44.230323791503906,hold_days,0.01669730863631802,0.01569730863631802,0.033373587348822564,-0.017676278712504545
DOV,5,2015-08-10,2015-08-17,44.02373504638672,42.917476654052734,hold_days,-0.025128680952862026,-0.026128680952862027,-0.000868958979838963,-0.025259721973023064
DOV,5,2015-08-13,2015-08-20,42.910823822021484,40.778263092041016,hold_days,-0.04969750147015484,-0.05069750147015484,-0.025446472396546405,-0.025251029073608433
DOV,5,2015-08-27,2015-09-03,40.26226043701172,39.9132080078125,hold_days,-0.008669469260060403,-0.009669469260060404,-0.01590848231419595,0.006239013054135545
DOV,5,2015-09-02,2015-09-10,40.00046920776367,40.49721145629883,hold_days,0.012418410543012959,0.011418410543012958,-0.00014029691714623205,0.01155870746015919
DOV,5,2015-09-15,2015-09-22,41.1617546081543,39.65140151977539,hold_days,-0.036693117257924124,-0.037693117257924125,-0.0160905405913625,-0.021602576666561624
DOV,5,2015-09-24,2015-10-01,38.89286804199219,37.93297576904297,hold_days,-0.02468041883444627,-0.025680418834446272,0.00022630285584845922,-0.02590672169029473
DOV,5,2015-10-06,2015-10-13,41.09461212158203,40.49721145629883,hold_days,-0.014537201702153557,-0.015537201702153558,0.011813408935630099,-0.027350610637783657
DOV,5,2015-10-29,2015-11-05,43.01441955566406,43.296356201171875,hold_days,0.0065544682090377115,0.0055544682090377115,0.010139872125143334,-0.004585403916105623
DOV,5,2015-11-17,2015-11-24,42.71236038208008,44.24283218383789,hold_days,0.035832058637525366,0.034832058637525365,0.020828458980093556,0.014003599657431809
DOV,5,2015-11-23,2015-12-01,43.7997932434082,44.972442626953125,hold_days,0.026772943356790924,0.025772943356790923,0.007691739599231973,0.01808120375755895
DOV,5,2015-11-30,2015-12-07,44.51981735229492,43.38486862182617,hold_days,-0.02549311290941869,-0.026493112909418692,-0.00286684222599054,-0.023626270683428152
DOV,5,2015-12-03,2015-12-10,44.357666015625,43.087615966796875,hold_days,-0.02863203055771124,-0.029632030557711242,-0.0006287714019865831,-0.02900325915572466
DOV,5,2015-12-04,2015-12-11,43.742923736572266,41.709449768066406,hold_days,-0.04648692393658471,-0.04748692393658471,-0.03847563911849261,-0.009011284818092102
DOV,5,2015-12-11,2015-12-18,41.709449768066406,39.520626068115234,hold_days,-0.052477884798829866,-0.05347788479882987,-0.001997701867983981,-0.051480182930845886
DOV,5,2015-12-17,2015-12-24,40.16917037963867,42.155330657958984,hold_days,0.049444891680587855,0.048444891680587854,0.011051121334126002,0.03739377034646185
DOV,5,2015-12-18,2015-12-28,39.520626068115234,42.094520568847656,hold_days,0.06512787768838035,0.06412787768838035,0.02777954007247474,0.03634833761590561
XOM,5,2015-06-02,2015-06-09,52.900367736816406,52.55241012573242,hold_days,-0.006577602878208744,-0.007577602878208744,-0.013563373932909406,0.005985771054700662
XOM,5,2015-06-10,2015-06-17,52.94385528564453,52.64560317993164,hold_days,-0.005633365838278115,-0.006633365838278115,-0.005571694609861844,-0.0010616712284162713
XOM,5,2015-06-11,2015-06-18,52.86929702758789,53.11161804199219,hold_days,0.004583397700140601,0.003583397700140601,0.004593611478461268,-0.0010102137783206669
XOM,5,2015-06-19,2015-06-26,52.94385528564453,52.10504913330078,hold_days,-0.01584331454175736,-0.01684331454175736,-0.0006874283846611817,-0.016155886157096178
XOM,5,2015-06-30,2015-07-08,51.69496536254883,50.930747985839844,hold_days,-0.014783207056032421,-0.015783207056032422,-0.005253350753949726,-0.010529856302082696
XOM,5,2015-07-08,2015-07-15,50.930747985839844,51.42157745361328,hold_days,0.009637193388754017,0.008637193388754016,0.029898345006779348,-0.02126115161802533
XOM,5,2015-07-09,2015-07-16,50.700836181640625,51.514793395996094,hold_days,0.016054118149834595,0.015054118149834594,0.03725416486057376,-0.022200046710739163
XOM,5,2015-07-15,2015-07-22,51.42157745361328,50.81889343261719,hold_days,-0.011720449874175198,-0.0127204498741752,0.009966552920396277,-0.022687002794571476
XOM,5,2015-07-23,2015-07-30,50.41501998901367,51.576908111572266,hold_days,0.023046467556926187,0.022046467556926186,0.005824470911155011,0.016221996645771175
XOM,5,2015-07-24,2015-07-31,49.66941452026367,49.21586227416992,hold_days,-0.009131419213905034,-0.010131419213905035,0.012025061985567742,-0.022156481199472777
XOM,5,2015-07-30,2015-08-06,51.576908111572266,48.519954681396484,hold_days,-0.05926980779000779,-0.06026980779000779,-0.009831385265524184,-0.050438422524483606
XOM,5,2015-08-12,2015-08-19,49.4129524230957,47.80746078491211,hold_days,-0.032491311679509804,-0.033491311679509805,-0.004129150359719946,-0.02936216131978986
XOM,5,2015-08-20,2015-08-27,46.766380310058594,46.94198226928711,hold_days,0.0037548760041783424,0.0027548760041783424,-0.023591936490220178,0.02634681249439852
XOM,5,2015-09-01,2015-09-09,45.204795837402344,45.154605865478516,hold_days,-0.0011102798053630458,-0.002110279805363046,0.012291644189424744,-0.01440192399478779
XOM,5,2015-10-01,2015-10-08,46.446529388427734,50.19059753417969,hold_days,0.08061028875679122,0.07961028875679121,0.052327104458682605,0.02728318429810861
XOM,5,2015-10-05,2015-10-12,48.171180725097656,49.7327766418457,hold_days,0.03241763837302902,0.03141763837302902,0.017740738819433277,0.013676899553595745
XOM,5,2015-10-19,2015-10-26,50.792659759521484,50.93691635131836,hold_days,0.002840107064285613,0.001840107064285613,0.026213104729766457,-0.024372997665480844
XOM,5,2015-11-04,2015-11-11,53.922122955322266,51.63398742675781,hold_days,-0.042434077205385834,-0.043434077205385835,-0.010977314345668399,-0.032456762859717436
XOM,5,2015-11-09,2015-11-16,51.8427619934082,51.178504943847656,hold_days,-0.012812917831133475,-0.013812917831133475,-0.01004229771066556,-0.0037706201204679157
XOM,5,2015-11-10,2015-11-17,52.095794677734375,50.58385467529297,hold_days,-0.029022304233850327,-0.030022304233850328,-0.011859380291405874,-0.018162923942444453
XOM,5,2015-11-19,2015-11-27,50.798946380615234,51.38728713989258,hold_days,0.01158175122116023,0.01058175122116023,0.005563827752403272,0.005017923468756957
XOM,5,2015-11-24,2015-12-02,51.7984733581543,50.32447814941406,hold_days,-0.028456344621365037,-0.029456344621365038,-0.002529449709242515,-0.026926894912122523
XOM,5,2015-12-11,2015-12-18,47.028568267822266,48.888450622558594,hold_days,0.0395479263613665,0.0385479263613665,-0.001997701867983981,0.04054562822935048
XOM,5,2015-12-23,2015-12-31,50.7293586730957,49.31230163574219,hold_days,-0.027933667493909242,-0.028933667493909243,-0.010044336033107837,-0.018889331460801406
XOM,5,2015-12-28,2016-01-05,49.812049865722656,49.41983413696289,hold_days,-0.007873912633932001,-0.008873912633932002,-0.020650335208550752,0.01177642257461875
XOM,5,2016-01-19,2016-01-26,48.33174514770508,48.52153396606445,hold_days,0.0039267942380183385,0.0029267942380183385,0.008867714635028445,-0.005940920397010107
GS,5,2015-05-28,2015-06-04,166.3076934814453,166.61878967285156,hold_days,0.0018706061330888701,0.0008706061330888701,-0.010349415724358435,0.011220021857447304
GS,5,2015-06-10,2015-06-17,170.01707458496094,169.8574676513672,hold_days,-0.0009387700263834287,-0.0019387700263834287,-0.005571694609861844,0.003632924583478415
GS,5,2015-06-22,2015-06-29,172.71328735351562,165.6455841064453,hold_days,-0.04092159529454087,-0.04192159529454087,-0.0275775253584849,-0.01434406993605597
GS,5,2015-06-26,2015-07-06,170.0489501953125,165.9566650390625,hold_days,-0.024065336196134934,-0.025065336196134935,-0.015594289330776112,-0.009471046865358823
GS,5,2015-07-08,2015-07-15,162.78175354003906,169.88143920898438,hold_days,0.043614751128719265,0.042614751128719264,0.029898345006779348,0.012716406121939916
GS,5,2015-07-10,2015-07-17,165.27865600585938,169.48260498046875,hold_days,0.025435522506066066,0.024435522506066065,0.033373587348822564,-0.008938064842756499
GS,5,2015-07-21,2015-07-28,168.71673583984375,164.5207977294922,hold_days,-0.024869720774675308,-0.02586972077467531,-0.008583544601495352,-0.017286176173179957
GS,5,2015-07-22,2015-07-29,170.11280822753906,164.99940490722656,hold_days,-0.03005889664388428,-0.03105889664388428,-0.00040253384315835916,-0.030656362800725923
GS,5,2015-07-30,2015-08-06,165.28659057617188,163.6034393310547,hold_days,-0.010183229258041382,-0.011183229258041383,-0.009831385265524184,-0.0013518439925171988
GS,5,2015-08-13,2015-08-20,160.1333465576172,156.95045471191406,hold_days,-0.019876508635619516,-0.020876508635619517,-0.025446472396546405,0.004569963760926887
GS,5,2015-08-17,2015-08-24,161.59320068359375,143.15797424316406,hold_days,-0.11408417162629658,-0.11508417162629658,-0.10170009540796332,-0.013384076218333263
GS,5,2015-08-18,2015-08-25,160.48431396484375,142.16880798339844,hold_days,-0.11412645590682191,-0.11512645590682191,-0.11117216239957528,-0.003954293507246631
GS,5,2015-09-08,2015-09-15,148.7904510498047,150.04718017578125,hold_days,0.008446302280217477,0.007446302280217477,0.005301229811793151,0.002145072468424326
GS,5,2015-09-15,2015-09-22,150.04718017578125,143.85958862304688,hold_days,-0.04123763969096639,-0.04223763969096639,-0.0160905405913625,-0.026147099099603888
GS,5,2015-10-02,2015-10-09,141.69036865234375,143.4353485107422,hold_days,0.012315444408786735,0.011315444408786735,0.038005816345721755,-0.02669037193693502
GS,5,2015-10-08,2015-10-15,144.9402313232422,148.0540313720703,hold_days,0.021483338479595826,0.020483338479595825,0.006859651105572295,0.01362368737402353
GS,5,2015-10-14,2015-10-21,143.6914520263672,143.84353637695312,hold_days,0.001058409170769714,5.840917076971406e-05,0.014016661172173706,-0.013958252001403992
GS,5,2015-10-20,2015-10-27,148.4942626953125,149.1346893310547,hold_days,0.004312803903112616,0.0033128039031126164,0.024085230520894063,-0.020772426617781448
HD,5,2015-05-29,2015-06-05,84.67884826660156,84.32638549804688,hold_days,-0.004162347218575779,-0.005162347218575779,-0.0061542661540161525,0.0009919189354403732
HD,5,2015-06-02,2015-06-09,85.25848388671875,83.68458557128906,hold_days,-0.018460313199105127,-0.019460313199105128,-0.013563373932909406,-0.005896939266195722
HD,5,2015-06-10,2015-06-17,84.79241180419922,84.40278625488281,hold_days,-0.004595052092823182,-0.005595052092823182,-0.005571694609861844,-2.3357482961338348e-05
HD,5,2015-06-15,2015-06-22,84.05130767822266,86.38926696777344,hold_days,0.027815858600336085,0.026815858600336084,0.02108171846835849,0.005734140131977594
HD,5,2015-06-22,2015-06-29,86.38926696777344,84.45625305175781,hold_days,-0.022375625860290183,-0.023375625860290183,-0.0275775253584849,0.004201899498194717
HD,5,2015-06-30,2015-07-08,84.90702056884766,84.8077163696289,hold_days,-0.0011695640543437635,-0.0021695640543437636,-0.005253350753949726,0.0030837866996059624
HD,5,2015-07-09,2015-07-16,85.09805297851562,87.65756225585938,hold_days,0.030077177887841255,0.029077177887841255,0.03725416486057376,-0.008176986972732503
HD,5,2015-07-20,2015-07-27,86.6490478515625,86.38926696777344,hold_days,-0.002998081228014038,-0.003998081228014038,-0.025556667717184678,0.02155858648917064
HD,5,2015-07-24,2015-07-31,86.78655242919922,89.41484069824219,hold_days,0.030284510623775907,0.029284510623775906,0.012025061985567742,0.017259448638208164
HD,5,2015-08-10,2015-08-17,89.8503189086914,91.45479583740234,hold_days,0.0178572201879601,0.016857220187960098,-0.000868958979838963,0.01772617916779906
HD,5,2015-08-13,2015-08-20,90.93524169921875,92.09659576416016,hold_days,0.012771220961645957,0.011771220961645956,-0.025446472396546405,0.03721769335819236
HD,5,2015-08-14,2015-08-21,91.49300384521484,88.75013732910156,hold_days,-0.029978975449899803,-0.030978975449899804,-0.06038603839556089,0.02940706294566109
HD,5,2015-08-19,2015-08-26,93.79273223876953,88.57437896728516,hold_days,-0.055637074930282804,-0.056637074930282805,-0.0663167732343296,0.009679698304046802
HD,5,2015-09-01,2015-09-09,86.82917785644531,87.52027130126953,hold_days,0.007959230547671448,0.0069592305476714475,0.012291644189424744,-0.005332413641753297
HD,5,2015-10-08,2015-10-15,92.96485137939453,93.5407943725586,hold_days,0.006195276866668653,0.005195276866668653,0.006859651105572295,-0.0016643742389036422
HD,5,2015-10-15,2015-10-22,93.5407943725586,95.49900817871094,hold_days,0.020934329447247046,0.019934329447247046,0.01779091357425311,0.0021434158729939368
HD,5,2015-10-28,2015-11-04,95.08431243896484,96.28230285644531,hold_days,0.01259924362653897,0.011599243626538969,0.009309447006703442,0.002289796619835527
HD,5,2015-10-30,2015-11-06,94.94611358642578,96.74304962158203,hold_days,0.018925851383275072,0.01792585138327507,0.013857753433841324,0.004068097949433747
HD,5,2015-11-06,2015-11-13,96.74304962158203,92.15087890625,hold_days,-0.04746770680989143,-0.04846770680989143,-0.03717538494185679,-0.011292321868034638
HD,5,2015-11-09,2015-11-16,95.60652160644531,92.7959213256836,hold_days,-0.029397579093309867,-0.030397579093309868,-0.01004229771066556,-0.020355281382644308
HD,5,2015-11-11,2015-11-18,95.76777648925781,97.17308807373047,hold_days,0.014674159054223201,0.0136741590542232,0.005809592519991247,0.007864566534231954
HD,5,2015-11-19,2015-11-27,97.41881561279297,103.47006225585938,hold_days,0.062115789490996054,0.06111578949099605,0.005563827752403272,0.05555196173859278
HD,5,2015-11-25,2015-12-03,103.40095520019531,100.98930358886719,hold_days,-0.02332330109193781,-0.02432330109193781,-0.017802146165671884,-0.006521154926265926
HD,5,2015-12-01,2015-12-08,103.68893432617188,103.2338638305664,hold_days,-0.004388804828237114,-0.005388804828237114,-0.018638365572005267,0.013249560743768152
HD,5,2015-12-03,2015-12-10,100.98930358886719,102.23113250732422,hold_days,0.012296638102512247,0.011296638102512246,-0.0006287714019865831,0.01192540950449883
HD,5,2015-12-08,2015-12-15,103.2338638305664,101.26700592041016,hold_days,-0.019052448849385062,-0.020052448849385063,-0.006021279105963173,-0.01403116974342189
HON,5,2015-05-28,2015-06-04,78.98481750488281,77.5125961303711,hold_days,-0.018639295766185726,-0.019639295766185727,-0.010349415724358435,-0.009289880041827292
HON,5,2015-06-03,2015-06-10,78.4542007446289,78.29727935791016,hold_days,-0.002000165513501795,-0.003000165513501795,-0.004153674051600276,0.0011535085380984808
HON,5,2015-06-17,2015-06-24,77.87128448486328,77.79658508300781,hold_days,-0.0009592676215580687,-0.0019592676215580687,0.009196804912162904,-0.011156072533720973
HON,5,2015-06-22,2015-06-29,78.74565124511719,76.11508178710938,hold_days,-0.0334059013598027,-0.034405901359802704,-0.0275775253584849,-0.006828376001317804
HON,5,2015-06-26,2015-07-06,77.37806701660156,76.51116943359375,hold_days,-0.011203401899685828,-0.012203401899685828,-0.015594289330776112,0.0033908874310902837
HON,5,2015-07-07,2015-07-14,76.85493469238281,77.7816162109375,hold_days,0.012057540901749375,0.011057540901749374,0.01582889439080737,-0.0047713534890579945
HON,5,2015-07-09,2015-07-16,75.61437225341797,77.4004898071289,hold_days,0.023621402922249457,0.022621402922249456,0.03725416486057376,-0.014632761938324301
HON,5,2015-07-22,2015-07-29,78.27485656738281,78.87272644042969,hold_days,0.007638083278149521,0.006638083278149521,-0.00040253384315835916,0.00704061712130788
HON,5,2015-07-27,2015-08-03,75.95816040039062,78.24496459960938,hold_days,0.030106102980437477,0.029106102980437476,0.012626769352039657,0.01647933362839782
HON,5,2015-07-31,2015-08-07,78.50650787353516,78.81292724609375,hold_days,0.0039031079188007745,0.0029031079188007744,-0.00934395045066716,0.012247058369467934
HON,5,2015-08-07,2015-08-14,78.81292724609375,79.27628326416016,hold_days,0.005879188024822124,0.004879188024822124,0.00760694376308324,-0.0027277557382611164
HON,5,2015-08-27,2015-09-03,75.01594543457031,74.02464294433594,hold_days,-0.013214557045061803,-0.014214557045061804,-0.01590848231419595,0.0016939252691341444
HON,5,2015-08-31,2015-09-08,74.55033111572266,74.95587158203125,hold_days,0.005439821128079059,0.004439821128079059,-0.004191708844226261,0.008631529972305318
HON,5,2015-09-16,2015-09-23,75.81951904296875,71.0357437133789,hold_days,-0.06309424525469176,-0.06409424525469176,-0.028637078977253982,-0.03545716627743778
HON,5,2015-09-30,2015-10-07,71.11082458496094,74.71556091308594,hold_days,0.050691808865444665,0.049691808865444664,0.04195693981120141,0.007734869054243254
HON,5,2015-11-09,2015-11-16,77.13375091552734,77.32146453857422,hold_days,0.0024336120157368857,0.0014336120157368857,-0.01004229771066556,0.011475909726402445
HON,5,2015-11-17,2015-11-24,77.26484680175781,77.92953491210938,hold_days,0.008602723461770267,0.0076027234617702675,0.020828458980093556,-0.01322573551832329
HON,5,2015-12-02,2015-12-09,77.87664794921875,76.96270751953125,hold_days,-0.011735744331002218,-0.012735744331002219,-0.017700996662200486,0.004965252331198267
HON,5,2015-12-07,2015-12-14,78.69244384765625,74.7646255493164,hold_days,-0.0499135381529624,-0.0509135381529624,-0.021431007724796447,-0.029482530428165954
HON,5,2015-12-09,2015-12-16,76.96270751953125,78.6169204711914,hold_days,0.02149369486826269,0.02049369486826269,0.017387831546288757,0.003105863321973934
HON,5,2015-12-10,2015-12-17,76.86448669433594,77.27994537353516,hold_days,0.005405079732742513,0.004405079732742513,-0.003297905188317518,0.007702984921060031
HON,5,2015-12-17,2015-12-24,77.27994537353516,79.04747009277344,hold_days,0.022871712844708902,0.0218717128447089,0.011051121334126002,0.0108205915105829
HON,5,2016-01-12,2016-01-20,74.90814208984375,72.6949691772461,hold_days,-0.02954515825453541,-0.03054515825453541,-0.04371627921801391,0.0131711209634785
HON,5,2016-01-22,2016-01-29,73.88838958740234,77.95217895507812,hold_days,0.054999024750278735,0.053999024750278735,0.020120222292517198,0.03387880245776154
IBM,5,2015-05-28,2015-06-04,103.38150787353516,101.37665557861328,hold_days,-0.019392755398522254,-0.020392755398522255,-0.010349415724358435,-0.01004333967416382
IBM,5,2015-06-12,2015-06-19,100.5397720336914,100.5397720336914,hold_days,0.0,-0.001,0.007602045276427827,-0.008602045276427828
IBM,5,2015-06-15,2015-06-22,100.10021209716797,100.98526000976562,hold_days,0.00884161875439915,0.007841618754399149,0.02108171846835849,-0.013240099713959341
IBM,5,2015-06-19,2015-06-26,100.5397720336914,99.61856842041016,hold_days,-0.009162579093301981,-0.010162579093301982,-0.0006874283846611817,-0.0094751507086408
IBM,5,2015-07-06,2015-07-13,99.17903900146484,101.97870635986328,hold_days,0.028228417885326484,0.027228417885326484,0.016982377740168753,0.010246040145157731
IBM,5,2015-07-17,2015-07-24,103.8631362915039,96.18073272705078,hold_days,-0.07396660488752782,-0.07496660488752782,-0.020279038821843565,-0.05468756606568426
IBM,5,2015-07-28,2015-08-04,96.36136627197266,94.88626861572266,hold_days,-0.015307977806029105,-0.016307977806029106,-0.0006442128571081396,-0.015663764948920966
IBM,5,2015-08-17,2015-08-24,94.89088439941406,87.09610748291016,hold_days,-0.08214463344755207,-0.08314463344755207,-0.10170009540796332,0.018555461960411246
IBM,5,2015-08-19,2015-08-26,93.45211791992188,89.05693817138672,hold_days,-0.047031355162023614,-0.048031355162023615,-0.0663167732343296,0.018285418072305992
IBM,5,2015-08-21,2015-08-28,90.36215209960938,89.83399963378906,hold_days,-0.005844841601803763,-0.006844841601803763,0.010260098338653822,-0.017104939940457586
IBM,5,2015-08-28,2015-09-04,89.83399963378906,87.23575592041016,hold_days,-0.02892272106296867,-0.02992272106296867,-0.033455351250263554,0.003532630187294883
IBM,5,2015-08-31,2015-09-08,89.77935028076172,89.37867736816406,hold_days,-0.004462862688854985,-0.005462862688854985,-0.004191708844226261,-0.0012711538446287243
IBM,5,2015-09-01,2015-09-09,86.61652374267578,88.0552978515625,hold_days,0.01661085029412046,0.01561085029412046,0.012291644189424744,0.0033192061046957155
IBM,5,2015-09-08,2015-09-15,89.37867736816406,89.56079864501953,hold_days,0.002037636740866988,0.0010376367408669882,0.005301229811793151,-0.004263593070926163
IBM,5,2015-09-15,2015-09-22,89.56079864501953,87.67888641357422,hold_days,-0.021012678090381987,-0.022012678090381987,-0.0160905405913625,-0.005922137499019486
IBM,5,2015-09-25,2015-10-02,88.2798843383789,87.76995849609375,hold_days,-0.005776240489063111,-0.006776240489063111,0.011871185228873093,-0.018647425717936206
IBM,5,2015-09-30,2015-10-07,88.0066909790039,91.1148910522461,hold_days,0.03531777003164138,0.03431777003164138,0.04195693981120141,-0.007639169779560029
IBM,5,2015-10-05,2015-10-12,90.47748565673828,91.7523193359375,hold_days,0.014090065279176667,0.013090065279176666,0.017740738819433277,-0.004650673540256611
IBM,5,2015-10-08,2015-10-15,92.44439697265625,91.1148910522461,hold_days,-0.014381682005058738,-0.015381682005058739,0.006859651105572295,-0.022241333110631034
IBM,5,2015-10-13,2015-10-20,90.82958221435547,85.37809753417969,hold_days,-0.06001882368357059,-0.06101882368357059,0.014040281529544618,-0.07505910521311521
IBM,5,2015-10-14,2015-10-21,91.06632232666016,85.5480728149414,hold_days,-0.06059594118585865,-0.06159594118585865,0.014016661172173706,-0.07561260235803235
IBM,5,2015-10-30,2015-11-06,85.03816223144531,84.71443939208984,hold_days,-0.0038067948655146067,-0.004806794865514607,0.013857753433841324,-0.018664548299355932
IBM,5,2015-11-11,2015-11-18,82.7352066040039,83.22543334960938,hold_days,0.005925249548863087,0.004925249548863087,0.005809592519991247,-0.0008843429711281594
IBM,5,2015-11-13,2015-11-20,80.73149108886719,84.86764526367188,hold_days,0.051233466879135436,0.050233466879135436,0.03672225509758209,0.013511211781553345
IBM,5,2015-11-18,2015-11-25,83.22543334960938,84.56126403808594,hold_days,0.016050750770681743,0.015050750770681742,0.006154599436632768,0.008896151334048974
IBM,5,2015-11-27,2015-12-04,84.84315490722656,86.05030059814453,hold_days,0.014227967974999922,0.013227967974999921,0.0009140519158274962,0.012313916059172425
IBM,5,2015-12-04,2015-12-11,86.05030059814453,82.45951843261719,hold_days,-0.041728874165080754,-0.042728874165080755,-0.03847563911849261,-0.004253235046588144
JNJ,5,2015-05-29,2015-06-05,73.60431671142578,72.46504211425781,hold_days,-0.015478366596821003,-0.016478366596821004,-0.0061542661540161525,-0.010324100442804851
JNJ,5,2015-06-09,2015-06-16,72.18572998046875,72.2959976196289,hold_days,0.0015275545345319053,0.0005275545345319052,0.006053307305426081,-0.005525752770894176
JNJ,5,2015-06-16,2015-06-23,72.2959976196289,73.33972930908203,hold_days,0.014436922150856901,0.0134369221508569,0.017310720899022858,-0.0038737987481659575
JNJ,5,2015-06-18,2015-06-25,73.76602172851562,72.85462951660156,hold_days,-0.012355176415346114,-0.013355176415346115,-0.006302902887690642,-0.007052273527655473
JNJ,5,2015-06-22,2015-06-29,73.56758117675781,71.79619598388672,hold_days,-0.02407833946062543,-0.02507833946062543,-0.0275775253584849,0.0024991858978594683
JNJ,5,2015-06-25,2015-07-02,72.85462951660156,72.35479736328125,hold_days,-0.006860677991731623,-0.007860677991731624,-0.010670319310669418,0.0028096413189377945
JNJ,5,2015-06-29,2015-07-07,71.79619598388672,72.70759582519531,hold_days,0.012694263655878668,0.011694263655878667,0.011956011140812128,-0.0002617474849334611
JNJ,5,2015-07-02,2015-07-10,72.35479736328125,73.15596771240234,hold_days,0.011072802057596087,0.010072802057596086,0.0008825086949764138,0.009190293362619673
JNJ,5,2015-07-06,2015-07-13,72.17841339111328,73.69989776611328,hold_days,0.021079493210186317,0.020079493210186317,0.016982377740168753,0.003097115470017564
JNJ,5,2015-07-08,2015-07-15,71.86233520507812,73.81014251708984,hold_days,0.027104703826464016,0.026104703826464015,0.029898345006779348,-0.0037936411803153325
JNJ,5,2015-07-13,2015-07-20,73.69989776611328,73.77337646484375,hold_days,0.0009969986520694807,-3.0013479305193366e-06,0.021265137691535152,-0.021268139039465672
JNJ,5,2015-07-15,2015-07-22,73.81014251708984,73.63374328613281,hold_days,-0.002389905031225048,-0.003389905031225048,0.009966552920396277,-0.013356457951621326
JNJ,5,2015-07-27,2015-08-03,72.2372055053711,73.51612091064453,hold_days,0.017704386490675406,0.016704386490675405,0.012626769352039657,0.004077617138635747
JNJ,5,2015-07-29,2015-08-05,73.3029556274414,73.88365936279297,hold_days,0.007921968908088273,0.006921968908088273,-0.0038384878524362342,0.010760456760524506
JNJ,5,2015-08-04,2015-08-11,73.35441589355469,72.77375793457031,hold_days,-0.007915787371642002,-0.008915787371642003,0.0005078507600282389,-0.009423638131670242
JNJ,5,2015-08-12,2015-08-19,72.55326843261719,72.99424743652344,hold_days,0.006078003285486799,0.005078003285486799,-0.004129150359719946,0.009207153645206745
JNJ,5,2015-08-20,2015-08-27,72.61206817626953,71.26409912109375,hold_days,-0.018563981016261888,-0.01956398101626189,-0.023591936490220178,0.004027955473958289
JNJ,5,2015-08-21,2015-08-28,70.77527618408203,70.48640441894531,hold_days,-0.0040815349753687835,-0.0050815349753687835,0.010260098338653822,-0.015341633314022607
JNJ,5,2015-08-28,2015-09-04,70.48640441894531,67.62754821777344,hold_days,-0.040558973389816844,-0.041558973389816845,-0.033455351250263554,-0.00810362213955329
JNJ,5,2015-09-01,2015-09-09,68.20525360107422,68.30155944824219,hold_days,0.0014120004264077668,0.0004120004264077668,0.012291644189424744,-0.011879643763016978
JNJ,5,2015-09-11,2015-09-18,68.82737731933594,69.16808319091797,hold_days,0.004950150432164069,0.003950150432164069,0.0019340726477059533,0.0020160777844581155
JNJ,5,2015-09-18,2015-09-25,69.16808319091797,67.39798736572266,hold_days,-0.025591222765411703,-0.026591222765411704,-0.014009707277178984,-0.01258151548823272
JNJ,5,2015-09-30,2015-10-07,69.13848114013672,70.34571075439453,hold_days,0.017461037534378,0.016461037534377998,0.04195693981120141,-0.025495902276823412
JNJ,5,2015-10-12,2015-10-19,71.0937271118164,72.5379867553711,hold_days,0.020314867460572872,0.01931486746057287,0.008963199433135394,0.010351668027437477
JNJ,5,2015-10-14,2015-10-21,70.01239776611328,72.30840301513672,hold_days,0.03279426676248942,0.03179426676248942,0.014016661172173706,0.017777605590315715
JNJ,5,2015-10-15,2015-10-22,71.952880859375,73.7155990600586,hold_days,0.024498229669617455,0.023498229669617454,0.01779091357425311,0.005707316095364345
JNJ,5,2015-10-16,2015-10-23,72.76018524169922,74.29331970214844,hold_days,0.02107106318320051,0.02007106318320051,0.02718914544583173,-0.00711808226263122
JNJ,5,2015-10-21,2015-10-28,72.30840301513672,74.41921997070312,hold_days,0.029191862460640206,0.028191862460640205,0.04238956955547257,-0.014197707094832368
JNJ,5,2015-10-27,2015-11-03,74.20442962646484,75.51535034179688,hold_days,0.01766634043184534,0.01666634043184534,0.024779943356034062,-0.008113602924188723
JNJ,5,2015-10-29,2015-11-05,75.07839965820312,75.7894058227539,hold_days,0.009470182739478528,0.008470182739478527,0.010139872125143334,-0.0016696893856648076
JNJ,5,2015-11-05,2015-11-12,75.7894058227539,74.26370239257812,hold_days,-0.020130827173178933,-0.021130827173178934,-0.024664164001367284,0.0035333368281883493
JNJ,5,2015-11-16,2015-11-23,74.96728515625,76.67637634277344,hold_days,0.02279782685155629,0.02179782685155629,0.019010741307750934,0.0027870855438053566
JNJ,5,2015-11-17,2015-11-24,75.17465209960938,76.13169860839844,hold_days,0.01273097356700692,0.01173097356700692,0.020828458980093556,-0.009097485413086637
JNJ,5,2015-11-19,2015-11-27,75.90788269042969,76.37793731689453,hold_days,0.0061924349593813766,0.0051924349593813765,0.005563827752403272,-0.00037139279302189545
JNJ,5,2015-11-20,2015-11-30,76.45999145507812,75.53485107421875,hold_days,-0.012099666286294553,-0.013099666286294553,-0.0026963332831591025,-0.010403333003135451
JNJ,5,2015-11-24,2015-12-02,76.13169860839844,76.1391830444336,hold_days,9.83090640556128e-05,-0.0009016909359443872,-0.002529449709242515,0.0016277587732981278
JNJ,5,2015-12-09,2015-12-16,76.21378326416016,78.52667999267578,hold_days,0.030347486103649013,0.029347486103649012,0.017387831546288757,0.011959654557360255
JPM,5,2015-06-01,2015-06-08,49.037071228027344,49.63815689086914,hold_days,0.012257780650208216,0.011257780650208216,-0.013099541114749758,0.024357321764957973
JPM,5,2015-06-05,2015-06-12,50.031463623046875,50.647403717041016,hold_days,0.012311054872086613,0.011311054872086612,0.0022713313010795932,0.009039723571007019
JPM,5,2015-06-29,2015-07-07,49.868202209472656,49.8953742980957,hold_days,0.0005448780469148318,-0.00045512195308516825,0.011956011140812128,-0.012411133093897297
JPM,5,2015-07-07,2015-07-14,49.8953742980957,51.568504333496094,hold_days,0.033532768496823406,0.032532768496823405,0.01582889439080737,0.016703874106016037
JPM,5,2015-07-09,2015-07-16,49.37998580932617,51.9569091796875,hold_days,0.05218558345301583,0.051185583453015826,0.03725416486057376,0.013931418592442069
JPM,5,2015-07-16,2015-07-23,51.9569091796875,52.01664733886719,hold_days,0.001149763527562575,0.00014976352756257503,-0.004335732602630649,0.004485496130193224
JPM,5,2015-07-17,2015-07-24,51.695472717285156,51.471397399902344,hold_days,-0.0043345249710404765,-0.0053345249710404765,-0.020279038821843565,0.014944513850803087
JPM,5,2015-07-22,2015-07-29,52.3453254699707,51.49379348754883,hold_days,-0.016267584063650142,-0.017267584063650143,-0.00040253384315835916,-0.016865050220491784
JPM,5,2015-07-23,2015-07-30,52.01664733886719,51.568504333496094,hold_days,-0.008615376582262746,-0.009615376582262747,0.005824470911155011,-0.015439847493417758
JPM,5,2015-07-27,2015-08-03,50.799156188964844,51.187557220458984,hold_days,0.007645816596822064,0.006645816596822064,0.012626769352039657,-0.005980952755217594
JPM,5,2015-07-28,2015-08-04,50.82904052734375,51.135284423828125,hold_days,0.006024978896062905,0.005024978896062905,-0.0006442128571081396,0.005669191753171044
JPM,5,2015-08-28,2015-09-04,47.901039123535156,45.93660354614258,hold_days,-0.04101029149548019,-0.04201029149548019,-0.033455351250263554,-0.008554940245216636
JPM,5,2015-08-31,2015-09-08,47.87862777709961,47.176509857177734,hold_days,-0.01466453723758765,-0.01566453723758765,-0.004191708844226261,-0.01147282839336139
JPM,5,2015-09-02,2015-09-10,46.735816955566406,46.80304718017578,hold_days,0.0014385160887053772,0.00043851608870537715,-0.00014029691714623205,0.0005788130058516092
JPM,5,2015-09-08,2015-09-15,47.176509857177734,47.490230560302734,hold_days,0.0066499345558788114,0.005649934555878811,0.005301229811793151,0.0003487047440856603
JPM,5,2015-09-14,2015-09-21,46.59391784667969,45.89924240112305,hold_days,-0.014909144318846823,-0.015909144318846824,0.009517639849922599,-0.025426784168769423
JPM,5,2015-09-18,2015-09-25,45.51831817626953,45.91420364379883,hold_days,0.008697278005664222,0.007697278005664222,-0.014009707277178984,0.021706985282843205
JPM,5,2015-09-24,2015-10-01,44.980525970458984,45.876853942871094,hold_days,0.019927022929895788,0.018927022929895787,0.00022630285584845922,0.018700720074047328
JPM,5,2015-10-01,2015-10-08,45.876853942871094,46.742027282714844,hold_days,0.018858602225015675,0.017858602225015674,0.052327104458682605,-0.03446850223366693
JPM,5,2015-10-07,2015-10-14,46.742027282714844,45.13204574584961,hold_days,-0.034443981796668965,-0.035443981796668966,0.0011146402556327928,-0.03655862205230176
JPM,5,2015-10-08,2015-10-15,46.742027282714844,46.56145477294922,hold_days,-0.0038631724010054214,-0.004863172401005421,0.006859651105572295,-0.011722823506577718
JPM,5,2015-10-19,2015-10-26,46.809722900390625,48.073638916015625,hold_days,0.027001142867574046,0.026001142867574045,0.026213104729766457,-0.0002119618621924113
JPM,5,2015-10-26,2015-11-02,48.073638916015625,49.307456970214844,hold_days,0.02566516872905522,0.02466516872905522,0.02073490192637295,0.00393026680268227
JPM,5,2015-10-28,2015-11-04,49.27735900878906,49.54066848754883,hold_days,0.005343417018610852,0.004343417018610852,0.009309447006703442,-0.00496602998809259
LMT,5,2015-05-28,2015-06-04,140.88345336914062,140.92050170898438,hold_days,0.00026297154816812274,-0.0007370284518318773,-0.010349415724358435,0.009612387272526557
LMT,5,2015-06-04,2015-06-11,140.92050170898438,141.8912811279297,hold_days,0.006888844470267941,0.005888844470267941,0.006399674581522907,-0.0005108301112549665
LMT,5,2015-06-16,2015-06-23,141.4021759033203,142.0098114013672,hold_days,0.00429721462322008,0.0032972146232200803,0.017310720899022858,-0.014013506275802778
LMT,5,2015-06-29,2015-07-07,137.47471618652344,140.9130859375,hold_days,0.025010924527470557,0.024010924527470556,0.011956011140812128,0.012054913386658428
LMT,5,2015-07-01,2015-07-09,139.43844604492188,142.37294006347656,hold_days,0.021045085496788296,0.020045085496788295,-0.009996705149624252,0.030041790646412547
LMT,5,2015-07-13,2015-07-20,146.6338348388672,152.0062255859375,hold_days,0.03663813848266284,0.03563813848266284,0.021265137691535152,0.014373000791127688
LMT,5,2015-07-22,2015-07-29,150.27223205566406,154.24412536621094,hold_days,0.026431319054844415,0.025431319054844415,-0.00040253384315835916,0.025833852898002774
LMT,5,2015-07-27,2015-08-03,149.07168579101562,153.9773712158203,hold_days,0.032908230686288675,0.031908230686288674,0.012626769352039657,0.019281461334249017
LMT,5,2015-07-28,2015-08-04,150.89474487304688,155.2667694091797,hold_days,0.028974001313373465,0.027974001313373464,-0.0006442128571081396,0.028618214170481604
LMT,5,2015-08-03,2015-08-10,153.9773712158203,156.19305419921875,hold_days,0.0143896662600691,0.0133896662600691,0.007508097032952854,0.005881569227116246
LMT,5,2015-08-12,2015-08-19,154.7109832763672,156.56350708007812,hold_days,0.01197409365824842,0.010974093658248418,-0.004129150359719946,0.015103244017968365
LMT,5,2015-08-18,2015-08-25,157.59356689453125,147.4489288330078,hold_days,-0.06437215846705657,-0.06537215846705657,-0.11117216239957528,0.04580000393251871
LMT,5,2015-08-27,2015-09-03,152.22853088378906,153.17660522460938,hold_days,0.006227967486226893,0.005227967486226893,-0.01590848231419595,0.02113644980042284
LMT,5,2015-08-28,2015-09-04,152.20614624023438,151.25067138671875,hold_days,-0.006277505062164512,-0.007277505062164512,-0.033455351250263554,0.02617784618809904
LMT,5,2015-09-15,2015-09-22,155.14724731445312,152.02700805664062,hold_days,-0.020111470308515234,-0.021111470308515234,-0.0160905405913625,-0.005020929717152733
LMT,5,2015-09-24,2015-10-01,152.84814453125,152.84066772460938,hold_days,-4.89165679017356e-05,-0.0010489165679017356,0.00022630285584845922,-0.0012752194237501948
LMT,5,2015-09-25,2015-10-02,152.19871520996094,154.22909545898438,hold_days,0.013340324497631117,0.012340324497631117,0.011871185228873093,0.00046913926875802314
LMT,5,2015-10-06,2015-10-13,157.05819702148438,158.2376251220703,hold_days,0.007509497262499387,0.006509497262499387,0.011813408935630099,-0.0053039116731307115
LMT,5,2015-10-07,2015-10-14,158.96180725097656,155.37869262695312,hold_days,-0.022540726517824794,-0.023540726517824795,0.0011146402556327928,-0.024655366773457588
LMT,5,2015-10-27,2015-11-03,166.49365234375,163.40322875976562,hold_days,-0.018561810258109768,-0.01956181025810977,0.024779943356034062,-0.04434175361414383
LMT,5,2015-10-29,2015-11-05,162.91802978515625,163.17929077148438,hold_days,0.0016036345803631669,0.0006036345803631668,0.010139872125143334,-0.009536237544780168
LMT,5,2015-11-10,2015-11-17,159.79779052734375,166.0084686279297,hold_days,0.03886585715666202,0.03786585715666202,-0.011859380291405874,0.049725237448067894
LMT,5,2015-11-12,2015-11-19,159.43197631835938,167.21029663085938,hold_days,0.04878770552883305,0.04778770552883305,0.021947606847712908,0.02584009868112014
LMT,5,2015-11-13,2015-11-20,159.1184844970703,168.7480010986328,hold_days,0.06051790043123373,0.05951790043123373,0.03672225509758209,0.022795645333651637
LMT,5,2015-12-11,2015-12-18,163.32772827148438,159.55284118652344,hold_days,-0.02311234672098239,-0.02411234672098239,-0.001997701867983981,-0.02211464485299841
LMT,5,2015-12-28,2016-01-05,164.2376251220703,164.12484741210938,hold_days,-0.0006866740180705433,-0.0016866740180705433,-0.020650335208550752,0.018963661190480208
LMT,5,2015-12-29,2016-01-06,165.7866668701172,163.65110778808594,hold_days,-0.012881368100031376,-0.013881368100031377,-0.04331606656801068,0.029434698467979303
LMT,5,2016-01-05,2016-01-12,164.12484741210938,163.89920043945312,hold_days,-0.001374849550291768,-0.002374849550291768,-0.039149806002568344,0.036774956452276575
LMT,5,2016-01-21,2016-01-28,158.5076141357422,155.40196228027344,hold_days,-0.01959307678941624,-0.020593076789416243,0.01349706272245621,-0.03409013951187245
MCD,5,2015-05-29,2015-06-05,72.54074096679688,72.24580383300781,hold_days,-0.004065813636009885,-0.005065813636009885,-0.0061542661540161525,0.0010884525180062674
MCD,5,2015-06-08,2015-06-15,72.0794677734375,71.30814361572266,hold_days,-0.010701024598839926,-0.011701024598839926,0.0006372579420264035,-0.01233828254086633
MCD,5,2015-06-11,2015-06-18,72.28363037109375,72.72222137451172,hold_days,0.0060676393972785014,0.005067639397278501,0.004593611478461268,0.00047402791881723336
MCD,5,2015-06-12,2015-06-19,71.88284301757812,72.65415954589844,hold_days,0.010730189513117772,0.00973018951311777,0.007602045276427827,0.002128144236689944
MCD,5,2015-06-22,2015-06-29,73.25154113769531,72.17020416259766,hold_days,-0.014761968940216641,-0.015761968940216642,-0.0275775253584849,0.011815556418268258
MCD,5,2015-07-01,2015-07-09,72.41217803955078,72.96417999267578,hold_days,0.00762305413356712,0.00662305413356712,-0.009996705149624252,0.01661975928319137
MCD,5,2015-07-10,2015-07-17,73.84134674072266,73.7279281616211,hold_days,-0.0015359765782686496,-0.0025359765782686497,0.033373587348822564,-0.035909563927091215
MCD,5,2015-07-14,2015-07-21,74.69583129882812,73.5918197631836,hold_days,-0.014780095708792906,-0.015780095708792907,0.009759164458778002,-0.02553926016757091
MCD,5,2015-07-15,2015-07-22,74.91514587402344,73.78842163085938,hold_days,-0.015040005996367567,-0.016040005996367568,0.009966552920396277,-0.026006558916763844
MCD,5,2015-07-29,2015-08-05,74.26482391357422,75.4671630859375,hold_days,0.016189887876964626,0.015189887876964625,-0.0038384878524362342,0.01902837572940086
MCD,5,2015-08-06,2015-08-13,75.12688446044922,75.14197540283203,hold_days,0.00020087273006441642,-0.0007991272699355836,0.0017454412025144084,-0.002544568472449992
MCD,5,2015-08-12,2015-08-19,74.31773376464844,76.4502182006836,hold_days,0.028694153171951786,0.027694153171951785,-0.004129150359719946,0.03182330353167173
MCD,5,2015-09-11,2015-09-18,74.30882263183594,74.03421783447266,hold_days,-0.003695453482338351,-0.004695453482338351,0.0019340726477059533,-0.0066295261300443045
MCD,5,2015-10-05,2015-10-12,77.1771011352539,78.7562255859375,hold_days,0.02046104903468904,0.019461049034689037,0.017740738819433277,0.0017203102152557603
MCD,5,2015-10-07,2015-10-14,77.63481903076172,78.43584442138672,hold_days,0.010317862534175548,0.009317862534175547,0.0011146402556327928,0.008203222278542754
MCD,5,2015-10-09,2015-10-16,78.39004516601562,79.96151733398438,hold_days,0.02004683330186463,0.01904683330186463,0.010528907016784883,0.008517926285079747
MCD,5,2015-11-04,2015-11-11,85.7438735961914,86.85001373291016,hold_days,0.012900515107680866,0.011900515107680865,-0.010977314345668399,0.022877829453349263
MCD,5,2015-11-06,2015-11-13,86.43804168701172,83.89017486572266,hold_days,-0.029476221019846482,-0.030476221019846483,-0.03717538494185679,0.006699163922010309
MCD,5,2015-11-09,2015-11-16,86.14822387695312,84.72167205810547,hold_days,-0.0165592713888707,-0.0175592713888707,-0.01004229771066556,-0.007516973678205141
MCD,5,2015-11-10,2015-11-17,86.36941528320312,84.63013458251953,hold_days,-0.020137692202506385,-0.021137692202506386,-0.011859380291405874,-0.009278311911100512
MCD,5,2015-11-24,2015-12-02,87.17805480957031,87.4310302734375,hold_days,0.0029018250570029824,0.0019018250570029824,-0.002529449709242515,0.004431274766245497
MCD,5,2015-11-25,2015-12-03,87.26957702636719,87.17730712890625,hold_days,-0.001057297406552804,-0.002057297406552804,-0.017802146165671884,0.01574484875911908
MCD,5,2015-12-10,2015-12-17,90.10653686523438,90.33719635009766,hold_days,0.0025598529572639084,0.0015598529572639084,-0.003297905188317518,0.0048577581455814265
MCD,5,2015-12-14,2015-12-21,89.38384246826172,90.48326873779297,hold_days,0.012300056018755612,0.011300056018755611,-0.004452804474679994,0.015752860493435605
MCD,5,2015-12-17,2015-12-24,90.33719635009766,91.15982055664062,hold_days,0.009106151616161906,0.008106151616161905,0.011051121334126002,-0.0029449697179640966
MCD,5,2015-12-24,2016-01-04,91.15982055664062,90.39871215820312,hold_days,-0.008349165167175765,-0.009349165167175766,-0.023470205816318535,0.014121040649142769
MRK,5,2015-06-04,2015-06-11,39.819358825683594,39.74443054199219,hold_days,-0.001881704926978367,-0.002881704926978367,0.006399674581522907,-0.009281379508501275
MRK,5,2015-07-06,2015-07-13,38.82688522338867,39.04277038574219,hold_days,0.00556019781425765,0.00456019781425765,0.016982377740168753,-0.012422179925911103
MRK,5,2015-07-10,2015-07-17,39.09674835205078,39.6837158203125,hold_days,0.015013204243389033,0.014013204243389032,0.033373587348822564,-0.019360383105433532
MRK,5,2015-08-13,2015-08-20,39.79164123535156,38.422080993652344,hold_days,-0.03441828985134898,-0.03541828985134898,-0.025446472396546405,-0.009971817454802578
MRK,5,2015-08-28,2015-09-04,37.35611343383789,34.80588912963867,hold_days,-0.06826792376878199,-0.06926792376878199,-0.033455351250263554,-0.03581257251851844
MRK,5,2015-09-03,2015-09-11,35.521034240722656,35.445777893066406,hold_days,-0.0021186417925290746,-0.0031186417925290746,0.0019039411534114148,-0.005022582945940489
MRK,5,2015-09-14,2015-09-21,35.61589431762695,34.690452575683594,hold_days,-0.02598395350374061,-0.02698395350374061,0.009517639849922599,-0.03650159335366321
MRK,5,2015-09-16,2015-09-23,36.657012939453125,34.72446823120117,hold_days,-0.05271964498154724,-0.05371964498154724,-0.028637078977253982,-0.02508256600429326
MRK,5,2015-09-24,2015-10-01,34.42506408691406,33.59489822387695,hold_days,-0.0241151580993767,-0.0251151580993767,0.00022630285584845922,-0.02534146095522516
MRK,5,2015-10-02,2015-10-09,34.11885452270508,34.67003631591797,hold_days,0.016154756685811122,0.015154756685811122,0.038005816345721755,-0.022851059659910633
MRK,5,2015-10-05,2015-10-12,34.86056137084961,34.506717681884766,hold_days,-0.01015025791468549,-0.01115025791468549,0.017740738819433277,-0.028890996734118768
MRK,5,2015-10-13,2015-10-20,33.66294479370117,34.288978576660156,hold_days,0.018597118784335454,0.017597118784335453,0.014040281529544618,0.0035568372547908345
MRK,5,2015-10-15,2015-10-22,34.513526916503906,35.391326904296875,hold_days,0.025433505822704428,0.024433505822704427,0.01779091357425311,0.006642592248451318
MRK,5,2015-10-16,2015-10-23,35.03068923950195,35.98335266113281,hold_days,0.02719510926883495,0.02619510926883495,0.02718914544583173,-0.000994036176996782
MRK,5,2015-10-19,2015-10-26,34.97624969482422,36.00375747680664,hold_days,0.029377300052111366,0.028377300052111365,0.026213104729766457,0.0021641953223449084
MRK,5,2015-11-05,2015-11-12,37.45998764038086,36.085426330566406,hold_days,-0.03669412075119627,-0.03769412075119627,-0.024664164001367284,-0.013029956749828986
MRK,5,2015-11-11,2015-11-18,36.55495071411133,36.901981353759766,hold_days,0.009493396458457593,0.008493396458457592,0.005809592519991247,0.002683803938466345
MRK,5,2015-11-27,2015-12-04,36.718257904052734,36.50049591064453,hold_days,-0.005930618875689353,-0.006930618875689353,0.0009140519158274962,-0.00784467079151685
MRK,5,2015-11-30,2015-12-07,36.071800231933594,36.52772521972656,hold_days,0.012639374382799717,0.011639374382799716,-0.00286684222599054,0.014506216608790257
MRK,5,2015-12-14,2015-12-21,35.82757568359375,35.601097106933594,hold_days,-0.00632134807725393,-0.00732134807725393,-0.004452804474679994,-0.0028685436025739355
MRK,5,2015-12-21,2015-12-29,35.601097106933594,36.61003112792969,hold_days,0.02833996991625276,0.02733996991625276,0.03154854371199867,-0.004208573795745907
MRK,5,2015-12-23,2015-12-31,36.36294174194336,36.253135681152344,hold_days,-0.00301972435481912,-0.00401972435481912,-0.010044336033107837,0.006024611678288717
MRK,5,2016-01-07,2016-01-14,35.66286087036133,35.553043365478516,hold_days,-0.0030793240419497714,-0.004079324041949771,-0.00933238243771528,0.0052530583957655095
MSFT,5,2015-06-03,2015-06-10,40.225563049316406,40.019493103027344,hold_days,-0.005122860456581391,-0.006122860456581391,-0.004153674051600276,-0.001969186404981115
MSFT,5,2015-07-06,2015-07-13,38.1133918762207,39.100799560546875,hold_days,0.025907106025434112,0.02490710602543411,0.016982377740168753,0.007924728285265359
MSFT,5,2015-07-10,2015-07-17,38.302284240722656,40.028079986572266,hold_days,0.04505725389648574,0.04405725389648574,0.033373587348822564,0.010683666547663173
MSFT,5,2015-07-15,2015-07-22,39.28968811035156,39.100799560546875,hold_days,-0.0048075858804010885,-0.0058075858804010885,0.009966552920396277,-0.015774138800797366
MSFT,5,2015-07-17,2015-07-24,40.028079986572266,39.444236755371094,hold_days,-0.014585841524175747,-0.015585841524175748,-0.020279038821843565,0.004693197297667817
MSFT,5,2015-07-23,2015-07-30,39.59019470214844,40.251319885253906,hold_days,0.01669921524961815,0.015699215249618148,0.005824470911155011,0.009874744338463137
MSFT,5,2015-08-03,2015-08-10,40.191219329833984,40.637699127197266,hold_days,0.011108889075974293,0.010108889075974292,0.007508097032952854,0.002600792043021438
MSFT,5,2015-08-06,2015-08-13,40.028079986572266,40.12252426147461,hold_days,0.002359450539072272,0.001359450539072272,0.0017454412025144084,-0.0003859906634421364
MSFT,5,2015-08-21,2015-08-28,37.223907470703125,37.96717071533203,hold_days,0.019967362244651232,0.01896736224465123,0.010260098338653822,0.008707263905997409
MSFT,5,2015-08-25,2015-09-01,34.97681427001953,36.14357376098633,hold_days,0.03335808349952818,0.03235808349952818,0.028427226347672807,0.0039308571518553714
MSFT,5,2015-09-02,2015-09-10,37.474517822265625,37.41403579711914,hold_days,-0.001613950723351243,-0.002613950723351243,-0.00014029691714623205,-0.002473653806205011
MSFT,5,2015-09-16,2015-09-23,38.28694534301758,37.91530990600586,hold_days,-0.009706583632676624,-0.010706583632676625,-0.028637078977253982,0.017930495344577357
MSFT,5,2015-09-24,2015-10-01,37.94988250732422,38.554866790771484,hold_days,0.01594166420226739,0.01494166420226739,0.00022630285584845922,0.014715361346418931
MSFT,5,2015-10-08,2015-10-15,41.00938415527344,40.62909698486328,hold_days,-0.009273174378095494,-0.010273174378095495,0.006859651105572295,-0.01713282548366779
MSFT,5,2015-10-14,2015-10-21,40.34389877319336,40.79331588745117,hold_days,0.011139655014116512,0.010139655014116511,0.014016661172173706,-0.0038770061580571946
MSFT,5,2015-10-16,2015-10-23,41.061241149902344,45.69369888305664,hold_days,0.11281825885979857,0.11181825885979857,0.02718914544583173,0.08462911341396684
MSFT,5,2015-10-26,2015-11-02,46.88639450073242,46.01347351074219,hold_days,-0.01861778879108733,-0.01961778879108733,0.02073490192637295,-0.04035269071746028
MSFT,5,2015-11-19,2015-11-27,46.93268585205078,46.923988342285156,hold_days,-0.00018531881582573018,-0.0011853188158257302,0.005563827752403272,-0.006749146568229002
NKE,5,2015-05-29,2015-06-05,43.37659454345703,43.53019332885742,hold_days,0.0035410521968595177,0.0025410521968595176,-0.0061542661540161525,0.00869531835087567
NKE,5,2015-06-01,2015-06-08,43.415008544921875,43.278480529785156,hold_days,-0.003144719296679477,-0.004144719296679477,-0.013099541114749758,0.00895482181807028
NKE,5,2015-06-03,2015-06-10,43.7349853515625,44.08909606933594,hold_days,0.008096737998811054,0.007096737998811054,-0.004153674051600276,0.01125041205041133
NKE,5,2015-06-25,2015-07-02,44.89118194580078,46.875064849853516,hold_days,0.04419315371219157,0.04319315371219157,-0.010670319310669418,0.053863473022860986
NKE,5,2015-06-30,2015-07-08,46.08576965332031,46.619083404541016,hold_days,0.011572200165746338,0.010572200165746337,-0.005253350753949726,0.015825550919696063
NKE,5,2015-07-01,2015-07-09,46.68733215332031,46.69160461425781,hold_days,9.15122098532617e-05,-0.0009084877901467383,-0.009996705149624252,0.009088217359477513
NKE,5,2015-07-06,2015-07-13,46.86225891113281,47.95872497558594,hold_days,0.02339763575060272,0.022397635750602718,0.016982377740168753,0.005415258010433965
NKE,5,2015-07-16,2015-07-23,47.928863525390625,48.63709259033203,hold_days,0.014776671359341131,0.01377667135934113,-0.004335732602630649,0.01811240396197178
NKE,5,2015-07-24,2015-07-31,48.206172943115234,49.1575927734375,hold_days,0.01973647299164294,0.01873647299164294,0.012025061985567742,0.006711411006075196
NKE,5,2015-08-17,2015-08-24,49.05520248413086,44.315208435058594,hold_days,-0.09662571570478451,-0.09762571570478451,-0.10170009540796332,0.00407437970317881
NKE,5,2015-09-14,2015-09-21,47.85793685913086,49.85539245605469,hold_days,0.04173718567942686,0.04073718567942686,0.009517639849922599,0.03121954582950426
NKE,5,2015-09-17,2015-09-24,49.30363845825195,49.09832763671875,hold_days,-0.004164212377694043,-0.005164212377694043,-0.031174285476911257,0.026010073099217212
NKE,5,2015-09-21,2015-09-28,49.85539245605469,52.242088317871094,hold_days,0.04787237135722422,0.04687237135722422,-0.03937711580671033,0.08624948716393455
NKE,5,2015-10-02,2015-10-09,53.5551872253418,53.43971633911133,hold_days,-0.002156110214769802,-0.003156110214769802,0.038005816345721755,-0.04116192656049156
NKE,5,2015-10-14,2015-10-21,53.824668884277344,56.66047668457031,hold_days,0.05268602406807066,0.05168602406807066,0.014016661172173706,0.03766936289589695
NKE,5,2015-11-11,2015-11-18,54.50047302246094,53.79899978637695,hold_days,-0.012870956840959735,-0.013870956840959736,0.005809592519991247,-0.019680549360950983
NKE,5,2015-11-16,2015-11-23,52.80668640136719,56.65619659423828,hold_days,0.07289815845690772,0.07189815845690772,0.019010741307750934,0.05288741714915679
NKE,5,2015-11-18,2015-11-25,53.79899978637695,57.3704833984375,hold_days,0.06638568795408939,0.06538568795408939,0.006154599436632768,0.05923108851745662
NKE,5,2015-12-10,2015-12-17,55.15565490722656,55.833099365234375,hold_days,0.012282411642963842,0.011282411642963841,-0.003297905188317518,0.01458031683128136
NKE,5,2016-01-19,2016-01-26,50.01055908203125,52.40303039550781,hold_days,0.04783932348271169,0.04683932348271169,0.008867714635028445,0.03797160884768325
DIS,5,2015-06-26,2015-07-06,103.91023254394531,105.15989685058594,hold_days,0.012026383504744054,0.011026383504744053,-0.015594289330776112,0.026620672835520165
DIS,5,2015-06-30,2015-07-08,103.14213562011719,104.69637298583984,hold_days,0.015068888736675667,0.014068888736675667,-0.005253350753949726,0.019322239490625392
DIS,5,2015-07-01,2015-07-09,104.64181518554688,105.06900024414062,hold_days,0.004082355202232213,0.003082355202232213,-0.009996705149624252,0.013079060351856464
DIS,5,2015-07-09,2015-07-16,105.06900024414062,108.222900390625,hold_days,0.030017418450312583,0.029017418450312582,0.03725416486057376,-0.008236746410261175
DIS,5,2015-07-10,2015-07-17,105.83250427246094,108.03202056884766,hold_days,0.0207829939535793,0.019782993953579298,0.033373587348822564,-0.013590593395243267
DIS,5,2015-08-10,2015-08-17,100.88806915283203,99.11570739746094,hold_days,-0.017567605072173587,-0.018567605072173587,-0.000868958979838963,-0.017698646092334624
DIS,5,2015-09-01,2015-09-09,90.44477844238281,92.62614440917969,hold_days,0.0241182078652169,0.0231182078652169,0.012291644189424744,0.010826563675792156
DIS,5,2015-09-25,2015-10-02,91.16283416748047,93.61685943603516,hold_days,0.02691914189554767,0.02591914189554767,0.011871185228873093,0.014047956666674577
DIS,5,2015-09-29,2015-10-06,90.36297607421875,94.31669616699219,hold_days,0.043753761380392,0.042753761380392,0.053662237274073155,-0.010908475893681158
DIS,5,2015-10-05,2015-10-12,94.38943481445312,96.66165924072266,hold_days,0.02407286822657828,0.02307286822657828,0.017740738819433277,0.005332129407145003
DIS,5,2015-10-08,2015-10-15,95.08018493652344,98.0613784790039,hold_days,0.03135451981367887,0.03035451981367887,0.006859651105572295,0.023494868708106575
DIS,5,2015-10-13,2015-10-20,96.87981414794922,99.83372497558594,hold_days,0.03049046753047735,0.02949046753047735,0.014040281529544618,0.01545018600093273
DIS,5,2015-11-05,2015-11-12,102.70587158203125,105.62345886230469,hold_days,0.028407210175351638,0.027407210175351637,-0.024664164001367284,0.05207137417671892
DIS,5,2015-11-09,2015-11-16,105.81432342529297,105.35987091064453,hold_days,-0.004294810947492289,-0.005294810947492289,-0.01004229771066556,0.004747486763173271
DIS,5,2015-11-18,2015-11-25,107.37761688232422,107.85933685302734,hold_days,0.004486223336759743,0.0034862233367597426,0.006154599436632768,-0.0026683760998730257
DIS,5,2015-11-19,2015-11-27,107.89567565917969,104.64181518554688,hold_days,-0.030157468811920607,-0.031157468811920608,0.005563827752403272,-0.03672129656432388
DIS,5,2015-11-20,2015-11-30,109.13179016113281,103.133056640625,hold_days,-0.05496779180155198,-0.05596779180155198,-0.0026963332831591025,-0.05327145851839288
DIS,5,2015-11-23,2015-12-01,108.541015625,104.87813568115234,hold_days,-0.03374650515987976,-0.03474650515987976,0.007691739599231973,-0.04243824475911173
DIS,5,2015-11-24,2015-12-02,107.20491790771484,103.61476135253906,hold_days,-0.03348873004376807,-0.03448873004376807,-0.002529449709242515,-0.03195928033452555
DIS,5,2015-11-30,2015-12-07,103.133056640625,103.46025848388672,hold_days,0.00317261849808137,0.00217261849808137,-0.00286684222599054,0.00503946072407191
DIS,5,2015-12-10,2015-12-17,101.31524658203125,102.45865631103516,hold_days,0.011285662993260726,0.010285662993260725,-0.003297905188317518,0.013583568181578243
DIS,5,2015-12-11,2015-12-18,98.82718658447266,98.53447723388672,hold_days,-0.002961830248357278,-0.003961830248357278,-0.001997701867983981,-0.001964128380373297
DIS,5,2015-12-22,2015-12-30,97.63804626464844,97.27215576171875,hold_days,-0.0037474172920045623,-0.004747417292004562,0.012885776412282057,-0.01763319370428662
DIS,5,2016-01-07,2016-01-14,91.01542663574219,90.65866088867188,hold_days,-0.00391983821048425,-0.00491983821048425,-0.00933238243771528,0.004412544227231031
DIS,5,2016-01-12,2016-01-20,92.80825805664062,84.6489028930664,hold_days,-0.08791626235021655,-0.08891626235021655,-0.04371627921801391,-0.04519998313220264
DIS,5,2016-02-03,2016-02-10,87.02720642089844,81.2735595703125,hold_days,-0.06611319709332042,-0.06711319709332042,-0.03583284465315262,-0.0312803524401678
DIS,5,2016-02-08,2016-02-16,84.26473236083984,84.98735809326172,hold_days,0.008575660447450728,0.007575660447450728,0.017756865194060056,-0.01018120474660933
GOOGL,5,2015-06-01,2015-06-08,27.201662063598633,26.91785430908203,hold_days,-0.01043347108176873,-0.011433471081768731,-0.013099541114749758,0.0016660700329810263
GOOGL,5,2015-06-09,2015-06-16,26.852481842041016,26.986703872680664,hold_days,0.004998496281617637,0.003998496281617637,0.006053307305426081,-0.002054811023808444
GOOGL,5,2015-06-10,2015-06-17,27.36956024169922,27.0723876953125,hold_days,-0.010857775710037099,-0.0118577757100371,-0.005571694609861844,-0.006286081100175256
GOOGL,5,2015-06-23,2015-06-30,27.903974533081055,26.74747657775879,hold_days,-0.0414456354219791,-0.0424456354219791,-0.02714974758580102,-0.01529588783617808
GOOGL,5,2015-07-02,2015-07-10,27.109039306640625,27.543405532836914,hold_days,0.016022929521146256,0.015022929521146255,0.0008825086949764138,0.014140420826169842
GOOGL,5,2015-07-09,2015-07-16,26.97580337524414,29.805381774902344,hold_days,0.10489320226343746,0.10389320226343746,0.03725416486057376,0.0666390374028637
GOOGL,5,2015-07-13,2015-07-20,28.31704330444336,34.31546401977539,hold_days,0.21183075686403985,0.21083075686403985,0.021265137691535152,0.1895656191725047
GOOGL,5,2015-07-21,2015-07-28,34.439781188964844,32.67210388183594,hold_days,-0.051326612600410604,-0.052326612600410605,-0.008583544601495352,-0.04374306799891525
GOOGL,5,2015-07-24,2015-07-31,32.42989730834961,32.56511688232422,hold_days,0.004169596119559582,0.003169596119559582,0.012025061985567742,-0.008855465866008161
GOOGL,5,2015-07-30,2015-08-06,32.91480255126953,33.19165802001953,hold_days,0.008411275392545825,0.007411275392545825,-0.009831385265524184,0.017242660658070008
GOOGL,5,2015-07-31,2015-08-07,32.56511688232422,32.9063720703125,hold_days,0.010479163616130327,0.009479163616130326,-0.00934395045066716,0.018823114066797486
GOOGL,5,2015-08-17,2015-08-24,34.37836837768555,30.61418342590332,hold_days,-0.10949283312193192,-0.11049283312193192,-0.10170009540796332,-0.008792737713968601
GOOGL,5,2015-08-24,2015-08-31,30.61418342590332,32.08567810058594,hold_days,0.04806578226213776,0.047065782262137756,0.04623319299269779,0.000832589269439965
GOOGL,5,2015-09-21,2015-09-28,33.034645080566406,30.91828727722168,hold_days,-0.06406479616121974,-0.06506479616121974,-0.03937711580671033,-0.025687680354509412
GOOGL,5,2015-10-02,2015-10-09,32.53986740112305,33.24563980102539,hold_days,0.02168946760606616,0.02068946760606616,0.038005816345721755,-0.017316348739655596
GOOGL,5,2015-10-21,2015-10-28,33.273380279541016,36.49869155883789,hold_days,0.0969336824873197,0.0959336824873197,0.04238956955547257,0.05354411293184713
GOOGL,5,2015-11-03,2015-11-10,37.08808517456055,37.555625915527344,hold_days,0.012606224850008951,0.01160622485000895,-0.009851635758105881,0.02145786060811483
GOOGL,5,2015-11-17,2015-11-24,36.94741439819336,38.118770599365234,hold_days,0.031703333514703225,0.030703333514703224,0.020828458980093556,0.009874874534609668
GOOGL,5,2015-11-30,2015-12-07,37.78297424316406,38.285194396972656,hold_days,0.01329223450161443,0.01229223450161443,-0.00286684222599054,0.01515907672760497
GOOGL,5,2015-12-10,2015-12-17,37.643795013427734,38.12868118286133,hold_days,0.01288090558512045,0.01188090558512045,-0.003297905188317518,0.015178810773437967
GOOGL,5,2015-12-16,2015-12-23,38.4634895324707,38.06330108642578,hold_days,-0.01040437180581566,-0.01140437180581566,-0.0045807314073067484,-0.006823640398508912
GOOGL,5,2016-01-05,2016-01-12,37.71759033203125,36.91572189331055,hold_days,-0.021259800312315447,-0.022259800312315448,-0.039149806002568344,0.016890005690252896
GOOGL,5,2016-01-14,2016-01-22,36.224796295166016,36.92166519165039,hold_days,0.01923734479570749,0.01823734479570749,-0.014506111801521393,0.03274345659722888
GOOGL,5,2016-01-22,2016-01-29,36.92166519165039,37.708675384521484,hold_days,0.021315674382125893,0.020315674382125892,0.020120222292517198,0.0001954520896086942
GOOGL,5,2016-02-01,2016-02-08,38.17524337768555,34.87612533569336,hold_days,-0.08642035387574265,-0.08742035387574265,-0.0421355149725029,-0.045284838903239755
GOOGL,5,2016-02-02,2016-02-09,38.677459716796875,34.72060775756836,hold_days,-0.10230382212795974,-0.10330382212795974,-0.023648874621511773,-0.07965494750644797
