stock,hold_days,near_pct,entry_date,exit_date,entry_price,exit_price,exit_reason,ret,ret_net,support_age_days,support_birth_date,bench_ret,excess_ret,bounce_1d,bounce_2d,bounce_3d,bounce_5d,bounce_to_entry_high
MMM,5,0.01,2015-09-28,2015-10-05,81.5067138671875,86.18341827392578,hold_days,0.05737814941673158,0.05637814941673158,4,2015-09-24,0.05674599265388136,-0.0003678432371497786,0.01439110573082436,0.005814343767744035,,,0.01439110573082436
MMM,5,0.01,2015-11-17,2015-11-19,92.49166870117188,93.8997573852539,resistance,0.015223951560776605,0.014223951560776604,4,2015-11-13,0.016442222959017094,-0.00221827139824049,0.016447177346538444,0.00886595381528621,,,0.016447177346538444
MMM,5,0.01,2015-12-16,2015-12-23,88.90182495117188,89.61920928955078,hold_days,0.008069399461404947,0.007069399461404947,1,2015-12-15,-0.004580670424343958,0.011650069885748904,0.012286479087288527,,,,0.012286479087288527
MMM,5,0.01,2016-05-23,2016-05-24,99.85472869873047,101.3696060180664,resistance,0.015170812029407621,0.01417081202940762,3,2016-05-20,0.014573652909628976,-0.00040284088022135567,0.0066658498373994846,,,,0.0066658498373994846
MMM,5,0.01,2016-06-14,2016-06-21,100.75643920898438,103.01673126220703,hold_days,0.02243322680880433,0.02143322680880433,1,2016-06-13,0.0064953152045772455,0.014937911604227083,0.0028718467437141015,,,,0.0028718467437141015
MMM,5,0.01,2017-01-11,2017-01-19,108.29234313964844,108.77328491210938,hold_days,0.004441142914792584,0.003441142914792584,1,2017-01-10,-0.006874457915414078,0.010315600830206662,0.007418966264676419,,,,0.007418966264676419
MMM,5,0.01,2017-07-27,2017-08-03,123.30760192871094,127.97367858886719,hold_days,0.03784094887234857,0.03684094887234857,1,2017-07-26,0.0008095344621439349,0.03603141441020463,0.005124762675384309,,,,0.005124762675384309
MMM,5,0.01,2018-03-20,2018-03-27,145.6835479736328,135.2923583984375,hold_days,-0.0713271314416094,-0.0723271314416094,1,2018-03-19,-0.038952823318147645,-0.03337430812346176,0.003843354242887953,,,,0.003843354242887953
MMM,5,0.01,2018-04-09,2018-04-16,133.3745574951172,136.43927001953125,hold_days,0.02297823949313771,0.021978239493137708,3,2018-04-06,0.027322587929685005,-0.005344348436547297,0.0026382697080180595,,,,0.0026382697080180595
MMM,5,0.01,2018-06-28,2018-07-06,123.660400390625,124.60070037841797,hold_days,0.007603889238775752,0.006603889238775752,1,2018-06-27,0.014325183242433148,-0.0077212940036573965,0.005386570146739933,,,,0.005386570146739933
MMM,5,0.01,2018-07-24,2018-07-31,126.63253784179688,133.97756958007812,hold_days,0.0580027208130145,0.057002720813014496,1,2018-07-23,0.008094354349468036,0.04890836646354646,0.009253610512157007,,,,0.009253610512157007
MMM,5,0.01,2018-10-01,2018-10-08,134.79299926757812,136.1779022216797,hold_days,0.010274294374534865,0.009274294374534864,4,2018-09-27,-0.010285940407935845,0.01956023478247071,0.002855428022681572,0.009899625022864456,,,0.009899625022864456
MMM,5,0.01,2019-01-16,2019-01-24,121.18852233886719,123.13287353515625,hold_days,0.016044020991132113,0.015044020991132112,1,2019-01-15,0.01237137385754572,0.002672647133586392,0.0028583608158720963,,,,0.0028583608158720963
MMM,5,0.01,2019-04-11,2019-04-18,137.51475524902344,140.96023559570312,hold_days,0.02505535017271643,0.024055350172716428,2,2019-04-09,0.011146688968938445,0.012908661203777982,0.0007074744581487824,0.0074068518046130905,,,0.0074068518046130905
MMM,5,0.01,2019-08-13,2019-08-20,107.09236145019531,105.53567504882812,hold_days,-0.014535923760455538,-0.015535923760455539,1,2019-08-12,-0.012081257196317585,-0.0034546665641379537,0.017150120839388938,,,,0.017150120839388938
MMM,5,0.01,2019-10-10,2019-10-17,99.8331527709961,107.19400024414062,hold_days,0.07373149368556287,0.07273149368556286,2,2019-10-08,0.019807977839041202,0.05292351584652166,0.0016583978426696344,0.010415081297168616,,,0.010415081297168616
MMM,5,0.01,2021-03-01,2021-03-08,121.97050476074219,127.05919647216797,hold_days,0.04172067436637872,0.04072067436637872,3,2021-02-26,0.003051194535877988,0.03766947983050073,0.007711836933776972,,,,0.007711836933776972
MMM,5,0.01,2021-08-04,2021-08-11,137.57794189453125,140.39175415039062,hold_days,0.020452495633467738,0.019452495633467737,2,2021-08-02,0.02106852542100257,-0.001616029787534834,0.01777025621094941,5.057758268445234e-05,,,0.01777025621094941
MMM,5,0.01,2022-10-10,2022-10-17,79.06551361083984,83.00201416015625,hold_days,0.049787832514335495,0.048787832514335494,3,2022-10-07,0.025472797627855037,0.023315034886480457,0.008742429522283546,,,,0.008742429522283546
MMM,5,0.01,2022-11-21,2022-11-29,94.12954711914062,93.02326202392578,hold_days,-0.011752793135343609,-0.01275279313534361,3,2022-11-18,0.002843079320779429,-0.015595872456123039,0.006863180102514743,,,,0.006863180102514743
MMM,5,0.01,2023-07-07,2023-07-14,73.80840301513672,77.60919952392578,hold_days,0.051495444333209406,0.050495444333209405,1,2023-07-06,0.018752608292241346,0.03174283604096806,0.010175775449828395,,,,0.010175775449828395
MMM,5,0.01,2023-09-15,2023-09-22,77.81507110595703,74.71971130371094,hold_days,-0.0397784099950419,-0.0407784099950419,2,2023-09-13,-0.02721138353493391,-0.01356702646010799,0.012567891983512158,9.883933401511058e-05,,,0.012567891983512158
MMM,5,0.01,2023-11-10,2023-11-17,71.46267700195312,74.56596374511719,hold_days,0.0434252797873671,0.0424252797873671,1,2023-11-09,0.023739131756493004,0.018686148030874095,0.012104947870969385,,,,0.012104947870969385
MMM,5,0.01,2024-02-16,2024-02-26,72.55255126953125,73.00575256347656,hold_days,0.006246524567574241,0.005246524567574241,2,2024-02-14,0.007750622915188243,-0.0025040983476140024,0.01616995845759228,0.003740062194340199,,,0.01616995845759228
MMM,5,0.01,2024-03-06,2024-03-13,73.56232452392578,82.74568176269531,hold_days,0.12483777936874052,0.12383777936874052,2,2024-03-04,0.01503413973328982,0.1088036396354507,0.013670209104280184,0.011811121950072945,,,0.013670209104280184
MMM,5,0.01,2024-08-09,2024-08-16,118.897705078125,121.65541076660156,hold_days,0.023193935380540154,0.022193935380540153,2,2024-08-07,0.029319347860032208,-0.007125412479492055,0.018725050240075536,0.010909458886168677,,,0.018725050240075536
MMM,5,0.01,2025-05-07,2025-05-14,134.84066772460938,143.82745361328125,hold_days,0.06664744427864999,0.06564744427864999,1,2025-05-06,0.028347930352052186,0.037299513926597805,0.004492237363820539,,,,0.004492237363820539
MMM,5,0.01,2025-06-04,2025-06-11,143.486083984375,143.84768676757812,hold_days,0.0025201244131973777,0.0015201244131973777,2,2025-06-02,0.01945480819920209,-0.017934683786004713,0.011817014000491843,0.002800610243395729,,,0.011817014000491843
MMM,5,0.01,2026-06-18,2026-06-26,159.9000244140625,163.29515075683594,hold_days,0.02123280690678153,0.02023280690678153,1,2026-06-17,0.014094070219402344,0.006138736687379187,0.00860400388303395,,,,0.00860400388303395
MMM,5,0.01,2026-07-09,2026-07-16,154.66294860839844,161.06492614746094,hold_days,0.041393091213281386,0.040393091213281385,1,2026-07-08,0.011278930997386638,0.029114160215894747,0.004137115956343473,,,,0.004137115956343473
ABT,5,0.01,2015-09-11,2015-09-18,35.09718322753906,35.0324821472168,hold_days,-0.0018434835611393918,-0.002843483561139392,1,2015-09-10,0.001934077013465485,-0.004777560574604877,0.0067257545068419855,,,,0.0067257545068419855
ABT,5,0.01,2016-01-15,2016-01-25,33.175148010253906,32.45501708984375,hold_days,-0.021706939187960073,-0.022706939187960073,2,2016-01-13,-0.008456955868969884,-0.01424998331899019,0.02035739138475412,0.0064547741662288605,,,0.02035739138475412
ABT,5,0.01,2016-03-03,2016-03-10,31.76761245727539,31.939468383789062,hold_days,0.005409784155003816,0.004409784155003816,3,2016-02-29,-0.0004282952940458662,0.004838079449049682,0.015229840418062635,0.015487946793266039,0.0020650916602520386,,0.015487946793266039
ABT,5,0.01,2016-03-16,2016-03-23,32.88054275512695,33.371551513671875,hold_days,0.014933109900333363,0.013933109900333362,1,2016-03-15,0.006264041791296915,0.007669068109036448,0.007017689386017878,,,,0.007017689386017878
ABT,5,0.01,2016-06-28,2016-07-06,30.924278259277344,33.616580963134766,hold_days,0.08706113304519003,0.08606113304519003,1,2016-06-27,0.047137080865292225,0.038924052179897806,0.01650874001522884,,,,0.01650874001522884
ABT,5,0.01,2016-09-14,2016-09-21,33.80708694458008,34.72658920288086,hold_days,0.0271985060353801,0.026198506035380098,1,2016-09-13,0.018217179401486483,0.007981326633893615,0.004183491203348932,,,,0.004183491203348932
ABT,5,0.01,2017-02-09,2017-02-16,35.69331741333008,37.08613967895508,hold_days,0.039021933699691314,0.03802193369969131,1,2017-02-08,0.02111853552938725,0.016903398170304063,0.0033019533036420246,,,,0.0033019533036420246
ABT,5,0.01,2017-03-08,2017-03-15,38.059444427490234,38.025882720947266,hold_days,-0.0008818233436620471,-0.001881823343662047,1,2017-03-07,0.008418882310411657,-0.010300705654073705,0.007999798744659614,,,,0.007999798744659614
ABT,5,0.01,2017-05-19,2017-05-26,36.435035705566406,37.743507385253906,hold_days,0.0359124577305574,0.0349124577305574,1,2017-05-18,0.017212843461166694,0.017699614269390707,0.004188136099125828,,,,0.004188136099125828
ABT,5,0.01,2017-07-07,2017-07-14,40.89232635498047,41.51759719848633,resistance,0.015290664514363117,0.014290664514363116,1,2017-07-06,0.011677957570608744,0.0026127069437543726,0.010429891449988737,,,,0.010429891449988737
ABT,5,0.01,2017-08-11,2017-08-18,41.20351791381836,41.373291015625,hold_days,0.004120354532876069,0.0031203545328760693,1,2017-08-10,-0.008828230445474983,0.011948584978351051,0.00998761693339234,,,,0.00998761693339234
ABT,5,0.01,2017-11-02,2017-11-09,46.37810516357422,47.29936218261719,hold_days,0.019864050413308743,0.01886405041330874,1,2017-11-01,0.0034377093314963414,0.0154263410818124,0.006851839245462843,,,,0.006851839245462843
ABT,5,0.01,2018-06-28,2018-07-06,52.766571044921875,53.53306579589844,hold_days,0.014526142893083183,0.013526142893083182,1,2018-06-27,0.014325183242433148,-0.0007990403493499665,0.012894516162007541,,,,0.012894516162007541
ABT,5,0.01,2018-08-14,2018-08-21,55.045372009277344,56.01428985595703,hold_days,0.01760216729058328,0.01660216729058328,1,2018-08-13,0.011654459387661742,0.004947707902921539,0.0031530556693164513,,,,0.0031530556693164513
ABT,5,0.01,2018-09-07,2018-09-14,57.27729797363281,59.18915557861328,hold_days,0.033378976882962874,0.03237897688296287,1,2018-09-06,0.014068810088666117,0.018310166794296756,0.005772496028461749,,,,0.005772496028461749
ABT,5,0.01,2018-10-26,2018-11-02,58.190338134765625,60.97000503540039,hold_days,0.04776852978921009,0.04676852978921009,2,2018-10-24,0.02479263778231866,0.02197589200689143,0.010905367437254787,0.0007470382364569428,,,0.010905367437254787
ABT,5,0.01,2018-11-26,2018-12-03,59.771263122558594,64.51404571533203,hold_days,0.07934887678462732,0.07834887678462732,3,2018-11-23,0.053961158649316276,0.024387718135311043,0.010277393223142584,,,,0.010277393223142584
ABT,5,0.01,2019-05-31,2019-06-07,66.70824432373047,70.74773406982422,hold_days,0.06055458042772632,0.05955458042772632,2,2019-05-29,0.04438329098811589,0.015171289439610436,0.011233433972867468,0.006078874868495232,,,0.011233433972867468
ABT,5,0.01,2019-11-25,2019-12-03,74.60879516601562,74.49403381347656,hold_days,-0.0015381745849628592,-0.002538174584962859,4,2019-11-21,-0.01529321236415504,0.01275503777919218,0.0007170605905357785,0.009679543608744456,,,0.009679543608744456
ABT,5,0.01,2020-01-14,2020-01-22,76.03419494628906,81.46141052246094,hold_days,0.0713786156347902,0.0703786156347902,1,2020-01-13,0.00799467667804965,0.06238393895674055,0.011562170404656236,,,,0.011562170404656236
ABT,5,0.01,2020-02-07,2020-02-14,77.9230728149414,79.51045227050781,hold_days,0.020371109585684,0.019371109585684,4,2020-02-03,0.012079570133170403,0.007291539452513596,0.01343905780835497,0.02871577669986869,0.027682018225415828,,0.02871577669986869
ABT,5,0.01,2020-08-14,2020-08-21,89.39017486572266,91.5447006225586,hold_days,0.024102489564119978,0.023102489564119977,3,2020-08-11,-0.004896724087226523,0.0279992136513465,0.01605072549606623,0.020593362524041314,0.009388179701617316,,0.020593362524041314
ABT,5,0.01,2020-10-19,2020-10-26,96.90872955322266,97.76982879638672,hold_days,0.008885672602808592,0.007885672602808591,4,2020-10-15,-0.00993779055807098,0.01782346316087957,0.021897032123646687,0.006708924806211547,,,0.021897032123646687
ABT,5,0.01,2021-07-01,2021-07-06,105.8998794555664,107.40033721923828,resistance,0.014168644680105036,0.013168644680105035,1,2021-06-30,-0.0023698715399410597,0.015538516220046095,0.010609849371504554,,,,0.010609849371504554
ABT,5,0.01,2021-07-16,2021-07-23,106.62061309814453,109.6057357788086,hold_days,0.027997613162440205,0.026997613162440204,1,2021-07-15,0.017076152680290058,0.009921460482150146,0.007286132440144755,,,,0.007286132440144755
ABT,5,0.01,2021-11-24,2021-12-02,113.91818237304688,116.93305969238281,hold_days,0.026465286370731755,0.025465286370731754,1,2021-11-23,-0.028367673970910556,0.05383296034164231,0.004739706428490642,,,,0.004739706428490642
ABT,5,0.01,2022-04-01,2022-04-08,108.38782501220703,112.65643310546875,hold_days,0.039382726729510154,0.03838272672951015,1,2022-03-31,-0.003031553931104547,0.0414142806606147,0.0018586410270677867,,,,0.0018586410270677867
ABT,5,0.01,2023-04-27,2023-05-04,102.37834930419922,103.64990997314453,hold_days,0.012420210694813028,0.011420210694813027,1,2023-04-26,-0.026073615307495523,0.03749382600230855,0.00689658846566199,,,,0.00689658846566199
ABT,5,0.01,2023-09-08,2023-09-15,94.6303939819336,95.57923889160156,hold_days,0.010026851519281621,0.00902685151928162,1,2023-09-07,0.00567172748799516,0.0033551240312864605,0.0005959176534897637,,,,0.0005959176534897637
ABT,5,0.01,2023-09-29,2023-10-06,90.98535919189453,91.0135498046875,hold_days,0.00030983680279272896,-0.0006901631972072711,2,2023-09-27,-0.007860163399248554,0.007170000202041283,0.027111914603419773,0.013817708164195475,,,0.027111914603419773
ABT,5,0.01,2023-10-13,2023-10-20,85.84004211425781,91.42288970947266,hold_days,0.06503780121384106,0.06403780121384106,1,2023-10-12,-0.011258647437268232,0.0752964486511093,0.007539785201596594,,,,0.007539785201596594
ABT,5,0.01,2024-10-04,2024-10-11,108.01933288574219,111.35657501220703,hold_days,0.030894859626607873,0.029894859626607873,1,2024-10-03,0.00584925290485927,0.024045606721748602,0.0036532091849483805,,,,0.0036532091849483805
ABT,5,0.01,2025-04-29,2025-05-06,126.9818115234375,129.47279357910156,hold_days,0.019616841386802086,0.018616841386802085,4,2025-04-25,0.0037548778702221064,0.014861963516579979,0.005277509031802019,0.012805628271972624,,,0.012805628271972624
ABT,5,0.01,2025-10-06,2025-10-13,130.71861267089844,128.41192626953125,hold_days,-0.017646197081165327,-0.018646197081165328,4,2025-10-02,-0.017377384837145682,-0.0012688122440196459,0.012031014471283408,0.0056395710488872375,,,0.012031014471283408
ABT,5,0.01,2025-10-17,2025-10-24,126.19474792480469,124.53558349609375,hold_days,-0.013147650405384348,-0.014147650405384349,1,2025-10-16,0.021156361982530347,-0.035304012387914696,0.007130027963592189,,,,0.007130027963592189
ABT,5,0.01,2026-03-10,2026-03-17,109.082763671875,109.24063873291016,hold_days,0.0014472961237950166,0.0004472961237950166,4,2026-03-06,-0.004790790278229373,0.00523808640202439,0.028203717281229945,0.009036139689196476,,,0.028203717281229945
ABT,5,0.01,2026-08-05,2026-08-11,105.70999908447266,109.72000122070312,resistance,0.0379339908330345,0.0369339908330345,1,2026-08-04,0.004990771182474152,0.03194321965056035,0.002370567060215434,,,,0.002370567060215434
ABBV,5,0.01,2015-11-17,2015-11-24,38.918392181396484,39.40182113647461,hold_days,0.012421606545945929,0.011421606545945928,4,2015-11-13,0.020828552319654747,-0.009406945773708819,0.002505842929672042,0.008686856243315777,,,0.008686856243315777
ABBV,5,0.01,2016-05-20,2016-05-27,39.251304626464844,41.23722839355469,hold_days,0.05059510214982388,0.04959510214982388,1,2016-05-19,0.027129476319189605,0.022465625830634273,0.006916259786601486,,,,0.006916259786601486
ABBV,5,0.01,2016-07-20,2016-07-27,42.06357955932617,43.0519905090332,hold_days,0.023498022756550885,0.022498022756550884,1,2016-07-19,-0.006193045978703626,0.02869106873525451,0.001421388523398015,,,,0.001421388523398015
ABBV,5,0.01,2016-08-05,2016-08-12,44.13990020751953,44.57109069824219,hold_days,0.009768723732846096,0.008768723732846095,1,2016-08-04,0.0032263413844502153,0.00554238234839588,0.006656577200079061,,,,0.006656577200079061
ABBV,5,0.01,2017-01-12,2017-01-20,41.43937301635742,41.35147476196289,hold_days,-0.0021211289649540888,-0.0031211289649540888,1,2017-01-11,0.0016130632449089521,-0.004734192209863041,0.0022895724667446604,,,,0.0022895724667446604
ABBV,5,0.01,2017-02-13,2017-02-16,40.91867446899414,41.574623107910156,resistance,0.016030544670088354,0.015030544670088353,3,2017-02-10,0.010473267080957971,0.004557277589130382,0.001489361086314922,,,,0.001489361086314922
ABBV,5,0.01,2017-08-18,2017-08-24,48.209197998046875,49.69075393676758,resistance,0.03073181053086027,0.02973181053086027,1,2017-08-17,0.006039754448797563,0.023692056082062707,0.0015746698554741645,,,,0.0015746698554741645
ABBV,5,0.01,2018-06-28,2018-07-06,65.26673889160156,68.43721008300781,hold_days,0.0485771350805797,0.0475771350805797,1,2018-06-27,0.014325183242433148,0.033251951838146554,0.010053612418122304,,,,0.010053612418122304
ABBV,5,0.01,2018-11-26,2018-12-03,62.17586135864258,67.5254135131836,hold_days,0.08603905177418847,0.08503905177418847,3,2018-11-23,0.053961158649316276,0.03107789312487219,0.0071239417694441975,,,,0.0071239417694441975
ABBV,5,0.01,2019-01-29,2019-02-05,56.53803253173828,58.158226013183594,hold_days,0.02865670078872662,0.027656700788726618,1,2019-01-28,0.03213572441168733,-0.0044790236229607094,0.004277891008473755,,,,0.004277891008473755
ABBV,5,0.01,2019-03-26,2019-04-02,58.93910217285156,60.624961853027344,hold_days,0.028603416374271218,0.027603416374271217,1,2019-03-25,0.019769590857622754,0.007833825516648463,0.01572117895069547,,,,0.01572117895069547
ABBV,5,0.01,2019-04-22,2019-04-29,57.790531158447266,59.380409240722656,hold_days,0.027511048097418334,0.026511048097418333,4,2019-04-18,0.009689002427531124,0.01682204566988721,0.00747715286692352,,,,0.00747715286692352
ABBV,5,0.01,2020-01-02,2020-01-09,68.21073150634766,68.71344757080078,hold_days,0.007370043589201902,0.006370043589201902,3,2019-12-30,0.0034483505203914966,0.0029216930688104057,0.00022630373582210872,0.011636198640367246,,,0.011636198640367246
ABBV,5,0.01,2020-02-19,2020-02-26,72.6757583618164,68.25221252441406,hold_days,-0.060866868638366434,-0.061866868638366435,1,2020-02-18,-0.07856951087138797,0.016702642233021536,0.005662087440780228,,,,0.005662087440780228
ABBV,5,0.01,2020-08-11,2020-08-18,73.49406433105469,75.85741424560547,hold_days,0.03215701752327993,0.03115701752327993,1,2020-08-10,0.0023654725263886345,0.028791544996891294,0.003138957088978822,,,,0.003138957088978822
ABBV,5,0.01,2021-02-02,2021-02-09,84.14957427978516,85.71917724609375,hold_days,0.018652536031732003,0.017652536031732002,1,2021-02-01,0.03409234487142121,-0.016439808839689207,0.01143684029294989,,,,0.01143684029294989
ABBV,5,0.01,2021-06-03,2021-06-10,92.36715698242188,95.68451690673828,hold_days,0.035914929426134945,0.034914929426134944,1,2021-06-02,0.004854968571867513,0.03005996085426743,0.007271022446712072,,,,0.007271022446712072
ABBV,5,0.01,2021-07-20,2021-07-27,96.59308624267578,98.18285369873047,hold_days,0.016458397985758877,0.015458397985758876,1,2021-07-19,0.020321077336449278,-0.004862679350690402,0.00545834240661347,,,,0.00545834240661347
ABBV,5,0.01,2021-09-21,2021-09-28,89.18526458740234,89.34339904785156,hold_days,0.001773100760319446,0.000773100760319446,1,2021-09-20,0.01165914221224873,-0.010886041451929285,0.007048752268934866,,,,0.007048752268934866
ABBV,5,0.01,2021-12-01,2021-12-08,97.64618682861328,102.6670913696289,hold_days,0.0514193611044762,0.0504193611044762,1,2021-11-30,0.04214804850968856,0.008271312594787639,0.005465029936092991,,,,0.005465029936092991
ABBV,5,0.01,2022-05-02,2022-05-09,126.93262481689453,129.5851287841797,hold_days,0.020896944115915916,0.019896944115915915,3,2022-04-29,-0.02371207403416542,0.043609018150081336,0.006740197598621656,,,,0.006740197598621656
ABBV,5,0.01,2022-07-21,2022-07-28,128.01597595214844,129.7488555908203,hold_days,0.01353643266618243,0.012536432666182429,1,2022-07-20,0.020335951360989757,-0.007799518694807328,0.00040626034431601177,,,,0.00040626034431601177
ABBV,5,0.01,2022-12-19,2022-12-27,141.3445281982422,142.65748596191406,hold_days,0.009289059721012904,0.008289059721012904,3,2022-12-16,0.015177071631767403,-0.006888011910754499,0.006293383658386054,,,,0.006293383658386054
ABBV,5,0.01,2023-06-29,2023-07-07,118.80135345458984,120.82552337646484,hold_days,0.017038273243652258,0.016038273243652257,1,2023-06-28,-0.006125559435771644,0.0221638326794239,0.005433390872647159,,,,0.005433390872647159
ABBV,5,0.01,2024-03-04,2024-03-11,162.76409912109375,165.1359405517578,hold_days,0.014572264052525874,0.013572264052525873,4,2024-02-29,0.004129363800347674,0.009442900252178199,0.01624535904799429,0.005680204701574265,,,0.01624535904799429
ABBV,5,0.01,2024-04-29,2024-05-06,149.87391662597656,150.99667358398438,hold_days,0.007491343278962503,0.006491343278962503,3,2024-04-26,0.00875583742073549,-0.002264494141772987,0.011903349021634257,,,,0.011903349021634257
ABBV,5,0.01,2025-02-11,2025-02-19,182.77560424804688,188.0350341796875,hold_days,0.02877533877279914,0.02777533877279914,1,2025-02-10,0.008968163013590935,0.018807175759208206,0.007828214604864936,,,,0.007828214604864936
ABBV,5,0.01,2025-03-27,2025-04-03,193.15159606933594,192.12257385253906,hold_days,-0.005327536700382662,-0.006327536700382662,1,2025-03-26,-0.05019398584946699,0.04386644914908433,0.007054178002777078,,,,0.007054178002777078
ABBV,5,0.01,2025-08-08,2025-08-15,192.09080505371094,200.4708251953125,hold_days,0.04362530595495406,0.04262530595495406,2,2025-08-06,0.009618109779712558,0.033007196175241504,0.013041182673691365,0.008914916988215449,,,0.013041182673691365
ABBV,5,0.01,2026-01-21,2026-01-28,212.85646057128906,215.3380584716797,hold_days,0.011658550995963246,0.010658550995963245,1,2026-01-20,0.0021176371097360036,0.008540913886227242,0.009858048445928524,,,,0.009858048445928524
ABBV,5,0.01,2026-02-20,2026-02-27,221.38450622558594,228.54373168945312,hold_days,0.032338421445681886,0.031338421445681885,1,2026-02-19,-0.005005286827133304,0.03634370827281519,0.0020503533124736073,,,,0.0020503533124736073
ABBV,5,0.01,2026-03-24,2026-03-31,202.0733184814453,214.17604064941406,hold_days,0.05989272734727735,0.05889272734727735,1,2026-03-23,0.004584316555471091,0.05430841079180626,0.0013175910962719417,,,,0.0013175910962719417
ABBV,5,0.01,2026-04-10,2026-04-17,204.7715606689453,206.9072723388672,hold_days,0.010429727951210443,0.009429727951210443,3,2026-04-07,0.01996980167518747,-0.010540073723977028,0.02529435371700517,0.029219395303630158,0.007607715083847166,,0.029219395303630158
ABBV,5,0.01,2026-08-05,2026-08-12,246.1999969482422,248.75999450683594,hold_days,0.010398040578091239,0.009398040578091238,1,2026-08-04,0.006517424107188807,0.0028806164709024307,0.009844109378353227,,,,0.009844109378353227
ABBV,5,0.01,2026-08-21,2026-08-28,264.9599914550781,255.47999572753906,hold_days,-0.03577897053618495,-0.03677897053618495,1,2026-08-20,-0.0038069213475112607,-0.03297204918867369,0.011954340768178584,,,,0.011954340768178584
ACN,5,0.01,2015-08-07,2015-08-14,85.86404418945312,85.6240234375,hold_days,-0.002795358106165269,-0.003795358106165269,1,2015-08-06,0.007606945830890055,-0.011402303937055325,0.006207632763340687,,,,0.006207632763340687
ACN,5,0.01,2015-09-10,2015-09-17,80.128173828125,81.55179595947266,hold_days,0.01776681113937939,0.01676681113937939,1,2015-09-09,0.020730656926313262,-0.003963845786933873,0.013504698041498342,,,,0.013504698041498342
ACN,5,0.01,2016-02-10,2016-02-18,78.81400299072266,82.41966247558594,hold_days,0.045748970335737216,0.044748970335737215,1,2016-02-09,0.038618060045435554,0.006130910290301661,0.009536857303155344,,,,0.009536857303155344
ACN,5,0.01,2016-09-15,2016-09-22,93.52527618408203,96.0086898803711,hold_days,0.026553396018858644,0.025553396018858643,1,2016-09-14,0.016272958652935987,0.009280437365922656,0.008378928959662968,,,,0.008378928959662968
ACN,5,0.01,2016-10-11,2016-10-18,98.80464935302734,99.27767944335938,hold_days,0.004787528658108942,0.0037875286581089415,4,2016-10-07,-0.0018733352417541482,0.00566086389986309,0.012586188128964837,0.00836221648841562,,,0.012586188128964837
ACN,5,0.01,2016-12-05,2016-12-12,100.47256469726562,105.49958801269531,hold_days,0.050033791120756455,0.049033791120756454,3,2016-12-02,0.029692132640029012,0.01934165848072744,0.0036660974281224057,,,,0.0036660974281224057
ACN,5,0.01,2017-02-02,2017-02-09,96.9903335571289,99.84095764160156,hold_days,0.029390806072376208,0.028390806072376207,1,2017-02-01,0.014157603144224096,0.014233202928152111,0.0037981415147638753,,,,0.0037981415147638753
ACN,5,0.01,2017-05-19,2017-05-26,104.32618713378906,105.9732437133789,hold_days,0.015787566140777587,0.014787566140777586,1,2017-05-18,0.017212843461166694,-0.0024252773203891076,0.0048174389836252995,,,,0.0048174389836252995
ACN,5,0.01,2017-06-23,2017-06-30,105.84388732910156,106.65451049804688,hold_days,0.007658667773839722,0.006658667773839722,1,2017-06-22,-0.003315928882871466,0.009974596656711188,0.0054062844623548045,,,,0.0054062844623548045
ACN,5,0.01,2017-07-28,2017-08-04,110.72474670410156,112.27698516845703,hold_days,0.014018893793486198,0.013018893793486197,1,2017-07-27,0.0060163044322874,0.007002589361198797,0.0018727323460390188,,,,0.0018727323460390188
ACN,5,0.01,2018-04-12,2018-04-19,131.83570861816406,135.7884063720703,hold_days,0.02998199649652178,0.028981996496521778,1,2018-04-11,0.009229017869696321,0.019752978626825457,0.011387967341944805,,,,0.011387967341944805
ACN,5,0.01,2018-11-26,2018-12-03,140.40670776367188,147.87020874023438,hold_days,0.053156299264026874,0.05215629926402687,3,2018-11-23,0.053961158649316276,-0.0018048593852894035,0.009367509636862392,,,,0.009367509636862392
ACN,5,0.01,2019-06-28,2019-07-08,165.13778686523438,170.0891571044922,hold_days,0.029983266296880418,0.028983266296880417,1,2019-06-27,0.01101019097591216,0.017973075320968257,0.00967226260041354,,,,0.00967226260041354
ACN,5,0.01,2019-08-26,2019-08-27,174.7008819580078,176.21128845214844,resistance,0.008645671831832402,0.007645671831832402,3,2019-08-23,-0.0020890814408920377,0.009734753272724439,0.013796031006801934,,,,0.013796031006801934
ACN,5,0.01,2019-09-25,2019-10-02,170.589599609375,165.2092742919922,hold_days,-0.031539585822951466,-0.03253958582295147,1,2019-09-24,-0.03510580177480371,0.0025662159518522465,0.003839003394539242,,,,0.003839003394539242
ACN,5,0.01,2019-10-23,2019-10-30,165.21896362304688,167.47193908691406,hold_days,0.013636300667079881,0.01263630066707988,1,2019-10-22,0.010899408922023568,0.0017368917450563126,0.00738846501090018,,,,0.00738846501090018
ACN,5,0.01,2021-06-07,2021-06-14,259.0350341796875,262.2662048339844,hold_days,0.012473875066858708,0.011473875066858708,4,2021-06-03,-0.0014949937276352854,0.012968868794493993,0.012659644006735027,0.00915485305178021,,,0.012659644006735027
ACN,5,0.01,2021-08-03,2021-08-10,293.2093200683594,294.7374267578125,hold_days,0.005211657968774208,0.004211657968774208,1,2021-08-02,0.006153056829475867,-0.0019413988607016588,0.007719827821293324,,,,0.007719827821293324
ACN,5,0.01,2021-10-21,2021-10-28,320.4853210449219,328.97943115234375,hold_days,0.02650389752556337,0.025503897525563368,1,2021-10-20,0.004345921881991455,0.021157975643571914,0.0038170551142115983,,,,0.0038170551142115983
ACN,5,0.01,2022-01-10,2022-01-18,344.37957763671875,322.3900146484375,hold_days,-0.06385269166999719,-0.06485269166999719,3,2022-01-07,-0.011388903254679339,-0.05346378841531785,0.006068884946701214,,,,0.006068884946701214
ACN,5,0.01,2022-03-24,2022-03-31,301.1090393066406,312.1614990234375,hold_days,0.03670583833101526,0.03570583833101526,1,2022-03-23,-0.0010980083138214525,0.03680384664483671,0.014945717443092477,,,,0.014945717443092477
ACN,5,0.01,2022-09-29,2022-10-06,240.63583374023438,251.0711212158203,hold_days,0.04336547601156848,0.04236547601156848,2,2022-09-27,0.03233988288634637,0.01002559312522211,0.0218070500223575,0.007529103570358631,,,0.0218070500223575
ACN,5,0.01,2023-01-26,2023-02-02,257.72027587890625,276.36383056640625,hold_days,0.07234027134232912,0.07134027134232912,1,2023-01-25,0.018088028137848156,0.053252243204480965,0.004026937239057782,,,,0.004026937239057782
ACN,5,0.01,2023-08-08,2023-08-15,298.3863220214844,291.0485534667969,hold_days,-0.024591504412722953,-0.025591504412722954,4,2023-08-04,-0.012593190107947128,-0.012998314304775826,0.012403775079947499,0.010096081580240002,,,0.012403775079947499
ACN,5,0.01,2024-09-20,2024-09-27,323.4777526855469,336.4468688964844,hold_days,0.04009276094960623,0.03909276094960623,1,2024-09-19,0.005605761997662828,0.0334869989519434,0.002923220218256972,,,,0.002923220218256972
ACN,5,0.01,2024-10-08,2024-10-11,346.72210693359375,348.48114013671875,resistance,0.005073322894469712,0.004073322894469712,1,2024-10-07,0.013878583658932797,-0.009805260764463086,0.010033670189320887,,,,0.010033670189320887
ACN,5,0.01,2025-01-15,2025-01-23,337.8453063964844,352.4068603515625,hold_days,0.043101246870628884,0.04210124687062888,1,2025-01-14,0.02912423905111927,0.012977007819509612,0.0021203772106159757,,,,0.0021203772106159757
ACN,5,0.01,2025-08-27,2025-09-04,251.92861938476562,247.83302307128906,hold_days,-0.016256971214617888,-0.01725697121461789,1,2025-08-26,0.002019986463167367,-0.019276957677785256,0.006655658144726129,,,,0.006655658144726129
ACN,5,0.01,2026-03-27,2026-04-06,188.71131896972656,194.93310546875,hold_days,0.03296986387987433,0.03196986387987433,2,2026-03-25,0.023893928251520702,0.008075935628353625,0.0214779892703596,0.001612232068767483,,,0.0214779892703596
ADBE,5,0.01,2015-07-09,2015-07-16,80.47000122070312,82.5199966430664,hold_days,0.025475275149317023,0.024475275149317022,1,2015-07-08,0.03725415126299736,-0.012778876113680337,0.006000792220935969,,,,0.006000792220935969
ADBE,5,0.01,2016-02-11,2016-02-19,74.94000244140625,80.87000274658203,hold_days,0.07912997213754158,0.07812997213754158,2,2016-02-09,0.051233033482733115,0.026896938654808467,0.022748819768283246,0.014759701960821658,,,0.022748819768283246
ADBE,5,0.01,2016-03-10,2016-03-16,84.8499984741211,88.16999816894531,resistance,0.03912786982355465,0.03812786982355465,2,2016-03-08,0.0220085625401667,0.01611930728338795,0.010906913877746893,0.005927682383460864,,,0.010906913877746893
ADBE,5,0.01,2016-05-05,2016-05-12,93.5,95.95999908447266,hold_days,0.026310150636071228,0.025310150636071227,1,2016-05-04,0.01151894206395121,0.013791208572120017,0.006025366299584389,,,,0.006025366299584389
ADBE,5,0.01,2016-08-03,2016-08-10,96.66999816894531,100.62000274658203,hold_days,0.040860708104426546,0.039860708104426545,1,2016-08-02,0.0112506063965081,0.028610101707918445,0.0064549203278359,,,,0.0064549203278359
ADBE,5,0.01,2016-09-14,2016-09-21,98.79000091552734,107.77999877929688,hold_days,0.09100109100572462,0.09000109100572462,1,2016-09-13,0.018217179401486483,0.07178391160423814,0.00020253389835800384,,,,0.00020253389835800384
ADBE,5,0.01,2016-12-02,2016-12-09,99.7300033569336,104.30999755859375,hold_days,0.045923935099734914,0.04492393509973491,1,2016-12-01,0.03619730787138731,0.008726627228347605,0.0022108453017812835,,,,0.0022108453017812835
ADBE,5,0.01,2017-06-13,2017-06-20,139.08999633789062,140.91000366210938,hold_days,0.01308510584612721,0.012085105846127209,1,2017-06-12,0.0007161176528580615,0.011368988193269147,0.013406166396288777,,,,0.013406166396288777
ADBE,5,0.01,2017-07-28,2017-08-04,146.72999572753906,147.7100067138672,hold_days,0.00667900916556885,0.00567900916556885,1,2017-07-27,0.0060163044322874,-0.0003372952667185505,0.0036251627247605445,,,,0.0036251627247605445
ADBE,5,0.01,2017-09-26,2017-10-03,145.39999389648438,148.60000610351562,hold_days,0.022008337973586478,0.021008337973586477,1,2017-09-25,0.016230012418329887,0.004778325555256591,0.005741070278873606,,,,0.005741070278873606
ADBE,5,0.01,2017-11-01,2017-11-08,176.25,184.05999755859375,hold_days,0.04431204288563828,0.04331204288563828,1,2017-10-31,0.009502181012190025,0.033809861873448255,0.006222860899188332,,,,0.006222860899188332
ADBE,5,0.01,2018-06-28,2018-07-06,239.80999755859375,248.19000244140625,hold_days,0.03494435164557719,0.03394435164557719,1,2018-06-27,0.014325183242433148,0.01961916840314404,0.008961649900915525,,,,0.008961649900915525
ADBE,5,0.01,2018-09-06,2018-09-13,259.75,268.5199890136719,hold_days,0.03376319158295238,0.03276319158295238,1,2018-09-05,0.01369891922105193,0.019064272361900447,0.014093796927892477,,,,0.014093796927892477
ADBE,5,0.01,2018-11-02,2018-11-09,239.63999938964844,244.83999633789062,hold_days,0.021699202810408602,0.0206992028104086,3,2018-10-30,0.025245649177614737,-0.004546446367206136,0.030829204864840642,0.028815884449731932,0.005159161564723069,,0.030829204864840642
ADBE,5,0.01,2019-12-12,2019-12-19,305.9599914550781,327.6300048828125,hold_days,0.07082629766289572,0.06982629766289572,1,2019-12-11,0.010460989143773691,0.05936530851912203,0.007308886850855956,,,,0.007308886850855956
ADBE,5,0.01,2020-03-16,2020-03-23,286.0299987792969,307.2699890136719,hold_days,0.07425791114576041,0.07325791114576041,4,2020-03-12,-0.08009831123717526,0.15335622238293567,0.17719298245614046,0.003614030804550472,,,0.17719298245614046
ADBE,5,0.01,2020-11-19,2020-11-27,466.4100036621094,477.0299987792969,hold_days,0.022769655525830323,0.021769655525830323,1,2020-11-18,0.02718203986227241,-0.005412384336442089,0.015104364643977464,,,,0.015104364643977464
ADBE,5,0.01,2021-08-11,2021-08-18,626.030029296875,626.77001953125,hold_days,0.0011820363237304843,0.00018203632373048426,1,2021-08-10,-0.016059433877376517,0.016241470201107,0.006900053285751717,,,,0.006900053285751717
ADBE,5,0.01,2022-04-08,2022-04-18,445.3399963378906,425.4700012207031,hold_days,-0.0446175849476399,-0.0456175849476399,2,2022-04-06,-0.011972652956729557,-0.03364493199091034,0.018882395746371516,0.0022731073664792323,,,0.018882395746371516
ADBE,5,0.01,2022-04-25,2022-05-02,413.95001220703125,407.2900085449219,hold_days,-0.016088907997853785,-0.017088907997853786,3,2022-04-22,-0.03147802370788244,0.014389115710028655,0.012919956458294246,,,,0.012919956458294246
ADBE,5,0.01,2023-02-08,2023-02-15,378.3599853515625,375.94000244140625,hold_days,-0.006395980029198056,-0.007395980029198056,2,2023-02-06,0.006340008188729929,-0.013735988217927986,0.022892615426231444,0.008341481953980434,,,0.022892615426231444
ADBE,5,0.01,2023-06-28,2023-07-06,482.42999267578125,481.2900085449219,hold_days,-0.0023630042662490247,-0.0033630042662490247,2,2023-06-26,0.002695147971968792,-0.006058152238217817,0.02035406779686899,0.006089513984459893,,,0.02035406779686899
ADBE,5,0.01,2024-02-07,2024-02-14,615.8499755859375,604.6599731445312,hold_days,-0.01817001361534476,-0.01917001361534476,1,2024-02-06,0.0004196320670146747,-0.019589645682359436,0.014345885178632889,,,,0.014345885178632889
ADBE,5,0.01,2024-04-17,2024-04-24,474.45001220703125,477.1199951171875,hold_days,0.005627532598715845,0.004627532598715845,2,2024-04-15,0.02248413571424379,-0.017856603115527947,0.01301849614492423,0.009253363214289712,,,0.01301849614492423
ADBE,5,0.01,2025-10-03,2025-10-10,346.739990234375,337.510009765625,hold_days,-0.02661931340111967,-0.02761931340111967,2,2025-10-01,-0.025859008674870454,-0.0017603047262492177,0.022576544100040064,0.008786189348733098,,,0.022576544100040064
ADBE,5,0.01,2025-12-10,2025-12-16,343.1300048828125,347.8900146484375,resistance,0.01387232156293261,0.01287232156293261,2,2025-12-08,-0.003834756067496614,0.016707077630429223,0.015333841359706168,0.01182475177920228,,,0.015333841359706168
ADBE,5,0.01,2026-01-06,2026-01-13,335.989990234375,309.92999267578125,hold_days,-0.07756182718543247,-0.07856182718543248,1,2026-01-05,0.011273996157185273,-0.08983582334261775,0.013361058958864191,,,,0.013361058958864191
ADBE,5,0.01,2026-05-14,2026-05-21,237.00999450683594,244.10000610351562,hold_days,0.02991439922789918,0.02891439922789918,1,2026-05-13,0.012996322260320436,0.015918076967578743,0.003981815366008057,,,,0.003981815366008057
GOOG,5,0.01,2015-12-15,2015-12-22,36.82123565673828,37.14814376831055,hold_days,0.008878249350994905,0.007878249350994904,4,2015-12-11,-0.002664792108751035,0.010543041459745939,0.012045364594848174,0.00613082675841059,,,0.012045364594848174
GOOG,5,0.01,2016-02-10,2016-02-18,33.88505554199219,34.540348052978516,hold_days,0.019338687822844314,0.018338687822844313,1,2016-02-09,0.038618060045435554,-0.02027937222259124,0.00886308002508196,,,,0.00886308002508196
GOOG,5,0.01,2017-02-02,2017-02-09,39.55187225341797,40.098201751708984,hold_days,0.013812987026013746,0.012812987026013745,1,2017-02-01,0.014157603144224096,-0.001344616118210351,0.003562801330342147,,,,0.003562801330342147
GOOG,5,0.01,2017-03-27,2017-04-03,40.59103012084961,41.53410720825195,hold_days,0.023233632765528922,0.02223363276552892,3,2017-03-24,0.008878574238084802,0.01335505852744412,0.006237413397365277,,,,0.006237413397365277
GOOG,5,0.01,2017-06-20,2017-06-27,47.08552551269531,45.931453704833984,hold_days,-0.02451011845562101,-0.02551011845562101,4,2017-06-16,-0.010656636279819498,-0.014853482175801513,0.018717195245588458,0.01154527393135174,,,0.018717195245588458
GOOG,5,0.01,2017-09-19,2017-09-26,45.65803527832031,45.80911636352539,hold_days,0.003308970355034413,0.002308970355034413,1,2017-09-18,-0.0019484187138361087,0.004257389068870522,0.0074424101220817995,,,,0.0074424101220817995
GOOG,5,0.01,2017-10-24,2017-10-31,48.07168197631836,50.35504913330078,hold_days,0.04749921498705367,0.04649921498705367,1,2017-10-23,-0.0002594052278944714,0.04675862021494814,0.002158006713074201,,,,0.002158006713074201
GOOG,5,0.01,2017-12-05,2017-12-12,49.78594970703125,51.535865783691406,hold_days,0.03514879372509028,0.034148793725090276,1,2017-12-04,0.014156686518914885,0.01999210720617539,0.006478714788327844,,,,0.006478714788327844
GOOG,5,0.01,2018-03-02,2018-03-09,53.43983459472656,57.45777893066406,hold_days,0.07518631684413912,0.07418631684413912,1,2018-03-01,0.03779335778639292,0.0363929590577462,0.008788869956553258,,,,0.008788869956553258
GOOG,5,0.01,2018-05-02,2018-05-09,50.73842239379883,53.630035400390625,hold_days,0.05699059746377144,0.05599059746377144,2,2018-04-30,0.02950522608545314,0.0264853713783183,0.01963974595347473,0.006929924929787834,,,0.01963974595347473
GOOG,5,0.01,2018-09-19,2018-09-26,58.00510025024414,58.4706916809082,hold_days,0.008026732626190025,0.007026732626190025,2,2018-09-17,0.00446384105842168,0.002562891567768345,0.004472097854788082,0.013009908793267133,,,0.013009908793267133
GOOG,5,0.01,2018-10-15,2018-10-22,54.1000862121582,54.54140090942383,hold_days,0.008157375120160903,0.0071573751201609035,4,2018-10-11,0.0003898215180107023,0.006767553602150201,0.028499603079036318,0.011979913123366659,,,0.028499603079036318
GOOG,5,0.01,2019-07-22,2019-07-29,56.36959457397461,61.38904571533203,hold_days,0.08904536531250584,0.08804536531250584,3,2019-07-19,0.012171248562803827,0.07587411674970201,0.0070525259676208485,,,,0.0070525259676208485
GOOG,5,0.01,2019-10-03,2019-10-10,58.83424377441406,59.8664665222168,hold_days,0.01754459106775541,0.01654459106775541,1,2019-10-02,0.011637753234040593,0.004906837833714817,0.009518760121013603,,,,0.009518760121013603
GOOG,5,0.01,2019-12-31,2020-01-08,66.22374725341797,69.55717468261719,hold_days,0.05033583219691895,0.04933583219691895,1,2019-12-30,0.006978362895855517,0.04235746930106343,0.0006584918530654349,,,,0.0006584918530654349
GOOG,5,0.01,2020-06-12,2020-06-19,69.99601745605469,70.9143295288086,hold_days,0.013119490310008697,0.012119490310008696,1,2020-06-11,0.012119966575613317,-4.7626560462088463e-07,0.006653147363549383,,,,0.006653147363549383
GOOG,5,0.01,2020-08-05,2020-08-12,72.98917388916016,74.62418365478516,hold_days,0.022400716140559274,0.021400716140559273,1,2020-08-04,0.027830358642495723,-0.00642964250193645,0.005897856150896219,,,,0.005897856150896219
GOOG,5,0.01,2021-03-29,2021-04-06,101.83297729492188,110.19377899169922,hold_days,0.08210308604218985,0.08110308604218985,3,2021-03-26,0.013812041721559476,0.06729104432063038,0.0100217827994733,,,,0.0100217827994733
GOOG,5,0.01,2021-05-13,2021-05-20,112.03731536865234,116.69915771484375,hold_days,0.041609729141151686,0.040609729141151685,1,2021-05-12,0.0024885642235303873,0.0381211649176213,0.010222853711852942,,,,0.010222853711852942
GOOG,5,0.01,2021-11-11,2021-11-18,145.37107849121094,149.294921875,hold_days,0.026991912177540156,0.025991912177540155,1,2021-11-10,0.005383817019838366,0.02060809515770179,0.0008316943516428754,,,,0.0008316943516428754
GOOG,5,0.01,2022-02-14,2022-02-22,134.030517578125,128.18833923339844,hold_days,-0.04358841889363907,-0.04458841889363907,3,2022-02-11,-0.02341786185625383,-0.02117055703738524,0.00872314955768716,,,,0.00872314955768716
GOOG,5,0.01,2022-03-08,2022-03-15,126.08425903320312,128.4439239501953,hold_days,0.01871498421044615,0.01771498421044615,1,2022-03-07,0.01874019018630335,-0.0010252059758572019,0.006436495618323157,,,,0.006436495618323157
GOOG,5,0.01,2023-02-27,2023-03-06,89.2546157836914,94.68318939208984,hold_days,0.06082120863703655,0.05982120863703655,3,2023-02-24,0.019644318761483426,0.04017688987555312,0.008394161496240393,,,,0.008394161496240393
GOOG,5,0.01,2023-12-06,2023-12-13,130.1968231201172,132.71299743652344,hold_days,0.019325927131761622,0.01832592713176162,2,2023-12-04,0.02994552833489772,-0.011619601203136098,0.013473035004539113,0.006124063941849611,,,0.013473035004539113
GOOG,5,0.01,2024-02-01,2024-02-08,141.37098693847656,145.8386688232422,hold_days,0.03160253727810436,0.030602537278104358,1,2024-01-31,0.0030980810156495675,0.02750445626245479,0.006417468270856208,,,,0.006417468270856208
GOOG,5,0.01,2024-05-31,2024-06-07,172.32777404785156,174.29908752441406,hold_days,0.011439325363856279,0.010439325363856278,1,2024-05-30,0.00585760878712871,0.004581716576727568,0.0023047286297190883,,,,0.0023047286297190883
GOOG,5,0.01,2024-08-07,2024-08-14,159.42291259765625,160.6923828125,hold_days,0.00796290943477862,0.00696290943477862,1,2024-08-06,0.029539627858246043,-0.022576718423467423,0.0013080907940941078,,,,0.0013080907940941078
GOOG,5,0.01,2024-10-10,2024-10-17,162.04588317871094,163.3666534423828,hold_days,0.008150594373417475,0.007150594373417475,1,2024-10-09,0.0141455786171798,-0.006994984243762325,0.0007358629781484272,,,,0.0007358629781484272
GOOG,5,0.01,2025-06-04,2025-06-11,168.59544372558594,178.16522216796875,hold_days,0.056761785674107834,0.05576178567410783,1,2025-06-03,0.01945480819920209,0.036306977474905744,0.01001738107256589,,,,0.01001738107256589
GOOG,5,0.01,2026-09-10,2026-09-17,330.3900146484375,343.67999267578125,hold_days,0.04022512012502988,0.03922512012502988,1,2026-09-09,0.0007573903351121292,0.03846772978991775,0.006120987075148854,,,,0.006120987075148854
MO,5,0.01,2016-02-05,2016-02-12,29.254796981811523,29.33797264099121,hold_days,0.0028431460054705315,0.0018431460054705315,1,2016-02-04,-0.010485261182683225,0.012328407188153756,0.005379634905073871,,,,0.005379634905073871
MO,5,0.01,2016-03-28,2016-04-04,30.42289924621582,31.212722778320312,hold_days,0.0259614813733684,0.0249614813733684,4,2016-03-24,0.012169093383097351,0.012792387990271048,0.012319233706281407,,,,0.012319233706281407
MO,5,0.01,2016-09-20,2016-09-27,31.65079689025879,31.826704025268555,hold_days,0.005557747427961335,0.004557747427961335,1,2016-09-19,0.009943394246002768,-0.005385646818041433,0.003986205918497854,,,,0.003986205918497854
MO,5,0.01,2016-10-06,2016-10-13,31.052656173706055,31.510055541992188,hold_days,0.014729798498636537,0.013729798498636536,1,2016-10-05,-0.014463314927403603,0.02819311342604014,0.009147422419692353,,,,0.009147422419692353
MO,5,0.01,2017-10-09,2017-10-16,33.11671447753906,34.054420471191406,hold_days,0.02831518791782095,0.02731518791782095,3,2017-10-06,0.0071747506683901285,0.02014043724943082,0.016307088741674747,,,,0.016307088741674747
MO,5,0.01,2017-11-07,2017-11-14,33.502220153808594,34.24197006225586,resistance,0.0220806234646862,0.0210806234646862,1,2017-11-06,-0.0018730211017958798,0.02295364456648208,0.013554247631177407,,,,0.013554247631177407
MO,5,0.01,2018-01-18,2018-01-25,36.8108024597168,36.74772644042969,hold_days,-0.0017135192680500788,-0.002713519268050079,2,2018-01-16,0.01712256306982285,-0.01983608233787293,0.017846577244768902,0.0161056711965184,,,0.017846577244768902
MO,5,0.01,2018-03-26,2018-04-03,31.663497924804688,33.28916931152344,hold_days,0.0513421287369904,0.0503421287369904,3,2018-03-23,-0.01649600979156962,0.06683813852856002,0.005567427953925508,,,,0.005567427953925508
MO,5,0.01,2019-04-04,2019-04-11,30.66377830505371,31.438800811767578,hold_days,0.025274853574914324,0.024274853574914323,1,2019-04-03,0.0012513968105323237,0.023023456764382,0.01148558414576284,,,,0.01148558414576284
MO,5,0.01,2019-05-14,2019-05-21,29.141820907592773,29.130592346191406,hold_days,-0.00038530747398979326,-0.0013853074739897933,1,2019-05-13,0.01198708753788802,-0.013372395011877813,0.008747798376768978,,,,0.008747798376768978
MO,5,0.01,2019-07-01,2019-07-09,27.20492935180664,27.58142852783203,hold_days,0.013839373414891387,0.012839373414891386,3,2019-06-28,0.0030304852305129693,0.009808888184378417,0.007180508943559927,,,,0.007180508943559927
MO,5,0.01,2019-11-01,2019-11-08,26.199628829956055,26.98457908630371,hold_days,0.029960357890649325,0.028960357890649324,1,2019-10-31,0.01742571167946605,0.011534646211183275,0.006027677175302282,,,,0.006027677175302282
MO,5,0.01,2020-04-22,2020-04-29,22.963056564331055,24.578550338745117,hold_days,0.07035186147315597,0.06935186147315597,1,2020-04-21,0.06273572006354033,0.006616141409615639,0.001323925296280004,,,,0.001323925296280004
MO,5,0.01,2021-09-16,2021-09-23,33.227657318115234,33.24127960205078,hold_days,0.00040996823234129565,-0.0005900317676587044,2,2021-09-14,-0.0029331626603792404,0.002343130892720536,0.01777961979741871,0.008683045896050068,,,0.01777961979741871
MO,5,0.01,2021-10-01,2021-10-08,31.232227325439453,31.824731826782227,hold_days,0.018970933298124493,0.017970933298124492,1,2021-09-30,0.013013769516402318,0.004957163781722174,0.007469260669937361,,,,0.007469260669937361
MO,5,0.01,2021-12-01,2021-12-08,29.277658462524414,30.319644927978516,hold_days,0.03558981558541818,0.03458981558541818,1,2021-11-30,0.04214804850968856,-0.0075582329242703805,0.008208168220650292,,,,0.008208168220650292
MO,5,0.01,2022-11-17,2022-11-25,32.136131286621094,32.92353820800781,hold_days,0.02450223128490059,0.023502231284900588,1,2022-11-16,0.020811530558125124,0.0026907007267754635,0.002065081284696735,,,,0.002065081284696735
MO,5,0.01,2023-03-24,2023-03-31,33.727569580078125,34.22615432739258,hold_days,0.014782706062785866,0.013782706062785866,1,2023-03-23,0.03396541146563936,-0.020182705402853496,0.011735077803593397,,,,0.011735077803593397
MO,5,0.01,2023-05-31,2023-06-07,34.0727424621582,34.594337463378906,hold_days,0.015308277629838551,0.01430827762983855,1,2023-05-30,0.03242507488054347,-0.01811679725070492,0.002256432330145275,,,,0.002256432330145275
MO,5,0.01,2023-10-27,2023-11-03,31.46673583984375,32.563663482666016,hold_days,0.03485991201646388,0.03385991201646388,1,2023-10-26,0.056294761371520785,-0.022434849355056907,0.0010188801056256747,,,,0.0010188801056256747
MO,5,0.01,2024-05-30,2024-06-06,38.072975158691406,39.12031555175781,hold_days,0.02750876149554915,0.02650876149554915,1,2024-05-29,0.019542269768027642,0.006966491727521507,0.0064228695499513044,,,,0.0064228695499513044
MO,5,0.01,2024-06-17,2024-06-25,38.272789001464844,39.74546813964844,hold_days,0.038478490243478936,0.037478490243478935,3,2024-06-14,0.015084248673933098,0.022394241569545836,0.008574152247823541,,,,0.008574152247823541
MO,5,0.01,2024-11-08,2024-11-15,47.187198638916016,48.828495025634766,hold_days,0.03478266212152614,0.03378266212152614,1,2024-11-07,-0.014432515269408364,0.048215177390934505,0.00952557156244982,,,,0.00952557156244982
MO,5,0.01,2025-04-29,2025-05-06,53.247802734375,54.797119140625,hold_days,0.029096344387743445,0.028096344387743444,1,2025-04-28,0.0037548778702221064,0.024341466517521337,0.009967488935001212,,,,0.009967488935001212
MO,5,0.01,2025-10-17,2025-10-24,60.929298400878906,60.5733642578125,hold_days,-0.005841756796944653,-0.006841756796944653,1,2025-10-16,0.021156361982530347,-0.027998118779475,0.012293866870356052,,,,0.012293866870356052
MO,5,0.01,2025-11-25,2025-12-03,54.644351959228516,54.70991134643555,hold_days,0.0011997468147475487,0.00019974681474754872,1,2025-11-24,0.016736043969104886,-0.016536297154357338,0.01761734554879535,,,,0.01761734554879535
MO,5,0.01,2025-12-22,2025-12-30,54.897247314453125,55.10073471069336,hold_days,0.003706695803427973,0.002706695803427973,3,2025-12-19,0.004625477137367939,-0.0019187813339399664,0.009299154540066246,,,,0.009299154540066246
MO,5,0.01,2026-03-25,2026-04-01,61.85237503051758,63.50099563598633,hold_days,0.026654119662427256,0.025654119662427255,1,2026-03-24,-0.0006969376761939428,0.026351057338621198,0.008220042315542964,,,,0.008220042315542964
MO,5,0.01,2026-04-20,2026-04-27,62.657291412353516,64.00527954101562,hold_days,0.021513667416468207,0.020513667416468206,3,2026-04-17,-0.016854937703767114,0.03736860512023532,0.006856827603117122,,,,0.006856827603117122
MO,5,0.01,2026-05-11,2026-05-18,66.5363998413086,71.49195861816406,hold_days,0.07447891362734738,0.07347891362734738,3,2026-05-08,0.01429954794139987,0.059179365685947505,0.007193165314955063,,,,0.007193165314955063
AMZN,5,0.01,2016-01-19,2016-01-26,28.724000930786133,30.0625,hold_days,0.046598629224359644,0.045598629224359644,4,2016-01-15,0.008867769307097983,0.03673085991726166,0.007541483276127581,,,,0.007541483276127581
AMZN,5,0.01,2016-05-18,2016-05-25,34.872501373291016,35.41749954223633,hold_days,0.01562830733337428,0.01462830733337428,1,2016-05-17,0.02388800223573795,-0.009259694902363669,0.003135505889745094,,,,0.003135505889745094
AMZN,5,0.01,2016-08-04,2016-08-11,38.03850173950195,38.5620002746582,hold_days,0.013762333194438314,0.012762333194438313,1,2016-08-03,0.017401137538891387,-0.0046388043444530735,0.008123166239301094,,,,0.008123166239301094
AMZN,5,0.01,2016-09-13,2016-09-20,38.050498962402344,39.01100158691406,hold_days,0.025242839140185547,0.024242839140185546,4,2016-09-09,0.005092472758791766,0.01915036638139378,0.014931488109319435,0.001144499512059527,,,0.014931488109319435
AMZN,5,0.01,2017-02-07,2017-02-14,40.625,41.81949996948242,hold_days,0.029403076171875098,0.028403076171875097,1,2017-02-06,0.020588147858059846,0.00781492831381525,0.006017533324283564,,,,0.006017533324283564
AMZN,5,0.01,2018-04-25,2018-05-02,73.00849914550781,78.48400115966797,hold_days,0.07499814512345115,0.07399814512345115,1,2018-04-24,-0.005604181870648373,0.07960232699409953,5.476104433066453e-05,,,,5.476104433066453e-05
AMZN,5,0.01,2018-08-21,2018-08-28,94.1709976196289,96.64099884033203,hold_days,0.02622889512841131,0.02522889512841131,1,2018-08-20,0.009977694797408843,0.015251200331002468,0.0035753524597155195,,,,0.0035753524597155195
AMZN,5,0.01,2018-09-19,2018-09-26,96.32099914550781,98.74250030517578,hold_days,0.025139909066037802,0.0241399090660378,2,2018-09-17,0.00446384105842168,0.01967606800761612,0.017305818361681213,0.009638237221664347,,,0.017305818361681213
AMZN,5,0.01,2018-11-23,2018-11-30,75.10299682617188,84.50849914550781,hold_days,0.12523471388372487,0.12423471388372487,3,2018-11-20,0.05795882336040026,0.06627589052332461,0.014223040580892299,0.004413280062020464,,,0.014223040580892299
AMZN,5,0.01,2019-05-14,2019-05-21,92.00599670410156,92.8759994506836,hold_days,0.009455935240612945,0.008455935240612944,1,2019-05-13,0.01198708753788802,-0.0035311522972750753,0.009568262041155462,,,,0.009568262041155462
AMZN,5,0.01,2019-09-12,2019-09-19,92.17749786376953,91.07499694824219,hold_days,-0.011960629666437073,-0.012960629666437073,2,2019-09-10,-0.0013720577428822933,-0.01158857192355478,0.0013402724765312346,0.012633562078980365,,,0.012633562078980365
AMZN,5,0.01,2019-12-11,2019-12-18,87.43599700927734,89.20149993896484,hold_days,0.020191945995654104,0.019191945995654103,1,2019-12-10,0.017055114049256526,0.002136831946397577,0.005467935101741261,,,,0.005467935101741261
AMZN,5,0.01,2021-01-19,2021-01-26,156.03799438476562,166.30650329589844,hold_days,0.06580774734781736,0.06480774734781736,4,2021-01-15,-0.002623538952250093,0.06743128630006745,0.005318518294228358,,,,0.005318518294228358
AMZN,5,0.01,2021-04-23,2021-04-30,167.04400634765625,173.37100219726562,hold_days,0.03787622188874873,0.03687622188874873,1,2021-04-22,0.0023957812189205896,0.03448044066982814,0.00962218974677076,,,,0.00962218974677076
AMZN,5,0.01,2021-05-13,2021-05-20,158.07350158691406,162.38400268554688,hold_days,0.027268967001801814,0.026268967001801813,1,2021-05-12,0.0024885642235303873,0.023780402778271426,0.0030235440044839024,,,,0.0030235440044839024
AMZN,5,0.01,2021-08-20,2021-08-27,159.99749755859375,167.48150634765625,hold_days,0.046775786517046836,0.045775786517046835,1,2021-08-19,0.01914602720836256,0.026629759308684275,0.003827154714335368,,,,0.003827154714335368
AMZN,5,0.01,2021-09-15,2021-09-22,173.7895050048828,169.00250244140625,hold_days,-0.027544831106700363,-0.028544831106700363,1,2021-09-14,-0.02025082158907754,-0.008294009517622825,0.007475391332653958,,,,0.007475391332653958
AMZN,5,0.01,2022-04-01,2022-04-08,163.55999755859375,154.4604949951172,hold_days,-0.05563403460076943,-0.056634034600769434,1,2022-03-31,-0.003031553931104547,-0.05360248066966489,0.003450973226124532,,,,0.003450973226124532
AMZN,5,0.01,2023-08-10,2023-08-17,138.55999755859375,133.97999572753906,hold_days,-0.03305428631461915,-0.03405428631461915,1,2023-08-09,-0.017606955632991417,-0.016447330681627736,0.005150463718840648,,,,0.005150463718840648
AMZN,5,0.01,2023-10-05,2023-10-10,125.95999908447266,129.47999572753906,resistance,0.02794535303787815,0.02694535303787815,2,2023-10-03,0.024484007407381103,0.002461345630497047,0.018280939360016735,0.00994225346081623,,,0.018280939360016735
AMZN,5,0.01,2024-02-21,2024-02-28,168.58999633789062,173.16000366210938,hold_days,0.027107227139737677,0.026107227139737677,1,2024-02-20,0.009483515085880079,0.016623712053857598,0.00903755380828164,,,,0.00903755380828164
AMZN,5,0.01,2024-08-06,2024-08-13,161.92999267578125,170.22999572753906,hold_days,0.05125673702941613,0.05025673702941613,1,2024-08-05,0.023180155585981854,0.027076581443434278,0.005651399696776416,,,,0.005651399696776416
AMZN,5,0.01,2025-07-09,2025-07-16,222.5399932861328,223.19000244140625,hold_days,0.0029208644508120774,0.0019208644508120773,1,2025-07-08,-0.0026769439851437316,0.004597808435955809,0.014496684294917905,,,,0.014496684294917905
AMZN,5,0.01,2025-08-05,2025-08-12,213.75,221.47000122070312,hold_days,0.03611696477521931,0.035116964775219306,1,2025-08-04,0.015148937430408127,0.01996802734481118,0.009922070229506863,,,,0.009922070229506863
AMZN,5,0.01,2025-11-07,2025-11-14,244.41000366210938,234.69000244140625,hold_days,-0.03976924460972875,-0.04076924460972875,1,2025-11-06,0.014620386974065314,-0.05538963158379406,0.005636975040415049,,,,0.005636975040415049
AMZN,5,0.01,2026-03-30,2026-04-07,200.9499969482422,213.77000427246094,hold_days,0.06379700183583847,0.06279700183583847,3,2026-03-27,0.02065484720217481,0.042142154633663664,0.008076656164990315,,,,0.008076656164990315
AMZN,5,0.01,2026-06-12,2026-06-22,238.5500030517578,232.7899932861328,hold_days,-0.024145921995126773,-0.025145921995126774,2,2026-06-10,-0.013619678100847299,-0.011526243894279475,0.01474787607914263,0.00231093719225961,,,0.01474787607914263
AMZN,5,0.01,2026-08-20,2026-08-27,260.1099853515625,256.260009765625,hold_days,-0.014801337137188009,-0.01580133713718801,2,2026-08-18,-0.0016439520796223128,-0.014157385057565697,0.02462896060980113,0.0025437391153584343,,,0.02462896060980113
AXP,5,0.01,2015-09-30,2015-10-05,63.44908905029297,66.162353515625,resistance,0.042762859261562536,0.041762859261562535,1,2015-09-29,0.035819987048988144,0.0059428722125743905,0.014089757270312475,,,,0.014089757270312475
AXP,5,0.01,2016-05-06,2016-05-13,55.93626022338867,55.598087310791016,hold_days,-0.006045683269620072,-0.007045683269620072,1,2016-05-05,-0.003005267136833356,-0.004040416132786716,0.009230696168553987,,,,0.009230696168553987
AXP,5,0.01,2016-08-12,2016-08-19,56.975990295410156,57.106712341308594,hold_days,0.0022943356529772085,0.0012943356529772085,2,2016-08-10,0.0038201146224801086,-0.0025257789695029,0.01143051563759645,0.009885590041021075,,,0.01143051563759645
AXP,5,0.01,2016-08-29,2016-09-06,57.09799575805664,57.30716323852539,resistance,0.003663306876042771,0.002663306876042771,3,2016-08-26,-0.00038744939699819625,0.0030507562730409674,0.011267316923412762,,,,0.011267316923412762
AXP,5,0.01,2016-09-15,2016-09-22,55.625240325927734,56.322391510009766,hold_days,0.01253300084632758,0.011533000846327579,1,2016-09-14,0.016272958652935987,-0.004739957806608408,0.00551363565996521,,,,0.00551363565996521
AXP,5,0.01,2016-11-21,2016-11-29,62.65790939331055,62.6141242980957,hold_days,-0.0006987959802489119,-0.001698795980248912,3,2016-11-18,0.005323363604668119,-0.007022159584917031,0.007605474739462714,,,,0.007605474739462714
AXP,5,0.01,2017-01-25,2017-01-30,67.63088989257812,67.97393798828125,resistance,0.005072358152436118,0.004072358152436118,2,2017-01-23,-0.007724732433039394,0.011797090585475511,0.0192178915614436,0.012109786968086622,,,0.0192178915614436
AXP,5,0.01,2017-03-24,2017-03-31,68.78316497802734,69.58354949951172,hold_days,0.011636343307843688,0.010636343307843688,3,2017-03-21,0.008398843331350658,0.0022374999764930292,0.0018056004155599936,0.003998410883679027,0.008642134562261816,,0.008642134562261816
AXP,5,0.01,2017-08-14,2017-08-21,75.77128601074219,75.62055969238281,hold_days,-0.001989227401234861,-0.002989227401234861,3,2017-08-11,-0.01762911568239245,0.014639888281157587,0.013999459690038574,,,,0.013999459690038574
AXP,5,0.01,2017-11-16,2017-11-24,83.26347351074219,83.19227600097656,hold_days,-0.0008550869518605397,-0.0018550869518605398,1,2017-11-15,0.008227092282051984,-0.010082179233912525,0.0032166146160717,,,,0.0032166146160717
AXP,5,0.01,2018-05-04,2018-05-11,88.1648941040039,90.91694641113281,hold_days,0.031214831425787626,0.030214831425787625,1,2018-05-03,0.02943552154769047,0.0007793098780971563,0.01245652949292042,,,,0.01245652949292042
AXP,5,0.01,2018-10-30,2018-11-06,92.16859436035156,94.78701782226562,hold_days,0.028409063630468356,0.027409063630468355,1,2018-10-29,0.032488644888378326,-0.005079581257909971,0.008795705192064629,,,,0.008795705192064629
AXP,5,0.01,2019-03-28,2019-04-04,98.96453857421875,100.18829345703125,hold_days,0.01236558973995261,0.011365589739952608,1,2019-03-27,0.02387912033048023,-0.012513530590527622,0.001651803319652867,,,,0.001651803319652867
AXP,5,0.01,2019-04-12,2019-04-16,100.90706634521484,101.78955841064453,resistance,0.008745592329585605,0.007745592329585605,1,2019-04-11,0.0005395689617648802,0.007206023367820725,0.009649776231209328,,,,0.009649776231209328
AXP,5,0.01,2019-07-22,2019-07-29,114.99456787109375,116.08062744140625,hold_days,0.009444442380356133,0.008444442380356132,3,2019-07-19,0.012171248562803827,-0.003726806182447695,0.009453627024691214,,,,0.009453627024691214
AXP,5,0.01,2021-08-05,2021-08-12,159.6273193359375,158.58279418945312,hold_days,-0.006543523695252684,-0.007543523695252684,1,2021-08-04,0.0139885358221008,-0.021532059517353486,0.009341974744394577,,,,0.009341974744394577
AXP,5,0.01,2021-09-14,2021-09-21,150.07583618164062,153.64234924316406,hold_days,0.023764738896452364,0.022764738896452363,4,2021-09-10,-0.02008654695562817,0.042851285852080534,0.017200079971386728,0.004788169301918721,,,0.017200079971386728
AXP,5,0.01,2022-03-08,2022-03-15,151.36561584472656,166.4879913330078,hold_days,0.099906279268827,0.098906279268827,1,2022-03-07,0.01874019018630335,0.08016608908252365,0.0057813765477736645,,,,0.0057813765477736645
AXP,5,0.01,2023-09-08,2023-09-15,152.04156494140625,158.14527893066406,hold_days,0.040145035284332,0.039145035284332,1,2023-09-07,0.00567172748799516,0.03347330779633684,0.004145596635069859,,,,0.004145596635069859
AXP,5,0.01,2023-10-04,2023-10-11,141.6112518310547,146.92539978027344,hold_days,0.0375263115077793,0.0365263115077793,1,2023-10-03,0.023777250515314652,0.012749060992464645,0.010892823064904356,,,,0.010892823064904356
AXP,5,0.01,2023-10-30,2023-11-06,138.9347381591797,148.36062622070312,hold_days,0.06784399773888117,0.06684399773888117,3,2023-10-27,0.03984826528532137,0.026995732453559795,0.013870132542538105,,,,0.013870132542538105
AXP,5,0.01,2024-08-07,2024-08-14,223.94822692871094,238.59095764160156,hold_days,0.06538444583243708,0.06438444583243708,2,2024-08-05,0.029539627858246043,0.034844817974191034,0.02301702023360863,0.012747993227678167,,,0.02301702023360863
AXP,5,0.01,2024-09-10,2024-09-17,240.2157745361328,259.7720947265625,hold_days,0.08141147361447754,0.08041147361447754,4,2024-09-06,0.018753818297299718,0.06165765531717782,0.028107939546771377,0.0055724679204633976,,,0.028107939546771377
AXP,5,0.01,2024-11-20,2024-11-27,282.3448181152344,298.576416015625,hold_days,0.05748856312909556,0.05648856312909556,2,2024-11-18,0.02741696011620487,0.02907160301289069,3.495933826003217e-05,0.007599463129115636,,,0.007599463129115636
AXP,5,0.01,2025-01-13,2025-01-21,292.1665954589844,312.7545471191406,hold_days,0.07046648035793845,0.06946648035793845,3,2025-01-10,0.037507659376167846,0.03195882098177061,0.01268346046376223,,,,0.01268346046376223
AXP,5,0.01,2025-09-12,2025-09-19,321.8671875,337.5098571777344,hold_days,0.048599765012500296,0.047599765012500295,2,2025-09-10,0.014574266721125717,0.03302549829137458,0.018463002167808495,0.006061584230609096,,,0.018463002167808495
AXP,5,0.01,2025-11-19,2025-11-26,341.8566589355469,361.030517578125,hold_days,0.05608742185183857,0.05508742185183857,1,2025-11-18,0.022567991216797534,0.032519430635041036,0.011683259434667193,,,,0.011683259434667193
AXP,5,0.01,2026-01-02,2026-01-09,370.54107666015625,373.4041442871094,hold_days,0.007726721292978356,0.006726721292978356,2,2025-12-31,0.02855435684990848,-0.021827635556930125,0.009752659086550652,,,,0.009752659086550652
AXP,5,0.01,2026-04-28,2026-05-05,315.0376281738281,315.0874938964844,hold_days,0.000158284973592826,-0.000841715026407174,4,2026-04-24,0.013963848470852858,-0.014805563497260033,0.0151553858178326,0.005794706342112432,,,0.0151553858178326
AXP,5,0.01,2026-08-18,2026-08-25,338.5199890136719,335.95001220703125,hold_days,-0.007591802227480349,-0.00859180222748035,1,2026-08-17,0.007206092044206969,-0.01579789427168732,0.006870698721939572,,,,0.006870698721939572
AEP,5,0.01,2015-11-09,2015-11-16,37.37076187133789,38.592891693115234,hold_days,0.03270283399586438,0.03170283399586438,3,2015-11-06,-0.010042196498779576,0.04174503049464395,0.008710216962069639,,,,0.008710216962069639
AEP,5,0.01,2015-11-27,2015-12-04,38.407508850097656,38.33884048461914,hold_days,-0.0017878890751942267,-0.0027878890751942267,2,2015-11-25,0.0009139686641310707,-0.0037018577393252974,0.005934015758966682,,,,0.005934015758966682
AEP,5,0.01,2016-05-24,2016-06-01,44.46232986450195,45.34278106689453,hold_days,0.01980218322062144,0.018802183220621438,1,2016-05-23,0.013007619109749458,0.00579456411087198,0.010801860067884972,,,,0.010801860067884972
AEP,5,0.01,2016-09-13,2016-09-20,44.95918655395508,45.80467987060547,hold_days,0.018805796578097,0.017805796578097,4,2016-09-09,0.005092472758791766,0.012713323819305233,0.01569619698097502,0.001569772664251401,,,0.01569619698097502
AEP,5,0.01,2016-11-15,2016-11-22,42.2888069152832,42.082550048828125,hold_days,-0.004877339454581242,-0.005877339454581242,1,2016-11-14,0.0067381333508438335,-0.012615472805425076,0.01260217700538857,,,,0.01260217700538857
AEP,5,0.01,2017-01-27,2017-01-31,44.78515625,45.56039047241211,resistance,0.017310070731574312,0.01631007073157431,2,2017-01-25,-0.008504195281317406,0.024814266012891717,0.0017592018203951287,0.007036464173321821,,,0.007036464173321821
AEP,5,0.01,2017-04-04,2017-04-11,48.30339050292969,48.37517547607422,hold_days,0.0014861270067612065,0.00048612700676120644,4,2017-03-31,-0.0034448374402411552,0.003930964447002362,0.00029804463719140806,0.002383407154464612,,,0.002383407154464612
AEP,5,0.01,2017-08-14,2017-08-16,51.87488555908203,52.58310317993164,resistance,0.0136524179902624,0.012652417990262399,3,2017-08-11,0.0022050055808444657,0.010447412409417933,0.0069441410568451545,,,,0.0069441410568451545
AEP,5,0.01,2017-12-06,2017-12-13,56.485687255859375,56.323734283447266,hold_days,-0.002867150605400659,-0.003867150605400659,1,2017-12-05,0.016238991236916744,-0.020106141842317404,0.006031138529755564,,,,0.006031138529755564
AEP,5,0.01,2018-06-13,2018-06-20,47.609519958496094,50.19031524658203,hold_days,0.054207546943043416,0.053207546943043416,2,2018-06-11,-0.012593127769963353,0.06580067471300677,0.010170230772208022,0.008421972384837995,,,0.010170230772208022
AEP,5,0.01,2018-09-27,2018-10-04,52.7974739074707,53.402931213378906,hold_days,0.011467543067861241,0.01046754306786124,1,2018-09-26,0.0004913132152715161,0.009976229852589724,0.011454271886258471,,,,0.011454271886258471
AEP,5,0.01,2019-02-19,2019-02-26,61.675132751464844,61.93700408935547,hold_days,0.004245979314643655,0.0032459793146436553,4,2019-02-15,0.012888771457421067,-0.009642792142777412,0.010217919805731501,,,,0.010217919805731501
AEP,5,0.01,2019-04-08,2019-04-15,64.0395736694336,64.89443969726562,hold_days,0.01334902746612232,0.01234902746612232,4,2019-04-04,0.005671738183169461,0.0066772892829528585,0.01149851689862702,0.006414882546692313,,,0.01149851689862702
AEP,5,0.01,2019-05-31,2019-06-07,66.86199951171875,69.5172348022461,hold_days,0.039712172981933636,0.038712172981933635,1,2019-05-30,0.04438329098811589,-0.005671118006182252,0.009613156978262705,,,,0.009613156978262705
AEP,5,0.01,2019-08-02,2019-08-09,68.86504364013672,70.3764877319336,hold_days,0.021947914528234636,0.020947914528234635,2,2019-07-31,-0.005961808650194467,0.0269097231784291,0.011388458872839902,0.010135285231296143,,,0.011388458872839902
AEP,5,0.01,2019-10-30,2019-11-06,73.6070785522461,71.94876098632812,hold_days,-0.02252932188771628,-0.02352932188771628,1,2019-10-29,0.016253121252531644,-0.039782443140247925,0.009981809951681742,,,,0.009981809951681742
AEP,5,0.01,2020-04-16,2020-04-23,66.70658874511719,65.8891372680664,hold_days,-0.012254433818737587,-0.013254433818737588,3,2020-04-13,0.0118790653348948,-0.025133499153632388,0.032934257547616363,0.001317268991232412,0.006586690333453715,,0.032934257547616363
AEP,5,0.01,2020-11-02,2020-11-09,73.65779113769531,73.47261047363281,hold_days,-0.0025140675711592397,-0.0035140675711592398,3,2020-10-30,0.07827295169313064,-0.08178701926428988,0.014455864247377326,,,,0.014455864247377326
AEP,5,0.01,2020-12-24,2021-01-04,66.27674865722656,66.37443542480469,hold_days,0.0014739221455075668,0.0004739221455075668,1,2020-12-23,-0.000510159211613237,0.0009840813571208038,0.008796722901080356,,,,0.008796722901080356
AEP,5,0.01,2021-10-01,2021-10-08,67.98440551757812,69.8222885131836,hold_days,0.027033890810889805,0.026033890810889804,1,2021-09-30,0.013013769516402318,0.013020121294487486,0.002463394178505718,,,,0.002463394178505718
AEP,5,0.01,2022-07-07,2022-07-14,81.03199005126953,80.81765747070312,hold_days,-0.00264503661369786,-0.00364503661369786,2,2022-07-05,-0.02805010307798894,0.02440506646429108,0.01303716701926061,0.010044983556494858,,,0.01303716701926061
AEP,5,0.01,2022-07-21,2022-07-28,79.54884338378906,83.68962097167969,resistance,0.052053272074782386,0.051053272074782385,1,2022-07-20,0.020335951360989757,0.03071732071379263,0.0008628636225278541,,,,0.0008628636225278541
AEP,5,0.01,2022-09-02,2022-09-12,87.34518432617188,90.87907409667969,hold_days,0.0404588964780388,0.039458896478038796,2,2022-08-31,0.037177655005036,0.002281241473002793,0.021756626774641408,0.008882228713005258,,,0.021756626774641408
AEP,5,0.01,2023-05-04,2023-05-11,80.48806762695312,80.5446548461914,hold_days,0.00070305103485091,-0.00029694896514909,1,2023-05-03,0.009801080804180407,-0.010098029769329497,0.00627281578883121,,,,0.00627281578883121
AEP,5,0.01,2023-07-19,2023-07-26,75.82815551757812,77.81777954101562,hold_days,0.02623859185096844,0.02523859185096844,1,2023-07-18,0.0206567575468537,0.00458183430411474,0.00826755314330252,,,,0.00826755314330252
AEP,5,0.01,2023-08-23,2023-08-30,71.28412628173828,71.29310607910156,hold_days,0.00012597190751550968,-0.0008740280924844903,2,2023-08-21,0.01644307534155165,-0.01731710343403614,0.0007637689976445206,0.011074434039381353,,,0.011074434039381353
AEP,5,0.01,2024-06-27,2024-07-05,81.86483001708984,81.4569091796875,hold_days,-0.0049828581738603495,-0.0059828581738603495,2,2024-06-25,0.00028521275391946155,-0.006268070927779811,0.003107347441884123,0.016227343047463982,,,0.016227343047463982
AEP,5,0.01,2024-09-27,2024-10-04,95.27323913574219,93.81382751464844,hold_days,-0.01531816944960196,-0.01631816944960196,1,2024-09-26,0.0012358245878416607,-0.01755399403744362,0.010919168588232608,,,,0.010919168588232608
AEP,5,0.01,2025-02-14,2025-02-24,97.09236145019531,101.34485626220703,hold_days,0.04379844869869687,0.04279844869869687,1,2025-02-13,0.001033280532468428,0.04176516816622844,0.008317570724547085,,,,0.008317570724547085
AEP,5,0.01,2025-09-19,2025-09-26,103.83869934082031,105.85610961914062,hold_days,0.019428308435362363,0.01842830843536236,1,2025-09-18,-0.0014227663109814825,0.019851074746343844,0.005824841497932942,,,,0.005824841497932942
AEP,5,0.01,2025-12-16,2025-12-23,111.99894714355469,112.5659408569336,hold_days,0.005062491459425722,0.004062491459425722,4,2025-12-12,0.00702869801713657,-0.002966206557710848,0.014369493043754789,0.0038551514509130858,,,0.014369493043754789
AEP,5,0.01,2026-08-24,2026-08-31,121.9800033569336,122.43000030517578,hold_days,0.00368910424543456,0.00268910424543456,3,2026-08-21,-0.010341842384611666,0.013030946630046225,0.008599312837216155,,,,0.008599312837216155
AMGN,5,0.01,2015-09-15,2015-09-22,110.19424438476562,105.6963882446289,hold_days,-0.04081752332210331,-0.04181752332210331,1,2015-09-14,-0.016090545784711252,-0.02572697753739206,0.007549903032064265,,,,0.007549903032064265
AMGN,5,0.01,2016-08-12,2016-08-19,127.6626205444336,128.8500518798828,hold_days,0.00930132352277635,0.00830132352277635,2,2016-08-10,0.0038201146224801086,0.004481208900296241,0.0070079609871591675,0.01045381908239551,,,0.01045381908239551
AMGN,5,0.01,2017-01-26,2017-02-02,114.2992172241211,119.23039245605469,hold_days,0.04314268594039805,0.04214268594039805,2,2017-01-24,-0.004877161423424536,0.04701984736382259,0.014816991593909368,0.007441580846714979,,,0.014816991593909368
AMGN,5,0.01,2017-06-30,2017-07-10,130.506103515625,130.48338317871094,hold_days,-0.00017409405615531615,-0.0011740940561553162,3,2017-06-27,0.004822670899227166,-0.005996764955382482,0.01884712477773709,0.010184083151998813,0.008077255001521566,,0.01884712477773709
AMGN,5,0.01,2017-12-08,2017-12-15,134.72682189941406,135.9788055419922,hold_days,0.009292757187673084,0.008292757187673083,1,2017-12-07,0.013166922414511006,-0.004874165226837923,0.008335092984376846,,,,0.008335092984376846
AMGN,5,0.01,2018-05-31,2018-06-07,140.07615661621094,142.94601440429688,hold_days,0.020487839311218004,0.019487839311218003,2,2018-05-29,0.02787859429880868,-0.008390754987590676,0.015780357223196928,0.012285777675446807,,,0.015780357223196928
AMGN,5,0.01,2018-07-24,2018-07-31,149.26278686523438,153.27894592285156,hold_days,0.02690663320686415,0.02590663320686415,1,2018-07-23,0.008094354349468036,0.017812278857396113,0.007527654753321622,,,,0.007527654753321622
AMGN,5,0.01,2019-03-28,2019-04-04,149.5102996826172,153.2390899658203,hold_days,0.02494002280189833,0.02394002280189833,1,2019-03-27,0.02387912033048023,6.090247141810057e-05,0.007138246413248783,,,,0.007138246413248783
AMGN,5,0.01,2019-07-26,2019-08-02,140.90504455566406,150.45191955566406,hold_days,0.06775396175563131,0.06675396175563131,1,2019-07-25,-0.029684061886827595,0.0964380236424589,0.007064559378658242,,,,0.007064559378658242
AMGN,5,0.01,2019-08-15,2019-08-22,161.3023223876953,164.6285858154297,hold_days,0.02062129905197274,0.01962129905197274,1,2019-08-14,0.02965767082743831,-0.010036371775465569,0.0022126951952876617,,,,0.0022126951952876617
AMGN,5,0.01,2020-04-23,2020-04-30,190.749755859375,196.271484375,hold_days,0.02894749977921718,0.027947499779217178,1,2020-04-22,0.04337772016890007,-0.015430220389682892,0.013956138222091186,,,,0.013956138222091186
AMGN,5,0.01,2020-10-29,2020-11-05,181.12838745117188,192.8948211669922,hold_days,0.06496184215736078,0.06396184215736078,1,2020-10-28,0.0582565361442009,0.005705306013159883,0.006654790209971173,,,,0.006654790209971173
AMGN,5,0.01,2021-02-17,2021-02-24,198.71925354003906,193.9792022705078,hold_days,-0.023853004603684225,-0.024853004603684226,1,2021-02-16,0.015944705292740835,-0.04079770989642506,0.011896515620829717,,,,0.011896515620829717
AMGN,5,0.01,2021-04-09,2021-04-16,209.9705352783203,215.67210388183594,hold_days,0.02715413663139965,0.02615413663139965,1,2021-04-08,0.009412242689087691,0.01674189394231196,0.008384746269092025,,,,0.008384746269092025
AMGN,5,0.01,2021-08-27,2021-09-03,190.68043518066406,193.753173828125,hold_days,0.016114598461816954,0.015114598461816953,1,2021-08-26,0.0019275005670791323,0.01318709789473782,0.005914938735978481,,,,0.005914938735978481
AMGN,5,0.01,2021-09-29,2021-10-06,183.93582153320312,179.72471618652344,hold_days,-0.022894427586632515,-0.023894427586632516,1,2021-09-28,0.00388047085795562,-0.027774898444588136,0.012389797036909789,,,,0.012389797036909789
AMGN,5,0.01,2021-10-28,2021-11-04,177.3196258544922,183.9615020751953,hold_days,0.03745708456521002,0.03645708456521002,1,2021-10-27,0.013076652173479086,0.023380432391730932,0.0028561262639779095,,,,0.0028561262639779095
AMGN,5,0.01,2021-12-01,2021-12-08,173.3104248046875,184.29763793945312,hold_days,0.06339614681083194,0.06239614681083194,1,2021-11-30,0.04214804850968856,0.02024809830114338,0.009653965920172203,,,,0.009653965920172203
AMGN,5,0.01,2022-06-17,2022-06-27,205.9653778076172,214.85440063476562,hold_days,0.04315784974041259,0.04215784974041259,1,2022-06-16,0.04254458451918275,-0.00038673477877015916,0.017381139626315045,,,,0.017381139626315045
AMGN,5,0.01,2023-05-04,2023-05-11,208.28660583496094,208.6458740234375,hold_days,0.0017248741801536571,0.0007248741801536571,1,2023-05-03,0.009801080804180407,-0.00907620662402675,0.011250962243602114,,,,0.011250962243602114
AMGN,5,0.01,2023-08-03,2023-08-10,209.17286682128906,237.6066131591797,hold_days,0.13593420011871604,0.13493420011871604,1,2023-08-02,0.0028283023104851424,0.1321058978082309,0.0012584065413474566,,,,0.0012584065413474566
AMGN,5,0.01,2023-11-22,2023-11-30,243.745849609375,248.39801025390625,hold_days,0.019086112243497766,0.018086112243497765,1,2023-11-21,0.009284872709650838,0.008801239533846927,0.006734745607718473,,,,0.006734745607718473
AMGN,5,0.01,2025-07-18,2025-07-24,284.49609375,297.80584716796875,resistance,0.04678360691189187,0.04578360691189187,3,2025-07-15,0.012030879015607177,0.033752727896284695,0.022255363840052,0.01962305895619254,0.007691968443472419,,0.022255363840052
AMGN,5,0.01,2025-09-29,2025-10-06,266.57513427734375,286.1812744140625,hold_days,0.07354827069624803,0.07254827069624803,4,2025-09-25,0.012230232313083178,0.06031803838316485,0.00663784622523389,0.010288476596248763,,,0.010288476596248763
AMGN,5,0.01,2025-10-28,2025-11-04,284.2060241699219,288.6916198730469,hold_days,0.015782901563138996,0.014782901563138995,1,2025-10-27,-0.011579282778752087,0.02636218434189108,0.0031939372715028558,,,,0.0031939372715028558
AAPL,5,0.01,2015-10-16,2015-10-23,24.861692428588867,26.661836624145508,hold_days,0.07240634163290616,0.07140634163290616,2,2015-10-14,0.027189117034403854,0.0442172245985023,0.014971259359114475,0.007531118463692588,,,0.014971259359114475
AAPL,5,0.01,2017-01-03,2017-01-10,26.698211669921875,27.37859535217285,hold_days,0.02548424181599751,0.02448424181599751,4,2016-12-30,0.007528765423973294,0.016955476392024216,0.002849234724454419,,,,0.002849234724454419
AAPL,5,0.01,2017-04-20,2017-04-27,32.883174896240234,33.194828033447266,hold_days,0.009477586583121145,0.008477586583121144,1,2017-04-19,0.018260205405409957,-0.009782618822288813,0.012510546340057438,,,,0.012510546340057438
AAPL,5,0.01,2017-12-07,2017-12-14,39.54573059082031,40.2230339050293,hold_days,0.017127090689436075,0.016127090689436074,1,2017-12-06,0.009561661431903401,0.006565429257532673,0.0018344183737941666,,,,0.0018344183737941666
AAPL,5,0.01,2018-03-02,2018-03-09,41.322723388671875,42.20681381225586,hold_days,0.021394776313952812,0.02039477631395281,1,2018-03-01,0.03779335778639292,-0.01739858147244011,0.006914687191947655,,,,0.006914687191947655
AAPL,5,0.01,2019-02-12,2019-02-20,40.68536376953125,40.95676803588867,hold_days,0.006670808399178441,0.005670808399178441,1,2019-02-11,0.01222014535224103,-0.006549336953062589,0.008617020220241356,,,,0.008617020220241356
AAPL,5,0.01,2019-03-27,2019-04-03,44.87080001831055,46.50878143310547,hold_days,0.03650439515512338,0.03550439515512338,1,2019-03-26,0.024890323474342724,0.010614071680780657,0.00899409492046499,,,,0.00899409492046499
AAPL,5,0.01,2019-09-25,2019-09-30,53.026004791259766,53.731346130371094,resistance,0.013301800538960906,0.012301800538960905,1,2019-09-24,-0.0010997710378102266,0.013401571576771132,0.015389298273974283,,,,0.015389298273974283
AAPL,5,0.01,2020-05-14,2020-05-21,74.86172485351562,76.6296615600586,hold_days,0.023616029553184203,0.022616029553184203,1,2020-05-13,0.04186609374334571,-0.01925006419016151,0.0061432278221744685,,,,0.0061432278221744685
AAPL,5,0.01,2020-11-03,2020-11-09,107.03157806396484,112.92459869384766,resistance,0.055058710116008935,0.054058710116008934,1,2020-11-02,0.06136403559747472,-0.007305325481465785,0.015353365598612223,,,,0.015353365598612223
AAPL,5,0.01,2021-11-12,2021-11-19,146.50942993164062,156.82440185546875,hold_days,0.07040483284004972,0.06940483284004972,1,2021-11-11,-0.00896812135995928,0.078372954200009,0.014336783143676035,,,,0.014336783143676035
AAPL,5,0.01,2022-04-12,2022-04-20,163.97804260253906,163.55746459960938,hold_days,-0.0025648434159512012,-0.0035648434159512013,1,2022-04-11,0.023163699822851047,-0.02672854323880225,0.011523394113726937,,,,0.011523394113726937
AAPL,5,0.01,2023-05-24,2023-06-01,169.31822204589844,177.4471435546875,hold_days,0.04800972636356593,0.04700972636356593,1,2023-05-23,0.009641976345089676,0.03736775001847625,0.0016321914883226096,,,,0.0016321914883226096
AAPL,5,0.01,2023-10-27,2023-11-03,165.97518920898438,174.29266357421875,hold_days,0.050112757243262473,0.04911275724326247,1,2023-10-26,0.056294761371520785,-0.0071820041282583125,0.00796943922395621,,,,0.00796943922395621
AAPL,5,0.01,2023-11-30,2023-12-07,187.66209411621094,191.9300537109375,hold_days,0.022742789985513046,0.021742789985513045,1,2023-11-29,0.008727444466155365,0.01301534551935768,0.0030628650731840956,,,,0.0030628650731840956
AAPL,5,0.01,2024-02-01,2024-02-08,184.60931396484375,186.05174255371094,hold_days,0.007813411782364721,0.006813411782364721,1,2024-01-31,0.0030980810156495675,0.0037153307667151534,0.01334050294490119,,,,0.01334050294490119
AAPL,5,0.01,2024-04-22,2024-04-29,164.05157470703125,171.6289520263672,hold_days,0.04618899472844351,0.04518899472844351,3,2024-04-19,0.01185295997155067,0.03333603475689284,0.005090854971212089,,,,0.005090854971212089
AAPL,5,0.01,2024-09-17,2024-09-24,214.99156188964844,225.48377990722656,hold_days,0.04880292940503228,0.04780292940503228,1,2024-09-16,0.015344052507739292,0.03245887689729299,0.0021727502535717758,,,,0.0021727502535717758
AAPL,5,0.01,2025-01-22,2025-01-29,222.2173614501953,237.63548278808594,hold_days,0.06938306366915548,0.06838306366915547,1,2025-01-21,0.008125839135640245,0.06025722453351523,0.005344885050282411,,,,0.005344885050282411
AAPL,5,0.01,2025-03-03,2025-03-10,236.57489013671875,226.08938598632812,hold_days,-0.04432213471315982,-0.04532213471315982,4,2025-02-27,-0.021172164741593114,-0.02414996997156671,0.019131798711788495,0.003076286456621169,,,0.019131798711788495
AAPL,5,0.01,2025-05-08,2025-05-15,196.28271484375,210.43296813964844,hold_days,0.07209118391888292,0.07109118391888292,1,2025-05-07,0.035347528251964855,0.03574365566691806,0.0063185612871656804,,,,0.0063185612871656804
AAPL,5,0.01,2025-06-18,2025-06-26,195.6344757080078,200.03323364257812,hold_days,0.022484574452693362,0.02148457445269336,1,2025-06-17,0.018064801137356312,0.003419773315337049,0.004804701392514543,,,,0.004804701392514543
AAPL,5,0.01,2025-08-25,2025-09-02,226.32395935058594,228.8745574951172,hold_days,0.011269677995427108,0.010269677995427107,4,2025-08-21,-0.0007303296874222598,0.011000007682849366,0.012716754739594771,0.01004896219219864,,,0.012716754739594771
AAPL,5,0.01,2025-10-13,2025-10-20,246.74851989746094,261.27484130859375,hold_days,0.05887095662081121,0.05787095662081121,3,2025-10-10,0.020279296145542247,0.03759166047526896,0.009744326783561075,,,,0.009744326783561075
AAPL,5,0.01,2026-03-16,2026-03-23,252.36964416503906,251.04200744628906,hold_days,-0.0052606830870743915,-0.0062606830870743915,3,2026-03-13,-0.012130741406707113,0.005870058319632721,0.010794880344667579,,,,0.010794880344667579
AMAT,5,0.01,2016-03-28,2016-04-04,18.014677047729492,18.879737854003906,hold_days,0.04801977876053254,0.04701977876053254,4,2016-03-24,0.012169093383097351,0.03485068537743519,0.0024812391909485587,,,,0.0024812391909485587
AMAT,5,0.01,2017-08-28,2017-09-05,39.63264846801758,40.40476608276367,hold_days,0.0194818576247604,0.0184818576247604,3,2017-08-25,0.005609819698493723,0.012872037926266677,0.007388936395166024,,,,0.007388936395166024
AMAT,5,0.01,2018-01-12,2018-01-22,48.635650634765625,52.284481048583984,hold_days,0.07502378124268594,0.07402378124268594,1,2018-01-11,0.017058947963350723,0.056964833279335214,0.004699007416441026,,,,0.004699007416441026
AMAT,5,0.01,2018-03-22,2018-03-29,53.747032165527344,50.69321823120117,hold_days,-0.05681828021538371,-0.05781828021538371,3,2018-03-19,0.00172824810282024,-0.05954652831820395,0.012478884311960314,0.0389744007937316,0.007863423211144083,,0.0389744007937316
AMAT,5,0.01,2018-05-21,2018-05-29,45.5792350769043,47.61011505126953,hold_days,0.044557131574029185,0.043557131574029184,3,2018-05-18,-0.020700182797966482,0.06425731437199567,0.00989719832101943,,,,0.00989719832101943
AMAT,5,0.01,2018-06-19,2018-06-26,44.43428421020508,42.713661193847656,hold_days,-0.0387228701202359,-0.0397228701202359,1,2018-06-18,-0.017734606238980266,-0.021988263881255632,0.004759941754501895,,,,0.004759941754501895
AMAT,5,0.01,2018-07-25,2018-07-30,42.0638427734375,43.848541259765625,resistance,0.042428327243918096,0.041428327243918095,1,2018-07-24,-0.006929609499198297,0.04835793674311639,0.0010890813332040672,,,,0.0010890813332040672
AMAT,5,0.01,2019-02-05,2019-02-12,36.17031478881836,37.62194061279297,hold_days,0.04013307134455357,0.03913307134455357,1,2019-02-04,0.004351335864686057,0.034781735479867515,0.005655187759763924,,,,0.005655187759763924
AMAT,5,0.01,2019-12-05,2019-12-12,52.57573318481445,56.83150863647461,hold_days,0.08094562251181991,0.07994562251181991,2,2019-12-03,0.02176216055601654,0.05818346195580337,0.013552595734082296,0.00903477097566463,,,0.013552595734082296
AMAT,5,0.01,2021-07-19,2021-07-26,123.18284606933594,132.6260528564453,hold_days,0.0766600796168817,0.0756600796168817,3,2021-07-16,0.03902359136989242,0.036636488246989285,0.003432627606111849,,,,0.003432627606111849
AMAT,5,0.01,2021-10-27,2021-11-03,126.80476379394531,136.96560668945312,hold_days,0.08012981998072988,0.07912981998072988,1,2021-10-26,0.018366414706188605,0.06076340527454127,0.0012121974423435766,,,,0.0012121974423435766
AMAT,5,0.01,2023-02-24,2023-03-03,108.21672058105469,115.65414428710938,hold_days,0.06872712152170646,0.06772712152170646,2,2023-02-22,0.01957389884620442,0.04815322267550204,0.022642739446514737,0.008151178659595582,,,0.022642739446514737
AMAT,5,0.01,2023-06-01,2023-06-08,131.42091369628906,132.75628662109375,hold_days,0.010161038203483352,0.009161038203483352,1,2023-05-31,0.029165050090359745,-0.020004011886876394,0.011477891069781476,,,,0.011477891069781476
AMAT,5,0.01,2023-10-26,2023-11-02,127.80844116210938,135.3007049560547,hold_days,0.05862104040876526,0.057621040408765256,1,2023-10-25,0.03425155898949028,0.023369481419274973,0.005610661421261209,,,,0.005610661421261209
AMAT,5,0.01,2024-03-18,2024-03-25,196.83343505859375,204.41336059570312,hold_days,0.03850933930433609,0.03750933930433609,3,2024-03-15,0.010739003951182546,0.02677033535315354,0.010470697689575204,,,,0.010470697689575204
AMAT,5,0.01,2025-07-21,2025-07-28,191.0030975341797,188.6826171875,hold_days,-0.012148914738225325,-0.013148914738225326,3,2025-07-18,0.011397672158097283,-0.02454658689632261,0.011394528719383512,,,,0.011394528719383512
AMAT,5,0.01,2025-08-18,2025-08-25,162.16571044921875,161.09896850585938,hold_days,-0.006578098048005132,-0.007578098048005132,3,2025-08-15,0.013032431839758551,-0.020610529887763684,0.010942331526210491,,,,0.010942331526210491
ADM,5,0.01,2015-07-27,2015-08-03,33.905845642089844,34.22151184082031,hold_days,0.009310081867965891,0.00831008186796589,3,2015-07-24,0.012626657880870695,-0.004316576012904805,0.0014831464067079914,,,,0.0014831464067079914
ADM,5,0.01,2016-05-16,2016-05-23,27.847305297851562,29.9108829498291,hold_days,0.07410331555982719,0.07310331555982719,3,2016-05-13,-0.007622576276775095,0.08072589183660228,0.008572446617187701,,,,0.008572446617187701
ADM,5,0.01,2016-08-04,2016-08-11,32.3516845703125,32.49221420288086,hold_days,0.004343811904537365,0.0033438119045373646,2,2016-08-02,0.017401137538891387,-0.014057325634354023,0.011046849371849632,0.0066740466639618745,,,0.011046849371849632
ADM,5,0.01,2016-10-19,2016-10-26,31.44147491455078,32.23085403442383,hold_days,0.025106300579675667,0.024106300579675666,2,2016-10-17,0.006792669439722898,0.017313631139952768,0.003106195407873713,0.008841105451830478,,,0.008841105451830478
ADM,5,0.01,2017-03-09,2017-03-16,33.56085205078125,33.885738372802734,hold_days,0.009680514711899901,0.0086805147118999,1,2017-03-08,0.005686488325847838,0.002994026386052062,0.009774563638421219,,,,0.009774563638421219
ADM,5,0.01,2017-05-19,2017-05-26,31.594619750976562,32.31786346435547,hold_days,0.022891356790472273,0.02189135679047227,1,2017-05-18,0.017212843461166694,0.004678513329305578,0.00459953547972658,,,,0.00459953547972658
ADM,5,0.01,2018-01-05,2018-01-12,31.074718475341797,31.32220458984375,hold_days,0.007964227083773423,0.006964227083773423,2,2018-01-03,0.019695556408991788,-0.012731329325218366,0.016842368128738627,0.010054918447503391,,,0.016842368128738627
ADM,5,0.01,2018-01-19,2018-01-26,31.677974700927734,33.71198654174805,hold_days,0.06420902409397855,0.06320902409397855,1,2018-01-18,0.02635240641760439,0.03685661767637416,0.011857678131259819,,,,0.011857678131259819
ADM,5,0.01,2018-06-01,2018-06-08,34.41431427001953,35.223228454589844,hold_days,0.023505166432300717,0.022505166432300716,1,2018-05-31,0.02009202521290665,0.002413141219394066,0.002287433602598421,,,,0.002287433602598421
ADM,5,0.01,2018-09-10,2018-09-17,39.29581069946289,39.35905075073242,hold_days,0.0016093331615727458,0.0006093331615727457,3,2018-09-07,0.007757397198421945,-0.007148064036849199,0.007909140284846128,,,,0.007909140284846128
ADM,5,0.01,2018-10-29,2018-11-05,37.168922424316406,38.0307502746582,hold_days,0.023186786006418547,0.022186786006418546,3,2018-10-26,0.04138949290698646,-0.019202706900567912,0.011838065367936856,,,,0.011838065367936856
ADM,5,0.01,2019-12-20,2019-12-30,37.75212478637695,38.02418518066406,hold_days,0.007206492239220541,0.006206492239220541,2,2019-12-18,0.0001641308868474134,0.006042361352373128,0.007282835305131741,0.010593651304556584,,,0.010593651304556584
ADM,5,0.01,2020-09-24,2020-10-01,38.47908020019531,39.43534469604492,hold_days,0.024851542471245436,0.023851542471245435,1,2020-09-23,0.029844240417482792,-0.0059926979462373575,0.0068646459355130585,,,,0.0068646459355130585
ADM,5,0.01,2020-11-23,2020-12-01,41.60415267944336,42.71223449707031,hold_days,0.026633923449051577,0.025633923449051577,3,2020-11-20,0.015033262492711863,0.010600660956339714,0.004114314376227224,,,,0.004114314376227224
ADM,5,0.01,2021-03-24,2021-03-31,47.99768829345703,48.92469024658203,hold_days,0.019313470837539537,0.018313470837539536,1,2021-03-23,0.02290013517849432,-0.0045866643409547825,0.006479403550269325,,,,0.006479403550269325
ADM,5,0.01,2021-07-23,2021-07-30,50.065460205078125,51.54128646850586,hold_days,0.029477932638239057,0.028477932638239056,1,2021-07-22,0.0008288144649089002,0.027649118173330156,0.010450920217294879,,,,0.010450920217294879
ADM,5,0.01,2021-08-23,2021-08-30,51.49138641357422,52.15119934082031,hold_days,0.0128140447015066,0.011814044701506599,3,2021-08-20,0.011081459287358264,0.0007325854141483346,0.00627764379619733,,,,0.00627764379619733
ADM,5,0.01,2021-09-24,2021-10-01,51.88206100463867,52.784969329833984,hold_days,0.017403092855439617,0.016403092855439616,2,2021-09-22,-0.011425059579367902,0.027828152434807518,0.021867840725863674,0.013052937018833921,,,0.021867840725863674
ADM,5,0.01,2021-12-02,2021-12-09,54.475101470947266,55.243343353271484,hold_days,0.014102624163700561,0.01310262416370056,1,2021-12-01,0.023541732067535293,-0.010439107903834732,0.009382165975170498,,,,0.009382165975170498
ADM,5,0.01,2022-05-20,2022-05-27,74.06116485595703,78.40784454345703,hold_days,0.058690404018812536,0.057690404018812536,1,2022-05-19,0.06779884386343893,-0.010108439844626393,0.001669355197366773,,,,0.001669355197366773
ADM,5,0.01,2022-07-15,2022-07-22,63.480995178222656,65.10328674316406,hold_days,0.0255555471426816,0.0245555471426816,1,2022-07-14,0.022606069206124513,0.001949477936557087,0.0041840292182664385,,,,0.0041840292182664385
ADM,5,0.01,2022-11-11,2022-11-18,82.44087219238281,84.64244079589844,hold_days,0.02670481940533187,0.02570481940533187,2,2022-11-09,-0.0030705665276454797,0.02877538593297735,0.0131097789538277,0.00010736237485575728,,,0.0131097789538277
ADM,5,0.01,2023-10-27,2023-11-03,63.35490798950195,65.95098114013672,hold_days,0.040976669890593787,0.039976669890593786,3,2023-10-24,0.056294761371520785,-0.016318091480927,0.02274334314821047,0.034259190459609234,0.008204783210683742,,0.034259190459609234
ADM,5,0.01,2024-06-18,2024-06-26,55.49333190917969,56.197303771972656,hold_days,0.01268570184153095,0.011685701841530949,4,2024-06-14,0.010917694144926049,0.0007680076966048999,0.011092502211599742,0.006890860800071286,,,0.011092502211599742
ADM,5,0.01,2024-10-23,2024-10-30,52.389591217041016,51.87578201293945,hold_days,-0.009807467326342412,-0.010807467326342413,1,2024-10-22,-0.009809589978600375,-0.0009978773477420377,0.007003097497101596,,,,0.007003097497101596
ADM,5,0.01,2024-11-13,2024-11-20,48.45663070678711,49.99805450439453,hold_days,0.031810379201447914,0.030810379201447913,1,2024-11-12,-0.006637123340155204,0.03744750254160312,0.008555314063782626,,,,0.008555314063782626
ADM,5,0.01,2025-05-07,2025-05-14,45.656105041503906,47.11504364013672,hold_days,0.03195495098205492,0.03095495098205492,2,2025-05-05,0.028347930352052186,0.002607020630002732,0.01726333928075885,0.008000094327823781,,,0.01726333928075885
ADM,5,0.01,2025-12-24,2026-01-02,56.612815856933594,57.85715866088867,hold_days,0.02197987832118553,0.02097987832118553,1,2025-12-23,-0.0027391973238120038,0.023719075644997534,0.005394114945599826,,,,0.005394114945599826
ADM,5,0.01,2026-05-08,2026-05-15,76.66474914550781,79.36963653564453,hold_days,0.03528202231514399,0.03428202231514399,1,2026-05-07,0.0021988980566769456,0.032083124258467044,0.0016767710539136171,,,,0.0016767710539136171
T,5,0.01,2015-06-16,2015-06-23,11.960315704345703,12.388083457946777,hold_days,0.03576559048902417,0.03476559048902417,1,2015-06-15,0.017310609577215752,0.017454980911808415,0.007556209622594512,,,,0.007556209622594512
T,5,0.01,2015-07-13,2015-07-20,12.245795249938965,12.25281810760498,hold_days,0.0005734913513313344,-0.0004265086486686656,4,2015-07-09,0.02126528473948741,-0.021691793388156078,0.007560271274049679,0.014248285580233055,,,0.014248285580233055
T,5,0.01,2015-09-29,2015-10-06,11.25925064086914,11.694591522216797,hold_days,0.03866517366328481,0.03766517366328481,1,2015-09-28,0.05366221868452059,-0.01599704502123578,0.005329116794454025,,,,0.005329116794454025
T,5,0.01,2015-10-28,2015-11-04,11.956576347351074,11.978041648864746,hold_days,0.0017952715635380923,0.0007952715635380922,1,2015-10-27,0.009309531272702287,-0.008514259709164196,0.006323181872507133,,,,0.006323181872507133
T,5,0.01,2016-10-11,2016-10-18,14.938883781433105,15.038222312927246,hold_days,0.006649662247028454,0.005649662247028454,4,2016-10-07,-0.0018733352417541482,0.007522997488782602,0.0036018830739750207,0.0059171958611417,,,0.0059171958611417
T,5,0.01,2016-12-05,2016-12-12,14.759315490722656,15.710661888122559,hold_days,0.06445735223953264,0.06345735223953264,3,2016-12-02,0.029692132640029012,0.033765219599503626,0.0005181581961861692,,,,0.0005181581961861692
T,5,0.01,2017-02-14,2017-02-22,15.809786796569824,16.135677337646484,hold_days,0.020613215425989706,0.019613215425989705,1,2017-02-13,0.014621111226526873,0.004992104199462832,0.0024599259736435286,,,,0.0024599259736435286
T,5,0.01,2017-06-30,2017-07-10,14.870525360107422,14.767127990722656,hold_days,-0.006953175283379465,-0.007953175283379466,1,2017-06-29,0.004822670899227166,-0.012775846182606632,0.0029238940461941976,,,,0.0029238940461941976
T,5,0.01,2017-07-20,2017-07-27,14.642829895019531,15.801592826843262,hold_days,0.07913517674734849,0.07813517674734849,2,2017-07-18,0.003584527656159908,0.07455064909118858,0.0038900181161001246,0.014726303609764457,,,0.014726303609764457
T,5,0.01,2017-11-07,2017-11-14,13.48089599609375,13.74587345123291,hold_days,0.019655774750872768,0.018655774750872767,1,2017-11-06,-0.0018730211017958798,0.020528795852668646,0.006390438718996139,,,,0.006390438718996139
T,5,0.01,2018-01-12,2018-01-22,15.307113647460938,15.709493637084961,hold_days,0.026287123679307633,0.025287123679307633,1,2018-01-11,0.017058947963350723,0.008228175715956909,0.011513121202179288,,,,0.011513121202179288
T,5,0.01,2018-03-02,2018-03-09,15.078959465026855,15.369338989257812,hold_days,0.01925726539052275,0.018257265390522748,1,2018-03-01,0.03779335778639292,-0.019536092395870175,0.00972234133934502,,,,0.00972234133934502
T,5,0.01,2019-08-15,2019-08-22,16.087427139282227,16.579322814941406,hold_days,0.030576404256593026,0.029576404256593025,1,2019-08-14,0.02965767082743831,-8.126657084528421e-05,0.007333355826152799,,,,0.007333355826152799
T,5,0.01,2020-01-16,2020-01-24,18.465885162353516,18.6940975189209,hold_days,0.01235859286250962,0.01135859286250962,1,2020-01-15,-0.011234050333297274,0.022592643195806894,0.0042248958608965825,,,,0.0042248958608965825
T,5,0.01,2020-04-23,2020-04-30,14.659584045410156,15.141608238220215,hold_days,0.03288116438480926,0.03188116438480926,1,2020-04-22,0.04337772016890007,-0.011496555784090812,0.0010179697182661762,,,,0.0010179697182661762
T,5,0.01,2020-06-12,2020-06-19,15.156519889831543,15.062098503112793,hold_days,-0.006229753756473944,-0.007229753756473944,1,2020-06-11,0.012119966575613317,-0.01934972033208726,0.010938179632774547,,,,0.010938179632774547
T,5,0.01,2021-03-22,2021-03-29,15.98919677734375,16.293094635009766,hold_days,0.019006449285597027,0.018006449285597026,3,2021-03-19,0.017863798423241928,0.00014265086235509816,0.007728534896214612,,,,0.007728534896214612
T,5,0.01,2021-04-14,2021-04-21,16.21143913269043,16.418643951416016,hold_days,0.012781395718764799,0.011781395718764798,1,2021-04-13,0.007074691197245908,0.00470670452151889,0.003375331769306822,,,,0.003375331769306822
T,5,0.01,2021-04-28,2021-04-30,16.88214111328125,17.127517700195312,resistance,0.01453468403489544,0.013534684034895439,1,2021-04-27,-0.0013154024364545602,0.01485008647135,0.0061749839486793245,,,,0.0061749839486793245
T,5,0.01,2021-06-21,2021-06-28,15.775199890136719,15.693408966064453,hold_days,-0.0051847789341423756,-0.006184778934142376,3,2021-06-18,0.015209549030845926,-0.021394327964988302,0.009772665423224414,,,,0.009772665423224414
T,5,0.01,2023-02-10,2023-02-17,15.770849227905273,16.076841354370117,hold_days,0.019402387407484456,0.018402387407484455,1,2023-02-09,-0.001463269778022469,0.019865657185506924,0.005271358393465819,,,,0.005271358393465819
T,5,0.01,2024-10-11,2024-10-18,19.742971420288086,20.18642807006836,hold_days,0.022461494794272507,0.021461494794272507,1,2024-10-10,0.004151360111280367,0.01731013468299214,0.007068840933274645,,,,0.007068840933274645
T,5,0.01,2025-08-28,2025-09-05,27.63678741455078,28.257516860961914,hold_days,0.02246026056141104,0.021460260561411038,2,2025-08-26,-0.002583001434090737,0.024043261995501775,0.017506985268869846,0.013305333980261347,,,0.017506985268869846
BAC,5,0.01,2016-04-11,2016-04-18,10.29201889038086,11.244248390197754,hold_days,0.09252115740934652,0.09152115740934652,4,2016-04-07,0.03458129685013667,0.056939860559209854,0.0023347107032218872,0.009338375178647995,,,0.009338375178647995
BAC,5,0.01,2016-05-16,2016-05-23,11.05380630493164,11.482309341430664,hold_days,0.038765202200788274,0.03776520220078827,3,2016-05-13,-0.007622576276775095,0.04538777847756337,0.0036022555073951246,,,,0.0036022555073951246
BAC,5,0.01,2016-11-04,2016-11-11,13.238716125488281,15.21452808380127,hold_days,0.1492449826391391,0.1482449826391391,2,2016-11-02,0.04179264990679643,0.10645233273234267,0.0,0.004247459341028437,,,0.004247459341028437
BAC,5,0.01,2017-05-02,2017-05-08,18.94959831237793,19.29589080810547,resistance,0.018274397695350553,0.017274397695350552,4,2017-04-28,0.0053614112218605126,0.01191298647349004,0.011567840755301484,0.008140787133525729,,,0.011567840755301484
BAC,5,0.01,2017-05-18,2017-05-25,18.313379287719727,18.724102020263672,hold_days,0.022427468251004834,0.021427468251004833,1,2017-05-17,0.024260601204575627,-0.002833132953570794,0.007532343082219617,,,,0.007532343082219617
BAC,5,0.01,2017-06-26,2017-07-03,18.494714736938477,19.94101333618164,hold_days,0.0782006437955245,0.07720064379552449,3,2017-06-23,0.0009568106010302557,0.07624383319449424,0.003066957597304354,,,,0.003066957597304354
BAC,5,0.01,2018-09-14,2018-09-20,25.084245681762695,25.761524200439453,resistance,0.02700015488881813,0.026000154888818128,1,2018-09-13,0.012854710610222808,0.01314544427859532,0.007630995058065304,,,,0.007630995058065304
BAC,5,0.01,2019-02-11,2019-02-19,23.59651756286621,24.194528579711914,hold_days,0.025343189530085297,0.024343189530085296,4,2019-02-07,0.022102686675900207,0.002240502854185089,0.0017702192188282506,0.006019509736530981,,,0.006019509736530981
BAC,5,0.01,2019-09-26,2019-10-03,24.610599517822266,23.495391845703125,hold_days,-0.04531412049964656,-0.04631412049964656,2,2019-09-24,-0.026553986323903045,-0.019760134175743516,0.010711776580828225,0.006565315134346328,,,0.010711776580828225
BAC,5,0.01,2019-10-09,2019-10-16,23.5629825592041,25.489248275756836,hold_days,0.08174965591528238,0.08074965591528238,1,2019-10-08,0.0235849217055899,0.05716473420969248,0.009410210513096207,,,,0.009410210513096207
BAC,5,0.01,2021-02-01,2021-02-08,26.13255500793457,28.862693786621094,hold_days,0.10447270761919669,0.10347270761919669,3,2021-01-29,0.05096382252945353,0.05250888508974316,0.010455172904107135,,,,0.010455172904107135
BAC,5,0.01,2021-08-04,2021-08-11,33.68794631958008,36.92734909057617,hold_days,0.09615910510737469,0.09515910510737469,2,2021-08-02,0.02106852542100257,0.07409057968637212,0.015542559724168736,0.008166162665001142,,,0.015542559724168736
BAC,5,0.01,2021-08-20,2021-08-27,35.53652572631836,37.4026985168457,hold_days,0.05251421607445583,0.05151421607445583,1,2021-08-19,0.01914602720836256,0.03236818886609327,0.004478793204768072,,,,0.004478793204768072
BAC,5,0.01,2022-03-08,2022-03-15,34.47580337524414,37.075565338134766,hold_days,0.07540830693904654,0.07440830693904654,1,2022-03-07,0.01874019018630335,0.05566811675274319,0.006520604124522489,,,,0.006520604124522489
BAC,5,0.01,2022-09-29,2022-10-06,27.73052406311035,28.45408821105957,hold_days,0.026092696492229894,0.025092696492229893,2,2022-09-27,0.03233988288634637,-0.007247186394116478,0.016355910777412275,0.002943963223224433,,,0.016355910777412275
BAC,5,0.01,2022-11-29,2022-12-06,33.46475601196289,30.02144432067871,hold_days,-0.1028936738714985,-0.1038936738714985,1,2022-11-28,-0.010415715224205924,-0.09347795864729258,0.003798320020047097,,,,0.003798320020047097
BAC,5,0.01,2023-06-01,2023-06-08,25.63948631286621,26.977758407592773,hold_days,0.052195745203171384,0.05119574520317138,1,2023-05-31,0.029165050090359745,0.022030695112811638,0.007617127416711389,,,,0.007617127416711389
BAC,5,0.01,2024-01-04,2024-01-08,31.706647872924805,32.04436111450195,resistance,0.010651180879500455,0.009651180879500454,1,2024-01-03,0.007304352714317508,0.002346828165182946,0.008052392917042628,,,,0.008052392917042628
BAC,5,0.01,2024-05-03,2024-05-10,35.189125061035156,36.32273864746094,hold_days,0.03221488412853524,0.031214884128535236,1,2024-05-02,0.017647933739379562,0.013566950389155674,0.010032418729809534,,,,0.010032418729809534
BAC,5,0.01,2024-06-27,2024-07-05,37.30400085449219,38.4064826965332,hold_days,0.029553983937040673,0.028553983937040672,1,2024-06-26,0.00028521275391946155,0.02826877118312121,0.006410385714044509,,,,0.006410385714044509
BAC,5,0.01,2024-12-23,2024-12-31,42.21945571899414,42.27717971801758,hold_days,0.0013672369299984055,0.0003672369299984055,4,2024-12-19,-0.006579856047296939,0.006947092977295345,0.018211033156403156,0.011756496702204133,,,0.018211033156403156
BAC,5,0.01,2025-03-12,2025-03-19,38.633216857910156,40.85963821411133,hold_days,0.057629717048667484,0.05662971704866748,1,2025-03-11,0.013264612354971561,0.04336510469369592,0.007573816782022735,,,,0.007573816782022735
BAC,5,0.01,2025-10-13,2025-10-20,47.840240478515625,50.95387268066406,hold_days,0.06508395800281819,0.06408395800281819,3,2025-10-10,0.020279296145542247,0.04380466185727594,0.004316443519616797,,,,0.004316443519616797
BAC,5,0.01,2026-01-26,2026-02-02,51.19898223876953,53.1772575378418,hold_days,0.038638957505960914,0.03763895750596091,3,2026-01-23,0.011973602329118593,0.02566535517684232,0.00580053975902306,,,,0.00580053975902306
BAC,5,0.01,2026-03-30,2026-03-31,46.74736022949219,48.2518310546875,resistance,0.03218301135742352,0.031183011357423518,3,2026-03-27,0.020061147734615092,0.011121863622808426,0.0055352877362511155,,,,0.0055352877362511155
BA,5,0.01,2015-07-28,2015-08-04,125.59712219238281,127.12934112548828,hold_days,0.01219947484750894,0.011199474847508939,1,2015-07-27,-0.0006441497890893322,0.011843624636598271,0.005530573114457482,,,,0.005530573114457482
BA,5,0.01,2015-11-13,2015-11-20,127.87948608398438,133.9868927001953,hold_days,0.04775908007794083,0.04675908007794083,1,2015-11-12,0.036722265998924364,0.010036814079016465,0.0003509884104593297,,,,0.0003509884104593297
BA,5,0.01,2015-12-21,2015-12-29,126.36386108398438,132.14840698242188,hold_days,0.045776900522159325,0.044776900522159324,3,2015-12-18,0.031548413327721514,0.01322848719443781,0.009457083170502312,,,,0.009457083170502312
BA,5,0.01,2016-05-05,2016-05-12,119.54991912841797,122.66035461425781,hold_days,0.02601788030068586,0.025017880300685857,1,2016-05-04,0.01151894206395121,0.013498938236734648,0.009091754459197743,,,,0.009091754459197743
BA,5,0.01,2016-06-28,2016-07-06,113.05156707763672,115.85298919677734,hold_days,0.024780037920365983,0.023780037920365982,1,2016-06-27,0.047137080865292225,-0.023357042944926243,0.00969850289910501,,,,0.00969850289910501
BA,5,0.01,2016-08-08,2016-08-15,120.62547302246094,123.89766693115234,hold_days,0.027126889758037454,0.026126889758037453,4,2016-08-04,0.006537223047525131,0.01958966671051232,0.003963002293001505,0.007469188490324408,,,0.007469188490324408
BA,5,0.01,2016-09-19,2016-09-26,117.29151916503906,120.1345443725586,hold_days,0.024238966531920925,0.023238966531920924,3,2016-09-16,0.004436383008855849,0.018802583523065075,0.006156457585248187,,,,0.006156457585248187
BA,5,0.01,2017-01-18,2017-01-25,146.78530883789062,155.16664123535156,hold_days,0.05709925920936176,0.05609925920936176,1,2017-01-17,0.013721159512790848,0.042378099696570914,0.004122553672266882,,,,0.004122553672266882
BA,5,0.01,2017-06-07,2017-06-14,177.24234008789062,181.2752685546875,hold_days,0.022753753221702144,0.021753753221702143,1,2017-06-06,0.004966356635892177,0.016787396585809966,0.007228945750779925,,,,0.007228945750779925
BA,5,0.01,2017-09-07,2017-09-11,223.99755859375,228.0546112060547,resistance,0.0181120394247809,0.0171120394247809,1,2017-09-06,0.010948856338272694,0.006163183086508206,0.007203127509662233,,,,0.007203127509662233
BA,5,0.01,2018-06-01,2018-06-08,343.3339538574219,355.6343688964844,hold_days,0.03582638681920325,0.03482638681920325,1,2018-05-31,0.02009202521290665,0.014734361606296598,0.012948663095441404,,,,0.012948663095441404
BA,5,0.01,2018-09-11,2018-09-18,333.936279296875,351.66558837890625,hold_days,0.05309189261903935,0.05209189261903935,1,2018-09-10,0.009807153761606013,0.042284738857433335,0.009916307190571017,,,,0.009916307190571017
BA,5,0.01,2019-07-09,2019-07-16,346.80108642578125,356.2890319824219,hold_days,0.027358465495093354,0.026358465495093353,1,2019-07-08,0.007615193679341603,0.01874327181575175,0.005610599460647014,,,,0.005610599460647014
BA,5,0.01,2019-12-20,2019-12-30,326.0600280761719,324.4695129394531,hold_days,-0.004877982579168494,-0.005877982579168494,4,2019-12-16,0.0001641308868474134,-0.006042113466015907,0.0,0.01125381990827612,0.019877652155357195,,0.019877652155357195
BA,5,0.01,2021-07-02,2021-07-12,236.67999267578125,238.2899932861328,hold_days,0.006802436455019878,0.005802436455019878,3,2021-06-29,0.005477087472817166,0.000325348982202712,0.016118099509234707,0.016839164036322574,0.0039022658227905183,,0.016839164036322574
BA,5,0.01,2021-08-04,2021-08-11,226.6300048828125,239.49000549316406,hold_days,0.056744474841278425,0.055744474841278424,2,2021-08-02,0.02106852542100257,0.03467594942027585,0.01664151975212147,0.00572472071485941,,,0.01664151975212147
BA,5,0.01,2022-01-28,2022-02-04,190.57000732421875,206.4499969482422,hold_days,0.08332890283730032,0.08232890283730032,1,2022-01-27,0.016342662139247732,0.06598624069805259,0.004321514225131828,,,,0.004321514225131828
BA,5,0.01,2022-05-06,2022-05-13,148.89999389648438,127.19999694824219,hold_days,-0.1457353783595725,-0.1467353783595725,4,2022-05-02,-0.020319434592400376,-0.12641594376717213,0.03344324877391158,0.05625463007884024,0.012515985483563696,,0.05625463007884024
BA,5,0.01,2022-12-19,2022-12-27,185.67999267578125,189.39999389648438,hold_days,0.020034475266264673,0.019034475266264672,4,2022-12-15,0.015177071631767403,0.0038574036344972695,0.005334180933091792,0.010668361866183362,,,0.010668361866183362
BA,5,0.01,2023-02-06,2023-02-13,206.80999755859375,215.64999389648438,hold_days,0.04274453093296926,0.04174453093296926,3,2023-02-03,0.002884987105707948,0.03885954382726131,0.0038833215527864784,,,,0.0038833215527864784
BA,5,0.01,2023-02-27,2023-03-06,200.4600067138672,211.9199981689453,hold_days,0.057168467880158724,0.05616846788015872,3,2023-02-24,0.019644318761483426,0.0365241491186753,0.011657900017850054,,,,0.011657900017850054
BA,5,0.01,2023-05-05,2023-05-12,198.33999633789062,200.6999969482422,hold_days,0.011898763002551771,0.01089876300255177,1,2023-05-04,-0.007187739485521316,0.018086502488073086,0.006546527613064734,,,,0.006546527613064734
BA,5,0.01,2023-06-26,2023-07-03,205.5800018310547,210.9199981689453,hold_days,0.025975271380136666,0.024975271380136665,3,2023-06-23,0.021136522111154132,0.003838749268982533,0.0008276041376493737,,,,0.0008276041376493737
BA,5,0.01,2025-05-28,2025-06-04,201.5,211.97999572753906,resistance,0.05200990435503261,0.05100990435503261,1,2025-05-27,0.008551282962174112,0.0424586213928585,0.0023379655949713474,,,,0.0023379655949713474
CAT,5,0.01,2015-09-11,2015-09-18,55.87696838378906,55.284584045410156,hold_days,-0.010601583362757516,-0.011601583362757517,1,2015-09-10,0.001934077013465485,-0.013535660376223002,0.0028995314972213304,,,,0.0028995314972213304
CAT,5,0.01,2016-05-20,2016-05-27,55.571475982666016,57.233802795410156,hold_days,0.029913310441181284,0.028913310441181284,1,2016-05-19,0.027129476319189605,0.0017838341219916787,0.00633690421025257,,,,0.00633690421025257
CAT,5,0.01,2016-09-14,2016-09-21,65.06048583984375,67.02784729003906,hold_days,0.030238960327444664,0.029238960327444663,1,2016-09-13,0.018217179401486483,0.01102178092595818,0.009846455546002941,,,,0.009846455546002941
CAT,5,0.01,2016-12-19,2016-12-27,75.10492706298828,76.59551239013672,hold_days,0.019846704942517723,0.018846704942517722,3,2016-12-16,0.0024870237487235602,0.016359681193794162,0.0014040190426567456,,,,0.0014040190426567456
CAT,5,0.01,2017-06-22,2017-06-29,85.52392578125,87.00645446777344,hold_days,0.017334665977745134,0.016334665977745133,1,2017-06-21,-0.006660162216413745,0.02299482819415888,0.003575606590346281,,,,0.003575606590346281
CAT,5,0.01,2018-06-04,2018-06-11,128.49655151367188,131.69839477539062,hold_days,0.024917736888667275,0.023917736888667274,4,2018-05-31,0.014532362761216167,0.009385374127451107,0.010598470370810631,0.0038839759200883783,,,0.010598470370810631
CAT,5,0.01,2018-07-05,2018-07-12,114.43354797363281,117.47534942626953,hold_days,0.026581378507442466,0.025581378507442465,2,2018-07-03,0.024236905529039232,0.0013444729784032328,0.014795040823774253,,,,0.014795040823774253
CAT,5,0.01,2019-07-11,2019-07-16,115.72310638427734,120.15469360351562,resistance,0.0382947481942153,0.0372947481942153,1,2019-07-10,0.0016157184851288697,0.03567902970908643,0.009952064084831402,,,,0.009952064084831402
CAT,5,0.01,2020-08-21,2020-08-24,124.35104370117188,127.27047729492188,resistance,0.023477354969096087,0.022477354969096086,1,2020-08-20,0.014291588839149272,0.008185766129946814,0.00691026295472752,,,,0.00691026295472752
CAT,5,0.01,2021-01-29,2021-02-05,166.1267852783203,175.35812377929688,hold_days,0.055568031883063584,0.054568031883063584,2,2021-01-27,0.05135900807390881,0.0032090238091547763,0.02053908210444888,0.012234919377557274,,,0.02053908210444888
CAT,5,0.01,2021-11-11,2021-11-18,192.40284729003906,185.84271240234375,hold_days,-0.034095830597590804,-0.035095830597590805,1,2021-11-10,0.005383817019838366,-0.04047964761742917,0.00899995374831497,,,,0.00899995374831497
CAT,5,0.01,2022-02-07,2022-02-14,185.2610321044922,185.32591247558594,hold_days,0.00035021056698614217,-0.0006497894330138579,3,2022-02-04,-0.015271390568520227,0.014621601135506368,0.007106493466850328,,,,0.007106493466850328
CAT,5,0.01,2022-08-26,2022-09-02,180.03526306152344,169.63198852539062,hold_days,-0.05778464929160965,-0.05878464929160965,4,2022-08-22,-0.026806213538863033,-0.031978435752746615,0.028421191030583826,0.012515872914890647,0.03712976982682936,,0.03712976982682936
CAT,5,0.01,2022-09-07,2022-09-14,169.66014099121094,173.21542358398438,hold_days,0.020955320277363354,0.019955320277363353,1,2022-09-06,-0.009622231677173132,0.029577551954536485,0.0011071844992369684,,,,0.0011071844992369684
CAT,5,0.01,2023-01-05,2023-01-12,226.90869140625,240.8756866455078,hold_days,0.06155337264825955,0.06055337264825955,2,2023-01-03,0.04073997045921707,0.019813402189042484,0.010381732469023186,0.005860574693867582,,,0.010381732469023186
CAT,5,0.01,2023-02-03,2023-02-10,235.08828735351562,235.00289916992188,hold_days,-0.00036321751523649137,-0.0013632175152364914,1,2023-02-02,-0.010181818533372078,0.008818601018135586,0.011678190808265931,,,,0.011678190808265931
CAT,5,0.01,2024-05-02,2024-05-09,325.93951416015625,341.8167419433594,hold_days,0.048712190739173655,0.047712190739173654,1,2024-05-01,0.025470425336535873,0.02224176540263778,0.013199578114389876,,,,0.013199578114389876
CAT,5,0.01,2024-06-18,2024-06-26,315.9312744140625,317.47625732421875,hold_days,0.004890249985607165,0.0038902499856071646,4,2024-06-14,0.010917694144926049,-0.007027444159318884,0.0028927516879106996,0.011416350197150482,,,0.011416350197150482
CAT,5,0.01,2024-09-09,2024-09-16,325.90106201171875,339.48187255859375,hold_days,0.041671574995931326,0.040671574995931326,3,2024-09-06,0.016161215139507412,0.024510359856423913,0.014209593498498485,,,,0.014209593498498485
CAT,5,0.01,2024-11-01,2024-11-08,371.7109375,385.164306640625,hold_days,0.03619309464259435,0.03519309464259435,1,2024-10-31,0.02820329489418749,0.006989799748406855,0.009117515621564376,,,,0.009117515621564376
CAT,5,0.01,2025-09-04,2025-09-11,416.4710998535156,427.5315246582031,hold_days,0.02655748456154039,0.02555748456154039,1,2025-09-03,0.004451372845604595,0.021106111715935794,0.01228553626133988,,,,0.01228553626133988
CVX,5,0.01,2016-05-24,2016-06-01,65.028076171875,65.6381607055664,hold_days,0.009381863490454556,0.008381863490454555,1,2016-05-23,0.013007619109749458,-0.004625755619294902,0.008150617940774652,,,,0.008150617940774652
CVX,5,0.01,2016-09-02,2016-09-12,66.1986083984375,67.06437683105469,hold_days,0.013078347922456102,0.0120783479224561,1,2016-09-01,-0.010062246213379478,0.02214059413583558,0.0071848882057303776,,,,0.0071848882057303776
CVX,5,0.01,2017-05-05,2017-05-08,70.75166320800781,71.3469009399414,resistance,0.008413056385453643,0.007413056385453643,1,2017-05-04,0.0015919040904031068,0.0058211522950505365,0.009350154163368707,,,,0.009350154163368707
CVX,5,0.01,2017-10-30,2017-11-06,78.05797576904297,79.86629486083984,hold_days,0.023166359029694883,0.022166359029694882,3,2017-10-27,0.006479894538475417,0.015686464491219465,0.007486319802977537,,,,0.007486319802977537
CVX,5,0.01,2017-11-17,2017-11-27,79.00912475585938,79.61521911621094,hold_days,0.007671194462973929,0.006671194462973929,1,2017-11-16,0.01233372354394846,-0.005662529080974531,0.0012218601394571316,,,,0.0012218601394571316
CVX,5,0.01,2017-12-15,2017-12-22,82.46673583984375,86.0827865600586,hold_days,0.04384859766048543,0.04284859766048543,1,2017-12-14,0.004218598217258007,0.038629999443227425,0.0016729640283543734,,,,0.0016729640283543734
CVX,5,0.01,2018-08-16,2018-08-23,83.35297393798828,83.66468811035156,hold_days,0.003739688671398733,0.002739688671398733,1,2018-08-15,0.005135206420157079,-0.002395517748758346,0.007190304340843667,,,,0.007190304340843667
CVX,5,0.01,2018-09-12,2018-09-19,82.02824401855469,84.66357421875,hold_days,0.0321271073363365,0.0311271073363365,2,2018-09-10,0.011109701489237622,0.02001740584709888,0.004716759703957685,0.011443027057374655,,,0.011443027057374655
CVX,5,0.01,2018-09-27,2018-10-04,86.76050567626953,88.51737213134766,hold_days,0.02024961059624908,0.019249610596249078,1,2018-09-26,0.0004913132152715161,0.018758297380977562,0.004264285183156691,,,,0.004264285183156691
CVX,5,0.01,2019-03-28,2019-04-04,88.88648223876953,90.17259216308594,hold_days,0.01446912839751735,0.01346912839751735,1,2019-03-27,0.02387912033048023,-0.010409991932962881,0.0018730305274479164,,,,0.0018730305274479164
CVX,5,0.01,2019-05-03,2019-05-10,84.73188781738281,88.14226531982422,hold_days,0.040249044253464206,0.039249044253464205,1,2019-05-02,-0.021915054428517045,0.06116409868198125,0.00764719176990325,,,,0.00764719176990325
CVX,5,0.01,2019-07-19,2019-07-23,91.23490142822266,91.80401611328125,resistance,0.006237905408450928,0.005237905408450928,2,2019-07-17,0.009728127102813788,-0.004490221694362861,0.004349884958796402,0.007249920571199997,,,0.007249920571199997
CVX,5,0.01,2019-08-06,2019-08-13,87.1051025390625,89.30134582519531,hold_days,0.025213715639079926,0.024213715639079925,1,2019-08-05,0.01345789620846416,0.010755819430615765,0.005389917234605246,,,,0.005389917234605246
CVX,5,0.01,2021-04-23,2021-04-30,81.00731658935547,82.21979522705078,hold_days,0.014967520080212626,0.013967520080212625,1,2021-04-22,0.0023957812189205896,0.011571738861292036,0.005943692382465171,,,,0.005943692382465171
CVX,5,0.01,2021-12-20,2021-12-28,94.08151245117188,98.14610290527344,hold_days,0.043202860457957515,0.042202860457957514,3,2021-12-17,0.04162751631802086,0.000575344139936651,0.0004400444328052089,,,,0.0004400444328052089
CVX,5,0.01,2022-09-08,2022-09-15,132.7218780517578,136.6963348388672,hold_days,0.029945754576795824,0.028945754576795824,1,2022-09-07,-0.02935594476176917,0.058301699338564994,0.0054151943779443545,,,,0.0054151943779443545
CVX,5,0.01,2022-10-11,2022-10-18,133.7602081298828,138.48353576660156,resistance,0.03531190406142559,0.03431190406142559,1,2022-10-10,0.04278210256578774,-0.008470198504362147,0.00019122743022848,,,,0.00019122743022848
CVX,5,0.01,2023-04-10,2023-04-17,145.6077423095703,147.8832550048828,hold_days,0.015627690253411375,0.014627690253411374,4,2023-04-06,0.01426074229713059,0.00036694795628078314,0.0038174848802245975,,,,0.0038174848802245975
CVX,5,0.01,2023-07-19,2023-07-26,135.15139770507812,140.96142578125,hold_days,0.042989034333557496,0.041989034333557496,2,2023-07-17,0.0206567575468537,0.021332276786703797,0.002020098316459551,0.008146295729508868,,,0.008146295729508868
CVX,5,0.01,2023-10-12,2023-10-19,142.21913146972656,149.16116333007812,hold_days,0.04881222229816018,0.04781222229816018,1,2023-10-11,-0.003360565693601103,0.05117278799176128,0.000806940179479021,,,,0.000806940179479021
CVX,5,0.01,2025-03-06,2025-03-13,143.78018188476562,144.40060424804688,hold_days,0.004315075660277667,0.0033150756602776674,1,2025-03-05,-0.0354137339232804,0.038728809583558066,0.014189952792720728,,,,0.014189952792720728
CVX,5,0.01,2025-05-06,2025-05-13,127.47036743164062,133.81570434570312,hold_days,0.04977891757835673,0.04877891757835673,1,2025-05-05,0.038829030163598066,0.009949887414758662,0.0007381042753324962,,,,0.0007381042753324962
CVX,5,0.01,2025-09-23,2025-09-30,151.45205688476562,149.40281677246094,hold_days,-0.013530619223374951,-0.014530619223374952,1,2025-09-22,0.0029915302350467243,-0.017522149458421676,0.008779185098923836,,,,0.008779185098923836
CVX,5,0.01,2025-11-07,2025-11-14,149.14306640625,151.6444854736328,hold_days,0.016771943394064293,0.01577194339406429,2,2025-11-05,0.014620386974065314,0.001151556419998978,0.0018342024367308252,0.015459350053405263,,,0.015459350053405263
CVX,5,0.01,2026-05-28,2026-06-04,181.4464874267578,186.720458984375,hold_days,0.02906626428767911,0.02806626428767911,1,2026-05-27,0.012612851881963705,0.015453412405715405,0.003453991976267945,,,,0.003453991976267945
CSCO,5,0.01,2015-08-05,2015-08-12,20.306055068969727,20.04029083251953,hold_days,-0.013087930449687257,-0.014087930449687258,1,2015-08-04,-0.003407892927852485,-0.010680037521834773,0.008562179798102365,,,,0.008562179798102365
CSCO,5,0.01,2016-08-22,2016-08-29,22.761371612548828,23.467323303222656,hold_days,0.031015340494007004,0.030015340494007003,4,2016-08-18,-0.0009413884102944525,0.030956728904301456,0.0013123291062704379,0.004921570988634105,,,0.004921570988634105
CSCO,5,0.01,2016-09-19,2016-09-26,23.051179885864258,23.088335037231445,hold_days,0.0016118546448016247,0.0006118546448016246,3,2016-09-16,0.004436383008855849,-0.003824528364054224,0.005836544301034197,,,,0.005836544301034197
CSCO,5,0.01,2017-07-10,2017-07-17,23.835594177246094,24.235673904418945,hold_days,0.016784969747251965,0.015784969747251965,4,2017-07-06,0.009902167076722757,0.005882802670529208,0.005859664379031404,0.008463636865432944,,,0.008463636865432944
CSCO,5,0.01,2017-08-04,2017-08-11,24.46649169921875,24.212594985961914,hold_days,-0.010377324071556338,-0.011377324071556338,4,2017-07-31,-0.01189820587215984,0.000520881800603501,0.0063595349473311025,0.0022255495197380792,0.0034972357987610447,,0.011128772325748049
CSCO,5,0.01,2017-10-13,2017-10-16,25.973886489868164,26.02821159362793,resistance,0.0020915277265478593,0.0010915277265478593,1,2017-10-12,0.002538879197337085,-0.0014473514707892257,0.006313904712077045,,,,0.006313904712077045
CSCO,5,0.01,2017-11-15,2017-11-22,26.470550537109375,28.28647804260254,hold_days,0.06860180346258349,0.06760180346258349,2,2017-11-13,0.01572643546062591,0.05187536800195758,0.0026505277816750716,0.004712483759979014,,,0.004712483759979014
CSCO,5,0.01,2018-07-17,2018-07-24,33.628578186035156,33.66829299926758,hold_days,0.001180984013440023,0.00018098401344002289,4,2018-07-13,0.008552144675298523,-0.008371160661858501,0.017233264957123406,0.013403714387007604,,,0.017233264957123406
CSCO,5,0.01,2018-12-10,2018-12-17,37.47022247314453,35.34324264526367,hold_days,-0.056764536944110655,-0.057764536944110656,3,2018-12-07,-0.03479499975300693,-0.02296953719110373,0.009043863942022723,,,,0.009043863942022723
CSCO,5,0.01,2020-05-22,2020-06-01,37.54132080078125,38.711883544921875,hold_days,0.031180648926882215,0.030180648926882214,1,2020-05-21,0.045825458704737754,-0.01564480977785554,0.005824466356317393,,,,0.005824466356317393
CSCO,5,0.01,2020-08-20,2020-08-27,35.65447235107422,35.63761520385742,hold_days,-0.0004727919418021642,-0.0014727919418021642,1,2020-08-19,0.02620865919716997,-0.027681451138972135,0.010508673691189019,,,,0.010508673691189019
CSCO,5,0.01,2020-10-30,2020-11-06,30.53182601928711,31.918094635009766,hold_days,0.04540405198323039,0.044404051983230386,1,2020-10-29,0.060765502802551774,-0.016361450819321388,0.005883874000201628,,,,0.005883874000201628
CSCO,5,0.01,2021-04-15,2021-04-22,44.5917854309082,44.47090530395508,hold_days,-0.0027108160345008514,-0.0037108160345008514,1,2021-04-14,-0.006771885892711493,0.003061069858210642,0.005255687950332488,,,,0.005255687950332488
CSCO,5,0.01,2021-05-05,2021-05-12,44.15140151977539,44.557247161865234,hold_days,0.00919213497465221,0.00819213497465221,1,2021-05-04,-0.016616029916911135,0.024808164891563345,0.008282551975572705,,,,0.008282551975572705
CSCO,5,0.01,2023-03-02,2023-03-09,44.16709518432617,44.42192840576172,hold_days,0.005769752807424311,0.004769752807424311,1,2023-03-01,-0.0178441312296983,0.02261388403712261,0.0039303514121578065,,,,0.0039303514121578065
CSCO,5,0.01,2023-04-21,2023-04-28,43.12345504760742,43.3251838684082,hold_days,0.004677937344725214,0.0036779373447252137,1,2023-04-20,-0.0018290036169026358,0.0055069409616278495,0.009660612960015413,,,,0.009660612960015413
CSCO,5,0.01,2023-07-17,2023-07-24,46.94276809692383,49.06771469116211,hold_days,0.045266750990287985,0.044266750990287984,3,2023-07-14,0.02563613089802419,0.018630620092263794,0.008535176716669257,,,,0.008535176716669257
CSCO,5,0.01,2023-09-27,2023-10-04,49.15085983276367,49.73847579956055,hold_days,0.011955354774997762,0.010955354774997761,1,2023-09-26,-0.01393303661938139,0.02488839139437915,0.009296229776636578,,,,0.009296229776636578
CSCO,5,0.01,2023-11-21,2023-11-29,44.480804443359375,44.71343994140625,hold_days,0.00523002002679851,0.00423002002679851,4,2023-11-17,0.007342967555663549,-0.003112947528865039,0.010678316748663708,0.0008374662324808213,,,0.010678316748663708
CSCO,5,0.01,2024-02-06,2024-02-13,46.871341705322266,46.552490234375,hold_days,-0.006802695620532262,-0.007802695620532262,1,2024-02-05,-0.0033774486990427732,-0.004425246921489489,0.009493081212038401,,,,0.009493081212038401
CSCO,5,0.01,2024-05-03,2024-05-10,44.55024337768555,45.43898391723633,hold_days,0.0199491736109334,0.0189491736109334,1,2024-05-02,0.017647933739379562,0.0013012398715538387,0.00705272752201247,,,,0.00705272752201247
CSCO,5,0.01,2024-09-09,2024-09-16,46.43854904174805,48.66034698486328,hold_days,0.04784382778880203,0.04684382778880203,3,2024-09-06,0.016161215139507412,0.030682612649294616,0.004123695013516171,,,,0.004123695013516171
CSCO,5,0.01,2024-11-20,2024-11-27,55.24893569946289,56.96885681152344,hold_days,0.031130393559368974,0.030130393559368973,1,2024-11-19,0.02741696011620487,0.002713433443164104,0.008595063675881809,,,,0.008595063675881809
CSCO,5,0.01,2025-01-28,2025-02-04,57.492496490478516,59.34022903442383,hold_days,0.032138672987549244,0.031138672987549243,1,2025-01-27,0.0034145567590733172,0.027724116228475926,0.005924089716340175,,,,0.005924089716340175
CSCO,5,0.01,2025-06-02,2025-06-03,62.18079376220703,62.67746353149414,resistance,0.007987510921563468,0.006987510921563468,3,2025-05-30,0.0047687913505805035,0.002218719570982964,0.012849009689356095,,,,0.012849009689356095
CSCO,5,0.01,2025-08-05,2025-08-12,66.15026092529297,69.93195343017578,hold_days,0.057168217509431685,0.056168217509431684,4,2025-08-01,0.015148937430408127,0.04101928007902356,0.020563257574614857,0.006109333265876149,,,0.020563257574614857
CSCO,5,0.01,2025-09-15,2025-09-22,65.66040802001953,66.3756103515625,hold_days,0.010892444215773178,0.009892444215773177,3,2025-09-12,0.01114651729813465,-0.0012540730823614732,0.007365053324123849,,,,0.007365053324123849
CSCO,5,0.01,2026-08-24,2026-08-31,110.2300033569336,110.48999786376953,hold_days,0.002358654621410494,0.0013586546214104942,4,2026-08-20,-0.010341842384611666,0.01170049700602216,0.013231176440284154,0.005840013143806333,,,0.013231176440284154
C,5,0.01,2015-11-16,2015-11-23,39.50865173339844,39.942813873291016,hold_days,0.010989039636742692,0.009989039636742691,3,2015-11-13,0.019010731122059088,-0.009021691485316397,0.009780000206695227,,,,0.009780000206695227
C,5,0.01,2016-12-15,2016-12-22,44.73135757446289,44.924461364746094,hold_days,0.004316966905414166,0.0033169669054141657,1,2016-12-14,-0.00043505374433883137,0.003752020649752997,0.013120126985860514,,,,0.013120126985860514
C,5,0.01,2017-02-27,2017-03-06,44.702999114990234,44.89665222167969,hold_days,0.0043319936139254445,0.0033319936139254444,3,2017-02-24,0.004439985085743725,-0.0011079914718182806,0.0077231448921868395,,,,0.0077231448921868395
C,5,0.01,2017-03-23,2017-03-30,43.235740661621094,45.06795883178711,hold_days,0.04237739754490688,0.04137739754490688,1,2017-03-22,0.00937105168325525,0.03200634586165163,0.004846834308554593,,,,0.004846834308554593
C,5,0.01,2017-05-18,2017-05-25,44.86714553833008,46.263633728027344,hold_days,0.031124961771955117,0.030124961771955117,1,2017-05-17,0.024260601204575627,0.00586436056737949,0.0016673373317748208,,,,0.0016673373317748208
C,5,0.01,2017-10-17,2017-10-24,54.16043472290039,55.69843292236328,hold_days,0.028397080033269795,0.027397080033269794,1,2017-10-16,0.016029876919735786,0.011367203113534008,0.005852190272803259,,,,0.005852190272803259
C,5,0.01,2017-12-15,2017-12-22,56.3372802734375,56.87977600097656,hold_days,0.009629426995872326,0.008629426995872325,1,2017-12-14,0.004218598217258007,0.0044108287786143174,0.011498919666870888,,,,0.011498919666870888
C,5,0.01,2018-05-04,2018-05-11,51.6419563293457,55.38170623779297,hold_days,0.07241689072732016,0.07141689072732016,1,2018-05-03,0.02943552154769047,0.04198136917962969,0.004732346306546287,,,,0.004732346306546287
C,5,0.01,2018-09-13,2018-09-20,53.657901763916016,57.207054138183594,hold_days,0.06614407678263556,0.06514407678263556,2,2018-09-11,0.01268002181729333,0.05246405496534223,0.0155551799636382,0.010369976315441898,,,0.0155551799636382
C,5,0.01,2019-03-27,2019-04-03,47.1010627746582,50.4593391418457,hold_days,0.07129937562670774,0.07029937562670774,2,2019-03-25,0.024890323474342724,0.045409052152365015,0.014752152281207298,0.006629904159803912,,,0.014752152281207298
C,5,0.01,2019-11-15,2019-11-22,58.92950439453125,59.301780700683594,hold_days,0.006317316087709912,0.005317316087709912,1,2019-11-14,-0.005761538459185811,0.011078854546895722,0.0075838083119446065,,,,0.0075838083119446065
C,5,0.01,2020-08-03,2020-08-10,41.01433181762695,43.024757385253906,hold_days,0.049017635507667245,0.048017635507667245,3,2020-07-31,0.03413195872139663,0.013885676786270618,0.007598556029756676,,,,0.007598556029756676
C,5,0.01,2020-09-24,2020-10-01,34.340030670166016,35.35746383666992,hold_days,0.029628196208567603,0.028628196208567602,1,2020-09-23,0.029844240417482792,-0.0012160442089151902,0.008124318899842775,,,,0.008124318899842775
C,5,0.01,2020-10-16,2020-10-23,35.153968811035156,35.77256774902344,hold_days,0.01759684493416569,0.01659684493416569,2,2020-10-14,-0.00490862440276818,0.02150546933693387,0.01347908087601013,0.0037182244187727864,,,0.01347908087601013
C,5,0.01,2020-12-18,2020-12-28,48.666954040527344,50.37268829345703,hold_days,0.035049127001234526,0.034049127001234525,4,2020-12-14,0.0033607478482717834,0.03068837915296274,0.01583252966062587,0.01719430075272954,0.0223018683745273,,0.0223018683745273
C,5,0.01,2021-04-21,2021-04-28,58.713653564453125,60.591827392578125,hold_days,0.0319887064439488,0.0309887064439488,1,2021-04-20,0.004311351491433912,0.026677354952514887,0.012322615024732197,,,,0.012322615024732197
C,5,0.01,2021-05-13,2021-05-20,63.0048828125,63.766380310058594,hold_days,0.01208632511586094,0.01108632511586094,1,2021-05-12,0.0024885642235303873,0.008597760892330553,0.014279630246579078,,,,0.014279630246579078
C,5,0.01,2021-08-23,2021-08-30,59.76580810546875,60.42341995239258,hold_days,0.011003144904580653,0.010003144904580652,4,2021-08-19,0.011081459287358264,-0.001078314382777612,0.005870482432737356,0.015034478362038639,,,0.015034478362038639
C,5,0.01,2021-11-22,2021-11-30,56.92958068847656,54.09329605102539,hold_days,-0.04982092970210972,-0.05082092970210972,3,2021-11-19,-0.03032797255829156,-0.020492957143818158,0.010551653780403125,,,,0.010551653780403125
C,5,0.01,2022-11-29,2022-12-06,42.01976776123047,39.731956481933594,hold_days,-0.05444607148466263,-0.05544607148466263,1,2022-11-28,-0.010415715224205924,-0.045030356260456705,0.007198921702457062,,,,0.007198921702457062
C,5,0.01,2024-01-19,2024-01-26,47.610904693603516,49.59776306152344,hold_days,0.04173116181484482,0.04073116181484482,1,2024-01-18,0.0054967922052509,0.03523436960959392,0.00802199200942555,,,,0.00802199200942555
C,5,0.01,2024-12-19,2024-12-27,65.58258056640625,68.05558776855469,hold_days,0.037708293586349084,0.03670829358634908,1,2024-12-18,0.013846582333010948,0.022861711253338135,0.004403886263123047,,,,0.004403886263123047
C,5,0.01,2025-02-26,2025-03-05,76.31575775146484,70.41857147216797,hold_days,-0.07727350750420459,-0.07827350750420459,1,2025-02-25,-0.012832600773039049,-0.06544090673116554,0.011901926980580901,,,,0.011901926980580901
C,5,0.01,2025-05-07,2025-05-14,68.34516906738281,73.24851989746094,hold_days,0.07174392714200195,0.07074392714200195,1,2025-05-06,0.028347930352052186,0.042395996789949764,0.01122786547964183,,,,0.01122786547964183
C,5,0.01,2025-10-30,2025-11-04,98.14378356933594,99.50720977783203,resistance,0.013892130086190058,0.012892130086190057,1,2025-10-29,-0.006908134770059138,0.019800264856249195,0.011097635645235915,,,,0.011097635645235915
KO,5,0.01,2015-09-24,2015-10-01,27.8330135345459,28.295124053955078,hold_days,0.01660296391677507,0.01560296391677507,1,2015-09-23,0.00022632008525991232,0.015376643831515158,0.010061706279549165,,,,0.010061706279549165
KO,5,0.01,2015-11-17,2015-11-24,29.624568939208984,30.826051712036133,hold_days,0.04055697064462427,0.03955697064462427,4,2015-11-13,0.020828552319654747,0.01872841832496952,0.014016469315786706,0.007008234657893242,,,0.014016469315786706
KO,5,0.01,2016-06-28,2016-07-06,32.14131164550781,32.934303283691406,hold_days,0.024672037250054846,0.023672037250054845,1,2016-06-27,0.047137080865292225,-0.02346504361523738,0.009136318616633332,,,,0.009136318616633332
KO,5,0.01,2017-01-17,2017-01-24,30.488487243652344,30.991443634033203,hold_days,0.01649660038431633,0.015496600384316328,4,2017-01-13,0.00691811214573268,0.008578488238583648,0.008317218506952884,,,,0.008317218506952884
KO,5,0.01,2017-02-02,2017-02-09,30.621614456176758,30.51067543029785,hold_days,-0.0036228993098216256,-0.004622899309821626,1,2017-02-01,0.014157603144224096,-0.018780502454045722,0.003393070922932173,,,,0.003393070922932173
KO,5,0.01,2017-04-28,2017-05-05,32.197715759277344,32.60065460205078,hold_days,0.012514516426754163,0.011514516426754162,1,2017-04-27,0.0030263175485782945,0.008488198878175868,0.0032549416656544317,,,,0.0032549416656544317
KO,5,0.01,2017-07-12,2017-07-19,33.485843658447266,33.72658920288086,hold_days,0.007189472270407116,0.006189472270407116,1,2017-07-11,0.009085495167492796,-0.0028960228970856807,0.004060456060395623,,,,0.004060456060395623
KO,5,0.01,2017-08-31,2017-09-08,34.26825714111328,34.83250045776367,hold_days,0.016465480410249533,0.015465480410249532,1,2017-08-30,0.0013354456059209152,0.014130034804328617,0.0035249312306628866,,,,0.0035249312306628866
KO,5,0.01,2017-11-21,2017-11-29,34.71533966064453,34.50301742553711,hold_days,-0.006116092689368746,-0.007116092689368746,1,2017-11-20,0.01212222935766083,-0.019238322047029577,0.007039101310894358,,,,0.007039101310894358
KO,5,0.01,2018-03-01,2018-03-08,33.20332717895508,33.98313903808594,hold_days,0.023485955335979636,0.022485955335979635,1,2018-02-28,0.020818660870531414,0.0016672944654482214,0.004858943669248328,,,,0.004858943669248328
KO,5,0.01,2018-03-26,2018-04-03,32.925682067871094,33.45785903930664,hold_days,0.016162974857697687,0.015162974857697686,3,2018-03-23,-0.01649600979156962,0.03165898464926731,0.00850454356168684,,,,0.00850454356168684
KO,5,0.01,2018-08-14,2018-08-21,35.708984375,35.96575927734375,hold_days,0.00719076464475199,0.00619076464475199,1,2018-08-13,0.011654459387661742,-0.005463694742909752,0.0013092791092110811,,,,0.0013092791092110811
KO,5,0.01,2018-09-26,2018-10-03,35.9813232421875,35.997032165527344,hold_days,0.00043658548169855926,-0.0005634145183014408,1,2018-09-25,0.01057465033939975,-0.011138064857701191,0.0037211677075130734,,,,0.0037211677075130734
KO,5,0.01,2019-01-29,2019-02-05,37.49185562133789,38.96305847167969,hold_days,0.03924059841691285,0.03824059841691285,1,2019-01-28,0.03213572441168733,0.006104874005225525,0.0048760941842471706,,,,0.0048760941842471706
KO,5,0.01,2019-03-18,2019-03-25,36.23139190673828,36.72605514526367,hold_days,0.013652890835623488,0.012652890835623487,3,2019-03-15,-0.013974469994841532,0.02662736083046502,0.002428750700540272,,,,0.002428750700540272
KO,5,0.01,2019-10-03,2019-10-10,43.60932159423828,43.463523864746094,hold_days,-0.0033432698368656144,-0.004343269836865614,1,2019-10-02,0.011637753234040593,-0.01598102307090621,0.014318023521478596,,,,0.014318023521478596
KO,5,0.01,2020-04-24,2020-05-01,37.397377014160156,37.53732681274414,hold_days,0.003742235679550232,0.002742235679550232,1,2020-04-23,0.00019141915246101426,0.0025508165270892178,0.007987714340737195,,,,0.007987714340737195
KO,5,0.01,2020-08-04,2020-08-11,38.78376388549805,39.81379699707031,hold_days,0.026558358663002712,0.02555835866300271,1,2020-08-03,0.02956037331882433,-0.004002014655821617,0.008423422878343745,,,,0.008423422878343745
KO,5,0.01,2020-11-13,2020-11-20,44.758460998535156,44.10530090332031,hold_days,-0.014592997181833822,-0.015592997181833823,1,2020-11-12,0.0019570924268035306,-0.017550089608637354,0.008300034597800154,,,,0.008300034597800154
KO,5,0.01,2020-12-01,2020-12-08,43.919429779052734,44.88154983520508,hold_days,0.021906478772436788,0.020906478772436787,1,2020-11-30,0.01985957925336601,0.0010468995190707764,0.008527076033006953,,,,0.008527076033006953
KO,5,0.01,2021-01-11,2021-01-19,42.36655044555664,40.940269470214844,hold_days,-0.03366526092735933,-0.03466526092735933,4,2021-01-07,0.0037569318151386977,-0.03842219274249803,0.022418085884064576,0.004803836772507841,,,0.022418085884064576
KO,5,0.01,2021-02-01,2021-02-08,40.91495895385742,42.13024139404297,hold_days,0.029702643513735527,0.028702643513735526,3,2021-01-29,0.05096382252945353,-0.022261179015718002,0.006853630690417223,,,,0.006853630690417223
KO,5,0.01,2021-04-05,2021-04-12,44.940242767333984,45.3997802734375,hold_days,0.010225523446383056,0.009225523446383055,4,2021-04-01,0.00589207847779627,0.003333444968586785,0.0057130451848927954,,,,0.0057130451848927954
KO,5,0.01,2021-04-29,2021-05-03,46.174171447753906,46.36138153076172,resistance,0.00405443296843222,0.00305443296843222,2,2021-04-27,-3.8266205466652714e-05,0.0030926991738988727,0.00018640312989925967,0.012691225306918907,,,0.012691225306918907
KO,5,0.01,2021-08-05,2021-08-12,48.442649841308594,48.73415756225586,hold_days,0.006017584130971532,0.005017584130971532,1,2021-08-04,0.0139885358221008,-0.00897095169112927,0.0071302788696747665,,,,0.0071302788696747665
KO,5,0.01,2021-09-13,2021-09-20,48.073970794677734,46.70043182373047,hold_days,-0.028571365090967915,-0.029571365090967916,3,2021-09-10,-0.02715788050979384,-0.0024134845811740746,0.0082718386573426,,,,0.0082718386573426
KO,5,0.01,2022-03-11,2022-03-18,50.42294692993164,52.72127914428711,hold_days,0.045581076757557515,0.044581076757557514,1,2022-03-10,0.04786865406746399,-0.0032875773099064753,0.0006908953454050071,,,,0.0006908953454050071
KO,5,0.01,2022-06-17,2022-06-27,52.51020431518555,55.58501052856445,hold_days,0.058556355921275616,0.057556355921275615,1,2022-06-16,0.04254458451918275,0.015011771402092866,0.00609457054418816,,,,0.00609457054418816
KO,5,0.01,2022-07-22,2022-07-29,54.418701171875,56.69829559326172,hold_days,0.04188990865818143,0.04088990865818143,1,2022-07-21,0.04449800822712602,-0.0036080995689445894,0.003748312021223388,,,,0.003748312021223388
KO,5,0.01,2022-08-10,2022-08-15,56.238834381103516,56.989871978759766,resistance,0.013354430366867565,0.012354430366867564,2,2022-08-08,0.022145450834001768,-0.009791020467134204,0.0012703997408876067,0.01079863776727219,,,0.01079863776727219
KO,5,0.01,2022-10-11,2022-10-18,48.48750686645508,50.23192596435547,hold_days,0.03597667132494342,0.03497667132494342,1,2022-10-10,0.04278210256578774,-0.007805431240844318,0.0016544896126107211,,,,0.0016544896126107211
KO,5,0.01,2023-01-20,2023-01-27,53.85077667236328,54.21826171875,hold_days,0.006824136420957361,0.005824136420957361,1,2023-01-19,0.016461353803789658,-0.010637217382832298,0.006028119441527924,,,,0.006028119441527924
KO,5,0.01,2023-05-11,2023-05-12,57.67790985107422,57.90370178222656,resistance,0.0039147037702189635,0.0029147037702189635,2,2023-05-09,-0.000618584605890482,0.0035332883761094456,0.0017352674996404804,0.007414464084913197,,,0.007414464084913197
KO,5,0.01,2023-06-01,2023-06-08,54.191585540771484,54.5257682800293,hold_days,0.00616669056502106,0.00516669056502106,1,2023-05-31,0.029165050090359745,-0.023998359525338686,0.005698913716251752,,,,0.005698913716251752
KO,5,0.01,2024-07-11,2024-07-12,59.264984130859375,59.82852554321289,resistance,0.009508842710717502,0.008508842710717501,2,2024-07-09,0.0036756144223073495,0.004833228288410152,0.002233234125994299,0.006540065334569745,,,0.006540065334569745
KO,5,0.01,2024-10-08,2024-10-15,65.4209213256836,66.51786041259766,hold_days,0.01676740505461849,0.01576740505461849,1,2024-10-07,0.013411670854813984,0.0023557341998045045,0.002463355382064991,,,,0.002463355382064991
KO,5,0.01,2024-11-18,2024-11-25,58.49867248535156,60.88172912597656,hold_days,0.040736935376127326,0.039736935376127325,3,2024-11-15,0.024108293742557185,0.01562864163357014,0.0019437678099767375,,,,0.0019437678099767375
KO,5,0.01,2025-06-06,2025-06-13,68.4864501953125,68.65438079833984,hold_days,0.0024520266789771483,0.0014520266789771483,1,2025-06-05,0.0024053326435140576,-0.0009533059645369093,0.006204925291157126,,,,0.006204925291157126
KO,5,0.01,2026-03-06,2026-03-13,75.5721206665039,76.38804626464844,hold_days,0.010796648167982204,0.009796648167982203,1,2026-03-05,-0.014613282819175955,0.024409930987158157,0.00012994615766270812,,,,0.00012994615766270812
KO,5,0.01,2026-07-10,2026-07-17,82.99475860595703,81.07620239257812,hold_days,-0.02311659489833373,-0.024116594898333732,1,2026-07-09,-0.00037505702958939846,-0.023741537868744333,0.010407909543122651,,,,0.010407909543122651
COP,5,0.01,2016-08-02,2016-08-09,29.206979751586914,30.271316528320312,hold_days,0.03644117898481336,0.03544117898481336,1,2016-08-01,0.017793672099294833,0.017647506885518527,0.004544004756880993,,,,0.004544004756880993
COP,5,0.01,2017-02-27,2017-03-06,35.151676177978516,35.86421203613281,hold_days,0.02027032379755145,0.019270323797551447,3,2017-02-24,0.004439985085743725,0.014830338711807722,0.006802922512086029,,,,0.006802922512086029
COP,5,0.01,2017-07-10,2017-07-17,32.273338317871094,32.23602294921875,hold_days,-0.0011562289678499482,-0.0021562289678499482,3,2017-07-07,0.009902167076722757,-0.012058396044572706,0.0055805615648820694,,,,0.0055805615648820694
COP,5,0.01,2017-09-11,2017-09-18,33.73950958251953,35.361534118652344,hold_days,0.04807492925069612,0.04707492925069612,3,2017-09-08,0.012566757701557574,0.034508171549138544,0.01034377191840119,,,,0.01034377191840119
COP,5,0.01,2017-10-09,2017-10-16,36.728240966796875,37.536197662353516,hold_days,0.02199824097993286,0.02099824097993286,3,2017-10-06,0.0071747506683901285,0.01382349031154273,0.0010235757195986572,,,,0.0010235757195986572
COP,5,0.01,2019-01-15,2019-01-18,50.74385452270508,52.18095016479492,resistance,0.028320584937961746,0.027320584937961745,1,2019-01-14,0.02758208749915636,-0.00026150256119461535,0.006401852684076781,,,,0.006401852684076781
COP,5,0.01,2019-08-27,2019-09-04,39.75288772583008,41.561954498291016,hold_days,0.045507807758213836,0.044507807758213835,4,2019-08-23,0.02286647718342838,0.021641330574785456,0.01884158835935623,0.011106767577654164,,,0.01884158835935623
COP,5,0.01,2019-11-19,2019-11-22,44.91686248779297,47.061744689941406,resistance,0.04775227127075832,0.04675227127075832,1,2019-11-18,-0.0012473823705777543,0.04799965364133607,0.008289171516145943,,,,0.008289171516145943
COP,5,0.01,2021-05-26,2021-06-03,46.062191009521484,49.4283447265625,hold_days,0.07307845422171089,0.07207845422171089,1,2021-05-25,0.004843617488593521,0.06723483673311736,0.0098396189364931,,,,0.0098396189364931
COP,5,0.01,2022-10-12,2022-10-19,102.1637954711914,106.3891372680664,hold_days,0.04135850452097278,0.04035850452097278,1,2022-10-11,0.04097865424551639,-0.0006201497245436061,0.006229376461959202,,,,0.006229376461959202
COP,5,0.01,2023-06-01,2023-06-08,89.71664428710938,94.23265838623047,hold_days,0.05033641343816919,0.04933641343816919,1,2023-05-31,0.029165050090359745,0.020171363347809446,0.0023163672106867317,,,,0.0023163672106867317
COP,5,0.01,2023-10-05,2023-10-12,103.81753540039062,110.8564682006836,hold_days,0.06780100079573348,0.06680100079573348,1,2023-10-04,0.018339601152799867,0.04846139964293361,0.0007941589674138605,,,,0.0007941589674138605
COP,5,0.01,2024-02-14,2024-02-22,101.3051528930664,103.9735107421875,hold_days,0.02633980378014633,0.02533980378014633,1,2024-02-13,0.011075855901402587,0.014263947878743743,0.003188485158656551,,,,0.003188485158656551
COP,5,0.01,2024-05-06,2024-05-13,114.47093200683594,113.37162017822266,hold_days,-0.009603414677777145,-0.010603414677777145,3,2024-05-03,0.011265674643723855,-0.021869089321501,0.010799242287973465,,,,0.010799242287973465
COP,5,0.01,2024-06-03,2024-06-10,106.17342376708984,105.64195251464844,hold_days,-0.005005690064278978,-0.006005690064278978,4,2024-05-30,0.01025953274463065,-0.01626522280890963,0.025532596067278757,0.002553144340617708,,,0.025532596067278757
COP,5,0.01,2024-06-17,2024-06-25,102.13610076904297,107.21771240234375,hold_days,0.049753334962254536,0.048753334962254535,3,2024-06-14,0.015084248673933098,0.03366908628832144,0.001371397043978817,,,,0.001371397043978817
COP,5,0.01,2024-12-23,2024-12-31,91.14816284179688,93.7867202758789,hold_days,0.02894800456550839,0.02794800456550839,3,2024-12-20,-0.006579856047296939,0.03452786061280533,0.013246273277070175,,,,0.013246273277070175
COP,5,0.01,2025-05-06,2025-05-13,83.545654296875,89.78083801269531,hold_days,0.07463205319649457,0.07363205319649457,1,2025-05-05,0.038829030163598066,0.03480302303289651,0.00022835229388107336,,,,0.00022835229388107336
COP,5,0.01,2025-08-11,2025-08-18,89.92955780029297,91.12708282470703,hold_days,0.013316256119855652,0.01231625611985565,4,2025-08-07,0.013374369266909047,-0.0010581131470533967,0.01414699157492394,0.010043150655057564,,,0.01414699157492394
COP,5,0.01,2025-11-26,2025-12-04,85.21165466308594,91.11160278320312,hold_days,0.06923874607815916,0.06823874607815916,1,2025-11-25,0.011699332069994517,0.056539414008164646,0.005425982620471892,,,,0.005425982620471892
COP,5,0.01,2026-02-24,2026-03-03,109.04686737060547,116.8662109375,hold_days,0.07170626497980725,0.07070626497980725,1,2026-02-23,-0.006280530224699765,0.07698679520450702,0.006461624304602287,,,,0.006461624304602287
COP,5,0.01,2026-04-20,2026-04-27,114.8250961303711,119.98212432861328,hold_days,0.044912030314235185,0.043912030314235184,3,2026-04-17,-0.016854937703767114,0.0607669680180023,0.003533220433508122,,,,0.003533220433508122
COST,5,0.01,2015-09-11,2015-09-18,117.85952758789062,118.49459838867188,hold_days,0.005388370493065731,0.0043883704930657306,2,2015-09-09,0.001934077013465485,0.0024542934796002456,0.0023626559170528694,0.009808185860173735,,,0.009808185860173735
COST,5,0.01,2015-12-21,2015-12-29,133.52841186523438,136.26788330078125,hold_days,0.0205160190050917,0.0195160190050917,3,2015-12-18,0.031548413327721514,-0.012032394322629814,0.010716396858722721,,,,0.010716396858722721
COST,5,0.01,2016-01-21,2016-01-28,125.98029327392578,125.31854248046875,hold_days,-0.005252811977649152,-0.006252811977649152,1,2016-01-20,0.0134970638822971,-0.019749875859946253,0.010482094979689105,,,,0.010482094979689105
COST,5,0.01,2016-02-05,2016-02-12,120.62712860107422,124.86863708496094,hold_days,0.03516214414680974,0.034162144146809736,1,2016-02-04,-0.010485261182683225,0.04464740532949296,0.004955483342999889,,,,0.004955483342999889
COST,5,0.01,2016-04-12,2016-04-19,126.43951416015625,129.09396362304688,hold_days,0.02099382839709696,0.019993828397096958,1,2016-04-11,0.02647786804766339,-0.006484039650566431,0.009863189626695634,,,,0.009863189626695634
COST,5,0.01,2016-05-19,2016-05-26,120.22502136230469,126.1310043334961,hold_days,0.049124407750308574,0.04812440775030857,1,2016-05-18,0.02983261451765684,0.018291793232651732,0.009978953289223158,,,,0.009978953289223158
COST,5,0.01,2017-01-04,2017-01-11,135.37533569335938,136.88365173339844,hold_days,0.011141734440131446,0.010141734440131445,1,2017-01-03,0.006831100734094209,0.003310633706037236,0.00018815621452694664,,,,0.00018815621452694664
COST,5,0.01,2017-07-24,2017-07-31,133.869873046875,140.52793884277344,hold_days,0.04973535601671264,0.04873535601671264,3,2017-07-21,0.0032613559350593846,0.045474000081653254,0.0037225604461306183,,,,0.0037225604461306183
COST,5,0.01,2019-03-26,2019-03-27,216.07705688476562,216.3843536376953,resistance,0.0014221628032149436,0.0004221628032149436,1,2019-03-25,-0.0043974036981964115,0.004819566501411355,0.0088620080526145,,,,0.0088620080526145
COST,5,0.01,2019-06-03,2019-06-10,218.47311401367188,232.77398681640625,hold_days,0.0654582732859268,0.06445827328592679,3,2019-05-31,0.05016310262980306,0.014295170656123735,0.006219325300503842,,,,0.006219325300503842
COST,5,0.01,2019-10-02,2019-10-09,258.9565124511719,269.6650085449219,hold_days,0.041352488077584626,0.040352488077584625,1,2019-10-01,0.011944488093099892,0.028407999984484733,0.004155913683285828,,,,0.004155913683285828
COST,5,0.01,2020-01-08,2020-01-10,268.2392883300781,270.5603332519531,resistance,0.008652889501477024,0.0076528895014770235,1,2020-01-07,0.002763999270651185,0.004888890230825838,0.011463924862051833,,,,0.011463924862051833
COST,5,0.01,2020-05-04,2020-05-11,278.37860107421875,283.7178039550781,hold_days,0.019179645490911446,0.018179645490911445,3,2020-05-01,0.023831331988565685,-0.00565168649765424,0.008512294806021892,,,,0.008512294806021892
COST,5,0.01,2020-12-09,2020-12-16,352.5877990722656,348.0189514160156,hold_days,-0.012958042417439364,-0.013958042417439365,2,2020-12-07,0.0010928613891434402,-0.015050903806582805,0.011437557423817024,0.0025714242078507255,,,0.011437557423817024
COST,5,0.01,2021-06-02,2021-06-09,359.9998474121094,359.4039306640625,hold_days,-0.0016553250017483645,-0.0026553250017483645,1,2021-06-01,0.0011370820541334314,-0.003792407055881796,0.006239525690957759,,,,0.006239525690957759
COST,5,0.01,2022-01-11,2022-01-19,495.51397705078125,465.2626647949219,hold_days,-0.0610503712446423,-0.0620503712446423,1,2022-01-10,-0.02776049510674594,-0.03428987613789636,0.006225995467676659,,,,0.006225995467676659
COST,5,0.01,2024-04-22,2024-04-29,705.5397338867188,717.4086303710938,hold_days,0.01682243524257787,0.01582243524257787,3,2024-04-19,0.01185295997155067,0.003969475271027201,0.008386146937360506,,,,0.008386146937360506
COST,5,0.01,2025-01-03,2025-01-13,907.8153076171875,915.857666015625,hold_days,0.00885902488199597,0.007859024881995968,1,2025-01-02,-0.002545804340754687,0.010404829222750656,0.007441180737786324,,,,0.007441180737786324
COST,5,0.01,2025-03-14,2025-03-21,896.2655029296875,901.5603637695312,hold_days,0.005907692332836723,0.0049076923328367225,1,2025-03-13,0.0036723926624724346,0.001235299670364288,0.014933281284104538,,,,0.014933281284104538
COST,5,0.01,2025-11-25,2025-12-03,890.400146484375,918.2073974609375,hold_days,0.03123006109821036,0.03023006109821036,1,2025-11-24,0.016736043969104886,0.013494017129105473,0.009265071281087778,,,,0.009265071281087778
COST,5,0.01,2026-03-24,2026-03-31,970.8654174804688,993.4067993164062,hold_days,0.023217823428540285,0.022217823428540284,1,2026-03-23,0.004584316555471091,0.017633506873069194,0.008377120207950561,,,,0.008377120207950561
COST,5,0.01,2026-06-23,2026-06-30,956.1597900390625,933.9849853515625,hold_days,-0.02319152605925212,-0.024191526059252122,1,2026-06-22,0.01041163185170979,-0.03460315791096191,0.0066537614440140835,,,,0.0066537614440140835
COST,5,0.01,2026-07-10,2026-07-17,914.7955322265625,939.37646484375,hold_days,0.026870411749124745,0.025870411749124744,1,2026-07-09,-0.00037505702958939846,0.026245468778714143,0.0035926557529497583,,,,0.0035926557529497583
DHR,5,0.01,2015-06-30,2015-07-08,34.917510986328125,34.97870635986328,hold_days,0.0017525697510087923,0.0007525697510087923,1,2015-06-29,-0.005253359426758419,0.006005929177767212,0.009912090998951184,,,,0.009912090998951184
DHR,5,0.01,2016-06-28,2016-07-06,40.28525924682617,67.91267395019531,hold_days,0.6857946360503,0.6847946360503,1,2016-06-27,0.047137080865292225,0.6376575551850078,0.008219914382057603,,,,0.008219914382057603
DHR,5,0.01,2016-10-18,2016-10-25,64.48692321777344,66.46122741699219,hold_days,0.03061557445610319,0.02961557445610319,1,2016-10-17,0.009392061051578304,0.020223513404524884,0.00751377274687548,,,,0.00751377274687548
DHR,5,0.01,2016-11-23,2016-12-01,66.79031372070312,64.98472595214844,hold_days,-0.027033677010488533,-0.028033677010488534,1,2016-11-22,-0.0021943680775929897,-0.025839308932895544,0.009436725281060765,,,,0.009436725281060765
DHR,5,0.01,2016-12-08,2016-12-15,65.59220123291016,67.271240234375,hold_days,0.025598149931007397,0.024598149931007396,1,2016-12-07,0.014039823436069465,0.01055832649493793,0.010003702943135018,,,,0.010003702943135018
DHR,5,0.01,2017-01-24,2017-01-31,67.63162231445312,70.91895294189453,hold_days,0.048606413907342993,0.04760641390734299,1,2017-01-23,-0.000939832781862382,0.048546246689205375,0.00037488898343251975,,,,0.00037488898343251975
DHR,5,0.01,2017-05-19,2017-05-23,69.5280532836914,71.06015014648438,resistance,0.022035664604927785,0.021035664604927784,1,2017-05-18,0.009225663048656685,0.0118100015562711,0.004401733757158244,,,,0.004401733757158244
DHR,5,0.01,2017-07-11,2017-07-18,70.45722198486328,72.47515106201172,hold_days,0.02864048596156632,0.02764048596156632,1,2017-07-10,0.009676222431444614,0.017964263530121705,0.0065400801572628176,,,,0.0065400801572628176
DHR,5,0.01,2017-09-29,2017-10-06,72.8488540649414,74.41995239257812,hold_days,0.021566548270425256,0.020566548270425256,1,2017-09-28,0.013641147457412295,0.006925400813012961,0.00870213298655087,,,,0.00870213298655087
DHR,5,0.01,2017-12-07,2017-12-14,78.70866394042969,78.85307312011719,hold_days,0.0018347304154062716,0.0008347304154062716,1,2017-12-06,0.009561661431903401,-0.00872693101649713,0.0016210986518676584,,,,0.0016210986518676584
DHR,5,0.01,2018-04-12,2018-04-19,84.3407211303711,86.47053527832031,hold_days,0.025252501038697917,0.024252501038697916,1,2018-04-11,0.009229017869696321,0.015023483169001595,0.005893115723449638,,,,0.005893115723449638
DHR,5,0.01,2018-10-09,2018-10-16,91.20858764648438,89.77290344238281,hold_days,-0.01574066917543049,-0.01674066917543049,1,2018-10-08,-0.024766780989615933,0.008026111814185444,0.010605066681093955,,,,0.010605066681093955
DHR,5,0.01,2019-05-14,2019-05-21,112.06140899658203,111.59857940673828,hold_days,-0.00413014251728594,-0.00513014251728594,1,2019-05-13,0.01198708753788802,-0.01711723005517396,0.00996438266436428,,,,0.00996438266436428
DHR,5,0.01,2019-07-19,2019-07-26,121.51573944091797,122.0906753540039,hold_days,0.004731369909208194,0.003731369909208194,2,2019-07-17,0.013320509210418274,-0.009589139301210081,0.023988618989212673,0.014035009532455955,,,0.023988618989212673
DHR,5,0.01,2019-08-26,2019-09-03,117.04505157470703,120.02266693115234,hold_days,0.02543990810704866,0.024439908107048658,3,2019-08-23,0.009803821392170065,0.014636086714878593,0.007385452499816703,,,,0.007385452499816703
DHR,5,0.01,2019-10-09,2019-10-16,117.87071228027344,118.03395080566406,hold_days,0.001384894705670936,0.00038489470567093596,1,2019-10-08,0.0235849217055899,-0.023200026999918966,0.011649963370001792,,,,0.011649963370001792
DHR,5,0.01,2019-11-06,2019-11-13,115.86038970947266,117.7418441772461,hold_days,0.01623897927921103,0.015238979279211029,1,2019-11-05,0.009472808148135448,0.0057661711310755814,0.010414364254903496,,,,0.010414364254903496
DHR,5,0.01,2020-02-21,2020-02-28,139.22802734375,124.34883880615234,hold_days,-0.10686920458092364,-0.10786920458092364,1,2020-02-20,-0.11952951510820697,0.011660310527283335,0.01010833665997346,,,,0.01010833665997346
DHR,5,0.01,2021-09-14,2021-09-21,280.3846435546875,280.9123840332031,hold_days,0.0018822017918849188,0.0008822017918849187,1,2021-09-13,-0.02008654695562817,0.02096874874751309,0.008213062944429916,,,,0.008213062944429916
DHR,5,0.01,2022-05-26,2022-06-03,218.24832153320312,230.68202209472656,hold_days,0.05697042925313789,0.05597042925313789,1,2022-05-25,0.016006621509956354,0.039963807743181534,0.005552955905371082,,,,0.005552955905371082
DHR,5,0.01,2024-03-18,2024-03-25,247.78358459472656,244.16737365722656,hold_days,-0.014594231266024549,-0.01559423126602455,3,2024-03-15,0.010739003951182546,-0.026333235217207096,0.008299930816834555,,,,0.008299930816834555
DHR,5,0.01,2024-11-20,2024-11-27,230.4042510986328,236.06796264648438,hold_days,0.024581627816524065,0.023581627816524064,2,2024-11-18,0.02741696011620487,-0.003835332299680805,0.0033904933326158737,0.013214053208360443,,,0.013214053208360443
DHR,5,0.01,2025-12-02,2025-12-09,225.32797241210938,221.98667907714844,hold_days,-0.014828577647030605,-0.015828577647030606,1,2025-12-01,-0.0009285737883287792,-0.014900003858701827,0.010930673955197534,,,,0.010930673955197534
DHR,5,0.01,2025-12-18,2025-12-26,223.10044860839844,229.35426330566406,hold_days,0.02803138557665008,0.02703138557665008,1,2025-12-17,0.014092383308254686,0.012939002268395394,0.0077258857526933955,,,,0.0077258857526933955
DHR,5,0.01,2026-04-28,2026-05-05,178.6094512939453,174.26846313476562,hold_days,-0.024304358631254797,-0.025304358631254797,4,2026-04-24,0.013963848470852858,-0.039268207102107655,0.01901268671272005,0.009760177677986537,,,0.01901268671272005
DHR,5,0.01,2026-07-22,2026-07-29,179.13999938964844,196.49000549316406,hold_days,0.09685165882901181,0.09585165882901181,1,2026-07-21,0.013549962995718534,0.08230169583329328,0.0007262437115349574,,,,0.0007262437115349574
DE,5,0.01,2015-09-14,2015-09-21,66.04934692382812,65.61833190917969,hold_days,-0.006525651421588008,-0.007525651421588008,3,2015-09-11,0.0095177013582457,-0.01704335277983371,0.005425466383849331,,,,0.005425466383849331
DE,5,0.01,2016-10-21,2016-10-28,74.41266632080078,75.04979705810547,hold_days,0.008562127508749073,0.007562127508749073,1,2016-10-20,-0.0011380861561994804,0.008700213664948553,0.0037159468445375765,,,,0.0037159468445375765
DE,5,0.01,2017-03-28,2017-04-04,93.80941772460938,95.35069274902344,hold_days,0.016429853865405075,0.015429853865405074,1,2017-03-27,0.0035393227022346707,0.011890531163170404,0.010918369729543409,,,,0.010918369729543409
DE,5,0.01,2017-09-28,2017-10-05,108.74224853515625,112.5674819946289,hold_days,0.03517706789220898,0.03417706789220898,2,2017-09-26,0.016951131461237612,0.017225936430971367,0.0003241836551324262,0.00798655854227115,,,0.00798655854227115
DE,5,0.01,2017-11-10,2017-11-17,116.2784194946289,119.39136505126953,hold_days,0.02677148150250197,0.02577148150250197,1,2017-11-09,0.0010740811203098222,0.024697400382192147,0.007236500491331066,,,,0.007236500491331066
DE,5,0.01,2019-03-25,2019-04-01,141.48988342285156,146.31137084960938,hold_days,0.03407655240161933,0.03307655240161933,3,2019-03-22,0.02973617774477999,0.00334037465683934,0.00891362823392794,,,,0.00891362823392794
DE,5,0.01,2019-07-11,2019-07-16,146.39376831054688,150.8329620361328,resistance,0.03032365227575129,0.02932365227575129,1,2019-07-10,0.0016157184851288697,0.02770793379062242,0.0027987038330410385,,,,0.0027987038330410385
DE,5,0.01,2019-09-04,2019-09-06,137.7332000732422,142.0907440185547,resistance,0.031637571355310756,0.030637571355310755,1,2019-09-03,0.015592533433535838,0.015045037921774917,0.005967387716264261,,,,0.005967387716264261
DE,5,0.01,2019-10-03,2019-10-10,150.32113647460938,153.02972412109375,hold_days,0.01801867461893414,0.017018674618934138,1,2019-10-02,0.011637753234040593,0.0053809213848935444,0.009678370862232999,,,,0.009678370862232999
DE,5,0.01,2020-07-21,2020-07-23,162.62356567382812,163.62344360351562,resistance,0.006148419668112304,0.005148419668112304,1,2020-07-20,-0.0026432587693521192,0.007791678437464423,0.010586137604427615,,,,0.010586137604427615
DE,5,0.01,2020-07-24,2020-07-27,162.34580993652344,162.94760131835938,resistance,0.0037068488682967526,0.0027068488682967526,4,2020-07-20,0.0048763528535789025,-0.00216950398528215,0.010586137604427615,0.00966569872187284,0.016799645289196308,,0.016799645289196308
DE,5,0.01,2020-12-09,2020-12-16,236.74234008789062,242.58584594726562,hold_days,0.02468297752402715,0.02368297752402715,2,2020-12-07,0.0010928613891434402,0.02259011613488371,0.002341455301216877,0.01119024803354196,,,0.01119024803354196
DE,5,0.01,2021-03-24,2021-03-31,336.255859375,349.4368591308594,hold_days,0.039199316200345,0.038199316200345,1,2021-03-23,0.02290013517849432,0.015299181021850683,0.00956649990567171,,,,0.00956649990567171
DE,5,0.01,2021-10-14,2021-10-21,309.70947265625,322.0689392089844,hold_days,0.039906646854332095,0.038906646854332094,1,2021-10-13,0.01890759334889358,0.019999053505438513,0.002340278117288541,,,,0.002340278117288541
DE,5,0.01,2022-05-02,2022-05-09,360.0455017089844,344.2734375,hold_days,-0.04380575270103648,-0.04480575270103648,3,2022-04-29,-0.02371207403416542,-0.021093678666871063,0.00974727755699778,,,,0.00974727755699778
DE,5,0.01,2023-01-20,2023-01-27,391.57391357421875,398.8026123046875,hold_days,0.018460623856391356,0.017460623856391355,1,2023-01-19,0.016461353803789658,0.0009992700526016973,0.004894901106175187,,,,0.004894901106175187
DE,5,0.01,2023-05-19,2023-05-26,347.7887268066406,341.72357177734375,hold_days,-0.017439193860555813,-0.018439193860555814,3,2023-05-16,-0.004561428418119684,-0.01387776544243613,0.014861637759288948,0.021616719749284696,0.0023987010371120387,,0.021616719749284696
DE,5,0.01,2023-08-04,2023-08-11,406.9115295410156,417.4959716796875,hold_days,0.02601165454960408,0.02501165454960408,1,2023-08-03,0.006863181948710162,0.018148472600893917,0.00023584953429844902,,,,0.00023584953429844902
DE,5,0.01,2023-11-29,2023-12-06,350.47015380859375,352.0109558105469,hold_days,0.004396385784093404,0.003396385784093404,1,2023-11-28,0.009962933655020212,-0.006566547870926808,0.010888332556226121,,,,0.010888332556226121
DE,5,0.01,2025-02-07,2025-02-14,456.79278564453125,471.13623046875,hold_days,0.031400331342755994,0.030400331342755993,1,2025-02-06,0.01116444833685426,0.019235883005901733,0.0013333328873503802,,,,0.0013333328873503802
DE,5,0.01,2025-04-28,2025-05-05,453.07232666015625,473.8848571777344,hold_days,0.04593644169574129,0.04493644169574129,3,2025-04-25,0.01692593865764036,0.02801050303810093,0.0019594742340678373,,,,0.0019594742340678373
DE,5,0.01,2025-06-02,2025-06-09,499.97442626953125,513.60009765625,hold_days,0.027252736681722345,0.026252736681722344,4,2025-05-29,0.015340757506564495,0.010911979175157849,0.005581551995685219,0.008719739630601575,,,0.008719739630601575
DE,5,0.01,2026-07-15,2026-07-22,589.47998046875,607.3300170898438,hold_days,0.03028098868921636,0.02928098868921636,1,2026-07-14,0.004094191235582301,0.025186797453634058,0.00869260068868205,,,,0.00869260068868205
DOV,5,0.01,2016-09-16,2016-09-23,46.79582214355469,47.925418853759766,hold_days,0.024138836726488755,0.023138836726488754,2,2016-09-14,0.014523313578904684,0.00861552314758407,0.014942991461276423,0.00517819946478415,,,0.014942991461276423
DOV,5,0.01,2017-06-08,2017-06-15,57.7125244140625,57.7125244140625,hold_days,0.0,-0.001,1,2017-06-07,0.002530111996130957,-0.003530111996130957,0.009311502287814077,,,,0.009311502287814077
DOV,5,0.01,2017-06-23,2017-06-30,55.001338958740234,56.19929122924805,hold_days,0.02178042013498005,0.02078042013498005,2,2017-06-21,-0.003315928882871466,0.024096349017851515,0.0011590893424437976,0.011075337441278643,,,0.011075337441278643
DOV,5,0.01,2017-08-23,2017-08-30,59.1906852722168,59.69796371459961,hold_days,0.008570241078471152,0.0075702410784711524,2,2017-08-21,0.007712292058643877,-0.00014205098017272457,0.013022489546826055,0.009437977314765256,,,0.013022489546826055
DOV,5,0.01,2018-03-05,2018-03-12,70.09635925292969,72.18000793457031,hold_days,0.02972549079363973,0.02872549079363973,4,2018-03-01,0.024138174261240763,0.004587316532398966,0.0007150509401194771,0.006843229273056695,,,0.006843229273056695
DOV,5,0.01,2018-06-28,2018-07-06,64.45447540283203,64.5696029663086,hold_days,0.0017861841673061374,0.0007861841673061374,1,2018-06-27,0.014325183242433148,-0.013538999075127012,0.004417418002235607,,,,0.004417418002235607
DOV,5,0.01,2018-09-10,2018-09-17,76.17777252197266,78.8497543334961,hold_days,0.03507560963078471,0.03407560963078471,3,2018-09-07,0.007757397198421945,0.026318212432362764,0.00932298008247634,,,,0.00932298008247634
DOV,5,0.01,2018-10-25,2018-11-01,72.78439331054688,74.28067016601562,hold_days,0.020557660611178363,0.019557660611178362,1,2018-10-24,0.012890891339520039,0.006666769271658324,0.010635834280231071,,,,0.010635834280231071
DOV,5,0.01,2019-02-11,2019-02-19,78.27957916259766,81.88945770263672,hold_days,0.046115201163011266,0.045115201163011265,3,2019-02-08,0.022102686675900207,0.023012514487111058,0.006565070274799911,,,,0.006565070274799911
DOV,5,0.01,2019-04-26,2019-05-03,87.37437438964844,89.48152923583984,hold_days,0.02411639409049715,0.02311639409049715,1,2019-04-25,-0.00018373605675914284,0.023300130147256293,0.008418179491968214,,,,0.008418179491968214
DOV,5,0.01,2019-08-27,2019-09-04,80.50811004638672,84.87711334228516,hold_days,0.054267865602373844,0.05326786560237384,4,2019-08-23,0.02286647718342838,0.030401388418945463,0.006129404122166893,0.009421199094574728,,,0.009421199094574728
DOV,5,0.01,2020-08-24,2020-08-31,102.48040771484375,101.83404541015625,hold_days,-0.006307179285293563,-0.007307179285293563,3,2020-08-21,0.008455113476212306,-0.01576229276150587,0.00991448030498221,,,,0.00991448030498221
DOV,5,0.01,2021-01-05,2021-01-12,115.47811889648438,120.6349105834961,hold_days,0.0446560070105948,0.0436560070105948,1,2021-01-04,0.0264701559479692,0.0171858510626256,0.0058374792041921975,,,,0.0058374792041921975
DOV,5,0.01,2021-02-18,2021-02-25,112.5739517211914,116.1410140991211,hold_days,0.03168639213060698,0.030686392130606976,1,2021-02-17,0.002993647915684239,0.027692744214922738,0.0025699389908726555,,,,0.0025699389908726555
DOV,5,0.01,2021-10-01,2021-10-08,147.51754760742188,148.42027282714844,hold_days,0.006119442970465627,0.005119442970465627,1,2021-09-30,0.013013769516402318,-0.007894326545936692,0.008874879795964796,,,,0.008874879795964796
DOV,5,0.01,2022-02-14,2022-02-22,151.98593139648438,149.15670776367188,hold_days,-0.018615036318275546,-0.019615036318275547,3,2022-02-11,-0.02341786185625383,0.0038028255379782827,0.005929810578525041,,,,0.005929810578525041
DOV,5,0.01,2022-08-04,2022-08-11,125.79573059082031,129.61346435546875,hold_days,0.030348675163440086,0.029348675163440086,2,2022-08-02,0.02281437224476046,0.006534302918679624,0.015557067556419168,0.010142658629291645,,,0.015557067556419168
DOV,5,0.01,2023-05-19,2023-05-26,133.91946411132812,131.57656860351562,hold_days,-0.017494809461489735,-0.018494809461489736,3,2023-05-16,-0.004561428418119684,-0.013933381043370052,0.016943120144278234,0.024069207682095195,0.014179721665661171,,0.024069207682095195
DOV,5,0.01,2023-08-18,2023-08-25,135.47496032714844,137.49884033203125,hold_days,0.014939144473602228,0.013939144473602227,2,2023-08-16,-0.0020039138346953367,0.015943058308297564,0.005107657157696233,0.011222380980312474,,,0.011222380980312474
DOV,5,0.01,2023-12-21,2023-12-29,148.00511169433594,149.2960968017578,hold_days,0.008722571083139785,0.007722571083139785,1,2023-12-20,0.00552687148197295,0.002195699601166835,0.009935087030275458,,,,0.009935087030275458
DOV,5,0.01,2024-10-10,2024-10-17,182.7338409423828,190.8218536376953,hold_days,0.044261165056245444,0.04326116505624544,1,2024-10-09,0.0141455786171798,0.029115586439065644,0.0029018522243624556,,,,0.0029018522243624556
DOV,5,0.01,2024-12-24,2025-01-02,186.83250427246094,182.22869873046875,hold_days,-0.0246413522096689,-0.0256413522096689,1,2024-12-23,-0.01675322755808961,-0.008888124651579288,0.008050404105027775,,,,0.008050404105027775
DOV,5,0.01,2025-01-29,2025-02-05,193.7333221435547,200.9678955078125,hold_days,0.037342947946234384,0.03634294794623438,2,2025-01-27,0.004952151019206763,0.03139079692702762,0.01092164103945703,0.0072470338925567646,,,0.01092164103945703
DOV,5,0.01,2025-02-28,2025-03-07,195.630126953125,182.70751953125,hold_days,-0.0660563259000051,-0.0670563259000051,1,2025-02-27,-0.017827533692323594,-0.049228792207681504,0.014158636114643297,,,,0.014158636114643297
DOV,5,0.01,2025-08-26,2025-09-03,179.84719848632812,172.95948791503906,hold_days,-0.038297569432601763,-0.039297569432601764,1,2025-08-25,-0.003010259021805961,-0.0362873104107958,0.009417805799495138,,,,0.009417805799495138
DOV,5,0.01,2025-10-14,2025-10-21,160.90289306640625,171.28659057617188,hold_days,0.06453393914726058,0.06353393914726058,1,2025-10-13,0.01718376704902247,0.04635017209823811,0.008624874351503609,,,,0.008624874351503609
DOV,5,0.01,2025-11-04,2025-11-11,176.4339141845703,182.10585021972656,hold_days,0.032147651778686726,0.031147651778686725,1,2025-11-03,0.02029204849835553,0.010855603280331194,0.00044905582767618135,,,,0.00044905582767618135
DOV,5,0.01,2026-03-13,2026-03-20,202.8934326171875,208.30577087402344,hold_days,0.026675768589552007,0.025675768589552006,1,2026-03-12,-0.01589576259625136,0.04157153118580337,0.0006378520490282202,,,,0.0006378520490282202
DOV,5,0.01,2026-05-07,2026-05-14,219.77716064453125,213.27041625976562,hold_days,-0.029606099039971023,-0.030606099039971024,3,2026-05-04,0.002482022478113688,-0.03308812151808471,0.011817404268081422,0.028615396644706914,0.00018103275331782243,,0.028615396644706914
DOV,5,0.01,2026-05-21,2026-05-29,206.7139129638672,210.80149841308594,hold_days,0.019774118687082565,0.018774118687082564,2,2026-05-19,0.009566833255355345,0.009207285431727219,0.016526071837444034,0.001059938627898216,,,0.016526071837444034
DOV,5,0.01,2026-07-09,2026-07-16,211.0109405517578,216.93524169921875,hold_days,0.028075800865916767,0.027075800865916766,1,2026-07-08,0.011278930997386638,0.015796869868530128,0.00047285986238021493,,,,0.00047285986238021493
DOV,5,0.01,2026-08-21,2026-08-28,201.3864288330078,198.1549835205078,hold_days,-0.016045993422821758,-0.01704599342282176,1,2026-08-20,-0.0038069213475112607,-0.013239072075310498,0.010206034234788941,,,,0.010206034234788941
XOM,5,0.01,2015-09-24,2015-10-01,45.6124382019043,46.446533203125,hold_days,0.018286569061021662,0.01728656906102166,1,2015-09-23,0.00022632008525991232,0.01706024897576175,0.0059475875316288285,,,,0.0059475875316288285
XOM,5,0.01,2016-04-06,2016-04-13,53.181453704833984,54.151756286621094,hold_days,0.018245130852805325,0.017245130852805324,1,2016-04-05,0.014052978839764974,0.0031921520130403502,0.013380340251349043,,,,0.013380340251349043
XOM,5,0.01,2016-05-17,2016-05-24,57.63235855102539,57.72249984741211,hold_days,0.0015640743959299819,0.0005640743959299819,4,2016-05-13,0.016312716863126964,-0.015748642467196983,0.010263835631582507,0.009812467219310506,,,0.010263835631582507
XOM,5,0.01,2016-10-05,2016-10-12,56.481300354003906,56.565711975097656,hold_days,0.0014945056251305378,0.0004945056251305377,1,2016-10-04,-0.010547560356884422,0.01104206598201496,0.008695312134352928,,,,0.008695312134352928
XOM,5,0.01,2017-02-23,2017-03-02,54.05236053466797,55.0569953918457,resistance,0.018586327169437533,0.017586327169437532,1,2017-02-22,0.01086897560132516,0.006717351568112373,0.010503039959561367,,,,0.010503039959561367
XOM,5,0.01,2017-04-20,2017-04-27,53.54342269897461,53.708641052246094,hold_days,0.003085689052796603,0.002085689052796603,1,2017-04-19,0.018260205405409957,-0.016174516352613355,0.006460567727435196,,,,0.006460567727435196
XOM,5,0.01,2017-07-07,2017-07-14,53.52195358276367,54.22917556762695,hold_days,0.013213680322218924,0.012213680322218923,1,2017-07-06,0.011677957570608744,0.0005357227516101792,0.0012479865975603133,,,,0.0012479865975603133
XOM,5,0.01,2017-08-31,2017-09-08,51.420230865478516,53.09762191772461,hold_days,0.032621227559914034,0.031621227559914034,1,2017-08-30,0.0013354456059209152,0.03028578195399312,0.003022945364494767,,,,0.003022945364494767
XOM,5,0.01,2018-01-31,2018-02-07,59.354515075683594,52.31084442138672,hold_days,-0.11867118525550102,-0.11967118525550102,1,2018-01-30,-0.049023193863615644,-0.07064799139188538,0.005992274135954601,,,,0.005992274135954601
XOM,5,0.01,2018-03-15,2018-03-22,51.114906311035156,50.48300552368164,hold_days,-0.012362358320846534,-0.013362358320846535,1,2018-03-14,-0.03745570190087033,0.024093343580023796,0.011141487649131365,,,,0.011141487649131365
XOM,5,0.01,2019-11-20,2019-11-27,50.4769172668457,50.97404479980469,hold_days,0.00984861120442293,0.00884861120442293,1,2019-11-19,0.015062412488284105,-0.006213801283861176,0.0030965692502213926,,,,0.0030965692502213926
XOM,5,0.01,2020-05-29,2020-06-05,34.8857421875,40.72433090209961,hold_days,0.16736317900932174,0.16636317900932174,1,2020-05-28,0.06985767793221354,0.0965055010771082,0.009547166428734544,,,,0.009547166428734544
XOM,5,0.01,2020-07-31,2020-08-07,32.28485107421875,33.32827377319336,hold_days,0.032319266289192905,0.031319266289192904,1,2020-07-30,0.0282428156995691,0.0030764505896238026,0.005015530140918489,,,,0.005015530140918489
XOM,5,0.01,2020-10-06,2020-10-13,26.123037338256836,26.772403717041016,hold_days,0.02485799680855605,0.023857996808556048,4,2020-10-02,0.03486784614635274,-0.011009849337796696,0.023044136517753167,0.012431564191814237,,,0.023044136517753167
XOM,5,0.01,2021-01-04,2021-01-06,33.251338958740234,35.7431755065918,resistance,0.07493943479820597,0.07393943479820597,4,2020-12-31,0.02556440082003819,0.04837503397816778,0.00679316109992989,,,,0.00679316109992989
XOM,5,0.01,2021-04-23,2021-04-30,45.280860900878906,46.64164352416992,hold_days,0.03005204839788278,0.02905204839788278,1,2021-04-22,0.0023957812189205896,0.02665626717896219,0.005427821811320843,,,,0.005427821811320843
XOM,5,0.01,2022-10-12,2022-10-19,86.3412094116211,91.04291534423828,hold_days,0.054454946423119654,0.053454946423119654,1,2022-10-11,0.04097865424551639,0.012476292177603265,0.0043878508716459486,,,,0.0043878508716459486
XOM,5,0.01,2023-01-19,2023-01-26,98.43418884277344,104.12874603271484,hold_days,0.05785141582298392,0.05685141582298392,1,2023-01-18,0.03158931247660446,0.02526210334637946,0.006418881971918422,,,,0.006418881971918422
XOM,5,0.01,2023-06-01,2023-06-08,92.89806365966797,97.23917388916016,hold_days,0.04672982469684017,0.04572982469684017,1,2023-05-31,0.029165050090359745,0.016564774606480426,0.011548330841638865,,,,0.011548330841638865
XOM,5,0.01,2024-01-19,2024-01-26,88.65450286865234,94.18683624267578,hold_days,0.062403298140647934,0.06140329814064793,1,2024-01-18,0.0054967922052509,0.05590650593539703,0.0015493684056924195,,,,0.0015493684056924195
XOM,5,0.01,2024-02-06,2024-02-13,93.50102233886719,93.53010559082031,hold_days,0.0003110474220027193,-0.0006889525779972807,1,2024-02-05,-0.0033774486990427732,0.0026884961210454925,0.006893171290952127,,,,0.006893171290952127
XOM,5,0.01,2024-07-10,2024-07-17,104.13375091552734,109.45582580566406,hold_days,0.05110806864581252,0.05010806864581252,1,2024-07-09,0.023531194235941966,0.026576874409870554,0.008833508037913607,,,,0.008833508037913607
XOM,5,0.01,2025-05-07,2025-05-14,99.8069839477539,103.49930572509766,hold_days,0.036994623334941856,0.035994623334941855,2,2025-05-05,0.028347930352052186,0.007646692982889669,0.013944046183119507,0.012975664473160009,,,0.013944046183119507
XOM,5,0.01,2026-04-20,2026-04-27,145.7406768798828,146.24400329589844,hold_days,0.0034535753970077465,0.0024535753970077465,3,2026-04-17,-0.016854937703767114,0.01930851310077486,0.008467580833579014,,,,0.008467580833579014
XOM,5,0.01,2026-08-07,2026-08-14,152.055419921875,159.07000732421875,hold_days,0.04613178146459895,0.04513178146459895,2,2026-08-05,0.002174647090931181,0.04295713437366777,0.021169937932562055,0.009298923874739629,,,0.021169937932562055
XOM,5,0.01,2026-08-28,2026-09-04,156.7100067138672,159.47000122070312,hold_days,0.01761211402329499,0.016612114023294988,1,2026-08-27,-0.006179419235416428,0.022791533258711416,0.0017259285876198849,,,,0.0017259285876198849
GS,5,0.01,2015-08-10,2015-08-17,164.3053741455078,161.5932159423828,hold_days,-0.016506813713367263,-0.017506813713367264,3,2015-08-07,-0.0008689391110479061,-0.016637874602319358,0.012435717405274938,,,,0.012435717405274938
GS,5,0.01,2015-12-07,2015-12-14,148.98675537109375,141.68553161621094,hold_days,-0.04900585784754519,-0.05000585784754519,4,2015-12-03,-0.021430983108140733,-0.028574874739404454,0.025863781832482946,0.001566050302557409,,,0.025863781832482946
GS,5,0.01,2016-12-30,2017-01-09,195.31716918945312,198.1231689453125,hold_days,0.014366375303840329,0.013366375303840328,1,2016-12-29,0.015970489744296046,-0.002604114440455718,0.005332138482762261,,,,0.005332138482762261
GS,5,0.01,2017-02-27,2017-03-06,203.37620544433594,206.0995330810547,hold_days,0.013390591248218175,0.012390591248218175,3,2017-02-24,0.004439985085743725,0.00795060616247445,0.008004844426421354,,,,0.008004844426421354
GS,5,0.01,2018-06-01,2018-06-08,189.80763244628906,193.99691772460938,hold_days,0.022071216127232285,0.021071216127232284,1,2018-05-31,0.02009202521290665,0.0009791909143256339,0.010934861141892016,,,,0.010934861141892016
GS,5,0.01,2019-02-14,2019-02-22,161.21376037597656,164.11932373046875,hold_days,0.01802304808048616,0.01702304808048616,3,2019-02-11,0.019124559978530575,-0.002101511898044417,0.016515906446182838,0.017561103653580545,0.006271849945721053,,0.017561103653580545
GS,5,0.01,2019-03-27,2019-04-03,159.76296997070312,168.86807250976562,hold_days,0.056991319958136444,0.05599131995813644,2,2019-03-25,0.024890323474342724,0.03110099648379372,0.01156455537671186,0.00806317598708639,,,0.01156455537671186
GS,5,0.01,2019-07-09,2019-07-16,175.4647674560547,182.00975036621094,hold_days,0.03730083825401276,0.03630083825401276,1,2019-07-08,0.007615193679341603,0.028685644574671154,0.009817906682948907,,,,0.009817906682948907
GS,5,0.01,2019-08-15,2019-08-22,165.6768035888672,170.94659423828125,hold_days,0.03180765523755058,0.03080765523755058,1,2019-08-14,0.02965767082743831,0.0011499844101122703,0.0031704220823616236,,,,0.0031704220823616236
GS,5,0.01,2019-09-25,2019-10-02,178.486572265625,168.47572326660156,hold_days,-0.05608740686736491,-0.05708740686736491,1,2019-09-24,-0.03510580177480371,-0.021981605092561196,0.010974722814374616,,,,0.010974722814374616
GS,5,0.01,2020-04-23,2020-04-30,150.51345825195312,157.71022033691406,hold_days,0.047814741409461625,0.046814741409461624,2,2020-04-21,0.04337772016890007,0.0034370212405615552,0.01248486600917409,0.007134034117002974,,,0.01248486600917409
GS,5,0.01,2020-05-15,2020-05-22,147.77920532226562,154.7094268798828,hold_days,0.04689578308737197,0.045895783087371966,2,2020-05-13,0.038441025915640914,0.007454757171731052,0.015425097906591745,0.0004077095636969563,,,0.015425097906591745
GS,5,0.01,2020-08-03,2020-08-10,172.51344299316406,181.1568603515625,hold_days,0.0501028627591702,0.049102862759170196,3,2020-07-31,0.03413195872139663,0.01497090403777357,0.007223854774558447,,,,0.007223854774558447
GS,5,0.01,2021-03-09,2021-03-16,290.4652099609375,300.2355041503906,hold_days,0.03363671054019535,0.032636710540195346,4,2021-03-05,0.027710317620048608,0.004926392920146738,0.02083285589272066,0.009836125406036622,,,0.02083285589272066
GS,5,0.01,2021-08-20,2021-08-27,348.99664306640625,369.9961853027344,hold_days,0.06017118689686751,0.05917118689686751,1,2021-08-19,0.01914602720836256,0.04002515968850495,0.005844067775143236,,,,0.005844067775143236
GS,5,0.01,2021-11-11,2021-11-18,356.424072265625,346.70599365234375,hold_days,-0.02726549458769123,-0.02826549458769123,1,2021-11-10,0.005383817019838366,-0.0336493116075296,0.008067784859991045,,,,0.008067784859991045
GS,5,0.01,2022-05-16,2022-05-23,271.82220458984375,283.6199035644531,hold_days,0.043402263595099244,0.04240226359509924,4,2022-05-12,-0.007435516363209493,0.04983777995830874,0.025316497464094923,0.013459782506663354,,,0.025316497464094923
GS,5,0.01,2022-12-09,2022-12-16,328.27130126953125,316.5805969238281,hold_days,-0.035612934485869996,-0.03661293448587,1,2022-12-08,-0.016428887099594558,-0.02018404738627544,0.0029604543310455256,,,,0.0029604543310455256
GS,5,0.01,2023-02-10,2023-02-13,339.3677978515625,341.8722839355469,resistance,0.007379857782145338,0.006379857782145338,1,2023-02-09,0.008830626099548544,-0.002450768317403206,0.008940411531116688,,,,0.008940411531116688
GS,5,0.01,2023-05-15,2023-05-22,296.4953918457031,299.1191101074219,hold_days,0.008849103000845737,0.007849103000845736,3,2023-05-12,0.006740279123294224,0.0011088238775515125,0.008043964987461738,,,,0.008043964987461738
GS,5,0.01,2023-06-27,2023-07-05,290.7570495605469,296.8791198730469,hold_days,0.021055621254077783,0.020055621254077782,1,2023-06-26,0.014469547798630522,0.00558607345544726,0.0034895321408545676,,,,0.0034895321408545676
GS,5,0.01,2023-12-20,2023-12-28,356.0080261230469,364.3915100097656,hold_days,0.023548581131766833,0.02254858113176683,2,2023-12-18,0.015851960356047856,0.0066966207757189755,0.016073510742183217,0.0029755666335542497,,,0.016073510742183217
GS,5,0.01,2024-01-05,2024-01-12,364.41973876953125,356.2249755859375,hold_days,-0.022487155090071376,-0.023487155090071377,2,2024-01-03,0.0026276054037308594,-0.026114760493802236,0.003038324936582626,0.01217932194623339,,,0.01217932194623339
GS,5,0.01,2024-03-05,2024-03-12,371.2474670410156,368.6547546386719,hold_days,-0.006983784759553191,-0.007983784759553192,4,2024-03-01,0.015894059044284647,-0.02387784380383784,0.010692945421474365,0.007240517954369974,,,0.010692945421474365
GS,5,0.01,2024-09-11,2024-09-18,452.8415832519531,465.7298889160156,hold_days,0.028460958844611417,0.027460958844611416,1,2024-09-10,0.013466921444818869,0.013994037399792547,0.008648483453161493,,,,0.008648483453161493
GS,5,0.01,2025-03-03,2025-03-10,587.4961547851562,516.0562744140625,hold_days,-0.12160059225786568,-0.12260059225786568,4,2025-02-27,-0.021172164741593114,-0.10142842751627257,0.028578368456242842,0.00042966706622715733,,,0.028578368456242842
GS,5,0.01,2026-03-30,2026-04-07,800.1375732421875,856.1651000976562,hold_days,0.07002236706425768,0.06902236706425768,3,2026-03-27,0.02065484720217481,0.048367519862082875,0.0058662630143684336,,,,0.0058662630143684336
GS,5,0.01,2026-04-15,2026-04-17,891.178466796875,917.39404296875,resistance,0.02941675225401319,0.02841675225401319,2,2026-04-13,0.008632756138539088,0.0197839961154741,0.02114974261480662,0.009766563887787072,,,0.02114974261480662
HD,5,0.01,2015-11-16,2015-11-23,92.79591369628906,101.74991607666016,hold_days,0.09649134346234867,0.09549134346234867,3,2015-11-13,0.019010731122059088,0.07648061234028958,0.0070000182971299285,,,,0.0070000182971299285
HD,5,0.01,2015-12-21,2015-12-29,101.28241729736328,103.12588500976562,hold_days,0.018201261004562763,0.017201261004562762,3,2015-12-18,0.031548413327721514,-0.014347152323158752,0.00782885669676503,,,,0.00782885669676503
HD,5,0.01,2016-07-14,2016-07-18,104.88472747802734,106.28803253173828,resistance,0.013379498497575915,0.012379498497575914,1,2016-07-13,0.003224058673345409,0.009155439824230505,0.007337340177365315,,,,0.007337340177365315
HD,5,0.01,2016-08-19,2016-08-26,105.60197448730469,104.74443054199219,hold_days,-0.008120529464300863,-0.009120529464300864,1,2016-08-18,-0.0058582340615151995,-0.0032622954027856643,0.0048961733907495475,,,,0.0048961733907495475
HD,5,0.01,2016-10-18,2016-10-25,98.52713012695312,96.64651489257812,hold_days,-0.019087283187400383,-0.020087283187400384,1,2016-10-17,0.009392061051578304,-0.02947934423897869,0.004794700247204409,,,,0.004794700247204409
HD,5,0.01,2017-02-07,2017-02-14,107.64450073242188,111.35476684570312,hold_days,0.034467772046284706,0.033467772046284705,1,2017-02-06,0.020588147858059846,0.012879624188224859,0.0011720993521309175,,,,0.0011720993521309175
HD,5,0.01,2017-09-20,2017-09-27,127.23384857177734,129.0299530029297,hold_days,0.014116561365658198,0.013116561365658197,1,2017-09-19,7.290987219565892e-05,0.013043651493462538,0.006469438397392668,,,,0.006469438397392668
HD,5,0.01,2017-11-03,2017-11-10,131.81227111816406,131.58779907226562,hold_days,-0.0017029677433992862,-0.0027029677433992863,1,2017-11-02,-0.0011792686667274621,-0.0015236990766718242,0.010324705786586064,,,,0.010324705786586064
HD,5,0.01,2018-04-10,2018-04-17,140.6110076904297,141.76187133789062,hold_days,0.008184733658937127,0.007184733658937127,1,2018-04-09,0.01963234158425964,-0.012447607925322512,0.005681092067064686,,,,0.005681092067064686
HD,5,0.01,2018-08-15,2018-08-22,158.10621643066406,162.16502380371094,hold_days,0.025671396512273237,0.024671396512273236,1,2018-08-14,0.018143498398492275,0.006527898113780961,0.004609220243842582,,,,0.004609220243842582
HD,5,0.01,2018-10-15,2018-10-22,156.60646057128906,146.43199157714844,hold_days,-0.0649683860871697,-0.0659683860871697,4,2018-10-11,0.0003898215180107023,-0.06635820760518041,0.014388134672767672,0.007536674694215595,,,0.014388134672767672
HD,5,0.01,2018-12-11,2018-12-18,141.9182891845703,140.13003540039062,hold_days,-0.012600587242522332,-0.013600587242522333,1,2018-12-10,-0.03369803038570629,0.020097443143183957,0.0030285762229966817,,,,0.0030285762229966817
HD,5,0.01,2019-06-26,2019-07-03,172.57958984375,177.3284454345703,hold_days,0.027516901593750642,0.02651690159375064,1,2019-06-25,0.02609510305367757,0.0004217985400730706,0.008205380452547928,,,,0.008205380452547928
HD,5,0.01,2019-08-16,2019-08-23,170.26373291015625,181.8180694580078,hold_days,0.0678614074199142,0.0668614074199142,2,2019-08-14,-0.013137642413107886,0.07999904983302208,0.0009921660617462358,0.010218975458850865,,,0.010218975458850865
HD,5,0.01,2019-11-26,2019-12-04,185.69577026367188,181.2454833984375,hold_days,-0.02396547244406999,-0.02496547244406999,4,2019-11-22,-0.009598780705433962,-0.015366691738636029,0.0016971089078332557,0.012521066181756302,,,0.012521066181756302
HD,5,0.01,2020-01-15,2020-01-23,190.12576293945312,197.7954559326172,hold_days,0.04034010370076224,0.03934010370076224,1,2020-01-14,0.005625599130687053,0.03371450457007519,0.007988947465838558,,,,0.007988947465838558
HD,5,0.01,2020-11-23,2020-12-01,233.8977508544922,238.37918090820312,hold_days,0.019159782585933538,0.018159782585933537,3,2020-11-20,0.015033262492711863,0.003126520093221674,0.005893002916217194,,,,0.005893002916217194
HD,5,0.01,2021-07-29,2021-08-05,286.9991149902344,291.9777526855469,hold_days,0.017347223162976988,0.016347223162976987,1,2021-07-28,-0.0014041309922239176,0.017751354155200905,0.005867568929682765,,,,0.005867568929682765
HD,5,0.01,2021-09-21,2021-09-22,294.4402160644531,295.9466552734375,resistance,0.005116282106839121,0.004116282106839121,1,2021-09-20,0.010081914544816994,-0.005965632437977874,0.009087967314986845,,,,0.009087967314986845
HD,5,0.01,2022-09-27,2022-10-04,242.203369140625,261.01611328125,hold_days,0.07767333793652642,0.07667333793652642,1,2022-09-26,0.046423830374304975,0.030249507562221445,0.007915158814022272,,,,0.007915158814022272
HD,5,0.01,2022-11-04,2022-11-11,256.0312194824219,283.8941650390625,hold_days,0.1088263595860175,0.1078263595860175,1,2022-11-03,0.05508191762828574,0.05274444195773176,0.008987539899004249,,,,0.008987539899004249
HD,5,0.01,2023-01-20,2023-01-27,285.66607666015625,287.1986999511719,hold_days,0.005365086778710948,0.004365086778710948,1,2023-01-19,0.016461353803789658,-0.01209626702507871,0.013252472647494073,,,,0.013252472647494073
HD,5,0.01,2023-02-22,2023-03-01,268.7075500488281,263.710693359375,hold_days,-0.01859589240624282,-0.01959589240624282,1,2023-02-21,-0.010086306583253046,-0.009509585822989775,0.0027075924303567867,,,,0.0027075924303567867
HD,5,0.01,2023-10-09,2023-10-16,273.47235107421875,275.29632568359375,hold_days,0.006669685627122002,0.005669685627122002,4,2023-10-05,0.006916105445967435,-0.0012464198188454336,0.003839279086030656,0.012547091281125855,,,0.012547091281125855
HD,5,0.01,2024-03-27,2024-04-04,361.8440246582031,335.3918151855469,hold_days,-0.07310390021679347,-0.07410390021679347,1,2024-03-26,-0.020206693522200392,-0.05389720669459308,0.015687125083852393,,,,0.015687125083852393
HD,5,0.01,2024-05-02,2024-05-09,314.6220397949219,325.7898864746094,hold_days,0.035496072325279515,0.034496072325279514,1,2024-05-01,0.025470425336535873,0.00902564698874364,0.010723564636726524,,,,0.010723564636726524
HD,5,0.01,2025-07-17,2025-07-24,347.18280029296875,360.7687683105469,hold_days,0.03913203075185079,0.03813203075185079,1,2025-07-16,0.007938262896015846,0.03019376785583494,0.004588803763868166,,,,0.004588803763868166
HD,5,0.01,2025-11-07,2025-11-14,360.8900146484375,352.3809814453125,hold_days,-0.02357791254328301,-0.02457791254328301,1,2025-11-06,0.014620386974065314,-0.03919829951734832,0.005527250217675306,,,,0.005527250217675306
HD,5,0.01,2026-06-02,2026-06-09,306.9388732910156,318.9793395996094,hold_days,0.03922757055662318,0.03822757055662318,1,2026-06-01,-0.0026700901168106306,0.04089766067343381,0.002671424993938798,,,,0.002671424993938798
HD,5,0.01,2026-08-10,2026-08-17,348.21392822265625,335.4082946777344,hold_days,-0.03677519049936928,-0.03777519049936928,4,2026-08-06,-0.009709459386012309,-0.028065731113356973,0.01745254408191621,0.0036049750872702013,,,0.01745254408191621
HON,5,0.01,2016-01-21,2016-01-26,72.95176696777344,74.40958404541016,resistance,0.019983300449469832,0.01898330044946983,1,2016-01-20,0.01583045527873006,0.003152845170739771,0.003532854645627248,,,,0.003532854645627248
HON,5,0.01,2016-05-05,2016-05-12,86.3112564086914,86.7442855834961,hold_days,0.0050170648977030385,0.0040170648977030385,1,2016-05-04,0.01151894206395121,-0.007501877166248171,0.006110036688856901,,,,0.006110036688856901
HON,5,0.01,2017-06-30,2017-07-10,104.53914642333984,105.63717651367188,hold_days,0.010503530284105,0.009503530284105,1,2017-06-29,0.004822670899227166,0.0046808593848778335,0.007330818195973476,,,,0.007330818195973476
HON,5,0.01,2017-08-21,2017-08-28,106.84439086914062,107.8689193725586,hold_days,0.009588977905941487,0.008588977905941486,3,2017-08-18,0.009632893818836807,-0.0010439159128953213,0.0045945344344031636,,,,0.0045945344344031636
HON,5,0.01,2018-01-04,2018-01-11,122.38626098632812,125.09540557861328,hold_days,0.02213601894895545,0.02113601894895545,1,2018-01-03,0.015559941661557275,0.005576077287398173,0.013513225783604588,,,,0.013513225783604588
HON,5,0.01,2018-04-06,2018-04-12,113.62014770507812,116.58920288085938,resistance,0.026131414504828587,0.025131414504828586,4,2018-04-02,0.027595679955247476,-0.00246426545041889,0.012848183761093646,0.016920302633694373,0.027873072259316123,,0.027873072259316123
HON,5,0.01,2018-06-29,2018-07-09,115.24475860595703,117.94087219238281,hold_days,0.02339467424843411,0.02239467424843411,1,2018-06-28,0.021871434134123735,0.0005232401143103749,0.006427657636751238,,,,0.006427657636751238
HON,5,0.01,2018-08-15,2018-08-22,122.54905700683594,125.51964569091797,hold_days,0.024239996264649566,0.023239996264649565,2,2018-08-13,0.018143498398492275,0.00509649786615729,0.011683608527067513,0.005447956476439364,,,0.011683608527067513
HON,5,0.01,2018-11-28,2018-12-06,121.7147445678711,119.40355682373047,hold_days,-0.018988560115260733,-0.019988560115260734,1,2018-11-27,-0.013510644240742664,-0.00647791587451807,0.009868141819628029,,,,0.009868141819628029
HON,5,0.01,2019-09-25,2019-10-02,142.95718383789062,137.9473114013672,hold_days,-0.035044565806531924,-0.036044565806531925,1,2019-09-24,-0.03510580177480371,-0.000938764031728212,0.007058557965425871,,,,0.007058557965425871
HON,5,0.01,2019-10-09,2019-10-16,136.88539123535156,140.131103515625,hold_days,0.023711166333980627,0.022711166333980626,1,2019-10-08,0.0235849217055899,-0.000873755371609275,0.007691253531331155,,,,0.007691253531331155
HON,5,0.01,2019-12-04,2019-12-11,149.0726776123047,151.48248291015625,hold_days,0.016165304980425566,0.015165304980425565,1,2019-12-03,0.011562523495406873,0.0036027814850186912,0.003824645997021925,,,,0.003824645997021925
HON,5,0.01,2020-12-23,2020-12-31,184.94320678710938,187.33001708984375,hold_days,0.012905639218648624,0.011905639218648623,1,2020-12-22,0.013713091886408346,-0.0018074526677597236,0.009858512437183053,,,,0.009858512437183053
HON,5,0.01,2021-07-07,2021-07-14,196.1003875732422,202.3456573486328,hold_days,0.03184730970028338,0.030847309700283376,1,2021-07-06,0.0043162971490919855,0.02653101255119139,0.009974448932561497,,,,0.009974448932561497
HON,5,0.01,2021-12-21,2021-12-29,180.65069580078125,185.89991760253906,hold_days,0.02905730187469957,0.02805730187469957,1,2021-12-20,0.02769550272846555,0.0003617991462340209,0.009106840273160888,,,,0.009106840273160888
HON,5,0.01,2022-02-07,2022-02-14,172.41851806640625,167.2319793701172,hold_days,-0.030081100072391842,-0.031081100072391843,3,2022-02-04,-0.015271390568520227,-0.015809709503871616,0.0051176440815658975,,,,0.0051176440815658975
HON,5,0.01,2022-04-12,2022-04-19,172.02584838867188,177.61923217773438,resistance,0.0325147868268314,0.0315147868268314,1,2022-04-11,0.018611775607951353,0.012903011218880045,0.00908742809709473,,,,0.00908742809709473
HON,5,0.01,2022-07-01,2022-07-11,158.53172302246094,156.4766387939453,hold_days,-0.012963236564485281,-0.013963236564485282,2,2022-06-29,0.00034099508948393087,-0.014304231653969213,0.00352182267923018,0.011027603262018904,,,0.011027603262018904
HON,5,0.01,2022-07-18,2022-07-21,154.76556396484375,162.98594665527344,resistance,0.05311506306594804,0.05211506306594804,4,2022-07-14,0.038130807742516426,0.013984255323431616,0.01940902896390062,0.008495141528353845,,,0.01940902896390062
HON,5,0.01,2023-02-10,2023-02-17,183.29031372070312,184.15890502929688,hold_days,0.004738882764515839,0.0037388827645158393,1,2023-02-09,-0.001463269778022469,0.005202152542538308,0.006274411577574801,,,,0.006274411577574801
HON,5,0.01,2023-03-01,2023-03-08,177.2848358154297,179.75735473632812,hold_days,0.01394659001445886,0.012946590014458859,1,2023-02-28,0.007734669205713418,0.0052119208087454405,0.0073114692670246395,,,,0.0073114692670246395
HON,5,0.01,2023-09-08,2023-09-15,171.42367553710938,179.33897399902344,hold_days,0.04617389305831665,0.04517389305831665,1,2023-09-07,0.00567172748799516,0.03950216557032149,0.0021724219538701295,,,,0.0021724219538701295
HON,5,0.01,2024-06-13,2024-06-18,197.072509765625,201.07763671875,resistance,0.020323113344871135,0.019323113344871135,1,2024-06-12,0.010516244565250465,0.008806868779620669,0.0006235233158051745,,,,0.0006235233158051745
HON,5,0.01,2024-07-30,2024-08-06,191.41433715820312,187.78704833984375,hold_days,-0.01894993275953738,-0.01994993275953738,1,2024-07-29,-0.04203052125140516,0.02208058849186778,0.006156916471089069,,,,0.006156916471089069
HON,5,0.01,2024-08-14,2024-08-21,186.65353393554688,191.30296325683594,hold_days,0.024909409552859252,0.02390940955285925,1,2024-08-13,0.025863164038356423,-0.0019537544854971722,0.0044222402300284624,,,,0.0044222402300284624
HON,5,0.01,2024-12-12,2024-12-19,217.3180389404297,216.54495239257812,hold_days,-0.0035573970371759467,-0.004557397037175947,3,2024-12-09,-0.03118927623393819,0.026631879196762243,0.017726381781541845,0.017637458314461396,0.011550959503386693,,0.017726381781541845
HON,5,0.01,2026-03-23,2026-03-30,231.9114532470703,232.4002227783203,hold_days,0.0021075696107568653,0.0011075696107568653,3,2026-03-20,-0.014275301802565643,0.015382871413322508,0.006817067258025,,,,0.006817067258025
HON,5,0.01,2026-07-09,2026-07-16,222.75161743164062,225.65292358398438,hold_days,0.013024848868871342,0.01202484886887134,1,2026-07-08,0.011278930997386638,0.0007459178714847026,0.013886351939915276,,,,0.013886351939915276
IBM,5,0.01,2016-01-12,2016-01-20,81.43618774414062,74.67129516601562,hold_days,-0.08306985832120728,-0.08406985832120728,4,2016-01-08,-0.04371625352605091,-0.04035360479515637,0.012154935271484035,0.009648314481968567,,,0.012154935271484035
IBM,5,0.01,2016-05-04,2016-05-11,89.29390716552734,93.09309387207031,hold_days,0.04254698699095205,0.04154698699095205,1,2016-05-03,0.009382109169525865,0.032164877821426185,0.0008324642412356198,,,,0.0008324642412356198
IBM,5,0.01,2016-08-29,2016-09-06,100.68645477294922,101.0836181640625,hold_days,0.003944556316029857,0.002944556316029857,3,2016-08-26,-0.00038744939699819625,0.003332005713028053,0.008842717489792262,,,,0.008842717489792262
IBM,5,0.01,2016-09-19,2016-09-26,97.62908172607422,97.06803894042969,hold_days,-0.005746676868463196,-0.006746676868463196,3,2016-09-16,0.004436383008855849,-0.011183059877319046,0.00669568120655839,,,,0.00669568120655839
IBM,5,0.01,2017-05-15,2017-05-22,98.0884017944336,98.81998443603516,hold_days,0.007458401077170773,0.006458401077170773,3,2017-05-12,-0.003166865270102459,0.009625266347273231,0.007581325442366005,,,,0.007581325442366005
IBM,5,0.01,2017-07-10,2017-07-17,99.3249282836914,99.05949401855469,hold_days,-0.0026723831541924925,-0.0036723831541924925,4,2017-07-06,0.009902167076722757,-0.01357455023091525,0.003806858362639387,0.0069570417791451344,,,0.0069570417791451344
IBM,5,0.01,2018-07-18,2018-07-25,97.50743865966797,98.92430114746094,hold_days,0.014530814338568288,0.013530814338568287,1,2018-07-17,0.015870789917244554,-0.0023399755786762677,0.0071785089354865494,,,,0.0071785089354865494
IBM,5,0.01,2018-11-02,2018-11-09,78.88552856445312,85.32582092285156,hold_days,0.08164098632027827,0.08064098632027827,3,2018-10-30,0.025245649177614737,0.05539533714266354,0.00025999588194447476,0.01239168292367987,0.0023397690554103345,,0.01239168292367987
IBM,5,0.01,2019-01-15,2019-01-23,84.07571411132812,91.78363037109375,hold_days,0.09167827286675512,0.09067827286675512,1,2019-01-14,0.014370111142457676,0.07630816172429744,0.011130353017516192,,,,0.011130353017516192
IBM,5,0.01,2019-04-10,2019-04-17,99.93108367919922,97.1990737915039,hold_days,-0.02733893986845637,-0.02833893986845637,1,2019-04-09,0.010672047652531935,-0.039010987520988305,0.00640369781412331,,,,0.00640369781412331
IBM,5,0.01,2019-06-03,2019-06-10,90.6895751953125,95.26399230957031,hold_days,0.050440385285807965,0.049440385285807964,3,2019-05-31,0.05016310262980306,-0.000722717343995094,0.010079840302400278,,,,0.010079840302400278
IBM,5,0.01,2019-12-06,2019-12-13,96.42469787597656,97.1412582397461,hold_days,0.007431294881433681,0.006431294881433681,1,2019-12-05,0.009871735098067935,-0.0034404402166342543,0.009931121180838165,,,,0.009931121180838165
IBM,5,0.01,2020-05-14,2020-05-21,86.67945861816406,88.28777313232422,hold_days,0.01855473649466388,0.01755473649466388,1,2020-05-13,0.04186609374334571,-0.02431135724868183,0.010541743768329725,,,,0.010541743768329725
IBM,5,0.01,2020-08-03,2020-08-10,92.13446044921875,95.44322967529297,hold_days,0.035912395969344146,0.034912395969344145,4,2020-07-30,0.03413195872139663,0.0007804372479475186,0.00032556426602603494,0.011472811028412133,,,0.011472811028412133
IBM,5,0.01,2020-12-03,2020-12-10,94.16105651855469,95.1894302368164,hold_days,0.010921433512792733,0.009921433512792732,2,2020-12-01,0.008709067778798874,0.0012123657339938587,0.011854402921049445,0.0036535888980600006,,,0.011854402921049445
IBM,5,0.01,2021-04-15,2021-04-22,102.34361267089844,109.0594711303711,hold_days,0.06562068979398372,0.06462068979398372,2,2021-04-13,-0.006771885892711493,0.07139257568669521,0.011053793082040686,0.010672484912484848,,,0.011053793082040686
IBM,5,0.01,2021-08-20,2021-08-27,109.8343276977539,110.07118225097656,hold_days,0.002156471097765067,0.001156471097765067,1,2021-08-19,0.01914602720836256,-0.017989556110597493,0.007897558851704956,,,,0.007897558851704956
IBM,5,0.01,2021-09-22,2021-09-29,106.29712677001953,109.88959503173828,hold_days,0.03379647569864508,0.03279647569864508,1,2021-09-21,0.0033836535250935107,0.029412822173551567,0.012484024351223422,,,,0.012484024351223422
IBM,5,0.01,2022-09-07,2022-09-14,110.85810089111328,110.84075927734375,hold_days,-0.00015643073108895234,-0.0011564307310889524,1,2022-09-06,-0.009622231677173132,0.008465800946084179,0.007812380789354423,,,,0.007812380789354423
IBM,5,0.01,2023-05-12,2023-05-19,110.7168197631836,114.70062255859375,hold_days,0.03598191136569184,0.03498191136569184,1,2023-05-11,0.011308857237445347,0.023673054128246496,0.0160463470116623,,,,0.0160463470116623
IBM,5,0.01,2024-01-08,2024-01-16,148.57443237304688,153.9405975341797,hold_days,0.03611768913011382,0.035117689130113816,3,2024-01-05,-0.010001355928130118,0.045119045058243934,0.012440248501351503,,,,0.012440248501351503
IBM,5,0.01,2024-07-22,2024-07-29,173.03890991210938,179.94546508789062,hold_days,0.03991330723991071,0.03891330723991071,3,2024-07-19,0.004811754296173865,0.034101552943736846,0.004911272674748668,,,,0.004911272674748668
IBM,5,0.01,2024-10-31,2024-11-07,195.94606018066406,202.5527801513672,hold_days,0.033717033986861766,0.032717033986861765,1,2024-10-30,0.031169599224928124,0.0015474347619336415,0.008882456410087558,,,,0.008882456410087558
IBM,5,0.01,2024-12-19,2024-12-27,213.92237854003906,212.83326721191406,hold_days,-0.005091151919485393,-0.006091151919485393,1,2024-12-18,0.013846582333010948,-0.019937734252496342,0.017032347662782055,,,,0.017032347662782055
IBM,5,0.01,2025-01-14,2025-01-22,208.02786254882812,213.29183959960938,hold_days,0.02530419236291337,0.024304192362913368,1,2025-01-13,0.033388616348356326,-0.009084423985442958,0.0016099004062843925,,,,0.0016099004062843925
IBM,5,0.01,2025-08-14,2025-08-21,231.10206604003906,233.3340301513672,hold_days,0.009657915005145012,0.008657915005145012,2,2025-08-12,-0.0025567685132731333,0.011214683518418145,0.02257536591669962,0.009967234007707049,,,0.02257536591669962
IBM,5,0.01,2025-09-03,2025-09-10,237.9149627685547,250.3711395263672,hold_days,0.05235558374665983,0.05135558374665983,1,2025-09-02,0.0018727169210257522,0.049482866825634075,0.01076610157009772,,,,0.01076610157009772
IBM,5,0.01,2026-02-05,2026-02-12,284.1025695800781,255.78897094726562,hold_days,-0.0996597766597529,-0.1006597766597529,1,2026-02-04,0.004647597922368574,-0.10530737458212147,0.002906222636670064,,,,0.002906222636670064
IBM,5,0.01,2026-09-02,2026-09-10,231.6999969482422,234.02000427246094,hold_days,0.01001297951996527,0.00901297951996527,1,2026-09-01,-0.01856648924351878,0.02757946876348405,0.0012964695750683486,,,,0.0012964695750683486
JNJ,5,0.01,2015-07-01,2015-07-09,72.37683868408203,72.32540893554688,hold_days,-0.0007105829636969707,-0.0017105829636969707,1,2015-06-30,-0.009996652721912413,0.008286069758215442,0.01036342327711881,,,,0.01036342327711881
JNJ,5,0.01,2015-09-28,2015-10-05,67.6720199584961,70.18275451660156,hold_days,0.0371015163969588,0.0361015163969588,3,2015-09-25,0.05674599265388136,-0.02064447625692256,0.0040661142018887375,,,,0.0040661142018887375
JNJ,5,0.01,2016-01-21,2016-01-28,71.58052825927734,76.3033447265625,hold_days,0.06597906696327072,0.06497906696327072,1,2016-01-20,0.0134970638822971,0.051482003080973615,0.0019842746765861285,,,,0.0019842746765861285
JNJ,5,0.01,2016-09-30,2016-10-03,90.00543212890625,90.5235366821289,resistance,0.005756369820886231,0.004756369820886231,1,2016-09-29,-0.0019180337567300532,0.006674403577616284,0.007333511110245938,,,,0.007333511110245938
JNJ,5,0.01,2016-10-24,2016-10-31,86.56156158447266,88.37491607666016,hold_days,0.020948726651816463,0.019948726651816462,3,2016-10-21,-0.010998510621665458,0.03094723727348192,0.0014984789679348687,,,,0.0014984789679348687
JNJ,5,0.01,2017-07-28,2017-08-04,102.49772644042969,103.53162384033203,hold_days,0.010087027642542212,0.009087027642542211,1,2017-07-27,0.0060163044322874,0.003070723210254811,0.0077963934394502665,,,,0.0077963934394502665
JNJ,5,0.01,2017-09-29,2017-10-06,101.71023559570312,104.22151184082031,hold_days,0.02469049678637525,0.023690496786375248,1,2017-09-28,0.013641147457412295,0.010049349328962953,0.004170685825859888,,,,0.004170685825859888
JNJ,5,0.01,2018-01-03,2018-01-10,110.63719177246094,113.32128143310547,hold_days,0.02426028370427824,0.02326028370427824,1,2018-01-02,0.015479777893434798,0.007780505810843441,0.00955283402459961,,,,0.00955283402459961
JNJ,5,0.01,2018-05-09,2018-05-16,97.83936309814453,99.29692077636719,hold_days,0.014897456729767944,0.013897456729767943,1,2018-05-08,0.00881596512100713,0.005081491608760813,0.007340371832993187,,,,0.007340371832993187
JNJ,5,0.01,2018-05-31,2018-06-07,95.46065521240234,98.42134857177734,hold_days,0.03101480241034782,0.03001480241034782,2,2018-05-29,0.02787859429880868,0.0021362081115391396,0.013149116629050273,0.0018427915822336605,,,0.013149116629050273
JNJ,5,0.01,2018-09-27,2018-10-04,111.03916931152344,111.94692993164062,hold_days,0.008175138788821812,0.007175138788821812,1,2018-09-26,0.0004913132152715161,0.006683825573550296,0.00043484238166602296,,,,0.00043484238166602296
JNJ,5,0.01,2018-10-12,2018-10-19,107.5445556640625,111.70592498779297,hold_days,0.03869437460627356,0.03769437460627356,1,2018-10-11,-0.00044646800412184717,0.03814084261039541,0.00022401314475350986,,,,0.00022401314475350986
JNJ,5,0.01,2018-12-11,2018-12-18,118.44034576416016,105.44020080566406,hold_days,-0.10976111961359969,-0.11076111961359969,1,2018-12-10,-0.03369803038570629,-0.0770630892278934,0.0085363203546589,,,,0.0085363203546589
JNJ,5,0.01,2019-01-25,2019-02-01,103.66967010498047,108.49620056152344,hold_days,0.04655682275882045,0.04555682275882045,1,2019-01-24,0.015300949681675169,0.03025587307714528,0.009446527535669436,,,,0.009446527535669436
JNJ,5,0.01,2019-04-12,2019-04-22,110.66441345214844,112.16996765136719,hold_days,0.013604682411024083,0.012604682411024082,1,2019-04-11,0.0005124726075971253,0.012092209803426957,0.005694565452072808,,,,0.005694565452072808
JNJ,5,0.01,2019-05-15,2019-05-22,111.42127990722656,112.92682647705078,hold_days,0.013512199564372107,0.012512199564372106,1,2019-05-14,0.0037316985247854983,0.008780501039586608,0.00065784564697835,,,,0.00065784564697835
JNJ,5,0.01,2019-07-24,2019-07-31,106.34134674072266,106.701904296875,hold_days,0.003390567894832497,0.002390567894832497,2,2019-07-22,-0.009429700770808513,0.01182026866564101,0.0015549436212605183,0.008862085700316324,,,0.008862085700316324
JNJ,5,0.01,2019-08-06,2019-08-13,107.15255737304688,109.3239517211914,hold_days,0.02026451259193851,0.01926451259193851,1,2019-08-05,0.01345789620846416,0.00580661638347435,0.004686682713382906,,,,0.004686682713382906
JNJ,5,0.01,2020-05-26,2020-06-02,121.7710189819336,124.87931060791016,hold_days,0.025525709253017892,0.02452570925301789,4,2020-05-22,0.032654888758449685,-0.008129179505431794,0.0013159516794287729,,,,0.0013159516794287729
JNJ,5,0.01,2020-06-12,2020-06-19,119.74095153808594,121.15611267089844,hold_days,0.011818522524120523,0.010818522524120522,1,2020-06-11,0.012119966575613317,-0.001301444051492795,0.009086395597299068,,,,0.009086395597299068
JNJ,5,0.01,2020-08-03,2020-08-10,124.1212158203125,124.69400787353516,hold_days,0.004614779588139717,0.003614779588139717,3,2020-07-31,0.03413195872139663,-0.03051717913325691,0.010908603296746477,,,,0.010908603296746477
JNJ,5,0.01,2020-11-27,2020-12-04,122.95513153076172,128.30880737304688,resistance,0.043541703185814074,0.04254170318581407,2,2020-11-25,0.017627237935169626,0.024914465250644446,0.0022272165061034688,,,,0.0022272165061034688
JNJ,5,0.01,2020-12-15,2020-12-22,128.56497192382812,130.4007568359375,hold_days,0.014279044164510424,0.013279044164510423,1,2020-12-14,-0.009063777108753612,0.022342821273264035,0.010062583204013098,,,,0.010062583204013098
JNJ,5,0.01,2021-02-04,2021-02-11,138.31597900390625,141.79116821289062,hold_days,0.025125001709934258,0.024125001709934257,1,2021-02-03,0.016400934904156506,0.007724066805777752,0.009283176234712531,,,,0.009283176234712531
JNJ,5,0.01,2021-04-29,2021-05-06,141.0772705078125,144.1187744140625,hold_days,0.021559134900342114,0.020559134900342113,1,2021-04-28,0.013445032208409424,0.007114102691932689,0.013705289728055181,,,,0.013705289728055181
JNJ,5,0.01,2021-07-20,2021-07-27,145.63172912597656,149.27145385742188,hold_days,0.024992663022608275,0.023992663022608274,1,2021-07-19,0.020321077336449278,0.0036715856861589957,0.009407977669775747,,,,0.009407977669775747
JNJ,5,0.01,2021-12-01,2021-12-08,138.3790740966797,143.85890197753906,hold_days,0.03960011957466092,0.03860011957466092,1,2021-11-30,0.04214804850968856,-0.0035479289350276444,0.013788209427588516,,,,0.013788209427588516
JNJ,5,0.01,2022-08-15,2022-08-22,147.2643280029297,149.59278869628906,hold_days,0.015811437331334277,0.014811437331334276,3,2022-08-12,-0.02638440830231703,0.04119584563365131,0.004778758703345876,,,,0.004778758703345876
JNJ,5,0.01,2022-10-10,2022-10-17,143.18380737304688,148.7001190185547,hold_days,0.038526085782422115,0.037526085782422114,3,2022-10-07,0.025472797627855037,0.012053288154567077,0.0013107952805393452,,,,0.0013107952805393452
JNJ,5,0.01,2024-03-26,2024-04-03,145.28079223632812,143.87245178222656,hold_days,-0.009693920527433675,-0.010693920527433676,1,2024-03-25,0.005669774616006373,-0.01636369514344005,0.0035432919402940133,,,,0.0035432919402940133
JNJ,5,0.01,2024-04-18,2024-04-25,135.9261932373047,136.93348693847656,hold_days,0.007410593037158852,0.006410593037158852,2,2024-04-16,0.015433129608479979,-0.009022536571321127,0.002215373742384674,0.008930470563051518,,,0.008930470563051518
JNJ,5,0.01,2024-08-14,2024-08-21,149.00308227539062,151.7766876220703,hold_days,0.0186144159189503,0.0176144159189503,1,2024-08-13,0.025863164038356423,-0.008248748119406124,0.0005680606078863892,,,,0.0005680606078863892
JNJ,5,0.01,2025-06-23,2025-06-30,146.90673828125,148.29502868652344,hold_days,0.009450147906868489,0.008450147906868488,3,2025-06-20,0.026399788604688057,-0.01794964069781957,0.010214226467380128,,,,0.010214226467380128
JNJ,5,0.01,2026-06-22,2026-06-29,230.15489196777344,257.2413024902344,hold_days,0.1176877462428807,0.1166877462428807,4,2026-06-18,0.016613570794326682,0.10007417544855401,0.012697601479867204,,,,0.012697601479867204
JPM,5,0.01,2015-12-14,2015-12-16,48.35200500488281,50.8045768737793,resistance,0.05072327132347065,0.04972327132347065,3,2015-12-11,0.024569628459456316,0.025153642864014336,0.0031216206976019123,,,,0.0031216206976019123
JPM,5,0.01,2016-04-11,2016-04-18,44.405452728271484,47.51078414916992,hold_days,0.06993130865933894,0.06893130865933894,4,2016-04-07,0.03458129685013667,0.034350011809202274,0.007327241894057757,0.015352370345831146,,,0.015352370345831146
JPM,5,0.01,2016-05-16,2016-05-23,47.04536056518555,48.41873550415039,hold_days,0.02919256909641299,0.02819256909641299,3,2016-05-13,-0.007622576276775095,0.035815145373188084,0.007516182139257976,,,,0.007516182139257976
JPM,5,0.01,2016-10-18,2016-10-25,52.43428421020508,53.28624725341797,hold_days,0.016248205845576846,0.015248205845576845,1,2016-10-17,0.009392061051578304,0.005856144793998541,0.007890169983580053,,,,0.007890169983580053
JPM,5,0.01,2017-08-22,2017-08-29,72.11064147949219,71.74837493896484,hold_days,-0.005023759782117221,-0.006023759782117221,1,2017-08-21,-0.0003569877937118493,-0.005666771988405372,0.01026135555668617,,,,0.01026135555668617
JPM,5,0.01,2017-11-15,2017-11-22,77.78434753417969,78.14079284667969,hold_days,0.004582481229187918,0.003582481229187918,1,2017-11-14,0.01572643546062591,-0.012143954231437992,0.009458384514103413,,,,0.009458384514103413
JPM,5,0.01,2018-06-29,2018-07-09,83.3961181640625,86.32779693603516,hold_days,0.035153659864662457,0.034153659864662456,2,2018-06-27,0.021871434134123735,0.01228222573053872,0.016369425063694543,0.009298543303622342,,,0.016369425063694543
JPM,5,0.01,2018-08-01,2018-08-08,93.07113647460938,94.78517150878906,hold_days,0.01841639738274048,0.01741639738274048,1,2018-07-31,0.013449262869051015,0.003967134513689463,0.006176606098216908,,,,0.006176606098216908
JPM,5,0.01,2018-08-16,2018-08-23,92.35497283935547,92.32276916503906,hold_days,-0.00034869453507846426,-0.0013486945350784643,1,2018-08-15,0.005135206420157079,-0.006483900955235543,0.009410877469387957,,,,0.009410877469387957
JPM,5,0.01,2018-10-01,2018-10-08,91.33299255371094,93.44738006591797,hold_days,0.02315031461345818,0.022150314613458177,3,2018-09-28,-0.010285940407935845,0.03243625502139402,0.00584888385053195,,,,0.00584888385053195
JPM,5,0.01,2019-03-08,2019-03-15,84.15005493164062,87.0419692993164,hold_days,0.034366161377137994,0.03336616137713799,1,2019-03-07,0.02617910652757871,0.007187054849559282,0.0003878303269528871,,,,0.0003878303269528871
JPM,5,0.01,2019-06-26,2019-07-03,89.29669952392578,93.52670288085938,hold_days,0.04737020941966863,0.04637020941966863,1,2019-06-25,0.02609510305367757,0.020275106365991058,0.00668165412245636,,,,0.00668165412245636
JPM,5,0.01,2020-01-31,2020-02-07,111.31419372558594,115.3593978881836,hold_days,0.03634041650222941,0.03534041650222941,4,2020-01-27,0.02884939072959236,0.006491025772637049,0.018177384475352554,0.016662934536886276,0.029235940389172654,,0.029235940389172654
JPM,5,0.01,2020-10-29,2020-11-05,84.1469955444336,90.3647232055664,hold_days,0.0738912616060019,0.0728912616060019,1,2020-10-28,0.0582565361442009,0.014634725461801001,0.006525758301820783,,,,0.006525758301820783
JPM,5,0.01,2020-12-18,2020-12-28,103.12053680419922,108.54155731201172,hold_days,0.052569746781920834,0.05156974678192083,4,2020-12-14,0.0033607478482717834,0.04820899893364905,0.017075399473326813,0.020033840544308568,0.011580704931901886,,0.020033840544308568
JPM,5,0.01,2021-08-03,2021-08-10,134.91110229492188,140.53201293945312,hold_days,0.04166381082739723,0.04066381082739723,1,2021-08-02,0.006153056829475867,0.03451075399792136,0.011377741356193738,,,,0.011377741356193738
JPM,5,0.01,2021-08-20,2021-08-25,136.52590942382812,141.996826171875,resistance,0.04007236993428909,0.039072369934289086,1,2021-08-19,0.016102164237563388,0.0229702056967257,0.002851965558522851,,,,0.002851965558522851
JPM,5,0.01,2021-12-03,2021-12-10,140.5177764892578,141.87600708007812,hold_days,0.009665898683816287,0.008665898683816287,2,2021-12-01,0.0330633496649233,-0.024397450981107016,0.02102768662461063,0.0025337211680895866,,,0.02102768662461063
JPM,5,0.01,2022-01-25,2022-02-01,130.85784912109375,134.98373413085938,hold_days,0.0315295187677096,0.030529518767709596,1,2022-01-24,0.033042878616115656,-0.0025133598484060604,0.010900191420238237,,,,0.010900191420238237
JPM,5,0.01,2022-05-02,2022-05-09,108.36457061767578,109.63308715820312,hold_days,0.011706008091914466,0.010706008091914465,3,2022-04-29,-0.02371207403416542,0.034418082126079885,0.009131988938139157,,,,0.009131988938139157
JPM,5,0.01,2022-12-19,2022-12-27,119.10151672363281,120.63996124267578,hold_days,0.012917085872321987,0.011917085872321986,3,2022-12-16,0.015177071631767403,-0.0032599857594454162,0.005955490153851661,,,,0.005955490153851661
JPM,5,0.01,2023-03-13,2023-03-20,121.07907104492188,117.28755950927734,hold_days,-0.03131434279205725,-0.03231434279205725,4,2023-03-09,0.015311166888657413,-0.04762550968071466,0.025395044924687138,0.006981770290855227,,,0.025395044924687138
JPM,5,0.01,2024-01-18,2024-01-25,158.85728454589844,164.09494018554688,hold_days,0.032970824439184865,0.031970824439184864,1,2024-01-17,0.014678680606747374,0.01729214383243749,0.001975005654284878,,,,0.001975005654284878
JPM,5,0.01,2024-05-06,2024-05-13,183.24282836914062,189.66583251953125,hold_days,0.035051871920747546,0.034051871920747545,3,2024-05-03,0.011265674643723855,0.02278619727702369,0.007821208233836696,,,,0.007821208233836696
JPM,5,0.01,2024-07-08,2024-07-15,196.89715576171875,201.5803680419922,hold_days,0.023785068210639748,0.022785068210639747,3,2024-07-05,0.016791592179357107,0.005993476031282641,0.0018556747614955071,,,,0.0018556747614955071
JPM,5,0.01,2026-02-27,2026-03-06,297.4310607910156,286.7144470214844,hold_days,-0.0360305804680604,-0.0370305804680604,3,2026-02-24,-0.025148631199989113,-0.01188194926807129,0.020181667132352255,0.02970072307017535,0.010090833566176238,,0.02970072307017535
JPM,5,0.01,2026-03-16,2026-03-23,283.4261474609375,287.14031982421875,hold_days,0.013104550855856267,0.012104550855856266,4,2026-03-12,-0.012130741406707113,0.02423529226256338,0.0019441943253268867,0.011559188300502843,,,0.011559188300502843
JPM,5,0.01,2026-05-05,2026-05-12,308.0124206542969,303.5126953125,hold_days,-0.01460890873244114,-0.01560890873244114,1,2026-05-04,-0.004257474597076927,-0.011351434135364213,0.005688299482735193,,,,0.005688299482735193
LMT,5,0.01,2015-10-15,2015-10-22,156.14752197265625,161.61912536621094,hold_days,0.03504124384703866,0.03404124384703866,1,2015-10-14,0.017790824301138874,0.016250419545899786,0.004948494995626884,,,,0.004948494995626884
LMT,5,0.01,2015-12-04,2015-12-11,164.2226104736328,163.32777404785156,hold_days,-0.005448923404642425,-0.006448923404642425,1,2015-12-03,-0.03847558130387474,0.032026657899232314,0.01359866514737429,,,,0.01359866514737429
LMT,5,0.01,2016-03-28,2016-04-04,165.97100830078125,169.81234741210938,hold_days,0.023144639239442766,0.022144639239442765,4,2016-03-24,0.012169093383097351,0.009975545856345414,0.004862235431008166,,,,0.004862235431008166
LMT,5,0.01,2016-06-20,2016-06-27,182.0494842529297,182.54527282714844,hold_days,0.0027233725833022415,0.0017233725833022415,3,2016-06-17,-0.042188585724555416,0.04391195830785766,0.004546342831936556,,,,0.004546342831936556
LMT,5,0.01,2016-11-07,2016-11-14,183.7712860107422,205.25355529785156,hold_days,0.11689676746264732,0.11589676746264732,3,2016-11-04,0.019342946338922973,0.09655382112372435,0.012654444152399247,,,,0.012654444152399247
LMT,5,0.01,2017-02-02,2017-02-09,194.85906982421875,199.67703247070312,hold_days,0.02472537024235333,0.023725370242353327,1,2017-02-01,0.014157603144224096,0.009567767098129232,0.004264450843527889,,,,0.004264450843527889
LMT,5,0.01,2017-04-06,2017-04-13,207.99057006835938,208.68353271484375,hold_days,0.003331702231772482,0.002331702231772482,1,2017-04-05,-0.012810366533083983,0.015142068764856464,0.00048685295183870103,,,,0.00048685295183870103
LMT,5,0.01,2017-05-02,2017-05-09,209.84381103515625,213.25440979003906,hold_days,0.01625303475979778,0.015253034759797779,1,2017-05-01,0.004084822643133368,0.011168212116664411,0.003948757478428044,,,,0.003948757478428044
LMT,5,0.01,2017-06-30,2017-07-05,217.56251525878906,221.31640625,resistance,0.017254309579688876,0.016254309579688875,1,2017-06-29,0.005925642291752187,0.010328667287936688,0.003179768807153316,,,,0.003179768807153316
LMT,5,0.01,2017-12-06,2017-12-13,247.48619079589844,252.1032257080078,hold_days,0.018655727405481937,0.017655727405481936,1,2017-12-05,0.016238991236916744,0.0014167361685651914,0.005900478878995807,,,,0.005900478878995807
LMT,5,0.01,2018-04-09,2018-04-16,267.9742126464844,275.7841796875,hold_days,0.029144472387418352,0.02814447238741835,3,2018-04-06,0.027322587929685005,0.0008218844577333462,0.00373523913554874,,,,0.00373523913554874
LMT,5,0.01,2018-06-01,2018-06-08,254.17689514160156,258.7366027832031,hold_days,0.017939111417115017,0.016939111417115016,1,2018-05-31,0.02009202521290665,-0.0031529137957916342,0.006644697156392265,,,,0.006644697156392265
LMT,5,0.01,2018-06-28,2018-07-06,237.005859375,240.17681884765625,hold_days,0.013379245057562272,0.012379245057562271,1,2018-06-27,0.014325183242433148,-0.0019459381848708768,0.0015598819336191116,,,,0.0015598819336191116
LMT,5,0.01,2019-03-11,2019-03-18,249.47341918945312,243.93319702148438,hold_days,-0.022207665193226256,-0.023207665193226257,3,2019-03-08,0.01611494210491271,-0.03932260729813897,0.011463486699489822,,,,0.011463486699489822
LMT,5,0.01,2019-03-28,2019-04-04,242.2612762451172,245.59686279296875,hold_days,0.01376855021797474,0.012768550217974739,1,2019-03-27,0.02387912033048023,-0.011110570112505491,0.005613047453432829,,,,0.005613047453432829
LMT,5,0.01,2019-04-29,2019-05-06,269.298583984375,275.14190673828125,hold_days,0.021698304786650136,0.020698304786650135,3,2019-04-26,-0.00961626239885982,0.030314567185509955,0.0007920709434263706,,,,0.0007920709434263706
LMT,5,0.01,2019-05-17,2019-05-24,277.0023498535156,277.64971923828125,hold_days,0.002337053765457009,0.001337053765457009,2,2019-05-15,-0.009414345555273762,0.01075139932073077,0.015681512439478684,0.011491930630973535,,,0.015681512439478684
LMT,5,0.01,2019-07-19,2019-07-26,294.443603515625,304.7545166015625,hold_days,0.035018295397917676,0.034018295397917675,1,2019-07-18,0.013320509210418274,0.0206977861874994,0.0021054092222345666,,,,0.0021054092222345666
LMT,5,0.01,2019-08-26,2019-09-03,313.7124938964844,319.1435546875,hold_days,0.01731222344242278,0.01631222344242278,3,2019-08-23,0.009803821392170065,0.006508402050252715,0.009100796003070899,,,,0.009100796003070899
LMT,5,0.01,2019-12-19,2019-12-23,319.8128356933594,327.11639404296875,resistance,0.022836976926755126,0.021836976926755125,1,2019-12-18,0.007612983852685273,0.014223993074069852,0.006779285854891182,,,,0.006779285854891182
LMT,5,0.01,2021-01-11,2021-01-19,289.09765625,292.3681335449219,hold_days,0.011312707745003925,0.010312707745003924,3,2021-01-08,0.0037569318151386977,0.006555775929865226,0.004700795825229198,,,,0.004700795825229198
LMT,5,0.01,2021-03-24,2021-03-31,307.2223815917969,318.7652893066406,hold_days,0.037571832022904816,0.036571832022904815,1,2021-03-23,0.02290013517849432,0.013671696844410497,0.007098061145785817,,,,0.007098061145785817
LMT,5,0.01,2021-12-21,2021-12-29,300.5736389160156,312.4812927246094,hold_days,0.0396164276133375,0.0386164276133375,1,2021-12-20,0.02769550272846555,0.010920924884871952,0.009927836054738348,,,,0.009927836054738348
LMT,5,0.01,2022-01-07,2022-01-14,317.65887451171875,328.6667785644531,hold_days,0.03465322374403956,0.03365322374403956,1,2022-01-06,0.0007032044372436985,0.032950019306795864,0.005977659257186074,,,,0.005977659257186074
LMT,5,0.01,2022-07-19,2022-07-26,348.8705749511719,354.616943359375,hold_days,0.016471347315569318,0.015471347315569317,1,2022-07-18,0.0007977536734142809,0.014673593642155036,0.00800439960698407,,,,0.00800439960698407
LMT,5,0.01,2022-08-24,2022-08-31,387.5932312011719,377.9286193847656,hold_days,-0.024934934458104685,-0.025934934458104686,2,2022-08-22,-0.04029870206517183,0.014363767607067146,0.001827452930607043,0.0031919605972838827,,,0.0031919605972838827
LMT,5,0.01,2023-01-20,2023-01-27,401.25885009765625,416.0317687988281,hold_days,0.036816430834052616,0.035816430834052615,1,2023-01-19,0.016461353803789658,0.019355077030262957,0.009036894660936268,,,,0.009036894660936268
LMT,5,0.01,2023-08-02,2023-08-09,411.3495178222656,415.2469787597656,hold_days,0.009474815864945363,0.008474815864945362,2,2023-07-31,-0.0003469575479242426,0.008821773412869605,0.010999760536041459,0.004906252693223978,,,0.010999760536041459
LMT,5,0.01,2023-10-27,2023-11-03,409.32269287109375,418.5081787109375,hold_days,0.022440695323814985,0.021440695323814984,3,2023-10-24,0.056294761371520785,-0.0348540660477058,0.015400195675861816,0.011499124677044392,0.005647518178818478,,0.015400195675861816
LMT,5,0.01,2024-04-10,2024-04-17,423.05755615234375,427.12225341796875,hold_days,0.009607906079241113,0.008607906079241112,1,2024-04-09,-0.022301037771846555,0.030908943851087667,0.009249840033600076,,,,0.009249840033600076
LMT,5,0.01,2025-11-13,2025-11-20,444.3677978515625,456.4651794433594,hold_days,0.027223803458048756,0.026223803458048756,3,2025-11-10,-0.02237287099643881,0.048596674454487565,0.010993155859413406,0.01092674890234635,0.008294706735382684,,0.010993155859413406
LMT,5,0.01,2025-12-19,2025-12-29,465.6964111328125,480.1741638183594,hold_days,0.031088392221725547,0.030088392221725546,1,2025-12-18,0.011438818138632012,0.018649574083093534,0.008486920018610178,,,,0.008486920018610178
LMT,5,0.01,2026-05-11,2026-05-18,505.7899475097656,521.6473999023438,hold_days,0.03135185361166548,0.03035185361166548,3,2026-05-08,0.01429954794139987,0.01605230567026561,0.01133243214596713,,,,0.01133243214596713
LMT,5,0.01,2026-08-06,2026-08-13,579.26708984375,594.3339233398438,hold_days,0.026010166571275084,0.025010166571275083,1,2026-08-05,0.008152736339654076,0.016857430231621007,0.009089309399828327,,,,0.009089309399828327
MCD,5,0.01,2016-02-08,2016-02-16,89.2223892211914,91.62882995605469,hold_days,0.026971265350196783,0.02597126535019678,3,2016-02-05,0.01775693566267389,0.008214329687522892,0.005632442940128435,,,,0.005632442940128435
MCD,5,0.01,2016-09-15,2016-09-22,91.33370208740234,92.29310607910156,hold_days,0.010504380855832496,0.009504380855832495,2,2016-09-13,0.016272958652935987,-0.006768577797103492,0.003922390681307508,0.012289920700669255,,,0.012289920700669255
MCD,5,0.01,2016-10-06,2016-10-13,89.58785247802734,90.75959014892578,hold_days,0.01307920257588302,0.012079202575883019,1,2016-10-05,-0.014463314927403603,0.026542517503286622,0.0044969627601285644,,,,0.0044969627601285644
MCD,5,0.01,2016-12-05,2016-12-09,94.54035949707031,96.1016616821289,resistance,0.01651466308531413,0.015514663085314129,3,2016-12-02,0.0286780001664948,-0.01316333708118067,0.008880178771087932,,,,0.008880178771087932
MCD,5,0.01,2017-01-05,2017-01-12,94.8653335571289,96.76737976074219,hold_days,0.020049960636757236,0.019049960636757235,1,2017-01-04,0.0031473830714769946,0.01590257756528024,0.0018413005658697301,,,,0.0018413005658697301
MCD,5,0.01,2017-03-14,2017-03-21,102.0302734375,102.60508728027344,hold_days,0.005633757740790113,0.004633757740790113,1,2017-03-13,-0.0067750795755039395,0.011408837316294052,0.0014889808452944742,,,,0.0014889808452944742
MCD,5,0.01,2017-11-13,2017-11-20,135.25665283203125,134.90115356445312,hold_days,-0.0026283311033846735,-0.0036283311033846735,3,2017-11-10,0.0023990026224287586,-0.006027333725813432,0.01074925512348468,,,,0.01074925512348468
MCD,5,0.01,2018-04-10,2018-04-17,133.1605682373047,132.98057556152344,hold_days,-0.0013516965131936676,-0.0023516965131936676,1,2018-04-09,0.01963234158425964,-0.021984038097453307,0.009551206767783649,,,,0.009551206767783649
MCD,5,0.01,2018-09-19,2018-09-26,131.86895751953125,137.32003784179688,hold_days,0.041337100291084505,0.040337100291084504,1,2018-09-18,0.00446384105842168,0.035873259232662824,0.008936542458062302,,,,0.008936542458062302
MCD,5,0.01,2018-10-12,2018-10-19,135.71286010742188,138.75320434570312,hold_days,0.022402771821879774,0.021402771821879774,1,2018-10-11,-0.00044646800412184717,0.02184923982600162,0.005215569606046966,,,,0.005215569606046966
MCD,5,0.01,2019-02-13,2019-02-21,145.16017150878906,152.3786163330078,hold_days,0.04972744761314707,0.04872744761314707,1,2019-02-12,0.0075498708660575176,0.04117757674708955,0.001034052059317725,,,,0.001034052059317725
MCD,5,0.01,2019-03-11,2019-03-18,151.8975830078125,154.3050994873047,resistance,0.015849603606716833,0.014849603606716832,3,2019-03-08,0.01611494210491271,-0.0012653384981958782,0.00880217586293175,,,,0.00880217586293175
MCD,5,0.01,2019-08-26,2019-09-03,183.0188751220703,184.17324829101562,hold_days,0.0063073995410329875,0.0053073995410329875,3,2019-08-23,0.009803821392170065,-0.004496421851137077,0.010481545352913457,,,,0.010481545352913457
MCD,5,0.01,2020-03-11,2020-03-18,161.70565795898438,117.9399185180664,hold_days,-0.2706506376667345,-0.2716506376667345,2,2020-03-09,-0.13494103320197515,-0.13670960446475933,0.06957093690335814,0.007438713556007448,,,0.06957093690335814
MCD,5,0.01,2020-05-14,2020-05-21,150.67620849609375,158.98265075683594,hold_days,0.05512776266173125,0.05412776266173125,1,2020-05-13,0.04186609374334571,0.012261668918385538,0.014986670657520573,,,,0.014986670657520573
MCD,5,0.01,2020-09-08,2020-09-15,185.76773071289062,193.4130859375,hold_days,0.041155453615491,0.040155453615491,4,2020-09-04,0.014510218329282676,0.025645235286208323,0.00873749411820568,,,,0.00873749411820568
MCD,5,0.01,2020-11-23,2020-12-01,188.7423858642578,189.11172485351562,hold_days,0.001956841795585973,0.0009568417955859729,3,2020-11-20,0.015033262492711863,-0.014076420697125891,0.013592360777760826,,,,0.013592360777760826
MCD,5,0.01,2021-05-13,2021-05-20,202.27423095703125,204.3958282470703,hold_days,0.010488717618655885,0.009488717618655884,1,2021-05-12,0.0024885642235303873,0.007000153395125497,0.008028338640795774,,,,0.008028338640795774
MCD,5,0.01,2021-08-11,2021-08-18,208.50782775878906,210.7473602294922,hold_days,0.010740759686460821,0.00974075968646082,1,2021-08-10,-0.016059433877376517,0.025800193563837337,0.008995459185240584,,,,0.008995459185240584
MCD,5,0.01,2021-09-21,2021-09-23,214.0566864013672,217.86607360839844,resistance,0.017796160779058656,0.016796160779058655,1,2021-09-20,0.024794731700758188,-0.007998570921699533,0.005897460607828364,,,,0.005897460607828364
MCD,5,0.01,2021-11-12,2021-11-19,223.1084442138672,224.2477569580078,hold_days,0.005106542462590458,0.004106542462590458,1,2021-11-11,-0.00896812135995928,0.013074663822549737,0.0020384610903727562,,,,0.0020384610903727562
MCD,5,0.01,2022-02-28,2022-03-07,220.28363037109375,201.88836669921875,hold_days,-0.08350717500381666,-0.08450717500381666,4,2022-02-24,-0.02416011876723012,-0.06034705623658654,0.01803854356823731,0.004495998160854553,,,0.01803854356823731
MCD,5,0.01,2022-08-11,2022-08-18,234.63525390625,241.2413787841797,hold_days,0.02815486917651855,0.027154869176518548,3,2022-08-08,0.02013817878937396,0.007016690387144586,0.012694635060840787,0.01775695393367971,0.00965720434114914,,0.01775695393367971
MCD,5,0.01,2023-03-10,2023-03-17,241.14898681640625,245.906982421875,hold_days,0.019730522894923608,0.018730522894923607,1,2023-03-09,-0.001428789410205411,0.020159312305129018,0.00152885189084917,,,,0.00152885189084917
MCD,5,0.01,2023-06-27,2023-07-05,269.50946044921875,274.6905822753906,hold_days,0.019224266998034034,0.018224266998034033,1,2023-06-26,0.014469547798630522,0.003754719199403511,0.007644546555812148,,,,0.007644546555812148
MCD,5,0.01,2023-08-24,2023-08-31,261.22900390625,261.5172424316406,hold_days,0.0011033940377236373,0.00010339403772363729,3,2023-08-21,0.026867940328047846,-0.02676454629032421,0.0009640844672269555,0.0065346905506764585,0.008248840978478,,0.008248840978478
MCD,5,0.01,2024-01-08,2024-01-16,273.1434631347656,272.38555908203125,hold_days,-0.0027747471751151664,-0.0037747471751151665,3,2024-01-05,-0.010001355928130118,0.006226608753014951,0.01006936015787585,,,,0.01006936015787585
MCD,5,0.01,2024-03-04,2024-03-11,273.794189453125,277.4454345703125,hold_days,0.013335729017772247,0.012335729017772246,3,2024-03-01,0.004129363800347674,0.008206365217424572,0.0007223476700830567,,,,0.0007223476700830567
MCD,5,0.01,2024-05-08,2024-05-15,252.6671600341797,257.73016357421875,hold_days,0.020038233458412824,0.019038233458412823,1,2024-05-07,0.017447086625874908,0.0015911468325379152,0.0037008707678063413,,,,0.0037008707678063413
MCD,5,0.01,2024-09-19,2024-09-26,279.9476318359375,289.2839660644531,hold_days,0.033350288292444574,0.03235028829244457,1,2024-09-18,0.003397544729191182,0.02895274356325339,0.0062323212168871045,,,,0.0062323212168871045
MCD,5,0.01,2025-01-17,2025-01-27,269.2680969238281,280.9032287597656,hold_days,0.04321021305108008,0.04221021305108008,1,2025-01-16,0.023170523439238977,0.019039689611841104,0.004325712257668313,,,,0.004325712257668313
MCD,5,0.01,2025-06-26,2025-07-03,276.8955993652344,285.0871887207031,hold_days,0.02958367476495627,0.02858367476495627,1,2025-06-25,0.03284918880523069,-0.004265514040274421,0.00028035099989276446,,,,0.00028035099989276446
MCD,5,0.01,2025-12-19,2025-12-29,309.767822265625,302.59832763671875,hold_days,-0.023144736520626874,-0.024144736520626875,3,2025-12-16,0.011438818138632012,-0.03558355465925889,0.013322803761637303,0.01637521868863101,0.004260736705269608,,0.01637521868863101
MCD,5,0.01,2026-07-24,2026-07-31,262.89141845703125,268.72991943359375,hold_days,0.022208792553328527,0.021208792553328526,1,2026-07-23,0.014810865004361684,0.006397927548966842,0.0074582607901407805,,,,0.0074582607901407805
MRK,5,0.01,2015-07-01,2015-07-09,38.86062240600586,38.712188720703125,hold_days,-0.0038196425098891984,-0.004819642509889198,1,2015-06-30,-0.009996652721912413,0.005177010212023215,0.011768784965194623,,,,0.011768784965194623
MRK,5,0.01,2016-01-21,2016-01-28,34.94906234741211,33.76852035522461,hold_days,-0.033778931762239894,-0.034778931762239895,1,2016-01-20,0.0134970638822971,-0.048275995644536995,0.007319644371692302,,,,0.007319644371692302
MRK,5,0.01,2016-11-04,2016-11-11,41.357940673828125,44.96498489379883,hold_days,0.08721527622513592,0.08621527622513592,1,2016-11-03,0.04179264990679643,0.044422626318339486,0.006674557830506966,,,,0.006674557830506966
MRK,5,0.01,2017-02-13,2017-02-21,45.89101028442383,46.394073486328125,hold_days,0.010962129593277803,0.009962129593277802,3,2017-02-10,0.019348296435982792,-0.00938616684270499,0.009664706347909391,,,,0.009664706347909391
MRK,5,0.01,2017-10-31,2017-11-07,39.88970947265625,40.25175094604492,hold_days,0.009076061926117651,0.00807606192611765,1,2017-10-30,0.009238937722583218,-0.0011628757964655678,0.00694558928887834,,,,0.00694558928887834
MRK,5,0.01,2017-11-21,2017-11-29,39.29594802856445,40.08521270751953,hold_days,0.020085141561704045,0.019085141561704044,1,2017-11-20,0.01212222935766083,0.0069629122040432145,0.0031420015245986477,,,,0.0031420015245986477
MRK,5,0.01,2018-02-09,2018-02-16,40.068363189697266,41.10529708862305,hold_days,0.025879117996824075,0.024879117996824074,1,2018-02-08,0.05088830914933373,-0.02600919115250966,0.002558013210229193,,,,0.002558013210229193
MRK,5,0.01,2018-03-02,2018-03-09,39.6959342956543,40.26552963256836,hold_days,0.014348959081595947,0.013348959081595946,1,2018-03-01,0.03779335778639292,-0.024444398704796977,0.012290130307152536,,,,0.012290130307152536
MRK,5,0.01,2018-04-20,2018-04-27,43.33580017089844,43.80723571777344,hold_days,0.010878662561112362,0.009878662561112361,1,2018-04-19,-0.007315826548372817,0.017194489109485178,0.0032402442736712,,,,0.0032402442736712
MRK,5,0.01,2018-10-26,2018-11-02,52.61593246459961,54.0135383605957,hold_days,0.02656240858102077,0.025562408581020768,1,2018-10-25,0.02479263778231866,0.0007697707987021074,0.006289385721364615,,,,0.006289385721364615
MRK,5,0.01,2019-04-22,2019-04-29,55.6629638671875,58.178653717041016,hold_days,0.04519503948542836,0.044195039485428356,4,2019-04-18,0.009689002427531124,0.03450603705789723,0.0036892084359432253,,,,0.0036892084359432253
MRK,5,0.01,2020-01-27,2020-02-03,66.56624603271484,67.52490234375,hold_days,0.014401537838922396,0.013401537838922395,3,2020-01-24,-0.0019366140326536607,0.015338151871576056,0.0013961057555849088,,,,0.0013961057555849088
MRK,5,0.01,2020-09-10,2020-09-17,65.66178894042969,67.77762603759766,hold_days,0.03222326304705958,0.03122326304705958,2,2020-09-08,0.01064855017369104,0.02057471287336854,0.01860061174309502,0.002879963158844756,,,0.01860061174309502
MRK,5,0.01,2021-01-15,2021-01-25,66.51011657714844,64.73127746582031,hold_days,-0.026745391571592836,-0.027745391571592837,1,2021-01-14,0.006523407812497828,-0.034268799384090665,0.014725933879029762,,,,0.014725933879029762
MRK,5,0.01,2021-08-11,2021-08-18,63.97035217285156,66.16478729248047,hold_days,0.03430393995173597,0.03330393995173597,1,2021-08-10,-0.016059433877376517,0.04936337382911249,0.0002657920184614415,,,,0.0002657920184614415
MRK,5,0.01,2021-09-20,2021-09-27,61.72882843017578,62.955997467041016,hold_days,0.01987999882831626,0.018879998828316258,3,2021-09-17,0.026414572762955002,-0.007534573934638744,0.0034879328808725685,,,,0.0034879328808725685
MRK,5,0.01,2021-12-09,2021-12-16,62.526939392089844,65.76242065429688,hold_days,0.05174539636296904,0.05074539636296904,2,2021-12-07,0.0051966289097329366,0.045548767453236105,0.012866453718133108,0.008024437012701835,,,0.012866453718133108
MRK,5,0.01,2022-06-14,2022-06-22,74.45972442626953,78.56600952148438,hold_days,0.055147734253044645,0.054147734253044644,1,2022-06-13,-0.002379164229110886,0.05652689848215553,0.0022537290610178395,,,,0.0022537290610178395
MRK,5,0.01,2022-08-05,2022-08-12,77.02394104003906,80.20500183105469,hold_days,0.041299636815026464,0.04029963681502646,1,2022-08-04,0.036804767321601206,0.0034948694934252567,0.006795686039783533,,,,0.006795686039783533
MRK,5,0.01,2023-01-19,2023-01-26,98.26919555664062,95.55986022949219,hold_days,-0.027570545498022514,-0.028570545498022515,1,2023-01-18,0.03158931247660446,-0.060159857974626973,0.01020325411760692,,,,0.01020325411760692
MRK,5,0.01,2023-04-27,2023-05-04,103.68841552734375,105.67826843261719,hold_days,0.019190696425954057,0.018190696425954056,1,2023-04-26,-0.026073615307495523,0.04426431173344958,0.015251654616948551,,,,0.015251654616948551
MRK,5,0.01,2023-07-18,2023-07-25,96.03324127197266,97.4653549194336,hold_days,0.014912686778998596,0.013912686778998595,1,2023-07-17,0.019532499260958236,-0.005619812481959641,0.003599470073808897,,,,0.003599470073808897
MRK,5,0.01,2023-11-13,2023-11-20,93.51214599609375,93.70378875732422,hold_days,0.0020493889771118212,0.0010493889771118212,3,2023-11-10,0.030513559524857126,-0.029464170547745305,0.010652031227839975,,,,0.010652031227839975
MRK,5,0.01,2024-05-06,2024-05-13,118.00469970703125,119.59573364257812,hold_days,0.013482801443475578,0.012482801443475577,3,2024-05-03,0.011265674643723855,0.0012171267997517221,0.0004705741722892398,,,,0.0004705741722892398
MRK,5,0.01,2024-05-31,2024-06-07,116.12691497802734,120.87226867675781,hold_days,0.04086351299032054,0.03986351299032054,1,2024-05-30,0.00585760878712871,0.03400590420319183,0.00811065820456136,,,,0.00811065820456136
MRK,5,0.01,2024-09-12,2024-09-19,107.24624633789062,109.81858825683594,hold_days,0.023985379505413018,0.022985379505413017,1,2024-09-11,0.020890121939561634,0.002095257565851383,0.004707630521227246,,,,0.004707630521227246
MRK,5,0.01,2024-10-10,2024-10-17,102.48360443115234,102.81148529052734,hold_days,0.0031993494100344133,0.0021993494100344133,2,2024-10-08,0.0141455786171798,-0.011946229207145387,0.01612609083295058,0.008109087797980807,,,0.01612609083295058
MRK,5,0.01,2025-02-18,2025-02-25,78.64887237548828,86.3353042602539,hold_days,0.0977309865050422,0.0967309865050422,4,2025-02-14,-0.003857945606970836,0.10058893211201303,0.003372976727394894,,,,0.003372976727394894
MRK,5,0.01,2026-01-02,2026-01-09,104.29724884033203,108.29473876953125,hold_days,0.03832785594679433,0.03732785594679433,2,2025-12-31,0.02855435684990848,0.00877349909688585,0.011305237035281746,,,,0.011305237035281746
MRK,5,0.01,2026-03-23,2026-03-30,114.18008422851562,116.5687026977539,hold_days,0.020919746953923957,0.019919746953923956,3,2026-03-20,-0.014275301802565643,0.0341950487564896,0.013137167944792916,,,,0.013137167944792916
MRK,5,0.01,2026-05-18,2026-05-26,111.10053253173828,118.1677017211914,hold_days,0.06361057889109789,0.06261057889109789,3,2026-05-15,0.008467183567904879,0.05414339532319301,0.010594392910959094,,,,0.010594392910959094
MSFT,5,0.01,2015-08-12,2015-08-19,40.131107330322266,40.283390045166016,hold_days,0.003794630274970956,0.002794630274970956,1,2015-08-11,-0.004129150309741592,0.0069237805847125475,0.00711028373356859,,,,0.00711028373356859
MSFT,5,0.01,2015-09-29,2015-10-06,37.543678283691406,40.40439224243164,hold_days,0.07619695484080746,0.07519695484080746,1,2015-09-28,0.05366221868452059,0.02153473615628687,0.003465076242383125,,,,0.003465076242383125
MSFT,5,0.01,2015-11-17,2015-11-24,46.08869934082031,47.20240020751953,hold_days,0.024164293690814187,0.023164293690814186,4,2015-11-13,0.020828552319654747,0.002335741371159439,0.017600168666786375,0.009217115301774603,,,0.017600168666786375
MSFT,5,0.01,2016-03-21,2016-03-29,47.199554443359375,47.94443130493164,hold_days,0.015781438413071003,0.014781438413071002,3,2016-03-18,-0.0005237514871307969,0.015305189900201799,0.006917436559240597,,,,0.006917436559240597
MSFT,5,0.01,2016-04-12,2016-04-19,47.8918571472168,49.416683197021484,hold_days,0.03183894174572233,0.030838941745722326,1,2016-04-11,0.02647786804766339,0.004361073698058937,0.006260674108312214,,,,0.006260674108312214
MSFT,5,0.01,2016-05-06,2016-05-13,44.15866470336914,44.763343811035156,hold_days,0.013693328630471013,0.012693328630471012,3,2016-05-03,-0.003005267136833356,0.01569859576730437,0.001807657605584767,0.003213856423087025,0.012254068235227011,,0.012254068235227011
MSFT,5,0.01,2016-09-13,2016-09-20,50.19679260253906,50.445430755615234,hold_days,0.004953267732560107,0.003953267732560107,4,2016-09-09,0.005092472758791766,-0.0011392050262316591,0.014944097871218975,0.005693237144742014,,,0.014944097871218975
MSFT,5,0.01,2016-10-14,2016-10-21,50.987083435058594,52.97613525390625,hold_days,0.039010896188660826,0.038010896188660825,1,2016-10-13,0.006832873291694019,0.031178022896966806,0.008784361212051506,,,,0.008784361212051506
MSFT,5,0.01,2017-01-20,2017-01-24,56.08742904663086,56.78472137451172,resistance,0.01243223909053004,0.011432239090530039,1,2017-01-19,0.00466604025208861,0.0067661988384414284,0.007062597132714288,,,,0.007062597132714288
MSFT,5,0.01,2017-12-27,2018-01-04,78.33271026611328,79.61216735839844,hold_days,0.01633362471359101,0.01533362471359101,1,2017-12-26,0.015088625120025068,0.00024499959356594214,0.0036303702627720202,,,,0.0036303702627720202
MSFT,5,0.01,2019-03-08,2019-03-15,103.18528747558594,108.22737884521484,hold_days,0.04886444078398178,0.047864440783981776,1,2019-03-07,0.02617910652757871,0.021685334256403066,0.0010870453447280326,,,,0.0010870453447280326
MSFT,5,0.01,2019-09-11,2019-09-18,127.99310302734375,130.2498321533203,hold_days,0.017631646335618978,0.016631646335618977,1,2019-09-10,0.004353889937926292,0.012277756397692685,0.0002941320448366369,,,,0.0002941320448366369
MSFT,5,0.01,2020-05-14,2020-05-21,170.79446411132812,174.02145385742188,hold_days,0.018893994971583616,0.017893994971583616,1,2020-05-13,0.04186609374334571,-0.023972098771762096,0.0043391431737791475,,,,0.0043391431737791475
MSFT,5,0.01,2020-07-27,2020-08-03,193.39407348632812,205.43310546875,hold_days,0.0622512973918663,0.0612512973918663,3,2020-07-24,-0.00488704107359772,0.06613833846546402,0.012667740941637584,,,,0.012667740941637584
MSFT,5,0.01,2022-09-29,2022-10-06,229.8441925048828,238.83473205566406,hold_days,0.039115800372420795,0.038115800372420794,2,2022-09-27,0.03233988288634637,0.005775917486074422,0.019711499407293775,0.004610596629117669,,,0.019711499407293775
MSFT,5,0.01,2022-10-12,2022-10-19,218.4729766845703,228.85707092285156,hold_days,0.04753033714221666,0.04653033714221666,1,2022-10-11,0.04097865424551639,0.005551682896700272,0.0015083643081721387,,,,0.0015083643081721387
MSFT,5,0.01,2022-12-20,2022-12-28,234.66506958007812,227.60958862304688,hold_days,-0.030066174610719365,-0.031066174610719366,1,2022-12-19,-0.0017624369736194412,-0.029303737637099925,0.005614672823325284,,,,0.005614672823325284
MSFT,5,0.01,2023-03-21,2023-03-28,266.3669128417969,267.7776184082031,hold_days,0.005296099096377294,0.004296099096377294,1,2023-03-20,-0.006656740696883157,0.01095283979326045,0.005693580647402552,,,,0.005693580647402552
MSFT,5,0.01,2023-08-04,2023-08-11,319.60186767578125,313.0008544921875,hold_days,-0.020653862981458326,-0.021653862981458327,1,2023-08-03,0.006863181948710162,-0.02851704493016849,0.0034285944238392485,,,,0.0034285944238392485
MSFT,5,0.01,2024-11-01,2024-11-08,403.9881896972656,415.9689636230469,hold_days,0.029656247958038673,0.028656247958038672,1,2024-10-31,0.02820329489418749,0.0004529530638511803,0.009892886189545314,,,,0.009892886189545314
MSFT,5,0.01,2025-09-08,2025-09-12,494.1344299316406,505.7389221191406,resistance,0.023484484149597584,0.022484484149597583,3,2025-09-05,0.0016221379148433357,0.020862346234754248,0.00646465224103121,,,,0.00646465224103121
MSFT,5,0.01,2025-09-26,2025-09-30,507.28619384765625,513.7232666015625,resistance,0.012689233083759799,0.011689233083759798,1,2025-09-25,0.0038243186814959085,0.00786491440226389,0.008737116838221759,,,,0.008737116838221759
MSFT,5,0.01,2025-12-16,2025-12-23,473.38677978515625,483.7807922363281,hold_days,0.021956701993006922,0.02095670199300692,1,2025-12-15,0.00702869801713657,0.013928003975870351,0.0033066174066502807,,,,0.0033066174066502807
MSFT,5,0.01,2026-03-16,2026-03-23,398.33575439453125,381.4541931152344,hold_days,-0.04238023098116506,-0.04338023098116506,3,2026-03-13,-0.012130741406707113,-0.031249489574457945,0.011123808473237462,,,,0.011123808473237462
MSFT,5,0.01,2026-08-18,2026-08-25,480.72503662109375,491.7099914550781,hold_days,0.02285080658830485,0.02185080658830485,1,2026-08-17,0.007206092044206969,0.014644714544097881,0.002664708914413838,,,,0.002664708914413838
NKE,5,0.01,2016-03-10,2016-03-17,50.620948791503906,54.317771911621094,hold_days,0.07302951067439589,0.07202951067439589,1,2016-03-09,0.030782157903017193,0.0412473527713787,0.009429394556633497,,,,0.009429394556633497
NKE,5,0.01,2016-10-18,2016-10-25,44.28696823120117,44.13997268676758,hold_days,-0.0033191602474614834,-0.0043191602474614834,1,2016-10-17,0.009392061051578304,-0.013711221299039789,0.0037229928048247984,,,,0.0037229928048247984
NKE,5,0.01,2017-01-20,2017-01-27,46.1649284362793,46.15624237060547,hold_days,-0.00018815291105278575,-0.0011881529110527858,1,2017-01-19,0.012330881679748718,-0.013519034590801504,0.005101142906832612,,,,0.005101142906832612
NKE,5,0.01,2017-04-13,2017-04-21,48.171566009521484,48.615501403808594,hold_days,0.009215714394656738,0.008215714394656737,3,2017-04-10,0.007454155797603779,0.0007615585970529581,0.00036431887736143587,0.012203724497978019,0.0080143767061982,,0.012203724497978019
NKE,5,0.01,2017-10-13,2017-10-20,44.680606842041016,46.50359344482422,hold_days,0.040800399359569806,0.039800399359569805,1,2017-10-12,0.019128270941212833,0.020672128418356972,0.002951031358186862,,,,0.002951031358186862
NKE,5,0.01,2017-11-03,2017-11-10,48.82612991333008,49.1591796875,hold_days,0.006821138082438782,0.005821138082438782,3,2017-10-31,-0.0011792686667274621,0.0070004067491662445,0.0014547184357205367,0.0023639273519360238,0.013092940828205668,,0.013092940828205668
NKE,5,0.01,2018-01-17,2018-01-24,56.110984802246094,59.79543685913086,hold_days,0.06566364981598549,0.06466364981598549,1,2018-01-16,0.010529493275950319,0.05413415654003517,0.006149422905047608,,,,0.006149422905047608
NKE,5,0.01,2018-03-08,2018-03-15,57.427310943603516,58.5562744140625,hold_days,0.019658999383893816,0.018658999383893815,1,2018-03-07,0.004178500865223533,0.014480498518670282,0.014648490616663734,,,,0.014648490616663734
NKE,5,0.01,2018-08-16,2018-08-23,70.80168914794922,73.33128356933594,hold_days,0.03572788236874991,0.03472788236874991,1,2018-08-15,0.005135206420157079,0.029592675948592828,0.0060325403990602045,,,,0.0060325403990602045
NKE,5,0.01,2018-10-15,2018-10-22,66.4896469116211,66.40983581542969,hold_days,-0.0012003537377404117,-0.0022003537377404117,4,2018-10-11,0.0003898215180107023,-0.002590175255751114,0.018789492915469275,0.0064420887597718135,,,0.018789492915469275
NKE,5,0.01,2018-10-29,2018-11-05,64.00702667236328,68.74169921875,hold_days,0.073971137116279,0.072971137116279,3,2018-10-26,0.04138949290698646,0.03158164420929255,0.0016651977140216268,,,,0.0016651977140216268
NKE,5,0.01,2018-11-23,2018-11-30,63.38639450073242,66.8026123046875,hold_days,0.05389512735127422,0.05289512735127422,3,2018-11-20,0.05795882336040026,-0.00506369600912604,0.01757620204710575,0.005202547578658789,,,0.01757620204710575
NKE,5,0.01,2018-12-24,2019-01-02,60.559879302978516,65.8599624633789,hold_days,0.08751806016462327,0.08651806016462327,4,2018-12-20,0.07362386071589078,0.01289419944873249,0.07167202021072727,0.00844070118076945,,,0.07167202021072727
NKE,5,0.01,2019-02-22,2019-03-01,75.37523651123047,77.70893096923828,hold_days,0.030961023354933115,0.029961023354933114,1,2019-02-21,0.011549649244291249,0.018411374110641865,0.009648374090920342,,,,0.009648374090920342
NKE,5,0.01,2019-03-25,2019-04-01,73.40264892578125,75.98823547363281,hold_days,0.03522470354531615,0.03422470354531615,3,2019-03-22,0.02973617774477999,0.004488525800536158,0.0017031291223419398,,,,0.0017031291223419398
NKE,5,0.01,2019-04-10,2019-04-17,75.67615509033203,79.10868835449219,hold_days,0.04535818792673685,0.04435818792673685,1,2019-04-09,0.010672047652531935,0.03368614027420491,0.007119164163259084,,,,0.007119164163259084
NKE,5,0.01,2019-07-23,2019-07-30,77.51396179199219,77.96098327636719,hold_days,0.005766980219312989,0.004766980219312989,1,2019-07-22,0.0015088614142486634,0.003258118805064326,0.008491454150356237,,,,0.008491454150356237
NKE,5,0.01,2019-09-24,2019-10-01,78.14445495605469,82.71588134765625,hold_days,0.05849969001859878,0.05749969001859878,4,2019-09-20,-0.009449152042091291,0.06694884206069007,0.011652323306237333,0.00576837382801676,,,0.011652323306237333
NKE,5,0.01,2019-11-25,2019-11-27,83.2716293334961,84.38311004638672,resistance,0.013347651796739024,0.012347651796739023,4,2019-11-21,0.0044329218179919305,0.007914729978747093,0.012803619920534803,0.008029265100311322,,,0.012803619920534803
NKE,5,0.01,2020-05-04,2020-05-11,77.27703094482422,81.9451675415039,hold_days,0.060407815098547646,0.059407815098547645,3,2020-05-01,0.023831331988565685,0.03557648310998196,0.0024550553941296016,,,,0.0024550553941296016
NKE,5,0.01,2021-05-05,2021-05-12,120.19287872314453,121.26559448242188,hold_days,0.008924952714946421,0.00792495271494642,1,2021-05-04,-0.016616029916911135,0.024540982631857555,0.005017200655171861,,,,0.005017200655171861
NKE,5,0.01,2021-10-20,2021-10-27,144.5766143798828,148.13516235351562,hold_days,0.024613579373788275,0.023613579373788274,1,2021-10-19,-0.006565191697560868,0.030178771071349142,0.003991819271208952,,,,0.003991819271208952
NKE,5,0.01,2023-03-28,2023-04-04,109.2110824584961,114.60355377197266,hold_days,0.049376594317027234,0.04837659431702723,1,2023-03-27,0.030548246934245293,0.01782834738278194,0.0005091131889880529,,,,0.0005091131889880529
NKE,5,0.01,2023-07-10,2023-07-17,98.33185577392578,101.05555725097656,hold_days,0.02769907529572957,0.02669907529572957,3,2023-07-07,0.016170428009351312,0.010528647286378257,0.012636354929527416,,,,0.012636354929527416
NKE,5,0.01,2023-08-03,2023-08-10,100.99048614501953,101.35301971435547,hold_days,0.0035897794255128623,0.0025897794255128623,1,2023-08-02,0.0028283023104851424,-0.00023852288497228005,0.010510757754913058,,,,0.010510757754913058
NKE,5,0.01,2024-03-07,2024-03-14,92.21906280517578,94.16317749023438,hold_days,0.021081483870268425,0.020081483870268424,1,2024-03-06,0.007762114391466124,0.0123193694788023,0.005736038552223155,,,,0.005736038552223155
NKE,5,0.01,2024-05-24,2024-06-03,86.17066955566406,89.0060043334961,hold_days,0.032903710652967266,0.031903710652967265,1,2024-05-23,-0.0027091316406475663,0.03461284229361483,0.003829185818965186,,,,0.003829185818965186
NKE,5,0.01,2024-12-13,2024-12-20,73.53424835205078,73.23915100097656,hold_days,-0.004013060005202185,-0.005013060005202185,3,2024-12-10,-0.018189430007473972,0.013176370002271787,0.027495417587065862,0.015897813497099067,0.006645778174659167,,0.027495417587065862
NKE,5,0.01,2024-12-31,2025-01-08,72.03025817871094,67.86093139648438,hold_days,-0.0578829909491958,-0.0588829909491958,1,2024-12-30,0.0033482095556858216,-0.06223120050488162,0.013663681590330379,,,,0.013663681590330379
NKE,5,0.01,2025-07-18,2025-07-25,69.79408264160156,73.45377349853516,hold_days,0.05243554637327086,0.05143554637327086,3,2025-07-15,0.01488879293732781,0.03654675343594305,0.0015279298646628803,0.013751918990776213,0.006667540398256566,,0.013751918990776213
DIS,5,0.01,2015-08-07,2015-08-14,99.38838195800781,97.39788818359375,hold_days,-0.020027429113948725,-0.021027429113948726,1,2015-08-06,0.007606945830890055,-0.02863437494483878,0.007369857503200183,,,,0.007369857503200183
DIS,5,0.01,2016-05-23,2016-05-31,90.72270202636719,90.7593002319336,hold_days,0.00040340735834520913,-0.0005965926416547909,4,2016-05-19,0.02668212769522671,-0.0272787203368815,0.013921313086564968,0.007824382079428371,,,0.013921313086564968
DIS,5,0.01,2016-09-13,2016-09-20,85.41122436523438,85.6415786743164,hold_days,0.002697002774447954,0.001697002774447954,4,2016-09-09,0.005092472758791766,-0.003395469984343812,0.013200543632960082,0.0030295110555695892,,,0.013200543632960082
DIS,5,0.01,2017-05-19,2017-05-26,99.82945251464844,100.65579986572266,hold_days,0.008277590733585916,0.0072775907335859156,2,2017-05-17,0.017212843461166694,-0.009935252727580779,0.0034804773963750257,0.011381792579191474,,,0.011381792579191474
DIS,5,0.01,2017-10-13,2017-10-20,91.08734130859375,92.97681427001953,hold_days,0.020743529608844957,0.019743529608844956,1,2017-10-12,0.019128270941212833,0.0006152586676321237,0.004642527252790352,,,,0.004642527252790352
DIS,5,0.01,2018-03-27,2018-04-04,93.6870346069336,95.1862564086914,hold_days,0.01600244695595121,0.01500244695595121,4,2018-03-23,0.012624794534536132,0.0023776524214150774,0.021412574142508856,0.008321450961763954,,,0.021412574142508856
DIS,5,0.01,2018-06-04,2018-06-11,94.51678466796875,98.39212799072266,hold_days,0.04100164152184971,0.04000164152184971,3,2018-06-01,0.014532362761216167,0.02546927876063354,0.008856615694118108,,,,0.008856615694118108
DIS,5,0.01,2018-12-13,2018-12-20,108.61140441894531,102.49069213867188,hold_days,-0.05635423197976608,-0.05735423197976608,3,2018-12-10,-0.06964488888963738,0.0122906569098713,0.0009833501936473699,0.003128847998483675,0.013677682016447479,,0.013677682016447479
DIS,5,0.01,2019-05-30,2019-06-06,126.62870025634766,131.42755126953125,hold_days,0.03789702495144298,0.03689702495144298,1,2019-05-29,0.02135649065274081,0.015540534298702169,0.004788301905114034,,,,0.004788301905114034
DIS,5,0.01,2019-06-25,2019-07-02,134.0425262451172,136.52334594726562,hold_days,0.01850770626041376,0.017507706260413758,1,2019-06-24,0.020316444666182765,-0.002808738405769007,0.005171858244010119,,,,0.005171858244010119
DIS,5,0.01,2019-12-11,2019-12-18,142.24559020996094,141.8083038330078,hold_days,-0.00307416473373745,-0.00407416473373745,1,2019-12-10,0.017055114049256526,-0.021129278782993977,0.01019831176442021,,,,0.01019831176442021
DIS,5,0.01,2020-01-29,2020-02-05,131.91876220703125,137.067138671875,hold_days,0.03902687061878263,0.03802687061878263,2,2020-01-27,0.019724238916610792,0.018302631702171834,0.018175246816511947,0.001177381899632124,,,0.018175246816511947
DIS,5,0.01,2020-04-24,2020-05-01,98.110107421875,102.28890991210938,hold_days,0.04259298659480071,0.04159298659480071,3,2020-04-21,0.00019141915246101426,0.04140156744233969,0.0044758177718304815,0.004575294303000188,0.006465191862522257,,0.006465191862522257
DIS,5,0.01,2020-05-29,2020-06-05,113.7297592163086,121.02088165283203,hold_days,0.06410918731179294,0.06310918731179294,1,2020-05-28,0.06985767793221354,-0.0067484906204206,0.0047108245641456215,,,,0.0047108245641456215
DIS,5,0.01,2021-05-06,2021-05-13,176.2568817138672,172.91189575195312,hold_days,-0.01897790275981548,-0.01997790275981548,1,2021-05-05,-0.014452708885329235,-0.005525193874486245,0.001542566012738611,,,,0.001542566012738611
DIS,5,0.01,2021-06-21,2021-06-28,168.67491149902344,171.19578552246094,hold_days,0.014945162864081762,0.013945162864081762,3,2021-06-18,0.015209549030845926,-0.0012643861667641643,0.008989767875230203,,,,0.008989767875230203
DIS,5,0.01,2021-11-01,2021-11-08,165.0099639892578,171.48663330078125,hold_days,0.03925017104994377,0.03825017104994377,3,2021-10-29,0.014679080615956241,0.02357109043398753,0.006624451604297477,,,,0.006624451604297477
DIS,5,0.01,2023-06-26,2023-07-03,86.00025939941406,87.74546813964844,hold_days,0.020293063677041312,0.01929306367704131,3,2023-06-23,0.021136522111154132,-0.0018434584341128213,0.006810482623399672,,,,0.006810482623399672
DIS,5,0.01,2023-11-13,2023-11-20,86.71773529052734,92.13758850097656,hold_days,0.062499939514002234,0.06149993951400223,3,2023-11-10,0.030513559524857126,0.030986379989145107,0.013254909994393715,,,,0.013254909994393715
DIS,5,0.01,2024-02-23,2024-03-01,104.80117797851562,108.89634704589844,hold_days,0.03907560149965428,0.03807560149965428,1,2024-02-22,0.004299029472173643,0.033776572027480634,0.0009290463612350308,,,,0.0009290463612350308
DIS,5,0.01,2024-07-26,2024-08-02,87.88056945800781,87.52876281738281,hold_days,-0.004003235786872117,-0.005003235786872117,1,2024-07-25,-0.022014425864766096,0.01701119007789398,0.008071004324261777,,,,0.008071004324261777
DIS,5,0.01,2025-06-23,2025-06-30,115.57643127441406,122.23994445800781,hold_days,0.0576546023278095,0.0566546023278095,3,2025-06-20,0.026399788604688057,0.030254813723121443,0.00102019408070686,,,,0.00102019408070686
DIS,5,0.01,2025-07-16,2025-07-23,118.10974884033203,121.18521881103516,hold_days,0.02603908653519138,0.02503908653519138,1,2025-07-15,0.014630657524627999,0.01040842901056338,0.007060012677305272,,,,0.007060012677305272
GOOGL,5,0.01,2015-07-01,2015-07-09,26.908946990966797,26.975805282592773,hold_days,0.002484611963761374,0.001484611963761374,1,2015-06-30,-0.009996652721912413,0.011481264685673787,0.006036703126485188,,,,0.006036703126485188
GOOGL,5,0.01,2016-02-10,2016-02-18,35.00936508178711,35.53733825683594,hold_days,0.0150809126019682,0.014080912601968198,1,2016-02-09,0.038618060045435554,-0.024537147443467355,0.008316597630863898,,,,0.008316597630863898
GOOGL,5,0.01,2016-03-08,2016-03-15,35.34021759033203,37.17476272583008,hold_days,0.05191097453797,0.05091097453797,1,2016-03-07,0.020312552529010874,0.030598422008959125,0.0010243392957516306,,,,0.0010243392957516306
GOOGL,5,0.01,2016-06-10,2016-06-17,36.31395721435547,34.88058853149414,hold_days,-0.03947156390586637,-0.04047156390586637,4,2016-06-06,-0.013531257540187469,-0.0269403063656789,0.0014108258970371157,0.0176286245845354,0.017066952777474498,,0.0176286245845354
GOOGL,5,0.01,2017-03-27,2017-04-03,41.530311584472656,42.433712005615234,hold_days,0.02175279661230234,0.020752796612302338,3,2017-03-24,0.008878574238084802,0.011874222374217536,0.0040353527742726936,,,,0.0040353527742726936
GOOGL,5,0.01,2017-06-20,2017-06-27,47.9928092956543,46.957664489746094,hold_days,-0.021568747924950782,-0.022568747924950783,4,2017-06-16,-0.010656636279819498,-0.011912111645131285,0.017316509817948855,0.010817515892964202,,,0.017316509817948855
GOOGL,5,0.01,2017-10-24,2017-10-31,48.958621978759766,51.16513442993164,hold_days,0.045068924777522223,0.04406892477752222,1,2017-10-23,-0.0002594052278944714,0.044328330005416694,0.002993144136926862,,,,0.002993144136926862
GOOGL,5,0.01,2017-12-05,2017-12-12,50.49946594238281,51.9442138671875,hold_days,0.02860917235150695,0.02760917235150695,1,2017-12-04,0.014156686518914885,0.013452485832592065,0.007639579487074055,,,,0.007639579487074055
GOOGL,5,0.01,2018-09-18,2018-09-25,57.80543899536133,59.13181686401367,hold_days,0.022945554807719315,0.021945554807719314,1,2018-09-17,0.010631735524938568,0.011313819282780746,0.0062767164697865585,,,,0.0062767164697865585
GOOGL,5,0.01,2019-03-29,2019-04-05,58.289833068847656,60.00154495239258,hold_days,0.0293655307182501,0.028365530718250098,1,2019-03-28,0.02030097436006062,0.008064556358189479,0.003941106459807608,,,,0.003941106459807608
GOOGL,5,0.01,2019-07-22,2019-07-29,56.423587799072266,61.5067253112793,hold_days,0.09008887436063762,0.08908887436063762,3,2019-07-19,0.012171248562803827,0.07691762579783379,0.006769354460614885,,,,0.006769354460614885
GOOGL,5,0.01,2020-06-12,2020-06-19,69.98009490966797,70.5605697631836,hold_days,0.008294856619799118,0.007294856619799118,1,2020-06-11,0.012119966575613317,-0.004825109955814199,0.007860768797252948,,,,0.007860768797252948
GOOGL,5,0.01,2020-08-05,2020-08-12,73.25741577148438,74.65164184570312,hold_days,0.019031876289054894,0.018031876289054893,1,2020-08-04,0.027830358642495723,-0.00979848235344083,0.003930092059026835,,,,0.003930092059026835
GOOGL,5,0.01,2020-09-10,2020-09-17,75.5832748413086,73.65115356445312,hold_days,-0.02556281506605884,-0.026562815066058842,2,2020-09-08,0.01064855017369104,-0.03721136523974988,0.015509234404879058,0.001608036278835101,,,0.015509234404879058
GOOGL,5,0.01,2021-08-20,2021-08-27,136.1340789794922,142.64663696289062,hold_days,0.04783929220529348,0.04683929220529348,2,2021-08-18,0.01914602720836256,0.027693264996930922,0.0017054254044699402,0.014621555003153652,,,0.014621555003153652
GOOGL,5,0.01,2021-09-21,2021-09-28,137.7224578857422,134.54965209960938,hold_days,-0.02303767907457077,-0.024037679074570772,1,2021-09-20,0.01165914221224873,-0.0356968212868195,0.00225974798091233,,,,0.00225974798091233
GOOGL,5,0.01,2022-01-10,2022-01-18,137.36241149902344,134.71607971191406,hold_days,-0.019265327087885198,-0.0202653270878852,3,2022-01-07,-0.011388903254679339,-0.00887642383320586,0.012060498447088674,,,,0.012060498447088674
GOOGL,5,0.01,2022-04-01,2022-04-08,138.82945251464844,132.03114318847656,hold_days,-0.048968782942182654,-0.049968782942182655,1,2022-03-31,-0.003031553931104547,-0.04693722901107811,0.007787531730375941,,,,0.007787531730375941
GOOGL,5,0.01,2022-05-11,2022-05-18,112.53169250488281,110.84473419189453,hold_days,-0.014990961883160847,-0.015990961883160848,2,2022-05-09,0.005898963893639753,-0.0218899257768006,0.016745029927363264,0.009701372586978785,,,0.016745029927363264
GOOGL,5,0.01,2022-09-01,2022-09-09,108.70559692382812,109.60700225830078,hold_days,0.008292170412387279,0.007292170412387279,1,2022-08-31,0.021120030459844674,-0.013827860047457396,0.014045425815511381,,,,0.014045425815511381
GOOGL,5,0.01,2023-02-27,2023-03-06,89.02288818359375,94.2332992553711,hold_days,0.05852889271612716,0.057528892716127156,3,2023-02-24,0.019644318761483426,0.03788457395464373,0.008302651662021043,,,,0.008302651662021043
GOOGL,5,0.01,2023-06-01,2023-06-02,122.5538101196289,123.49485778808594,resistance,0.007678648811803024,0.006678648811803024,1,2023-05-31,0.021733807676012296,-0.015055158864209273,0.006917815462195165,,,,0.006917815462195165
GOOGL,5,0.01,2023-08-21,2023-08-28,127.15997314453125,129.7751007080078,hold_days,0.02056565048581893,0.01956565048581893,3,2023-08-18,0.004449994803249924,0.015115655682569007,0.007139420587224832,,,,0.007139420587224832
GOOGL,5,0.01,2023-12-06,2023-12-13,128.79444885253906,131.3203887939453,hold_days,0.019612180213592012,0.01861218021359201,2,2023-12-04,0.02994552833489772,-0.011333348121305709,0.013305316120717059,0.005801846142700073,,,0.013305316120717059
GOOGL,5,0.01,2024-02-01,2024-02-08,139.82943725585938,144.53465270996094,hold_days,0.03364967739584035,0.03264967739584035,1,2024-01-31,0.0030980810156495675,0.02955159638019078,0.007565984526306524,,,,0.007565984526306524
GOOGL,5,0.01,2024-05-31,2024-06-07,170.87399291992188,172.81553649902344,hold_days,0.01136242880454863,0.010362428804548629,1,2024-05-30,0.00585760878712871,0.004504820017419919,0.002265802757019042,,,,0.002265802757019042
GOOGL,5,0.01,2024-10-10,2024-10-17,160.94981384277344,161.79385375976562,hold_days,0.005244118628286776,0.004244118628286776,1,2024-10-09,0.0141455786171798,-0.009901459988893024,0.0013593529635584911,,,,0.0013593529635584911
GOOGL,5,0.01,2025-06-24,2025-07-01,166.18878173828125,175.2271728515625,hold_days,0.05438628900664999,0.05338628900664999,1,2025-06-23,0.02957349357113248,0.02381279543551751,0.00956474328064405,,,,0.00956474328064405
GOOGL,5,0.01,2026-08-21,2026-08-28,344.5985107421875,346.36737060546875,hold_days,0.0051331036209980585,0.0041331036209980585,1,2026-08-20,-0.0038069213475112607,0.007940024968509318,0.012181890414259655,,,,0.012181890414259655
GOOGL,5,0.01,2026-09-10,2026-09-17,332.6000061035156,347.3299865722656,hold_days,0.0442873728155182,0.0432873728155182,1,2026-09-09,0.0007573903351121292,0.04252998248040607,0.0058975116982513676,,,,0.0058975116982513676
