stock,hold_days,near_pct,entry_date,exit_date,entry_price,exit_price,exit_reason,ret,ret_net,support_age_days,support_birth_date,bench_ret,excess_ret,market_dist_from_low_20d,market_dist_from_low_60d,market_dist_from_low_120d,market_vol_5d,market_vol_10d,market_vol_20d,market_vol_ratio_5_60
MMM,5,0.01,2015-09-28,2015-10-05,81.50672149658203,86.1834487915039,hold_days,0.05737842485932876,0.05637842485932876,4,2015-09-24,0.056745919565110325,-0.00036749470578156807,-0.013395812586394735,0.014650568338864292,,0.005417054688446533,0.009437203315366776,0.013133704047898272,0.409793438246418
MMM,5,0.01,2015-11-17,2015-11-19,92.49169158935547,93.89974975585938,resistance,0.015223617844026593,0.014223617844026593,4,2015-11-13,0.01644222929325978,-0.0022186114492331876,0.03089058822078495,0.12874046084133509,0.12874046084133509,0.014066581064955596,0.009349981799940088,0.00961562466022414,1.1299092661878056
MMM,5,0.01,2015-12-16,2015-12-23,88.90182495117188,89.61920928955078,hold_days,0.008069399461404947,0.007069399461404947,1,2015-12-15,-0.004580735082821863,0.011650134544226809,0.0345075367715585,0.13203711520707126,0.14862210232554326,0.01359550628120384,0.012795822324334828,0.010000908803170632,1.4106382802284985
MMM,5,0.01,2016-05-23,2016-05-24,99.85472106933594,101.36962890625,resistance,0.01517111880831501,0.014171118808315009,3,2016-05-20,0.014573567832318668,-0.00040244902400365934,0.0051100921911030415,0.08584777020200977,0.15087240217915446,0.007015438592025287,0.008944878514700752,0.007456885509108176,0.9554232084588186
MMM,5,0.01,2016-06-14,2016-06-21,100.75648498535156,103.01673126220703,hold_days,0.022432762290031105,0.021432762290031104,1,2016-06-13,0.006495261751936043,0.014937500538095061,0.02104901552210182,0.03757673906137359,0.1691228079054639,0.00588187031443741,0.005205271091684852,0.006189028791626865,0.8993254264153507
MMM,5,0.01,2017-01-11,2017-01-19,108.2923355102539,108.77330017089844,hold_days,0.0044413545832058254,0.0034413545832058254,1,2017-01-10,-0.006874514225985062,0.010315868809190887,0.020204756402004295,0.11548805604498115,0.11548805604498115,0.0036372948526992594,0.005035763196389627,0.004477698010231606,0.6811880692452668
MMM,5,0.01,2017-07-27,2017-08-03,123.30767059326172,127.9736328125,hold_days,0.03783999970796015,0.03683999970796015,1,2017-07-26,0.0008095273641566259,0.03603047234380352,0.026444379037947476,0.05764992172872199,0.10825439740155998,0.0024000419962086203,0.0024139071897093215,0.0038769833666340227,0.5468251209471596
MMM,5,0.01,2018-03-20,2018-03-27,145.68360900878906,135.29232788085938,hold_days,-0.07132772999399528,-0.07232772999399528,1,2018-03-19,-0.03895282688603785,-0.03337490310795743,0.018092711709882223,0.06434915839894134,0.14866728825677855,0.007559892305116789,0.009328664485512051,0.010403528748148897,0.6448151505968573
MMM,5,0.01,2018-04-09,2018-04-16,133.3746337890625,136.43930053710938,hold_days,0.022977883132513588,0.021977883132513587,3,2018-04-06,0.027322585889070217,-0.00534470275655663,0.015522450329051014,0.025259901876202515,0.07691135661836813,0.01771267054674372,0.01840459946030833,0.015025698193430512,1.2462857085731496
MMM,5,0.01,2018-06-28,2018-07-06,123.66046142578125,124.60065460205078,hold_days,0.007603021737338622,0.006603021737338622,1,2018-06-27,0.014325157789948806,-0.007722136052610184,0.008489669312667704,0.03168241769479139,0.05233054269903007,0.006466679700931839,0.004690325661103563,0.005698723166359511,0.8288121871144154
MMM,5,0.01,2018-07-24,2018-07-31,126.63250732421875,133.97755432128906,hold_days,0.058002855287897725,0.057002855287897725,1,2018-07-23,0.008094390343660107,0.04890846494423762,0.05555948890152975,0.07228359188795581,0.10144657263957638,0.00197469505180342,0.005252064345264901,0.005521315980522008,0.31442231079822347
MMM,5,0.01,2018-10-01,2018-10-08,134.79302978515625,136.17788696289062,hold_days,0.010273952443547563,0.009273952443547562,4,2018-09-27,-0.010285944857322038,0.0195598973008696,0.032005517570402174,0.09266562319627886,0.13543656797023107,0.00237718965992399,0.0034902852939854424,0.0031852014140392893,0.5098172314013879
MMM,5,0.01,2019-01-16,2019-01-24,121.18854522705078,123.13285064697266,hold_days,0.01604364023249194,0.01504364023249194,1,2019-01-15,0.012371332228229726,0.002672308004262214,0.11689459245376119,0.11689459245376119,0.11689459245376119,0.007098311101989562,0.016051448910255863,0.019073212256940794,0.45187059925915857
MMM,5,0.01,2019-04-11,2019-04-18,137.51478576660156,140.96018981933594,hold_days,0.02505478980698217,0.02405478980698217,2,2019-04-09,0.011146644657555882,0.012908145149426287,0.034162334707119595,0.11715096045758432,0.24353109589041047,0.0052210775436076174,0.005814952594720221,0.007184373902436224,0.7695032003158987
MMM,5,0.01,2019-08-13,2019-08-20,107.09236145019531,105.53565979003906,hold_days,-0.014536066242971213,-0.015536066242971214,1,2019-08-12,-0.012081227400391858,-0.0034548388425793553,0.025793541825819766,0.06935843028876057,0.06952854417930404,0.012911716329874446,0.013940946679901157,0.010353400098336999,1.5699256628907772
MMM,5,0.01,2019-10-10,2019-10-17,99.83317565917969,107.1939926147461,hold_days,0.07373117109582372,0.07273117109582372,2,2019-10-08,0.019808028614852535,0.052923142480971186,0.019348524664147177,0.04538877435895063,0.08366798550569218,0.013426008870382667,0.012151184078017088,0.008568775862460765,1.262265291605396
MMM,5,0.01,2021-03-01,2021-03-08,121.97050476074219,127.05921936035156,hold_days,0.041720862019808846,0.040720862019808846,3,2021-02-26,0.0030511949987865883,0.03766966702102226,0.08193003859050561,0.10678747678831327,0.2805237130943294,0.014531795299779523,0.009403768387139381,0.008314657028432424,1.764230845612527
MMM,5,0.01,2021-08-04,2021-08-11,137.57794189453125,140.39178466796875,hold_days,0.020452717453751657,0.019452717453751656,2,2021-08-02,0.021068529430469995,-0.0016158119767183399,0.03276778731511718,0.052587643021516084,0.1594022492338132,0.007204289304687602,0.005219377587321519,0.008222784398299314,0.9642658239168557
MMM,5,0.01,2022-10-10,2022-10-17,79.06550598144531,83.00201416015625,hold_days,0.049787933813194574,0.04878793381319457,3,2022-10-07,0.02547274791907772,0.023315185894116852,0.028586935327233817,0.028586935327233817,0.028586935327233817,0.02236204467083512,0.021339636535205216,0.01829535341304669,1.5700906443732068
MMM,5,0.01,2022-11-21,2022-11-29,94.12954711914062,93.02326965332031,hold_days,-0.011752712083274885,-0.012752712083274886,3,2022-11-18,0.002843089458709036,-0.015595801541983922,0.0699109506536454,0.17634166227779208,0.17634166227779208,0.005689436801914455,0.018233186563225916,0.015136043891527291,0.3586958623831492
MMM,5,0.01,2023-07-07,2023-07-14,73.80840301513672,77.60919952392578,hold_days,0.051495444333209406,0.050495444333209405,1,2023-07-06,0.01875258913231881,0.031742855200890596,0.00854084304186019,0.04888965031089057,0.07588968960913141,0.008471071692666797,0.0067455134131739255,0.0063936849864094,1.1039886804981272
MMM,5,0.01,2023-09-15,2023-09-22,77.81505584716797,74.71971130371094,hold_days,-0.03977822170476131,-0.04077822170476131,2,2023-09-13,-0.027211352687753543,-0.013566869017007765,0.02228264139851792,0.0437470838879053,0.09766593617802721,0.005245985726090109,0.005580157714699976,0.006139184491309674,0.90245509956818
MMM,5,0.01,2023-11-10,2023-11-17,71.46267700195312,74.56596374511719,hold_days,0.0434252797873671,0.0424252797873671,1,2023-11-09,0.023739127536434923,0.018686152250932175,0.05822401537612711,0.05822401537612711,0.05822401537612711,0.0027075685005822268,0.00844844555566434,0.009113881476180065,0.364077266321348
MMM,5,0.01,2024-02-16,2024-02-26,72.55255126953125,73.00575256347656,hold_days,0.006246524567574241,0.005246524567574241,2,2024-02-14,0.007750633239300475,-0.002504108671726234,0.02658340383436929,0.09132728279478527,0.18847164057328797,0.009740139128397024,0.0066920149821557825,0.007127637216455773,1.6290845829747311
MMM,5,0.01,2024-03-06,2024-03-13,73.56230926513672,82.74569702148438,hold_days,0.12483822011688694,0.12383822011688694,2,2024-03-04,0.01503414882531584,0.1088040712915711,0.021661964878361528,0.08062885242412393,0.20380176187416219,0.004286814339595838,0.004406796246526199,0.005297247823055915,0.710073194821968
MMM,5,0.01,2024-08-09,2024-08-16,118.89771270751953,121.65541076660156,hold_days,0.02319386972452353,0.02219386972452353,2,2024-08-07,0.029319321840849843,-0.007125452116326314,0.023099583764331487,0.03531094899554336,0.0757476170694695,0.018050337850728657,0.012978965827356406,0.010617482270844372,2.5154135049143784
MMM,5,0.01,2025-05-07,2025-05-14,134.8406524658203,143.8274383544922,hold_days,0.06664745182058396,0.06564745182058396,1,2025-05-06,0.028347932230142314,0.03729951959044164,0.11604006491126047,0.11604006491126047,0.11604006491126047,0.00929022180979198,0.007216524509235245,0.02168589425715672,0.5383020899673423
MMM,5,0.01,2025-06-04,2025-06-11,143.486083984375,143.8477020263672,hold_days,0.002520230756535069,0.001520230756535069,2,2025-06-02,0.019454829044485367,-0.0179345982879503,0.04804535847056898,0.16443080073432947,0.16443080073432947,0.0016306055615710555,0.008885283055375642,0.009566113237162624,0.09292250731991215
MMM,5,0.01,2026-06-18,2026-06-26,159.9000244140625,163.29515075683594,hold_days,0.02123280690678153,0.02023280690678153,1,2026-06-17,0.014094070219402344,0.006138736687379187,0.004154175629411827,0.06709677476755639,0.0722074428041143,0.00792202892064432,0.007805350675514165,0.0066277510321672796,1.134102156472012
MMM,5,0.01,2026-07-09,2026-07-16,154.66294860839844,161.06492614746094,hold_days,0.041393091213281386,0.040393091213281385,1,2026-07-08,0.011278930997386638,0.029114160215894747,0.023570235972846118,0.054775684572422434,0.09224849755469072,0.00982843753694057,0.006454048297937014,0.00673746877649657,1.6482728669432878
ABT,5,0.01,2015-09-11,2015-09-18,35.0971565246582,35.03250503540039,hold_days,-0.0018420719984079126,-0.0028420719984079126,1,2015-09-10,0.0019341178412246585,-0.004776189839632571,0.05024059504659341,0.05024059504659341,,0.019368069108173118,0.017207064907419252,0.020846487900775604,1.4665143294629703
ABT,5,0.01,2016-01-15,2016-01-25,33.175148010253906,32.45500946044922,hold_days,-0.021707169161147455,-0.022707169161147456,2,2016-01-13,-0.008456965708771746,-0.01425020345237571,-0.005112740532157393,-0.005112740532157393,0.040632351528708414,0.01769074154568278,0.014418730634336107,0.012984631743613546,1.6065596207537545
ABT,5,0.01,2016-03-03,2016-03-10,31.767621994018555,31.939470291137695,hold_days,0.005409542368374209,0.004409542368374209,3,2016-02-29,-0.00042831602037995964,0.004837858388754169,0.09612351357059677,0.09612351357059677,0.09612351357059677,0.01421233206400011,0.01159790297328101,0.012574257631687525,1.0816465438562917
ABT,5,0.01,2016-03-16,2016-03-23,32.88054275512695,33.37153625488281,hold_days,0.01493264583290066,0.013932645832900659,1,2016-03-15,0.00626404123681179,0.007668604596088868,0.06519467940053023,0.11976774286264533,0.11976774286264533,0.00788356223586747,0.006755187836046478,0.009136557897054275,0.6261985493171561
ABT,5,0.01,2016-06-28,2016-07-06,30.924280166625977,33.61656951904297,hold_days,0.08706069592923171,0.08606069592923171,1,2016-06-27,0.047137050005715775,0.03892364592351594,0.01823191015144979,0.01823191015144979,0.1456676141504222,0.021607831250524595,0.015023908534708311,0.0107305896051654,2.5242535105984234
ABT,5,0.01,2016-09-14,2016-09-21,33.80707931518555,34.72660827636719,hold_days,0.027199302034015327,0.026199302034015326,1,2016-09-13,0.01821719735896088,0.007982104675054447,-0.001550152002748956,0.09137962432363785,0.09137962432363785,0.01592961003055347,0.010537880450881363,0.007426724046014273,1.8042564599545625
ABT,5,0.01,2017-02-09,2017-02-16,35.69331741333008,37.08613204956055,hold_days,0.03902171995115,0.03802171995115,1,2017-02-08,0.02111852922407298,0.016903190727077022,0.026554898214282825,0.0916160901547966,0.1372376547182054,0.0044667685119015345,0.004121364291902334,0.004085438332772027,1.0250852799153676
ABT,5,0.01,2017-03-08,2017-03-15,38.05944061279297,38.025875091552734,hold_days,-0.000881923662034878,-0.001881923662034878,1,2017-03-07,0.008418972580483297,-0.010300896242518176,0.04028803958455643,0.08014255119312987,0.17605734789215768,0.0024758967248590526,0.005634139895830984,0.004385070801972848,0.5701482217927945
ABT,5,0.01,2017-05-19,2017-05-26,36.43502426147461,37.74351501464844,hold_days,0.03591299250368252,0.034912992503682516,1,2017-05-18,0.017212806606254905,0.01770018589742761,0.023124309577539318,0.030750867262822966,0.1268910071114229,0.011351845863490048,0.007130370587918192,0.0060183455347135135,2.2419655981308146
ABT,5,0.01,2017-07-07,2017-07-14,40.89232635498047,41.51758575439453,resistance,0.01529038465521082,0.01429038465521082,1,2017-07-06,0.0116779355137,0.0026124491415108198,0.008401634649216979,0.060183792119998615,0.10855669062016073,0.0057586505760425935,0.0061455574041095395,0.004786254488165152,1.1382820682613126
ABT,5,0.01,2017-08-11,2017-08-18,41.203529357910156,41.373287200927734,hold_days,0.004119983061232402,0.0031199830612324017,1,2017-08-10,-0.008828206296034868,0.01194818935726727,0.0008176883836164243,0.048754829558765124,0.07045532987493408,0.0066209934996911595,0.004826593482905588,0.0036390740126182822,1.6863005864314045
ABT,5,0.01,2017-11-02,2017-11-09,46.37810134887695,47.29935836791992,hold_days,0.0198640520471689,0.0188640520471689,1,2017-11-01,0.003437660490354544,0.015426391556814356,0.02815660956522297,0.10127421734709455,0.14477037022377873,0.005414739162196239,0.005003194454284138,0.0036611436270049817,1.1675274601227152
ABT,5,0.01,2018-06-28,2018-07-06,52.766578674316406,53.53306198120117,hold_days,0.014525923911338223,0.013525923911338222,1,2018-06-27,0.014325157789948806,-0.0007992338786105835,0.008489669312667704,0.03168241769479139,0.05233054269903007,0.006466679700931839,0.004690325661103563,0.005698723166359511,0.8288121871144154
ABT,5,0.01,2018-08-14,2018-08-21,55.04537582397461,56.014278411865234,hold_days,0.01760188886690517,0.016601888866905168,1,2018-08-13,0.011654464496029027,0.004947424370876141,0.019798525410931026,0.06542329940311643,0.10118038850962624,0.0020999335385600364,0.004432694074512863,0.004731783011076125,0.34724813256630255
ABT,5,0.01,2018-09-07,2018-09-14,57.277286529541016,59.189125061035156,hold_days,0.0333786505495175,0.032378650549517496,1,2018-09-06,0.014068817821764723,0.018309832727752773,0.02386178793249228,0.08306347873326607,0.11941259681503515,0.0014735325954777225,0.004572183243097949,0.005065038524978329,0.2742362958225527
ABT,5,0.01,2018-10-26,2018-11-02,58.190330505371094,60.969993591308594,hold_days,0.04776847049667343,0.04676847049667343,2,2018-10-24,0.024792653693171074,0.021975816803502357,0.0020718498882542156,0.0020718498882542156,0.01564932677204015,0.01927968455756035,0.015428406072726627,0.013947363111515877,2.1859054765474712
ABT,5,0.01,2018-11-26,2018-12-03,59.771270751953125,64.5140609741211,hold_days,0.07934899429945608,0.07834899429945608,3,2018-11-23,0.05396120260513193,0.024387791694324146,0.01943603567386458,0.01943603567386458,0.026541366671508297,0.008768803825737427,0.010676789222621474,0.011640865691701694,0.8242143255762149
ABT,5,0.01,2019-05-31,2019-06-07,66.70824432373047,70.74773406982422,hold_days,0.06055458042772632,0.05955458042772632,2,2019-05-29,0.044383342467897435,0.015171237959828887,-0.011315029402046478,-0.00031819542429221476,0.18412749895529584,0.005684621533727585,0.00616480305348027,0.00925458501571829,0.7608491440945302
ABT,5,0.01,2019-11-25,2019-12-03,74.60880279541016,74.49400329589844,hold_days,-0.0015386857208594673,-0.0025386857208594673,4,2019-11-21,-0.015293196735671977,0.012754511014812508,0.04114722940093363,0.09565203918517937,0.12419811222877732,0.0028333062599675686,0.004380435543150351,0.004411567358317154,0.4294329889862879
ABT,5,0.01,2020-01-14,2020-01-22,76.03418731689453,81.46141052246094,hold_days,0.07137872313867022,0.07037872313867022,1,2020-01-13,0.007994646904710523,0.062384076233959695,0.03558042760548936,0.10955412537872913,0.17829085433837547,0.005547503015389694,0.005931512486348283,0.004754359480043134,1.1483574374749752
ABT,5,0.01,2020-02-07,2020-02-14,77.92306518554688,79.51045227050781,hold_days,0.020371209489528308,0.019371209489528307,4,2020-02-03,0.012079559655256755,0.007291649834271552,0.028849401305783527,0.07038560237689181,0.1802013187890992,0.005230553675718827,0.011216475199830376,0.008326024706333594,0.8373358691719162
ABT,5,0.01,2020-08-14,2020-08-21,89.39017486572266,91.54470825195312,hold_days,0.024102574913483554,0.023102574913483553,3,2020-08-11,-0.0048967163008759584,0.027999291214359512,0.042024991947992967,0.14611852493997468,0.5260287392135709,0.008496622351945357,0.005908287872544528,0.006791836837477197,0.5722626183580776
ABT,5,0.01,2020-10-19,2020-10-26,96.90873718261719,97.76981353759766,hold_days,0.008885435720391577,0.007885435720391576,4,2020-10-15,-0.009937811491713022,0.017823247212104598,0.04973710742529806,0.04973710742529806,0.21086507310018643,0.004999551410042631,0.009793389835317546,0.010396523948297261,0.5054498253502834
ABT,5,0.01,2021-07-01,2021-07-06,105.8998794555664,107.40032196044922,resistance,0.014168500593169986,0.013168500593169985,1,2021-06-30,-0.0023699209667752408,0.015538421559945226,0.042238715393395625,0.05323236636552629,0.21544525525325142,0.004378103631593285,0.008677457125440153,0.006710054477987661,0.6381395067673206
ABT,5,0.01,2021-07-16,2021-07-23,106.62059020996094,109.6057357788086,hold_days,0.027997833842123843,0.026997833842123842,1,2021-07-15,0.017076198210935756,0.009921635631188086,0.03723039087552393,0.04305005635623383,0.20960461223921986,0.003008839461799574,0.00603604510215031,0.0071651847062402805,0.43994051069945384
ABT,5,0.01,2021-11-24,2021-12-02,113.9181900024414,116.93305206298828,hold_days,0.026465150653133263,0.02546515065313326,1,2021-11-23,-0.028367675359709965,0.05383282601284323,0.02222351619682465,0.07047008622220813,0.10767749758681068,0.0061561493641486414,0.00460745372180519,0.004013517804642677,0.8914992460495162
ABT,5,0.01,2022-04-01,2022-04-08,108.38783264160156,112.65643310546875,hold_days,0.039382653567599846,0.038382653567599845,1,2022-03-31,-0.0030315482645569825,0.04141420183215683,0.06668302848392915,0.06668302848392915,0.0772250701057952,0.008369617995703746,0.008697418683131551,0.010788344209429146,0.8122561854093702
ABT,5,0.01,2023-04-27,2023-05-04,102.37834930419922,103.64990234375,hold_days,0.012420136173250773,0.011420136173250772,1,2023-04-26,-0.02607365002705364,0.03749378620030441,0.018801346635030712,0.05320237431932548,0.07942509115448874,0.00874526786748955,0.006345582014509973,0.006836705155544208,0.9645659343578559
ABT,5,0.01,2023-09-08,2023-09-15,94.63040161132812,95.5792465209961,hold_days,0.010026850710886048,0.009026850710886047,1,2023-09-07,0.005671741786066331,0.0033551089248197163,0.016517218215708094,0.03786060651780622,0.10555395156377008,0.00507050980179507,0.006329427689927855,0.0064696665244180955,0.839170225905808
ABT,5,0.01,2023-09-29,2023-10-06,90.9853515625,91.01353454589844,hold_days,0.00030975297577517935,-0.0006902470242248207,2,2023-09-27,-0.00786015628907788,0.007169909264853059,0.0017004549936491119,0.0017004549936491119,0.04745618200561314,0.007726858149511042,0.006809889223616581,0.006530342967204837,1.2478609075072482
ABT,5,0.01,2023-10-13,2023-10-20,85.84004211425781,91.42289733886719,hold_days,0.06503789009304417,0.06403789009304417,1,2023-10-12,-0.011258659058380971,0.07529654915142514,0.01766541836587159,0.01766541836587159,0.04886303451479849,0.007764446998639845,0.007203037496727584,0.006926461177756123,1.220992081903247
ABT,5,0.01,2024-10-04,2024-10-11,108.01932525634766,111.3565673828125,hold_days,0.03089486180870904,0.02989486180870904,1,2024-10-03,0.00584924941806686,0.02404561239064218,0.046687468469536635,0.09055970641971654,0.13283498558520418,0.0030814130877667447,0.004886845630146571,0.005316779705494664,0.3860746836481011
ABT,5,0.01,2025-04-29,2025-05-06,126.98181915283203,129.47279357910156,hold_days,0.019616780125597755,0.018616780125597754,4,2025-04-25,0.003754868859041194,0.01486191126655656,0.10689376404209558,0.10689376404209558,0.10689376404209558,0.00570208777698323,0.013349531062484054,0.028383119931174303,0.3319883379776793
ABT,5,0.01,2025-10-06,2025-10-13,130.71861267089844,128.41192626953125,hold_days,-0.017646197081165327,-0.018646197081165328,4,2025-10-02,-0.0173774001394299,-0.0012687969417354283,0.028816557727966798,0.07171677444097217,0.24444726471150965,0.0027808789141602853,0.0037706827766003062,0.004160385235204459,0.5347313774624785
ABT,5,0.01,2025-10-17,2025-10-24,126.19474792480469,124.53559112548828,hold_days,-0.013147589948078076,-0.014147589948078076,1,2025-10-16,0.021156389192017677,-0.035303979140095754,0.020254690673848403,0.06397160339270909,0.16984375073970073,0.0071246245152872135,0.008179133940754972,0.006164242710390278,1.2355379742855928
ABT,5,0.01,2026-03-10,2026-03-17,109.082763671875,109.24063873291016,hold_days,0.0014472961237950166,0.0004472961237950166,4,2026-03-06,-0.0047908009378233585,0.005238097061618375,0.00042616810961958873,0.048360964839879825,0.12355800313316527,0.00743086719135738,0.005257942212249717,0.00584702458022822,1.1469938736828587
ABT,5,0.01,2026-08-05,2026-08-11,105.70999908447266,109.72000122070312,resistance,0.0379339908330345,0.0369339908330345,1,2026-08-04,0.004990771182474374,0.03194321965056013,0.0510722479256608,0.09354862191968964,0.14246577441230365,0.003659483141485858,0.007642522383971368,0.007128454951115695,0.5785913490817891
ABBV,5,0.01,2015-11-17,2015-11-24,38.91839599609375,39.40182113647461,hold_days,0.012421507310562907,0.011421507310562906,4,2015-11-13,0.020828455710694804,-0.009406948400131898,0.03089058822078495,0.12874046084133509,0.12874046084133509,0.014066581064955596,0.009349981799940088,0.00961562466022414,1.1299092661878056
ABBV,5,0.01,2016-05-20,2016-05-27,39.25130844116211,41.237220764160156,hold_days,0.050594805673164656,0.049594805673164655,1,2016-05-19,0.027129553501311632,0.022465252171853023,0.006500406178954223,0.08734976421770795,0.15246434122286007,0.008378833231516529,0.008641094304609373,0.007244966413333526,1.144759536869392
ABBV,5,0.01,2016-07-20,2016-07-27,42.06357955932617,43.0519905090332,hold_days,0.023498022756550885,0.022498022756550884,1,2016-07-19,-0.006193046321333773,0.028691069077884657,0.11050324770286601,0.11050324770286601,0.24948707030091336,0.002908913826746629,0.005212284609578917,0.012888232640161297,0.3218569824244231
ABBV,5,0.01,2016-08-05,2016-08-12,44.139896392822266,44.57107925415039,hold_days,0.009768551731313968,0.008768551731313967,1,2016-08-04,0.003226346181685935,0.005542205549628032,0.03113387543686757,0.11794144305381778,0.21171960229008854,0.0035951800630061683,0.0027368503427664544,0.003474932006363197,0.4239235865898781
ABBV,5,0.01,2017-01-12,2017-01-20,41.43938064575195,41.351478576660156,hold_days,-0.002121220629314746,-0.0031212206293147462,1,2017-01-11,0.0016130688348252598,-0.004734289464140006,0.016601730403735547,0.11154852092571473,0.11154852092571473,0.003915808240030163,0.004209209659555869,0.004323513437575035,0.7371576950863437
ABBV,5,0.01,2017-02-13,2017-02-16,40.91868591308594,41.57463073730469,resistance,0.016030446960394018,0.015030446960394017,3,2017-02-10,0.010473208846309312,0.004557238114084705,0.03736963895276349,0.09621114258734284,0.14921843666684687,0.0028004586575153733,0.0034072697006122653,0.004172408566279164,0.6447065639724101
ABBV,5,0.01,2017-08-18,2017-08-24,48.20920181274414,49.69075393676758,resistance,0.030731728971123307,0.029731728971123306,1,2017-08-17,0.00603973988971096,0.023691989081412346,-0.00480594506718338,0.017361923240271627,0.06100512939210806,0.010210851242223144,0.007594654950611591,0.005426415230827471,2.325097245417659
ABBV,5,0.01,2018-06-28,2018-07-06,65.2667236328125,68.43721771240234,hold_days,0.04857749712436754,0.04757749712436754,1,2018-06-27,0.014325157789948806,0.033252339334418735,0.008489669312667704,0.03168241769479139,0.05233054269903007,0.006466679700931839,0.004690325661103563,0.005698723166359511,0.8288121871144154
ABBV,5,0.01,2018-11-26,2018-12-03,62.17583465576172,67.52540588378906,hold_days,0.08603939549256401,0.08503939549256401,3,2018-11-23,0.05396120260513193,0.031078192887432077,0.01943603567386458,0.01943603567386458,0.026541366671508297,0.008768803825737427,0.010676789222621474,0.011640865691701694,0.8242143255762149
ABBV,5,0.01,2019-01-29,2019-02-05,56.538047790527344,58.158203125,hold_days,0.028656018341406186,0.027656018341406186,1,2019-01-28,0.03213571559451989,-0.004479697253113701,0.0801230877156723,0.1309873320059564,0.1309873320059564,0.00700982785754544,0.009565662136237333,0.012500335286954977,0.46448723662837876
ABBV,5,0.01,2019-03-26,2019-04-02,58.93910598754883,60.62496566772461,hold_days,0.028603414522981208,0.027603414522981207,1,2019-03-25,0.019769606084892866,0.007833808438088341,0.023713564521117655,0.15805889300195836,0.21259322441853967,0.012083507009008199,0.008304933074639007,0.006950439451505238,1.373749173720677
ABBV,5,0.01,2019-04-22,2019-04-29,57.79051971435547,59.38041687011719,hold_days,0.027511383590599126,0.026511383590599125,4,2019-04-18,0.009689086931328639,0.016822296659270486,0.04551206938953776,0.11443903852287142,0.25717861285561683,0.0023149212049994603,0.004846599179695499,0.005096637762471201,0.3714857476990893
ABBV,5,0.01,2020-01-02,2020-01-09,68.21073913574219,68.71345520019531,hold_days,0.007370042764859974,0.006370042764859974,3,2019-12-30,0.0034483639379563336,0.0029216788269036406,0.06042526366632706,0.13943479414182355,0.17161873019231733,0.004534842186891449,0.003567832005375408,0.00440318546727814,0.8596497960693349
ABBV,5,0.01,2020-02-19,2020-02-26,72.67575073242188,68.2522201538086,hold_days,-0.06086666507099281,-0.06186666507099281,1,2020-02-18,-0.07856949178376815,0.016702826712775343,0.039923130040139046,0.08190639423120769,0.18117572305950103,0.004814932618418504,0.006284703141723065,0.008396991542104264,0.7671297326606031
ABBV,5,0.01,2020-08-11,2020-08-18,73.49406433105469,75.857421875,hold_days,0.032157121332949457,0.031157121332949456,1,2020-08-10,0.0023654243910802286,0.028791696941869227,0.04135529934430627,0.18514184973513714,0.5195733663157767,0.004028233124614034,0.00654538284614954,0.006569394057931831,0.2536664616923112
ABBV,5,0.01,2021-02-02,2021-02-09,84.1495590209961,85.71919250488281,hold_days,0.01865290207278547,0.01765290207278547,1,2021-02-01,0.03409236388477366,-0.016439461811988187,0.03165188976476382,0.15645074405146847,0.2143817516954363,0.019095273376380385,0.012660500774660084,0.010299954372645467,1.906698075768586
ABBV,5,0.01,2021-06-03,2021-06-10,92.36714935302734,95.68451690673828,hold_days,0.03591501499122751,0.03491501499122751,1,2021-06-02,0.004854900583579624,0.030060114407647887,0.026011274837814406,0.09739835939267359,0.2110642231838259,0.0010251039427538217,0.003610091227076772,0.00837143191596462,0.14546488156021417
ABBV,5,0.01,2021-07-20,2021-07-27,96.59308624267578,98.18285369873047,hold_days,0.016458397985758877,0.015458397985758876,1,2021-07-19,0.020321077066935755,-0.004862679081176879,0.01783157060368325,0.03561738139800364,0.20751883381360464,0.008476535121039432,0.00861130783528521,0.006988619810473433,1.1791769768543194
ABBV,5,0.01,2021-09-21,2021-09-28,89.18525695800781,89.34339141845703,hold_days,0.001773100912000336,0.000773100912000336,1,2021-09-20,0.01165916767373898,-0.010886066761738644,-0.0010029627916279243,0.01711257257489022,0.06670911441001656,0.011840598682913353,0.008108511643889385,0.006853012513616394,1.6893864146170248
ABBV,5,0.01,2021-12-01,2021-12-08,97.64619445800781,102.66708374023438,hold_days,0.05141920082083451,0.05041920082083451,1,2021-11-30,0.04214801842389271,0.0082711823969418,-0.0062681206303077455,0.024912591588440693,0.06053651503927878,0.014953180831296261,0.010781906093810469,0.00807745728604255,1.88971335517778
ABBV,5,0.01,2022-05-02,2022-05-09,126.93264770507812,129.58514404296875,hold_days,0.02089688024198133,0.01989688024198133,3,2022-04-29,-0.023712020784298016,0.043608901026279345,0.0063144822448052826,0.0063144822448052826,0.0063144822448052826,0.022340422277236566,0.0180570156029985,0.013250240458694863,1.90105933914949
ABBV,5,0.01,2022-07-21,2022-07-28,128.01596069335938,129.74884033203125,hold_days,0.013536434279649567,0.012536434279649566,1,2022-07-20,0.020335950603822317,-0.0077995163241727505,0.05242310313772133,0.0602601474761361,0.0602601474761361,0.015590992980302273,0.013296924971647434,0.012814032668620832,0.9528326417757995
ABBV,5,0.01,2022-12-19,2022-12-27,141.34458923339844,142.657470703125,hold_days,0.00928851593716562,0.00828851593716562,3,2022-12-16,0.015177049023183287,-0.0068885330860176675,-0.008336912996170731,0.13585367663071587,0.13585367663071587,0.013166016314232995,0.011999377968199613,0.011762519772790483,0.8698236953781636
ABBV,5,0.01,2023-06-29,2023-07-07,118.80136108398438,120.82553100585938,hold_days,0.01703827214945841,0.01603827214945841,1,2023-06-28,-0.006125528235809918,0.02216380038526833,0.047660315924417614,0.05535425258387517,0.08252070072728514,0.005347197946485628,0.006650964218974141,0.007275595677938719,0.7200702547175822
ABBV,5,0.01,2024-03-04,2024-03-11,162.76409912109375,165.13592529296875,hold_days,0.014572170304646859,0.013572170304646858,4,2024-02-29,0.004129383868784142,0.009442786435862716,0.021990884499536494,0.08687140650770328,0.20418932060992517,0.001698812292281581,0.004104316908736049,0.005418100300374557,0.2832598224225841
ABBV,5,0.01,2024-04-29,2024-05-06,149.87393188476562,150.99667358398438,hold_days,0.007491240705435054,0.006491240705435054,3,2024-04-26,0.008755848534838684,-0.00226460782940363,0.02576185826882109,0.04322851660997005,0.17450952370332423,0.006863840041539103,0.0052606786819654385,0.00687134889874746,1.1646502078978154
ABBV,5,0.01,2025-02-11,2025-02-19,182.77560424804688,188.03506469726562,hold_days,0.028775505740257667,0.027775505740257667,1,2025-02-10,0.008968170275085452,0.018807335465172215,0.049007356286799725,0.058449055201356535,0.09700485374687212,0.006786760956326877,0.005764678662403586,0.006145964921756525,1.0653311718889775
ABBV,5,0.01,2025-03-27,2025-04-03,193.15158081054688,192.12255859375,hold_days,-0.00532753712125289,-0.00632753712125289,1,2025-03-26,-0.05019395172583874,0.043866414604585846,0.026838704367134605,0.026838704367134605,0.029042245777887485,0.006153900846039329,0.007590751045818844,0.010138337225094824,0.818750506815986
ABBV,5,0.01,2025-08-08,2025-08-15,192.09078979492188,200.4708251953125,hold_days,0.04362538885564082,0.04262538885564082,2,2025-08-06,0.009618135836278574,0.03300725301936225,0.017367446244033462,0.07620519451315866,0.2310400851937439,0.004610065318113158,0.006040738318314565,0.005499703296157648,0.7265432243875444
ABBV,5,0.01,2026-01-21,2026-01-28,212.8564453125,215.3380584716797,hold_days,0.011658623517537325,0.010658623517537325,1,2026-01-20,0.0021176264146252066,0.008540997102912118,0.045132270058223525,0.09195224590189985,0.16988198435685226,0.009670183586169936,0.008527136788343114,0.006776528213724096,1.518402174642767
ABBV,5,0.01,2026-02-20,2026-02-27,221.38449096679688,228.54373168945312,hold_days,0.032338492598968926,0.031338492598968926,1,2026-02-19,-0.00500530040713365,0.036343793006102576,0.034153359422142725,0.11002602508395667,0.1612966949262397,0.0034800797001897084,0.008304449978447216,0.006516364371125363,0.5421344640457878
ABBV,5,0.01,2026-03-24,2026-03-31,202.0733184814453,214.17604064941406,hold_days,0.05989272734727735,0.05889272734727735,1,2026-03-23,0.004584306792321913,0.05430842055495544,0.01091108718171683,0.020269304382453023,0.1009591984561671,0.010854689178455399,0.008522997910021594,0.0066763005293617944,1.5410970859506814
ABBV,5,0.01,2026-04-10,2026-04-17,204.7715606689453,206.9072723388672,hold_days,0.010429727951210443,0.009429727951210443,3,2026-04-07,0.019969810319422132,-0.01054008236821169,0.034295727845731656,0.034295727845731656,0.10734096883051766,0.010521836027338688,0.01067897276683486,0.009215825626353938,1.3659537482663724
ABBV,5,0.01,2026-08-05,2026-08-12,246.1999969482422,248.75999450683594,hold_days,0.010398040578091239,0.009398040578091238,1,2026-08-04,0.006517424107188807,0.0028806164709024307,0.0510722479256608,0.09354862191968964,0.14246577441230365,0.003659483141485858,0.007642522383971368,0.007128454951115695,0.5785913490817891
ABBV,5,0.01,2026-08-21,2026-08-28,264.9599914550781,255.47999572753906,hold_days,-0.03577897053618495,-0.03677897053618495,1,2026-08-20,-0.0038069213475110386,-0.03297204918867391,0.04456913364715015,0.08127304551416811,0.153822979511262,0.007650276925314014,0.005274265659622016,0.006349715904123756,1.193714818043267
ACN,5,0.01,2015-08-07,2015-08-14,85.86404418945312,85.62401580810547,hold_days,-0.0027954469605234733,-0.0037954469605234733,1,2015-08-06,0.007606805822539142,-0.011402252783062616,0.015018528135577169,,,0.004080077079474255,0.005922442617240149,0.006399080824536626,
ACN,5,0.01,2015-09-10,2015-09-17,80.12815856933594,81.55179595947266,hold_days,0.017767004952507826,0.016767004952507825,1,2015-09-09,0.020730689636428545,-0.003963684683920721,0.04701923508886536,0.04701923508886536,,0.019033606562684765,0.019017246947414364,0.020746698767277253,1.443964101075724
ACN,5,0.01,2016-02-10,2016-02-18,78.81399536132812,82.4196548461914,hold_days,0.04574897476435358,0.04474897476435358,1,2016-02-09,0.03861810533176668,0.006130869432586894,-0.004208775528159745,-0.004208775528159745,0.016949329447235442,0.008994050650531995,0.014360940753874415,0.01516153218891131,0.7237863833073699
ACN,5,0.01,2016-09-15,2016-09-22,93.52526092529297,96.00869750976562,hold_days,0.02655364507837521,0.02555364507837521,1,2016-09-14,0.016273055249512725,0.009280589828862484,0.009307511182820334,0.10153765238173236,0.10153765238173236,0.01601061034775927,0.010545353696288746,0.0074061987604449216,1.812502463859505
ACN,5,0.01,2016-10-11,2016-10-18,98.80464172363281,99.2776870727539,hold_days,0.004787683461716874,0.003787683461716874,4,2016-10-07,-0.0018733445683754013,0.005661028030092275,0.012435845347953223,0.012435845347953223,0.1049518525476339,0.004590006965995042,0.006120565966164834,0.0065047033536856196,0.7487902358496994
ACN,5,0.01,2016-12-05,2016-12-12,100.47257232666016,105.49959564208984,hold_days,0.05003378732143582,0.04903378732143582,3,2016-12-02,0.029692199485595427,0.01934158783584039,0.0672854140552701,0.0672854140552701,0.16281735327348099,0.0006983867218198573,0.0037592839164093898,0.006491378138111226,0.1081403081846267
ACN,5,0.01,2017-02-02,2017-02-09,96.99032592773438,99.84097290039062,hold_days,0.02939104436848905,0.02839104436848905,1,2017-02-01,0.01415760896000795,0.014233435408481099,0.012224223478427644,0.12136185211331492,0.12136185211331492,0.003817076363266564,0.004505737502573195,0.003950339088777311,0.714636179982091
ACN,5,0.01,2017-05-19,2017-05-26,104.32617950439453,105.97325134277344,hold_days,0.015787713555728722,0.014787713555728721,1,2017-05-18,0.017212806606254905,-0.0024250930505261836,0.023124309577539318,0.030750867262822966,0.1268910071114229,0.011351845863490048,0.007130370587918192,0.0060183455347135135,2.2419655981308146
ACN,5,0.01,2017-06-23,2017-06-30,105.8438949584961,106.65450286865234,hold_days,0.00765852305864323,0.0066585230586432296,1,2017-06-22,-0.0033159589168956227,0.009974481975538851,0.013265531140865264,0.05994472409960234,0.12292677012028597,0.0051722101806774634,0.003670776892507715,0.0030546871264327574,1.123130684095641
ACN,5,0.01,2017-07-28,2017-08-04,110.72474670410156,112.2769546508789,hold_days,0.014018618176887099,0.013018618176887098,1,2017-07-27,0.006016271369267301,0.007002346807619797,0.023907567438661202,0.05503598701952676,0.10551539598297034,0.0020114876485662356,0.0021389717231946647,0.0031964730235578037,0.45832499085467676
ACN,5,0.01,2018-04-12,2018-04-19,131.835693359375,135.7883758544922,hold_days,0.029981884225711575,0.028981884225711574,1,2018-04-11,0.00922897360375008,0.019752910621961495,0.0382070892479477,0.04816205501378123,0.09277357512184571,0.01752985371035676,0.015872450461040695,0.01579573056132506,1.2209976898518835
ACN,5,0.01,2018-11-26,2018-12-03,140.40670776367188,147.87026977539062,hold_days,0.053156733966593483,0.05215673396659348,3,2018-11-23,0.05396120260513193,-0.0018044686385384479,0.01943603567386458,0.01943603567386458,0.026541366671508297,0.008768803825737427,0.010676789222621474,0.011640865691701694,0.8242143255762149
ACN,5,0.01,2019-06-28,2019-07-08,165.13778686523438,170.08914184570312,hold_days,0.029983173896531934,0.028983173896531933,1,2019-06-27,0.011010189337066656,0.017972984559465277,0.07518855009439807,0.07518855009439807,0.1669818976698228,0.006546870629063653,0.007295578488473742,0.007064118180962073,0.8546418015884931
ACN,5,0.01,2019-08-26,2019-08-27,174.70086669921875,176.21128845214844,resistance,0.008645759929343466,0.007645759929343466,3,2019-08-23,-0.0020890894174750985,0.009734849346818564,0.014120692760610717,0.051254954270419,0.051254954270419,0.01544642480558456,0.017164143289343823,0.014846601474315841,1.5509349815528648
ACN,5,0.01,2019-09-25,2019-10-02,170.58966064453125,165.2093048095703,hold_days,-0.0315397534330778,-0.0325397534330778,1,2019-09-24,-0.03510579798093805,0.0025660445478602467,0.05025321913707432,0.06285846745046852,0.10177736986511093,0.0032452966151414755,0.0031405750209878825,0.006154009188429966,0.33445125178724333
ACN,5,0.01,2019-10-23,2019-10-30,165.21896362304688,167.47189331054688,hold_days,0.013636023602230818,0.012636023602230817,1,2019-10-22,0.010899413652527556,0.0017366099497032605,0.042984280809916176,0.06962832888855905,0.10879512468198942,0.005044959640588504,0.005335281266359037,0.009302637753116341,0.4694606481520532
ACN,5,0.01,2021-06-07,2021-06-14,259.0350341796875,262.2662048339844,hold_days,0.012473875066858708,0.011473875066858708,4,2021-06-03,-0.0014950092946400817,0.01296888436149879,0.030565248960494736,0.08597952597407078,0.21643955898035983,0.0031607818669981856,0.0034560040305988316,0.008028463552900031,0.4589774590299927
ACN,5,0.01,2021-08-03,2021-08-10,293.2093505859375,294.7374267578125,hold_days,0.005211553345148667,0.004211553345148667,1,2021-08-02,0.0061530419458142305,-0.0019414886006655632,0.043078709159627665,0.06309644185799727,0.1709774611304561,0.005036708087572093,0.005395817327492988,0.008002521273518177,0.6807196868084118
ACN,5,0.01,2021-10-21,2021-10-28,320.4853515625,328.9794006347656,hold_days,0.026503704555773222,0.02550370455577322,1,2021-10-20,0.004345927871467703,0.021157776684305518,0.05104416084246451,0.05104416084246451,0.08776073983888921,0.004105384301787789,0.006915448023244897,0.00847563232330875,0.5469867702729554
ACN,5,0.01,2022-01-10,2022-01-18,344.3796081542969,322.3900146484375,hold_days,-0.06385277462772154,-0.06485277462772154,3,2022-01-07,-0.011388844031729128,-0.053463930595992415,0.050181362612332976,0.07292580689283497,0.09965516932465435,0.008264250555359015,0.005779401470388705,0.007956763750164046,1.0874667992858578
ACN,5,0.01,2022-03-24,2022-03-31,301.1090087890625,312.1614074707031,hold_days,0.03670563934997784,0.035705639349977836,1,2022-03-23,-0.0010979962721126002,0.036803635622090436,0.06501458807856401,0.06501458807856401,0.08290021896170106,0.009874959524094822,0.010157403145259113,0.012448430499278693,0.9672576654019114
ACN,5,0.01,2022-09-29,2022-10-06,240.63580322265625,251.07110595703125,hold_days,0.043365544921506904,0.042365544921506904,2,2022-09-27,0.032339880666128584,0.01002566425537832,0.003313955523891058,0.003313955523891058,0.003313955523891058,0.01822566687891094,0.012855101854211345,0.014616810350294258,1.4205550795096151
ACN,5,0.01,2023-01-26,2023-02-02,257.7203369140625,276.3638610839844,hold_days,0.07234013579665088,0.07134013579665088,1,2023-01-25,0.018088015776237754,0.05325212002041313,0.05351792963624903,0.09176041172717607,0.20036462544440745,0.00842244673781219,0.010108607863585905,0.010181072353975884,0.6865574418964803
ACN,5,0.01,2023-08-08,2023-08-15,298.3862609863281,291.0484924316406,hold_days,-0.024591509442935533,-0.025591509442935534,4,2023-08-04,-0.012593166828879565,-0.012998342614055969,0.032100093136264225,0.09424325488722153,0.12538448649042813,0.009178892706747762,0.0067240458692595815,0.005354863788234429,1.384211395140342
ACN,5,0.01,2024-09-20,2024-09-27,323.47772216796875,336.4468688964844,hold_days,0.04009285907417537,0.03909285907417537,1,2024-09-19,0.005605781457917791,0.03348707761625758,0.0395679546928369,0.08314177595999522,0.12512950087313987,0.006702953813382582,0.005392211572502131,0.007452483766539185,0.8485674720917883
ACN,5,0.01,2024-10-08,2024-10-11,346.7221374511719,348.481201171875,resistance,0.005073410465320727,0.004073410465320727,1,2024-10-07,0.01387858361375316,-0.009805173148432433,0.029449611871452508,0.08192310191429059,0.12386096033961491,0.006730055938907385,0.006160065974717473,0.005450341389371679,0.8308043440864394
ACN,5,0.01,2025-01-15,2025-01-23,337.8453369140625,352.4068908691406,hold_days,0.04310124297729212,0.04210124297729212,1,2025-01-14,0.029124247066655284,0.012976995910636835,0.023128947123426686,0.029641867244539426,0.10484507650768841,0.008228501651999544,0.005650984212580443,0.00820108494028677,1.26205038681417
ACN,5,0.01,2025-08-27,2025-09-04,251.92861938476562,247.83303833007812,hold_days,-0.01625691064671142,-0.01725691064671142,1,2025-08-26,0.002020013813736954,-0.019276924460448375,0.04554377908458862,0.08882197815629814,0.2651341534760941,0.010188774167128612,0.006746979551262604,0.007009904388752458,1.7306802980138025
ACN,5,0.01,2026-03-27,2026-04-06,188.71131896972656,194.93310546875,hold_days,0.03296986387987433,0.03196986387987433,2,2026-03-25,0.023893925102950853,0.008075938776923475,-0.003137921417611745,0.00609024114667362,0.08565875765306782,0.006705564768343066,0.008086891438693651,0.006813221083182864,0.9438101183649045
ADBE,5,0.01,2015-07-09,2015-07-16,80.47000122070312,82.5199966430664,hold_days,0.025475275149317023,0.024475275149317022,1,2015-07-08,0.037254154695824715,-0.012778879546507693,0.001446832157841111,,,0.009230495972550738,0.009276499035196442,0.007824872169186228,
ADBE,5,0.01,2016-02-11,2016-02-19,74.94000244140625,80.87000274658203,hold_days,0.07912997213754158,0.07812997213754158,2,2016-02-09,0.051232947852150046,0.026897024285391535,-0.012768795410784788,-0.012768795410784788,0.003964111516388915,0.007680637429840145,0.01378384063440333,0.014250368982729225,0.620465000047029
ADBE,5,0.01,2016-03-10,2016-03-16,84.8499984741211,88.16999816894531,resistance,0.03912786982355465,0.03812786982355465,2,2016-03-08,0.022008513613051894,0.016119356210502755,0.09565402630941937,0.09565402630941937,0.09565402630941937,0.006821579557915465,0.010046239711960852,0.011153459624626839,0.5282963651366328
ADBE,5,0.01,2016-05-05,2016-05-12,93.5,95.95999908447266,hold_days,0.026310150636071228,0.025310150636071227,1,2016-05-04,0.011518924472557979,0.013791226163513248,0.013559564471288022,0.14666968499025468,0.14666968499025468,0.007072938130589743,0.006106129958685742,0.006458576345912209,0.8491550725901114
ADBE,5,0.01,2016-08-03,2016-08-10,96.66999816894531,100.62000274658203,hold_days,0.040860708104426546,0.039860708104426545,1,2016-08-02,0.011250664836308433,0.028610043268118113,0.03487661001535804,0.10341478926849822,0.24151146358348227,0.003173346866605048,0.002945543856458594,0.004803723062397596,0.36293902253548826
ADBE,5,0.01,2016-09-14,2016-09-21,98.79000091552734,107.77999877929688,hold_days,0.09100109100572462,0.09000109100572462,1,2016-09-13,0.01821719735896088,0.07178389364676374,-0.001550152002748956,0.09137962432363785,0.09137962432363785,0.01592961003055347,0.010537880450881363,0.007426724046014273,1.8042564599545625
ADBE,5,0.01,2016-12-02,2016-12-09,99.7300033569336,104.30999755859375,hold_days,0.045923935099734914,0.04492393509973491,1,2016-12-01,0.03619736081068292,0.008726574289051992,0.059540578736471804,0.059540578736471804,0.15437928339231832,0.002008041048240659,0.003933301365813545,0.006592501540151323,0.28123389086970924
ADBE,5,0.01,2017-06-13,2017-06-20,139.08999633789062,140.91000366210938,hold_days,0.01308510584612721,0.012085105846127209,1,2017-06-12,0.0007161487481581741,0.011368957097969035,0.040387450882255156,0.061914816068556346,0.1250139251966195,0.0011410384922999027,0.0026601912310474573,0.00558739590517061,0.23832861922281506
ADBE,5,0.01,2017-07-28,2017-08-04,146.72999572753906,147.7100067138672,hold_days,0.00667900916556885,0.00567900916556885,1,2017-07-27,0.006016271369267301,-0.00033726220369845097,0.023907567438661202,0.05503598701952676,0.10551539598297034,0.0020114876485662356,0.0021389717231946647,0.0031964730235578037,0.45832499085467676
ADBE,5,0.01,2017-09-26,2017-10-03,145.39999389648438,148.60000610351562,hold_days,0.022008337973586478,0.021008337973586477,1,2017-09-25,0.016229982149826405,0.004778355823760072,0.03728733428407194,0.05391969466015305,0.11120228376861772,0.0017672860528788429,0.0018184531172835828,0.003583335122885657,0.3968403953387005
ADBE,5,0.01,2017-11-01,2017-11-08,176.25,184.05999755859375,hold_days,0.04431204288563828,0.04331204288563828,1,2017-10-31,0.009502168268206379,0.0338098746174319,0.031428662286647514,0.09966273089028008,0.1430952361665935,0.005563606620207388,0.0050307488027161555,0.003847824219104925,1.1988802619218846
ADBE,5,0.01,2018-06-28,2018-07-06,239.80999755859375,248.19000244140625,hold_days,0.03494435164557719,0.03394435164557719,1,2018-06-27,0.014325157789948806,0.01961919385562838,0.008489669312667704,0.03168241769479139,0.05233054269903007,0.006466679700931839,0.004690325661103563,0.005698723166359511,0.8288121871144154
ADBE,5,0.01,2018-09-06,2018-09-13,259.75,268.5199890136719,hold_days,0.03376319158295238,0.03276319158295238,1,2018-09-05,0.013699041523786537,0.01906415005916584,0.024412025120120234,0.08364553171110417,0.12001418430108694,0.002425914395145593,0.004472720591740895,0.005063680429417056,0.44933689636885477
ADBE,5,0.01,2018-11-02,2018-11-09,239.63999938964844,244.83999633789062,hold_days,0.021699202810408602,0.0206992028104086,3,2018-10-30,0.02524564924107575,-0.00454644643066715,0.03362573750819819,0.03362573750819819,0.040829968804401755,0.010626315957398956,0.01588445907561047,0.015367404099849987,1.1233277599356453
ADBE,5,0.01,2019-12-12,2019-12-19,305.9599914550781,327.6300048828125,hold_days,0.07082629766289572,0.06982629766289572,1,2019-12-11,0.010461017770220682,0.05936527989267504,0.030288794468152885,0.10996704048645474,0.13832222832252136,0.006034089079799411,0.0066244922827699785,0.005615433980334289,0.9185545295929408
ADBE,5,0.01,2020-03-16,2020-03-23,286.0299987792969,307.2699890136719,hold_days,0.07425791114576041,0.07325791114576041,4,2020-03-12,-0.08009834997172083,0.15335626111748124,-0.029030052876642055,-0.029030052876642055,-0.029030052876642055,0.09031506418262332,0.06474530041661512,0.04659951080691169,3.3272977814849267
ADBE,5,0.01,2020-11-19,2020-11-27,466.4100036621094,477.0299987792969,hold_days,0.022769655525830323,0.021769655525830323,1,2020-11-18,0.027182080250597096,-0.005412424724766773,0.1297190096313878,0.1297190096313878,0.1942079289276378,0.014767356800718976,0.015272764028916478,0.01605399073277499,1.124759744373613
ADBE,5,0.01,2021-08-11,2021-08-18,626.030029296875,626.77001953125,hold_days,0.0011820363237304843,0.00018203632373048426,1,2021-08-10,-0.016059445081382462,0.016241481405112945,0.054526685837007004,0.07458194550309787,0.1838291496435488,0.004095473228078758,0.006717979021484254,0.008179165061369143,0.6060882828635236
ADBE,5,0.01,2022-04-08,2022-04-18,445.3399963378906,425.4700012207031,hold_days,-0.0446175849476399,-0.0456175849476399,2,2022-04-06,-0.011972690530214547,-0.03364489441742535,0.059382026043866734,0.06344932740009626,0.06434334999465409,0.007585274169348609,0.007094870020127651,0.008611802156691571,0.7290430793265952
ADBE,5,0.01,2022-04-25,2022-05-02,413.95001220703125,407.2900085449219,hold_days,-0.016088907997853785,-0.017088907997853786,3,2022-04-22,-0.03147805771410084,0.014389149716247052,0.0019961979636904507,0.030109701880291297,0.030975696455327342,0.018271510044121173,0.0126544532520977,0.00978012704764673,1.66205054566865
ADBE,5,0.01,2023-02-08,2023-02-15,378.3599853515625,375.94000244140625,hold_days,-0.006395980029198056,-0.007395980029198056,2,2023-02-06,0.006340008617556903,-0.01373598864675496,0.03204269706086965,0.057259555014772284,0.20089215271648372,0.009442749393123258,0.008464573669105191,0.009093575079835856,0.9370505945643278
ADBE,5,0.01,2023-06-28,2023-07-06,482.42999267578125,481.2900085449219,hold_days,-0.0023630042662490247,-0.0033630042662490247,2,2023-06-26,0.002695145866979276,-0.006058150133228301,0.03984244613173594,0.047478968957642205,0.07444269513947112,0.00533416856366049,0.006660383028168091,0.007480181596719713,0.7126276816604514
ADBE,5,0.01,2024-02-07,2024-02-14,615.8499755859375,604.6599731445312,hold_days,-0.01817001361534476,-0.01917001361534476,1,2024-02-06,0.00041961237112198013,-0.01958962598646674,0.03423977443624809,0.13242621225459242,0.18516978204550552,0.007921808179845021,0.0084509194846313,0.007024027433574659,1.2927563082502909
ADBE,5,0.01,2024-04-17,2024-04-24,474.45001220703125,477.1199951171875,hold_days,0.005627532598715845,0.004627532598715845,2,2024-04-15,0.022484188529126925,-0.01785665593041108,2.3355983092495755e-06,0.03511137975396779,0.19834444534889487,0.0072121719583946794,0.007751957286334056,0.0071617256096558855,1.135576354689603
ADBE,5,0.01,2025-10-03,2025-10-10,346.739990234375,337.510009765625,hold_days,-0.02661931340111967,-0.02761931340111967,2,2025-10-01,-0.025858998154600354,-0.0017603152465193173,0.02767911463708213,0.07053190155832227,0.2430714237682589,0.003216499318013814,0.0038748048306215662,0.0041839032582387916,0.610728209279979
ADBE,5,0.01,2025-12-10,2025-12-16,343.1300048828125,347.8900146484375,resistance,0.01387232156293261,0.01287232156293261,2,2025-12-08,-0.003834760614039867,0.016707082176972476,0.049451975270708305,0.07815087461344666,0.1600356918508008,0.002342744374521669,0.005190980159468399,0.007021459891098474,0.3839449951779773
ADBE,5,0.01,2026-01-06,2026-01-13,335.989990234375,309.92999267578125,hold_days,-0.07756182718543247,-0.07856182718543248,1,2026-01-05,0.011273987366100968,-0.08983581455153344,0.03620441812266757,0.10453135237141578,0.15185943737632213,0.007014899768172797,0.0048632331632502196,0.00550276279382356,1.0823771330363257
ADBE,5,0.01,2026-05-14,2026-05-21,237.00999450683594,244.10000610351562,hold_days,0.02991439922789918,0.02891439922789918,1,2026-05-13,0.012996317358027643,0.015918081869871537,0.017219074366560606,0.053357620877695064,0.11170685931268759,0.0029097206711774545,0.0044955994193141245,0.006143388459951123,0.4057585125753773
GOOG,5,0.01,2015-12-15,2015-12-22,36.82123565673828,37.14814376831055,hold_days,0.008878249350994905,0.007878249350994904,4,2015-12-11,-0.0026648320326339014,0.010543081383628805,0.01970126389195905,0.11583496119483645,0.1321825775487154,0.012591000658719095,0.012254260910811977,0.009724364614455439,1.2969997442035976
GOOG,5,0.01,2016-02-10,2016-02-18,33.88505554199219,34.540348052978516,hold_days,0.019338687822844314,0.018338687822844313,1,2016-02-09,0.03861810533176668,-0.02027941750892237,-0.004208775528159745,-0.004208775528159745,0.016949329447235442,0.008994050650531995,0.014360940753874415,0.01516153218891131,0.7237863833073699
GOOG,5,0.01,2017-02-02,2017-02-09,39.5518798828125,40.09820556640625,hold_days,0.013812887913607241,0.01281288791360724,1,2017-02-01,0.01415760896000795,-0.0013447210464007098,0.012224223478427644,0.12136185211331492,0.12136185211331492,0.003817076363266564,0.004505737502573195,0.003950339088777311,0.714636179982091
GOOG,5,0.01,2017-03-27,2017-04-03,40.591033935546875,41.53410720825195,hold_days,0.023233536603244787,0.022233536603244786,3,2017-03-24,0.008878637406669387,0.013354899196575398,-0.0014342159427897774,0.06399374603938289,0.16336677315569204,0.005124538406017539,0.004721565907986973,0.005114840168564683,1.1874693489770756
GOOG,5,0.01,2017-06-20,2017-06-27,47.08552932739258,45.931453704833984,hold_days,-0.02451019748624117,-0.02551019748624117,4,2017-06-16,-0.010656667715015056,-0.014853529771226115,0.026124988464570967,0.06267530503473448,0.1258196025108096,0.003918680178989537,0.0027941851879495923,0.002737228588247787,0.8528015622656383
GOOG,5,0.01,2017-09-19,2017-09-26,45.65804672241211,45.80910873413086,hold_days,0.0033085517792112995,0.0023085517792112995,1,2017-09-18,-0.0019484395996521853,0.004256991378863485,0.049323902793526206,0.058991630563204306,0.11337162112434539,0.0005489027699485596,0.00337011951831281,0.004286949197623695,0.11331713109195618
GOOG,5,0.01,2017-10-24,2017-10-31,48.071678161621094,50.35505676269531,hold_days,0.04749945681940426,0.04649945681940426,1,2017-10-23,-0.0002593297383579607,0.04675878655776222,0.047296479616575925,0.09684506482973937,0.14016628298809958,0.004688558740497345,0.003349596153814298,0.002806047616128329,1.060510697187608
GOOG,5,0.01,2017-12-05,2017-12-12,49.785945892333984,51.535865783691406,hold_days,0.03514887304023029,0.03414887304023029,1,2017-12-04,0.014156714363927625,0.019992158676302663,0.03502172499754049,0.1006023318196007,0.14745497323211454,0.004958478092569473,0.004341019080386336,0.004456698541049106,1.4341647943118332
GOOG,5,0.01,2018-03-02,2018-03-09,53.43983459472656,57.457786560058594,hold_days,0.07518645961019721,0.07418645961019721,1,2018-03-01,0.03779331061488844,0.036393148995308766,0.04784342705503392,0.04784342705503392,0.15964560983016338,0.013955370416193968,0.011782914625414552,0.018479927518317896,1.2406902924841687
GOOG,5,0.01,2018-05-02,2018-05-09,50.738426208496094,53.63003921508789,hold_days,0.05699059317901356,0.05599059317901356,2,2018-04-30,0.02950525142691074,0.02648534175210282,0.007056601488880094,0.027211864617574542,0.056889244218663,0.006341821445954984,0.007652555666150924,0.01010230625697488,0.4859810172870978
GOOG,5,0.01,2018-09-19,2018-09-26,58.005096435546875,58.47068786621094,hold_days,0.0080267331540671,0.0070267331540671005,2,2018-09-17,0.004463866203429312,0.0025628669506377886,0.02671160885881394,0.103725176770171,0.1407677302012621,0.004558082856031138,0.003384092437618981,0.0037702011993098797,0.9292831874239211
GOOG,5,0.01,2018-10-15,2018-10-22,54.10007858276367,54.54140090942383,hold_days,0.008157517294268057,0.007157517294268057,4,2018-10-11,0.00038981836827467475,0.006767698925993383,0.007867631568736648,0.007867631568736648,0.06963033525265087,0.020266201938461532,0.013522560333116829,0.01020306587754092,2.917306530917916
GOOG,5,0.01,2019-07-22,2019-07-29,56.36958694458008,61.3890495300293,hold_days,0.08904558038333898,0.08804558038333898,3,2019-07-19,0.012171251421508655,0.07587432896183033,0.027736482470162034,0.09466270483804214,0.14609613582540418,0.0054017736070707,0.004232018023057775,0.005214257907306424,0.7047241734815651
GOOG,5,0.01,2019-10-03,2019-10-10,58.8342399597168,59.8664665222168,hold_days,0.01754465704336039,0.01654465704336039,1,2019-10-02,0.011637750569967409,0.00490690647339298,0.0076220703407275285,0.033362756352229274,0.07120160837724973,0.010627032145644314,0.008526675857983291,0.006767511839563883,1.0424234354513573
GOOG,5,0.01,2019-12-31,2020-01-08,66.2237548828125,69.55718231201172,hold_days,0.05033582639791345,0.04933582639791345,1,2019-12-30,0.006978319422682233,0.04235750697523122,0.04871418852159002,0.1268511572237562,0.1586796618200449,0.004345158099162359,0.003612202451380048,0.00502812068604509,0.8182299560906497
GOOG,5,0.01,2020-06-12,2020-06-19,69.99602508544922,70.91432189941406,hold_days,0.013119270884936807,0.012119270884936806,1,2020-06-11,0.012119879391232491,-6.085062956850962e-07,0.09575988352570344,0.4026368898,0.4026368898,0.03445893437810576,0.02843633540786473,0.02307286569103217,1.1741578601204499
GOOG,5,0.01,2020-08-05,2020-08-12,72.98917388916016,74.62418365478516,hold_days,0.022400716140559274,0.021400716140559273,1,2020-08-04,0.027830277186855712,-0.006429561046296439,0.053961490683438244,0.18304647986294623,0.4933561137532929,0.006558913692806108,0.006565705562236455,0.008102846313341032,0.3977585705001643
GOOG,5,0.01,2021-03-29,2021-04-06,101.83296966552734,110.19377899169922,hold_days,0.08210316711408039,0.08110316711408039,3,2021-03-26,0.013812112824105771,0.06729105428997462,0.069982286720947,0.14291299636755536,0.3453498222940169,0.01174946918956648,0.008723305489737463,0.008495434982400704,1.2585133367331884
GOOG,5,0.01,2021-05-13,2021-05-20,112.03732299804688,116.69916534423828,hold_days,0.041609726307658024,0.04060972630765802,1,2021-05-12,0.002488579631533705,0.03812114667612432,0.0205079784396038,0.11499125330360192,0.24260532462684392,0.011149792561256798,0.009852259261947768,0.008363026048686231,1.3404338395491713
GOOG,5,0.01,2021-11-11,2021-11-18,145.37107849121094,149.29490661621094,hold_days,0.02699180721313299,0.02599180721313299,1,2021-11-10,0.00538385382411688,0.02060795338901611,0.03284708491347493,0.06542329804773933,0.10245529309189133,0.0037043442487572856,0.0028001402593753996,0.003978272129335385,0.5321057382726374
GOOG,5,0.01,2022-02-14,2022-02-22,134.030517578125,128.18833923339844,hold_days,-0.04358841889363907,-0.04458841889363907,3,2022-02-11,-0.02341787426213726,-0.02117054463150181,0.017495447904349686,0.04021143097892447,0.06612579352452988,0.013392543565342975,0.01123870113535178,0.01050458620070295,1.4244840959901255
GOOG,5,0.01,2022-03-08,2022-03-15,126.08427429199219,128.4439239501953,hold_days,0.01871486092499164,0.017714860924991638,1,2022-03-07,0.01874018717534698,-0.0010253262503553406,-0.0016091504437613497,-0.0016091504437613497,0.02577421704695411,0.016040281528432534,0.014984970433900163,0.012452761707597272,1.6243652621497962
GOOG,5,0.01,2023-02-27,2023-03-06,89.25460815429688,94.68318939208984,hold_days,0.06082129931497127,0.059821299314971266,3,2023-02-24,0.01964433937578547,0.0401769599391858,0.0022462916729453484,0.02302048397673507,0.1620015779935089,0.010212672108837306,0.009242254937641992,0.00946139985369965,0.9711570434938869
GOOG,5,0.01,2023-12-06,2023-12-13,130.19680786132812,132.7129669189453,hold_days,0.019325812198845327,0.018325812198845326,2,2023-12-04,0.029945516899367863,-0.011619704700522537,0.05863427638566987,0.10794093339816868,0.10794093339816868,0.0061272843095045125,0.0042801131490658425,0.005832525332648039,0.807092498985391
GOOG,5,0.01,2024-02-01,2024-02-08,141.37098693847656,145.8386688232422,hold_days,0.03160253727810436,0.030602537278104358,1,2024-01-31,0.0030980725371398954,0.027504464740964463,0.03352405211796082,0.13164254222569036,0.18434961201826788,0.009764484786321255,0.00813052185120572,0.0064383076424808575,1.6301746550363563
GOOG,5,0.01,2024-05-31,2024-06-07,172.32777404785156,174.29910278320312,hold_days,0.011439413909009044,0.010439413909009043,1,2024-05-30,0.00585760630157206,0.004581807607436983,0.020745396042812392,0.04033276547791683,0.11911447723915754,0.004794899679088192,0.005604707233346542,0.005628252300338166,0.7719137214356865
GOOG,5,0.01,2024-08-07,2024-08-14,159.42294311523438,160.69235229492188,hold_days,0.007962525059959091,0.006962525059959091,1,2024-08-06,0.029539595659865192,-0.0225770705999061,0.0034479495555462735,0.015424759630523296,0.05508472265811653,0.013506151941959062,0.012394226971979986,0.009749848807548102,1.985190076948382
GOOG,5,0.01,2024-10-10,2024-10-17,162.04588317871094,163.3666534423828,hold_days,0.008150594373417475,0.007150594373417475,1,2024-10-09,0.014145593288219072,-0.006994998914801597,0.024418222006540147,0.08607345161816712,0.12014276597555601,0.007441882809417827,0.005279403301000126,0.005527968458916393,0.9312121152276472
GOOG,5,0.01,2025-06-04,2025-06-11,168.59542846679688,178.16522216796875,hold_days,0.05676188131670812,0.05576188131670812,1,2025-06-03,0.019454829044485367,0.03630705227222275,0.04804535847056898,0.16443080073432947,0.16443080073432947,0.0016306055615710555,0.008885283055375642,0.009566113237162624,0.09292250731991215
GOOG,5,0.01,2026-09-10,2026-09-17,330.3900146484375,343.67999267578125,hold_days,0.04022512012502988,0.03922512012502988,1,2026-09-09,0.0007573903351121292,0.03846772978991775,-0.0039036451400643194,0.052279696957832564,0.12288427077708475,0.006548708038003565,0.005257975313738109,0.005148840557942819,1.0647917589483251
MO,5,0.01,2016-02-05,2016-02-12,29.25480079650879,29.33797264099121,hold_days,0.0028430152391381025,0.0018430152391381025,1,2016-02-04,-0.010485313895669313,0.012328329134807414,0.0096130473624142,0.0096130473624142,0.034689878921299204,0.012782066743537233,0.015106181828885,0.014725961461010136,1.0423238579988916
MO,5,0.01,2016-03-28,2016-04-04,30.42290496826172,31.21272087097168,hold_days,0.025961225712466396,0.024961225712466395,4,2016-03-24,0.012169132537775962,0.012792093174690433,0.06426070880798529,0.1279926266854792,0.1279926266854792,0.00470824946877275,0.0051253289133807904,0.008111780427069138,0.3858972196293399
MO,5,0.01,2016-09-20,2016-09-27,31.650789260864258,31.826709747314453,hold_days,0.005558170603591206,0.004558170603591206,1,2016-09-19,0.009943466998204809,-0.0053852963946136026,0.006652874961877988,0.09864043650020438,0.09864043650020438,0.0060281447576402475,0.011066492873049784,0.0077826614607096915,0.8370399097030589
MO,5,0.01,2016-10-06,2016-10-13,31.052656173706055,31.510059356689453,hold_days,0.014729921344722285,0.013729921344722285,1,2016-10-05,-0.014463254463152442,0.028193175807874726,0.024608584227131334,0.024608584227131334,0.11823693173258104,0.007034856137979503,0.007539716978139523,0.009652961036725794,1.1468743508077128
MO,5,0.01,2017-10-09,2017-10-16,33.11670684814453,34.05442428588867,hold_days,0.028315540009579143,0.027315540009579142,3,2017-10-06,0.007174796276042894,0.020140743733536248,0.036813969484901704,0.07111524363276803,0.1331662298612778,0.0031363571734652216,0.0024302945308796488,0.0021967538154883943,0.7260189884434575
MO,5,0.01,2017-11-07,2017-11-14,33.50221252441406,34.241966247558594,resistance,0.02208074235710411,0.02108074235710411,1,2017-11-06,-0.0018729807243084151,0.022953723081412525,0.03011259609479571,0.10669161728641417,0.14878571753417114,0.0019255441146358064,0.004151144684207204,0.00362653614951665,0.46459594900898205
MO,5,0.01,2018-01-18,2018-01-25,36.810794830322266,36.74773025512695,hold_days,-0.0017132087336338975,-0.0027132087336338975,2,2018-01-16,0.017122639489452363,-0.01983584822308626,0.05112303656399251,0.11824217068037308,0.22095065700358518,0.005501525640319829,0.0044123246362899795,0.004376868553902299,1.300706111875455
MO,5,0.01,2018-03-26,2018-04-03,31.66349983215332,33.289180755615234,hold_days,0.05134242683466983,0.05034242683466983,3,2018-03-23,-0.016496025524295632,0.06683845235896546,0.027147191863257796,0.04081029242632621,0.10736009635121874,0.016113026817841707,0.0113698253942625,0.011587672476403351,1.2782253355280304
MO,5,0.01,2019-04-04,2019-04-11,30.663782119750977,31.438796997070312,hold_days,0.025274601622613968,0.024274601622613967,1,2019-04-03,0.0012513382441625698,0.023023263378451397,0.04852034289173134,0.1288081595047925,0.24197696261871668,0.006713649827940213,0.009524573708192203,0.0073833332118178495,0.9796268064290472
MO,5,0.01,2019-05-14,2019-05-21,29.14181137084961,29.130584716796875,hold_days,-0.00038524214949675617,-0.0013852421494967562,1,2019-05-13,0.011987110795071754,-0.01337235294456851,0.009056415608247046,0.030189878056051677,0.2169146316769767,0.012594592785424892,0.010116714452829204,0.008122252637524424,1.8180201685585529
MO,5,0.01,2019-07-01,2019-07-09,27.20493507385254,27.581432342529297,hold_days,0.013839300393648779,0.012839300393648778,3,2019-06-28,0.003030505413018858,0.00980879498062992,0.08420715134356345,0.08449441596744883,0.16716535215356373,0.007727544428994196,0.007389451213628057,0.007033000674748764,1.006397169430205
MO,5,0.01,2019-11-01,2019-11-08,26.19963836669922,26.98457908630371,hold_days,0.029959982982138422,0.02895998298213842,1,2019-10-31,0.017425716732988095,0.011534266249150327,0.05980313364761903,0.08973783149499968,0.12964098099262966,0.003977928399117073,0.003517916883178974,0.006209656008187263,0.42369057446661434
MO,5,0.01,2020-04-22,2020-04-29,22.963054656982422,24.57854652404785,hold_days,0.07035178425507094,0.06935178425507094,1,2020-04-21,0.06273567829880133,0.006616105956269602,0.14486304396500602,0.26877866323564176,0.26877866323564176,0.03175544988289452,0.027232413990567767,0.03370145046866891,0.7756605201217578
MO,5,0.01,2021-09-16,2021-09-23,33.227657318115234,33.24127960205078,hold_days,0.00040996823234129565,-0.0005900317676587044,2,2021-09-14,-0.002933151421759428,0.0023431196541007235,0.011153118783957918,0.04539795105181765,0.09637374725345121,0.008626720358757636,0.006625840638574363,0.005802327306498372,1.312078637195457
MO,5,0.01,2021-10-01,2021-10-08,31.232229232788086,31.824729919433594,hold_days,0.018970809999802718,0.017970809999802717,1,2021-09-30,0.01301379973812855,0.004957010261674166,0.015122956070361356,0.030802543433560616,0.059136366915250226,0.009915120232680085,0.011558300363938455,0.008798472216589606,1.2848014722693375
MO,5,0.01,2021-12-01,2021-12-08,29.27766227722168,30.319643020629883,hold_days,0.035589615507617633,0.03458961550761763,1,2021-11-30,0.04214801842389271,-0.0075584029162750754,-0.0062681206303077455,0.024912591588440693,0.06053651503927878,0.014953180831296261,0.010781906093810469,0.00807745728604255,1.88971335517778
MO,5,0.01,2022-11-17,2022-11-25,32.136131286621094,32.92353057861328,hold_days,0.024501993876282047,0.023501993876282046,1,2022-11-16,0.020811502709418228,0.0026904911668638176,0.1046138743061804,0.17160273218582295,0.17160273218582295,0.008697489685685716,0.018579312479869128,0.01604666559994903,0.5269215618876477
MO,5,0.01,2023-03-24,2023-03-31,33.72756576538086,34.22615051269531,hold_days,0.014782707734757983,0.013782707734757982,1,2023-03-23,0.03396544594478512,-0.02018273821002714,0.016061784917889958,0.016061784917889958,0.1449503203384365,0.01445321012455934,0.012931692139839239,0.011262528920648022,1.4254410688605095
MO,5,0.01,2023-05-31,2023-06-07,34.07273864746094,34.59434127807617,hold_days,0.015308503258633754,0.014308503258633753,1,2023-05-30,0.032425062664980686,-0.018116559406346933,0.007343922970556262,0.033274511091992615,0.033274511091992615,0.009050397309741116,0.007960335801890062,0.007880404893225721,1.016467539401187
MO,5,0.01,2023-10-27,2023-11-03,31.466737747192383,32.56366729736328,hold_days,0.034859970518194894,0.03385997051819489,1,2023-10-26,0.05629477674875161,-0.022434806230556714,-0.01224500289371832,-0.01224500289371832,-0.000353136712746851,0.006468633515046363,0.007247418263124524,0.007094208590652277,0.9797598165978023
MO,5,0.01,2024-05-30,2024-06-06,38.072975158691406,39.12031555175781,hold_days,0.02750876149554915,0.02650876149554915,1,2024-05-29,0.019542273016776912,0.006966488478772237,0.013646031987892762,0.026512651947846466,0.11026935138109141,0.0068092751735623226,0.005602101154693147,0.005791662841068496,1.093183754925753
MO,5,0.01,2024-06-17,2024-06-25,38.27278518676758,39.74546813964844,hold_days,0.038478593749953216,0.037478593749953215,3,2024-06-14,0.015084235740175034,0.02239435800977818,0.020499833583637595,0.04755599048427582,0.09546514359525711,0.002458141408271579,0.0026034222532591708,0.005584738069542221,0.4012665548086489
MO,5,0.01,2024-11-08,2024-11-15,47.187198638916016,48.828495025634766,hold_days,0.03478266212152614,0.03378266212152614,1,2024-11-07,-0.014432495366138887,0.04821515748766503,0.03210798969350263,0.06293793858033551,0.12070995616169872,0.01208889217554195,0.008521487689474928,0.007072587396214367,1.8473548106159192
MO,5,0.01,2025-04-29,2025-05-06,53.247798919677734,54.797122955322266,hold_days,0.029096489753156263,0.028096489753156262,1,2025-04-28,0.003754868859041194,0.024341620894115068,0.10689376404209558,0.10689376404209558,0.10689376404209558,0.00570208777698323,0.013349531062484054,0.028383119931174303,0.3319883379776793
MO,5,0.01,2025-10-17,2025-10-24,60.92929458618164,60.5733642578125,hold_days,-0.00584169455409822,-0.00684169455409822,1,2025-10-16,0.021156389192017677,-0.027998083746115898,0.020254690673848403,0.06397160339270909,0.16984375073970073,0.0071246245152872135,0.008179133940754972,0.006164242710390278,1.2355379742855928
MO,5,0.01,2025-11-25,2025-12-03,54.64434814453125,54.70991516113281,hold_days,0.0011998865175981699,0.00019988651759816987,1,2025-11-24,0.01673604870259826,-0.01653616218500009,0.031086667788733494,0.06243911681949173,0.14981272808760474,0.010937459296856869,0.007826389457924557,0.006605439581934395,1.853083845084916
MO,5,0.01,2025-12-22,2025-12-30,54.89724349975586,55.10073471069336,hold_days,0.0037067655489551044,0.0027067655489551043,3,2025-12-19,0.004625478563368812,-0.001918713014413708,0.03485690313781497,0.07943978126794968,0.12569271706360827,0.00521520393243265,0.006025243958863744,0.005991953420349324,0.8225803437450665
MO,5,0.01,2026-03-25,2026-04-01,61.85237503051758,63.50100326538086,hold_days,0.02665424301087649,0.025654243010876487,1,2026-03-24,-0.0006969403506963401,0.026351183361572827,0.014891075370054204,0.024286136161087404,0.10529370884116328,0.007991814456966718,0.008574988364529048,0.006654399229482227,1.134635392831585
MO,5,0.01,2026-04-20,2026-04-27,62.657291412353516,64.00527954101562,hold_days,0.021513667416468207,0.020513667416468206,3,2026-04-17,-0.0168549374413286,0.037368604857796806,0.05327977243887578,0.05327977243887578,0.11162469857097285,0.0034213915028502794,0.008546535402443163,0.008400768084178015,0.46292071145245395
MO,5,0.01,2026-05-11,2026-05-18,66.5363998413086,71.49195861816406,hold_days,0.07447891362734738,0.07347891362734738,3,2026-05-08,0.01429954888203655,0.059179364745310825,0.008889853829629318,0.04473248972390592,0.10260395135807539,0.005601656562263238,0.007861304276629469,0.006102878322951481,0.7751892953135191
AMZN,5,0.01,2016-01-19,2016-01-26,28.724000930786133,30.0625,hold_days,0.046598629224359644,0.045598629224359644,4,2016-01-15,0.008867725633770362,0.03673090359058928,-0.0015500787821984589,-0.0015500787821984589,0.03901928940053448,0.021004756399629253,0.015094170783179806,0.013300946462623489,1.8468979136355872
AMZN,5,0.01,2016-05-18,2016-05-25,34.872501373291016,35.41749954223633,hold_days,0.01562830733337428,0.01462830733337428,1,2016-05-17,0.023887978717042957,-0.009259671383668677,0.0036139147796480095,0.09306239494724418,0.1508136515122153,0.00939038586871784,0.008624221212979307,0.007189088034438324,1.266928345768231
AMZN,5,0.01,2016-08-04,2016-08-11,38.03850173950195,38.5620002746582,hold_days,0.013762333194438314,0.012762333194438313,1,2016-08-03,0.01740117076736114,-0.004638837572922827,0.03360971477744256,0.10339365423602423,0.21738559510452385,0.003974493361833606,0.0028761466915690446,0.004826368617230299,0.4647727300974723
AMZN,5,0.01,2016-09-13,2016-09-20,38.050498962402344,39.01100158691406,hold_days,0.025242839140185547,0.024242839140185546,4,2016-09-09,0.005092409991682922,0.019150429148502623,-0.0010337540586082823,0.09307405525955136,0.09307405525955136,0.014970059191378199,0.009524632627897591,0.006735918756920784,1.7373748226129895
AMZN,5,0.01,2017-02-07,2017-02-14,40.625,41.81949996948242,hold_days,0.029403076171875098,0.028403076171875097,1,2017-02-06,0.020588155418105103,0.007814920753769994,0.020887224827858465,0.08558920988455947,0.13095889495494467,0.0042337667277202095,0.004861843849660026,0.004129703862927128,0.9688012825369033
AMZN,5,0.01,2018-04-25,2018-05-02,73.00849914550781,78.48400115966797,hold_days,0.07499814512345115,0.07399814512345115,1,2018-04-24,-0.005604234164054311,0.07960237928750546,0.023190070969463204,0.03300104436189125,0.06476529991086498,0.00818595226720046,0.009334224320904121,0.01236933492513724,0.5649915413375466
AMZN,5,0.01,2018-08-21,2018-08-28,94.1709976196289,96.64099884033203,hold_days,0.02622889512841131,0.02522889512841131,1,2018-08-20,0.009977673325808567,0.015251221802602744,0.021107998887783034,0.07784023741925207,0.11401405625123505,0.007469364602151798,0.006128015274607536,0.005389175609482318,1.2200386334972597
AMZN,5,0.01,2018-09-19,2018-09-26,96.32099914550781,98.74250030517578,hold_days,0.025139909066037802,0.0241399090660378,2,2018-09-17,0.004463866203429312,0.01967604286260849,0.02671160885881394,0.103725176770171,0.1407677302012621,0.004558082856031138,0.003384092437618981,0.0037702011993098797,0.9292831874239211
AMZN,5,0.01,2018-11-23,2018-11-30,75.10299682617188,84.50849914550781,hold_days,0.12523471388372487,0.12423471388372487,3,2018-11-20,0.05795883942005875,0.06627587446366612,0.0040949558338526,0.0040949558338526,0.011093361584290876,0.011542600403325052,0.010691590332812355,0.01197735660329939,1.0878786563941227
AMZN,5,0.01,2019-05-14,2019-05-21,92.00599670410156,92.8759994506836,hold_days,0.009455935240612945,0.008455935240612944,1,2019-05-13,0.011987110795071754,-0.0035311755544588097,0.009056415608247046,0.030189878056051677,0.2169146316769767,0.012594592785424892,0.010116714452829204,0.008122252637524424,1.8180201685585529
AMZN,5,0.01,2019-09-12,2019-09-19,92.17749786376953,91.07499694824219,hold_days,-0.011960629666437073,-0.012960629666437073,2,2019-09-10,-0.0013721008154639058,-0.011588528850973168,0.06712518407396524,0.06712518407396524,0.10620032170993407,0.003730014172800143,0.007340156800904865,0.010217073586104457,0.3749499029844271
AMZN,5,0.01,2019-12-11,2019-12-18,87.43599700927734,89.20149993896484,hold_days,0.020191945995654104,0.019191945995654103,1,2019-12-10,0.017055136940186122,0.002136809055467981,0.019856642050820206,0.09872810883278402,0.12679618722641453,0.006191523954223783,0.006598815317237862,0.005611336285832025,0.9430494362369464
AMZN,5,0.01,2021-01-19,2021-01-26,156.03799438476562,166.30650329589844,hold_days,0.06580774734781736,0.06480774734781736,4,2021-01-15,-0.002623537077864335,0.06743128442568169,0.0452611578169919,0.22364826510767216,0.22364826510767216,0.006398964278545707,0.007322920967995013,0.006912772501350393,0.5887250981622945
AMZN,5,0.01,2021-04-23,2021-04-30,167.04400634765625,173.37100219726562,hold_days,0.03787622188874873,0.03687622188874873,1,2021-04-22,0.002395787883513023,0.034480434005235705,0.04884357139392506,0.17006373192975457,0.37663227566600893,0.009651800691631776,0.006828463631802571,0.0069701175176062,1.1561925207204526
AMZN,5,0.01,2021-05-13,2021-05-20,158.07350158691406,162.38400268554688,hold_days,0.027268967001801814,0.026268967001801813,1,2021-05-12,0.002488579631533705,0.023780387370268108,0.0205079784396038,0.11499125330360192,0.24260532462684392,0.011149792561256798,0.009852259261947768,0.008363026048686231,1.3404338395491713
AMZN,5,0.01,2021-08-20,2021-08-27,159.99749755859375,167.48150634765625,hold_days,0.046775786517046836,0.045775786517046835,1,2021-08-19,0.019146044641471516,0.02662974187557532,0.006227186815879812,0.05896277954020227,0.16246184142214218,0.006408520414691735,0.005882550137860805,0.006017123408507371,0.9542541569051071
AMZN,5,0.01,2021-09-15,2021-09-22,173.7895050048828,169.00250244140625,hold_days,-0.027544831106700363,-0.028544831106700363,1,2021-09-14,-0.02025092156757924,-0.008293909539121125,0.014252328114875494,0.05037143472205508,0.1170229625040124,0.005459443537359986,0.0052458329897166105,0.0060946285099286145,0.8440221765995661
AMZN,5,0.01,2022-04-01,2022-04-08,163.55999755859375,154.4604949951172,hold_days,-0.05563403460076943,-0.056634034600769434,1,2022-03-31,-0.0030315482645569825,-0.05360248633621245,0.06668302848392915,0.06668302848392915,0.0772250701057952,0.008369617995703746,0.008697418683131551,0.010788344209429146,0.8122561854093702
AMZN,5,0.01,2023-08-10,2023-08-17,138.55999755859375,133.97999572753906,hold_days,-0.03305428631461915,-0.03405428631461915,1,2023-08-09,-0.017606962513867397,-0.016447323800751756,0.02405615079783462,0.09137297572162374,0.12243252162298796,0.007032464926410933,0.006355260224212694,0.005409894870705818,1.0531173440605268
AMZN,5,0.01,2023-10-05,2023-10-10,125.95999908447266,129.47999572753906,resistance,0.02794535303787815,0.02694535303787815,2,2023-10-03,0.024484049099407157,0.0024613039384709934,0.0005769288374611941,0.0005769288374611941,0.03125067915853245,0.005302049486682975,0.005895766754813096,0.006616019114858238,0.8559368449208559
AMZN,5,0.01,2024-02-21,2024-02-28,168.58999633789062,173.16000366210938,hold_days,0.027107227139737677,0.026107227139737677,1,2024-02-20,0.009483498874049756,0.01662372826568792,0.026934447020693798,0.08707893943628149,0.18887804191389496,0.006087203293315604,0.006463769881317938,0.007224536194230031,1.007406096309264
AMZN,5,0.01,2024-08-06,2024-08-13,161.92999267578125,170.22999572753906,hold_days,0.05125673702941613,0.05025673702941613,1,2024-08-05,0.02318015414644048,0.027076582882975653,0.0064068496994899886,0.018418976190301566,0.06322136032994612,0.012388332167163433,0.011983542529884664,0.009887194428417869,1.8339767694831266
AMZN,5,0.01,2025-07-09,2025-07-16,222.5399932861328,223.19000244140625,hold_days,0.0029208644508120774,0.0019208644508120773,1,2025-07-08,-0.0026769435633356986,0.004597808014147776,0.04610762580690586,0.1795182509906626,0.2268750947238662,0.0058286348901462155,0.005559385679380084,0.005925865504330882,0.6675597220233004
AMZN,5,0.01,2025-08-05,2025-08-12,213.75,221.47000122070312,hold_days,0.03611696477521931,0.035116964775219306,1,2025-08-04,0.015148923360638555,0.01996804141458075,0.008952665285754904,0.08845742645713192,0.22085798952515381,0.009276297817031355,0.007297886609378907,0.00587178747298975,1.2714371288823156
AMZN,5,0.01,2025-11-07,2025-11-14,244.41000366210938,234.69000244140625,hold_days,-0.03976924460972875,-0.04076924460972875,1,2025-11-06,0.014620385630616628,-0.05538963024034538,0.03426785094989657,0.05007297657123186,0.14096338952670937,0.004383663371106031,0.004175358363244957,0.0054261056919793545,0.7993949041113103
AMZN,5,0.01,2026-03-30,2026-04-07,200.9499969482422,213.77000427246094,hold_days,0.06379700183583847,0.06279700183583847,3,2026-03-27,0.020654824733306265,0.04214217710253221,-0.001293046079998298,0.004789320104234371,0.08425495085226871,0.0070399809804614355,0.008356692755265788,0.007129042934246922,0.9719618977881084
AMZN,5,0.01,2026-06-12,2026-06-22,238.5500030517578,232.7899932861328,hold_days,-0.024145921995126773,-0.025145921995126774,2,2026-06-10,-0.013619678100847299,-0.011526243894279475,0.03193976780429533,0.08315871965938738,0.09564450892782353,0.008286852042759776,0.008153346521774976,0.006323203499784546,1.188570585283056
AMZN,5,0.01,2026-08-20,2026-08-27,260.1099853515625,256.260009765625,hold_days,-0.014801337137188009,-0.01580133713718801,2,2026-08-18,-0.0016439520796222018,-0.014157385057565808,0.04906559068977161,0.07470869764647194,0.14681818507319114,0.00626344932024914,0.004648767937274632,0.006211666894753813,0.9926554107539688
AXP,5,0.01,2015-09-30,2015-10-05,63.44908905029297,66.16236877441406,resistance,0.0427630997502646,0.0417630997502646,1,2015-09-29,0.03581993114439408,0.005943168605870519,0.020202341924041554,0.03514888605386912,,0.011397386406325446,0.00879214455122974,0.012219124432844172,0.8465084122514047
AXP,5,0.01,2016-05-06,2016-05-13,55.93625259399414,55.59808349609375,hold_days,-0.006045615896991596,-0.007045615896991596,1,2016-05-05,-0.003005209908546802,-0.004040405988444794,0.017156097113302758,0.15182791770216805,0.15182791770216805,0.007090529479586906,0.006107207312299763,0.00646639952375107,0.8541715496845382
AXP,5,0.01,2016-08-12,2016-08-19,56.97599792480469,57.10670471191406,hold_days,0.0022940675349272244,0.0012940675349272244,2,2016-08-10,0.003820159373593146,-0.0025260918386659217,0.0202210015425001,0.12154830915996281,0.19858783812420347,0.003667542420685608,0.005452492850250713,0.004228553206734712,0.4396988628469741
AXP,5,0.01,2016-08-29,2016-09-06,57.09800338745117,57.30714416503906,resistance,0.003662838719048045,0.002662838719048045,3,2016-08-26,-0.00038743893134562946,0.0030502776503936744,0.022278437165814305,0.12381008718751246,0.1546951360503077,0.002863889075649767,0.0028271711752437577,0.004286567215657677,0.3539484740948104
AXP,5,0.01,2016-09-15,2016-09-22,55.6252326965332,56.32239532470703,hold_days,0.012533208300938625,0.011533208300938624,1,2016-09-14,0.016273055249512725,-0.0047398469485741,0.009307511182820334,0.10153765238173236,0.10153765238173236,0.01601061034775927,0.010545353696288746,0.0074061987604449216,1.812502463859505
AXP,5,0.01,2016-11-21,2016-11-29,62.65793228149414,62.61412811279297,hold_days,-0.0006991001315583834,-0.0016991001315583834,3,2016-11-18,0.0053232728182035505,-0.007022372949761934,0.05676067073828959,0.05676067073828959,0.1513505478561437,0.0046323617079900474,0.005496746029705622,0.006989194961945671,0.6550135335846654
AXP,5,0.01,2017-01-25,2017-01-30,67.63090515136719,67.97392272949219,resistance,0.005071905770849483,0.004071905770849483,2,2017-01-23,-0.0077246613079009485,0.01179656707875043,0.031287219584495214,0.12760557974211198,0.12760557974211198,0.00448369953340752,0.0038284243907961103,0.0042360620052021005,0.8289062344619404
AXP,5,0.01,2017-03-24,2017-03-31,68.78312683105469,69.58355712890625,hold_days,0.011637015278726404,0.010637015278726403,3,2017-03-21,0.008398931754225902,0.0022380835245005004,-0.0019771421936560043,0.06552193458535742,0.1650376887828954,0.005455083305466786,0.004741625780801769,0.005126781510833106,1.231443186103547
AXP,5,0.01,2017-08-14,2017-08-21,75.77124786376953,75.62056732177734,hold_days,-0.0019886242636929508,-0.0029886242636929508,3,2017-08-11,-0.017629067104799057,0.014640442841106105,0.009814264621131904,0.05669584883651695,0.08007789459961275,0.006342613662255314,0.004852854939979822,0.0036444379718374824,1.6157367466520975
AXP,5,0.01,2017-11-16,2017-11-24,83.2634506225586,83.1922836303711,hold_days,-0.0008547206686173592,-0.0018547206686173592,1,2017-11-15,0.0082271227298365,-0.01008184339845386,0.019097597578128133,0.10196164090588374,0.12444741031606724,0.0029508891367239242,0.0032099995289935593,0.004038276029265097,0.8795970995175808
AXP,5,0.01,2018-05-04,2018-05-11,88.16487884521484,90.91693878173828,hold_days,0.031214923363701796,0.030214923363701796,1,2018-05-03,0.02943554428440298,0.0007793790792988142,0.01923525693074551,0.039634264060146175,0.06967054164178979,0.004629718766724332,0.007793527863251918,0.008393368664904715,0.3597324207648271
AXP,5,0.01,2018-10-30,2018-11-06,92.16858673095703,94.78700256347656,hold_days,0.028408983205555405,0.027408983205555404,1,2018-10-29,0.032488650679079134,-0.00507966747352373,0.015463990307083212,0.015463990307083212,0.022541636686878412,0.019634183357133354,0.012790458601247764,0.013869440522275508,2.178664419755559
AXP,5,0.01,2019-03-28,2019-04-04,98.96453857421875,100.18827819824219,hold_days,0.012365435555541815,0.011365435555541814,1,2019-03-27,0.02387913831618782,-0.012513702760646006,0.024066516889939875,0.15845816448148778,0.2130112980534011,0.01174078327160745,0.008745411961620804,0.00727976365022321,1.3341202822958702
AXP,5,0.01,2019-04-12,2019-04-16,100.90703582763672,101.78955841064453,resistance,0.00874589740714704,0.007745897407147041,1,2019-04-11,0.0005395732010540222,0.007206324206093019,0.04497659724345507,0.12502535290154834,0.25653473302912366,0.004805036807728708,0.005544708755217073,0.007137112444052557,0.7084920597037861
AXP,5,0.01,2019-07-22,2019-07-29,114.99454498291016,116.08062744140625,hold_days,0.009444643297275457,0.008444643297275456,3,2019-07-19,0.012171251421508655,-0.0037266081242331994,0.027736482470162034,0.09466270483804214,0.14609613582540418,0.0054017736070707,0.004232018023057775,0.005214257907306424,0.7047241734815651
AXP,5,0.01,2021-08-05,2021-08-12,159.62734985351562,158.58277893066406,hold_days,-0.006543809214461849,-0.007543809214461849,1,2021-08-04,0.01398853923933907,-0.02153234845380092,0.04138463867926305,0.06136986045611701,0.16907566950854522,0.008335467842197979,0.0065259066341770405,0.008438371829545632,1.1224937755004478
AXP,5,0.01,2021-09-14,2021-09-21,150.0758056640625,153.64234924316406,hold_days,0.023764947076713394,0.022764947076713393,4,2021-09-10,-0.020086525284830903,0.042851472361544296,0.003960379798116981,0.05770183568072818,0.11350331875059587,0.0044250453230199605,0.0047589694223081425,0.005993809507771254,0.6592879785794817
AXP,5,0.01,2022-03-08,2022-03-15,151.36563110351562,166.48797607421875,hold_days,0.09990606758254983,0.09890606758254983,1,2022-03-07,0.01874018717534698,0.08016588040720285,-0.0016091504437613497,-0.0016091504437613497,0.02577421704695411,0.016040281528432534,0.014984970433900163,0.012452761707597272,1.6243652621497962
AXP,5,0.01,2023-09-08,2023-09-15,152.0415802001953,158.14523315429688,hold_days,0.04014462981813782,0.03914462981813782,1,2023-09-07,0.005671741786066331,0.03347288803207149,0.016517218215708094,0.03786060651780622,0.10555395156377008,0.00507050980179507,0.006329427689927855,0.0064696665244180955,0.839170225905808
AXP,5,0.01,2023-10-04,2023-10-11,141.6112518310547,146.92538452148438,hold_days,0.03752620375653182,0.036526203756531817,1,2023-10-03,0.02377724424513361,0.012748959511398206,0.0024860259546936577,0.0024860259546936577,0.033218301679084676,0.005271677735097272,0.0068536213130677625,0.006517314948822561,0.8498163556484651
AXP,5,0.01,2023-10-30,2023-11-06,138.9347381591797,148.36062622070312,hold_days,0.06784399773888117,0.06684399773888117,3,2023-10-27,0.0398482308790431,0.026995766859838066,0.014695391288167128,0.014695391288167128,0.014695391288167128,0.007359426853869194,0.005978557475536158,0.007441478159693775,1.0894765248731715
AXP,5,0.01,2024-08-07,2024-08-14,223.9481964111328,238.5909423828125,hold_days,0.06538452287777297,0.06438452287777297,2,2024-08-05,0.029539595659865192,0.03484492721790777,0.0034479495555462735,0.015424759630523296,0.05508472265811653,0.013506151941959062,0.012394226971979986,0.009749848807548102,1.985190076948382
AXP,5,0.01,2024-09-10,2024-09-17,240.2157745361328,259.7720642089844,hold_days,0.0814113465721209,0.0804113465721209,4,2024-09-06,0.018753833805425613,0.06165751276669529,0.030359645520204072,0.05097237342918193,0.0917130593543909,0.009939420934361379,0.008872847287060752,0.007991461494846632,1.2737849880630006
AXP,5,0.01,2024-11-20,2024-11-27,282.3448181152344,298.5764465332031,hold_days,0.05748867121529422,0.05648867121529422,2,2024-11-18,0.027416981280615094,0.029071689934679124,0.02070418349838668,0.05119349093527287,0.09631802253666288,0.004220986971703532,0.0035055618438363666,0.006915939170609925,0.6545776141164493
AXP,5,0.01,2025-01-13,2025-01-21,292.16656494140625,312.7545166015625,hold_days,0.07046648771835051,0.06946648771835051,3,2025-01-10,0.03750765934466349,0.03195882837368702,0.009000603149226577,0.01542358663429136,0.08958831798962553,0.005321229528357305,0.005759496116023437,0.007879496077169463,0.8259902752455308
AXP,5,0.01,2025-09-12,2025-09-19,321.8671569824219,337.5098876953125,hold_days,0.048599959248855296,0.047599959248855295,2,2025-09-10,0.01457426510288995,0.033025694145965345,0.01779354425096805,0.07861150229194254,0.2649956432770923,0.0059477941096841,0.005286546062754754,0.0056781147413967475,1.0654186886280703
AXP,5,0.01,2025-11-19,2025-11-26,341.85662841796875,361.030517578125,hold_days,0.05608751612887675,0.055087516128876746,1,2025-11-18,0.022567982462041725,0.03251953366683502,0.008495755053728926,0.04190672937965081,0.1293518859514042,0.0031853280715265194,0.006611019726015712,0.0054738433585539105,0.5857963254739426
AXP,5,0.01,2026-01-02,2026-01-09,370.54107666015625,373.4041442871094,hold_days,0.007726721292978356,0.006726721292978356,2,2025-12-31,0.028554355207354165,-0.02182763391437581,0.017412222504196485,0.08450000635756306,0.13096976783469372,0.002029094587122868,0.0033482596806307025,0.00485760645616113,0.3172954742390949
AXP,5,0.01,2026-04-28,2026-05-05,315.0376281738281,315.0874938964844,hold_days,0.000158284973592826,-0.000841715026407174,4,2026-04-24,0.013963849979798049,-0.014805565006205224,0.03805312396190133,0.03805312396190133,0.09555459168543959,0.002322108071023758,0.004264347710640238,0.007932002819849312,0.31282575980913696
AXP,5,0.01,2026-08-18,2026-08-25,338.5199890136719,335.95001220703125,hold_days,-0.007591802227480349,-0.00859180222748035,1,2026-08-17,0.007206092044206747,-0.015797894271687096,0.04864308419536312,0.07432558200290065,0.14635630915675715,0.0033204802939354734,0.003765192626701484,0.006198309602052682,0.5292855525209456
AEP,5,0.01,2015-11-09,2015-11-16,37.37077331542969,38.59287643432617,hold_days,0.03270210944208385,0.03170210944208385,3,2015-11-06,-0.010042225148947592,0.04174433459103144,0.05742784431362822,0.14179242976415124,,0.0018160918024898573,0.006522295430976993,0.007965928811717857,0.12803596444559878
AEP,5,0.01,2015-11-27,2015-12-04,38.407501220703125,38.33884811401367,hold_days,-0.0017874921436557,-0.0027874921436557,2,2015-11-25,0.0009139441998948783,-0.0037014363435505784,0.03820998674592881,0.1370247671860035,0.1536828262406433,0.0019540338795846594,0.008450970005798539,0.008037718262024077,0.19858188488425388
AEP,5,0.01,2016-05-24,2016-06-01,44.46232604980469,45.342777252197266,hold_days,0.019802184919572863,0.018802184919572862,1,2016-05-23,0.013007721746583378,0.0057944631729894835,0.019758132298598154,0.10167244633662074,0.1676447191986559,0.004881894365464962,0.006950357388863702,0.007406238480967119,0.6723399322540411
AEP,5,0.01,2016-09-13,2016-09-20,44.95918655395508,45.80467987060547,hold_days,0.018805796578097,0.017805796578097,4,2016-09-09,0.005092409991682922,0.012713386586414077,-0.0010337540586082823,0.09307405525955136,0.09307405525955136,0.014970059191378199,0.009524632627897591,0.006735918756920784,1.7373748226129895
AEP,5,0.01,2016-11-15,2016-11-22,42.28879928588867,42.082550048828125,hold_days,-0.004877159922801799,-0.005877159922801799,1,2016-11-14,0.006738060726811268,-0.012615220649613068,0.04985199003952574,0.04985199003952574,0.14382347618538618,0.007451067148865713,0.009178252696908567,0.0068514487600033445,1.0606147358104872
AEP,5,0.01,2017-01-27,2017-01-31,44.78517150878906,45.56037902832031,resistance,0.017309468590047006,0.016309468590047005,2,2017-01-25,-0.008504220201809742,0.024813688791856747,0.03079739281428295,0.12707000498785395,0.12707000498785395,0.004329323093345377,0.004175331791873876,0.004127379978403853,0.8066032342257792
AEP,5,0.01,2017-04-04,2017-04-11,48.30339050292969,48.37517547607422,hold_days,0.0014861270067612065,0.00048612700676120644,4,2017-03-31,-0.0034448400389076594,0.003930967045668866,0.010656995807221258,0.06133232285224082,0.17576476797947277,0.0033268110621632375,0.0033980940115512837,0.004122900177878803,0.786970286256008
AEP,5,0.01,2017-08-14,2017-08-16,51.87488555908203,52.58309555053711,resistance,0.013652270917272169,0.012652270917272168,3,2017-08-11,0.002205059334910109,0.01044721158236206,0.009814264621131904,0.05669584883651695,0.08007789459961275,0.006342613662255314,0.004852854939979822,0.0036444379718374824,1.6157367466520975
AEP,5,0.01,2017-12-06,2017-12-13,56.48568344116211,56.32374572753906,hold_days,-0.0028668806635177013,-0.0038668806635177013,1,2017-12-05,0.016238919728007062,-0.020105800391524764,0.034535462222521095,0.09565855877472791,0.1469158882776466,0.00585878296053255,0.004641793303969101,0.004627305894409569,1.667513012511538
AEP,5,0.01,2018-06-13,2018-06-20,47.609527587890625,50.190311431884766,hold_days,0.05420729788233736,0.05320729788233736,2,2018-06-11,-0.012593160338209786,0.06580045822054714,0.0313519322270514,0.0729459103823019,0.08323397325247943,0.0013056226169720392,0.005714292771326801,0.0067149311215714946,0.12338234482693353
AEP,5,0.01,2018-09-27,2018-10-04,52.797481536865234,53.402931213378906,hold_days,0.011467396907765881,0.01046739690776588,1,2018-09-26,0.0004913638009695909,0.00997603310679629,0.026271860945573895,0.10164425999521785,0.13126169542292315,0.002249071768944886,0.0038514742967738925,0.003482584326783106,0.4722157007039226
AEP,5,0.01,2019-02-19,2019-02-26,61.67515182495117,61.9370002746582,hold_days,0.004245606892873566,0.0032456068928735657,4,2019-02-15,0.012888773475106863,-0.009643166582233298,0.04893445632886098,0.1812527550486819,0.1812527550486819,0.008275190233437537,0.007175760772722669,0.007815255582297667,0.5706161149107131
AEP,5,0.01,2019-04-08,2019-04-15,64.03958129882812,64.89445495605469,hold_days,0.013349145011386954,0.012349145011386953,4,2019-04-04,0.00567175334813208,0.0066773916632548724,0.03940473724147035,0.1316742815512286,0.24744556221332864,0.0025065517582041233,0.0053616920576726994,0.0068844940525929505,0.3664695191513393
AEP,5,0.01,2019-05-31,2019-06-07,66.86199188232422,69.5172119140625,hold_days,0.03971194930015565,0.038711949300155646,1,2019-05-30,0.044383342467897435,-0.0056713931677417895,-0.011315029402046478,-0.00031819542429221476,0.18412749895529584,0.005684621533727585,0.00616480305348027,0.00925458501571829,0.7608491440945302
AEP,5,0.01,2019-08-02,2019-08-09,68.86505126953125,70.37651062011719,hold_days,0.021948133671900294,0.020948133671900293,2,2019-07-31,-0.005961805689058575,0.026909939360958868,-0.008185194139612554,0.07425151931016584,0.10066754336548843,0.005329906507250123,0.006315544004615718,0.005231832264123994,0.7164468082726922
AEP,5,0.01,2019-10-30,2019-11-06,73.60707092285156,71.94879150390625,hold_days,-0.02252880597141782,-0.02352880597141782,1,2019-10-29,0.016253137396894823,-0.039781943368312644,0.05435219791954732,0.08128665049957716,0.12088034140180419,0.0031684923726688144,0.0036672080376027073,0.006829795469324278,0.32841460370796655
AEP,5,0.01,2020-04-16,2020-04-23,66.70658111572266,65.88912200927734,hold_days,-0.012254549592748298,-0.0132545495927483,3,2020-04-13,0.01187909021789224,-0.02513363981064054,0.2583190895641568,0.2583190895641568,0.2583190895641568,0.022957147857314338,0.02993626747885616,0.042041100971208556,0.5690043003320964
AEP,5,0.01,2020-11-02,2020-11-09,73.65778350830078,73.47261047363281,hold_days,-0.0025139642526319506,-0.0035139642526319506,3,2020-10-30,0.07827299304209845,-0.0817869572947304,0.02386170301659494,0.02386170301659494,0.17603941890111927,0.017623990607138287,0.014336130432478597,0.01252812415020907,1.5623670504073919
AEP,5,0.01,2020-12-24,2021-01-04,66.27677154541016,66.37443542480469,hold_days,0.0014735762940356611,0.00047357629403566113,1,2020-12-23,-0.0005101570706832481,0.0009837333647189092,0.025696885848056544,0.17772439075957902,0.205166871277382,0.0052781859130969335,0.006254022641589739,0.006362651462148863,0.46305741030905373
AEP,5,0.01,2021-10-01,2021-10-08,67.98441314697266,69.82229614257812,hold_days,0.027033887777073717,0.026033887777073716,1,2021-09-30,0.01301379973812855,0.013020088038945166,0.015122956070361356,0.030802543433560616,0.059136366915250226,0.009915120232680085,0.011558300363938455,0.008798472216589606,1.2848014722693375
AEP,5,0.01,2022-07-07,2022-07-14,81.03197479248047,80.81766510009766,hold_days,-0.002644754653106429,-0.0036447546531064292,2,2022-07-05,-0.028050045843758253,0.024405291190651823,0.036521132225879466,0.036521132225879466,0.036521132225879466,0.007655288225506388,0.012701446178966227,0.01628977939472202,0.47631739020004227
AEP,5,0.01,2022-07-21,2022-07-28,79.54884338378906,83.68961334228516,resistance,0.052053176166479975,0.051053176166479974,1,2022-07-20,0.020335950603822317,0.030717225562657657,0.05242310313772133,0.0602601474761361,0.0602601474761361,0.015590992980302273,0.013296924971647434,0.012814032668620832,0.9528326417757995
AEP,5,0.01,2022-09-02,2022-09-12,87.34517669677734,90.87908935546875,hold_days,0.04045916205492994,0.03945916205492994,2,2022-08-31,0.037177678911976875,0.002281483142953067,-0.004570593461848204,0.06314813833278961,0.06314813833278961,0.0065235697580709245,0.013492653701998657,0.01188369414822221,0.4821967520365971
AEP,5,0.01,2023-05-04,2023-05-11,80.48806762695312,80.54463958740234,hold_days,0.0007028614565753877,-0.00029713854342461234,1,2023-05-03,0.009801116172818425,-0.010098254716243038,-0.011073363221227102,0.025741544203661496,0.03597416843474518,0.008973092925707377,0.009652425839457938,0.007580983596368187,0.9756857883685596
AEP,5,0.01,2023-07-19,2023-07-26,75.8281478881836,77.8177719116211,hold_days,0.026238594490945566,0.025238594490945565,1,2023-07-18,0.020656730272825996,0.004581864218119569,0.03760132718327244,0.08090519055588298,0.1087293592985444,0.005628685308075772,0.007030316576870719,0.005751660427188548,0.7327088307651273
AEP,5,0.01,2023-08-23,2023-08-30,71.28413391113281,71.29309844970703,hold_days,0.0001257578381381741,-0.0008742421618618259,2,2023-08-21,0.016443042958200316,-0.017317285120062142,0.0071007090817327085,0.06835315447650693,0.10390208336530075,0.002169052111425023,0.004646092501225397,0.005419845796092632,0.34728193386739714
AEP,5,0.01,2024-06-27,2024-07-05,81.86485290527344,81.4569091796875,hold_days,-0.004983136365712015,-0.005983136365712015,2,2024-06-25,0.00028522503618777506,-0.00626836140189979,0.037031790298153476,0.06452625321318052,0.11321152800433743,0.00496985592711494,0.004241948367107754,0.00439970173059228,0.8352433095561609
AEP,5,0.01,2024-09-27,2024-10-04,95.27322387695312,93.81381225585938,hold_days,-0.015318171902932609,-0.01631817190293261,1,2024-09-26,0.0012358221896495714,-0.01755399409258218,0.04539554545749946,0.08921363204396783,0.13143673096689074,0.006892938002996054,0.006183392136927908,0.007469454377719374,0.8614259178332491
AEP,5,0.01,2025-02-14,2025-02-24,97.09236145019531,101.34486389160156,hold_days,0.04379852727742772,0.04279852727742772,1,2025-02-13,0.0010332612219716708,0.04176526605545605,0.02836009450583745,0.05767910560784581,0.09620685743607092,0.005107542931242285,0.005311193474298324,0.005911676091701956,0.8048500244295718
AEP,5,0.01,2025-09-19,2025-09-26,103.83869934082031,105.85610961914062,hold_days,0.019428308435362363,0.01842830843536236,1,2025-09-18,-0.0014227774476398558,0.019851085883002217,0.030964832717061855,0.08215297195926845,0.2834320251362135,0.0017348921583505835,0.004904719117835012,0.005857272234657692,0.30997634652384964
AEP,5,0.01,2025-12-16,2025-12-23,111.99895477294922,112.5659408569336,hold_days,0.005062422994337679,0.004062422994337679,4,2025-12-12,0.007028693597807445,-0.0029662706034697664,0.04542757816961386,0.0740164241034864,0.13295817690596376,0.005711453674269389,0.005895748745041092,0.006909691798543845,0.9128777619109227
AEP,5,0.01,2026-08-24,2026-08-31,121.9800033569336,122.43000030517578,hold_days,0.00368910424543456,0.00268910424543456,3,2026-08-21,-0.010341842384611555,0.013030946630046114,0.040418158344371465,0.08325427691656502,0.15593714515082793,0.006857780625173931,0.005336127227020448,0.00634358869476447,1.0666800022885239
AMGN,5,0.01,2015-09-15,2015-09-22,110.19422912597656,105.69634246826172,hold_days,-0.040817805917701566,-0.04181780591770157,1,2015-09-14,-0.016090545063306094,-0.025727260854395473,0.06153402738096539,0.06153402738096539,,0.008833472948407578,0.01722560089534634,0.020754555571816536,0.6735906720272847
AMGN,5,0.01,2016-08-12,2016-08-19,127.6626205444336,128.85003662109375,hold_days,0.009301203998447471,0.00830120399844747,2,2016-08-10,0.003820159373593146,0.0044810446248543245,0.0202210015425001,0.12154830915996281,0.19858783812420347,0.003667542420685608,0.005452492850250713,0.004228553206734712,0.4396988628469741
AMGN,5,0.01,2017-01-26,2017-02-02,114.2992172241211,119.23043060302734,hold_days,0.043143019686976425,0.042143019686976424,2,2017-01-24,-0.004877165506865344,0.04702018519384177,0.030603244304102602,0.12685772373465837,0.12685772373465837,0.0035802169313639987,0.004463128504972224,0.004555360398254175,0.6627183566940551
AMGN,5,0.01,2017-06-30,2017-07-10,130.50608825683594,130.48336791992188,hold_days,-0.00017409407651047815,-0.0011740940765104782,3,2017-06-27,0.004822703843846865,-0.005996797920357343,0.004831178966076363,0.056429990940307755,0.10463161513425559,0.007891923387310082,0.005877289349576858,0.004228483399030016,1.61154133712062
AMGN,5,0.01,2017-12-08,2017-12-15,134.7268524169922,135.97877502441406,hold_days,0.009292302053840462,0.008292302053840461,1,2017-12-07,0.013166891380177903,-0.004874589326337442,0.04358411729619184,0.10107969321750025,0.15694748859537921,0.002841742871184059,0.004648771279009945,0.004422910515468853,0.80583252921748
AMGN,5,0.01,2018-05-31,2018-06-07,140.07615661621094,142.94598388671875,hold_days,0.02048762144702998,0.01948762144702998,2,2018-05-29,0.02787854620418817,-0.008390924757158191,0.02785021004958896,0.045777180201858246,0.055804732638569755,0.011254258869340103,0.008007589660693678,0.007053716302049658,1.032438573263353
AMGN,5,0.01,2018-07-24,2018-07-31,149.26275634765625,153.2790069580078,hold_days,0.026907252074302335,0.025907252074302334,1,2018-07-23,0.008094390343660107,0.017812861730642227,0.05555948890152975,0.07228359188795581,0.10144657263957638,0.00197469505180342,0.005252064345264901,0.005521315980522008,0.31442231079822347
AMGN,5,0.01,2019-03-28,2019-04-04,149.5102996826172,153.2391357421875,hold_days,0.024940328977240744,0.023940328977240743,1,2019-03-27,0.02387913831618782,6.119066105292337e-05,0.024066516889939875,0.15845816448148778,0.2130112980534011,0.01174078327160745,0.008745411961620804,0.00727976365022321,1.3341202822958702
AMGN,5,0.01,2019-07-26,2019-08-02,140.90504455566406,150.45193481445312,hold_days,0.06775407004692147,0.06675407004692147,1,2019-07-25,-0.029684052481961043,0.09643812252888251,0.03551138214022613,0.10711518455198282,0.1357458513023512,0.004778464603219583,0.004728388844017396,0.0046217326597982715,0.6281625583793753
AMGN,5,0.01,2019-08-15,2019-08-22,161.30233764648438,164.62857055664062,hold_days,0.020621107906359848,0.019621107906359847,1,2019-08-14,0.02965772064722194,-0.010036612740862094,-1.2662804229076177e-05,0.03661720126104758,0.03661720126104758,0.0185456618532924,0.017755065955695058,0.012707249714343305,2.0028875478440233
AMGN,5,0.01,2020-04-23,2020-04-30,190.74974060058594,196.2714385986328,hold_days,0.028947342107315643,0.027947342107315643,1,2020-04-22,0.04337770369944316,-0.015430361592127517,0.12679107146758542,0.2732667755519853,0.2732667755519853,0.03411586022882592,0.025244541070361677,0.03371031840992161,0.8313616458435713
AMGN,5,0.01,2020-10-29,2020-11-05,181.12841796875,192.89483642578125,hold_days,0.06496174696927626,0.06396174696927626,1,2020-10-28,0.05825647200213768,0.005705274967138574,0.010292483080923107,0.010292483080923107,0.16045339055268876,0.013691187340520737,0.013739796654069082,0.0130182431366997,1.2209711446280958
AMGN,5,0.01,2021-02-17,2021-02-24,198.71926879882812,193.97918701171875,hold_days,-0.02385315634342411,-0.02485315634342411,1,2021-02-16,0.015944673263698972,-0.04079782960712308,0.07321677113953454,0.12987523425557898,0.2702110817858974,0.002097001455909326,0.004566711381670313,0.010164569246192507,0.25372894714404237
AMGN,5,0.01,2021-04-09,2021-04-16,209.97055053710938,215.67213439941406,hold_days,0.027154207329170177,0.026154207329170176,1,2021-04-08,0.009412243643549312,0.016741963685620864,0.05060613312709593,0.16248771056807648,0.3758681490186166,0.004624039614083072,0.007113703725251342,0.0066079244417297945,0.5149532794432925
AMGN,5,0.01,2021-08-27,2021-09-03,190.68038940429688,193.75318908691406,hold_days,0.016114922421843758,0.015114922421843757,1,2021-08-26,0.0019275156684288586,0.013187406753414899,0.025492457454118874,0.07923772819093568,0.15452385559002252,0.005876773680385629,0.006985992950145631,0.006288221106966855,0.853056212026393
AMGN,5,0.01,2021-09-29,2021-10-06,183.93582153320312,179.72474670410156,hold_days,-0.022894261672359417,-0.023894261672359418,1,2021-09-28,0.0038804849768330207,-0.02777474664919244,0.01349965584829757,0.030843242263627824,0.05917818444013865,0.012281182560924184,0.01074881045745042,0.008468355363862045,1.6338622110374434
AMGN,5,0.01,2021-10-28,2021-11-04,177.31961059570312,183.96148681640625,hold_days,0.03745708778848433,0.03645708778848433,1,2021-10-27,0.01307663685526439,0.023380450933219943,0.05561192295521317,0.05561192295521317,0.09248806955564337,0.0029640183571922113,0.004760534880193568,0.006619191700723605,0.4089854846442471
AMGN,5,0.01,2021-12-01,2021-12-08,173.31040954589844,184.2976531982422,hold_days,0.06339632847866516,0.062396328478665164,1,2021-11-30,0.04214801842389271,0.020248310054772456,-0.0062681206303077455,0.024912591588440693,0.06053651503927878,0.014953180831296261,0.010781906093810469,0.00807745728604255,1.88971335517778
AMGN,5,0.01,2022-06-17,2022-06-27,205.9653778076172,214.8543701171875,hold_days,0.04315770157192689,0.04215770157192689,1,2022-06-16,0.04254459533659949,-0.0003868937646726023,-0.0029569879171169027,-0.0029569879171169027,-0.0029569879171169027,0.020534339265078225,0.016845795862459677,0.016823520801361028,1.342133993895408
AMGN,5,0.01,2023-05-04,2023-05-11,208.28659057617188,208.6459197998047,hold_days,0.001725167341012357,0.0007251673410123569,1,2023-05-03,0.009801116172818425,-0.009075948831806069,-0.011073363221227102,0.025741544203661496,0.03597416843474518,0.008973092925707377,0.009652425839457938,0.007580983596368187,0.9756857883685596
AMGN,5,0.01,2023-08-03,2023-08-10,209.17288208007812,237.60662841796875,hold_days,0.13593419020255815,0.13493419020255815,1,2023-08-02,0.0028282674844684053,0.13210592271808974,0.04031755871732856,0.08829498639808415,0.11926693534331596,0.007478551478839374,0.005896160429960626,0.005179869483838696,1.1438557280121409
AMGN,5,0.01,2023-11-22,2023-11-30,243.74581909179688,248.39804077148438,hold_days,0.01908636503806216,0.018086365038062158,1,2023-11-21,0.009284843854475922,0.008801521183586236,0.09418513308998186,0.09418513308998186,0.09418513308998186,0.0035341737396637762,0.007360002762881666,0.008444245240790184,0.46870530044137315
AMGN,5,0.01,2025-07-18,2025-07-24,284.4960632324219,297.80584716796875,resistance,0.04678371919921198,0.04578371919921198,3,2025-07-15,0.012030904141545617,0.03375281505766636,0.04208632755534147,0.14410861044592901,0.22215891586082093,0.004968439756731723,0.004941918248857291,0.005233511506963081,0.6808286317517255
AMGN,5,0.01,2025-09-29,2025-10-06,266.57513427734375,286.1812438964844,hold_days,0.07354815621603517,0.07254815621603516,4,2025-09-25,0.01223024607811718,0.060317910137917985,0.018289326810739814,0.05876778390424045,0.2811355304416018,0.004938764833414226,0.003740311040633769,0.004659913235807344,0.9214214908665951
AMGN,5,0.01,2025-10-28,2025-11-04,284.2060546875,288.6916198730469,hold_days,0.015782792490043773,0.014782792490043772,1,2025-10-27,-0.011579282038013505,0.026362074528057278,0.04546592062128504,0.08058895855604847,0.18207733299495307,0.005100850458774891,0.005428772997165786,0.006839705811259849,0.9119858671006776
AAPL,5,0.01,2015-10-16,2015-10-23,24.861682891845703,26.66183090209961,hold_days,0.07240652284420901,0.07140652284420901,2,2015-10-14,0.027189078086476748,0.04421744475773226,0.08532011339902078,0.10122066988991707,,0.010195630777809477,0.009430034146605827,0.010596186573184006,0.7299375163421266
AAPL,5,0.01,2017-01-03,2017-01-10,26.698213577270508,27.37860107421875,hold_days,0.025484382877492884,0.024484382877492883,4,2016-12-30,0.0075287748102566,0.016955608067236283,0.04084220972224281,0.10281455726245331,0.10281455726245331,0.004108065105166516,0.0036185776931384425,0.005271480149202899,0.7412760288711406
AAPL,5,0.01,2017-04-20,2017-04-27,32.883182525634766,33.19483947753906,hold_days,0.009477700391722577,0.008477700391722576,1,2017-04-19,0.018260220175367436,-0.00978251978364486,0.009796883464905301,0.04673817275746097,0.16971436763994915,0.007433116268029712,0.0047686008164871015,0.004065553216876459,1.682409815469465
AAPL,5,0.01,2017-12-07,2017-12-14,39.54572677612305,40.22303009033203,hold_days,0.01712709234156562,0.01612709234156562,1,2017-12-06,0.009561593200186014,0.006565499141379605,0.03764840660298105,0.09624320789888136,0.15036698831205622,0.0020014410624407983,0.004640338871038638,0.0046285757059296275,0.5683929065291414
AAPL,5,0.01,2018-03-02,2018-03-09,41.32271957397461,42.2067985534668,hold_days,0.021394501344703,0.020394501344702998,1,2018-03-01,0.03779331061488844,-0.017398809270185445,0.04784342705503392,0.04784342705503392,0.15964560983016338,0.013955370416193968,0.011782914625414552,0.018479927518317896,1.2406902924841687
AAPL,5,0.01,2019-02-12,2019-02-20,40.68535614013672,40.95677185058594,hold_days,0.006671090932923285,0.005671090932923285,1,2019-02-11,0.012220160360645327,-0.006549069427722042,0.06360424466750284,0.17241190030673575,0.17241190030673575,0.004938610661034036,0.006884035957088041,0.007857389124421056,0.33867918183122075
AAPL,5,0.01,2019-03-27,2019-04-03,44.87080764770508,46.5087890625,hold_days,0.036504388948271904,0.0355043889482719,1,2019-03-26,0.024890312162968886,0.010614076785303017,0.019211901874811522,0.15296646222686336,0.2072609851939062,0.013479590640038324,0.008602840246192569,0.007192867203659808,1.527837331001289
AAPL,5,0.01,2019-09-25,2019-09-30,53.026023864746094,53.7313346862793,resistance,0.01330122023352609,0.012301220233526089,1,2019-09-24,-0.0010997935688580318,0.01340101380238412,0.05025321913707432,0.06285846745046852,0.10177736986511093,0.0032452966151414755,0.0031405750209878825,0.006154009188429966,0.33445125178724333
AAPL,5,0.01,2020-05-14,2020-05-21,74.86174774169922,76.6296615600586,hold_days,0.023615716593464064,0.022615716593464064,1,2020-05-13,0.04186602864654021,-0.019250312053076146,0.030329287564116868,0.28005862496708034,0.28005862496708034,0.019681916171138264,0.01695206774017737,0.0206372679538439,0.47214494472170626
AAPL,5,0.01,2020-11-03,2020-11-09,107.03160095214844,112.92459869384766,resistance,0.05505848449687156,0.05405848449687156,1,2020-11-02,0.06136405338628048,-0.00730556888940892,0.04017318039985044,0.04017318039985044,0.17819709696627192,0.022044231636856922,0.01611004305385533,0.013038620292931671,1.9262586895392257
AAPL,5,0.01,2021-11-12,2021-11-19,146.50946044921875,156.8243865966797,hold_days,0.07040450572839396,0.06940450572839396,1,2021-11-11,-0.00896812063667285,0.07837262636506681,0.030124333438526073,0.07109720433474788,0.10832641307779918,0.0032281565612201765,0.0031081476061304352,0.00381668470793853,0.46425173368133366
AAPL,5,0.01,2022-04-12,2022-04-20,163.97804260253906,163.5574951171875,hold_days,-0.0025646573082404034,-0.0035646573082404034,1,2022-04-11,0.02316369245047656,-0.026728349758716963,0.026581463592885518,0.04581979237135786,0.04669899413502027,0.008453522514178156,0.007750021202971198,0.008830697474129276,0.8026527726312761
AAPL,5,0.01,2023-05-24,2023-06-01,169.31820678710938,177.44715881347656,hold_days,0.04800991092817353,0.047009910928173526,1,2023-05-23,0.00964199645397179,0.037367914474201736,0.0035529799044796105,0.02938598329740699,0.02938598329740699,0.004431230138736919,0.007067241158378239,0.008405480300458928,0.4979640604718514
AAPL,5,0.01,2023-10-27,2023-11-03,165.97518920898438,174.29266357421875,hold_days,0.050112757243262473,0.04911275724326247,1,2023-10-26,0.05629477674875161,-0.0071820195054891345,-0.01224500289371832,-0.01224500289371832,-0.000353136712746851,0.006468633515046363,0.007247418263124524,0.007094208590652277,0.9797598165978023
AAPL,5,0.01,2023-11-30,2023-12-07,187.66207885742188,191.93006896972656,hold_days,0.022742954454572306,0.021742954454572305,1,2023-11-29,0.008727485432562299,0.013015469022010007,0.07581791513627857,0.1043444711986114,0.1043444711986114,0.0022625765506966247,0.0028796777319275314,0.006857606636600944,0.3038991373336718
AAPL,5,0.01,2024-02-01,2024-02-08,184.6093292236328,186.0517120361328,hold_days,0.007813163173095772,0.006813163173095772,1,2024-01-31,0.0030980725371398954,0.0037150906359558764,0.03352405211796082,0.13164254222569036,0.18434961201826788,0.009764484786321255,0.00813052185120572,0.0064383076424808575,1.6301746550363563
AAPL,5,0.01,2024-04-22,2024-04-29,164.05157470703125,171.6289520263672,hold_days,0.04618899472844351,0.04518899472844351,3,2024-04-19,0.011852951746288198,0.03333604298215531,0.013745976130749387,0.03834332509989666,0.21481402217350062,0.004241327838308731,0.006985858134013044,0.00693510966596803,0.6804417857908016
AAPL,5,0.01,2024-09-17,2024-09-24,214.9915313720703,225.48379516601562,hold_days,0.04880314925422402,0.04780314925422402,1,2024-09-16,0.015344062408296777,0.03245908684592724,0.027609553571607128,0.0706821346545666,0.112186864632736,0.001418789138078127,0.007065541610866583,0.00708210278298068,0.18159436986796648
AAPL,5,0.01,2025-01-22,2025-01-29,222.21737670898438,237.63546752929688,hold_days,0.06938292157279857,0.06838292157279857,1,2025-01-21,0.008125847661121899,0.06025707391167667,0.044954729306824606,0.051606585557484784,0.1284140587499115,0.0027797062715262067,0.007032108968106056,0.006649280573091112,0.4086129241662584
AAPL,5,0.01,2025-03-03,2025-03-10,236.57489013671875,226.08937072753906,hold_days,-0.04432219921192826,-0.04532219921192826,4,2025-02-27,-0.021172174277850786,-0.024150024934077474,0.0011434157648159886,0.047197062431539955,0.0853429880933898,0.008657276158014638,0.006620830559192671,0.005663345203170348,1.3193623452347958
AAPL,5,0.01,2025-05-08,2025-05-15,196.28273010253906,210.4329376220703,hold_days,0.07209094509811997,0.07109094509811997,1,2025-05-07,0.03534750529464947,0.0357434398034705,0.07975907066278799,0.12311065215458773,0.12311065215458773,0.009456379219523399,0.006007919124310819,0.013507577358639968,0.5480229125066672
AAPL,5,0.01,2025-06-18,2025-06-26,195.63446044921875,200.03323364257812,hold_days,0.022484654202837406,0.021484654202837405,1,2025-06-17,0.018064816479852253,0.003419837722985153,0.027212509558891037,0.17499876578043713,0.17499876578043713,0.00806210246804301,0.00712583911771395,0.00765839823447451,0.46596249011645957
AAPL,5,0.01,2025-08-25,2025-09-02,226.323974609375,228.8745574951172,hold_days,0.011269609815506287,0.010269609815506286,4,2025-08-21,-0.000730338232976635,0.010999948048482922,0.04105448441042777,0.0874050718605164,0.2597019945068428,0.008788990936237005,0.007229571017937308,0.006908496581153182,1.5104922248501471
AAPL,5,0.01,2025-10-13,2025-10-20,246.74851989746094,261.27484130859375,hold_days,0.05887095662081121,0.05787095662081121,3,2025-10-10,0.02027931719276599,0.03759163942804522,0.00982319006524257,0.05309312321537227,0.1928908523804811,0.007674513494179804,0.0069902549722004985,0.005484436736607792,1.3513018924443834
AAPL,5,0.01,2026-03-16,2026-03-23,252.36964416503906,251.04200744628906,hold_days,-0.0052606830870743915,-0.0062606830870743915,3,2026-03-13,-0.012130744428230922,0.00587006134115653,0.006141685993000073,0.03894282244638246,0.11346431439831436,0.005310688351577386,0.005680227447318019,0.005421267652347689,0.8152683986794284
AMAT,5,0.01,2016-03-28,2016-04-04,18.01467514038086,18.87973403930664,hold_days,0.048019677967253704,0.047019677967253704,4,2016-03-24,0.012169132537775962,0.03485054542947774,0.06426070880798529,0.1279926266854792,0.1279926266854792,0.00470824946877275,0.0051253289133807904,0.008111780427069138,0.3858972196293399
AMAT,5,0.01,2017-08-28,2017-09-05,39.63263702392578,40.40476608276367,hold_days,0.01948215200446457,0.01848215200446457,3,2017-08-25,0.00560981316600917,0.0128723388384554,0.009663291446912504,0.018934883711849003,0.07125793118409311,0.00666364241031329,0.0070877778834663625,0.006155179842022567,1.4473374861081318
AMAT,5,0.01,2018-01-12,2018-01-22,48.635658264160156,52.284481048583984,hold_days,0.07502361260549995,0.07402361260549994,1,2018-01-11,0.01705894254970297,0.05696467005579697,0.05509748701901068,0.1247425721445925,0.21420482807719876,0.003532208271238134,0.004323688833299496,0.004115276530284081,0.8764684457922753
AMAT,5,0.01,2018-03-22,2018-03-29,53.747032165527344,50.69321823120117,hold_days,-0.05681828021538371,-0.05781828021538371,3,2018-03-19,0.0017282307648869288,-0.05954651098027064,-0.013311051388613928,0.03151858369783411,0.10478961112488681,0.008495730066439167,0.009325649809559895,0.010383050184452031,0.7238523322172116
AMAT,5,0.01,2018-05-21,2018-05-29,45.5792236328125,47.61012649536133,hold_days,0.04455764492414005,0.04355764492414005,3,2018-05-18,-0.020700160228996345,0.0642578051531364,0.0441092103696198,0.062319757458093504,0.08324649392155692,0.004758778559854878,0.005673693922789429,0.0074118750184829305,0.4235255803567804
AMAT,5,0.01,2018-06-19,2018-06-26,44.43429183959961,42.713653564453125,hold_days,-0.03872320687269426,-0.03972320687269426,1,2018-06-18,-0.017734585754135335,-0.021988621118558926,0.01855460709554753,0.05963247465330682,0.0697928801434873,0.0015772454610618514,0.0041659043155294825,0.006556012620962692,0.1660811238311011
AMAT,5,0.01,2018-07-25,2018-07-30,42.06383514404297,43.848548889160156,resistance,0.04242869769258162,0.04142869769258162,1,2018-07-24,-0.006929603550438368,0.048358301243019985,0.0645264512480487,0.08139262524357975,0.11080334508812835,0.005003118467634468,0.004426890685909228,0.0057277853960955956,0.7966141305736749
AMAT,5,0.01,2019-02-05,2019-02-12,36.17031478881836,37.621944427490234,hold_days,0.04013317680941575,0.03913317680941575,1,2019-02-04,0.004351357826335445,0.034781818983080304,0.06997977480668911,0.16733241924830458,0.16733241924830458,0.006285596229777294,0.006688560992778014,0.007671598063372293,0.4165242210186424
AMAT,5,0.01,2019-12-05,2019-12-12,52.57574462890625,56.83152770996094,hold_days,0.08094575000493376,0.07994575000493376,2,2019-12-03,0.02176219091113385,0.05818355909379991,0.013847530843055884,0.08632620228065604,0.11407746190671592,0.007654479942936152,0.006058159725253887,0.005188898970224686,1.1922377128646893
AMAT,5,0.01,2021-07-19,2021-07-26,123.1828384399414,132.6260528564453,hold_days,0.07666014630039553,0.07566014630039553,3,2021-07-16,0.039023588653618324,0.0366365576467772,0.01901825713416863,0.024735738445385406,0.18836585837503173,0.004623261887568898,0.006737382944592327,0.006660091753467517,0.6724267338925964
AMAT,5,0.01,2021-10-27,2021-11-03,126.80475616455078,136.9656219482422,hold_days,0.08013000530126768,0.07913000530126768,1,2021-10-26,0.018366458235864913,0.06076354706540277,0.04719767180164716,0.04719767180164716,0.08377987973738033,0.00262864113635729,0.00586076989382481,0.007613519504373704,0.3576093839967561
AMAT,5,0.01,2023-02-24,2023-03-03,108.21673583984375,115.65413665771484,hold_days,0.06872690032785811,0.06772690032785811,2,2023-02-22,0.019573844892194492,0.048153055435663616,-0.008422825733777594,0.0207276319966358,0.1593972336419431,0.010674565871158902,0.00932964977743995,0.009187775052547824,1.025573078065552
AMAT,5,0.01,2023-06-01,2023-06-08,131.4209442138672,132.7563018798828,hold_days,0.010160919737743912,0.009160919737743911,1,2023-05-31,0.029165043084507403,-0.02000412334676349,0.013229234178091472,0.0393113192981289,0.0393113192981289,0.007665762920320029,0.006458632468601185,0.007769606088653864,0.8796955364068569
AMAT,5,0.01,2023-10-26,2023-11-02,127.80846405029297,135.30072021484375,hold_days,0.058620970216828105,0.057620970216828105,1,2023-10-25,0.034251519712503065,0.02336945050432504,-0.006626166667517185,-0.006626166667517185,0.012039287288659408,0.006744244207738927,0.007192885968145187,0.006998123625234187,1.0273769962047992
AMAT,5,0.01,2024-03-18,2024-03-25,196.8334197998047,204.41334533691406,hold_days,0.03850934228963143,0.03750934228963143,3,2024-03-15,0.01073899191762906,0.02677035037200237,0.02925217141102039,0.06332942303412871,0.21850457861849856,0.006296009918509699,0.004887425912765438,0.004432480863264952,1.0841332382861784
AMAT,5,0.01,2025-07-21,2025-07-28,191.00311279296875,188.6826171875,hold_days,-0.012148993655323181,-0.013148993655323182,3,2025-07-18,0.011397691735059334,-0.024546685390382517,0.043606781642384865,0.13410959560408334,0.22394210451755767,0.005280239633170801,0.00462778560216019,0.005352112673689063,0.7264746630588089
AMAT,5,0.01,2025-08-18,2025-08-25,162.16571044921875,161.09896850585938,hold_days,-0.006578098048005132,-0.007578098048005132,3,2025-08-15,0.01303243106317864,-0.020610529111183773,0.027661556025249848,0.08709464695272139,0.24349621579714306,0.007572704777706588,0.0053828879949220435,0.006241790021160738,1.282050358094969
ADM,5,0.01,2015-07-27,2015-08-03,33.90584182739258,34.221519470214844,hold_days,0.009310420441094314,0.008310420441094313,3,2015-07-24,0.012626709961240934,-0.004316289520146621,0.020272729418644473,,,0.003221164816446128,0.006194341659537969,0.008604168532086275,
ADM,5,0.01,2016-05-16,2016-05-23,27.84731101989746,29.910886764526367,hold_days,0.07410323184003076,0.07310323184003076,3,2016-05-13,-0.0076225255229067646,0.08072575736293752,0.011374377698753772,0.10319253354124493,0.15971233908304486,0.011335588601897872,0.008059730523037077,0.0065892555104235286,1.490123418868736
ADM,5,0.01,2016-08-04,2016-08-11,32.351688385009766,32.492210388183594,hold_days,0.004343575565562752,0.0033435755655627517,2,2016-08-02,0.01740117076736114,-0.01405759520179839,0.03360971477744256,0.10339365423602423,0.21738559510452385,0.003974493361833606,0.0028761466915690446,0.004826368617230299,0.4647727300974723
ADM,5,0.01,2016-10-19,2016-10-26,31.44146728515625,32.23085403442383,hold_days,0.025106549325713434,0.024106549325713433,2,2016-10-17,0.0067926567324447795,0.017313892593268654,0.007587123919365553,0.014076274719981208,0.10674218373940726,0.0035024736646128624,0.004844672840488275,0.006299364704548536,0.5568308870784753
ADM,5,0.01,2017-03-09,2017-03-16,33.560848236083984,33.885738372802734,hold_days,0.009680629477339497,0.008680629477339497,1,2017-03-08,0.005686532516756326,0.00299409696058317,0.041345559633258554,0.0766937283653812,0.17725288622048074,0.0011835473367197056,0.00578231977611639,0.00451494611789038,0.27653255413430133
ADM,5,0.01,2017-05-19,2017-05-26,31.594615936279297,32.317867279052734,hold_days,0.022891601032027253,0.021891601032027252,1,2017-05-18,0.017212806606254905,0.004678794425772348,0.023124309577539318,0.030750867262822966,0.1268910071114229,0.011351845863490048,0.007130370587918192,0.0060183455347135135,2.2419655981308146
ADM,5,0.01,2018-01-05,2018-01-12,31.074729919433594,31.322202682495117,hold_days,0.007963794494856069,0.006963794494856069,2,2018-01-03,0.019695561885965107,-0.012731767391109039,0.04775494987265287,0.10835657945178374,0.190752292607297,0.005901061067975458,0.004096127945050871,0.0038807509394846677,1.4943209868335554
ADM,5,0.01,2018-01-19,2018-01-26,31.67797088623047,33.711978912353516,hold_days,0.06420891140496554,0.06320891140496554,1,2018-01-18,0.026352389422894085,0.036856521982071455,0.05547160888044776,0.12286841972768664,0.22600181851571363,0.007077419568152001,0.004949504099723684,0.004410605923668467,1.6756492724553738
ADM,5,0.01,2018-06-01,2018-06-08,34.41431427001953,35.22323226928711,hold_days,0.023505277278538683,0.022505277278538682,1,2018-05-31,0.020092093899147567,0.002413183379391115,0.0384741135539903,0.05658637763251641,0.06671757527786956,0.011755963428310758,0.008449483540969261,0.0074280317312384,1.0730629521142705
ADM,5,0.01,2018-09-10,2018-09-17,39.295806884765625,39.35905838012695,hold_days,0.0016096245471384218,0.0006096245471384218,3,2018-09-07,0.007757359215843529,-0.007147734668705107,0.026797688352210573,0.08616913865658006,0.1226224870087728,0.0015058602619188613,0.004428268594122111,0.00473924278227355,0.2803596118084834
ADM,5,0.01,2018-10-29,2018-11-05,37.1689338684082,38.03074645996094,hold_days,0.023186368342010377,0.022186368342010376,3,2018-10-26,0.04138941677506369,-0.019203048433053316,-0.0064915830038877005,-0.0064915830038877005,0.006969864463293151,0.01964269959099726,0.01590752664322268,0.013956576970863643,2.190128961234558
ADM,5,0.01,2019-12-20,2019-12-30,37.75210952758789,38.024192810058594,hold_days,0.007207101427587181,0.006207101427587181,2,2019-12-18,0.00016414975265655052,0.006042951674930631,0.0460712898698583,0.1269700883761147,0.15575963561125472,0.0032062836094227925,0.004049217625178991,0.005443669869211408,0.48954967473034133
ADM,5,0.01,2020-09-24,2020-10-01,38.479087829589844,39.43534469604492,hold_days,0.024851339270047124,0.023851339270047123,1,2020-09-23,0.029844247937585555,-0.005992908667538432,0.00021028937149379924,0.030194139794201758,0.2768173176827674,0.01206292264737658,0.010651185268194537,0.01285868930302226,1.2282184619449494
ADM,5,0.01,2020-11-23,2020-12-01,41.60416030883789,42.71223068237305,hold_days,0.02663364349405639,0.02563364349405639,3,2020-11-20,0.015033206468905824,0.010600437025150566,0.1398380185742553,0.1398380185742553,0.20490457172946597,0.006336958570691589,0.01102429864359701,0.015190260706848273,0.4825936891486122
ADM,5,0.01,2021-03-24,2021-03-31,47.99769973754883,48.92469024658203,hold_days,0.019313227802623567,0.018313227802623566,1,2021-03-23,0.022900143482192936,-0.00458691567956937,0.04645662612282287,0.1137977479819757,0.3110775772796739,0.006411937315600767,0.006358433717397931,0.010383711939759151,0.7060294970134923
ADM,5,0.01,2021-07-23,2021-07-30,50.065460205078125,51.54128646850586,hold_days,0.029477932638239057,0.028477932638239056,1,2021-07-22,0.0008287619217404174,0.02764917071649864,0.03525362301886825,0.055121184420161305,0.21689510164778328,0.014731271938982502,0.009970606778260971,0.007984361826787576,1.943440679070683
ADM,5,0.01,2021-08-23,2021-08-30,51.49137878417969,52.151187896728516,hold_days,0.012813972515949512,0.011813972515949511,3,2021-08-20,0.011081481776619828,0.0007324907393296831,0.01566802744050584,0.06889840735869351,0.17336854034746538,0.007552557853708617,0.006247976691691447,0.006078563815667301,1.1207402713444334
ADM,5,0.01,2021-09-24,2021-10-01,51.882057189941406,52.784969329833984,hold_days,0.0174031676613553,0.0164031676613553,2,2021-09-22,-0.011425086423076825,0.027828254084432125,0.025172324164306786,0.042715659963337364,0.07525583307377648,0.01461355617493263,0.01068228394722603,0.008014548984993597,1.9934694855596475
ADM,5,0.01,2021-12-02,2021-12-09,54.47510528564453,55.24333190917969,hold_days,0.014102343070415468,0.013102343070415468,1,2021-12-01,0.023541711185517178,-0.01043936811510171,0.014821504653379348,0.040103338333975856,0.07625526193201217,0.013725329738848996,0.010788557766185427,0.008050735497629564,1.7255473292979504
ADM,5,0.01,2022-05-20,2022-05-27,74.06117248535156,78.40784454345703,hold_days,0.05869029495806588,0.05769029495806588,1,2022-05-19,0.06779878848848697,-0.010108493530421092,-0.004870864395398765,-0.004870864395398765,-0.004870864395398765,0.023732339187234313,0.01887071572623567,0.01899713296027678,1.680240133537405
ADM,5,0.01,2022-07-15,2022-07-22,63.48099899291992,65.10328674316406,hold_days,0.02555548551504483,0.024555485515044828,1,2022-07-14,0.022606098237170524,0.0019493872778743038,0.02897669634702304,0.02897669634702304,0.02897669634702304,0.001494440589002331,0.008612723444240333,0.013100730799317664,0.09317384661642554
ADM,5,0.01,2022-11-11,2022-11-18,82.44087219238281,84.64244842529297,hold_days,0.026704911949167576,0.025704911949167575,2,2022-11-09,-0.003070536706326621,0.028775448655494196,0.14179578042489216,0.17919389669652308,0.17919389669652308,0.02727806368555524,0.02059712898373285,0.016364849488591758,1.6403449855401313
ADM,5,0.01,2023-10-27,2023-11-03,63.35490036010742,65.95098114013672,hold_days,0.040976795248248266,0.039976795248248265,3,2023-10-24,0.05629477674875161,-0.016317981500503342,-0.01224500289371832,-0.01224500289371832,-0.000353136712746851,0.006468633515046363,0.007247418263124524,0.007094208590652277,0.9797598165978023
ADM,5,0.01,2024-06-18,2024-06-26,55.49332809448242,56.197296142578125,hold_days,0.012685633972017829,0.011685633972017828,4,2024-06-14,0.01091768008716909,0.0007679538848487377,0.024044783630968326,0.05119492655838393,0.09927050356185323,0.00365916242482601,0.0029646318331301366,0.005730653363107337,0.5990799974359731
ADM,5,0.01,2024-10-23,2024-10-30,52.38958740234375,51.87577819824219,hold_days,-0.009807468040463618,-0.01080746804046362,1,2024-10-22,-0.009809622372437543,-0.000997845668026076,0.00815678191157988,0.08647139645811718,0.1073391520086836,0.0028652118566033905,0.005335031051344035,0.005279783007316413,0.3706245562807842
ADM,5,0.01,2024-11-13,2024-11-20,48.45663070678711,49.99805450439453,hold_days,0.031810379201447914,0.030810379201447913,1,2024-11-12,-0.006637174312726146,0.03744755351417406,0.027524039660127505,0.05821706203671149,0.11573249402377182,0.0031932803301719845,0.00883547502700099,0.006939725811690639,0.4907324761253291
ADM,5,0.01,2025-05-07,2025-05-14,45.656105041503906,47.11504364013672,hold_days,0.03195495098205492,0.03095495098205492,2,2025-05-05,0.028347932230142314,0.0026070187519126042,0.11604006491126047,0.11604006491126047,0.11604006491126047,0.00929022180979198,0.007216524509235245,0.02168589425715672,0.5383020899673423
ADM,5,0.01,2025-12-24,2026-01-02,56.612815856933594,57.85715866088867,hold_days,0.02197987832118553,0.02097987832118553,1,2025-12-23,-0.002739196671815214,0.023719074993000744,0.026617510638838614,0.08747882473494652,0.13407622565759975,0.002367067528884619,0.004902976053777972,0.005382106696277379,0.37250341350657984
ADM,5,0.01,2026-05-08,2026-05-15,76.66474914550781,79.36963653564453,hold_days,0.03528202231514399,0.03428202231514399,1,2026-05-07,0.00219889367912951,0.03208312863601448,0.01260274707169461,0.047330695301105695,0.1053460808161323,0.006455882878700893,0.00782215592869603,0.006266972005618099,0.8719697786661608
T,5,0.01,2015-06-16,2015-06-23,11.960309982299805,12.388084411621094,hold_days,0.035766165756101476,0.034766165756101475,1,2015-06-15,0.017310620453886205,0.01745554530221527,,,,0.009268513607632726,0.006759578000125546,,
T,5,0.01,2015-07-13,2015-07-20,12.245795249938965,12.252813339233398,hold_days,0.0005731019628527623,-0.00042689803714723775,4,2015-07-09,0.02126522378138862,-0.02169212181853586,0.025229639572145274,,,0.01143063411141707,0.01030067432603097,0.00815346862334774,
T,5,0.01,2015-09-29,2015-10-06,11.259249687194824,11.694592475891113,hold_days,0.038665346341098195,0.037665346341098194,1,2015-09-28,0.053662298705760225,-0.01599695236466203,0.002154731667356456,0.01683686804976527,,0.010379641054864094,0.009822244692267001,0.013948599103395319,0.7687975693832384
T,5,0.01,2015-10-28,2015-11-04,11.956582069396973,11.978044509887695,hold_days,0.001795031420029014,0.000795031420029014,1,2015-10-27,0.009309500382030045,-0.008514468962001032,0.10257645664876484,0.14133079088919104,,0.01129894739284247,0.009200387647237606,0.00867387106652316,0.7986741669909424
T,5,0.01,2016-10-11,2016-10-18,14.938885688781738,15.038220405578613,hold_days,0.006649406044486383,0.005649406044486383,4,2016-10-07,-0.0018733445683754013,0.007522750612861785,0.012435845347953223,0.012435845347953223,0.1049518525476339,0.004590006965995042,0.006120565966164834,0.0065047033536856196,0.7487902358496994
T,5,0.01,2016-12-05,2016-12-12,14.759309768676758,15.710658073425293,hold_days,0.06445750645924875,0.06345750645924875,3,2016-12-02,0.029692199485595427,0.03376530697365332,0.0672854140552701,0.0672854140552701,0.16281735327348099,0.0006983867218198573,0.0037592839164093898,0.006491378138111226,0.1081403081846267
T,5,0.01,2017-02-14,2017-02-22,15.809786796569824,16.13568687438965,hold_days,0.0206138186436855,0.0196138186436855,1,2017-02-13,0.014621134246056267,0.004992684397629232,0.041905409676972365,0.10100419052454553,0.15424325245576542,0.002992821789658372,0.003286661750848521,0.0041033269394316965,0.6859074900217539
T,5,0.01,2017-06-30,2017-07-10,14.870522499084473,14.767131805419922,hold_days,-0.006952727698096406,-0.007952727698096407,1,2017-06-29,0.004822703843846865,-0.012775431541943272,0.004831178966076363,0.056429990940307755,0.10463161513425559,0.007891923387310082,0.005877289349576858,0.004228483399030016,1.61154133712062
T,5,0.01,2017-07-20,2017-07-27,14.642836570739746,15.801586151123047,hold_days,0.07913422886237687,0.07813422886237686,2,2017-07-18,0.003584498979288142,0.07454972988308872,0.02313973745523714,0.05387231748240637,0.11503014409419798,0.0028107418589700655,0.00253796280324052,0.004694081590058581,0.6435358637863134
T,5,0.01,2017-11-07,2017-11-14,13.480903625488281,13.745871543884277,hold_days,0.01965505620075958,0.01865505620075958,1,2017-11-06,-0.0018729807243084151,0.020528036925067994,0.03011259609479571,0.10669161728641417,0.14878571753417114,0.0019255441146358064,0.004151144684207204,0.00362653614951665,0.46459594900898205
T,5,0.01,2018-01-12,2018-01-22,15.307110786437988,15.709494590759277,hold_days,0.026287377803380085,0.025287377803380084,1,2018-01-11,0.01705894254970297,0.008228435253677113,0.05509748701901068,0.1247425721445925,0.21420482807719876,0.003532208271238134,0.004323688833299496,0.004115276530284081,0.8764684457922753
T,5,0.01,2018-03-02,2018-03-09,15.078959465026855,15.36933422088623,hold_days,0.019256949163690695,0.018256949163690694,1,2018-03-01,0.03779331061488844,-0.019536361451197748,0.04784342705503392,0.04784342705503392,0.15964560983016338,0.013955370416193968,0.011782914625414552,0.018479927518317896,1.2406902924841687
T,5,0.01,2019-08-15,2019-08-22,16.087425231933594,16.579328536987305,hold_days,0.030576882127618665,0.029576882127618664,1,2019-08-14,0.02965772064722194,-8.083851960327681e-05,-1.2662804229076177e-05,0.03661720126104758,0.03661720126104758,0.0185456618532924,0.017755065955695058,0.012707249714343305,2.0028875478440233
T,5,0.01,2020-01-16,2020-01-24,18.465879440307617,18.694101333618164,hold_days,0.01235911314423399,0.01135911314423399,1,2020-01-15,-0.011234014318078467,0.022593127462312457,0.037757292284028236,0.11306628600505093,0.18928423041823608,0.004485489740346002,0.004819035448032197,0.004639107811623285,0.9511043032255138
T,5,0.01,2020-04-23,2020-04-30,14.659581184387207,15.14161205291748,hold_days,0.03288162618476753,0.03188162618476753,1,2020-04-22,0.04337770369944316,-0.011496077514675629,0.12679107146758542,0.2732667755519853,0.2732667755519853,0.03411586022882592,0.025244541070361677,0.03371031840992161,0.8313616458435713
T,5,0.01,2020-06-12,2020-06-19,15.156517028808594,15.062098503112793,hold_days,-0.0062295661672359115,-0.0072295661672359115,1,2020-06-11,0.012119879391232491,-0.019349445558468403,0.09575988352570344,0.4026368898,0.4026368898,0.03445893437810576,0.02843633540786473,0.02307286569103217,1.1741578601204499
T,5,0.01,2021-03-22,2021-03-29,15.989197731018066,16.293092727661133,hold_days,0.019006269217218374,0.018006269217218374,3,2021-03-19,0.01786380370932794,0.00014246550789043244,0.05496584011485973,0.1290515425285506,0.32173854438212174,0.0050932483588297574,0.006484959781719218,0.010537209465038461,0.5682606013073611
T,5,0.01,2021-04-14,2021-04-21,16.21143341064453,16.418643951416016,hold_days,0.012781753193732204,0.011781753193732203,1,2021-04-13,0.007074685790576574,0.004707067403155629,0.04940201951011409,0.16115536799198404,0.37429124829324795,0.0035376222165667747,0.004459516604036479,0.006570124320499904,0.3988537352112859
T,5,0.01,2021-04-28,2021-04-30,16.882137298583984,17.127521514892578,resistance,0.014535139240289041,0.01353513924028904,1,2021-04-27,-0.001315334194064377,0.014850473434353417,0.03644720922827977,0.16165345155708222,0.3362975252170924,0.007106138001540081,0.007434529973504384,0.005821405272078098,0.9130494795476648
T,5,0.01,2021-06-21,2021-06-28,15.775198936462402,15.693412780761719,hold_days,-0.0051844769774437305,-0.0061844769774437305,3,2021-06-18,0.015209547542541557,-0.02139402451998529,0.01730175735844524,0.06345519839807369,0.19284602550178515,0.005505784466731711,0.005159711227150652,0.004892760996973377,0.7891117859766241
T,5,0.01,2023-02-10,2023-02-17,15.770854949951172,16.076845169067383,hold_days,0.01940225942647178,0.01840225942647178,1,2023-02-09,-0.0014633019145423587,0.019865561341014137,0.02926541486904036,0.054414412907138436,0.19766048759299096,0.010180193627316281,0.010089123459287986,0.009722525220793433,0.9973495829417354
T,5,0.01,2024-10-11,2024-10-18,19.742971420288086,20.186429977416992,hold_days,0.022461591403267978,0.021461591403267977,1,2024-10-10,0.004151328907348262,0.017310262495919715,0.030875631850312855,0.0969386621478592,0.12602496895060183,0.006575781007075219,0.005320479555620323,0.0056087981525774315,0.8397236977065687
T,5,0.01,2025-08-28,2025-09-05,27.63678741455078,28.25751495361328,hold_days,0.022460191546564756,0.021460191546564755,2,2025-08-26,-0.0025830187246455028,0.024043210271210258,0.047212421672508116,0.09000456880444395,0.2671532527908736,0.00954982900252489,0.006634944714919935,0.006542840757553466,1.6262173400706967
BAC,5,0.01,2016-04-11,2016-04-18,10.292020797729492,11.244254112243652,hold_days,0.09252151090913374,0.09152151090913374,4,2016-04-07,0.03458132082760068,0.05694019008153306,0.01818360205548468,0.1324003473715244,0.1324003473715244,0.010155317803031739,0.007553445231007919,0.006108248870161191,0.9200642670592581
BAC,5,0.01,2016-05-16,2016-05-23,11.053803443908691,11.482307434082031,hold_days,0.03876529850994159,0.03776529850994159,3,2016-05-13,-0.0076225255229067646,0.045387824032848356,0.011374377698753772,0.10319253354124493,0.15971233908304486,0.011335588601897872,0.008059730523037077,0.0065892555104235286,1.490123418868736
BAC,5,0.01,2016-11-04,2016-11-11,13.238718032836914,15.214527130126953,hold_days,0.14924474502661833,0.14824474502661833,2,2016-11-02,0.04179268240443346,0.10645206262218487,-0.002997432486195946,-0.0017137514900951417,0.08950927086619373,0.0011517357522401878,0.0036069115826581006,0.004188570377766107,0.18869317977479289
BAC,5,0.01,2017-05-02,2017-05-08,18.949594497680664,19.295888900756836,resistance,0.018274502027922468,0.017274502027922467,4,2017-04-28,0.005361451709034126,0.01191305031888834,0.0285138290905354,0.05587639740978752,0.165436514620923,0.0007702690846155849,0.0054727104394731345,0.005164750805575076,0.16923347348474596
BAC,5,0.01,2017-05-18,2017-05-25,18.313373565673828,18.724092483520508,hold_days,0.022427266957330216,0.021427266957330215,1,2017-05-17,0.024260675106422047,-0.0028334081490918317,0.014564754737362176,0.0221275079189918,0.11746333025536666,0.011216585865648021,0.007192466426499409,0.006057337772754608,2.216151072361733
BAC,5,0.01,2017-06-26,2017-07-03,18.494722366333008,19.94101333618164,hold_days,0.0782001990190131,0.0772001990190131,3,2017-06-23,0.0009567810878736704,0.07624341793113942,0.012934694465583936,0.059598646415396236,0.11297319032609363,0.0024805379263220487,0.00367230446049461,0.003049585247207662,0.5424003000913009
BAC,5,0.01,2018-09-14,2018-09-20,25.084247589111328,25.76152992248535,resistance,0.027000304911199313,0.026000304911199312,1,2018-09-13,0.01285469940274342,0.013145605508455893,0.026912234682097358,0.09830090150497106,0.13516140870701437,0.0019284510084332154,0.0028367090734668257,0.0035313662479905146,0.36453466972153864
BAC,5,0.01,2019-02-11,2019-02-19,23.59651756286621,24.19452667236328,hold_days,0.025343108698300254,0.024343108698300253,4,2019-02-07,0.0221027367470521,0.0022403719512481546,0.048450973183200526,0.15570843573723453,0.15570843573723453,0.005609859947507696,0.006838701352036957,0.008083407778645264,0.3845802718012142
BAC,5,0.01,2019-09-26,2019-10-03,24.610599517822266,23.495391845703125,hold_days,-0.04531412049964656,-0.04631412049964656,2,2019-09-24,-0.026553991127853394,-0.019760129371793167,0.041039745825970246,0.061551176884995805,0.10042220997789562,0.005996536609210308,0.003909022691817845,0.006122988551853469,0.6156592367388658
BAC,5,0.01,2019-10-09,2019-10-16,23.56298065185547,25.489248275756836,hold_days,0.08174974347948982,0.08074974347948982,1,2019-10-08,0.023584888005741433,0.05716485547374839,0.01194451189412085,0.03779561888001763,0.07579678992438067,0.01311113539480047,0.011361794145977997,0.008250751849455918,1.238845579194131
BAC,5,0.01,2021-02-01,2021-02-08,26.13255500793457,28.862699508666992,hold_days,0.10447292658155605,0.10347292658155605,3,2021-01-29,0.05096388718294742,0.052509039398608626,0.01650653332914017,0.15034094154837396,0.19655379571453058,0.016394451118461204,0.01217251856436428,0.010436844317073011,1.6402828812869363
BAC,5,0.01,2021-08-04,2021-08-11,33.687950134277344,36.92735290527344,hold_days,0.09615909421867785,0.09515909421867785,2,2021-08-02,0.021068529430469995,0.07409056478820786,0.03276778731511718,0.052587643021516084,0.1594022492338132,0.007204289304687602,0.005219377587321519,0.008222784398299314,0.9642658239168557
BAC,5,0.01,2021-08-20,2021-08-27,35.536521911621094,37.40269470214844,hold_days,0.052514221711637665,0.051514221711637664,1,2021-08-19,0.019146044641471516,0.03236817707016615,0.006227186815879812,0.05896277954020227,0.16246184142214218,0.006408520414691735,0.005882550137860805,0.006017123408507371,0.9542541569051071
BAC,5,0.01,2022-03-08,2022-03-15,34.475807189941406,37.075557708740234,hold_days,0.075407966649649,0.074407966649649,1,2022-03-07,0.01874018717534698,0.055667779474302015,-0.0016091504437613497,-0.0016091504437613497,0.02577421704695411,0.016040281528432534,0.014984970433900163,0.012452761707597272,1.6243652621497962
BAC,5,0.01,2022-09-29,2022-10-06,27.73052215576172,28.454090118408203,hold_days,0.026092835850050733,0.025092835850050732,2,2022-09-27,0.032339880666128584,-0.007247044816077852,0.003313955523891058,0.003313955523891058,0.003313955523891058,0.01822566687891094,0.012855101854211345,0.014616810350294258,1.4205550795096151
BAC,5,0.01,2022-11-29,2022-12-06,33.464752197265625,30.021442413330078,hold_days,-0.10289362860475315,-0.10389362860475315,1,2022-11-28,-0.010415688012653135,-0.09347794059210002,0.07295280319920626,0.17968610685765446,0.17968610685765446,0.011242366563235883,0.007717461781062398,0.014807964719185865,0.7079885365896398
BAC,5,0.01,2023-06-01,2023-06-08,25.639482498168945,26.977758407592773,hold_days,0.05219590175111377,0.05119590175111377,1,2023-05-31,0.029165043084507403,0.022030858666606368,0.013229234178091472,0.0393113192981289,0.0393113192981289,0.007665762920320029,0.006458632468601185,0.007769606088653864,0.8796955364068569
BAC,5,0.01,2024-01-04,2024-01-08,31.706653594970703,32.04435729980469,resistance,0.01065087817679844,0.009650878176798439,1,2024-01-03,0.007304375497986015,0.0023465026788124232,0.04323052934139863,0.1558378064279748,0.1558378064279748,0.003136039486245583,0.006379326592426549,0.006046876206210843,0.4458555617982526
BAC,5,0.01,2024-05-03,2024-05-10,35.18913269042969,36.3227424621582,hold_days,0.03221476873844131,0.031214768738441312,1,2024-05-02,0.017647935463448894,0.013566833274992418,0.02887649902729212,0.04639619342700095,0.1780758244038715,0.008817296421481772,0.007252663542602554,0.006949019069070382,1.43722301127741
BAC,5,0.01,2024-06-27,2024-07-05,37.30399703979492,38.4064826965332,hold_days,0.029554089218969626,0.028554089218969625,1,2024-06-26,0.00028522503618777506,0.02826886418278185,0.037031790298153476,0.06452625321318052,0.11321152800433743,0.00496985592711494,0.004241948367107754,0.00439970173059228,0.8352433095561609
BAC,5,0.01,2024-12-23,2024-12-31,42.21945571899414,42.27717590332031,hold_days,0.0013671465759850232,0.0003671465759850232,4,2024-12-19,-0.006579861536418652,0.006947008112403675,0.013314727315258179,0.020672828997532297,0.09522095567164097,0.015208249634934631,0.009743179984651707,0.007018591418867159,2.3632013981644904
BAC,5,0.01,2025-03-12,2025-03-19,38.63322067260742,40.85963821411133,hold_days,0.05762961261685673,0.05662961261685673,1,2025-03-11,0.01326461777241228,0.04336499484444445,-0.0018437591658665058,0.008520860898147431,0.019183725881896055,0.010677103869687473,0.011200327230093047,0.008455247607581646,1.3802772932135623
BAC,5,0.01,2025-10-13,2025-10-20,47.840240478515625,50.9538688659668,hold_days,0.06508387826456397,0.06408387826456396,3,2025-10-10,0.02027931719276599,0.043804561071797976,0.00982319006524257,0.05309312321537227,0.1928908523804811,0.007674513494179804,0.0069902549722004985,0.005484436736607792,1.3513018924443834
BAC,5,0.01,2026-01-26,2026-02-02,51.19898223876953,53.1772575378418,hold_days,0.038638957505960914,0.03763895750596091,3,2026-01-23,0.011973585139724463,0.02566537236623645,0.042903933844272574,0.09542775109045766,0.163191859758176,0.012433978053742531,0.007938348557317072,0.00732767556928711,1.9065923816638424
BAC,5,0.01,2026-03-30,2026-03-31,46.74736404418945,48.2518310546875,resistance,0.03218292712880877,0.03118292712880877,3,2026-03-27,0.02006113259464737,0.0111217945341614,-0.001293046079998298,0.004789320104234371,0.08425495085226871,0.0070399809804614355,0.008356692755265788,0.007129042934246922,0.9719618977881084
BA,5,0.01,2015-07-28,2015-08-04,125.5971450805664,127.12931060791016,hold_days,0.012199047409564345,0.011199047409564344,1,2015-07-27,-0.0006441964485895957,0.01184324385815394,0.03247786217118862,,,0.0032478227419339826,0.005903667042302839,0.007168037325990065,
BA,5,0.01,2015-11-13,2015-11-20,127.87948608398438,133.9869384765625,hold_days,0.047759438042838775,0.046759438042838775,1,2015-11-12,0.03672229335751087,0.010037144685327903,0.0148917150785878,0.11122300976572387,,0.006978175859178534,0.007882673625686922,0.008465511110380484,0.4972364790757661
BA,5,0.01,2015-12-21,2015-12-29,126.36384582519531,132.14842224121094,hold_days,0.04577714755546203,0.04477714755546203,3,2015-12-18,0.031548451034685066,0.013228696520776961,0.007215712646052558,0.09997046045718933,0.1160856528588494,0.017431747452131906,0.01320412539994617,0.011354823155205893,1.682353084199852
BA,5,0.01,2016-05-05,2016-05-12,119.54991912841797,122.66036224365234,hold_days,0.026017944118332803,0.025017944118332802,1,2016-05-04,0.011518924472557979,0.013499019645774823,0.013559564471288022,0.14666968499025468,0.14666968499025468,0.007072938130589743,0.006106129958685742,0.006458576345912209,0.8491550725901114
BA,5,0.01,2016-06-28,2016-07-06,113.05156707763672,115.85297393798828,hold_days,0.024779902948428134,0.023779902948428133,1,2016-06-27,0.047137050005715775,-0.02335714705728764,0.01823191015144979,0.01823191015144979,0.1456676141504222,0.021607831250524595,0.015023908534708311,0.0107305896051654,2.5242535105984234
BA,5,0.01,2016-08-08,2016-08-15,120.62545013427734,123.89767456054688,hold_days,0.02712714789977544,0.026127147899775438,4,2016-08-04,0.006537208474903133,0.019589939424872305,0.02725906199290259,0.11873248067035275,0.1973998974400509,0.007610147637486013,0.005038339912183942,0.004415356105803101,0.8825861326707467
BA,5,0.01,2016-09-19,2016-09-26,117.29151916503906,120.13456726074219,hold_days,0.02423916167120921,0.023239161671209208,3,2016-09-16,0.004436488958536211,0.018802672712672996,0.005011299991062804,0.09684885502525702,0.09684885502525702,0.009941543224065897,0.011144748388047807,0.007771213340359055,1.1342838150930545
BA,5,0.01,2017-01-18,2017-01-25,146.7852783203125,155.16671752929688,hold_days,0.05709999875256244,0.05609999875256244,1,2017-01-17,0.013721171028369339,0.0423788277241931,0.017328284204921912,0.11234293212818329,0.11234293212818329,0.004176885489037922,0.0037017772437550923,0.0040491583461253,0.7748969065668444
BA,5,0.01,2017-06-07,2017-06-14,177.24232482910156,181.27528381347656,hold_days,0.02275392736054216,0.021753927360542158,1,2017-06-06,0.0049663306172791355,0.016787596743263022,0.03461636796245274,0.0560243197423065,0.11877341485334655,0.003725860190501042,0.0028231392987542684,0.005710714929075822,0.7626274480928953
BA,5,0.01,2017-09-07,2017-09-11,223.99755859375,228.05458068847656,resistance,0.018111903184107936,0.017111903184107935,1,2017-09-06,0.010948832441711742,0.006163070742396193,0.021894790068799484,0.031278702420018165,0.08423561396206769,0.005284776062584209,0.0036836630620265803,0.006542265378401143,1.114621388541971
BA,5,0.01,2018-06-01,2018-06-08,343.33392333984375,355.63433837890625,hold_days,0.035826390003667496,0.034826390003667496,1,2018-05-31,0.020092093899147567,0.014734296104519928,0.0384741135539903,0.05658637763251641,0.06671757527786956,0.011755963428310758,0.008449483540969261,0.0074280317312384,1.0730629521142705
BA,5,0.01,2018-09-11,2018-09-18,333.936279296875,351.6656188964844,hold_days,0.05309198400646875,0.05209198400646875,1,2018-09-10,0.009807148892304607,0.04228483511416414,0.030021652644544174,0.08957951886894999,0.126147324328669,0.0024178586215070053,0.003013985185756795,0.004586540539062593,0.4507131110125246
BA,5,0.01,2019-07-09,2019-07-16,346.8011169433594,356.2890319824219,hold_days,0.027358375090274167,0.026358375090274166,1,2019-07-08,0.007615183418221649,0.018743191672052517,0.03669371263721596,0.08778098216542693,0.15716460743072785,0.005571982226951319,0.006538194497782676,0.005914939897571111,0.717910217203044
BA,5,0.01,2019-12-20,2019-12-30,326.0600280761719,324.4695129394531,hold_days,-0.004877982579168494,-0.005877982579168494,4,2019-12-16,0.00016414975265655052,-0.006042132331825044,0.0460712898698583,0.1269700883761147,0.15575963561125472,0.0032062836094227925,0.004049217625178991,0.005443669869211408,0.48954967473034133
BA,5,0.01,2021-07-02,2021-07-12,236.67999267578125,238.2899932861328,hold_days,0.006802436455019878,0.005802436455019878,3,2021-06-29,0.0054770809496311745,0.00032535550538870337,0.046645917383104876,0.05657876640619047,0.22058487698119011,0.00420177485339578,0.006003446477758087,0.006640381036378164,0.6100894446621301
BA,5,0.01,2021-08-04,2021-08-11,226.6300048828125,239.49000549316406,hold_days,0.056744474841278425,0.055744474841278424,2,2021-08-02,0.021068529430469995,0.03467594541080843,0.03276778731511718,0.052587643021516084,0.1594022492338132,0.007204289304687602,0.005219377587321519,0.008222784398299314,0.9642658239168557
BA,5,0.01,2022-01-28,2022-02-04,190.57000732421875,206.4499969482422,hold_days,0.08332890283730032,0.08232890283730032,1,2022-01-27,0.016342675224250147,0.06598622761305017,0.01618908723068779,0.038875905293258524,0.06475699643290107,0.002067241688544823,0.006787480429473653,0.007138840941831918,0.2535822216485219
BA,5,0.01,2022-05-06,2022-05-13,148.89999389648438,127.19999694824219,hold_days,-0.1457353783595725,-0.1467353783595725,4,2022-05-02,-0.02031941645291646,-0.12641596190665605,0.010593139853748783,0.010593139853748783,0.010593139853748783,0.024279481446079377,0.02127310599100563,0.016534755326592543,1.8851216858593307
BA,5,0.01,2022-12-19,2022-12-27,185.67999267578125,189.39999389648438,hold_days,0.020034475266264673,0.019034475266264672,4,2022-12-15,0.015177049023183287,0.0038574262430813855,-0.008336912996170731,0.13585367663071587,0.13585367663071587,0.013166016314232995,0.011999377968199613,0.011762519772790483,0.8698236953781636
BA,5,0.01,2023-02-06,2023-02-13,206.80999755859375,215.64999389648438,hold_days,0.04274453093296926,0.04174453093296926,3,2023-02-03,0.002884938553644467,0.03885959237932479,0.03536741736318482,0.07980489334184626,0.2047608206818673,0.009625997524370496,0.007812847567175233,0.008948815220385164,0.8056414435842973
BA,5,0.01,2023-02-27,2023-03-06,200.4600067138672,211.9199981689453,hold_days,0.057168467880158724,0.05616846788015872,3,2023-02-24,0.01964433937578547,0.036524128504373254,0.0022462916729453484,0.02302048397673507,0.1620015779935089,0.010212672108837306,0.009242254937641992,0.00946139985369965,0.9711570434938869
BA,5,0.01,2023-05-05,2023-05-12,198.33999633789062,200.6999969482422,hold_days,0.011898763002551771,0.01089876300255177,1,2023-05-04,-0.007187739039278607,0.018086502041830377,0.016482699224101182,0.042648533558435536,0.042648533558435536,0.004850264888343404,0.009891902384928819,0.007950438504867999,0.5298213158026588
BA,5,0.01,2023-06-26,2023-07-03,205.5800018310547,210.9199981689453,hold_days,0.025975271380136666,0.024975271380136665,3,2023-06-23,0.021136534686170494,0.0038387366939661716,0.038980801463707096,0.04331374981828569,0.07017025682752091,0.004730473225793937,0.007302511999650823,0.007858276023789374,0.6194831332010261
BA,5,0.01,2025-05-28,2025-06-04,201.5,211.97999572753906,resistance,0.05200990435503261,0.05100990435503261,1,2025-05-27,0.008551264756530452,0.04245863959850216,0.04309814223314628,0.15455787070519333,0.15455787070519333,0.013434375630721956,0.01008034476226156,0.010088528610884415,0.7530535847188022
CAT,5,0.01,2015-09-11,2015-09-18,55.87697982788086,55.284584045410156,hold_days,-0.010601786000164481,-0.011601786000164482,1,2015-09-10,0.0019341178412246585,-0.01353590384138914,0.05024059504659341,0.05024059504659341,,0.019368069108173118,0.017207064907419252,0.020846487900775604,1.4665143294629703
CAT,5,0.01,2016-05-20,2016-05-27,55.571502685546875,57.23379898071289,hold_days,0.02991274690864798,0.02891274690864798,1,2016-05-19,0.027129553501311632,0.0017831934073363476,0.006500406178954223,0.08734976421770795,0.15246434122286007,0.008378833231516529,0.008641094304609373,0.007244966413333526,1.144759536869392
CAT,5,0.01,2016-09-14,2016-09-21,65.06050109863281,67.02787780761719,hold_days,0.030239187767733267,0.029239187767733266,1,2016-09-13,0.01821719735896088,0.011021990408772386,-0.001550152002748956,0.09137962432363785,0.09137962432363785,0.01592961003055347,0.010537880450881363,0.007426724046014273,1.8042564599545625
CAT,5,0.01,2016-12-19,2016-12-27,75.10494232177734,76.59553527832031,hold_days,0.01984680249345927,0.01884680249345927,3,2016-12-16,0.0024869683643951035,0.016359834129064166,0.05190947161372655,0.10354938340475582,0.1600911338405243,0.006310456361272825,0.005938090134847352,0.0049665302538094026,1.0601385494087967
CAT,5,0.01,2017-06-22,2017-06-29,85.52394104003906,87.00643920898438,hold_days,0.017334306054152204,0.016334306054152203,1,2017-06-21,-0.006660216889779913,0.022994522943932116,0.015222565784293476,0.05877399690862903,0.12168647817546929,0.005047000270996049,0.0035680801277348374,0.0030632331483474635,1.0999481473857864
CAT,5,0.01,2018-06-04,2018-06-11,128.49647521972656,131.6984100341797,hold_days,0.024918464175596178,0.023918464175596177,4,2018-05-31,0.014532387890696885,0.009386076284899292,0.03168951233546962,0.06239289282431965,0.07257976689545706,0.013361489759016304,0.009228712542418506,0.00729706558381005,1.213000300864542
CAT,5,0.01,2018-07-05,2018-07-12,114.43353271484375,117.47532653808594,hold_days,0.026581315380885817,0.025581315380885816,2,2018-07-03,0.024236896464184365,0.0013444189167014509,0.01633841852691293,0.032441109620329006,0.06052049126415963,0.005328793702513173,0.006509568810085163,0.004826199257522263,0.7858755068441292
CAT,5,0.01,2019-07-11,2019-07-16,115.72308349609375,120.15473175048828,resistance,0.03829528319251985,0.037295283192519846,1,2019-07-10,0.0016156541234009225,0.03567962906911892,0.04290335430277747,0.09429662900259804,0.15063888213416657,0.003624676743490589,0.004475174568201277,0.005839809013323678,0.4734461199750998
CAT,5,0.01,2020-08-21,2020-08-24,124.35102844238281,127.2704849243164,resistance,0.023477541911012922,0.02247754191101292,1,2020-08-20,0.014291579602629723,0.008185962308383199,0.03692249118400106,0.10712900567151604,0.5185562094106585,0.0018097811776321162,0.00584261963835489,0.006059292618590084,0.127038626719167
CAT,5,0.01,2021-01-29,2021-02-05,166.1268310546875,175.35806274414062,hold_days,0.05556737361958275,0.05456737361958275,2,2021-01-27,0.0513589393275633,0.0032084342920194464,0.005463691022029184,0.15597155583456113,0.18355500579551662,0.015203459133710762,0.011234386033446944,0.009640791772805496,1.552341710588003
CAT,5,0.01,2021-11-11,2021-11-18,192.40280151367188,185.8427276611328,hold_days,-0.034095521483729074,-0.035095521483729075,1,2021-11-10,0.00538385382411688,-0.040479375307845955,0.03284708491347493,0.06542329804773933,0.10245529309189133,0.0037043442487572856,0.0028001402593753996,0.003978272129335385,0.5321057382726374
CAT,5,0.01,2022-02-07,2022-02-14,185.26104736328125,185.325927734375,hold_days,0.00035021053814143777,-0.0006497894618585623,3,2022-02-04,-0.015271395781716324,0.01462160631985776,0.033274999371098415,0.05634326709203826,0.08265951548230133,0.012199774897630172,0.009539649647563419,0.009226999131009201,1.3674692437917584
CAT,5,0.01,2022-08-26,2022-09-02,180.0352325439453,169.63198852539062,hold_days,-0.05778448957770155,-0.05878448957770155,4,2022-08-22,-0.026806237103217945,-0.031978252474483604,0.0068505332630696865,0.09243213311216858,0.09243213311216858,0.013525895152472373,0.009552811011413401,0.00938646829256987,1.028826644575512
CAT,5,0.01,2022-09-07,2022-09-14,169.66012573242188,173.21543884277344,hold_days,0.02095550203681218,0.01995550203681218,1,2022-09-06,-0.009622206704659297,0.029577708741471476,0.014708758507460819,0.07243463438199459,0.07243463438199459,0.006245273462315207,0.012545053198259446,0.01206106050463153,0.4888297362529562
CAT,5,0.01,2023-01-05,2023-01-12,226.90870666503906,240.87567138671875,hold_days,0.06155323401625834,0.06055323401625834,2,2023-01-03,0.04074001666467186,0.019813217351586476,0.01108742534512136,0.12281489140466777,0.14844736947334056,0.007029011601750171,0.010312306382665571,0.010671981359227157,0.5244826861623654
CAT,5,0.01,2023-02-03,2023-02-10,235.0882568359375,235.00286865234375,hold_days,-0.0003632175623869971,-0.0013632175623869971,1,2023-02-02,-0.010181754420722888,0.00881853685833589,0.053579154862945344,0.08448293472439425,0.2099802089342949,0.009591483664733658,0.006750527319563041,0.009650284128375602,0.807084005556334
CAT,5,0.01,2024-05-02,2024-05-09,325.9395446777344,341.8167419433594,hold_days,0.04871209254870634,0.04771209254870634,1,2024-05-01,0.025470406748791863,0.02224168579991448,0.01918928021722167,0.03654402079273878,0.1669838436883593,0.008693940068755094,0.007252213634607326,0.007021052385027557,1.4273572829383312
CAT,5,0.01,2024-06-18,2024-06-26,315.9312438964844,317.47625732421875,hold_days,0.004890347053615907,0.0038903470536159066,4,2024-06-14,0.01091768008716909,-0.007027333033553184,0.024044783630968326,0.05119492655838393,0.09927050356185323,0.00365916242482601,0.0029646318331301366,0.005730653363107337,0.5990799974359731
CAT,5,0.01,2024-09-09,2024-09-16,325.90106201171875,339.48187255859375,hold_days,0.041671574995931326,0.040671574995931326,3,2024-09-06,0.01616122043373247,0.024510354562198855,0.03296840147816306,0.05363331852030052,0.09447715532840832,0.006649897603638901,0.0077081136593461766,0.007714042230014213,0.8638077006844596
CAT,5,0.01,2024-11-01,2024-11-08,371.7109375,385.16436767578125,hold_days,0.036193258843187026,0.035193258843187025,1,2024-10-31,0.028203298924667886,0.00698995991851914,0.0037975863070254124,0.055987747668477056,0.08996922820008219,0.00381388059609277,0.0037872079730757444,0.005203317570662579,0.6201895093906372
CAT,5,0.01,2025-09-04,2025-09-11,416.4710998535156,427.53155517578125,hold_days,0.02655755783812097,0.02555755783812097,1,2025-09-03,0.004451349585824493,0.021106208252296477,0.03651333007159681,0.08090865313518508,0.26768974194234607,0.0033747642045763456,0.0069163593424105465,0.005853065226097251,0.5864573358180714
CVX,5,0.01,2016-05-24,2016-06-01,65.028076171875,65.63818359375,hold_days,0.00938221546432394,0.008382215464323939,1,2016-05-23,0.013007721746583378,-0.0046255062822594395,0.019758132298598154,0.10167244633662074,0.1676447191986559,0.004881894365464962,0.006950357388863702,0.007406238480967119,0.6723399322540411
CVX,5,0.01,2016-09-02,2016-09-12,66.1986083984375,67.06437683105469,hold_days,0.013078347922456102,0.0120783479224561,1,2016-09-01,-0.0100622212785213,0.0221405692009774,0.004453659373854042,0.12079846125283894,0.13387600251058768,0.0031714199957580077,0.0026378824680353672,0.0029918831427313236,0.39161858508707953
CVX,5,0.01,2017-05-05,2017-05-08,70.75167846679688,71.34689331054688,resistance,0.00841273107081597,0.007412731070815971,1,2017-05-04,0.0015919438769878003,0.0058207871938281705,0.03238465788246595,0.05782163704130891,0.1479052382840093,0.0011372176333510709,0.004818736712186962,0.005077454621313117,0.2504208369044091
CVX,5,0.01,2017-10-30,2017-11-06,78.05797576904297,79.86627960205078,hold_days,0.023166163549490415,0.022166163549490414,3,2017-10-27,0.006479891549950212,0.015686271999540202,0.033374951941869874,0.09780805527847378,0.14116730790555865,0.004965321607791551,0.004255038039957824,0.0033772847518020567,1.0903172104778747
CVX,5,0.01,2017-11-17,2017-11-27,79.00911712646484,79.6152114868164,hold_days,0.007671195203731163,0.006671195203731163,1,2017-11-16,0.012333720059127362,-0.0056625248553961996,0.012446852227636999,0.0988017563671144,0.1212230476389816,0.006175498769502396,0.004347590397324488,0.004156011540267346,1.7798993004309673
CVX,5,0.01,2017-12-15,2017-12-22,82.46675872802734,86.08280181884766,hold_days,0.04384849297576854,0.04284849297576854,1,2017-12-14,0.004218652331392514,0.03862984064437602,0.05072796678859685,0.10904490560105409,0.1721808905102842,0.0031111177489019323,0.003155838363750631,0.0039149178800732725,0.8632025758311601
CVX,5,0.01,2018-08-16,2018-08-23,83.35297393798828,83.66468811035156,hold_days,0.003739688671398733,0.002739688671398733,1,2018-08-15,0.005135159235603481,-0.0023954705642047483,0.023717674949703317,0.06951778780294073,0.10541229364009656,0.005877525522335321,0.005227992970734306,0.0051207737986301224,0.975463381166106
CVX,5,0.01,2018-09-12,2018-09-19,82.02822875976562,84.66355895996094,hold_days,0.03212711331258111,0.03112711331258111,2,2018-09-10,0.011109712424796081,0.02001740088778503,0.031929648426955684,0.09159783869869957,0.12823338178161325,0.00290787855151867,0.0032104517812805104,0.004505372078550075,0.5427120312834368
CVX,5,0.01,2018-09-27,2018-10-04,86.76051330566406,88.5173568725586,hold_days,0.020249345006812414,0.019249345006812413,1,2018-09-26,0.0004913638009695909,0.018757981205842822,0.026271860945573895,0.10164425999521785,0.13126169542292315,0.002249071768944886,0.0038514742967738925,0.003482584326783106,0.4722157007039226
CVX,5,0.01,2019-03-28,2019-04-04,88.8864974975586,90.17259216308594,hold_days,0.014468954247664811,0.01346895424766481,1,2019-03-27,0.02387913831618782,-0.01041018406852301,0.024066516889939875,0.15845816448148778,0.2130112980534011,0.01174078327160745,0.008745411961620804,0.00727976365022321,1.3341202822958702
CVX,5,0.01,2019-05-03,2019-05-10,84.73188018798828,88.14227294921875,hold_days,0.0402492279607638,0.0392492279607638,1,2019-05-02,-0.02191509891944421,0.06116432688020801,0.02130329094108288,0.09524730213377484,0.2642189828364436,0.005588926280449514,0.005571519438011054,0.005031246583775709,0.9235559528010838
CVX,5,0.01,2019-07-19,2019-07-23,91.23490142822266,91.80403137207031,resistance,0.006238072655730509,0.005238072655730509,2,2019-07-17,0.009728183263173928,-0.00449011060744342,0.025763901941460807,0.09256166982187822,0.14684244969055948,0.0051874643682812615,0.00433733239078195,0.0051389672072251315,0.6770297087949158
CVX,5,0.01,2019-08-06,2019-08-13,87.10511779785156,89.30135345458984,hold_days,0.02521362363386248,0.02421362363386248,1,2019-08-05,0.013457885704253547,0.010755737929608933,0.01217184877198331,0.05515823141053517,0.0678219862417908,0.01016605139924905,0.010347630359219413,0.008573512859224038,1.200036937462933
CVX,5,0.01,2021-04-23,2021-04-30,81.00730895996094,82.21983337402344,hold_days,0.014968086579222328,0.013968086579222327,1,2021-04-22,0.002395787883513023,0.011572298695709304,0.04884357139392506,0.17006373192975457,0.37663227566600893,0.009651800691631776,0.006828463631802571,0.0069701175176062,1.1561925207204526
CVX,5,0.01,2021-12-20,2021-12-28,94.0815200805664,98.14610290527344,hold_days,0.04320277586104404,0.04220277586104404,3,2021-12-17,0.041627562874972046,0.0005752129860719934,0.021657634662193045,0.047109774057744615,0.063283429754346,0.009780992856596277,0.00889611671833095,0.010839979391838048,1.2164775954893368
CVX,5,0.01,2022-09-08,2022-09-15,132.72193908691406,136.69631958007812,hold_days,0.029945165965073794,0.028945165965073794,1,2022-09-07,-0.02935595146199621,0.058301117427070004,0.021708387038878525,0.07983246553498698,0.07983246553498698,0.010832013608844586,0.01413169149903733,0.011709787009879758,0.8904380750335319
CVX,5,0.01,2022-10-11,2022-10-18,133.76016235351562,138.48355102539062,resistance,0.03531237244906693,0.03431237244906693,1,2022-10-10,0.042782100553904634,-0.008469728104837704,0.02578549643952637,0.02578549643952637,0.02578549643952637,0.00845129642361146,0.021271059407991684,0.016192288266031064,0.5944213702973584
CVX,5,0.01,2023-04-10,2023-04-17,145.60775756835938,147.88330078125,hold_days,0.015627898203310453,0.014627898203310452,4,2023-04-06,0.014260747348719294,0.00036715085459115837,0.053025522408211165,0.053025522408211165,0.14896985365852822,0.005701403496606,0.006519936105174787,0.009757579287820138,0.5946619269431298
CVX,5,0.01,2023-07-19,2023-07-26,135.1514434814453,140.96144104003906,hold_days,0.0429887939701612,0.0419887939701612,2,2023-07-17,0.020656730272825996,0.021332063697335202,0.03760132718327244,0.08090519055588298,0.1087293592985444,0.005628685308075772,0.007030316576870719,0.005751660427188548,0.7327088307651273
CVX,5,0.01,2023-10-12,2023-10-19,142.21913146972656,149.1611785888672,hold_days,0.04881232958885251,0.04781232958885251,1,2023-10-11,-0.003360568439356948,0.05117289802820946,0.018927140621211987,0.018927140621211987,0.05016343620829045,0.004240431103312066,0.00676156421289572,0.007050354787378027,0.6705666588219943
CVX,5,0.01,2025-03-06,2025-03-13,143.78016662597656,144.40060424804688,hold_days,0.004315182244045479,0.003315182244045479,1,2025-03-05,-0.03541369337929945,0.03872887562334493,0.0029214124432548347,0.032366874108225585,0.05733170038129442,0.014387422956498686,0.009422228338997108,0.007569513065899069,2.0054183465610174
CVX,5,0.01,2025-05-06,2025-05-13,127.47036743164062,133.81568908691406,hold_days,0.04977879787375916,0.04877879787375916,1,2025-05-05,0.03882902059338056,0.009949777280378602,0.11105000496696424,0.11105000496696424,0.11105000496696424,0.007737180759721391,0.006343012785958971,0.02205803078010685,0.4481382930636902
CVX,5,0.01,2025-09-23,2025-09-30,151.4520721435547,149.40281677246094,hold_days,-0.01353071861011812,-0.01453071861011812,1,2025-09-22,0.002991517995166726,-0.017522236605284847,0.019509092080888444,0.06414451296497542,0.2826701479469039,0.003079872338303267,0.004968894497253282,0.004229109061962666,0.5641763595282263
CVX,5,0.01,2025-11-07,2025-11-14,149.14306640625,151.64447021484375,hold_days,0.016771841084319616,0.015771841084319616,2,2025-11-05,0.014620385630616628,0.0011514554537029875,0.03426785094989657,0.05007297657123186,0.14096338952670937,0.004383663371106031,0.004175358363244957,0.0054261056919793545,0.7993949041113103
CVX,5,0.01,2026-05-28,2026-06-04,181.4464874267578,186.720458984375,hold_days,0.02906626428767911,0.02806626428767911,1,2026-05-27,0.01261285441233495,0.01545340987534416,0.035883743360368744,0.07438200414620677,0.09284238628122173,0.0034665936669471204,0.004663018501492598,0.006183933053837795,0.48325274829032644
CSCO,5,0.01,2015-08-05,2015-08-12,20.306058883666992,20.04029083251953,hold_days,-0.013088115851039417,-0.014088115851039418,1,2015-08-04,-0.003407880320343337,-0.01068023553069608,0.0357531864471855,,,0.0019387562925208847,0.0065792993816816605,0.006562983312336098,
CSCO,5,0.01,2016-08-22,2016-08-29,22.761363983154297,23.467315673828125,hold_days,0.03101535089005658,0.03001535089005658,4,2016-08-18,-0.000941349292233773,0.030956700182290353,0.02324166498293011,0.12486898180739259,0.16110965258395277,0.0034823091808241125,0.003410090525037087,0.004075313983124276,0.4310913108928755
CSCO,5,0.01,2016-09-19,2016-09-26,23.051177978515625,23.08832550048828,hold_days,0.001611523801832604,0.0006115238018326039,3,2016-09-16,0.004436488958536211,-0.003824965156703607,0.005011299991062804,0.09684885502525702,0.09684885502525702,0.009941543224065897,0.011144748388047807,0.007771213340359055,1.1342838150930545
CSCO,5,0.01,2017-07-10,2017-07-17,23.835596084594727,24.23567008972168,hold_days,0.016784728341051602,0.0157847283410516,4,2017-07-06,0.009902084171985903,0.005882644169065698,0.009677182155293177,0.06152483991837063,0.10995892627059826,0.00601171788190437,0.006454696636742878,0.004956020455358906,1.1873325659326444
CSCO,5,0.01,2017-08-04,2017-08-11,24.46649169921875,24.212596893310547,hold_days,-0.010377246113970284,-0.011377246113970285,4,2017-07-31,-0.011898189308481855,0.0005209431945115695,0.021846574071349153,0.061383369821779006,0.09196839192019628,0.0017713637556858641,0.002023161845108374,0.002207253386909196,0.40146788507665804
CSCO,5,0.01,2017-10-13,2017-10-16,25.97389030456543,26.028215408325195,resistance,0.002091527419372241,0.001091527419372241,1,2017-10-12,0.002538962066334083,-0.0014474346469618418,0.03116492794937727,0.076068181001645,0.11856879108523809,0.002462861942691032,0.0027804541978713715,0.002415982544539736,0.5702080055407117
CSCO,5,0.01,2017-11-15,2017-11-22,26.470556259155273,28.28647804260254,hold_days,0.0686015724667366,0.06760157246673659,2,2017-11-13,0.015726405722944037,0.051875166743792556,0.013286600882066844,0.09194606271166093,0.11422746204812768,0.0025258612860975327,0.0025665301789942214,0.003811021552546717,0.7679829267997231
CSCO,5,0.01,2018-07-17,2018-07-24,33.62858200073242,33.66828918457031,hold_days,0.0011807570071502571,0.0001807570071502571,4,2018-07-13,0.008552088019834647,-0.008371331012684391,0.04660879833582829,0.0631910881204459,0.09210677933563977,0.007954843366332622,0.0068058119266323205,0.006895341171380158,1.16805631175457
CSCO,5,0.01,2018-12-10,2018-12-17,37.4702262878418,35.34323501586914,hold_days,-0.05676483658340792,-0.05776483658340792,3,2018-12-07,-0.034795066997486024,-0.022969769585921895,0.00929977697953602,0.0134328149893845,0.020496304352514153,0.020484516938064353,0.01889071226296837,0.014953850857854098,1.6126792250317223
CSCO,5,0.01,2020-05-22,2020-06-01,37.54131317138672,38.71186828613281,hold_days,0.03118045203699138,0.03018045203699138,1,2020-05-21,0.04582542984222382,-0.01564497780523244,0.05480360113264315,0.33147550275700594,0.33147550275700594,0.02470908926571684,0.020595612491492412,0.01881554125118841,0.5968218046690237
CSCO,5,0.01,2020-08-20,2020-08-27,35.654476165771484,35.637611389160156,hold_days,-0.00047300587261234206,-0.001473005872612342,1,2020-08-19,0.026208673886157996,-0.02768167975877034,0.03494205448194555,0.10501448029919194,0.5156558919068717,0.002255406200286778,0.005882649141173783,0.0063610448185253046,0.15785830159537953
CSCO,5,0.01,2020-10-30,2020-11-06,30.53182601928711,31.9180908203125,hold_days,0.045403927041562486,0.044403927041562485,1,2020-10-29,0.0607654755394893,-0.016361548497926814,0.005958389545434126,0.005958389545434126,0.15547511582288676,0.01792722384838833,0.014685040424767933,0.013293172838202858,1.5885249500030072
CSCO,5,0.01,2021-04-15,2021-04-22,44.59178924560547,44.470890045166016,hold_days,-0.0027112435379875732,-0.0037112435379875732,1,2021-04-14,-0.006771884227031788,0.003060640689044215,0.055214717371326244,0.16758707404798423,0.38190352619163226,0.0035355451519190027,0.004362099235659069,0.006551361301656118,0.3995703041538257
CSCO,5,0.01,2021-05-05,2021-05-12,44.15139389038086,44.55725860595703,hold_days,0.00919256856496653,0.00819256856496653,1,2021-05-04,-0.01661600492130111,0.024808573486267638,0.027448921886537296,0.12008952456214851,0.2725928259157608,0.007089012048560327,0.0061473776728614505,0.005919093741794164,0.9387519859029753
CSCO,5,0.01,2023-03-02,2023-03-09,44.16709518432617,44.42192840576172,hold_days,0.005769752807424311,0.004769752807424311,1,2023-03-01,-0.017844096611395632,0.022613849418819942,0.008043274224935728,0.02721145817482381,0.16676191144507246,0.006069414494480905,0.008032930017358813,0.008483306157559472,0.6076117795896935
CSCO,5,0.01,2023-04-21,2023-04-28,43.12346267700195,43.32518768310547,hold_days,0.004677848057203837,0.003677848057203837,1,2023-04-20,-0.0018290321980262148,0.005506880255230052,0.05064393050294885,0.06339087928611167,0.08986727033169471,0.0038073879838645647,0.005283308314190284,0.005726283374087975,0.4206464356485945
CSCO,5,0.01,2023-07-17,2023-07-24,46.942771911621094,49.06771469116211,hold_days,0.045266666049069926,0.044266666049069925,3,2023-07-14,0.025636141193717155,0.01863052485535277,0.02607164018383726,0.06889431682559821,0.0964093071312069,0.006622195382326359,0.0068053936256916095,0.006255961508800402,0.8596850187731788
CSCO,5,0.01,2023-09-27,2023-10-04,49.15085983276367,49.73848342895508,hold_days,0.011955509999027614,0.010955509999027613,1,2023-09-26,-0.013933010215150476,0.02488852021417809,0.002046041630825035,0.002046041630825035,0.047817554367703914,0.00820734400231352,0.008393051270228312,0.006473702429258613,1.2831176146562417
CSCO,5,0.01,2023-11-21,2023-11-29,44.480804443359375,44.71344757080078,hold_days,0.005230191547854091,0.0042301915478540906,4,2023-11-17,0.007342993091960182,-0.003112801544106091,0.08901487144142979,0.08901487144142979,0.08901487144142979,0.0038534715725611042,0.007424182631351515,0.009139989185561456,0.5017937972786327
CSCO,5,0.01,2024-02-06,2024-02-13,46.871337890625,46.552486419677734,hold_days,-0.006802696174180278,-0.007802696174180278,1,2024-02-05,-0.0033774114504742103,-0.004425284723706068,0.03171011567078867,0.12965639817001293,0.18227096186684505,0.011539510761659615,0.008578743777842257,0.007095676692184579,1.8550962075458908
CSCO,5,0.01,2024-05-03,2024-05-10,44.55024719238281,45.43898010253906,hold_days,0.019949000649051474,0.018949000649051473,1,2024-05-02,0.017647935463448894,0.001301065185602579,0.02887649902729212,0.04639619342700095,0.1780758244038715,0.008817296421481772,0.007252663542602554,0.006949019069070382,1.43722301127741
CSCO,5,0.01,2024-09-09,2024-09-16,46.43854904174805,48.66035079956055,hold_days,0.04784390993385923,0.04684390993385923,3,2024-09-06,0.01616122043373247,0.03068268950012676,0.03296840147816306,0.05363331852030052,0.09447715532840832,0.006649897603638901,0.0077081136593461766,0.007714042230014213,0.8638077006844596
CSCO,5,0.01,2024-11-20,2024-11-27,55.24892807006836,56.9688606262207,hold_days,0.031130604995106337,0.030130604995106336,1,2024-11-19,0.027416981280615094,0.0027136237144912423,0.02070418349838668,0.05119349093527287,0.09631802253666288,0.004220986971703532,0.0035055618438363666,0.006915939170609925,0.6545776141164493
CSCO,5,0.01,2025-01-28,2025-02-04,57.49249267578125,59.34022521972656,hold_days,0.03213867511998947,0.031138675119989467,1,2025-01-27,0.003414556127698365,0.027724118992291102,0.05497703811091396,0.06169269325696624,0.13923683780290405,0.005999370066216713,0.00502955942424369,0.0067153672350741545,0.8800715798736403
CSCO,5,0.01,2025-06-02,2025-06-03,62.180789947509766,62.677459716796875,resistance,0.007987511411585047,0.0069875114115850465,3,2025-05-30,0.004768780345727919,0.0022187310658571277,0.04579387950198385,0.16192929501509998,0.16192929501509998,0.009289775823447243,0.00873581447293775,0.009931569926599134,0.5254037614667267
CSCO,5,0.01,2025-08-05,2025-08-12,66.15025329589844,69.93195343017578,hold_days,0.05716833943721,0.05616833943721,4,2025-08-01,0.015148923360638555,0.04101941607657145,0.008952665285754904,0.08845742645713192,0.22085798952515381,0.009276297817031355,0.007297886609378907,0.00587178747298975,1.2714371288823156
CSCO,5,0.01,2025-09-15,2025-09-22,65.66040802001953,66.37560272216797,hold_days,0.010892328021025577,0.009892328021025576,3,2025-09-12,0.011146518583892817,-0.0012541905628672412,0.019525583383022183,0.0804470389199806,0.2671483607593459,0.007344646033210271,0.005797660806039709,0.005824689194223335,1.2972617470755605
CSCO,5,0.01,2026-08-24,2026-08-31,110.2300033569336,110.48999786376953,hold_days,0.002358654621410494,0.0013586546214104942,4,2026-08-20,-0.010341842384611555,0.011700497006022048,0.040418158344371465,0.08325427691656502,0.15593714515082793,0.006857780625173931,0.005336127227020448,0.00634358869476447,1.0666800022885239
C,5,0.01,2015-11-16,2015-11-23,39.50864791870117,39.94281005859375,hold_days,0.010989040697772623,0.009989040697772622,3,2015-11-13,0.019010740559540773,-0.009021699861768151,0.032338945587344244,0.13032629311109575,0.13032629311109575,0.0068906872276386436,0.0060914248850311315,0.008848884809189734,0.513868098214227
C,5,0.01,2016-12-15,2016-12-22,44.731353759765625,44.92446517944336,hold_days,0.004317137833897533,0.003317137833897533,1,2016-12-14,-0.0004350405922727285,0.0037521784261702615,0.05315931479265073,0.10408483757106476,0.2029106663564707,0.006772430424787761,0.005776701056830088,0.00491884725932786,1.1196960458932108
C,5,0.01,2017-02-27,2017-03-06,44.7030143737793,44.89664077758789,hold_days,0.004331394795653143,0.003331394795653143,3,2017-02-24,0.00443994156026295,-0.001108546764609807,0.05214899018902786,0.10968933081360005,0.17576087578792993,0.0026934560497626813,0.002379535330394204,0.0035992178339767133,0.6384323780669829
C,5,0.01,2017-03-23,2017-03-30,43.23574447631836,45.067955017089844,hold_days,0.04237721734559341,0.04137721734559341,1,2017-03-22,0.009371050625000432,0.03200616672059298,-0.0018180924043703038,0.06763279643451905,0.16734569721544285,0.005621729153355456,0.004981034485481304,0.005126184947489405,1.2723955808500762
C,5,0.01,2017-05-18,2017-05-25,44.86713790893555,46.263641357421875,hold_days,0.031125307152881865,0.030125307152881864,1,2017-05-17,0.024260675106422047,0.005864632046459817,0.014564754737362176,0.0221275079189918,0.11746333025536666,0.011216585865648021,0.007192466426499409,0.006057337772754608,2.216151072361733
C,5,0.01,2017-10-17,2017-10-24,54.16041564941406,55.698429107666016,hold_days,0.028397371767005408,0.027397371767005407,1,2017-10-16,0.01602984186311196,0.011367529903893447,0.030773345885323333,0.0795402060420145,0.12217794794034433,0.0020569042236088775,0.002631114901188904,0.0023875542003137127,0.4778604649708544
C,5,0.01,2017-12-15,2017-12-22,56.33726501464844,56.87977981567383,hold_days,0.009629768162943808,0.008629768162943807,1,2017-12-14,0.004218652331392514,0.004411115831551293,0.05072796678859685,0.10904490560105409,0.1721808905102842,0.0031111177489019323,0.003155838363750631,0.0039149178800732725,0.8632025758311601
C,5,0.01,2018-05-04,2018-05-11,51.64194869995117,55.381710052490234,hold_days,0.07241712303049863,0.07141712303049863,1,2018-05-03,0.02943554428440298,0.04198157874609565,0.01923525693074551,0.039634264060146175,0.06967054164178979,0.004629718766724332,0.007793527863251918,0.008393368664904715,0.3597324207648271
C,5,0.01,2018-09-13,2018-09-20,53.657920837402344,57.207054138183594,hold_days,0.06614369780625795,0.06514369780625795,2,2018-09-11,0.01267993979126314,0.05246375801499481,0.038445487989707,0.09849043684708031,0.13535730511905741,0.0016728995113211827,0.002711462872767211,0.004029442307588132,0.3187024990785795
C,5,0.01,2019-03-27,2019-04-03,47.10105895996094,50.45933532714844,hold_days,0.07129938140121772,0.07029938140121772,2,2019-03-25,0.024890312162968886,0.045409069238248834,0.019211901874811522,0.15296646222686336,0.2072609851939062,0.013479590640038324,0.008602840246192569,0.007192867203659808,1.527837331001289
C,5,0.01,2019-11-15,2019-11-22,58.929508209228516,59.30177688598633,hold_days,0.006317186212314585,0.005317186212314585,1,2019-11-14,-0.005761527101231567,0.011078713313546151,0.05397957552998723,0.11698105198790684,0.1602581304605868,0.002122898395464364,0.003147195316557034,0.003826568707677166,0.2749306539302927
C,5,0.01,2020-08-03,2020-08-10,41.01433181762695,43.024757385253906,hold_days,0.049017635507667245,0.048017635507667245,3,2020-07-31,0.03413199571649672,0.013885639791170523,0.0383334863991222,0.16550442010148927,0.4712128229878851,0.007729928066239519,0.007396622033054394,0.00890478065862218,0.46336059064527885
C,5,0.01,2020-09-24,2020-10-01,34.34003448486328,35.35746383666992,hold_days,0.02962808183128396,0.028628081831283958,1,2020-09-23,0.029844247937585555,-0.0012161661063015972,0.00021028937149379924,0.030194139794201758,0.2768173176827674,0.01206292264737658,0.010651185268194537,0.01285868930302226,1.2282184619449494
C,5,0.01,2020-10-16,2020-10-23,35.15397262573242,35.772560119628906,hold_days,0.017596517482740603,0.016596517482740603,2,2020-10-14,-0.004908621017266412,0.021505138500007015,0.0654925653212127,0.0654925653212127,0.22903889351857265,0.00891160778536609,0.01102531698862431,0.011442892832218773,0.8958014857838035
C,5,0.01,2020-12-18,2020-12-28,48.66695022583008,50.3726806640625,hold_days,0.03504905136478231,0.03404905136478231,4,2020-12-14,0.003360751707655929,0.030688299657126383,0.05039588870568073,0.18086002564288337,0.21113221335773477,0.008266137439438109,0.005767310595554608,0.00817926360872994,0.7157002575451796
C,5,0.01,2021-04-21,2021-04-28,58.713653564453125,60.59183120727539,hold_days,0.03198877141516143,0.03098877141516143,1,2021-04-20,0.004311314784618547,0.026677456630542884,0.05682620906614471,0.16937017737456872,0.384013927059662,0.007620441378371221,0.005274403515877283,0.0062836368162581,0.8566042645030164
C,5,0.01,2021-05-13,2021-05-20,63.004905700683594,63.76641082763672,hold_days,0.01208644181725771,0.011086441817257708,1,2021-05-12,0.002488579631533705,0.008597862185724003,0.0205079784396038,0.11499125330360192,0.24260532462684392,0.011149792561256798,0.009852259261947768,0.008363026048686231,1.3404338395491713
C,5,0.01,2021-08-23,2021-08-30,59.76580047607422,60.42341613769531,hold_days,0.011003210136612429,0.010003210136612428,4,2021-08-19,0.011081481776619828,-0.0010782716400074,0.01566802744050584,0.06889840735869351,0.17336854034746538,0.007552557853708617,0.006247976691691447,0.006078563815667301,1.1207402713444334
C,5,0.01,2021-11-22,2021-11-30,56.92958450317383,54.093284606933594,hold_days,-0.04982119439291022,-0.05082119439291022,3,2021-11-19,-0.03032804567184988,-0.02049314872106034,0.01569684525703633,0.06363537160944634,0.10060522188623358,0.004613394458622903,0.004333846721881354,0.00409872494018598,0.671147054102561
C,5,0.01,2022-11-29,2022-12-06,42.019775390625,39.731964111328125,hold_days,-0.05444606159906573,-0.05544606159906573,1,2022-11-28,-0.010415688012653135,-0.0450303735864126,0.07295280319920626,0.17968610685765446,0.17968610685765446,0.011242366563235883,0.007717461781062398,0.014807964719185865,0.7079885365896398
C,5,0.01,2024-01-19,2024-01-26,47.610904693603516,49.5977668762207,hold_days,0.04173124193718847,0.04073124193718847,1,2024-01-18,0.005496814786853044,0.03523442715033542,0.017844306983132188,0.1663816701702536,0.1663816701702536,0.0065764289075924045,0.00486398414701759,0.0053848405179923965,0.9828933627790911
C,5,0.01,2024-12-19,2024-12-27,65.58257293701172,68.05558776855469,hold_days,0.03770841430570515,0.03670841430570515,1,2024-12-18,0.013846561095334886,0.022861853210370264,0.0013178493272959352,0.008588836665205256,0.08225437004837265,0.01154092748488699,0.008445610047069304,0.007214473975862032,1.8072773210532274
C,5,0.01,2025-02-26,2025-03-05,76.31575775146484,70.4185791015625,hold_days,-0.07727340753278633,-0.07827340753278633,1,2025-02-25,-0.012832623976391289,-0.06544078355639504,0.004879613435444347,0.05110512911183333,0.08939341271796722,0.004539647259905278,0.004590923302039266,0.005050363641231288,0.7229450812283634
C,5,0.01,2025-05-07,2025-05-14,68.34516906738281,73.2485122680664,hold_days,0.07174381551166098,0.07074381551166098,1,2025-05-06,0.028347932230142314,0.042395883281518665,0.11604006491126047,0.11604006491126047,0.11604006491126047,0.00929022180979198,0.007216524509235245,0.02168589425715672,0.5383020899673423
C,5,0.01,2025-10-30,2025-11-04,98.14378356933594,99.5072021484375,resistance,0.013892052349279371,0.01289205234927937,1,2025-10-29,-0.00690813091239284,0.01980018326167221,0.04054842057529749,0.07359382452711459,0.17064276743563278,0.005225546556945266,0.005272346311988271,0.006902212052957453,0.9250012307125423
KO,5,0.01,2015-09-24,2015-10-01,27.833019256591797,28.295122146606445,hold_days,0.01660268639038165,0.015602686390381648,1,2015-09-23,0.00022634595747583752,0.01537634043290581,0.006787779249476158,0.03540792289771,,0.00844495291430043,0.009426804244117381,0.014221927358618828,0.6380786256371237
KO,5,0.01,2015-11-17,2015-11-24,29.624568939208984,30.82604217529297,hold_days,0.04055664872455922,0.03955664872455922,4,2015-11-13,0.020828455710694804,0.018728193013864414,0.03089058822078495,0.12874046084133509,0.12874046084133509,0.014066581064955596,0.009349981799940088,0.00961562466022414,1.1299092661878056
KO,5,0.01,2016-06-28,2016-07-06,32.141319274902344,32.93429183959961,hold_days,0.02467143796790139,0.023671437967901388,1,2016-06-27,0.047137050005715775,-0.023465612037814387,0.01823191015144979,0.01823191015144979,0.1456676141504222,0.021607831250524595,0.015023908534708311,0.0107305896051654,2.5242535105984234
KO,5,0.01,2017-01-17,2017-01-24,30.488492965698242,30.991453170776367,hold_days,0.016496722407499442,0.015496722407499441,4,2017-01-13,0.0069181093656309756,0.008578613041868466,0.01596416762037136,0.11085141216851804,0.11085141216851804,0.0033881308066668167,0.00406545923336523,0.004003483811791314,0.6339457100032114
KO,5,0.01,2017-02-02,2017-02-09,30.621623992919922,30.51067543029785,hold_days,-0.0036232096197028607,-0.004623209619702861,1,2017-02-01,0.01415760896000795,-0.018780818579710812,0.012224223478427644,0.12136185211331492,0.12136185211331492,0.003817076363266564,0.004505737502573195,0.003950339088777311,0.714636179982091
KO,5,0.01,2017-04-28,2017-05-05,32.197715759277344,32.60064697265625,hold_days,0.012514279472226386,0.011514279472226385,1,2017-04-27,0.00302623766277188,0.008488041809454505,0.029269842719273492,0.06551641008905239,0.1922711813846545,0.006559742722803937,0.0062377785891546975,0.005251416650864658,1.4103788044879886
KO,5,0.01,2017-07-12,2017-07-19,33.485843658447266,33.726593017578125,hold_days,0.007189586190107233,0.006189586190107233,1,2017-07-11,0.009085503430681374,-0.002895917240574141,0.01447774989583556,0.0634818580273552,0.11523628928221692,0.005579398970450551,0.005750221603143279,0.004840148832374988,1.1607570039303214
KO,5,0.01,2017-08-31,2017-09-08,34.26826095581055,34.83251190185547,hold_days,0.016465701214675832,0.015465701214675831,1,2017-08-30,0.0013355039556053327,0.014130197259070498,0.019946200308853745,0.029312219041577138,0.08216815023168433,0.0016608211846096958,0.004830303901156049,0.006219440199528792,0.3593094566124326
KO,5,0.01,2017-11-21,2017-11-29,34.7153434753418,34.503021240234375,hold_days,-0.0061160920173015665,-0.0071160920173015665,1,2017-11-20,0.012122196314281908,-0.019238288331583475,0.022454941354455728,0.10568102883974242,0.12661697054322052,0.006521938393229233,0.004547908035552707,0.004124210719465827,1.852839125412416
KO,5,0.01,2018-03-01,2018-03-08,33.20331954956055,33.98314666748047,hold_days,0.023486420288667986,0.022486420288667985,1,2018-02-28,0.020818700172049898,0.0016677201166180877,0.04543441491823629,0.04543441491823629,0.1569795623307613,0.01645688946842032,0.011753284341552265,0.01819543472237812,1.4927246627367317
KO,5,0.01,2018-03-26,2018-04-03,32.92567825317383,33.45785903930664,hold_days,0.01616309258812354,0.015163092588123539,3,2018-03-23,-0.016496025524295632,0.03165911811241917,0.027147191863257796,0.04081029242632621,0.10736009635121874,0.016113026817841707,0.0113698253942625,0.011587672476403351,1.2782253355280304
KO,5,0.01,2018-08-14,2018-08-21,35.708984375,35.96577453613281,hold_days,0.007191191954274423,0.006191191954274423,1,2018-08-13,0.011654464496029027,-0.005463272541754604,0.019798525410931026,0.06542329940311643,0.10118038850962624,0.0020999335385600364,0.004432694074512863,0.004731783011076125,0.34724813256630255
KO,5,0.01,2018-09-26,2018-10-03,35.981327056884766,35.99702453613281,hold_days,0.00043626737899993273,-0.0005637326210000673,1,2018-09-25,0.010574613448399939,-0.011138346069400007,0.02362611246137796,0.09880420002483144,0.1341482919234364,0.004368944497358885,0.003888073944087966,0.003505524595741098,0.9135657903423534
KO,5,0.01,2019-01-29,2019-02-05,37.491851806640625,38.96305465698242,hold_days,0.039240602409540415,0.038240602409540414,1,2019-01-28,0.03213571559451989,0.006104886815020527,0.0801230877156723,0.1309873320059564,0.1309873320059564,0.00700982785754544,0.009565662136237333,0.012500335286954977,0.46448723662837876
KO,5,0.01,2019-03-18,2019-03-25,36.231380462646484,36.726051330566406,hold_days,0.013653105722259529,0.012653105722259528,3,2019-03-15,-0.013974396645406673,0.0266275023676662,0.03237364000636994,0.21949420649716062,0.21949420649716062,0.0022930815213621407,0.006027997501118648,0.004859310265919361,0.19177618124157486
KO,5,0.01,2019-10-03,2019-10-10,43.60932540893555,43.46352005004883,hold_days,-0.0033434444931093044,-0.004343444493109304,1,2019-10-02,0.011637750569967409,-0.015981195063076714,0.0076220703407275285,0.033362756352229274,0.07120160837724973,0.010627032145644314,0.008526675857983291,0.006767511839563883,1.0424234354513573
KO,5,0.01,2020-04-24,2020-05-01,37.397377014160156,37.537315368652344,hold_days,0.0037419296663292467,0.0027419296663292467,1,2020-04-23,0.00019139762349951184,0.002550532042829735,0.13973139639202806,0.2878892607742726,0.2878892607742726,0.023782135582650653,0.02480731980081799,0.030317507497871314,0.5794506246484016
KO,5,0.01,2020-08-04,2020-08-11,38.78376007080078,39.81379699707031,hold_days,0.02655845963334058,0.02555845963334058,1,2020-08-03,0.029560438424080848,-0.004001978790740268,0.04167246798727223,0.16925234680384593,0.4759438199099265,0.007879483045594082,0.006672063896544375,0.008145853283343213,0.477073069701746
KO,5,0.01,2020-11-13,2020-11-20,44.758460998535156,44.10529327392578,hold_days,-0.01459316763886831,-0.01559316763886831,1,2020-11-12,0.0019570376456021776,-0.017550205284470488,0.12200891553997717,0.12200891553997717,0.18605771155655454,0.019359849231727788,0.013410079870547301,0.015708812766440934,1.5160101026243575
KO,5,0.01,2020-12-01,2020-12-08,43.919437408447266,44.88154602050781,hold_days,0.021906214396897106,0.020906214396897105,1,2020-11-30,0.019859602235888785,0.00104661216100832,0.13000948803906784,0.15697343884859055,0.22301815093160354,0.01370523181640658,0.01088803159719278,0.012787400536511642,1.066429160724507
KO,5,0.01,2021-01-11,2021-01-19,42.36655807495117,40.940269470214844,hold_days,-0.033665434945483796,-0.0346654349454838,4,2021-01-07,0.003756949564864387,-0.038422384510348184,0.042701614412046354,0.219068287037148,0.219068287037148,0.005307330475941344,0.008098435714123192,0.007120733196146749,0.48129431529847416
KO,5,0.01,2021-02-01,2021-02-08,40.91495132446289,42.1302490234375,hold_days,0.02970302199157171,0.02870302199157171,3,2021-01-29,0.05096388718294742,-0.02226086519137571,0.01650653332914017,0.15034094154837396,0.19655379571453058,0.016394451118461204,0.01217251856436428,0.010436844317073011,1.6402828812869363
KO,5,0.01,2021-04-05,2021-04-12,44.94023895263672,45.399776458740234,hold_days,0.010225524314364076,0.009225524314364075,4,2021-04-01,0.00589213195192162,0.0033333923624424555,0.06560712633956747,0.1540965779238979,0.36593678197330487,0.005291876691100987,0.00805080243106671,0.006899786443397474,0.589217653884502
KO,5,0.01,2021-04-29,2021-05-03,46.17416763305664,46.361385345458984,resistance,0.004054598534187992,0.003054598534187992,2,2021-04-27,-3.835811460783933e-05,0.0030929566487958313,0.04289201126528022,0.15171689472238198,0.3319038598383454,0.003939397693584941,0.0072536984499344285,0.005803075627064356,0.5175488957616816
KO,5,0.01,2021-08-05,2021-08-12,48.442649841308594,48.73416519165039,hold_days,0.00601774162430746,0.00501774162430746,1,2021-08-04,0.01398853923933907,-0.008970797615031612,0.04138463867926305,0.06136986045611701,0.16907566950854522,0.008335467842197979,0.0065259066341770405,0.008438371829545632,1.1224937755004478
KO,5,0.01,2021-09-13,2021-09-20,48.073978424072266,46.70042419433594,hold_days,-0.028571677958913022,-0.029571677958913023,3,2021-09-10,-0.027157893578556136,-0.002413784380356887,0.012273212119322268,0.06645964941797246,0.1239945113835371,0.0033182906374580453,0.004382473731887445,0.005917099629871694,0.4747559818597408
KO,5,0.01,2022-03-11,2022-03-18,50.42294692993164,52.72127914428711,hold_days,0.045581076757557515,0.044581076757557514,1,2022-03-10,0.047868667387811925,-0.003287590630254411,0.007889522143738328,0.007889522143738328,0.0338670854468219,0.015881703452914724,0.012522284680911986,0.012384752314083623,1.5805097654935367
KO,5,0.01,2022-06-17,2022-06-27,52.51020812988281,55.58500289916992,hold_days,0.05855613372702084,0.05755613372702084,1,2022-06-16,0.04254459533659949,0.015011538390421353,-0.0029569879171169027,-0.0029569879171169027,-0.0029569879171169027,0.020534339265078225,0.016845795862459677,0.016823520801361028,1.342133993895408
KO,5,0.01,2022-07-22,2022-07-29,54.41869354248047,56.69829177856445,hold_days,0.041889984630088195,0.040889984630088194,1,2022-07-21,0.044498001115745645,-0.0036080164856574504,0.0444600981361475,0.05223784462840298,0.05223784462840298,0.014211274375032232,0.013267887038282087,0.012820764467410171,0.881160440152274
KO,5,0.01,2022-08-10,2022-08-15,56.23883819580078,56.989871978759766,resistance,0.013354361630732559,0.012354361630732558,2,2022-08-08,0.02214546061420397,-0.009791098983471413,0.10806248217032714,0.11631385443364242,0.11631385443364242,0.0016474047511369774,0.00856612127443687,0.0109461280258641,0.11513353684350876
KO,5,0.01,2022-10-11,2022-10-18,48.487518310546875,50.23191833496094,hold_days,0.035976269464684574,0.03497626946468457,1,2022-10-10,0.042782100553904634,-0.007805831089220061,0.02578549643952637,0.02578549643952637,0.02578549643952637,0.00845129642361146,0.021271059407991684,0.016192288266031064,0.5944213702973584
KO,5,0.01,2023-01-20,2023-01-27,53.85078048706055,54.2182731628418,hold_days,0.006824277614129626,0.005824277614129626,1,2023-01-19,0.016461374765903036,-0.010637097151773411,0.03818160751901069,0.07586738430155092,0.18289061951048874,0.009715238529746461,0.011757868927354413,0.010718892538117008,0.7799154500099239
KO,5,0.01,2023-05-11,2023-05-12,57.67790603637695,57.90370178222656,resistance,0.0039147701670585455,0.0029147701670585455,2,2023-05-09,-0.0006185666847436933,0.0035333368518022388,0.009801116172818355,0.03579495624168768,0.03579495624168768,0.00882287056515706,0.009271373099989558,0.008267619800927044,0.9582859353188867
KO,5,0.01,2023-06-01,2023-06-08,54.19158172607422,54.52576446533203,hold_days,0.0061666909991118235,0.0051666909991118235,1,2023-05-31,0.029165043084507403,-0.02399835208539558,0.013229234178091472,0.0393113192981289,0.0393113192981289,0.007665762920320029,0.006458632468601185,0.007769606088653864,0.8796955364068569
KO,5,0.01,2024-07-11,2024-07-12,59.26498794555664,59.828521728515625,resistance,0.009508713365075971,0.00850871336507597,2,2024-07-09,0.003675643565428377,0.0048330697996475935,0.03158053659008627,0.07310714007986092,0.11489828559310873,0.0048364751637142624,0.003928734535163287,0.003926121131616855,0.9400060295365488
KO,5,0.01,2024-10-08,2024-10-15,65.42091369628906,66.51787567138672,hold_days,0.016767756870382566,0.015767756870382565,1,2024-10-07,0.013411660579591977,0.002356096290790588,0.029449611871452508,0.08192310191429059,0.12386096033961491,0.006730055938907385,0.006160065974717473,0.005450341389371679,0.8308043440864394
KO,5,0.01,2024-11-18,2024-11-25,58.49866485595703,60.88173294067383,hold_days,0.040737136319003,0.039737136319003,3,2024-11-15,0.024108287704340148,0.01562884861466285,0.02000829633958469,0.05047681703152644,0.10757155694025072,0.004258597280843292,0.009266108683247449,0.007046173567593515,0.6607867134556117
KO,5,0.01,2025-06-06,2025-06-13,68.4864501953125,68.65437316894531,hold_days,0.0024519152789190812,0.0014519152789190812,1,2025-06-05,0.0024053463860698177,-0.0009534311071507364,0.048888962322282556,0.17647639553896688,0.17647639553896688,0.003301152654321088,0.00678477809481282,0.009615876685845123,0.18925011730254754
KO,5,0.01,2026-03-06,2026-03-13,75.5721206665039,76.38804626464844,hold_days,0.010796648167982204,0.009796648167982203,1,2026-03-05,-0.014613279095274656,0.02440992726325686,-0.007603590111302279,0.05360505663037833,0.12307938251576579,0.006299298941115592,0.0061269112724015844,0.007234144785333765,0.9634492562478889
KO,5,0.01,2026-07-10,2026-07-17,82.99475860595703,81.07620239257812,hold_days,-0.02311659489833373,-0.024116594898333732,1,2026-07-09,-0.00037505702958939846,-0.023741537868744333,0.028232568770777854,0.059580157285493165,0.09722365784625667,0.004563466004957128,0.006358546905368121,0.006347136210691319,0.7656370837582674
COP,5,0.01,2016-08-02,2016-08-09,29.20698356628418,30.271324157714844,hold_days,0.03644130483434482,0.03544130483434482,1,2016-08-01,0.017793656444715644,0.017647648389629178,0.03886381646857714,0.09931897840199641,0.23690304597580922,0.0019610120048365286,0.0029920750612993873,0.004726632837709885,0.2250138810721537
COP,5,0.01,2017-02-27,2017-03-06,35.151676177978516,35.86421203613281,hold_days,0.02027032379755145,0.019270323797551447,3,2017-02-24,0.00443994156026295,0.014830382237288497,0.05214899018902786,0.10968933081360005,0.17576087578792993,0.0026934560497626813,0.002379535330394204,0.0035992178339767133,0.6384323780669829
COP,5,0.01,2017-07-10,2017-07-17,32.27333450317383,32.23603820800781,hold_days,-0.0011556381062002297,-0.0021556381062002297,3,2017-07-07,0.009902084171985903,-0.012057722278186134,0.009677182155293177,0.06152483991837063,0.10995892627059826,0.00601171788190437,0.006454696636742878,0.004956020455358906,1.1873325659326444
COP,5,0.01,2017-09-11,2017-09-18,33.7395133972168,35.36152648925781,hold_days,0.04807458462559855,0.04707458462559855,3,2017-09-08,0.012566779571344888,0.03450780505425366,0.03308334489832105,0.042570000133520934,0.09610672802667491,0.004849508862636725,0.0035524425342663636,0.005782111385124636,1.02283163068799
COP,5,0.01,2017-10-09,2017-10-16,36.72823715209961,37.53617858886719,hold_days,0.02199782781356263,0.02099782781356263,3,2017-10-06,0.007174796276042894,0.013823031537519737,0.036813969484901704,0.07111524363276803,0.1331662298612778,0.0031363571734652216,0.0024302945308796488,0.0021967538154883943,0.7260189884434575
COP,5,0.01,2019-01-15,2019-01-18,50.74384307861328,52.180946350097656,resistance,0.02832074167614751,0.02732074167614751,1,2019-01-14,0.027582168874068724,-0.0002614271979212157,0.11312717788924509,0.11312717788924509,0.11312717788924509,0.005331810504580846,0.015918552332205866,0.019615246108712608,0.3387335064365686
COP,5,0.01,2019-08-27,2019-09-04,39.75288772583008,41.56195831298828,hold_days,0.04550790371846958,0.04450790371846958,4,2019-08-23,0.022866417239833847,0.02164148647863573,0.012002103953321975,0.04878091035775864,0.049058788670384365,0.01771228849524197,0.016956748343138688,0.015258369039780327,1.759240028567404
COP,5,0.01,2019-11-19,2019-11-22,44.916866302490234,47.06175231933594,resistance,0.0477523521432035,0.0467523521432035,1,2019-11-18,-0.0012474290620601014,0.0479997812052636,0.0428077058753056,0.10100032752151288,0.15501406991541475,0.005931865929385714,0.004293585364162548,0.004171906455649178,0.8784776369243961
COP,5,0.01,2021-05-26,2021-06-03,46.062198638916016,49.4283447265625,hold_days,0.0730782764851039,0.0720782764851039,1,2021-05-25,0.00484366698875327,0.06723460949635063,0.02106557322742036,0.12067071931721156,0.20880635491142877,0.005354801104827618,0.008357942314532149,0.008916978994993595,0.7033523372359455
COP,5,0.01,2022-10-12,2022-10-19,102.16380310058594,106.38914489746094,hold_days,0.04135850143239983,0.04035850143239983,1,2022-10-11,0.0409786499923801,-0.0006201485599802714,0.02282876568960175,0.02282876568960175,0.02282876568960175,0.00807124803448581,0.019911733833799287,0.01609557636763546,0.5868986412222524
COP,5,0.01,2023-06-01,2023-06-08,89.71663665771484,94.23265838623047,hold_days,0.05033650275751045,0.04933650275751045,1,2023-05-31,0.029165043084507403,0.020171459673003045,0.013229234178091472,0.0393113192981289,0.0393113192981289,0.007665762920320029,0.006458632468601185,0.007769606088653864,0.8796955364068569
COP,5,0.01,2023-10-05,2023-10-12,103.81753540039062,110.85647583007812,hold_days,0.06780107428422943,0.06680107428422943,1,2023-10-04,0.01833963112168835,0.048461443162541085,0.0005769288374611941,0.0005769288374611941,0.03125067915853245,0.005302049486682975,0.005895766754813096,0.006616019114858238,0.8559368449208559
COP,5,0.01,2024-02-14,2024-02-22,101.30514526367188,103.9735107421875,hold_days,0.026339881074850968,0.025339881074850967,1,2024-02-13,0.011075864858010487,0.01426401621684048,0.03467375424030793,0.09608521249710417,0.18566709394793174,0.008233676197925253,0.0073135633324620955,0.007403001134995341,1.3861670259369683
COP,5,0.01,2024-05-06,2024-05-13,114.47093200683594,113.37162017822266,hold_days,-0.009603414677777145,-0.010603414677777145,3,2024-05-03,0.011265661618187428,-0.021869076295964573,0.03474327373263757,0.0523628674886314,0.17220869018528945,0.010186199583030013,0.007579194615188338,0.007314277250479763,1.6321108335144925
COP,5,0.01,2024-06-03,2024-06-10,106.17343139648438,105.6419677734375,hold_days,-0.005005617846730703,-0.006005617846730703,4,2024-05-30,0.010259526905403549,-0.016265144752134253,0.010954084664332736,0.0377571584462919,0.1134027123478212,0.009754634905898249,0.007727040820664973,0.006042339431092109,1.5225594883808184
COP,5,0.01,2024-06-17,2024-06-25,102.13610076904297,107.21772766113281,hold_days,0.049753484358882716,0.048753484358882715,3,2024-06-14,0.015084235740175034,0.03366924861870768,0.020499833583637595,0.04755599048427582,0.09546514359525711,0.002458141408271579,0.0026034222532591708,0.005584738069542221,0.4012665548086489
COP,5,0.01,2024-12-23,2024-12-31,91.14817810058594,93.78671264648438,hold_days,0.028947748609815305,0.027947748609815304,3,2024-12-20,-0.006579861536418652,0.034527610146233956,0.013314727315258179,0.020672828997532297,0.09522095567164097,0.015208249634934631,0.009743179984651707,0.007018591418867159,2.3632013981644904
COP,5,0.01,2025-05-06,2025-05-13,83.54566192626953,89.78083801269531,hold_days,0.07463195506103504,0.07363195506103504,1,2025-05-05,0.03882902059338056,0.03480293446765448,0.11105000496696424,0.11105000496696424,0.11105000496696424,0.007737180759721391,0.006343012785958971,0.02205803078010685,0.4481382930636902
COP,5,0.01,2025-08-11,2025-08-18,89.9295654296875,91.12708282470703,hold_days,0.013316170152693818,0.012316170152693817,4,2025-08-07,0.013374368237109913,-0.0010581980844160954,0.014098627551626521,0.07274732914732876,0.22708473272356242,0.002978625312728164,0.006548196927306053,0.005689944561498195,0.4714604363527182
COP,5,0.01,2025-11-26,2025-12-04,85.2116470336914,91.11160278320312,hold_days,0.06923884181207018,0.06823884181207018,1,2025-11-25,0.011699335403591249,0.056539506408478934,0.03398003400601515,0.06542046217537402,0.14293342846744442,0.012110967247079607,0.009019457637357417,0.007218527918270144,1.9794415750288226
COP,5,0.01,2026-02-24,2026-03-03,109.04686737060547,116.8662109375,hold_days,0.07170626497980725,0.07070626497980725,1,2026-02-23,-0.0062805198232093185,0.07698678480301657,0.022598628171132177,0.08525646430394339,0.15301891945772586,0.00715593661419498,0.006637272646325439,0.007078917458309744,1.106226540831412
COP,5,0.01,2026-04-20,2026-04-27,114.8250961303711,119.98212432861328,hold_days,0.044912030314235185,0.043912030314235184,3,2026-04-17,-0.0168549374413286,0.06076696775556378,0.05327977243887578,0.05327977243887578,0.11162469857097285,0.0034213915028502794,0.008546535402443163,0.008400768084178015,0.46292071145245395
COST,5,0.01,2015-09-11,2015-09-18,117.85953521728516,118.49457550048828,hold_days,0.005388111212490054,0.004388111212490054,2,2015-09-09,0.0019341178412246585,0.002453993371265396,0.05024059504659341,0.05024059504659341,,0.019368069108173118,0.017207064907419252,0.020846487900775604,1.4665143294629703
COST,5,0.01,2015-12-21,2015-12-29,133.52842712402344,136.26780700683594,hold_days,0.020515331018376548,0.019515331018376547,3,2015-12-18,0.031548451034685066,-0.012033120016308518,0.007215712646052558,0.09997046045718933,0.1160856528588494,0.017431747452131906,0.01320412539994617,0.011354823155205893,1.682353084199852
COST,5,0.01,2016-01-21,2016-01-28,125.98033905029297,125.31851196289062,hold_days,-0.005253415670981254,-0.006253415670981254,1,2016-01-20,0.013497036842495147,-0.019750452513476402,0.00688848835403434,0.00688848835403434,0.031897647147096954,0.017482095916269143,0.014955140705499685,0.012842044911504799,1.590222084016583
COST,5,0.01,2016-02-05,2016-02-12,120.62715148925781,124.86859130859375,hold_days,0.035161568245384967,0.034161568245384966,1,2016-02-04,-0.010485313895669313,0.04464688214105428,0.0096130473624142,0.0096130473624142,0.034689878921299204,0.012782066743537233,0.015106181828885,0.014725961461010136,1.0423238579988916
COST,5,0.01,2016-04-12,2016-04-19,126.43949127197266,129.09393310546875,hold_days,0.0209937718571358,0.0199937718571358,1,2016-04-11,0.026477896157912184,-0.006484124300776384,0.030656168575832716,0.1462720485379383,0.1462720485379383,0.009081531350420972,0.007030408842240511,0.006133156509129335,0.8386575837180061
COST,5,0.01,2016-05-19,2016-05-26,120.22505187988281,126.13101196289062,hold_days,0.049124204902888824,0.04812420490288882,1,2016-05-18,0.0298325357864917,0.018291669116397125,-0.0014375952552839663,0.08364897564863094,0.14502123809173473,0.009503098884144594,0.008617383461670083,0.007186508144704825,1.283033053604201
COST,5,0.01,2017-01-04,2017-01-11,135.37533569335938,136.8835906982422,hold_days,0.011141283581369565,0.010141283581369565,1,2017-01-03,0.0068310635389436936,0.003310220042425871,0.038072638305693594,0.1079197855935388,0.1079197855935388,0.0068185473500749294,0.004716200941175216,0.005356796787234896,1.2214492356965119
COST,5,0.01,2017-07-24,2017-07-31,133.869873046875,140.5279083251953,hold_days,0.04973512805221669,0.04873512805221669,3,2017-07-21,0.003261362474016982,0.04547376557819971,0.02072777824459875,0.05138790899944514,0.11240156157733028,0.0026959105738519327,0.0025670573750644714,0.0046771972008064384,0.616247372175336
COST,5,0.01,2019-03-26,2019-03-27,216.0770721435547,216.38433837890625,resistance,0.001422021468096446,0.000422021468096446,1,2019-03-25,-0.004397384974000995,0.004819406442097441,0.023713564521117655,0.15805889300195836,0.21259322441853967,0.012083507009008199,0.008304933074639007,0.006950439451505238,1.373749173720677
COST,5,0.01,2019-06-03,2019-06-10,218.47312927246094,232.7739715576172,hold_days,0.06545812902840553,0.06445812902840553,3,2019-05-31,0.05016307109063689,0.01429505793776864,0.0002649536331958377,0.0002649536331958377,0.18444123783831115,0.00612052261174948,0.006862436833463911,0.009135509984755534,0.8047559746712238
COST,5,0.01,2019-10-02,2019-10-09,258.9565124511719,269.6650695800781,hold_days,0.04135272377413335,0.04035272377413335,1,2019-10-01,0.011944511894120824,0.028408211880012524,-0.009271176844582922,0.025545972809822962,0.06309859609865708,0.008157246474852513,0.006432107539019575,0.0061481291424145615,0.824147614781124
COST,5,0.01,2020-01-08,2020-01-10,268.2392883300781,270.56036376953125,resistance,0.008653003271455795,0.007653003271455795,1,2020-01-07,0.0027640271208126954,0.004888976150643099,0.03831780130363594,0.10472665419881719,0.16676529860879058,0.007768739882773033,0.005560869836360489,0.004644763457307321,1.6252771847664413
COST,5,0.01,2020-05-04,2020-05-11,278.3785705566406,283.7176818847656,hold_days,0.019179318714975135,0.018179318714975135,3,2020-05-01,0.023831391017138603,-0.005652072302163469,0.12911110642833548,0.287881818939546,0.287881818939546,0.0257351575108027,0.022268249664401225,0.02641164644541277,0.6215366627438955
COST,5,0.01,2020-12-09,2020-12-16,352.5877990722656,348.0189514160156,hold_days,-0.012958042417439364,-0.013958042417439365,2,2020-12-07,0.001092872671724976,-0.01505091508916434,0.06875509065251902,0.1785516466196611,0.24582812986669156,0.0072903335485827465,0.007242784300517169,0.010111603791889138,0.5964170815084923
COST,5,0.01,2021-06-02,2021-06-09,359.9997863769531,359.4039611816406,hold_days,-0.001655070969093897,-0.002655070969093897,1,2021-06-01,0.0011370445997238576,-0.0037921155688177546,0.02615829364510197,0.10252047517188308,0.21123775852598797,0.0010263770980423023,0.004741959750234278,0.008443334727813195,0.14543570532890626
COST,5,0.01,2022-01-11,2022-01-19,495.5140075683594,465.2627868652344,hold_days,-0.06105018272152807,-0.06205018272152807,1,2022-01-10,-0.02776040210991948,-0.03428978061160859,0.05699627612793475,0.07988831531561208,0.1067911318761992,0.006136081755076304,0.005813855555313255,0.007640767776238008,0.8129080704941251
COST,5,0.01,2024-04-22,2024-04-29,705.5397338867188,717.4085693359375,hold_days,0.016822348734117476,0.015822348734117475,3,2024-04-19,0.011852951746288198,0.003969396987829277,0.013745976130749387,0.03834332509989666,0.21481402217350062,0.004241327838308731,0.006985858134013044,0.00693510966596803,0.6804417857908016
COST,5,0.01,2025-01-03,2025-01-13,907.8153076171875,915.8577270507812,hold_days,0.008859092115006684,0.007859092115006683,1,2025-01-02,-0.002545800803186782,0.010404892918193465,0.010676307662497454,0.018015250677121532,0.09236927256108807,0.005214387540439205,0.006356934618291517,0.007433374629808144,0.8008256013421824
COST,5,0.01,2025-03-14,2025-03-21,896.2655639648438,901.560302734375,hold_days,0.005907555731706093,0.004907555731706093,1,2025-03-13,0.0036723910576992314,0.001235164674006862,0.01587880875447958,0.01587880875447958,0.0180588308104036,0.00612634532162024,0.009666506262201084,0.00858338548099287,0.7809699332095954
COST,5,0.01,2025-11-25,2025-12-03,890.400146484375,918.2073974609375,hold_days,0.03123006109821036,0.03023006109821036,1,2025-11-24,0.01673604870259826,0.013494012395612098,0.031086667788733494,0.06243911681949173,0.14981272808760474,0.010937459296856869,0.007826389457924557,0.006605439581934395,1.853083845084916
COST,5,0.01,2026-03-24,2026-03-31,970.8654174804688,993.4067993164062,hold_days,0.023217823428540285,0.022217823428540284,1,2026-03-23,0.004584306792321913,0.01763351663621837,0.01091108718171683,0.020269304382453023,0.1009591984561671,0.010854689178455399,0.008522997910021594,0.0066763005293617944,1.5410970859506814
COST,5,0.01,2026-06-23,2026-06-30,956.1597900390625,933.9849853515625,hold_days,-0.02319152605925212,-0.024191526059252122,1,2026-06-22,0.01041163185170979,-0.03460315791096191,0.004245874073241422,0.0716275332971815,0.07675990058665277,0.008000681215358815,0.007520335053819181,0.006749554468461808,1.1425415710491453
COST,5,0.01,2026-07-10,2026-07-17,914.7955322265625,939.37646484375,hold_days,0.026870411749124745,0.025870411749124744,1,2026-07-09,-0.00037505702958939846,0.026245468778714143,0.028232568770777854,0.059580157285493165,0.09722365784625667,0.004563466004957128,0.006358546905368121,0.006347136210691319,0.7656370837582674
DHR,5,0.01,2015-06-30,2015-07-08,34.91750717163086,34.978702545166016,hold_days,0.0017525699424749686,0.0007525699424749685,1,2015-06-29,-0.005253361380292754,0.006005931322767722,0.0019888360415872045,,,0.0093521904356568,0.009091006337182702,0.007704266122886027,
DHR,5,0.01,2016-06-28,2016-07-06,40.28525924682617,67.91263580322266,hold_days,0.6857936891289356,0.6847936891289356,1,2016-06-27,0.047137050005715775,0.6376566391232198,0.01823191015144979,0.01823191015144979,0.1456676141504222,0.021607831250524595,0.015023908534708311,0.0107305896051654,2.5242535105984234
DHR,5,0.01,2016-10-18,2016-10-25,64.48689270019531,66.4612808227539,hold_days,0.030616890346037984,0.029616890346037983,1,2016-10-17,0.009392097461930593,0.02022479288410739,0.004072687337756469,0.010539204156242073,0.10288189699634744,0.00219212072512205,0.005222013910029531,0.006800305972435422,0.34972503306636865
DHR,5,0.01,2016-11-23,2016-12-01,66.7903060913086,64.98471069335938,hold_days,-0.02703379432759001,-0.02803379432759001,1,2016-11-22,-0.002194272130847885,-0.025839522196742126,0.062388935536758824,0.062388935536758824,0.15748259453296581,0.004261147427207796,0.0037534614882540587,0.007052638424612783,0.5999622835349738
DHR,5,0.01,2016-12-08,2016-12-15,65.59220886230469,67.27124786376953,hold_days,0.025598146953544232,0.02459814695354423,1,2016-12-07,0.014039847057712329,0.010558299895831902,0.04511991174890809,0.0887982762951797,0.18625581612672978,0.005904977999971397,0.005404292174648018,0.0044625914711486905,0.9631905340634243
DHR,5,0.01,2017-01-24,2017-01-31,67.63162994384766,70.91898345947266,hold_days,0.04860674684839594,0.04760674684839594,1,2017-01-23,-0.000939844461727346,0.04854659131012329,0.022992718843531358,0.1185364037268655,0.1185364037268655,0.003769209644348502,0.0034543161127095403,0.0040978690669887805,0.6987708782659825
DHR,5,0.01,2017-05-19,2017-05-23,69.52806854248047,71.06016540527344,resistance,0.022035659768930405,0.021035659768930404,1,2017-05-18,0.009225635254790143,0.01181002451414026,0.023124309577539318,0.030750867262822966,0.1268910071114229,0.011351845863490048,0.007130370587918192,0.0060183455347135135,2.2419655981308146
DHR,5,0.01,2017-07-11,2017-07-18,70.45726013183594,72.47515869140625,hold_days,0.028640037319000555,0.027640037319000554,1,2017-07-10,0.009676247441453567,0.017963789877546987,0.009313638834325188,0.061142628383422236,0.10955927560865787,0.005697571594059487,0.00646508045189149,0.004958993085699694,1.1549529520218018
DHR,5,0.01,2017-09-29,2017-10-06,72.84883880615234,74.41996002197266,hold_days,0.021566866975065935,0.020566866975065934,1,2017-09-28,0.013641113214975409,0.006925753760090525,0.04182112053431216,0.06446431189261843,0.1223200214952666,0.002983759914777845,0.0022773499836712726,0.0035976559249518273,0.6906757290343861
DHR,5,0.01,2017-12-07,2017-12-14,78.70870208740234,78.85307312011719,hold_days,0.0018342448660191302,0.0008342448660191302,1,2017-12-06,0.009561593200186014,-0.008727348334166884,0.03764840660298105,0.09624320789888136,0.15036698831205622,0.0020014410624407983,0.004640338871038638,0.0046285757059296275,0.5683929065291414
DHR,5,0.01,2018-04-12,2018-04-19,84.34071350097656,86.47053527832031,hold_days,0.025252593782231658,0.024252593782231657,1,2018-04-11,0.00922897360375008,0.015023620178481578,0.0382070892479477,0.04816205501378123,0.09277357512184571,0.01752985371035676,0.015872450461040695,0.01579573056132506,1.2209976898518835
DHR,5,0.01,2018-10-09,2018-10-16,91.2085952758789,89.77291107177734,hold_days,-0.015740667858758717,-0.016740667858758718,1,2018-10-08,-0.024766788793277095,0.008026120934518377,0.012097851514084365,0.058686591178931574,0.12023304713819177,0.003942452235213354,0.004111467573788213,0.0040030070975462986,0.9079640767468803
DHR,5,0.01,2019-05-14,2019-05-21,112.0614013671875,111.59858703613281,hold_days,-0.004130006633936367,-0.005130006633936367,1,2019-05-13,0.011987110795071754,-0.017117117429008122,0.009056415608247046,0.030189878056051677,0.2169146316769767,0.012594592785424892,0.010116714452829204,0.008122252637524424,1.8180201685585529
DHR,5,0.01,2019-07-19,2019-07-26,121.51575469970703,122.09066772460938,hold_days,0.004731180959399728,0.003731180959399728,2,2019-07-17,0.01332054302479535,-0.009589362065395624,0.025763901941460807,0.09256166982187822,0.14684244969055948,0.0051874643682812615,0.00433733239078195,0.0051389672072251315,0.6770297087949158
DHR,5,0.01,2019-08-26,2019-09-03,117.0450439453125,120.02265167236328,hold_days,0.025439844581903293,0.02443984458190329,3,2019-08-23,0.009803812128744704,0.014636032453158587,0.014120692760610717,0.051254954270419,0.051254954270419,0.01544642480558456,0.017164143289343823,0.014846601474315841,1.5509349815528648
DHR,5,0.01,2019-10-09,2019-10-16,117.8707046508789,118.033935546875,hold_days,0.0013848300685024295,0.0003848300685024295,1,2019-10-08,0.023584888005741433,-0.023200057937239005,0.01194451189412085,0.03779561888001763,0.07579678992438067,0.01311113539480047,0.011361794145977997,0.008250751849455918,1.238845579194131
DHR,5,0.01,2019-11-06,2019-11-13,115.86040496826172,117.74183654785156,hold_days,0.01623877959088116,0.015238779590881157,1,2019-11-05,0.009472784538292922,0.005765995052588235,0.05884138553355878,0.09886095099557497,0.1390981635960861,0.006333065140791441,0.004449556527030138,0.004657008845993769,0.6900885976247131
DHR,5,0.01,2020-02-21,2020-02-28,139.22805786132812,124.34883117675781,hold_days,-0.1068694551452416,-0.1078694551452416,1,2020-02-20,-0.11952948416097686,0.011660029015735263,0.029580984123230743,0.07114672029536266,0.15565593014508117,0.004015051458763198,0.00489036342122037,0.00847869580649016,0.6366031993460525
DHR,5,0.01,2021-09-14,2021-09-21,280.3845520019531,280.91229248046875,hold_days,0.0018822024064719667,0.0008822024064719667,1,2021-09-13,-0.020086525284830903,0.02096872769130287,0.003960379798116981,0.05770183568072818,0.11350331875059587,0.0044250453230199605,0.0047589694223081425,0.005993809507771254,0.6592879785794817
DHR,5,0.01,2022-05-26,2022-06-03,218.2483367919922,230.6820068359375,hold_days,0.056970285440459456,0.055970285440459455,1,2022-05-25,0.016006585867019085,0.03996369957344037,0.04711263979508487,0.04711263979508487,0.04711263979508487,0.012444741486798097,0.018522665887715728,0.018806497160029714,0.9003353151101546
DHR,5,0.01,2024-03-18,2024-03-25,247.78358459472656,244.1673583984375,hold_days,-0.01459429284713809,-0.015594292847138091,3,2024-03-15,0.01073899191762906,-0.02633328476476715,0.02925217141102039,0.06332942303412871,0.21850457861849856,0.006296009918509699,0.004887425912765438,0.004432480863264952,1.0841332382861784
DHR,5,0.01,2024-11-20,2024-11-27,230.4042205810547,236.06797790527344,hold_days,0.02458182975092793,0.02358182975092793,2,2024-11-18,0.027416981280615094,-0.003835151529687164,0.02070418349838668,0.05119349093527287,0.09631802253666288,0.004220986971703532,0.0035055618438363666,0.006915939170609925,0.6545776141164493
DHR,5,0.01,2025-12-02,2025-12-09,225.32797241210938,221.98667907714844,hold_days,-0.014828577647030605,-0.015828577647030606,1,2025-12-01,-0.0009285742553623022,-0.014900003391668304,0.03853012801683309,0.06810863009649096,0.1479629787262486,0.007729249564945734,0.008510618258302141,0.007354981719158065,1.2605576712985218
DHR,5,0.01,2025-12-18,2025-12-26,223.10044860839844,229.35427856445312,hold_days,0.02803145397090545,0.02703145397090545,1,2025-12-17,0.014092398419665475,0.012939055551239975,0.043366473351359104,0.07189895516271076,0.1178287739566204,0.005032315623809334,0.006369797102717088,0.007423573807247326,0.7849667395625479
DHR,5,0.01,2026-04-28,2026-05-05,178.6094512939453,174.26846313476562,hold_days,-0.024304358631254797,-0.025304358631254797,4,2026-04-24,0.013963849979798049,-0.039268208611052846,0.03805312396190133,0.03805312396190133,0.09555459168543959,0.002322108071023758,0.004264347710640238,0.007932002819849312,0.31282575980913696
DHR,5,0.01,2026-07-22,2026-07-29,179.13999938964844,196.49000549316406,hold_days,0.09685165882901181,0.09585165882901181,1,2026-07-21,0.013549962995718312,0.0823016958332935,0.0229096385708201,0.0585705020347975,0.0961781327675594,0.008252428113800848,0.006646667097603197,0.006249928671045923,1.3244972067241905
DE,5,0.01,2015-09-14,2015-09-21,66.04933166503906,65.6183090209961,hold_days,-0.006525768439699653,-0.007525768439699653,3,2015-09-11,0.00951762590872951,-0.017043394348429164,0.0462842435778282,0.0462842435778282,,0.01586386008341601,0.017264003136156832,0.020841424776415204,1.2096398478510024
DE,5,0.01,2016-10-21,2016-10-28,74.41268157958984,75.0498046875,hold_days,0.008562023224881532,0.007562023224881532,1,2016-10-20,-0.0011380921241361808,0.008700115349017712,0.009900789634613251,0.016404841107708776,0.10928353364885803,0.0032259513339650413,0.005033614215746136,0.005938968905953432,0.5113341727224082
DE,5,0.01,2017-03-28,2017-04-04,93.80941772460938,95.35067749023438,hold_days,0.0164296912080788,0.0154296912080788,1,2017-03-27,0.0035393477452181354,0.011890343462860664,0.007092545078571496,0.07154016964648537,0.17161800443721104,0.0007726787175627363,0.004693897184830587,0.005119496763947906,0.17875644802482618
DE,5,0.01,2017-09-28,2017-10-05,108.74227142333984,112.56749725341797,hold_days,0.03517699032776589,0.03417699032776589,2,2017-09-26,0.016951093131520434,0.017225897196245454,0.039386757854623186,0.06197704018766085,0.11969756172636252,0.0022528121499440063,0.0020276322621232104,0.003589746375579597,0.5063407789938223
DE,5,0.01,2017-11-10,2017-11-17,116.27840423583984,119.39139556884766,hold_days,0.026771878694636486,0.025771878694636485,1,2017-11-09,0.001074044448743816,0.02469783424589267,0.026191682551332997,0.10425221720203043,0.1262732804181059,0.0033221236134342172,0.003353239026335395,0.0038225702674120404,0.9213578876130738
DE,5,0.01,2019-03-25,2019-04-01,141.4898681640625,146.31137084960938,hold_days,0.03407666392024744,0.03307666392024744,3,2019-03-22,0.02973619438526187,0.0033404695349855684,0.015152419754189336,0.14837424079530687,0.20245251074879383,0.012137095049805497,0.0083222128686254,0.006951881273550713,1.3673163174091658
DE,5,0.01,2019-07-11,2019-07-16,146.3937530517578,150.8329315185547,resistance,0.030323551205271748,0.029323551205271747,1,2019-07-10,0.0016156541234009225,0.027707897081870825,0.04290335430277747,0.09429662900259804,0.15063888213416657,0.003624676743490589,0.004475174568201277,0.005839809013323678,0.4734461199750998
DE,5,0.01,2019-09-04,2019-09-06,137.73321533203125,142.09068298339844,resistance,0.03163701392480167,0.03063701392480167,1,2019-09-03,0.015592591076742712,0.015044422848058958,0.03514296630990826,0.03514296630990826,0.07304700464123597,0.009157219831113676,0.012423081164004028,0.013565632101571681,0.934511276042399
DE,5,0.01,2019-10-03,2019-10-10,150.3211212158203,153.0297088623047,hold_days,0.018018676447972837,0.017018676447972836,1,2019-10-02,0.011637750569967409,0.005380925878005427,0.0076220703407275285,0.033362756352229274,0.07120160837724973,0.010627032145644314,0.008526675857983291,0.006767511839563883,1.0424234354513573
DE,5,0.01,2020-07-21,2020-07-23,162.6235809326172,163.6234893798828,resistance,0.006148606748980212,0.005148606748980212,1,2020-07-20,-0.0026433250977657696,0.007791931846745982,0.08339022802682458,0.17721552355085848,0.4859957146431131,0.005756369290652971,0.009149843483124316,0.013882387110042953,0.32426724439815935
DE,5,0.01,2020-07-24,2020-07-27,162.34584045410156,162.94760131835938,resistance,0.003706660192676292,0.002706660192676292,4,2020-07-20,0.00487631930917054,-0.0021696591164942483,0.07264958617755142,0.16554470541832564,0.47126367502558275,0.006964690644612275,0.0073822962147191045,0.011977340858136615,0.40224028299466297
DE,5,0.01,2020-12-09,2020-12-16,236.74227905273438,242.5858612060547,hold_days,0.024683306153433948,0.023683306153433947,2,2020-12-07,0.001092872671724976,0.02259043348170897,0.06875509065251902,0.1785516466196611,0.24582812986669156,0.0072903335485827465,0.007242784300517169,0.010111603791889138,0.5964170815084923
DE,5,0.01,2021-03-24,2021-03-31,336.25592041015625,349.43682861328125,hold_days,0.0391990368141244,0.0381990368141244,1,2021-03-23,0.022900143482192936,0.015298893331931462,0.04645662612282287,0.1137977479819757,0.3110775772796739,0.006411937315600767,0.006358433717397931,0.010383711939759151,0.7060294970134923
DE,5,0.01,2021-10-14,2021-10-21,309.70947265625,322.0689697265625,hold_days,0.039906745390479115,0.038906745390479114,1,2021-10-13,0.01890760191807539,0.019999143472403724,0.03154020920434065,0.03154020920434065,0.06757544824594403,0.00428631698531458,0.007540502793075735,0.009599719034308021,0.5969825465790923
DE,5,0.01,2022-05-02,2022-05-09,360.0454406738281,344.2734375,hold_days,-0.04380559060631539,-0.04480559060631539,3,2022-04-29,-0.023712020784298016,-0.021093569822017377,0.0063144822448052826,0.0063144822448052826,0.0063144822448052826,0.022340422277236566,0.0180570156029985,0.013250240458694863,1.90105933914949
DE,5,0.01,2023-01-20,2023-01-27,391.57391357421875,398.80267333984375,hold_days,0.018460779727745846,0.017460779727745845,1,2023-01-19,0.016461374765903036,0.0009994049618428091,0.03818160751901069,0.07586738430155092,0.18289061951048874,0.009715238529746461,0.011757868927354413,0.010718892538117008,0.7799154500099239
DE,5,0.01,2023-05-19,2023-05-26,347.7887268066406,341.7236022949219,hold_days,-0.017439106113093628,-0.01843910611309363,3,2023-05-16,-0.004561400117249259,-0.01387770599584437,0.020589073426679965,0.04686061217406678,0.04686061217406678,0.010044927073305763,0.006812874955397973,0.009314773885251156,1.1141737223604944
DE,5,0.01,2023-08-04,2023-08-11,406.91156005859375,417.49603271484375,hold_days,0.02601172759684167,0.02501172759684167,1,2023-08-03,0.006863194800703409,0.01814853279613826,0.03763670459232088,0.08549049648145936,0.1163826320308741,0.005920661149478225,0.0058315478226591754,0.00521268693847095,0.9067816834028762
DE,5,0.01,2023-11-29,2023-12-06,350.4701843261719,352.0109558105469,hold_days,0.004396298325169523,0.003396298325169523,1,2023-11-28,0.009962915865068256,-0.006566617539898733,0.07470270358716187,0.09701150011946622,0.09701150011946622,0.0030987021633722177,0.0033298816310354373,0.006855904771654376,0.4133518476573333
DE,5,0.01,2025-02-07,2025-02-14,456.7927551269531,471.1362609863281,hold_days,0.031400467057295156,0.030400467057295155,1,2025-02-06,0.01116447950362609,0.019235987553669065,0.04600104834285069,0.04600104834285069,0.0841034071669444,0.002455057182219253,0.005484325793400774,0.006387223695414512,0.3936165828074066
DE,5,0.01,2025-04-28,2025-05-05,453.0723571777344,473.8848876953125,hold_days,0.045936438601602125,0.044936438601602124,3,2025-04-25,0.01692593131282072,0.028010507288781405,0.10051644205823655,0.10051644205823655,0.10051644205823655,0.009395485533800813,0.013572529522015483,0.028476410594216014,0.5471412497192163
DE,5,0.01,2025-06-02,2025-06-09,499.9744567871094,513.60009765625,hold_days,0.027252673979987874,0.026252673979987873,4,2025-05-29,0.015340756612550965,0.010911917367436907,0.04579387950198385,0.16192929501509998,0.16192929501509998,0.009289775823447243,0.00873581447293775,0.009931569926599134,0.5254037614667267
DE,5,0.01,2026-07-15,2026-07-22,589.47998046875,607.3300170898438,hold_days,0.03028098868921636,0.02928098868921636,1,2026-07-14,0.004094191235582301,0.025186797453634058,0.02306416375182556,0.054254183795426215,0.09170846951984023,0.006353331051199155,0.00737431455590272,0.006476858234035128,1.0452993568292066
DOV,5,0.01,2016-09-16,2016-09-23,46.795814514160156,47.9254150390625,hold_days,0.02413892217989999,0.02313892217989999,2,2016-09-14,0.014523261290179557,0.008615660889720433,0.004490061590330877,0.09627998605528315,0.09627998605528315,0.01281491086385767,0.0112796947815484,0.007801149295046344,1.4411634847324155
DOV,5,0.01,2017-06-08,2017-06-15,57.71251678466797,57.71251678466797,hold_days,0.0,-0.001,1,2017-06-07,0.0025300309795690534,-0.0035300309795690534,0.035291287391373015,0.05671320438870933,0.11950323311026341,0.0028191640923889284,0.0028085367329023555,0.005715572961459529,0.5790720220872121
DOV,5,0.01,2017-06-23,2017-06-30,55.00132751464844,56.19929504394531,hold_days,0.021780702092650817,0.020780702092650816,2,2017-06-21,-0.0033159589168956227,0.02409666100954644,0.013265531140865264,0.05994472409960234,0.12292677012028597,0.0051722101806774634,0.003670776892507715,0.0030546871264327574,1.123130684095641
DOV,5,0.01,2017-08-23,2017-08-30,59.19070816040039,59.69797134399414,hold_days,0.00856997997420672,0.007569979974206721,2,2017-08-21,0.00771225755048377,-0.0001422775762770492,0.0080396733085385,0.022433710666085915,0.06953526401110423,0.010997428556068039,0.0088532348901971,0.006085943818519298,2.366118668524362
DOV,5,0.01,2018-03-05,2018-03-12,70.09638214111328,72.17998504638672,hold_days,0.029724828038612205,0.028724828038612205,4,2018-03-01,0.024138175317310884,0.004586652721301321,0.05960111372807385,0.05960111372807385,0.15929195010000724,0.008470719733299393,0.011783637844277208,0.01790918893841419,0.7539508663418005
DOV,5,0.01,2018-06-28,2018-07-06,64.45448303222656,64.56961822509766,hold_days,0.0017863023245958676,0.0007863023245958676,1,2018-06-27,0.014325157789948806,-0.01353885546535294,0.008489669312667704,0.03168241769479139,0.05233054269903007,0.006466679700931839,0.004690325661103563,0.005698723166359511,0.8288121871144154
DOV,5,0.01,2018-09-10,2018-09-17,76.17777252197266,78.8497543334961,hold_days,0.03507560963078471,0.03407560963078471,3,2018-09-07,0.007757359215843529,0.02631825041494118,0.026797688352210573,0.08616913865658006,0.1226224870087728,0.0015058602619188613,0.004428268594122111,0.00473924278227355,0.2803596118084834
DOV,5,0.01,2018-10-25,2018-11-01,72.78436279296875,74.28070068359375,hold_days,0.020558507805876536,0.019558507805876535,1,2018-10-24,0.012890978819455334,0.006667528986421201,0.017028116467211214,0.017028116467211214,0.030808241857455215,0.013563550646991492,0.014978833876280526,0.013046687604828229,1.591962905168104
DOV,5,0.01,2019-02-11,2019-02-19,78.2795639038086,81.88943481445312,hold_days,0.04611511268867585,0.04511511268867585,3,2019-02-08,0.0221027367470521,0.023012375941623753,0.048450973183200526,0.15570843573723453,0.15570843573723453,0.005609859947507696,0.006838701352036957,0.008083407778645264,0.3845802718012142
DOV,5,0.01,2019-04-26,2019-05-03,87.3743896484375,89.48152160644531,hold_days,0.024116127923595743,0.023116127923595742,1,2019-04-25,-0.0001836888764991107,0.023299816800094852,0.04240681887696358,0.1016033289343469,0.26445124846566215,0.006175803202273679,0.005286359449725491,0.005275124794813649,1.0394766340442652
DOV,5,0.01,2019-08-27,2019-09-04,80.50809478759766,84.87712097167969,hold_days,0.054268160184497205,0.053268160184497204,4,2019-08-23,0.022866417239833847,0.030401742944663357,0.012002103953321975,0.04878091035775864,0.049058788670384365,0.01771228849524197,0.016956748343138688,0.015258369039780327,1.759240028567404
DOV,5,0.01,2020-08-24,2020-08-31,102.48041534423828,101.83403015136719,hold_days,-0.006307402157766817,-0.007307402157766817,3,2020-08-21,0.008455115616375908,-0.015762517774142726,0.05174175150851424,0.12295162798645072,0.5402587763585185,0.002377813783440497,0.004666172150190424,0.006007738987969253,0.16691399650711286
DOV,5,0.01,2021-01-05,2021-01-12,115.47813415527344,120.63490295410156,hold_days,0.04465580290632576,0.04365580290632576,1,2021-01-04,0.026470235887604776,0.017185567018720982,0.01835270140850213,0.19060090264244303,0.19060090264244303,0.00826811305763854,0.006514294311508908,0.0058593129416648244,0.750865061276472
DOV,5,0.01,2021-02-18,2021-02-25,112.57395935058594,116.14099884033203,hold_days,0.03168618666629075,0.03068618666629075,1,2021-02-17,0.0029936201276745678,0.02769256653861618,0.06810244601538694,0.12449090794508923,0.2641579966839468,0.001937929069791875,0.004585241102101898,0.009973317078963033,0.2345296341802173
DOV,5,0.01,2021-10-01,2021-10-08,147.51756286621094,148.42025756835938,hold_days,0.006119235463285966,0.005119235463285966,1,2021-09-30,0.01301379973812855,-0.007894564274842586,0.015122956070361356,0.030802543433560616,0.059136366915250226,0.009915120232680085,0.011558300363938455,0.008798472216589606,1.2848014722693375
DOV,5,0.01,2022-02-14,2022-02-22,151.98594665527344,149.1566619873047,hold_days,-0.018615436033608934,-0.019615436033608935,3,2022-02-11,-0.02341787426213726,0.0038024382285283265,0.017495447904349686,0.04021143097892447,0.06612579352452988,0.013392543565342975,0.01123870113535178,0.01050458620070295,1.4244840959901255
DOV,5,0.01,2022-08-04,2022-08-11,125.79570007324219,129.61343383789062,hold_days,0.030348682525918047,0.029348682525918046,2,2022-08-02,0.02281440604835061,0.006534276477567436,0.08826566494829167,0.09636961690710581,0.09636961690710581,0.012441120214804372,0.011262785053155675,0.011674526704979515,0.8539001202960809
DOV,5,0.01,2023-05-19,2023-05-26,133.91946411132812,131.5765838623047,hold_days,-0.01749469552145,-0.01849469552145,3,2023-05-16,-0.004561400117249259,-0.01393329540420074,0.020589073426679965,0.04686061217406678,0.04686061217406678,0.010044927073305763,0.006812874955397973,0.009314773885251156,1.1141737223604944
DOV,5,0.01,2023-08-18,2023-08-25,135.47494506835938,137.49887084960938,hold_days,0.01493948405167278,0.01393948405167278,2,2023-08-16,-0.002003883405439444,0.015943367457112223,-0.0011708100448217344,0.06993770575158653,0.1013788773020686,0.006043052308850292,0.006422235079868057,0.005850570360409209,0.927617180399975
DOV,5,0.01,2023-12-21,2023-12-29,148.00514221191406,149.29611206054688,hold_days,0.008722466188265221,0.007722466188265221,1,2023-12-20,0.005526879152019548,0.002195587036245673,0.057734829749615725,0.15678601400276587,0.15678601400276587,0.009163795942790423,0.007856773439864056,0.006100743913395838,1.2520537460455916
DOV,5,0.01,2024-10-10,2024-10-17,182.7338409423828,190.8218231201172,hold_days,0.044260998050627,0.043260998050627,1,2024-10-09,0.014145593288219072,0.029115404762407926,0.024418222006540147,0.08607345161816712,0.12014276597555601,0.007441882809417827,0.005279403301000126,0.005527968458916393,0.9312121152276472
DOV,5,0.01,2024-12-24,2025-01-02,186.83251953125,182.2286834716797,hold_days,-0.02464151353908317,-0.02564151353908317,1,2024-12-23,-0.016753274353821013,-0.008888239185262159,0.021064298739318556,0.028478673298118765,0.10359692494585883,0.01548805047397757,0.009789007981963015,0.0068429701172405275,2.4087824145082286
DOV,5,0.01,2025-01-29,2025-02-05,193.73333740234375,200.9678955078125,hold_days,0.03734286624322225,0.03634286624322225,2,2025-01-27,0.004952151525468906,0.03139071471775334,0.05344587224994077,0.0601517804711575,0.13367452690879225,0.007182218337639085,0.006178251169995851,0.006652149425858335,1.0465041929940766
DOV,5,0.01,2025-02-28,2025-03-07,195.630126953125,182.70751953125,hold_days,-0.0660563259000051,-0.0670563259000051,1,2025-02-27,-0.01782751648780978,-0.04922880941219532,0.012852868256467328,0.059445162013328064,0.0980372454356485,0.00424700511691301,0.004842368472424472,0.004898598410551546,0.6665031551471088
DOV,5,0.01,2025-08-26,2025-09-03,179.84719848632812,172.95945739746094,hold_days,-0.038297739118748564,-0.039297739118748565,1,2025-08-25,-0.0030102558461190254,-0.03628748327262954,0.042890798317961935,0.08720076068871153,0.26192398031690484,0.01018583255870209,0.007328662518439236,0.0070720756094557954,1.7301783736759624
DOV,5,0.01,2025-10-14,2025-10-21,160.90289306640625,171.28660583496094,hold_days,0.06453403397954571,0.06353403397954571,1,2025-10-13,0.017183770197696235,0.04635026378184948,0.016669599772959613,0.06023289486336341,0.18874795320847376,0.011480337903709335,0.0077861506680554785,0.005927142263983085,1.9775877905714447
DOV,5,0.01,2025-11-04,2025-11-11,176.4339141845703,182.10585021972656,hold_days,0.032147651778686726,0.031147651778686725,1,2025-11-03,0.020292051129182642,0.010855600649504082,0.033360175865279715,0.06265664550901874,0.1399620782704596,0.0024974811041065725,0.004620093532047653,0.0069863041154704045,0.44296194961241
DOV,5,0.01,2026-03-13,2026-03-20,202.8934326171875,208.3057861328125,hold_days,0.026675843795480825,0.025675843795480824,1,2026-03-12,-0.01589575615810901,0.04157159995358983,-0.0022888331744836446,0.032600911889471784,0.10666751005291411,0.006446336187172353,0.005706007617351721,0.005782332816521507,0.9688706857321047
DOV,5,0.01,2026-05-07,2026-05-14,219.7771759033203,213.2704315185547,hold_days,-0.02960609698446548,-0.03060609698446548,3,2026-05-04,0.0024820204729623097,-0.03308811745742779,0.01590832338722724,0.05074963876232913,0.10895441175911949,0.006177684178920862,0.00777483568329064,0.006593744552131032,0.8375548931883705
DOV,5,0.01,2026-05-21,2026-05-29,206.7139129638672,210.80149841308594,hold_days,0.019774118687082565,0.018774118687082564,2,2026-05-19,0.009566836052610439,0.009207282634472125,0.030439176279667513,0.06704739081011851,0.08914574501238391,0.006563335067848367,0.0048259178591048705,0.006283465118859764,0.9139943372736137
DOV,5,0.01,2026-07-09,2026-07-16,211.0109405517578,216.93524169921875,hold_days,0.028075800865916767,0.027075800865916766,1,2026-07-08,0.011278930997386638,0.015796869868530128,0.023570235972846118,0.054775684572422434,0.09224849755469072,0.00982843753694057,0.006454048297937014,0.00673746877649657,1.6482728669432878
DOV,5,0.01,2026-08-21,2026-08-28,201.3864288330078,198.1549835205078,hold_days,-0.016045993422821758,-0.01704599342282176,1,2026-08-20,-0.0038069213475110386,-0.01323907207531072,0.04456913364715015,0.08127304551416811,0.153822979511262,0.007650276925314014,0.005274265659622016,0.006349715904123756,1.193714818043267
XOM,5,0.01,2015-09-24,2015-10-01,45.61244201660156,46.446533203125,hold_days,0.018286483898841688,0.017286483898841687,1,2015-09-23,0.00022634595747583752,0.01706013794136585,0.006787779249476158,0.03540792289771,,0.00844495291430043,0.009426804244117381,0.014221927358618828,0.6380786256371237
XOM,5,0.01,2016-04-06,2016-04-13,53.18146896362305,54.15177536010742,hold_days,0.018245197347746878,0.017245197347746877,1,2016-04-05,0.014052899569759525,0.003192297777987352,0.04955037002234189,0.14404715465889215,0.14404715465889215,0.006128334469241176,0.005983245184087164,0.0059483684900510135,0.5392817101498607
XOM,5,0.01,2016-05-17,2016-05-24,57.632354736328125,57.72249221801758,hold_days,0.0015640083092534063,0.0005640083092534063,4,2016-05-13,0.01631267065015196,-0.015748662340898556,0.0019476901676825878,0.09124766575900366,0.1489030422612899,0.00892067360754082,0.008330140213266628,0.006953456148334394,1.1889364708646608
XOM,5,0.01,2016-10-05,2016-10-12,56.4813232421875,56.56570816040039,hold_days,0.0014940322458638633,0.0004940322458638633,1,2016-10-04,-0.0105475542433765,0.011041586489240363,0.02423599805228434,0.02423599805228434,0.11783029877304835,0.007884187608275736,0.007654214403915502,0.009539116835512632,1.2964283951310864
XOM,5,0.01,2017-02-23,2017-03-02,54.0523567199707,55.05699157714844,resistance,0.01858632848115116,0.01758632848115116,1,2017-02-22,0.010868966324316665,0.006717362156834494,0.04875711013039536,0.10611195427514264,0.17197050018001447,0.002674084713921548,0.002275449160175663,0.003666323465087238,0.6220378781594978
XOM,5,0.01,2017-04-20,2017-04-27,53.54341506958008,53.70865249633789,hold_days,0.0030860457171639766,0.0020860457171639766,1,2017-04-19,0.018260220175367436,-0.01617417445820346,0.009796883464905301,0.04673817275746097,0.16971436763994915,0.007433116268029712,0.0047686008164871015,0.004065553216876459,1.682409815469465
XOM,5,0.01,2017-07-07,2017-07-14,53.5219612121582,54.229164123535156,hold_days,0.013213322071170763,0.012213322071170762,1,2017-07-06,0.0116779355137,0.0005353865574707628,0.008401634649216979,0.060183792119998615,0.10855669062016073,0.0057586505760425935,0.0061455574041095395,0.004786254488165152,1.1382820682613126
XOM,5,0.01,2017-08-31,2017-09-08,51.42021179199219,53.09762191772461,hold_days,0.032621610593864814,0.03162161059386481,1,2017-08-30,0.0013355039556053327,0.03028610663825948,0.019946200308853745,0.029312219041577138,0.08216815023168433,0.0016608211846096958,0.004830303901156049,0.006219440199528792,0.3593094566124326
XOM,5,0.01,2018-01-31,2018-02-07,59.35451889038086,52.31083679199219,hold_days,-0.11867137043764642,-0.11967137043764642,1,2018-01-30,-0.04902323889808269,-0.07064813153956373,0.055689592851318165,0.12480713852587645,0.23564690825476023,0.010927501402516814,0.00734003763260596,0.005986312480624612,2.3004436293278347
XOM,5,0.01,2018-03-15,2018-03-22,51.114898681640625,50.48300552368164,hold_days,-0.012362210906346704,-0.013362210906346705,1,2018-03-14,-0.037455673417251534,0.02409346251090483,0.025084166372219427,0.0716582657132892,0.15655542572754907,0.01240205280652035,0.008436811421784868,0.010527225691658234,1.070431856942905
XOM,5,0.01,2019-11-20,2019-11-27,50.47690200805664,50.974037170410156,hold_days,0.009848765327835851,0.00884876532783585,1,2019-11-19,0.015062416307344506,-0.006213650979508656,0.03839602394353918,0.09709963874295668,0.15061715787400623,0.00649572955750933,0.00454969383155921,0.004333101018923904,0.9608526213934452
XOM,5,0.01,2020-05-29,2020-06-05,34.8857421875,40.724327087402344,hold_days,0.16736306966100267,0.16636306966100267,1,2020-05-28,0.06985766541960903,0.09650540424139364,0.0995521615758519,0.38796147981453133,0.38796147981453133,0.016367952589775976,0.018355422962190695,0.018380318897774035,0.40230452132811934
XOM,5,0.01,2020-07-31,2020-08-07,32.28485107421875,33.328269958496094,hold_days,0.032319148131693565,0.031319148131693564,1,2020-07-30,0.028242776424078464,0.0030763717076151,0.03358437699244481,0.16017365876370032,0.4644838185318057,0.008573569265162414,0.007418536769712273,0.009524110708070509,0.5127310545434018
XOM,5,0.01,2020-10-06,2020-10-13,26.1230411529541,26.772396087646484,hold_days,0.02485755509438259,0.023857555094382588,4,2020-10-02,0.03486782450537684,-0.011010269410994256,0.03107111146125829,0.04486986354637806,0.2084024114841333,0.009406556866241185,0.012064877920284116,0.011179046252314062,0.9721794596109673
XOM,5,0.01,2021-01-04,2021-01-06,33.25133514404297,35.74317932128906,resistance,0.07493967284175396,0.07393967284175396,4,2020-12-31,0.025564434913349032,0.048375237928404924,0.008958903912089266,0.17712356633431686,0.17712356633431686,0.004348592211071396,0.0048564954361056505,0.005694406468467223,0.3988963431870573
XOM,5,0.01,2021-04-23,2021-04-30,45.28085708618164,46.641658782958984,hold_days,0.030052472155890797,0.029052472155890796,1,2021-04-22,0.002395787883513023,0.026656684272377773,0.04884357139392506,0.17006373192975457,0.37663227566600893,0.009651800691631776,0.006828463631802571,0.0069701175176062,1.1561925207204526
XOM,5,0.01,2022-10-12,2022-10-19,86.3412094116211,91.04290771484375,hold_days,0.05445485805981587,0.05345485805981587,1,2022-10-11,0.0409786499923801,0.012476208067435768,0.02282876568960175,0.02282876568960175,0.02282876568960175,0.00807124803448581,0.019911733833799287,0.01609557636763546,0.5868986412222524
XOM,5,0.01,2023-01-19,2023-01-26,98.43421936035156,104.12873077392578,hold_days,0.057850932842038905,0.056850932842038904,1,2023-01-18,0.031589341888704325,0.02526159095333458,0.024433928969912908,0.07009939942027563,0.1636070446857252,0.010754915121438302,0.01191264164830258,0.010533663438760818,0.8585947113896664
XOM,5,0.01,2023-06-01,2023-06-08,92.89805603027344,97.23917388916016,hold_days,0.04672991066112342,0.04572991066112342,1,2023-05-31,0.029165043084507403,0.016564867576616016,0.013229234178091472,0.0393113192981289,0.0393113192981289,0.007665762920320029,0.006458632468601185,0.007769606088653864,0.8796955364068569
XOM,5,0.01,2024-01-19,2024-01-26,88.65450286865234,94.18684387207031,hold_days,0.06240338419825675,0.06140338419825675,1,2024-01-18,0.005496814786853044,0.055906569411403706,0.017844306983132188,0.1663816701702536,0.1663816701702536,0.0065764289075924045,0.00486398414701759,0.0053848405179923965,0.9828933627790911
XOM,5,0.01,2024-02-06,2024-02-13,93.50102233886719,93.53012084960938,hold_days,0.0003112106158233985,-0.0006887893841766015,1,2024-02-05,-0.0033774114504742103,0.0026886220662976088,0.03171011567078867,0.12965639817001293,0.18227096186684505,0.011539510761659615,0.008578743777842257,0.007095676692184579,1.8550962075458908
XOM,5,0.01,2024-07-10,2024-07-17,104.1337661743164,109.45582580566406,hold_days,0.051107914626257855,0.050107914626257855,1,2024-07-09,0.02353118082039951,0.026576733805858344,0.030850905597325635,0.07234813755879443,0.12139114010687739,0.0013029774330014794,0.0025030843865486104,0.003616941538743354,0.25468978824869065
XOM,5,0.01,2025-05-07,2025-05-14,99.8069839477539,103.49929809570312,hold_days,0.036994546893452274,0.03599454689345227,2,2025-05-05,0.028347932230142314,0.0076466146633099585,0.11604006491126047,0.11604006491126047,0.11604006491126047,0.00929022180979198,0.007216524509235245,0.02168589425715672,0.5383020899673423
XOM,5,0.01,2026-04-20,2026-04-27,145.7406768798828,146.24400329589844,hold_days,0.0034535753970077465,0.0024535753970077465,3,2026-04-17,-0.0168549374413286,0.019308512838336345,0.05327977243887578,0.05327977243887578,0.11162469857097285,0.0034213915028502794,0.008546535402443163,0.008400768084178015,0.46292071145245395
XOM,5,0.01,2026-08-07,2026-08-14,152.055419921875,159.07000732421875,hold_days,0.04613178146459895,0.04513178146459895,2,2026-08-05,0.002174647090931403,0.04295713437366755,0.05389017189450341,0.09299172748019076,0.1455287243623688,0.006589786103581798,0.0074398447010948915,0.007180923282691163,1.0421109428797821
XOM,5,0.01,2026-08-28,2026-09-04,156.7100067138672,159.47000122070312,hold_days,0.01761211402329499,0.016612114023294988,1,2026-08-27,-0.006179419235416317,0.022791533258711305,0.025405400156851363,0.0771567240747119,0.14943046617931172,0.0031228462078096613,0.005662546776670017,0.005299396840037397,0.4856145057154678
GS,5,0.01,2015-08-10,2015-08-17,164.30545043945312,161.5932159423828,hold_days,-0.0165072703907031,-0.0175072703907031,3,2015-08-07,-0.0008688998330819153,-0.016638370557621185,0.020229600817064708,,,0.0038843889894487503,0.005742281974474268,0.0057557283035764425,
GS,5,0.01,2015-12-07,2015-12-14,148.98670959472656,141.685546875,hold_days,-0.04900546323619859,-0.05000546323619859,4,2015-12-03,-0.02143096878006523,-0.02857449445613336,0.030962744902100645,0.12908774714630322,0.14562952434644447,0.016282664357515114,0.010123735622950287,0.010019674493187584,1.7024992979299949
GS,5,0.01,2016-12-30,2017-01-09,195.31712341308594,198.12310791015625,hold_days,0.01436630054772925,0.013366300547729248,1,2016-12-29,0.015970445624405416,-0.0026041450766761676,0.03195316260915459,0.09339625113983605,0.09339625113983605,0.004092754139205605,0.0035216656962528538,0.005124834454587011,0.7437653564293902
GS,5,0.01,2017-02-27,2017-03-06,203.376220703125,206.09950256347656,hold_days,0.013390365161356943,0.012390365161356942,3,2017-02-24,0.00443994156026295,0.007950423601093992,0.05214899018902786,0.10968933081360005,0.17576087578792993,0.0026934560497626813,0.002379535330394204,0.0035992178339767133,0.6384323780669829
GS,5,0.01,2018-06-01,2018-06-08,189.8076629638672,193.99697875976562,hold_days,0.022071373360178503,0.021071373360178502,1,2018-05-31,0.020092093899147567,0.0009792794610309352,0.0384741135539903,0.05658637763251641,0.06671757527786956,0.011755963428310758,0.008449483540969261,0.0074280317312384,1.0730629521142705
GS,5,0.01,2019-02-14,2019-02-22,161.2137908935547,164.1193389892578,hold_days,0.01802295001934162,0.01702295001934162,3,2019-02-11,0.019124634524841033,-0.0021016845054994127,0.04762296775066441,0.17008442761107812,0.17008442761107812,0.006691965132039139,0.0064815673305565185,0.008161660826990047,0.45812326442861945
GS,5,0.01,2019-03-27,2019-04-03,159.7629852294922,168.86802673339844,hold_days,0.05699093247930542,0.05599093247930542,2,2019-03-25,0.024890312162968886,0.031100620316336536,0.019211901874811522,0.15296646222686336,0.2072609851939062,0.013479590640038324,0.008602840246192569,0.007192867203659808,1.527837331001289
GS,5,0.01,2019-07-09,2019-07-16,175.46475219726562,182.00973510742188,hold_days,0.03730084149777313,0.03630084149777313,1,2019-07-08,0.007615183418221649,0.02868565807955148,0.03669371263721596,0.08778098216542693,0.15716460743072785,0.005571982226951319,0.006538194497782676,0.005914939897571111,0.717910217203044
GS,5,0.01,2019-08-15,2019-08-22,165.67677307128906,170.94659423828125,hold_days,0.03180784529600067,0.03080784529600067,1,2019-08-14,0.02965772064722194,0.0011501246487787276,-1.2662804229076177e-05,0.03661720126104758,0.03661720126104758,0.0185456618532924,0.017755065955695058,0.012707249714343305,2.0028875478440233
GS,5,0.01,2019-09-25,2019-10-02,178.48655700683594,168.47572326660156,hold_days,-0.05608732617241852,-0.05708732617241852,1,2019-09-24,-0.03510579798093805,-0.02198152819148047,0.05025321913707432,0.06285846745046852,0.10177736986511093,0.0032452966151414755,0.0031405750209878825,0.006154009188429966,0.33445125178724333
GS,5,0.01,2020-04-23,2020-04-30,150.51348876953125,157.71022033691406,hold_days,0.04781452895828209,0.04681452895828209,2,2020-04-21,0.04337770369944316,0.003436825258838927,0.12679107146758542,0.2732667755519853,0.2732667755519853,0.03411586022882592,0.025244541070361677,0.03371031840992161,0.8313616458435713
GS,5,0.01,2020-05-15,2020-05-22,147.77919006347656,154.70948791503906,hold_days,0.04689630419943214,0.045896304199432136,2,2020-05-13,0.038441035617982955,0.0074552685814491815,0.03204236104300637,0.2821869100777939,0.2821869100777939,0.01694935705114542,0.015192255459283707,0.018554680054368517,0.40604499862806614
GS,5,0.01,2020-08-03,2020-08-10,172.51344299316406,181.15682983398438,hold_days,0.05010268585945976,0.04910268585945976,3,2020-07-31,0.03413199571649672,0.014970690142963039,0.0383334863991222,0.16550442010148927,0.4712128229878851,0.007729928066239519,0.007396622033054394,0.00890478065862218,0.46336059064527885
GS,5,0.01,2021-03-09,2021-03-16,290.46514892578125,300.2355041503906,hold_days,0.03363692773726146,0.032636927737261456,4,2021-03-05,0.02771034166141484,0.004926586075846617,0.02982563416759854,0.10357757765744949,0.290241051334781,0.012638178695029737,0.014370927322315487,0.009763817094133685,1.4098605089313536
GS,5,0.01,2021-08-20,2021-08-27,348.9966125488281,369.9961853027344,hold_days,0.0601712796022289,0.0591712796022289,1,2021-08-19,0.019146044641471516,0.04002523496075738,0.006227186815879812,0.05896277954020227,0.16246184142214218,0.006408520414691735,0.005882550137860805,0.006017123408507371,0.9542541569051071
GS,5,0.01,2021-11-11,2021-11-18,356.4240417480469,346.7059631347656,hold_days,-0.027265496922205035,-0.028265496922205036,1,2021-11-10,0.00538385382411688,-0.033649350746321915,0.03284708491347493,0.06542329804773933,0.10245529309189133,0.0037043442487572856,0.0028001402593753996,0.003978272129335385,0.5321057382726374
GS,5,0.01,2022-05-16,2022-05-23,271.8221740722656,283.6199035644531,hold_days,0.0434023807382653,0.0424023807382653,4,2022-05-12,-0.007435487328333545,0.049837868066598845,0.021082189849973027,0.021082189849973027,0.021082189849973027,0.012117299617084827,0.0193497126981361,0.01795203783165883,0.9169400672625918
GS,5,0.01,2022-12-09,2022-12-16,328.2712707519531,316.58062744140625,hold_days,-0.03561275186758728,-0.03661275186758728,1,2022-12-08,-0.016428905541238215,-0.020183846326349064,-0.002337072530592751,0.1645348328899243,0.1645348328899243,0.010318898067798569,0.012598529255806972,0.009752083868352735,0.681377185391436
GS,5,0.01,2023-02-10,2023-02-13,339.3678283691406,341.8721923828125,resistance,0.007379497419383485,0.006379497419383485,1,2023-02-09,0.008830544330336032,-0.002451046910952547,0.02926541486904036,0.054414412907138436,0.19766048759299096,0.010180193627316281,0.010089123459287986,0.009722525220793433,0.9973495829417354
GS,5,0.01,2023-05-15,2023-05-22,296.495361328125,299.11907958984375,hold_days,0.00884910391166338,0.00784910391166338,3,2023-05-12,0.006740292811933557,0.0011088110997298228,0.012579576903281438,0.03864493884186211,0.03864493884186211,0.00240859067230248,0.008649598154278097,0.008245592095058771,0.26535410844607255
GS,5,0.01,2023-06-27,2023-07-05,290.7570495605469,296.87921142578125,hold_days,0.021055936131170183,0.020055936131170182,1,2023-06-26,0.014469583308847733,0.005586352822322449,0.04103719636615422,0.048682493345751116,0.07567720010381672,0.0038565768708059326,0.0067949328324539565,0.0074951709121762414,0.5056896284415481
GS,5,0.01,2023-12-20,2023-12-28,356.008056640625,364.3914794921875,hold_days,0.023548407669956806,0.022548407669956805,2,2023-12-18,0.01585191105859529,0.006696496611361513,0.052902895451420004,0.14662691133033734,0.14662691133033734,0.004793383665305033,0.004589784084640724,0.004672902404849815,0.6817673903349708
GS,5,0.01,2024-01-05,2024-01-12,364.4197692871094,356.2249450683594,hold_days,-0.02248732069278514,-0.02348732069278514,2,2024-01-03,0.002627612822013292,-0.026114933514798433,0.045227149231696705,0.15804994333287298,0.15804994333287298,0.003058742885816516,0.0041634571581585286,0.006092313877402583,0.43421406311792565
GS,5,0.01,2024-03-05,2024-03-12,371.2474365234375,368.6546936035156,hold_days,-0.006983867536437982,-0.007983867536437983,4,2024-03-01,0.015894083670058734,-0.023877951206496717,0.017596414551708975,0.08219795608315275,0.19901141358435862,0.0033569351703642654,0.004037663561795625,0.005180936530118722,0.558036668436803
GS,5,0.01,2024-09-11,2024-09-18,452.8415832519531,465.72991943359375,hold_days,0.028461026235900633,0.027461026235900632,1,2024-09-10,0.013466967372460337,0.013994058863440295,0.023924956115471938,0.0543718926310592,0.09524436008316836,0.009897442792712822,0.00886916538931848,0.00781458873159353,1.266469718888926
GS,5,0.01,2025-03-03,2025-03-10,587.4961547851562,516.0562133789062,hold_days,-0.12160069614817337,-0.12260069614817337,4,2025-02-27,-0.021172174277850786,-0.10142852187032259,0.0011434157648159886,0.047197062431539955,0.0853429880933898,0.008657276158014638,0.006620830559192671,0.005663345203170348,1.3193623452347958
GS,5,0.01,2026-03-30,2026-04-07,800.1375732421875,856.1651000976562,hold_days,0.07002236706425768,0.06902236706425768,3,2026-03-27,0.020654824733306265,0.04836754233095142,-0.001293046079998298,0.004789320104234371,0.08425495085226871,0.0070399809804614355,0.008356692755265788,0.007129042934246922,0.9719618977881084
GS,5,0.01,2026-04-15,2026-04-17,891.178466796875,917.39404296875,resistance,0.02941675225401319,0.02841675225401319,2,2026-04-13,0.008632752013257639,0.01978400024075555,0.04592123866619498,0.04592123866619498,0.10385854934735304,0.007486056733158251,0.008472053669828816,0.009560227131745395,0.9540404476492408
HD,5,0.01,2015-11-16,2015-11-23,92.79589080810547,101.74989318847656,hold_days,0.09649136726201868,0.09549136726201868,3,2015-11-13,0.019010740559540773,0.0764806267024779,0.032338945587344244,0.13032629311109575,0.13032629311109575,0.0068906872276386436,0.0060914248850311315,0.008848884809189734,0.513868098214227
HD,5,0.01,2015-12-21,2015-12-29,101.28240966796875,103.12590789794922,hold_days,0.01820156368735648,0.01720156368735648,3,2015-12-18,0.031548451034685066,-0.014346887347328585,0.007215712646052558,0.09997046045718933,0.1160856528588494,0.017431747452131906,0.01320412539994617,0.011354823155205893,1.682353084199852
HD,5,0.01,2016-07-14,2016-07-18,104.88475036621094,106.28797912597656,resistance,0.013378768170455357,0.012378768170455356,1,2016-07-13,0.003224049959594577,0.00915471821086078,0.10380763244875994,0.10380763244875994,0.24195347262344524,0.006633456715708554,0.005275581759184928,0.012962591069449919,0.7332273659596694
HD,5,0.01,2016-08-19,2016-08-26,105.60196685791016,104.74441528320312,hold_days,-0.00812060229769096,-0.00912060229769096,1,2016-08-18,-0.005858298476369428,-0.0032623038213215327,0.024118408364679236,0.12583280244613776,0.16572713728747693,0.0036652697349829773,0.003249485140842986,0.0041590850068267075,0.4540333515330118
HD,5,0.01,2016-10-18,2016-10-25,98.52713012695312,96.64655303955078,hold_days,-0.019086896015130028,-0.02008689601513003,1,2016-10-17,0.009392097461930593,-0.029478993477060622,0.004072687337756469,0.010539204156242073,0.10288189699634744,0.00219212072512205,0.005222013910029531,0.006800305972435422,0.34972503306636865
HD,5,0.01,2017-02-07,2017-02-14,107.6445083618164,111.3547592163086,hold_days,0.03446762785168045,0.03346762785168045,1,2017-02-06,0.020588155418105103,0.012879472433575345,0.020887224827858465,0.08558920988455947,0.13095889495494467,0.0042337667277202095,0.004861843849660026,0.004129703862927128,0.9688012825369033
HD,5,0.01,2017-09-20,2017-09-27,127.23382568359375,129.0299530029297,hold_days,0.014116743795809183,0.013116743795809183,1,2017-09-19,7.294363956034111e-05,0.013043800156248841,0.044432376496050294,0.06038927450736928,0.11484103510171742,0.0007574137640743257,0.0033618002661948395,0.003699818082359468,0.15612893280716816
HD,5,0.01,2017-11-03,2017-11-10,131.812255859375,131.5878143310547,hold_days,-0.001702736417467543,-0.002702736417467543,1,2017-11-02,-0.0011792905094025752,-0.0015234459080649678,0.03215409869227712,0.1055559888873385,0.14922125549297757,0.0036711281151690593,0.0043014783043725064,0.0036218669834903027,0.8655251745875189
HD,5,0.01,2018-04-10,2018-04-17,140.6110076904297,141.7618865966797,hold_days,0.008184842176679252,0.007184842176679252,1,2018-04-09,0.01963237306882526,-0.012447530892146008,0.0333242091993041,0.043232354919092546,0.09301412048739155,0.016349253564513968,0.01574979292593896,0.015147997432372932,1.1512008633419109
HD,5,0.01,2018-08-15,2018-08-22,158.10617065429688,162.16502380371094,hold_days,0.025671693474183632,0.02467169347418363,1,2018-08-14,0.01814352578543299,0.006528167688750641,0.012522694999363346,0.05782195555937402,0.09332393298463733,0.005293592266116308,0.004663251324395319,0.004852116415904846,0.8850276309326074
HD,5,0.01,2018-10-15,2018-10-22,156.6065216064453,146.43203735351562,hold_days,-0.06496845820059993,-0.06596845820059993,4,2018-10-11,0.00038981836827467475,-0.06635827656887461,0.007867631568736648,0.007867631568736648,0.06963033525265087,0.020266201938461532,0.013522560333116829,0.01020306587754092,2.917306530917916
HD,5,0.01,2018-12-11,2018-12-18,141.91830444335938,140.13002014160156,hold_days,-0.012600800923967648,-0.013600800923967649,1,2018-12-10,-0.03369807248447265,0.020097271560505003,0.009897998790952192,0.014033486492697268,0.021101162454791975,0.01690445197924307,0.018133385531823552,0.01490414012986214,1.3305449807794696
HD,5,0.01,2019-06-26,2019-07-03,172.5796356201172,177.32843017578125,hold_days,0.027516540631231434,0.026516540631231433,1,2019-06-25,0.026095086584768,0.000421454046463432,0.06733607022995641,0.06733607022995641,0.20702193380121903,0.009305071483077642,0.007505855123273185,0.008001130460417156,1.2150011486886059
HD,5,0.01,2019-08-16,2019-08-23,170.26370239257812,181.8180694580078,hold_days,0.06786159882033282,0.06686159882033282,2,2019-08-14,-0.013137657244291279,0.0799992560646241,0.015392207371434362,0.05257302818765354,0.05257302818765354,0.018926670087410943,0.017764740689164782,0.0127206859582248,2.044797362092819
HD,5,0.01,2019-11-26,2019-12-04,185.69581604003906,181.2454833984375,hold_days,-0.02396571304892514,-0.024965713048925142,4,2019-11-22,-0.009598790245732847,-0.015366922803192296,0.04364870975855227,0.09828447384707012,0.12471242890073526,0.005035337542578653,0.005051872054327716,0.004621488430217486,0.7719680128974773
HD,5,0.01,2020-01-15,2020-01-23,190.12574768066406,197.79542541503906,hold_days,0.04034002668200953,0.03934002668200953,1,2020-01-14,0.005625559489684351,0.03371446719232518,0.031060830882424808,0.11116275598490759,0.17999913939443066,0.005638021611877861,0.005940300599441613,0.004654867036391141,1.1807022578052573
HD,5,0.01,2020-11-23,2020-12-01,233.89776611328125,238.37930297851562,hold_days,0.019160237995021534,0.018160237995021533,3,2020-11-20,0.015033206468905824,0.003127031526115709,0.1398380185742553,0.1398380185742553,0.20490457172946597,0.006336958570691589,0.01102429864359701,0.015190260706848273,0.4825936891486122
HD,5,0.01,2021-07-29,2021-08-05,286.99920654296875,291.97772216796875,hold_days,0.017346792295938496,0.016346792295938495,1,2021-07-28,-0.0014041540163776123,0.017750946312316107,0.04284895923384646,0.06286228279936601,0.17874690768128246,0.004408255344318698,0.010251050732899072,0.008005180147545614,0.5887487788643724
HD,5,0.01,2021-09-21,2021-09-22,294.4401550292969,295.9466552734375,resistance,0.005116490459634138,0.004116490459634138,1,2021-09-20,0.010081863130699142,-0.005965372671065005,-0.0010029627916279243,0.01711257257489022,0.06670911441001656,0.011840598682913353,0.008108511643889385,0.006853012513616394,1.6893864146170248
HD,5,0.01,2022-09-27,2022-10-04,242.20339965820312,261.0160827636719,hold_days,0.07767307615011676,0.07667307615011676,1,2022-09-26,0.046423863589392544,0.030249212560724215,-0.005289396483184797,-0.005289396483184797,-0.005289396483184797,0.006964567472525862,0.009206118887640778,0.013382841399081422,0.5567340776788003
HD,5,0.01,2022-11-04,2022-11-11,256.03125,283.8941955566406,hold_days,0.10882634661448787,0.10782634661448787,1,2022-11-03,0.05508190003664715,0.05274444657784072,0.09268785609682688,0.11763257113553462,0.11763257113553462,0.007445517612822401,0.012738904519323526,0.014380748198442931,0.49151568102646737
HD,5,0.01,2023-01-20,2023-01-27,285.66607666015625,287.1986389160156,hold_days,0.005364873119612978,0.004364873119612978,1,2023-01-19,0.016461374765903036,-0.012096501646290059,0.03818160751901069,0.07586738430155092,0.18289061951048874,0.009715238529746461,0.011757868927354413,0.010718892538117008,0.7799154500099239
HD,5,0.01,2023-02-22,2023-03-01,268.70751953125,263.7106018066406,hold_days,-0.01859612166167257,-0.019596121661672572,1,2023-02-21,-0.010086315180129146,-0.009509806481543426,-0.0024008379766943234,0.029398072572601363,0.16924558544816173,0.011189686951311827,0.010097959171506842,0.009374505878738821,1.0587467251019662
HD,5,0.01,2023-10-09,2023-10-16,273.4723205566406,275.2962646484375,hold_days,0.0066695747784797366,0.0056695747784797365,4,2023-10-05,0.00691609826589068,-0.0012465234874109435,0.019707004766196537,0.019707004766196537,0.05096720791837887,0.007520249007669154,0.006709143962569074,0.0068672333959118575,1.2149105947477161
HD,5,0.01,2024-03-27,2024-04-04,361.843994140625,335.3918762207031,hold_days,-0.07310365336516178,-0.07410365336516178,1,2024-03-26,-0.020206690585093945,-0.053896962780067836,0.040711708067242926,0.08891611118827922,0.2478252162234973,0.0037199615186672237,0.005478665817756777,0.004647996726700056,0.6629211690884999
HD,5,0.01,2024-05-02,2024-05-09,314.6220703125,325.78997802734375,hold_days,0.035496262877398266,0.034496262877398265,1,2024-05-01,0.025470406748791863,0.009025856128606402,0.01918928021722167,0.03654402079273878,0.1669838436883593,0.008693940068755094,0.007252213634607326,0.007021052385027557,1.4273572829383312
HD,5,0.01,2025-07-17,2025-07-24,347.18280029296875,360.76873779296875,hold_days,0.03913194285124599,0.03813194285124599,1,2025-07-16,0.0079382706441824,0.030193672207063593,0.04631761585494282,0.17757785817612795,0.22712137106649175,0.004999723671638735,0.005149788960025104,0.00531722826171253,0.6349620497907761
HD,5,0.01,2025-11-07,2025-11-14,360.8900451660156,352.3810119628906,hold_days,-0.02357791054948799,-0.02457791054948799,1,2025-11-06,0.014620385630616628,-0.03919829618010462,0.03426785094989657,0.05007297657123186,0.14096338952670937,0.004383663371106031,0.004175358363244957,0.0054261056919793545,0.7993949041113103
HD,5,0.01,2026-06-02,2026-06-09,306.9388732910156,318.9793395996094,hold_days,0.03922757055662318,0.03822757055662318,1,2026-06-01,-0.0026700899034510783,0.04089766046007426,0.0348085276537197,0.08109808948319994,0.09967386958773951,0.0015304654379621888,0.0032501103374476515,0.004135360706892695,0.22116042572082645
HD,5,0.01,2026-08-10,2026-08-17,348.21392822265625,335.4082946777344,hold_days,-0.03677519049936928,-0.03777519049936928,4,2026-08-06,-0.009709459386012198,-0.028065731113357084,0.05984323479999417,0.09909400375845075,0.15199942191514795,0.005726719755986122,0.007387531422937932,0.007202172440934054,0.9039228165188387
HON,5,0.01,2016-01-21,2016-01-26,72.9517822265625,74.40957641601562,resistance,0.01998298252571451,0.01898298252571451,1,2016-01-20,0.015830426869563263,0.0031525556561512458,0.00688848835403434,0.00688848835403434,0.031897647147096954,0.017482095916269143,0.014955140705499685,0.012842044911504799,1.590222084016583
HON,5,0.01,2016-05-05,2016-05-12,86.31127166748047,86.74425506591797,hold_days,0.0050165336470258115,0.0040165336470258115,1,2016-05-04,0.011518924472557979,-0.007502390825532167,0.013559564471288022,0.14666968499025468,0.14666968499025468,0.007072938130589743,0.006106129958685742,0.006458576345912209,0.8491550725901114
HON,5,0.01,2017-06-30,2017-07-10,104.53913116455078,105.63714599609375,hold_days,0.010503385854763181,0.00950338585476318,1,2017-06-29,0.004822703843846865,0.004680682010916315,0.004831178966076363,0.056429990940307755,0.10463161513425559,0.007891923387310082,0.005877289349576858,0.004228483399030016,1.61154133712062
HON,5,0.01,2017-08-21,2017-08-28,106.84439086914062,107.86893463134766,hold_days,0.009589120719138755,0.008589120719138754,3,2017-08-18,0.009632841291064453,-0.0010437205719256992,3.0159632891056467e-05,0.014309827246751044,0.061037128917306054,0.007760205937393832,0.007515177344295051,0.005519633523116211,1.7564540710392629
HON,5,0.01,2018-01-04,2018-01-11,122.38626861572266,125.09539794921875,hold_days,0.02213589289172968,0.02113589289172968,1,2018-01-03,0.015559926166089921,0.005575966725639758,0.04202789036653001,0.10561735764796927,0.18424360540172183,0.00565182535826599,0.003787939798256737,0.003782682132530959,1.4475411718188542
HON,5,0.01,2018-04-06,2018-04-12,113.62014770507812,116.58921813964844,resistance,0.0261315488013365,0.0251315488013365,4,2018-04-02,0.02759572128263721,-0.002464172481300708,0.010326403414823056,0.020014032080119384,0.07312422226909189,0.0173508625182835,0.017487153628185977,0.014991055711121483,1.2501802363165917
HON,5,0.01,2018-06-29,2018-07-09,115.24474334716797,117.94087982177734,hold_days,0.023394875950978777,0.022394875950978776,1,2018-06-28,0.0218713605654548,0.000523515385523976,0.012623133290379474,0.03591094103989061,0.05664369584600964,0.00896946900420842,0.00629063930758302,0.0055145927603832134,1.149993964329963
HON,5,0.01,2018-08-15,2018-08-22,122.54905700683594,125.51966857910156,hold_days,0.024240183032170792,0.02324018303217079,2,2018-08-13,0.01814352578543299,0.005096657246737801,0.012522694999363346,0.05782195555937402,0.09332393298463733,0.005293592266116308,0.004663251324395319,0.004852116415904846,0.8850276309326074
HON,5,0.01,2018-11-28,2018-12-06,121.7147216796875,119.40357971191406,hold_days,-0.018988187590450956,-0.019988187590450956,1,2018-11-27,-0.01351062755628496,-0.006477560034165997,0.04676902331481292,0.051055496233532095,0.05838121058567914,0.00971943253413062,0.01151561768088025,0.0115007057740179,0.8933034536386045
HON,5,0.01,2019-09-25,2019-10-02,142.95718383789062,137.94728088378906,hold_days,-0.03504477928008609,-0.03604477928008609,1,2019-09-24,-0.03510579798093805,-0.0009389812991480451,0.05025321913707432,0.06285846745046852,0.10177736986511093,0.0032452966151414755,0.0031405750209878825,0.006154009188429966,0.33445125178724333
HON,5,0.01,2019-10-09,2019-10-16,136.88543701171875,140.131103515625,hold_days,0.023710823990928942,0.02271082399092894,1,2019-10-08,0.023584888005741433,-0.0008740640148124923,0.01194451189412085,0.03779561888001763,0.07579678992438067,0.01311113539480047,0.011361794145977997,0.008250751849455918,1.238845579194131
HON,5,0.01,2019-12-04,2019-12-11,149.0727081298828,151.48251342773438,hold_days,0.01616530167112784,0.01516530167112784,1,2019-12-03,0.011562479267455128,0.003602822403672712,0.013787135056464983,0.08616929883406874,0.11391655020894832,0.004740596950211875,0.0053916648960929126,0.004863644143593267,0.7370825929125981
HON,5,0.01,2020-12-23,2020-12-31,184.94320678710938,187.32998657226562,hold_days,0.012905474208110279,0.011905474208110278,1,2020-12-22,0.013713116581751228,-0.0018076423736409497,0.02417616380394032,0.1759782692029745,0.20338006286129254,0.005113403958326805,0.006017218445895375,0.006389466260476712,0.4476448823354069
HON,5,0.01,2021-07-07,2021-07-14,196.10037231445312,202.34567260742188,hold_days,0.031847467800592444,0.030847467800592443,1,2021-07-06,0.004316250555140622,0.02653121724545182,0.043252387607956536,0.05192268569429387,0.21662738662620187,0.00582117681286896,0.004885430769484182,0.006852049138163468,0.8404101229589143
HON,5,0.01,2021-12-21,2021-12-29,180.65069580078125,185.89991760253906,hold_days,0.02905730187469957,0.02805730187469957,1,2021-12-20,0.027695513898846835,0.00036178797585273426,0.0369142126810335,0.06274643297380562,0.0791616124760473,0.010573107643136409,0.0076197262792377365,0.011042467414900645,1.297825768132222
HON,5,0.01,2022-02-07,2022-02-14,172.41854858398438,167.2320098876953,hold_days,-0.030081094748125148,-0.03108109474812515,3,2022-02-04,-0.015271395781716324,-0.015809698966408825,0.033274999371098415,0.05634326709203826,0.08265951548230133,0.012199774897630172,0.009539649647563419,0.009226999131009201,1.3674692437917584
HON,5,0.01,2022-04-12,2022-04-19,172.02586364746094,177.61924743652344,resistance,0.03251478394275198,0.03151478394275198,1,2022-04-11,0.01861176443307566,0.012903019509676317,0.026581463592885518,0.04581979237135786,0.04669899413502027,0.008453522514178156,0.007750021202971198,0.008830697474129276,0.8026527726312761
HON,5,0.01,2022-07-01,2022-07-11,158.53172302246094,156.47666931152344,hold_days,-0.012963044063088458,-0.013963044063088459,2,2022-06-29,0.0003409922785155839,-0.014304036341604043,0.025339762845877658,0.025339762845877658,0.025339762845877658,0.005780430651852984,0.014925465226058659,0.01638169235689683,0.3605512175080983
HON,5,0.01,2022-07-18,2022-07-21,154.76556396484375,162.98593139648438,resistance,0.05311496447302666,0.05211496447302666,4,2022-07-14,0.0381307715324708,0.013984192940555862,0.021316559098810143,0.021316559098810143,0.021316559098810143,0.01367531553157071,0.011042067510108848,0.012524335521084508,0.8383357775342545
HON,5,0.01,2023-02-10,2023-02-17,183.290283203125,184.158935546875,hold_days,0.0047392165507613715,0.0037392165507613715,1,2023-02-09,-0.0014633019145423587,0.00520251846530373,0.02926541486904036,0.054414412907138436,0.19766048759299096,0.010180193627316281,0.010089123459287986,0.009722525220793433,0.9973495829417354
HON,5,0.01,2023-03-01,2023-03-08,177.2848358154297,179.75735473632812,hold_days,0.01394659001445886,0.012946590014458859,1,2023-02-28,0.007734701168131464,0.005211888846327395,-9.811941923244324e-05,0.019015239166816637,0.15745220595035694,0.006839727204045719,0.008345458949408795,0.008732283038949167,0.6847222466607515
HON,5,0.01,2023-09-08,2023-09-15,171.42369079589844,179.33892822265625,hold_days,0.04617353289973147,0.04517353289973147,1,2023-09-07,0.005671741786066331,0.03950179111366514,0.016517218215708094,0.03786060651780622,0.10555395156377008,0.00507050980179507,0.006329427689927855,0.0064696665244180955,0.839170225905808
HON,5,0.01,2024-06-13,2024-06-18,197.07249450683594,201.07760620117188,resistance,0.02032303749114517,0.019323037491145167,1,2024-06-12,0.010516271766837004,0.008806765724308163,0.01338772293144507,0.04025531891774714,0.08783058153020519,0.0023258087893678002,0.004999497858445016,0.005596242736884122,0.3753978891485512
HON,5,0.01,2024-07-30,2024-08-06,191.41432189941406,187.78704833984375,hold_days,-0.01894985455412479,-0.01994985455412479,1,2024-07-29,-0.042030530884989425,0.022080676330864635,0.02941886973458125,0.07074060915390272,0.10986977623845273,0.008737896855119236,0.0074836997899452775,0.006235867437701291,1.624651004029048
HON,5,0.01,2024-08-14,2024-08-21,186.6535186767578,191.30296325683594,hold_days,0.02490949333845638,0.023909493338456378,1,2024-08-13,0.02586317421842188,-0.0019536808799655025,0.033089396251137826,0.04541999645302467,0.07372696394384612,0.008901385200000354,0.0134094671077511,0.010370957504616375,1.230964980742165
HON,5,0.01,2024-12-12,2024-12-19,217.31805419921875,216.5449676513672,hold_days,-0.0035573967873965273,-0.004557396787396527,3,2024-12-09,-0.031189303383389877,0.02663190659599335,0.023443131988030965,0.04541085415501785,0.11709581018040299,0.0022615062345359,0.002111491388599246,0.0039831118956967036,0.39993879003656296
HON,5,0.01,2026-03-23,2026-03-30,231.9114532470703,232.4002227783203,hold_days,0.0021075696107568653,0.0011075696107568653,3,2026-03-20,-0.014275294566936547,0.015382864177693412,0.009991009144879017,0.019340708989124086,0.09995716337039304,0.008496170530470857,0.007181536680532476,0.006220053102392156,1.2208225724985167
HON,5,0.01,2026-07-09,2026-07-16,222.75161743164062,225.65292358398438,hold_days,0.013024848868871342,0.01202484886887134,1,2026-07-08,0.011278930997386638,0.0007459178714847026,0.023570235972846118,0.054775684572422434,0.09224849755469072,0.00982843753694057,0.006454048297937014,0.00673746877649657,1.6482728669432878
IBM,5,0.01,2016-01-12,2016-01-20,81.4361801147461,74.67127227783203,hold_days,-0.08307005347478358,-0.08407005347478358,4,2016-01-08,-0.04371621015312244,-0.04035384332166114,0.008273525675145296,0.008273525675145296,0.07168820905738384,0.010624922033340894,0.01063310840577247,0.012257086810927426,1.035005697669428
IBM,5,0.01,2016-05-04,2016-05-11,89.29391479492188,93.09312438964844,hold_days,0.042547239679793014,0.04154723967979301,1,2016-05-03,0.009382124058259667,0.03216511562153335,0.015025364178482369,0.14832798722272794,0.14832798722272794,0.008461024562041505,0.005916975137227282,0.006799450459645012,1.023308943122754
IBM,5,0.01,2016-08-29,2016-09-06,100.68647003173828,101.0836181640625,hold_days,0.003944404170679761,0.0029444041706797605,3,2016-08-26,-0.00038743893134562946,0.00333184310202539,0.022278437165814305,0.12381008718751246,0.1546951360503077,0.002863889075649767,0.0028271711752437577,0.004286567215657677,0.3539484740948104
IBM,5,0.01,2016-09-19,2016-09-26,97.62905883789062,97.06800842285156,hold_days,-0.005746756362474681,-0.006746756362474681,3,2016-09-16,0.004436488958536211,-0.011183245321010893,0.005011299991062804,0.09684885502525702,0.09684885502525702,0.009941543224065897,0.011144748388047807,0.007771213340359055,1.1342838150930545
IBM,5,0.01,2017-05-15,2017-05-22,98.0884017944336,98.8199462890625,hold_days,0.007458012173162221,0.006458012173162221,3,2017-05-12,-0.003166853057140595,0.009624865230302815,0.03589990583106334,0.038909825744281215,0.14712368086301897,0.0008866470141708934,0.0013475363341718739,0.0040679165435817686,0.2031705065411203
IBM,5,0.01,2017-07-10,2017-07-17,99.3249282836914,99.05950164794922,hold_days,-0.0026723063417078974,-0.0036723063417078974,4,2017-07-06,0.009902084171985903,-0.013574390513693801,0.009677182155293177,0.06152483991837063,0.10995892627059826,0.00601171788190437,0.006454696636742878,0.004956020455358906,1.1873325659326444
IBM,5,0.01,2018-07-18,2018-07-25,97.50739288330078,98.92431640625,hold_days,0.014531447114425777,0.013531447114425776,1,2018-07-17,0.015870779285606762,-0.0023393321711809856,0.047895532536783976,0.06449820911676385,0.09344945020397297,0.004834452772324545,0.0062604680635753775,0.006697171114746079,0.7076572215332835
IBM,5,0.01,2018-11-02,2018-11-09,78.88553619384766,85.32584381103516,hold_days,0.08164117185388142,0.08064117185388142,3,2018-10-30,0.02524564924107575,0.05539552261280567,0.03362573750819819,0.03362573750819819,0.040829968804401755,0.010626315957398956,0.01588445907561047,0.015367404099849987,1.1233277599356453
IBM,5,0.01,2019-01-15,2019-01-23,84.07571411132812,91.78365325927734,hold_days,0.09167854509975171,0.0906785450997517,1,2019-01-14,0.014370115313541154,0.07630842978621055,0.11312717788924509,0.11312717788924509,0.11312717788924509,0.005331810504580846,0.015918552332205866,0.019615246108712608,0.3387335064365686
IBM,5,0.01,2019-04-10,2019-04-17,99.93108367919922,97.1990966796875,hold_days,-0.027338710828774704,-0.028338710828774705,1,2019-04-09,0.01067204877648864,-0.039010759605263345,0.032380509847977974,0.1261793879334232,0.241388536114821,0.005410397746575868,0.0058605173668049146,0.007176691406451824,0.788394593526832
IBM,5,0.01,2019-06-03,2019-06-10,90.68956756591797,95.26399230957031,hold_days,0.050440473655665174,0.049440473655665174,3,2019-05-31,0.05016307109063689,-0.0007225974349717168,0.0002649536331958377,0.0002649536331958377,0.18444123783831115,0.00612052261174948,0.006862436833463911,0.009135509984755534,0.8047559746712238
IBM,5,0.01,2019-12-06,2019-12-13,96.4246826171875,97.14125061035156,hold_days,0.007431375180241728,0.006431375180241728,1,2019-12-05,0.009871789421932009,-0.0034404142416902808,0.019755819817611518,0.09861948942780675,0.1266847930330711,0.0077528859548324745,0.006051718442174934,0.005028511537780146,1.2088424267603333
IBM,5,0.01,2020-05-14,2020-05-21,86.67948150634766,88.28778076171875,hold_days,0.018554555558264463,0.017554555558264462,1,2020-05-13,0.04186602864654021,-0.024311473088275748,0.030329287564116868,0.28005862496708034,0.28005862496708034,0.019681916171138264,0.01695206774017737,0.0206372679538439,0.47214494472170626
IBM,5,0.01,2020-08-03,2020-08-10,92.13443756103516,95.44322967529297,hold_days,0.03591265331234994,0.03491265331234994,4,2020-07-30,0.03413199571649672,0.000780657595853218,0.0383334863991222,0.16550442010148927,0.4712128229878851,0.007729928066239519,0.007396622033054394,0.00890478065862218,0.46336059064527885
IBM,5,0.01,2020-12-03,2020-12-10,94.16105651855469,95.18944549560547,hold_days,0.010921595562685127,0.009921595562685126,2,2020-12-01,0.008709013908451357,0.0012125816542337686,0.11101643796486152,0.1666714687488201,0.23326978350846028,0.008533652622383241,0.009899817440718994,0.012548094904383852,0.6917012664693887
IBM,5,0.01,2021-04-15,2021-04-22,102.3436050415039,109.0594711303711,hold_days,0.06562076923266158,0.06462076923266158,2,2021-04-13,-0.006771884227031788,0.07139265345969337,0.055214717371326244,0.16758707404798423,0.38190352619163226,0.0035355451519190027,0.004362099235659069,0.006551361301656118,0.3995703041538257
IBM,5,0.01,2021-08-20,2021-08-27,109.83430480957031,110.07118225097656,hold_days,0.0021566799354439947,0.0011566799354439947,1,2021-08-19,0.019146044641471516,-0.017989364706027522,0.006227186815879812,0.05896277954020227,0.16246184142214218,0.006408520414691735,0.005882550137860805,0.006017123408507371,0.9542541569051071
IBM,5,0.01,2021-09-22,2021-09-29,106.29711151123047,109.88959503173828,hold_days,0.033796624098560324,0.03279662409856032,1,2021-09-21,0.0033836789297503334,0.02941294516880999,0.010081863130699205,0.027366962320103622,0.06762139907348452,0.007697725577966682,0.008080428324138992,0.0067658362291935685,1.0989374293849574
IBM,5,0.01,2022-09-07,2022-09-14,110.85812377929688,110.84073638916016,hold_days,-0.00015684362628520798,-0.001156843626285208,1,2022-09-06,-0.009622206704659297,0.008465363078374089,0.014708758507460819,0.07243463438199459,0.07243463438199459,0.006245273462315207,0.012545053198259446,0.01206106050463153,0.4888297362529562
IBM,5,0.01,2023-05-12,2023-05-19,110.71681213378906,114.70061492919922,hold_days,0.035981913845172686,0.034981913845172685,1,2023-05-11,0.01130881142329443,0.023673102421878256,0.00917648684413687,0.03515424798953103,0.03515424798953103,0.0023968501882051293,0.008625519773812674,0.008271251380406752,0.2603470925216772
IBM,5,0.01,2024-01-08,2024-01-16,148.57444763183594,153.94058227539062,hold_days,0.03611748001817805,0.03511748001817805,3,2024-01-05,-0.010001365844686805,0.045118845862864854,0.04515138506414193,0.16428047978089313,0.16428047978089313,0.0036421490480527917,0.0029778343598221555,0.006042763545698594,0.5170369544619702
IBM,5,0.01,2024-07-22,2024-07-29,173.03890991210938,179.94546508789062,hold_days,0.03991330723991071,0.03891330723991071,3,2024-07-19,0.00481172596898416,0.03410158127092655,0.021933457854238902,0.06944816633105586,0.10846784783565115,0.01070861272173008,0.0073481194739897894,0.005601522233306427,1.9504469934153148
IBM,5,0.01,2024-10-31,2024-11-07,195.946044921875,202.55279541015625,hold_days,0.03371719235729098,0.03271719235729098,1,2024-10-30,0.031169590553566717,0.0015476018037242634,-0.0009018459989761202,0.06935115121436615,0.08584563568247112,0.004572369612795314,0.003914155907064434,0.005516207251201018,0.7037684966899378
IBM,5,0.01,2024-12-19,2024-12-27,213.92237854003906,212.83328247070312,hold_days,-0.005091080590860608,-0.006091080590860608,1,2024-12-18,0.013846561095334886,-0.019937641686195495,0.0013178493272959352,0.008588836665205256,0.08225437004837265,0.01154092748488699,0.008445610047069304,0.007214473975862032,1.8072773210532274
IBM,5,0.01,2025-01-14,2025-01-22,208.02786254882812,213.29185485839844,hold_days,0.025304265712650542,0.02430426571265054,1,2025-01-13,0.03338864089029747,-0.00908437517764693,0.011192389734962258,0.017629325450579755,0.09195516004293079,0.008112146529598819,0.006663578984170134,0.008178196046579989,1.2454548230830331
IBM,5,0.01,2025-08-14,2025-08-21,231.10206604003906,233.3340301513672,hold_days,0.009657915005145012,0.008657915005145012,2,2025-08-12,-0.0025567528251772,0.011214667830322211,0.03144593459395997,0.09109788873983199,0.24807540862745192,0.006125845207962686,0.007027167408003198,0.0061867085468722185,0.9726478043466001
IBM,5,0.01,2025-09-03,2025-09-10,237.9149627685547,250.3711395263672,hold_days,0.05235558374665983,0.05135558374665983,1,2025-09-02,0.0018727324263168033,0.049482851320343024,0.030525480500102373,0.07275340491753324,0.2581252662777981,0.00393699988310901,0.006901348737833803,0.005832547971324501,0.684164414660328
IBM,5,0.01,2026-02-05,2026-02-12,284.1025695800781,255.78897094726562,hold_days,-0.0996597766597529,-0.1006597766597529,1,2026-02-04,0.00464761693693605,-0.10530739359668895,0.039393304901448926,0.10745230508622651,0.1551236041763045,0.004198671029929409,0.004123650159243507,0.00653106878653033,0.6456217893047524
IBM,5,0.01,2026-09-02,2026-09-10,231.6999969482422,234.02000427246094,hold_days,0.01001297951996527,0.00901297951996527,1,2026-09-01,-0.01856648924351867,0.02757946876348394,0.0035384168531161957,0.07218643486785317,0.14412668659701078,0.004331659214770343,0.004515364873434806,0.004579287896401648,0.7068762692670927
JNJ,5,0.01,2015-07-01,2015-07-09,72.37686157226562,72.32540130615234,hold_days,-0.000711004387250247,-0.001711004387250247,1,2015-06-30,-0.009996735195640594,0.008285730808390346,0.008246291596913709,,,0.010479305117419853,0.009122485214137808,0.0076683601108427785,
JNJ,5,0.01,2015-09-28,2015-10-05,67.67200469970703,70.18276977539062,hold_days,0.03710197572578289,0.03610197572578289,3,2015-09-25,0.056745919565110325,-0.02064394383932744,-0.013395812586394735,0.014650568338864292,,0.005417054688446533,0.009437203315366776,0.013133704047898272,0.409793438246418
JNJ,5,0.01,2016-01-21,2016-01-28,71.58051300048828,76.30331420898438,hold_days,0.06597886785840545,0.06497886785840545,1,2016-01-20,0.013497036842495147,0.051481831015910307,0.00688848835403434,0.00688848835403434,0.031897647147096954,0.017482095916269143,0.014955140705499685,0.012842044911504799,1.590222084016583
JNJ,5,0.01,2016-09-30,2016-10-03,90.00543212890625,90.5235366821289,resistance,0.005756369820886231,0.004756369820886231,1,2016-09-29,-0.0019180653584229823,0.006674435179309214,0.024976899445407163,0.04789078086718215,0.1186389034571356,0.008924583933733122,0.007600175721804497,0.009223123002297575,1.4104389122775203
JNJ,5,0.01,2016-10-24,2016-10-31,86.56155395507812,88.37491607666016,hold_days,0.02094881663657633,0.019948816636576328,3,2016-10-21,-0.010998429625507788,0.030947246262084116,0.016411286918951277,0.022957267866592617,0.11643471870337682,0.0015895095084634333,0.0047877982355955615,0.00549866992751529,0.25224356191305203
JNJ,5,0.01,2017-07-28,2017-08-04,102.49771881103516,103.5316162109375,hold_days,0.010087028393367836,0.009087028393367835,1,2017-07-27,0.006016271369267301,0.0030707570241005344,0.023907567438661202,0.05503598701952676,0.10551539598297034,0.0020114876485662356,0.0021389717231946647,0.0031964730235578037,0.45832499085467676
JNJ,5,0.01,2017-09-29,2017-10-06,101.71025085449219,104.22151947021484,hold_days,0.024690418071186437,0.023690418071186436,1,2017-09-28,0.013641113214975409,0.010049304856211028,0.04182112053431216,0.06446431189261843,0.1223200214952666,0.002983759914777845,0.0022773499836712726,0.0035976559249518273,0.6906757290343861
JNJ,5,0.01,2018-01-03,2018-01-10,110.63720703125,113.3212661743164,hold_days,0.024260004523688705,0.023260004523688704,1,2018-01-02,0.015479723824274094,0.00778028069941461,0.0353783447833792,0.09856202536255709,0.17668653144192242,0.0052468446775474145,0.003590816838062789,0.0038836671868225136,1.3495947145901246
JNJ,5,0.01,2018-05-09,2018-05-16,97.83935546875,99.29694366455078,hold_days,0.014897769806612615,0.013897769806612614,1,2018-05-08,0.008815989593397022,0.005081780213215592,0.029520071023277868,0.04747616560198699,0.08807302709973223,0.005267882038417572,0.00653875011038911,0.0076727360969154395,0.4536321549960377
JNJ,5,0.01,2018-05-31,2018-06-07,95.46063995361328,98.42134094238281,hold_days,0.03101488728975843,0.03001488728975843,2,2018-05-29,0.02787854620418817,0.002136341085570259,0.02785021004958896,0.045777180201858246,0.055804732638569755,0.011254258869340103,0.008007589660693678,0.007053716302049658,1.032438573263353
JNJ,5,0.01,2018-09-27,2018-10-04,111.03914642333984,111.94695281982422,hold_days,0.00817555272825432,0.0071755527282543205,1,2018-09-26,0.0004913638009695909,0.00668418892728473,0.026271860945573895,0.10164425999521785,0.13126169542292315,0.002249071768944886,0.0038514742967738925,0.003482584326783106,0.4722157007039226
JNJ,5,0.01,2018-10-12,2018-10-19,107.54456329345703,111.70592498779297,hold_days,0.03869430091952508,0.03769430091952508,1,2018-10-11,-0.00044648327070184735,0.03814078419022693,0.01409787650716814,0.01409787650716814,0.07624237315670387,0.015196821409296318,0.012196767205177905,0.009463970762900164,2.2678563402985508
JNJ,5,0.01,2018-12-11,2018-12-18,118.44036865234375,105.4402084350586,hold_days,-0.10976122723363291,-0.11076122723363291,1,2018-12-10,-0.03369807248447265,-0.07706315474916026,0.009897998790952192,0.014033486492697268,0.021101162454791975,0.01690445197924307,0.018133385531823552,0.01490414012986214,1.3305449807794696
JNJ,5,0.01,2019-01-25,2019-02-01,103.669677734375,108.49620056152344,hold_days,0.046556745739241734,0.04555674573924173,1,2019-01-24,0.015300985507724185,0.030255760231517548,0.08756794822246708,0.13878277959660432,0.13878277959660432,0.012258806727405385,0.009060677848606147,0.012287305145984652,0.8071863903247957
JNJ,5,0.01,2019-04-12,2019-04-22,110.6644058227539,112.16998291015625,hold_days,0.013604890174115702,0.012604890174115702,1,2019-04-11,0.0005124250126702368,0.012092465161445465,0.04497659724345507,0.12502535290154834,0.25653473302912366,0.004805036807728708,0.005544708755217073,0.007137112444052557,0.7084920597037861
JNJ,5,0.01,2019-05-15,2019-05-22,111.42127227783203,112.92684173583984,hold_days,0.013512405909830605,0.012512405909830604,1,2019-05-14,0.0037316829823534903,0.008780722927477114,0.015400870889380018,0.036667210256018545,0.2245659981835531,0.014855306333437205,0.011084070589889725,0.008467620562578984,2.1166477962794246
JNJ,5,0.01,2019-07-24,2019-07-31,106.34135437011719,106.70188903808594,hold_days,0.003390352418438436,0.002390352418438436,2,2019-07-22,-0.009429700796645735,0.01182005321508417,0.03661594949297784,0.10412040294889804,0.1326736228398389,0.005315914914144591,0.004816511619580097,0.004431728257290122,0.6907579774120808
JNJ,5,0.01,2019-08-06,2019-08-13,107.15255737304688,109.3239517211914,hold_days,0.02026451259193851,0.01926451259193851,1,2019-08-05,0.013457885704253547,0.0058066268876849625,0.01217184877198331,0.05515823141053517,0.0678219862417908,0.01016605139924905,0.010347630359219413,0.008573512859224038,1.200036937462933
JNJ,5,0.01,2020-05-26,2020-06-02,121.7710189819336,124.87928771972656,hold_days,0.025525521292173226,0.024525521292173225,4,2020-05-22,0.03265486415804042,-0.008129342865867195,0.07863079053039496,0.3615524942922941,0.3615524942922941,0.014178920147442538,0.02049565106235467,0.018451343193933687,0.34265233933146955
JNJ,5,0.01,2020-06-12,2020-06-19,119.74095153808594,121.15608978271484,hold_days,0.011818331376620028,0.010818331376620027,1,2020-06-11,0.012119879391232491,-0.0013015480146124636,0.09575988352570344,0.4026368898,0.4026368898,0.03445893437810576,0.02843633540786473,0.02307286569103217,1.1741578601204499
JNJ,5,0.01,2020-08-03,2020-08-10,124.1211929321289,124.6939697265625,hold_days,0.004614657504514952,0.003614657504514952,3,2020-07-31,0.03413199571649672,-0.03051733821198177,0.0383334863991222,0.16550442010148927,0.4712128229878851,0.007729928066239519,0.007396622033054394,0.00890478065862218,0.46336059064527885
JNJ,5,0.01,2020-11-27,2020-12-04,122.95513153076172,128.30882263183594,resistance,0.04354182728627953,0.04254182728627953,2,2020-11-25,0.017627216613633534,0.024914610672645998,0.15355379951270084,0.16042712241181314,0.2266689846876481,0.013083222964131823,0.012127656660531979,0.01260036962073881,0.9845492128681568
JNJ,5,0.01,2020-12-15,2020-12-22,128.5649871826172,130.4007568359375,hold_days,0.01427892378437945,0.013278923784379448,1,2020-12-14,-0.009063753246849715,0.022342677031229163,0.05084984431253482,0.18137036468296758,0.24880775173010558,0.004842929843991155,0.00644637025488664,0.00857843911640028,0.4070632762046869
JNJ,5,0.01,2021-02-04,2021-02-11,138.3159637451172,141.79119873046875,hold_days,0.025125335436736673,0.024125335436736672,1,2021-02-03,0.01640092002078486,0.007724415415951813,0.04521498424600264,0.15929691563255888,0.23706942673683848,0.014673990180707362,0.013551657526039167,0.010151738158644745,1.4769854204276907
JNJ,5,0.01,2021-04-29,2021-05-06,141.07728576660156,144.11874389648438,hold_days,0.02155880809129407,0.020558808091294067,1,2021-04-28,0.013444915504041699,0.007113892587252368,0.04289201126528022,0.15171689472238198,0.3319038598383454,0.003939397693584941,0.0072536984499344285,0.005803075627064356,0.5175488957616816
JNJ,5,0.01,2021-07-20,2021-07-27,145.6317138671875,149.27145385742188,hold_days,0.02499277041780701,0.023992770417807008,1,2021-07-19,0.020321077066935755,0.0036716933508712524,0.01783157060368325,0.03561738139800364,0.20751883381360464,0.008476535121039432,0.00861130783528521,0.006988619810473433,1.1791769768543194
JNJ,5,0.01,2021-12-01,2021-12-08,138.37904357910156,143.85891723632812,hold_days,0.03960045911210619,0.03860045911210619,1,2021-11-30,0.04214801842389271,-0.003547559311786519,-0.0062681206303077455,0.024912591588440693,0.06053651503927878,0.014953180831296261,0.010781906093810469,0.00807745728604255,1.88971335517778
JNJ,5,0.01,2022-08-15,2022-08-22,147.26434326171875,149.59275817871094,hold_days,0.01581112484815228,0.01481112484815228,3,2022-08-12,-0.026384432281093995,0.041195557129246274,0.11721985584657525,0.14103513893009292,0.14103513893009292,0.00958671899802351,0.009512843674827591,0.010321497109320999,0.7065831133215438
JNJ,5,0.01,2022-10-10,2022-10-17,143.183837890625,148.7001190185547,hold_days,0.038525864435505985,0.037525864435505984,3,2022-10-07,0.02547274791907772,0.012053116516428264,0.028586935327233817,0.028586935327233817,0.028586935327233817,0.02236204467083512,0.021339636535205216,0.01829535341304669,1.5700906443732068
JNJ,5,0.01,2024-03-26,2024-04-03,145.2808074951172,143.87246704101562,hold_days,-0.009693919509284776,-0.010693919509284777,1,2024-03-25,0.005669787579000829,-0.016363707088285606,0.02605689841422095,0.07358250994801906,0.2302539321856177,0.005811555268485872,0.005481032820544756,0.004621519921537278,1.0352707933253495
JNJ,5,0.01,2024-04-18,2024-04-25,135.9261932373047,136.93345642089844,hold_days,0.007410368521358013,0.006410368521358013,2,2024-04-16,0.015433134164869022,-0.00902276564351101,0.00075641189518178,0.03589193088700937,0.19924808638007885,0.006366517533038712,0.0071476110797387285,0.006840773195676422,1.0033811461122262
JNJ,5,0.01,2024-08-14,2024-08-21,149.0030975341797,151.7766876220703,hold_days,0.018614311606873768,0.017614311606873767,1,2024-08-13,0.02586317421842188,-0.008248862611548113,0.033089396251137826,0.04541999645302467,0.07372696394384612,0.008901385200000354,0.0134094671077511,0.010370957504616375,1.230964980742165
JNJ,5,0.01,2025-06-23,2025-06-30,146.90675354003906,148.2950439453125,hold_days,0.009450146925308323,0.008450146925308322,3,2025-06-20,0.02639977048742681,-0.01794962356211849,0.030787393522561754,0.1790879724499754,0.1790879724499754,0.006720679965079791,0.005907566709018227,0.006602914488898308,0.3883808981319618
JNJ,5,0.01,2026-06-22,2026-06-29,230.15489196777344,257.2413024902344,hold_days,0.1176877462428807,0.1166877462428807,4,2026-06-18,0.01661357079432646,0.10007417544855424,0.0012736601645689592,0.06840644656550061,0.07352338703953037,0.007932600637379866,0.007502442616807598,0.0068282620159809465,1.1232113316563574
JPM,5,0.01,2015-12-14,2015-12-16,48.35200119018555,50.80459976196289,resistance,0.05072382758534455,0.04972382758534455,3,2015-12-11,0.024569690084957463,0.025154137500387086,0.00969953218680221,0.10489030288725656,0.12107757377665479,0.008835529539538416,0.012327929882273957,0.010291444910624309,0.9158561657749881
JPM,5,0.01,2016-04-11,2016-04-18,44.405452728271484,47.51079177856445,hold_days,0.06993148047144904,0.06893148047144904,4,2016-04-07,0.03458132082760068,0.034350159643848355,0.01818360205548468,0.1324003473715244,0.1324003473715244,0.010155317803031739,0.007553445231007919,0.006108248870161191,0.9200642670592581
JPM,5,0.01,2016-05-16,2016-05-23,47.04536056518555,48.41871643066406,hold_days,0.029192163668840587,0.028192163668840586,3,2016-05-13,-0.0076225255229067646,0.03581468919174735,0.011374377698753772,0.10319253354124493,0.15971233908304486,0.011335588601897872,0.008059730523037077,0.0065892555104235286,1.490123418868736
JPM,5,0.01,2016-10-18,2016-10-25,52.43428039550781,53.2862548828125,hold_days,0.016248425283579948,0.015248425283579947,1,2016-10-17,0.009392097461930593,0.005856327821649354,0.004072687337756469,0.010539204156242073,0.10288189699634744,0.00219212072512205,0.005222013910029531,0.006800305972435422,0.34972503306636865
JPM,5,0.01,2017-08-22,2017-08-29,72.11064910888672,71.74835205078125,hold_days,-0.005024182455470649,-0.006024182455470649,1,2017-08-21,-0.00035709236354219964,-0.00566709009192845,0.011433075701996172,0.02587556825641129,0.07313568135665427,0.007867425457170863,0.0075482394844262465,0.00542341090650997,1.7819706849675374
JPM,5,0.01,2017-11-15,2017-11-22,77.78433990478516,78.14083099365234,hold_days,0.0045830701822959785,0.0035830701822959785,1,2017-11-14,0.015726405722944037,-0.01214333554064806,0.013286600882066844,0.09194606271166093,0.11422746204812768,0.0025258612860975327,0.0025665301789942214,0.003811021552546717,0.7679829267997231
JPM,5,0.01,2018-06-29,2018-07-09,83.39612579345703,86.32779693603516,hold_days,0.03515356516487156,0.03415356516487156,2,2018-06-27,0.0218713605654548,0.012282204599416757,0.012623133290379474,0.03591094103989061,0.05664369584600964,0.00896946900420842,0.00629063930758302,0.0055145927603832134,1.149993964329963
JPM,5,0.01,2018-08-01,2018-08-08,93.07115936279297,94.78512573242188,hold_days,0.018415655089756067,0.017415655089756066,1,2018-07-31,0.013449214122827513,0.003966440966928553,0.05111384939430717,0.06053429045515486,0.10663763783146306,0.005485021728717428,0.005295958385572735,0.005607595893912991,0.8870328571121158
JPM,5,0.01,2018-08-16,2018-08-23,92.35493469238281,92.32276153564453,hold_days,-0.0003483642411251653,-0.0013483642411251653,1,2018-08-15,0.005135159235603481,-0.006483523476728647,0.023717674949703317,0.06951778780294073,0.10541229364009656,0.005877525522335321,0.005227992970734306,0.0051207737986301224,0.975463381166106
JPM,5,0.01,2018-10-01,2018-10-08,91.3330078125,93.4473876953125,hold_days,0.02315022721197546,0.02215022721197546,3,2018-09-28,-0.010285944857322038,0.0324361720692975,0.032005517570402174,0.09266562319627886,0.13543656797023107,0.00237718965992399,0.0034902852939854424,0.0031852014140392893,0.5098172314013879
JPM,5,0.01,2019-03-08,2019-03-15,84.15008544921875,87.04196166992188,hold_days,0.034365695593360446,0.033365695593360445,1,2019-03-07,0.026179181684903963,0.007186513908456482,0.026187131489948934,0.18450440283633235,0.18450440283633235,0.0021588835347191686,0.004370080785385279,0.005418222292740543,0.17180014558019593
JPM,5,0.01,2019-06-26,2019-07-03,89.29669952392578,93.52671813964844,hold_days,0.047370380297082404,0.0463703802970824,1,2019-06-25,0.026095086584768,0.0202752937123144,0.06733607022995641,0.06733607022995641,0.20702193380121903,0.009305071483077642,0.007505855123273185,0.008001130460417156,1.2150011486886059
JPM,5,0.01,2020-01-31,2020-02-07,111.314208984375,115.35938262939453,hold_days,0.036340137363661595,0.035340137363661595,4,2020-01-27,0.028849401305783617,0.006490736057877977,-0.006833896011501676,0.04763804368810704,0.1494621884491242,0.010707687073368631,0.007319329118000846,0.006289706470158071,1.9987350164925521
JPM,5,0.01,2020-10-29,2020-11-05,84.14698791503906,90.36470794677734,hold_days,0.0738911776380653,0.0728911776380653,1,2020-10-28,0.05825647200213768,0.014634705635927614,0.010292483080923107,0.010292483080923107,0.16045339055268876,0.013691187340520737,0.013739796654069082,0.0130182431366997,1.2209711446280958
JPM,5,0.01,2020-12-18,2020-12-28,103.12054443359375,108.54154968261719,hold_days,0.052569594922129204,0.0515695949221292,4,2020-12-14,0.003360751707655929,0.048208843214473274,0.05039588870568073,0.18086002564288337,0.21113221335773477,0.008266137439438109,0.005767310595554608,0.00817926360872994,0.7157002575451796
JPM,5,0.01,2021-08-03,2021-08-10,134.9110870361328,140.53204345703125,hold_days,0.041664154847355084,0.04066415484735508,1,2021-08-02,0.0061530419458142305,0.03451111290154085,0.043078709159627665,0.06309644185799727,0.1709774611304561,0.005036708087572093,0.005395817327492988,0.008002521273518177,0.6807196868084118
JPM,5,0.01,2021-08-20,2021-08-25,136.52590942382812,141.996826171875,resistance,0.04007236993428909,0.039072369934289086,1,2021-08-19,0.01610219751844788,0.022970172415841206,0.006227186815879812,0.05896277954020227,0.16246184142214218,0.006408520414691735,0.005882550137860805,0.006017123408507371,0.9542541569051071
JPM,5,0.01,2021-12-03,2021-12-10,140.51780700683594,141.87599182128906,hold_days,0.009665570815427404,0.008665570815427404,2,2021-12-01,0.03306334075582362,-0.02439776994039622,0.011726693591994986,0.03693142750857584,0.07297310179426658,0.015282937088961024,0.012600540423917532,0.008883038437082161,1.8700339872551799
JPM,5,0.01,2022-01-25,2022-02-01,130.85784912109375,134.98373413085938,hold_days,0.0315295187677096,0.030529518767709596,1,2022-01-24,0.033042857439359974,-0.002513338671650378,0.0031643364772643867,0.025560371894787715,0.051109738589091916,0.0071290900079659355,0.007673794991155065,0.007134566502775501,0.8735100612593376
JPM,5,0.01,2022-05-02,2022-05-09,108.36457061767578,109.63310241699219,hold_days,0.01170614890167343,0.010706148901673429,3,2022-04-29,-0.023712020784298016,0.034418169685971445,0.0063144822448052826,0.0063144822448052826,0.0063144822448052826,0.022340422277236566,0.0180570156029985,0.013250240458694863,1.90105933914949
JPM,5,0.01,2022-12-19,2022-12-27,119.10150909423828,120.63997650146484,hold_days,0.01291727887351346,0.01191727887351346,3,2022-12-16,0.015177049023183287,-0.0032597701496698273,-0.008336912996170731,0.13585367663071587,0.13585367663071587,0.013166016314232995,0.011999377968199613,0.011762519772790483,0.8698236953781636
JPM,5,0.01,2023-03-13,2023-03-20,121.0790786743164,117.28755950927734,hold_days,-0.03131440383055484,-0.03231440383055484,4,2023-03-09,0.015311198089296596,-0.047625601919851435,-0.004537419184619861,-0.004537419184619861,0.12685108064659895,0.0076469080699527415,0.01043905830558569,0.00938555623973302,0.7584560278568355
JPM,5,0.01,2024-01-18,2024-01-25,158.85728454589844,164.09495544433594,hold_days,0.0329709204926274,0.0319709204926274,1,2024-01-17,0.014678702661547804,0.017292217831079593,0.006535636044188186,0.1534226877338662,0.1534226877338662,0.004243979985969128,0.004201139608822554,0.005490963467474592,0.6290531770967474
JPM,5,0.01,2024-05-06,2024-05-13,183.2427978515625,189.66586303710938,hold_days,0.03505221084186849,0.03405221084186849,3,2024-05-03,0.011265661618187428,0.022786549223681063,0.03474327373263757,0.0523628674886314,0.17220869018528945,0.010186199583030013,0.007579194615188338,0.007314277250479763,1.6321108335144925
JPM,5,0.01,2024-07-08,2024-07-15,196.8971405029297,201.58038330078125,hold_days,0.023785225046383474,0.022785225046383473,3,2024-07-05,0.01679162928658573,0.005993595759797743,0.02181574425439491,0.06294926291453073,0.11156241528897784,0.001711474913072623,0.0038724219486037203,0.0035722848212117716,0.31045219369753924
JPM,5,0.01,2026-02-27,2026-03-06,297.4310607910156,286.7144470214844,hold_days,-0.0360305804680604,-0.0370305804680604,3,2026-02-24,-0.02514862666956208,-0.011881953798498324,0.022032189201119205,0.0833279960792288,0.15332418850046214,0.007053543910195768,0.005285514231707906,0.007024420296633125,1.1035675998905674
JPM,5,0.01,2026-03-16,2026-03-23,283.4261474609375,287.14031982421875,hold_days,0.013104550855856267,0.012104550855856266,4,2026-03-12,-0.012130744428230922,0.024235295284087188,0.006141685993000073,0.03894282244638246,0.11346431439831436,0.005310688351577386,0.005680227447318019,0.005421267652347689,0.8152683986794284
JPM,5,0.01,2026-05-05,2026-05-12,308.0124206542969,303.5126953125,hold_days,-0.01460890873244114,-0.01560890873244114,1,2026-05-04,-0.004257469487703669,-0.011351439244737471,0.031248093429620878,0.05254834205596602,0.11085275164841396,0.011470842839858714,0.007553410696321994,0.007924721471263255,1.5706957523515546
LMT,5,0.01,2015-10-15,2015-10-22,156.14749145507812,161.6191864013672,hold_days,0.03504183701768415,0.03404183701768415,1,2015-10-14,0.017790893772567706,0.016250943245116445,0.08146622959031433,0.09731032449310112,,0.003631695318150914,0.009085090919353432,0.010762403468132942,0.26294495057445955
LMT,5,0.01,2015-12-04,2015-12-11,164.2226104736328,163.32772827148438,hold_days,-0.005449202150468291,-0.006449202150468291,1,2015-12-03,-0.03847552699704282,0.03202632484657453,0.03915885274158813,0.1380639443771099,0.15473722796820422,0.01077844535433269,0.0073526054340281545,0.008864738479477927,1.163453857245452
LMT,5,0.01,2016-03-28,2016-04-04,165.97103881835938,169.8123321533203,hold_days,0.023144359174403162,0.02214435917440316,4,2016-03-24,0.012169132537775962,0.009975226636627199,0.06426070880798529,0.1279926266854792,0.1279926266854792,0.00470824946877275,0.0051253289133807904,0.008111780427069138,0.3858972196293399
LMT,5,0.01,2016-06-20,2016-06-27,182.0494384765625,182.54530334472656,hold_days,0.002723792351756682,0.001723792351756682,3,2016-06-17,-0.04218862939236245,0.043912421744119134,0.020715639503339104,0.04141944919342791,0.17471345997703971,0.003192958100555042,0.004498605582690286,0.0056196888875197646,0.49238510642933797
LMT,5,0.01,2016-11-07,2016-11-14,183.77120971679688,205.2535858154297,hold_days,0.11689739721329873,0.11589739721329873,3,2016-11-04,0.019342978250250775,0.09655441896304795,0.02227399430324188,0.02227399430324188,0.11377699415879655,0.0011729616897346229,0.0019454994937201002,0.004036358025523486,0.19189400158849673
LMT,5,0.01,2017-02-02,2017-02-09,194.85906982421875,199.677001953125,hold_days,0.024725213628765008,0.023725213628765007,1,2017-02-01,0.01415760896000795,0.009567604668757057,0.012224223478427644,0.12136185211331492,0.12136185211331492,0.003817076363266564,0.004505737502573195,0.003950339088777311,0.714636179982091
LMT,5,0.01,2017-04-06,2017-04-13,207.99049377441406,208.68356323242188,hold_days,0.0033322169942993085,0.0023322169942993085,1,2017-04-05,-0.012810321885763254,0.015142538880062562,0.008622232423882577,0.05919553444919942,0.1733975918680627,0.002436405427805649,0.0036336306715556593,0.004165533391458316,0.5748812709222969
LMT,5,0.01,2017-05-02,2017-05-09,209.84376525878906,213.2543487548828,hold_days,0.016252965590317414,0.015252965590317413,1,2017-05-01,0.004084886133615795,0.011168079456701618,0.0285138290905354,0.05587639740978752,0.165436514620923,0.0007702690846155849,0.0054727104394731345,0.005164750805575076,0.16923347348474596
LMT,5,0.01,2017-06-30,2017-07-05,217.5625457763672,221.31646728515625,resistance,0.017254447429787545,0.016254447429787544,1,2017-06-29,0.005925609397180676,0.010328838032606869,0.004831178966076363,0.056429990940307755,0.10463161513425559,0.007891923387310082,0.005877289349576858,0.004228483399030016,1.61154133712062
LMT,5,0.01,2017-12-06,2017-12-13,247.48614501953125,252.10321044921875,hold_days,0.01865585416639437,0.01765585416639437,1,2017-12-05,0.016238919728007062,0.0014169344383873073,0.034535462222521095,0.09565855877472791,0.1469158882776466,0.00585878296053255,0.004641793303969101,0.004627305894409569,1.667513012511538
LMT,5,0.01,2018-04-09,2018-04-16,267.9742431640625,275.7841796875,hold_days,0.029144355185867665,0.028144355185867664,3,2018-04-06,0.027322585889070217,0.0008217692967974477,0.015522450329051014,0.025259901876202515,0.07691135661836813,0.01771267054674372,0.01840459946030833,0.015025698193430512,1.2462857085731496
LMT,5,0.01,2018-06-01,2018-06-08,254.17691040039062,258.7365417480469,hold_days,0.017938810179389364,0.016938810179389363,1,2018-05-31,0.020092093899147567,-0.003153283719758204,0.0384741135539903,0.05658637763251641,0.06671757527786956,0.011755963428310758,0.008449483540969261,0.0074280317312384,1.0730629521142705
LMT,5,0.01,2018-06-28,2018-07-06,237.0059356689453,240.17678833007812,hold_days,0.01337879008043874,0.01237879008043874,1,2018-06-27,0.014325157789948806,-0.0019463677095100662,0.008489669312667704,0.03168241769479139,0.05233054269903007,0.006466679700931839,0.004690325661103563,0.005698723166359511,0.8288121871144154
LMT,5,0.01,2019-03-11,2019-03-18,249.47335815429688,243.9332275390625,hold_days,-0.022207303642450937,-0.023207303642450938,3,2019-03-08,0.01611492610762144,-0.03932222975007238,0.03879022572342154,0.2001538164276493,0.2001538164276493,0.0026875339524139934,0.004025709236544031,0.0054498165675284545,0.213815969861564
LMT,5,0.01,2019-03-28,2019-04-04,242.2612762451172,245.5969696044922,hold_days,0.013768991111893447,0.012768991111893446,1,2019-03-27,0.02387913831618782,-0.011110147204294374,0.024066516889939875,0.15845816448148778,0.2130112980534011,0.01174078327160745,0.008745411961620804,0.00727976365022321,1.3341202822958702
LMT,5,0.01,2019-04-29,2019-05-06,269.2985534667969,275.1419372558594,hold_days,0.021698533890502247,0.020698533890502246,3,2019-04-26,-0.009616294656000002,0.030314828546502248,0.03890403277424205,0.09970077562634048,0.2693595257237821,0.006503263453196054,0.004288455717638252,0.005158853581877585,1.102575557496536
LMT,5,0.01,2019-05-17,2019-05-24,277.0023498535156,277.64984130859375,hold_days,0.0023374944487675187,0.0013374944487675186,2,2019-05-15,-0.009414283905640808,0.010751778354408326,0.018785608759141995,0.03776275951720201,0.22864796721362132,0.016684881606451322,0.011724581472809657,0.009026287912470706,2.3373902766647676
LMT,5,0.01,2019-07-19,2019-07-26,294.44354248046875,304.7543640136719,hold_days,0.035017991722087416,0.034017991722087415,1,2019-07-18,0.01332054302479535,0.020697448697292065,0.025763901941460807,0.09256166982187822,0.14684244969055948,0.0051874643682812615,0.00433733239078195,0.0051389672072251315,0.6770297087949158
LMT,5,0.01,2019-08-26,2019-09-03,313.7125549316406,319.1435241699219,hold_days,0.017311928237824903,0.016311928237824902,3,2019-08-23,0.009803812128744704,0.0065081161090801976,0.014120692760610717,0.051254954270419,0.051254954270419,0.01544642480558456,0.017164143289343823,0.014846601474315841,1.5509349815528648
LMT,5,0.01,2019-12-19,2019-12-23,319.8128356933594,327.116455078125,resistance,0.022837167773242406,0.021837167773242405,1,2019-12-18,0.00761299287615369,0.014224174897088715,0.04106666385554343,0.12157842542134276,0.15023023738124042,0.003451425856888388,0.005049256044072123,0.0054504654995255865,0.5268588255573295
LMT,5,0.01,2021-01-11,2021-01-19,289.09765625,292.3680725097656,hold_days,0.011312496622032375,0.010312496622032374,3,2021-01-08,0.003756949564864387,0.0065555470571679875,0.042701614412046354,0.219068287037148,0.219068287037148,0.005307330475941344,0.008098435714123192,0.007120733196146749,0.48129431529847416
LMT,5,0.01,2021-03-24,2021-03-31,307.222412109375,318.7652893066406,hold_days,0.03757172895692329,0.03657172895692329,1,2021-03-23,0.022900143482192936,0.013671585474730352,0.04645662612282287,0.1137977479819757,0.3110775772796739,0.006411937315600767,0.006358433717397931,0.010383711939759151,0.7060294970134923
LMT,5,0.01,2021-12-21,2021-12-29,300.5736999511719,312.4812927246094,hold_days,0.03961621650654035,0.038616216506540346,1,2021-12-20,0.027695513898846835,0.010920702607693511,0.0369142126810335,0.06274643297380562,0.0791616124760473,0.010573107643136409,0.0076197262792377365,0.011042467414900645,1.297825768132222
LMT,5,0.01,2022-01-07,2022-01-14,317.6589050292969,328.666748046875,hold_days,0.03465302827434624,0.03365302827434624,1,2022-01-06,0.0007032309350041288,0.03294979733934211,0.05099458109193683,0.0822873342787775,0.10050669834309192,0.008977585187509893,0.0067019635540722195,0.008027148214892126,1.152019685352162
LMT,5,0.01,2022-07-19,2022-07-26,348.8706359863281,354.61688232421875,hold_days,0.01647099453252876,0.015470994532528759,1,2022-07-18,0.0007977504444802719,0.014673244088048487,0.04873800432595598,0.04873800432595598,0.04873800432595598,0.01383125083441844,0.011134037265279954,0.012653150498495136,0.84985487265603
LMT,5,0.01,2022-08-24,2022-08-31,387.5932922363281,377.9286193847656,hold_days,-0.024935088003715133,-0.025935088003715134,2,2022-08-22,-0.040298756983903616,0.014363668980188482,0.03997694601819685,0.11287723707923861,0.11287723707923861,0.010621651609065131,0.010001581530857133,0.009793464602128661,0.8129963337299798
LMT,5,0.01,2023-01-20,2023-01-27,401.2589111328125,416.03179931640625,hold_days,0.036816349179355834,0.03581634917935583,1,2023-01-19,0.016461374765903036,0.019354974413452797,0.03818160751901069,0.07586738430155092,0.18289061951048874,0.009715238529746461,0.011757868927354413,0.010718892538117008,0.7799154500099239
LMT,5,0.01,2023-08-02,2023-08-09,411.3495178222656,415.2469482421875,hold_days,0.009474741676021248,0.008474741676021247,2,2023-07-31,-0.00034693684546915904,0.008821678521490406,0.04254886208866911,0.09062919315237279,0.12166757163493135,0.004819138416468577,0.0037916899153763433,0.005398654203734875,0.7612947882995185
LMT,5,0.01,2023-10-27,2023-11-03,409.3226623535156,418.5082092285156,hold_days,0.022440846109485157,0.021440846109485157,3,2023-10-24,0.05629477674875161,-0.03485393063926645,-0.01224500289371832,-0.01224500289371832,-0.000353136712746851,0.006468633515046363,0.007247418263124524,0.007094208590652277,0.9797598165978023
LMT,5,0.01,2024-04-10,2024-04-17,423.0575866699219,427.1223449707031,hold_days,0.009608049657676254,0.008608049657676253,1,2024-04-09,-0.022301065225141525,0.03090911488281778,0.012059060519607622,0.06958964803704093,0.22567837882000552,0.008545990273364733,0.007644828467484139,0.006294901785424722,1.3937239229286005
LMT,5,0.01,2025-11-13,2025-11-20,444.3677978515625,456.4652099609375,hold_days,0.027223872134443106,0.026223872134443105,3,2025-11-10,-0.02237286306171249,0.048596735196155594,0.03764535270591759,0.06519837716913585,0.15926415100777294,0.004718761971656954,0.0057285495304213304,0.005315263025226351,0.826007587991855
LMT,5,0.01,2025-12-19,2025-12-29,465.6964111328125,480.1741638183594,hold_days,0.031088392221725547,0.030088392221725546,1,2025-12-18,0.01143882773347027,0.018649564488255277,0.044798134346256506,0.07336976715808619,0.11936260880326566,0.005277038910489322,0.006371562910416139,0.006774968571971608,0.8267162886011461
LMT,5,0.01,2026-05-11,2026-05-18,505.7899475097656,521.6473999023438,hold_days,0.03135185361166548,0.03035185361166548,3,2026-05-08,0.01429954888203655,0.01605230472962893,0.008889853829629318,0.04473248972390592,0.10260395135807539,0.005601656562263238,0.007861304276629469,0.006102878322951481,0.7751892953135191
LMT,5,0.01,2026-08-06,2026-08-13,579.26708984375,594.3339233398438,hold_days,0.026010166571275084,0.025010166571275083,1,2026-08-05,0.008152736339654076,0.016857430231621007,0.048888886453324704,0.09127702552473417,0.14009256385495397,0.005060437284721009,0.0074271922697718325,0.007130497095495703,0.8019636699325389
MCD,5,0.01,2016-02-08,2016-02-16,89.22239685058594,91.6288070678711,hold_days,0.02697092100445353,0.02597092100445353,3,2016-02-05,0.017756935141112873,0.008213985863340656,-0.0008108087999964054,-0.0008108087999964054,0.02400711437229265,0.01485066707419742,0.015571605929981124,0.015182787107557166,1.1889083196683912
MCD,5,0.01,2016-09-15,2016-09-22,91.33370208740234,92.2931137084961,hold_days,0.01050446438901198,0.00950446438901198,2,2016-09-13,0.016273055249512725,-0.006768590860500745,0.009307511182820334,0.10153765238173236,0.10153765238173236,0.01601061034775927,0.010545353696288746,0.0074061987604449216,1.812502463859505
MCD,5,0.01,2016-10-06,2016-10-13,89.58785247802734,90.75959014892578,hold_days,0.01307920257588302,0.012079202575883019,1,2016-10-05,-0.014463254463152442,0.02654245703903546,0.024608584227131334,0.024608584227131334,0.11823693173258104,0.007034856137979503,0.007539716978139523,0.009652961036725794,1.1468743508077128
MCD,5,0.01,2016-12-05,2016-12-09,94.54036712646484,96.10165405273438,resistance,0.016514500352860173,0.015514500352860172,3,2016-12-02,0.0286781182429805,-0.013163617890120327,0.0672854140552701,0.0672854140552701,0.16281735327348099,0.0006983867218198573,0.0037592839164093898,0.006491378138111226,0.1081403081846267
MCD,5,0.01,2017-01-05,2017-01-12,94.86531829833984,96.76739501953125,hold_days,0.020050285555460956,0.019050285555460955,1,2017-01-04,0.0031473847469558613,0.015902900808505094,0.03498460090127276,0.1080610265520486,0.1080610265520486,0.005547482097063317,0.004762258591358162,0.00538962370059832,0.992607260880391
MCD,5,0.01,2017-03-14,2017-03-21,102.03028106689453,102.60508728027344,hold_days,0.005633682543734642,0.004633682543734642,1,2017-03-13,-0.006775032673504322,0.011408715217238963,0.024838309645522198,0.07716034220835746,0.17776308004712096,0.0026733007133220112,0.005834903969748397,0.004288782379784885,0.651152503923816
MCD,5,0.01,2017-11-13,2017-11-20,135.2566375732422,134.90110778808594,hold_days,-0.0026285570271087355,-0.0036285570271087355,3,2017-11-10,0.002399086731012634,-0.0060276437581213696,0.025204128495045722,0.10599049810340615,0.12519262023594727,0.0033303945239029783,0.0026552623797881955,0.003842342545817338,0.9465493125336194
MCD,5,0.01,2018-04-10,2018-04-17,133.1605987548828,132.98062133789062,hold_days,-0.0013515816140440284,-0.0023515816140440285,1,2018-04-09,0.01963237306882526,-0.02198395468286929,0.0333242091993041,0.043232354919092546,0.09301412048739155,0.016349253564513968,0.01574979292593896,0.015147997432372932,1.1512008633419109
MCD,5,0.01,2018-09-19,2018-09-26,131.8689422607422,137.3200225830078,hold_days,0.04133710507427368,0.04033710507427368,1,2018-09-18,0.004463866203429312,0.03587323887084437,0.02671160885881394,0.103725176770171,0.1407677302012621,0.004558082856031138,0.003384092437618981,0.0037702011993098797,0.9292831874239211
MCD,5,0.01,2018-10-12,2018-10-19,135.71290588378906,138.7532501220703,hold_days,0.022402764265358144,0.021402764265358143,1,2018-10-11,-0.00044648327070184735,0.02184924753605999,0.01409787650716814,0.01409787650716814,0.07624237315670387,0.015196821409296318,0.012196767205177905,0.009463970762900164,2.2678563402985508
MCD,5,0.01,2019-02-13,2019-02-21,145.1602325439453,152.378662109375,hold_days,0.04972732158750448,0.04872732158750448,1,2019-02-12,0.007549871964517507,0.04117744962298697,0.05564536679110218,0.17506754798803656,0.17506754798803656,0.009931002864752611,0.006785908437890304,0.008162331021102039,0.6768989629857126
MCD,5,0.01,2019-03-11,2019-03-18,151.8975830078125,154.3050537109375,resistance,0.015849302243349017,0.014849302243349016,3,2019-03-08,0.01611492610762144,-0.001265623864272425,0.03879022572342154,0.2001538164276493,0.2001538164276493,0.0026875339524139934,0.004025709236544031,0.0054498165675284545,0.213815969861564
MCD,5,0.01,2019-08-26,2019-09-03,183.01890563964844,184.1732635498047,hold_days,0.00630731511655469,0.00530731511655469,3,2019-08-23,0.009803812128744704,-0.004496497012190014,0.014120692760610717,0.051254954270419,0.051254954270419,0.01544642480558456,0.017164143289343823,0.014846601474315841,1.5509349815528648
MCD,5,0.01,2020-03-11,2020-03-18,161.70567321777344,117.93988800048828,hold_days,-0.2706508952122204,-0.2716508952122204,2,2020-03-09,-0.134941037051173,-0.13670985816104742,-0.0037913047193488284,-0.0037913047193488284,-0.0037913047193488284,0.05510302408119422,0.045622686339166614,0.031896151115258176,2.884404432016669
MCD,5,0.01,2020-05-14,2020-05-21,150.67620849609375,158.98265075683594,hold_days,0.05512776266173125,0.05412776266173125,1,2020-05-13,0.04186602864654021,0.01226173401519104,0.030329287564116868,0.28005862496708034,0.28005862496708034,0.019681916171138264,0.01695206774017737,0.0206372679538439,0.47214494472170626
MCD,5,0.01,2020-09-08,2020-09-15,185.76773071289062,193.41307067871094,hold_days,0.04115537147641857,0.040155371476418567,4,2020-09-04,0.014510236444842617,0.02564513503157595,-0.008830602945970871,0.09525653617412143,0.5022717365227207,0.018563944459009194,0.012161414019053752,0.00929304423190643,1.7835115894777565
MCD,5,0.01,2020-11-23,2020-12-01,188.74237060546875,189.11170959472656,hold_days,0.0019568419537860926,0.0009568419537860926,3,2020-11-20,0.015033206468905824,-0.014076364515119733,0.1398380185742553,0.1398380185742553,0.20490457172946597,0.006336958570691589,0.01102429864359701,0.015190260706848273,0.4825936891486122
MCD,5,0.01,2021-05-13,2021-05-20,202.2742462158203,204.39585876464844,hold_days,0.0104887922635708,0.0094887922635708,1,2021-05-12,0.002488579631533705,0.007000212632037095,0.0205079784396038,0.11499125330360192,0.24260532462684392,0.011149792561256798,0.009852259261947768,0.008363026048686231,1.3404338395491713
MCD,5,0.01,2021-08-11,2021-08-18,208.50787353515625,210.7473602294922,hold_days,0.010740537785774995,0.009740537785774994,1,2021-08-10,-0.016059445081382462,0.025799982867157456,0.054526685837007004,0.07458194550309787,0.1838291496435488,0.004095473228078758,0.006717979021484254,0.008179165061369143,0.6060882828635236
MCD,5,0.01,2021-09-21,2021-09-23,214.05665588378906,217.86605834960938,resistance,0.017796234600097716,0.016796234600097715,1,2021-09-20,0.024794765761917192,-0.007998531161819478,-0.0010029627916279243,0.01711257257489022,0.06670911441001656,0.011840598682913353,0.008108511643889385,0.006853012513616394,1.6893864146170248
MCD,5,0.01,2021-11-12,2021-11-19,223.1084747314453,224.2477569580078,hold_days,0.005106404980509405,0.004106404980509405,1,2021-11-11,-0.00896812063667285,0.013074525617182253,0.030124333438526073,0.07109720433474788,0.10832641307779918,0.0032281565612201765,0.0031081476061304352,0.00381668470793853,0.46425173368133366
MCD,5,0.01,2022-02-28,2022-03-07,220.28363037109375,201.8883819580078,hold_days,-0.08350710573498799,-0.08450710573498799,4,2022-02-24,-0.024160051643186353,-0.06034705409180163,0.029390433564083142,0.031916332086971276,0.05762404222169573,0.017782741794899387,0.01310008072665212,0.011897484096978035,1.8518809446456785
MCD,5,0.01,2022-08-11,2022-08-18,234.63526916503906,241.24139404296875,hold_days,0.028154867345552503,0.027154867345552502,3,2022-08-08,0.020138127127325545,0.007016740218226958,0.11309379971690028,0.12138263852629914,0.12138263852629914,0.009574034351092744,0.009809129560118536,0.011155267987228074,0.6599863832996088
MCD,5,0.01,2023-03-10,2023-03-17,241.1489715576172,245.90701293945312,hold_days,0.019730713969473124,0.018730713969473123,1,2023-03-09,-0.0014287554090809396,0.020159469378554062,-0.012177506415703155,-0.003403866889051551,0.13198738191002513,0.010133680927515713,0.0099233676571804,0.009381168943168133,1.011030938998394
MCD,5,0.01,2023-06-27,2023-07-05,269.5094909667969,274.69061279296875,hold_days,0.019224264821197545,0.018224264821197544,1,2023-06-26,0.014469583308847733,0.003754681512349811,0.04103719636615422,0.048682493345751116,0.07567720010381672,0.0038565768708059326,0.0067949328324539565,0.0074951709121762414,0.5056896284415481
MCD,5,0.01,2023-08-24,2023-08-31,261.22900390625,261.5172424316406,hold_days,0.0011033940377236373,0.00010339403772363729,3,2023-08-21,0.02686791267804134,-0.026764518640317703,-0.004682438824637597,0.05585334872529052,0.09098635268896775,0.005018597119790988,0.0055724459508114926,0.005700464663189048,0.7988871963761737
MCD,5,0.01,2024-01-08,2024-01-16,273.1435241699219,272.3855285644531,hold_days,-0.0027750817368717984,-0.0037750817368717984,3,2024-01-05,-0.010001365844686805,0.006226284107815006,0.04515138506414193,0.16428047978089313,0.16428047978089313,0.0036421490480527917,0.0029778343598221555,0.006042763545698594,0.5170369544619702
MCD,5,0.01,2024-03-04,2024-03-11,273.79412841796875,277.4454650878906,hold_days,0.013336066375929878,0.012336066375929877,3,2024-03-01,0.004129383868784142,0.008206682507145735,0.021990884499536494,0.08687140650770328,0.20418932060992517,0.001698812292281581,0.004104316908736049,0.005418100300374557,0.2832598224225841
MCD,5,0.01,2024-05-08,2024-05-15,252.66714477539062,257.7301025390625,hold_days,0.0200380534959248,0.0190380534959248,1,2024-05-07,0.017447066671627542,0.001590986824297258,0.03837336993973186,0.0560547769223374,0.15591037572048613,0.0034270609777060893,0.0071852785555950845,0.006973700535916313,0.5475043115067826
MCD,5,0.01,2024-09-19,2024-09-26,279.9476318359375,289.2839660644531,hold_days,0.033350288292444574,0.03235028829244457,1,2024-09-18,0.003397530925391079,0.028952757367053494,0.0387917315739029,0.082333017202294,0.12428939078083671,0.0036509340358419845,0.00669797677372941,0.007001611146605505,0.47152809408824925
MCD,5,0.01,2025-01-17,2025-01-27,269.2680358886719,280.9032287597656,hold_days,0.04321044951619979,0.04221044951619979,1,2025-01-16,0.02317053245308598,0.01903991706311381,0.03670467377271327,0.043304012740151734,0.11950508079224031,0.004219257866530154,0.006651988599544982,0.008782046879184066,0.6314184093606189
MCD,5,0.01,2025-06-26,2025-07-03,276.89556884765625,285.0871887207031,hold_days,0.029583788238784603,0.028583788238784602,1,2025-06-25,0.03284920959954829,-0.004265421360763688,0.0360891672910864,0.19622490284831356,0.19622490284831356,0.004543862447229386,0.006116587693938542,0.005345463748142038,0.26488609196513035
MCD,5,0.01,2025-12-19,2025-12-29,309.7677917480469,302.5983581542969,hold_days,-0.02314454176559888,-0.02414454176559888,3,2025-12-16,0.01143882773347027,-0.03558336949906915,0.044798134346256506,0.07336976715808619,0.11936260880326566,0.005277038910489322,0.006371562910416139,0.006774968571971608,0.8267162886011461
MCD,5,0.01,2026-07-24,2026-07-31,262.89141845703125,268.72991943359375,hold_days,0.022208792553328527,0.021208792553328526,1,2026-07-23,0.014810865004361462,0.006397927548967064,0.0236579371842064,0.065011476564408,0.10459225947319367,0.0029048778945347446,0.006531023447792458,0.006210553741431777,0.46637543101117096
MRK,5,0.01,2015-07-01,2015-07-09,38.86061477661133,38.712188720703125,hold_days,-0.0038194469326185976,-0.004819446932618598,1,2015-06-30,-0.009996735195640594,0.005177288263021996,0.008246291596913709,,,0.010479305117419853,0.009122485214137808,0.0076683601108427785,
MRK,5,0.01,2016-01-21,2016-01-28,34.94906234741211,33.76853561401367,hold_days,-0.03377849516142606,-0.03477849516142606,1,2016-01-20,0.013497036842495147,-0.04827553200392121,0.00688848835403434,0.00688848835403434,0.031897647147096954,0.017482095916269143,0.014955140705499685,0.012842044911504799,1.590222084016583
MRK,5,0.01,2016-11-04,2016-11-11,41.357940673828125,44.96498107910156,hold_days,0.08721518398898476,0.08621518398898476,1,2016-11-03,0.04179268240443346,0.0444225015845513,-0.002997432486195946,-0.0017137514900951417,0.08950927086619373,0.0011517357522401878,0.0036069115826581006,0.004188570377766107,0.18869317977479289
MRK,5,0.01,2017-02-13,2017-02-21,45.8910026550293,46.394065856933594,hold_days,0.010962131415735543,0.009962131415735542,3,2017-02-10,0.01934826013672608,-0.009386128720990539,0.03736963895276349,0.09621114258734284,0.14921843666684687,0.0028004586575153733,0.0034072697006122653,0.004172408566279164,0.6447065639724101
MRK,5,0.01,2017-10-31,2017-11-07,39.88972091674805,40.25174331665039,hold_days,0.009075581166835045,0.008075581166835044,1,2017-10-30,0.009238884575039297,-0.0011633034082042526,0.03030308383498092,0.09656062028605783,0.1398706039642477,0.006240938205092556,0.005028464481338734,0.0037950483038615406,1.345220211078838
MRK,5,0.01,2017-11-21,2017-11-29,39.295955657958984,40.08521270751953,hold_days,0.020084943509973918,0.019084943509973917,1,2017-11-20,0.012122196314281908,0.0069627471956920095,0.022454941354455728,0.10568102883974242,0.12661697054322052,0.006521938393229233,0.004547908035552707,0.004124210719465827,1.852839125412416
MRK,5,0.01,2018-02-09,2018-02-16,40.068359375,41.10529708862305,hold_days,0.025879215665366884,0.024879215665366883,1,2018-02-08,0.05088832873974458,-0.0260091130743777,0.016768136418807745,0.046143784218618006,0.14923197789603318,0.029105517425659345,0.019708419536065336,0.016016887582004605,2.951627223703958
MRK,5,0.01,2018-03-02,2018-03-09,39.695945739746094,40.26552963256836,hold_days,0.014348666651162967,0.013348666651162966,1,2018-03-01,0.03779331061488844,-0.024444643963725476,0.04784342705503392,0.04784342705503392,0.15964560983016338,0.013955370416193968,0.011782914625414552,0.018479927518317896,1.2406902924841687
MRK,5,0.01,2018-04-20,2018-04-27,43.3358039855957,43.8072395324707,hold_days,0.010878661603502149,0.009878661603502148,1,2018-04-19,-0.0073158004412676725,0.01719446204476982,0.04017970339780578,0.05015358379688966,0.08293952579325109,0.006717674383292436,0.00813578879884218,0.014278585471089731,0.46562171402935004
MRK,5,0.01,2018-10-26,2018-11-02,52.615928649902344,54.01353454589844,hold_days,0.026562410506816958,0.025562410506816957,1,2018-10-25,0.024792653693171074,0.0007697568136458832,0.0020718498882542156,0.0020718498882542156,0.01564932677204015,0.01927968455756035,0.015428406072726627,0.013947363111515877,2.1859054765474712
MRK,5,0.01,2019-04-22,2019-04-29,55.6629753112793,58.178646087646484,hold_days,0.04519468753330225,0.044194687533302246,4,2019-04-18,0.009689086931328639,0.03450560060197361,0.04551206938953776,0.11443903852287142,0.25717861285561683,0.0023149212049994603,0.004846599179695499,0.005096637762471201,0.3714857476990893
MRK,5,0.01,2020-01-27,2020-02-03,66.56624603271484,67.52489471435547,hold_days,0.014401423225360865,0.013401423225360864,3,2020-01-24,-0.0019365509575935969,0.015337974182954461,0.0012303237701064825,0.07395391822717552,0.1573715452359376,0.004108410061968461,0.0050921047267068285,0.005368348191799478,0.8228298808162416
MRK,5,0.01,2020-09-10,2020-09-17,65.66178131103516,67.77761840820312,hold_days,0.03222326679115506,0.031223266791155058,2,2020-09-08,0.010648588836122075,0.020574677955032983,0.0010875157090313233,0.09644764486263002,0.503905480635423,0.019614949389206823,0.01552520297457764,0.011174666631492386,1.8281678002532218
MRK,5,0.01,2021-01-15,2021-01-25,66.5101089477539,64.7313003540039,hold_days,-0.0267449357983659,-0.0277449357983659,1,2021-01-14,0.006523399687940357,-0.034268335486306256,0.0382243418389841,0.21541052700846428,0.21541052700846428,0.0023904265869286482,0.007930177845532198,0.006353502097107873,0.22123017950683307
MRK,5,0.01,2021-08-11,2021-08-18,63.97035598754883,66.16478729248047,hold_days,0.03430387827384873,0.03330387827384873,1,2021-08-10,-0.016059445081382462,0.04936332335523119,0.054526685837007004,0.07458194550309787,0.1838291496435488,0.004095473228078758,0.006717979021484254,0.008179165061369143,0.6060882828635236
MRK,5,0.01,2021-09-20,2021-09-27,61.72882080078125,62.95602798461914,hold_days,0.019880619262086396,0.018880619262086396,3,2021-09-17,0.02641460789982064,-0.007533988637734246,-0.018251587834545443,0.01813372281577606,0.06778005807791102,0.008664970578809014,0.006356568906201251,0.005988410623576974,1.309602226763951
MRK,5,0.01,2021-12-09,2021-12-16,62.52693176269531,65.76241302490234,hold_days,0.05174540267682515,0.050745402676825146,2,2021-12-07,0.005196676913902909,0.04554872576292224,0.03871213942078117,0.06458915072812656,0.08285682640589782,0.009095711778895767,0.01446444570625889,0.010124189897409269,1.0874325514265417
MRK,5,0.01,2022-06-14,2022-06-22,74.45970153808594,78.56599426269531,hold_days,0.0551478536683232,0.0541478536683232,1,2022-06-13,-0.0023791410368853017,0.0565269947052085,-0.004138395173701463,-0.004138395173701463,-0.004138395173701463,0.009053573476487485,0.016710750023696066,0.018288520756516744,0.6042055572266791
MRK,5,0.01,2022-08-05,2022-08-12,77.02394104003906,80.20500183105469,hold_days,0.041299636815026464,0.04029963681502646,1,2022-08-04,0.03680470028089511,0.0034949365341313543,0.09010185042884342,0.09821947584938767,0.09821947584938767,0.009472351714415987,0.010656524535357126,0.011672422455319202,0.6502800240033009
MRK,5,0.01,2023-01-19,2023-01-26,98.26920318603516,95.55986022949219,hold_days,-0.02757062099520502,-0.02857062099520502,1,2023-01-18,0.031589341888704325,-0.060159962883909346,0.024433928969912908,0.07009939942027563,0.1636070446857252,0.010754915121438302,0.01191264164830258,0.010533663438760818,0.8585947113896664
MRK,5,0.01,2023-04-27,2023-05-04,103.68841552734375,105.67828369140625,hold_days,0.019190843585971784,0.018190843585971783,1,2023-04-26,-0.02607365002705364,0.044264493613025424,0.018801346635030712,0.05320237431932548,0.07942509115448874,0.00874526786748955,0.006345582014509973,0.006836705155544208,0.9645659343578559
MRK,5,0.01,2023-07-18,2023-07-25,96.0332260131836,97.46533966064453,hold_days,0.014912689148486313,0.013912689148486312,1,2023-07-17,0.01953253339819594,-0.005619844249709627,0.03284438224683837,0.07594971648479795,0.10364632367260843,0.004983454526128577,0.006774981406518499,0.006242090442855509,0.6520377549225862
MRK,5,0.01,2023-11-13,2023-11-20,93.51215362548828,93.70377349853516,hold_days,0.0020491440483159096,0.0010491440483159096,3,2023-11-10,0.030513582194315436,-0.029464438145999527,0.0578116070423297,0.0578116070423297,0.0578116070423297,0.00738566309969223,0.00801485569016895,0.009245722572868088,0.9736668689465154
MRK,5,0.01,2024-05-06,2024-05-13,118.00469207763672,119.5957260131836,hold_days,0.013482802315183395,0.012482802315183394,3,2024-05-03,0.011265661618187428,0.0012171406969959664,0.03474327373263757,0.0523628674886314,0.17220869018528945,0.010186199583030013,0.007579194615188338,0.007314277250479763,1.6321108335144925
MRK,5,0.01,2024-05-31,2024-06-07,116.12692260742188,120.87226104736328,hold_days,0.040863378908123416,0.039863378908123415,1,2024-05-30,0.00585760630157206,0.034005772606551354,0.020745396042812392,0.04033276547791683,0.11911447723915754,0.004794899679088192,0.005604707233346542,0.005628252300338166,0.7719137214356865
MRK,5,0.01,2024-09-12,2024-09-19,107.24622344970703,109.81858825683594,hold_days,0.023985598041456502,0.0229855980414565,1,2024-09-11,0.02089012805660362,0.0020954699848528824,0.026228328366021913,0.060185604167467995,0.10128343871937234,0.009868445217680549,0.008955510777069553,0.007814247702125316,1.2654110521934823
MRK,5,0.01,2024-10-10,2024-10-17,102.4836196899414,102.81147003173828,hold_days,0.0031990511536259536,0.0021990511536259536,2,2024-10-08,0.014145593288219072,-0.011946542134593119,0.024418222006540147,0.08607345161816712,0.12014276597555601,0.007441882809417827,0.005279403301000126,0.005527968458916393,0.9312121152276472
MRK,5,0.01,2025-02-18,2025-02-25,78.64888000488281,86.3353042602539,hold_days,0.09773088001881125,0.09673088001881125,4,2025-02-14,-0.0038579264413677317,0.10058880646017898,0.025528517955030045,0.06317020765118354,0.10189798216650485,0.004584665314766224,0.005223110919968594,0.00572028208725715,0.722681775722049
MRK,5,0.01,2026-01-02,2026-01-09,104.29724884033203,108.29474639892578,hold_days,0.03832792909728133,0.03732792909728133,2,2025-12-31,0.028554355207354165,0.008773573889927166,0.017412222504196485,0.08450000635756306,0.13096976783469372,0.002029094587122868,0.0033482596806307025,0.00485760645616113,0.3172954742390949
MRK,5,0.01,2026-03-23,2026-03-30,114.1800765991211,116.5687026977539,hold_days,0.02091981517072483,0.01991981517072483,3,2026-03-20,-0.014275294566936547,0.03419510973766138,0.009991009144879017,0.019340708989124086,0.09995716337039304,0.008496170530470857,0.007181536680532476,0.006220053102392156,1.2208225724985167
MRK,5,0.01,2026-05-18,2026-05-26,111.10053253173828,118.1677017211914,hold_days,0.06361057889109789,0.06261057889109789,3,2026-05-15,0.00846717944383002,0.05414339944726787,0.023316523611056805,0.059671693029364654,0.1015003227663546,0.003740865288850556,0.004283922600374546,0.006011861173939558,0.5194295556320814
MSFT,5,0.01,2015-08-12,2015-08-19,40.131103515625,40.28338623046875,hold_days,0.0037946306356728687,0.0027946306356728687,1,2015-08-11,-0.004129117750475753,0.006923748386148621,0.011713274091452326,,,0.009523519568568638,0.006221307172560817,0.006653139027229857,
MSFT,5,0.01,2015-09-29,2015-10-06,37.54367446899414,40.40439224243164,hold_days,0.07619706418986927,0.07519706418986927,1,2015-09-28,0.053662298705760225,0.021534765484109042,0.002154731667356456,0.01683686804976527,,0.010379641054864094,0.009822244692267001,0.013948599103395319,0.7687975693832384
MSFT,5,0.01,2015-11-17,2015-11-24,46.08869171142578,47.20241928100586,hold_days,0.024164877071222612,0.02316487707122261,4,2015-11-13,0.020828455710694804,0.0023364213605278072,0.03089058822078495,0.12874046084133509,0.12874046084133509,0.014066581064955596,0.009349981799940088,0.00961562466022414,1.1299092661878056
MSFT,5,0.01,2016-03-21,2016-03-29,47.19955825805664,47.944435119628906,hold_days,0.015781437137605492,0.014781437137605491,3,2016-03-18,-0.0005237965020438162,0.015305233639649307,0.08057605168974266,0.13766760024869729,0.13766760024869729,0.004230692980295984,0.007178486297178475,0.008727370688107264,0.34267807731608246
MSFT,5,0.01,2016-04-12,2016-04-19,47.89186096191406,49.416683197021484,hold_days,0.03183885955736887,0.03083885955736887,1,2016-04-11,0.026477896157912184,0.004360963399456685,0.030656168575832716,0.1462720485379383,0.1462720485379383,0.009081531350420972,0.007030408842240511,0.006133156509129335,0.8386575837180061
MSFT,5,0.01,2016-05-06,2016-05-13,44.158668518066406,44.763328552246094,hold_days,0.013692895516818071,0.01269289551681807,3,2016-05-03,-0.003005209908546802,0.015698105425364872,0.017156097113302758,0.15182791770216805,0.15182791770216805,0.007090529479586906,0.006107207312299763,0.00646639952375107,0.8541715496845382
MSFT,5,0.01,2016-09-13,2016-09-20,50.19679260253906,50.44541549682617,hold_days,0.004952963753196649,0.003952963753196649,4,2016-09-09,0.005092409991682922,-0.0011394462384862738,-0.0010337540586082823,0.09307405525955136,0.09307405525955136,0.014970059191378199,0.009524632627897591,0.006735918756920784,1.7373748226129895
MSFT,5,0.01,2016-10-14,2016-10-21,50.98706817626953,52.976131439208984,hold_days,0.039011132314236585,0.038011132314236584,1,2016-10-13,0.006832877858396147,0.031178254455840437,0.004994515784795266,0.009507003058613753,0.1017553737501914,0.006772087194753934,0.0053418230623902135,0.0067672940426439275,1.078479763576352
MSFT,5,0.01,2017-01-20,2017-01-24,56.08743667602539,56.78471374511719,resistance,0.012431965345812479,0.011431965345812478,1,2017-01-19,0.004666024221724019,0.006765941124088459,0.01824157897247934,0.11334152520321622,0.11334152520321622,0.003649508300546136,0.0037494448403358224,0.00404090210574076,0.6761985746035717
MSFT,5,0.01,2017-12-27,2018-01-04,78.33268737792969,79.61221313476562,hold_days,0.01633450606210718,0.015334506062107178,1,2017-12-26,0.015088562022754992,0.0002459440393521861,0.03257704416531408,0.09816761307913728,0.1675444859290741,0.001934884024690332,0.004066742720251195,0.003844584146749695,0.5130369253807172
MSFT,5,0.01,2019-03-08,2019-03-15,103.185302734375,108.22738647460938,hold_days,0.048864359619256836,0.047864359619256835,1,2019-03-07,0.026179181684903963,0.021685177934352873,0.026187131489948934,0.18450440283633235,0.18450440283633235,0.0021588835347191686,0.004370080785385279,0.005418222292740543,0.17180014558019593
MSFT,5,0.01,2019-09-11,2019-09-18,127.99308013916016,130.2498016357422,hold_days,0.017631589880706233,0.016631589880706232,1,2019-09-10,0.004353961305449072,0.01227762857525716,0.06381723801457177,0.06381723801457177,0.1027712479239231,0.006390147388146269,0.007271897271627625,0.0127326797401205,0.6372637625890485
MSFT,5,0.01,2020-05-14,2020-05-21,170.79449462890625,174.02142333984375,hold_days,0.018893634235393808,0.017893634235393807,1,2020-05-13,0.04186602864654021,-0.023972394411146403,0.030329287564116868,0.28005862496708034,0.28005862496708034,0.019681916171138264,0.01695206774017737,0.0206372679538439,0.47214494472170626
MSFT,5,0.01,2020-07-27,2020-08-03,193.39405822753906,205.43312072753906,hold_days,0.062251460103470935,0.061251460103470934,3,2020-07-24,-0.004887051993816005,0.06613851209728694,0.07788016806660271,0.1712282735710584,0.47843802649299105,0.008467129511354967,0.008000895846116064,0.009815414005357652,0.49172417842456445
MSFT,5,0.01,2022-09-29,2022-10-06,229.84420776367188,238.83474731445312,hold_days,0.039115797775619354,0.03811579777561935,2,2022-09-27,0.032339880666128584,0.005775917109490769,0.003313955523891058,0.003313955523891058,0.003313955523891058,0.01822566687891094,0.012855101854211345,0.014616810350294258,1.4205550795096151
MSFT,5,0.01,2022-10-12,2022-10-19,218.4729461669922,228.8570556640625,hold_days,0.04753041362445454,0.046530413624454536,1,2022-10-11,0.0409786499923801,0.005551763632074436,0.02282876568960175,0.02282876568960175,0.02282876568960175,0.00807124803448581,0.019911733833799287,0.01609557636763546,0.5868986412222524
MSFT,5,0.01,2022-12-20,2022-12-28,234.6650390625,227.6095733642578,hold_days,-0.030066113497047353,-0.031066113497047354,1,2022-12-19,-0.00176239220156027,-0.029303721295487084,0.004881709674679894,0.14139858451294476,0.14139858451294476,0.008742871374145507,0.011563388088657083,0.011859914320470647,0.5788135864646857
MSFT,5,0.01,2023-03-21,2023-03-28,266.3669128417969,267.777587890625,hold_days,0.005295984526674236,0.0042959845266742356,1,2023-03-20,-0.006656732369344054,0.010952716896018289,0.028018634794220502,0.028018634794220502,0.15842390954270874,0.014450731446686547,0.012554276962457457,0.010322503953797326,1.4582782338662763
MSFT,5,0.01,2023-08-04,2023-08-11,319.6019287109375,313.00079345703125,hold_days,-0.02065424098199553,-0.02165424098199553,1,2023-08-03,0.006863194800703409,-0.02851743578269894,0.03763670459232088,0.08549049648145936,0.1163826320308741,0.005920661149478225,0.0058315478226591754,0.00521268693847095,0.9067816834028762
MSFT,5,0.01,2024-11-01,2024-11-08,403.98822021484375,415.9689636230469,hold_days,0.029656170177020602,0.0286561701770206,1,2024-10-31,0.028203298924667886,0.00045287125235271564,0.0037975863070254124,0.055987747668477056,0.08996922820008219,0.00381388059609277,0.0037872079730757444,0.005203317570662579,0.6201895093906372
MSFT,5,0.01,2025-09-08,2025-09-12,494.13446044921875,505.7389221191406,resistance,0.02348442093953995,0.02248442093953995,3,2025-09-05,0.0016221379715888329,0.020862282967951118,0.029225558237812387,0.07686467920554035,0.26294696904250536,0.00591032497420814,0.004281284762348109,0.006014101100604939,1.0225713605749078
MSFT,5,0.01,2025-09-26,2025-09-30,507.2861633300781,513.7232666015625,resistance,0.012689294005632012,0.011689294005632012,1,2025-09-25,0.003824335896378317,0.007864958109253695,0.01866326139919381,0.05915658292738504,0.28160598699527095,0.0022818949413867307,0.003169966780510681,0.004428239193587372,0.4282082320356637
MSFT,5,0.01,2025-12-16,2025-12-23,473.38677978515625,483.7807922363281,hold_days,0.021956701993006922,0.02095670199300692,1,2025-12-15,0.007028693597807445,0.013928008395199476,0.04542757816961386,0.0740164241034864,0.13295817690596376,0.005711453674269389,0.005895748745041092,0.006909691798543845,0.9128777619109227
MSFT,5,0.01,2026-03-16,2026-03-23,398.33575439453125,381.4541931152344,hold_days,-0.04238023098116506,-0.04338023098116506,3,2026-03-13,-0.012130744428230922,-0.031249486552934136,0.006141685993000073,0.03894282244638246,0.11346431439831436,0.005310688351577386,0.005680227447318019,0.005421267652347689,0.8152683986794284
MSFT,5,0.01,2026-08-18,2026-08-25,480.72503662109375,491.7099914550781,hold_days,0.02285080658830485,0.02185080658830485,1,2026-08-17,0.007206092044206747,0.014644714544098103,0.04864308419536312,0.07432558200290065,0.14635630915675715,0.0033204802939354734,0.003765192626701484,0.006198309602052682,0.5292855525209456
NKE,5,0.01,2016-03-10,2016-03-17,50.62094497680664,54.317779541015625,hold_days,0.07302974225200232,0.07202974225200232,1,2016-03-09,0.03078212090732446,0.041247621344677854,0.09565402630941937,0.09565402630941937,0.09565402630941937,0.006821579557915465,0.010046239711960852,0.011153459624626839,0.5282963651366328
NKE,5,0.01,2016-10-18,2016-10-25,44.2869758605957,44.139991760253906,hold_days,-0.0033189012680492347,-0.004318901268049235,1,2016-10-17,0.009392097461930593,-0.013710998729979829,0.004072687337756469,0.010539204156242073,0.10288189699634744,0.00219212072512205,0.005222013910029531,0.006800305972435422,0.34972503306636865
NKE,5,0.01,2017-01-20,2017-01-27,46.16492462158203,46.156246185302734,hold_days,-0.00018798766272087875,-0.0011879876627208788,1,2017-01-19,0.012330879136239759,-0.013518866798960638,0.01824157897247934,0.11334152520321622,0.11334152520321622,0.003649508300546136,0.0037494448403358224,0.00404090210574076,0.6761985746035717
NKE,5,0.01,2017-04-13,2017-04-21,48.17155838012695,48.615509033203125,hold_days,0.009216032613537317,0.008216032613537316,3,2017-04-10,0.007454184808132203,0.0007618478054051137,-0.004298543034604448,0.04562689871294217,0.15836599101625337,0.0016885433874871797,0.002083088538675102,0.0037287537174054163,0.40394820081004107
NKE,5,0.01,2017-10-13,2017-10-20,44.680606842041016,46.50358200073242,hold_days,0.040800143228496344,0.03980014322849634,1,2017-10-12,0.019128301648380308,0.020671841580116035,0.03116492794937727,0.076068181001645,0.11856879108523809,0.002462861942691032,0.0027804541978713715,0.002415982544539736,0.5702080055407117
NKE,5,0.01,2017-11-03,2017-11-10,48.82612991333008,49.1591911315918,hold_days,0.006821372467015641,0.005821372467015641,3,2017-10-31,-0.0011792905094025752,0.007000662976418216,0.03215409869227712,0.1055559888873385,0.14922125549297757,0.0036711281151690593,0.0043014783043725064,0.0036218669834903027,0.8655251745875189
NKE,5,0.01,2018-01-17,2018-01-24,56.11099624633789,59.795440673828125,hold_days,0.06566350045390079,0.06466350045390079,1,2018-01-16,0.010529474736356903,0.05413402571754389,0.05421844856487131,0.1256141644177873,0.2244904012264402,0.005779654211270263,0.003879142471726795,0.004020603828004862,1.3874005396458116
NKE,5,0.01,2018-03-08,2018-03-15,57.42732238769531,58.55628967285156,hold_days,0.01965906189277855,0.01865906189277855,1,2018-03-07,0.004178475766020595,0.014480586126757955,0.0671990005519615,0.0671990005519615,0.1585269833781746,0.0051463574084575185,0.012316520201480186,0.01424774488258435,0.4555079207471459
NKE,5,0.01,2018-08-16,2018-08-23,70.80169677734375,73.33126831054688,hold_days,0.03572755524713034,0.03472755524713034,1,2018-08-15,0.005135159235603481,0.029592396011526856,0.023717674949703317,0.06951778780294073,0.10541229364009656,0.005877525522335321,0.005227992970734306,0.0051207737986301224,0.975463381166106
NKE,5,0.01,2018-10-15,2018-10-22,66.48965454101562,66.40985870361328,hold_days,-0.0012001241088284154,-0.0022001241088284154,4,2018-10-11,0.00038981836827467475,-0.00258994247710309,0.007867631568736648,0.007867631568736648,0.06963033525265087,0.020266201938461532,0.013522560333116829,0.01020306587754092,2.917306530917916
NKE,5,0.01,2018-10-29,2018-11-05,64.00704193115234,68.74172973632812,hold_days,0.07397135787447473,0.07297135787447473,3,2018-10-26,0.04138941677506369,0.03158194109941104,-0.0064915830038877005,-0.0064915830038877005,0.006969864463293151,0.01964269959099726,0.01590752664322268,0.013956576970863643,2.190128961234558
NKE,5,0.01,2018-11-23,2018-11-30,63.386383056640625,66.8025894165039,hold_days,0.053894956536810756,0.052894956536810755,3,2018-11-20,0.05795883942005875,-0.005063882883247994,0.0040949558338526,0.0040949558338526,0.011093361584290876,0.011542600403325052,0.010691590332812355,0.01197735660329939,1.0878786563941227
NKE,5,0.01,2018-12-24,2019-01-02,60.55986785888672,65.8599624633789,hold_days,0.0875182656745912,0.0865182656745912,4,2018-12-20,0.07362389401432945,0.01289437166026175,-0.028739800124470603,-0.028739800124470603,-0.028739800124470603,0.009402217129442291,0.011150867171775766,0.015550847756310071,0.6950072214960953
NKE,5,0.01,2019-02-22,2019-03-01,75.37522888183594,77.70893859863281,hold_days,0.030961228926486895,0.029961228926486894,1,2019-02-21,0.011549562895850629,0.018411666030636265,0.05707020492479222,0.1924618646523478,0.1924618646523478,0.005529007202840815,0.0059909544671497795,0.006762129319077537,0.38768110373052844
NKE,5,0.01,2019-03-25,2019-04-01,73.40267944335938,75.98821258544922,hold_days,0.03522396132807315,0.03422396132807315,3,2019-03-22,0.02973619438526187,0.004487766942811278,0.015152419754189336,0.14837424079530687,0.20245251074879383,0.012137095049805497,0.0083222128686254,0.006951881273550713,1.3673163174091658
NKE,5,0.01,2019-04-10,2019-04-17,75.6761703491211,79.10870361328125,hold_days,0.045358178781043756,0.044358178781043756,1,2019-04-09,0.01067204877648864,0.033686130004555115,0.032380509847977974,0.1261793879334232,0.241388536114821,0.005410397746575868,0.0058605173668049146,0.007176691406451824,0.788394593526832
NKE,5,0.01,2019-07-23,2019-07-30,77.51395416259766,77.96099090576172,hold_days,0.00576717763909107,0.00476717763909107,1,2019-07-22,0.001508881024992137,0.003258296614098933,0.035742721164295645,0.10319030997222471,0.13807807145291523,0.005452583248421702,0.004256190679653589,0.005202498661405643,0.7128723370573262
NKE,5,0.01,2019-09-24,2019-10-01,78.14447021484375,82.71586608886719,hold_days,0.058499288068051714,0.05749928806805171,4,2019-09-20,-0.009449177284774457,0.06694846535282617,0.04302428568081692,0.05554277158339748,0.09419379369011073,0.0020165271549770956,0.0035388772130194243,0.005806005456569132,0.2076273643606
NKE,5,0.01,2019-11-25,2019-11-27,83.27163696289062,84.38311004638672,resistance,0.013347558953253458,0.012347558953253457,4,2019-11-21,0.004432909664267903,0.007914649288985554,0.04114722940093363,0.09565203918517937,0.12419811222877732,0.0028333062599675686,0.004380435543150351,0.004411567358317154,0.4294329889862879
NKE,5,0.01,2020-05-04,2020-05-11,77.27702331542969,81.9452133178711,hold_days,0.06040851215744647,0.05940851215744647,3,2020-05-01,0.023831391017138603,0.035577121140307866,0.12911110642833548,0.287881818939546,0.287881818939546,0.0257351575108027,0.022268249664401225,0.02641164644541277,0.6215366627438955
NKE,5,0.01,2021-05-05,2021-05-12,120.19285583496094,121.26558685302734,hold_days,0.008925081367060494,0.007925081367060494,1,2021-05-04,-0.01661600492130111,0.024541086288361602,0.027448921886537296,0.12008952456214851,0.2725928259157608,0.007089012048560327,0.0061473776728614505,0.005919093741794164,0.9387519859029753
NKE,5,0.01,2021-10-20,2021-10-27,144.57666015625,148.1351318359375,hold_days,0.024613043874728513,0.023613043874728512,1,2021-10-19,-0.006565221088671747,0.03017826496340026,0.054118190777693434,0.054118190777693434,0.09094215618770492,0.005980793388738703,0.007102962731648447,0.008975478582304703,0.7989242280622709
NKE,5,0.01,2023-03-28,2023-04-04,109.21109008789062,114.60355377197266,hold_days,0.04937652100846446,0.04837652100846446,1,2023-03-27,0.03054825317298615,0.017828267835478306,0.02117538987169692,0.02117538987169692,0.12502955549046504,0.011384999635608784,0.01210148506211288,0.011371095308329854,1.1493567689861741
NKE,5,0.01,2023-07-10,2023-07-17,98.33186340332031,101.0555419921875,hold_days,0.027698840381938927,0.026698840381938926,3,2023-07-07,0.016170379527520984,0.010528460854417943,0.009743701308160428,0.051884938156327366,0.07896208078904421,0.006536087015927397,0.006161929779958526,0.006385720683924401,0.853432052627193
NKE,5,0.01,2023-08-03,2023-08-10,100.99048614501953,101.35298919677734,hold_days,0.003589477242809558,0.002589477242809558,1,2023-08-02,0.0028282674844684053,-0.00023879024165884746,0.04031755871732856,0.08829498639808415,0.11926693534331596,0.007478551478839374,0.005896160429960626,0.005179869483838696,1.1438557280121409
NKE,5,0.01,2024-03-07,2024-03-14,92.21905517578125,94.16319274902344,hold_days,0.021081733808012038,0.020081733808012037,1,2024-03-06,0.007762149316605127,0.01231958449140691,0.027388196093637178,0.0838226060819873,0.21054885383100952,0.004631164090993652,0.0036718584869119826,0.0053364243157567656,0.7661108115409446
NKE,5,0.01,2024-05-24,2024-06-03,86.17069244384766,89.00601196289062,hold_days,0.03290352483694581,0.03190352483694581,1,2024-05-23,-0.0027091341749522213,0.03461265901189803,0.028305996033932992,0.04057621904294373,0.12548041330726376,0.006687353039966736,0.0059737589842301245,0.006180409335627638,1.089833610116507
NKE,5,0.01,2024-12-13,2024-12-20,73.53424835205078,73.23917388916016,hold_days,-0.004012748746379136,-0.005012748746379136,3,2024-12-10,-0.018189437071100212,0.013176688324721075,0.02017785408994511,0.03773725316479426,0.11353173500610299,0.004223757784564594,0.002751832301601462,0.004325417468767487,0.7653590394730682
NKE,5,0.01,2024-12-31,2025-01-08,72.0302505493164,67.86092376708984,hold_days,-0.057882997080122345,-0.058882997080122346,1,2024-12-30,0.0033482045626518353,-0.06223120164277418,0.006647256716709987,0.013956943108743854,0.0880145534315375,0.007917586476454417,0.010663963779587537,0.007378499551315861,1.2017132406238304
NKE,5,0.01,2025-07-18,2025-07-25,69.7940902709961,73.45377349853516,hold_days,0.05243543132848738,0.05143543132848738,3,2025-07-15,0.014888816270746785,0.036546615057740595,0.04208632755534147,0.14410861044592901,0.22215891586082093,0.004968439756731723,0.004941918248857291,0.005233511506963081,0.6808286317517255
DIS,5,0.01,2015-08-07,2015-08-14,99.38838958740234,97.39788818359375,hold_days,-0.02002750434001288,-0.02102750434001288,1,2015-08-06,0.007606805822539142,-0.028634310162552024,0.015018528135577169,,,0.004080077079474255,0.005922442617240149,0.006399080824536626,
DIS,5,0.01,2016-05-23,2016-05-31,90.72270202636719,90.7593002319336,hold_days,0.00040340735834520913,-0.0005965926416547909,4,2016-05-19,0.026682066832355078,-0.02727865947400987,0.0051100921911030415,0.08584777020200977,0.15087240217915446,0.007015438592025287,0.008944878514700752,0.007456885509108176,0.9554232084588186
DIS,5,0.01,2016-09-13,2016-09-20,85.41122436523438,85.64156341552734,hold_days,0.00269682412358363,0.0016968241235836299,4,2016-09-09,0.005092409991682922,-0.0033955858680992925,-0.0010337540586082823,0.09307405525955136,0.09307405525955136,0.014970059191378199,0.009524632627897591,0.006735918756920784,1.7373748226129895
DIS,5,0.01,2017-05-19,2017-05-26,99.82945251464844,100.65579223632812,hold_days,0.008277514309301015,0.007277514309301015,2,2017-05-17,0.017212806606254905,-0.00993529229695389,0.023124309577539318,0.030750867262822966,0.1268910071114229,0.011351845863490048,0.007130370587918192,0.0060183455347135135,2.2419655981308146
DIS,5,0.01,2017-10-13,2017-10-20,91.08733367919922,92.976806640625,hold_days,0.02074353134630469,0.019743531346304688,1,2017-10-12,0.019128301648380308,0.0006152296979243799,0.03116492794937727,0.076068181001645,0.11856879108523809,0.002462861942691032,0.0027804541978713715,0.002415982544539736,0.5702080055407117
DIS,5,0.01,2018-03-27,2018-04-04,93.68704223632812,95.18627166748047,hold_days,0.016002527087689344,0.015002527087689344,4,2018-03-23,0.012624797922604403,0.002377729165084941,0.009461898893549186,0.02288974988552728,0.08629293527860346,0.024731218631222854,0.016212768886414007,0.01327119639975822,1.887880917728265
DIS,5,0.01,2018-06-04,2018-06-11,94.51678466796875,98.39213562011719,hold_days,0.04100172224184617,0.04000172224184617,3,2018-06-01,0.014532387890696885,0.025469334351149286,0.03168951233546962,0.06239289282431965,0.07257976689545706,0.013361489759016304,0.009228712542418506,0.00729706558381005,1.213000300864542
DIS,5,0.01,2018-12-13,2018-12-20,108.61140441894531,102.49070739746094,hold_days,-0.05635409149001602,-0.057354091490016024,3,2018-12-10,-0.06964488405649039,0.012290792566474362,0.016565149183755918,0.020727938571897177,0.02784227395763992,0.013097433108529042,0.01527219110805123,0.014329090739667425,1.0310778988338132
DIS,5,0.01,2019-05-30,2019-06-06,126.6286849975586,131.42759704589844,hold_days,0.03789751151907139,0.03689751151907139,1,2019-05-29,0.021356508093712145,0.015541003425359246,0.0015103292402504874,0.012649815674438063,0.1994881651977723,0.0058227762329364765,0.0075601347721665,0.009212722039934739,0.776831260768965
DIS,5,0.01,2019-06-25,2019-07-02,134.04251098632812,136.5233917236328,hold_days,0.018508163709032077,0.017508163709032076,1,2019-06-24,0.020316479189924408,-0.0028083154808923316,0.06512002201870182,0.06512002201870182,0.20451586390257037,0.005911850984168838,0.005842401672619231,0.007535949504434288,0.7707874796376679
DIS,5,0.01,2019-12-11,2019-12-18,142.24559020996094,141.80831909179688,hold_days,-0.0030740574630020445,-0.0040740574630020445,1,2019-12-10,0.017055136940186122,-0.021129194403188167,0.019856642050820206,0.09872810883278402,0.12679618722641453,0.006191523954223783,0.006598815317237862,0.005611336285832025,0.9430494362369464
DIS,5,0.01,2020-01-29,2020-02-05,131.9187469482422,137.06716918945312,hold_days,0.03902722213720611,0.03802722213720611,2,2020-01-27,0.019724241060582237,0.01830298107662387,0.005687059580807362,0.07873436561552746,0.1625233061140106,0.010065259084804809,0.007624411137812393,0.006633706379795794,1.8302571480342413
DIS,5,0.01,2020-04-24,2020-05-01,98.11009979248047,102.2889175415039,hold_days,0.04259314543418413,0.04159314543418413,3,2020-04-21,0.00019139762349951184,0.04140174781068462,0.13973139639202806,0.2878892607742726,0.2878892607742726,0.023782135582650653,0.02480731980081799,0.030317507497871314,0.5794506246484016
DIS,5,0.01,2020-05-29,2020-06-05,113.7297592163086,121.02088165283203,hold_days,0.06410918731179294,0.06310918731179294,1,2020-05-28,0.06985766541960903,-0.006748478107816092,0.0995521615758519,0.38796147981453133,0.38796147981453133,0.016367952589775976,0.018355422962190695,0.018380318897774035,0.40230452132811934
DIS,5,0.01,2021-05-06,2021-05-13,176.25689697265625,172.91189575195312,hold_days,-0.018977987688175713,-0.019977987688175713,1,2021-05-05,-0.014452637858836437,-0.005525349829339277,0.03668440533289001,0.13134213142351003,0.28537750647084137,0.006910103654336555,0.005198397500269718,0.006000136731493796,0.9147332904557521
DIS,5,0.01,2021-06-21,2021-06-28,168.67489624023438,171.19577026367188,hold_days,0.014945164216061846,0.013945164216061845,3,2021-06-18,0.015209547542541557,-0.0012643833264797122,0.01730175735844524,0.06345519839807369,0.19284602550178515,0.005505784466731711,0.005159711227150652,0.004892760996973377,0.7891117859766241
DIS,5,0.01,2021-11-01,2021-11-08,165.00994873046875,171.48663330078125,hold_days,0.03925026715141677,0.03825026715141677,3,2021-10-29,0.014679063364215983,0.02357120378720079,0.049744364639895594,0.059015814987780024,0.0960108712167161,0.005466796805996272,0.004723283079211664,0.0057016081468682905,0.7559351280320302
DIS,5,0.01,2023-06-26,2023-07-03,86.00025177001953,87.7454605102539,hold_days,0.020293065477312577,0.019293065477312576,3,2023-06-23,0.021136534686170494,-0.0018434692088579174,0.038980801463707096,0.04331374981828569,0.07017025682752091,0.004730473225793937,0.007302511999650823,0.007858276023789374,0.6194831332010261
DIS,5,0.01,2023-11-13,2023-11-20,86.71774291992188,92.13758850097656,hold_days,0.062499846035655615,0.061499846035655614,3,2023-11-10,0.030513582194315436,0.030986263841340178,0.0578116070423297,0.0578116070423297,0.0578116070423297,0.00738566309969223,0.00801485569016895,0.009245722572868088,0.9736668689465154
DIS,5,0.01,2024-02-23,2024-03-01,104.80118560791016,108.89634704589844,hold_days,0.039075525856256954,0.03807552585625695,1,2024-02-22,0.004299029810906685,0.03377649604535027,0.0284327522863461,0.10019203365304143,0.2032191069555361,0.006212504007101773,0.007077557297154023,0.007042611121918902,1.0192892843743218
DIS,5,0.01,2024-07-26,2024-08-02,87.88056182861328,87.52876281738281,hold_days,-0.00400314931891943,-0.00500314931891943,1,2024-07-25,-0.022014436972395468,0.017011287653476037,0.028800418238541705,0.07663440544948201,0.10803297758553543,0.005491828266433362,0.007492668288804327,0.005710670934532357,1.0597881486045249
DIS,5,0.01,2025-06-23,2025-06-30,115.57643127441406,122.23994445800781,hold_days,0.0576546023278095,0.0566546023278095,3,2025-06-20,0.02639977048742681,0.03025483184038269,0.030787393522561754,0.1790879724499754,0.1790879724499754,0.006720679965079791,0.005907566709018227,0.006602914488898308,0.3883808981319618
DIS,5,0.01,2025-07-16,2025-07-23,118.10974884033203,121.18521881103516,hold_days,0.02603908653519138,0.02503908653519138,1,2025-07-15,0.01463065777832706,0.010408428756864319,0.04330725473144571,0.17418984812026375,0.2235908193360283,0.006425322185952605,0.005443151132507635,0.005881330638314043,0.7785750748894648
GOOGL,5,0.01,2015-07-01,2015-07-09,26.9089412689209,26.975807189941406,hold_days,0.0024848960184746804,0.0014848960184746804,1,2015-06-30,-0.009996735195640594,0.011481631214115273,0.008246291596913709,,,0.010479305117419853,0.009122485214137808,0.0076683601108427785,
GOOGL,5,0.01,2016-02-10,2016-02-18,35.00935745239258,35.537330627441406,hold_days,0.015080915888467494,0.014080915888467493,1,2016-02-09,0.03861810533176668,-0.02453718944329919,-0.004208775528159745,-0.004208775528159745,0.016949329447235442,0.008994050650531995,0.014360940753874415,0.01516153218891131,0.7237863833073699
GOOGL,5,0.01,2016-03-08,2016-03-15,35.340213775634766,37.17476272583008,hold_days,0.05191108808346079,0.05091108808346079,1,2016-03-07,0.020312615076389484,0.030598473007071303,0.09003549266009851,0.09003549266009851,0.09003549266009851,0.0020624110119808296,0.009233608676215579,0.010942242695153278,0.15778263982943633
GOOGL,5,0.01,2016-06-10,2016-06-17,36.31394577026367,34.88058853149414,hold_days,-0.03947126120189515,-0.04047126120189515,4,2016-06-06,-0.01353120333937008,-0.02694005786252507,0.032818104611184486,0.05611067330997318,0.18259866486545728,0.0030249129579175654,0.002987693593780856,0.006214491771210341,0.47218981222414363
GOOGL,5,0.01,2017-03-27,2017-04-03,41.530303955078125,42.4337158203125,hold_days,0.021753076168466334,0.020753076168466333,3,2017-03-24,0.008878637406669387,0.011874438761796946,-0.0014342159427897774,0.06399374603938289,0.16336677315569204,0.005124538406017539,0.004721565907986973,0.005114840168564683,1.1874693489770756
GOOGL,5,0.01,2017-06-20,2017-06-27,47.99281692504883,46.957664489746094,hold_days,-0.021568903465686295,-0.022568903465686296,4,2017-06-16,-0.010656667715015056,-0.01191223575067124,0.026124988464570967,0.06267530503473448,0.1258196025108096,0.003918680178989537,0.0027941851879495923,0.002737228588247787,0.8528015622656383
GOOGL,5,0.01,2017-10-24,2017-10-31,48.95862579345703,51.16513442993164,hold_days,0.04506884334914263,0.04406884334914263,1,2017-10-23,-0.0002593297383579607,0.04432817308750059,0.047296479616575925,0.09684506482973937,0.14016628298809958,0.004688558740497345,0.003349596153814298,0.002806047616128329,1.060510697187608
GOOGL,5,0.01,2017-12-05,2017-12-12,50.49946212768555,51.9442138671875,hold_days,0.028609250051989887,0.027609250051989886,1,2017-12-04,0.014156714363927625,0.013452535688062262,0.03502172499754049,0.1006023318196007,0.14745497323211454,0.004958478092569473,0.004341019080386336,0.004456698541049106,1.4341647943118332
GOOGL,5,0.01,2018-09-18,2018-09-25,57.805442810058594,59.13182067871094,hold_days,0.022945553293496124,0.021945553293496123,1,2018-09-17,0.010631746665218156,0.011313806628277967,0.023493043869934345,0.10026518744050333,0.13719161881303066,0.0040571169730559496,0.003068874107479147,0.003641737298572894,0.7834308873996916
GOOGL,5,0.01,2019-03-29,2019-04-05,58.289833068847656,60.00154113769531,hold_days,0.029365465274637348,0.028365465274637347,1,2019-03-28,0.02030095362490214,0.008064511649735207,0.03150784434841796,0.1668760420379519,0.22182558319091528,0.005632844631064325,0.00874125497969305,0.007180448810497496,0.6395625376485147
GOOGL,5,0.01,2019-07-22,2019-07-29,56.423587799072266,61.506717681884766,hold_days,0.09008873914423576,0.08908873914423576,3,2019-07-19,0.012171251421508655,0.07691748772272711,0.027736482470162034,0.09466270483804214,0.14609613582540418,0.0054017736070707,0.004232018023057775,0.005214257907306424,0.7047241734815651
GOOGL,5,0.01,2020-06-12,2020-06-19,69.98008728027344,70.56057739257812,hold_days,0.00829507556885134,0.00729507556885134,1,2020-06-11,0.012119879391232491,-0.004824803822381151,0.09575988352570344,0.4026368898,0.4026368898,0.03445893437810576,0.02843633540786473,0.02307286569103217,1.1741578601204499
GOOGL,5,0.01,2020-08-05,2020-08-12,73.25740814208984,74.65162658691406,hold_days,0.019031774126106127,0.018031774126106126,1,2020-08-04,0.027830277186855712,-0.009798503060749586,0.053961490683438244,0.18304647986294623,0.4933561137532929,0.006558913692806108,0.006565705562236455,0.008102846313341032,0.3977585705001643
GOOGL,5,0.01,2020-09-10,2020-09-17,75.58328247070312,73.65116119384766,hold_days,-0.025562812485742215,-0.026562812485742215,2,2020-09-08,0.010648588836122075,-0.03721140132186429,0.0010875157090313233,0.09644764486263002,0.503905480635423,0.019614949389206823,0.01552520297457764,0.011174666631492386,1.8281678002532218
GOOGL,5,0.01,2021-08-20,2021-08-27,136.13409423828125,142.64662170410156,hold_days,0.047839062670231414,0.04683906267023141,2,2021-08-18,0.019146044641471516,0.027693018028759897,0.006227186815879812,0.05896277954020227,0.16246184142214218,0.006408520414691735,0.005882550137860805,0.006017123408507371,0.9542541569051071
GOOGL,5,0.01,2021-09-21,2021-09-28,137.7224884033203,134.54969787597656,hold_days,-0.023037563175973386,-0.024037563175973387,1,2021-09-20,0.01165916767373898,-0.035696730849712366,-0.0010029627916279243,0.01711257257489022,0.06670911441001656,0.011840598682913353,0.008108511643889385,0.006853012513616394,1.6893864146170248
GOOGL,5,0.01,2022-01-10,2022-01-18,137.3623809814453,134.71607971191406,hold_days,-0.01926510919964841,-0.020265109199648412,3,2022-01-07,-0.011388844031729128,-0.008876265167919284,0.050181362612332976,0.07292580689283497,0.09965516932465435,0.008264250555359015,0.005779401470388705,0.007956763750164046,1.0874667992858578
GOOGL,5,0.01,2022-04-01,2022-04-08,138.82945251464844,132.0311279296875,hold_days,-0.04896889285249917,-0.04996889285249917,1,2022-03-31,-0.0030315482645569825,-0.04693734458794219,0.06668302848392915,0.06668302848392915,0.0772250701057952,0.008369617995703746,0.008697418683131551,0.010788344209429146,0.8122561854093702
GOOGL,5,0.01,2022-05-11,2022-05-18,112.53169250488281,110.8447494506836,hold_days,-0.014990826287679115,-0.015990826287679116,2,2022-05-09,0.005899007057243333,-0.02188983334492245,-0.009316016873611213,-0.009316016873611213,-0.009316016873611213,0.014740529305191595,0.021861697233652423,0.017311397350175076,1.123209886551205
GOOGL,5,0.01,2022-09-01,2022-09-09,108.70558166503906,109.60700225830078,hold_days,0.008292311944379405,0.007292311944379405,1,2022-08-31,0.021120024694910144,-0.01382771275053074,0.004640575933462694,0.0729859405216457,0.0729859405216457,0.01236560591788648,0.012940125320468919,0.011822831192180128,0.9100768520635434
GOOGL,5,0.01,2023-02-27,2023-03-06,89.02288055419922,94.2332992553711,hold_days,0.058528983433642656,0.057528983433642655,3,2023-02-24,0.01964433937578547,0.037884644057857186,0.0022462916729453484,0.02302048397673507,0.1620015779935089,0.010212672108837306,0.009242254937641992,0.00946139985369965,0.9711570434938869
GOOGL,5,0.01,2023-06-01,2023-06-02,122.5538101196289,123.494873046875,resistance,0.007678773318654741,0.006678773318654741,1,2023-05-31,0.02173376891643586,-0.015054995597781118,0.013229234178091472,0.0393113192981289,0.0393113192981289,0.007665762920320029,0.006458632468601185,0.007769606088653864,0.8796955364068569
GOOGL,5,0.01,2023-08-21,2023-08-28,127.15997314453125,129.7751007080078,hold_days,0.02056565048581893,0.01956565048581893,3,2023-08-18,0.004449954651852384,0.015115695833966547,0.00013233988990605424,0.07007930118977203,0.10152463366143562,0.005379064743091855,0.004486961990106211,0.0056178638598005405,0.8466547862170873
GOOGL,5,0.01,2023-12-06,2023-12-13,128.79443359375,131.3203887939453,hold_days,0.019612301011104227,0.018612301011104226,2,2023-12-04,0.029945516899367863,-0.011333215888263637,0.05863427638566987,0.10794093339816868,0.10794093339816868,0.0061272843095045125,0.0042801131490658425,0.005832525332648039,0.807092498985391
GOOGL,5,0.01,2024-02-01,2024-02-08,139.82945251464844,144.53466796875,hold_days,0.03364967372384342,0.03264967372384342,1,2024-01-31,0.0030980725371398954,0.029551601186703524,0.03352405211796082,0.13164254222569036,0.18434961201826788,0.009764484786321255,0.00813052185120572,0.0064383076424808575,1.6301746550363563
GOOGL,5,0.01,2024-05-31,2024-06-07,170.87403869628906,172.81553649902344,hold_days,0.011362157865216549,0.010362157865216548,1,2024-05-30,0.00585760630157206,0.004504551563644488,0.020745396042812392,0.04033276547791683,0.11911447723915754,0.004794899679088192,0.005604707233346542,0.005628252300338166,0.7719137214356865
GOOGL,5,0.01,2024-10-10,2024-10-17,160.94979858398438,161.79385375976562,hold_days,0.005244213930102104,0.004244213930102104,1,2024-10-09,0.014145593288219072,-0.009901379358116968,0.024418222006540147,0.08607345161816712,0.12014276597555601,0.007441882809417827,0.005279403301000126,0.005527968458916393,0.9312121152276472
GOOGL,5,0.01,2025-06-24,2025-07-01,166.18878173828125,175.22715759277344,hold_days,0.05438619719065074,0.05338619719065074,1,2025-06-23,0.029573497265867,0.023812699924783742,0.03808560968554424,0.1874361914446854,0.1874361914446854,0.005886174480786333,0.006135465305589662,0.006455425979811613,0.34002647060570795
GOOGL,5,0.01,2026-08-21,2026-08-28,344.5985107421875,346.36737060546875,hold_days,0.0051331036209980585,0.0041331036209980585,1,2026-08-20,-0.0038069213475110386,0.007940024968509096,0.04456913364715015,0.08127304551416811,0.153822979511262,0.007650276925314014,0.005274265659622016,0.006349715904123756,1.193714818043267
GOOGL,5,0.01,2026-09-10,2026-09-17,332.6000061035156,347.3299865722656,hold_days,0.0442873728155182,0.0432873728155182,1,2026-09-09,0.0007573903351121292,0.04252998248040607,-0.0039036451400643194,0.052279696957832564,0.12288427077708475,0.006548708038003565,0.005257975313738109,0.005148840557942819,1.0647917589483251
