stock,entry_date,entry_price,exit_date,exit_price,exit_reason,ret,ret_net,real_confirms,bench_ret,excess_ret,vix_level,vix_chg_5d,vix_chg_10d,vix_ratio_5_60,clv_entry,clv_prev_day,range_ratio_entry
TSLA,2015-10-14,14.458666801452637,2015-10-21,14.005999565124512,hold_days,-0.031307674666287144,-0.032307674666287145,False,0.011003049294775247,-0.04331072396106239,17.670000076293945,-0.08917523588938048,-0.3414088659507841,0.8633780925949388,0.26268091998704246,0.7129059807590851,0.6575601414586798
TSLA,2015-11-03,13.890000343322754,2015-11-10,14.43333339691162,hold_days,0.039116849543496146,0.038116849543496145,False,-0.009639925564082552,0.0477567751075787,14.149999618530273,-0.07455855763027708,-0.05540720621291462,0.7131965674711979,0.08968618495329582,0.7657347787377491,0.7842630700371193
TSLA,2016-09-13,13.06999969482422,2016-09-20,13.642666816711426,hold_days,0.04381538907869942,0.04281538907869942,True,0.013719911963714582,0.029095477114984836,15.15999984741211,0.26544243962317915,0.11062273048212878,0.9896213587705583,0.5158718445058834,0.5777167357652628,0.8727683522784629
TSLA,2017-10-19,23.45400047302246,2017-10-26,21.744667053222656,hold_days,-0.07288025007784638,-0.07388025007784638,False,0.003692289275146532,-0.07757253935299291,10.069999694824219,0.022334954805521168,0.045690506246566676,0.9168047047441583,0.40335331255494283,0.622322427901906,1.2193432505996782
TSLA,2018-10-11,16.815332412719727,2018-10-18,17.5939998626709,hold_days,0.046306991193475255,0.045306991193475254,True,0.017089389509644004,0.02821760168383125,22.959999084472656,0.977605492112801,0.7812256379315257,1.2857966198490307,0.24205699099492936,0.5135293795096588,0.9735093072157998
TSLA,2019-05-16,15.222000122070312,2019-05-23,13.03266716003418,hold_days,-0.1438268916357337,-0.1448268916357337,True,-0.019026863522189075,-0.12580002811354463,16.440000534057617,-0.1525772753956839,0.11081083258022062,1.2525664109302979,0.4066668362091974,0.9318487038838719,0.5621436674590613
TSLA,2021-07-27,214.9266662597656,2021-08-03,236.5800018310547,hold_days,0.10074755240058653,0.09974755240058653,True,0.013467438636016293,0.08628011376457023,17.579999923706055,-0.21866667005750873,0.08719850592204037,0.9985132991232091,0.4467648732347048,0.4983395482703085,1.9134303461570799
TSLA,2021-12-10,339.010009765625,2021-12-17,310.8566589355469,hold_days,-0.08304578041675514,-0.08404578041675514,False,-0.008962624378592743,-0.0750831560381624,21.579999923706055,-0.22790700054934365,0.16146394038313883,1.23423101686302,0.8972703202087738,0.023948658607143944,0.7280844352554434
TSLA,2022-04-14,328.3333435058594,2022-04-22,335.01666259765625,hold_days,0.0203552859433469,0.0193552859433469,False,-0.028486775930067654,0.047842061873414554,21.81999969482422,-0.012669714109158181,0.12881530165266386,0.8714223358899473,0.09207163426925846,0.9271746808400668,0.7099295487570819
TSLA,2024-10-07,240.8300018310547,2024-10-14,219.16000366210935,hold_days,-0.08998047587171931,-0.09098047587171931,False,0.025835701243132947,-0.11681617711485226,19.209999084472656,0.13266510150109245,0.18947365561738994,1.0539471331369374,0.014239300469295255,0.8620683057495456,1.0617336902645789
TSLA,2025-07-09,295.8800048828125,2025-07-16,321.6700134277344,hold_days,0.08716374246085468,0.08616374246085468,False,-0.010877730301632638,0.09704147276248731,16.809999465942383,0.004781824620143427,-0.15229452694820078,0.7806794426317358,0.3530325659248436,0.3567008233469352,0.6157571544885937
META,2015-11-03,101.68701934814452,2015-11-10,106.97063446044922,hold_days,0.05195958290620406,0.05095958290620406,False,-0.009639925564082552,0.06059950847028661,14.149999618530273,-0.07455855763027708,-0.05540720621291462,0.7131965674711979,0.14400024414061216,0.9301294331262233,0.5597073457316312
META,2016-04-15,108.6855697631836,2016-04-22,109.5975570678711,hold_days,0.008391061542711187,0.007391061542711187,True,0.015352871824078074,-0.007961810281366888,13.720000267028809,-0.15099007446921764,-0.016487422607960878,0.7827374203232939,0.24858834989956904,0.32583966259194375,0.6667157531527673
META,2016-09-13,126.10262298583984,2016-09-20,127.5201644897461,hold_days,0.011241173818132388,0.010241173818132387,False,0.013719911963714582,-0.003478738145582194,15.15999984741211,0.26544243962317915,0.11062273048212878,0.9896213587705583,0.3254406081837576,0.9767467796799135,0.874179236039316
META,2016-09-29,126.9749526977539,2016-10-06,127.61930847167967,hold_days,0.005074668351793488,0.004074668351793488,True,0.005053118967080827,-0.0009784506152873398,12.390000343322754,-0.06842104017758133,-0.31697900991148387,0.9775626982081925,0.31034271081802206,0.7756973361474018,1.3122723153593416
META,2017-06-15,148.49595642089844,2017-06-22,152.0646209716797,hold_days,0.024032065497232802,0.0230320654972328,False,0.005104822947261889,0.017927242549970912,10.640000343322754,0.02406159689500531,0.022094188211522647,0.9109085461418529,0.9346075329394644,0.35820902320708753,1.2337893420473383
META,2017-07-06,147.52452087402344,2017-07-13,157.8736114501953,hold_days,0.07015166370212689,0.06915166370212689,True,0.01484899561398123,0.054302668088145656,11.069999694824219,0.0009040935649318182,0.01933702069850929,0.9697718460699599,0.40196569753090117,0.8124964938459974,0.7241862197008204
META,2017-12-29,174.9238739013672,2018-01-08,186.6409912109375,hold_days,0.06698409455633914,0.06598409455633913,True,0.03458633633766173,0.03139775821867741,10.180000305175781,0.04732510550512403,0.0,0.9768162758930469,0.0,0.19047907382290402,1.246381341872184
META,2018-11-23,130.58326721191406,2018-11-30,139.385986328125,hold_days,0.06741077401536932,0.06641077401536932,False,0.048661195332527996,0.017749578682841327,20.799999237060547,-0.021176506491268343,0.2713935489647621,1.1924575454940847,0.14506185921436,0.22549117383065728,0.766146610023351
META,2019-09-12,185.83804321289065,2019-09-19,188.48480224609375,hold_days,0.014242288540301962,0.01324228854030196,False,-0.0030845886452040006,0.01632687718550596,14.609999656677246,-0.1569532763418,-0.2806499241333513,0.9524997723932788,0.06486640300558184,0.7172628643829959,1.0913288397189083
META,2020-03-18,145.68069458007812,2020-03-25,154.85018920898438,hold_days,0.0629424142666064,0.061942414266606405,False,0.03530075962546664,0.026641654641139767,75.91000366210938,0.6048626825903263,1.0616513930275788,2.959708504704725,0.8898928302884576,0.6757529784187779,1.2302538155262628
META,2020-09-23,246.85226440429688,2020-09-30,259.6201171875,hold_days,0.0517226480138413,0.0507226480138413,False,0.03749237882618761,0.013230269187653687,26.860000610351562,0.0496287788273122,-0.1462173746976192,1.0283305915995764,0.08841572152079356,0.9197173472940401,1.1734668070665022
META,2021-10-15,321.9329833984375,2021-10-22,321.78424072265625,hold_days,-0.00046202993620303445,-0.0014620299362030345,False,0.021888513202214632,-0.023350543138417668,16.860000610351562,-0.1371545639512297,-0.2713914842239019,1.002227299584485,0.34298793252635945,0.4181286027876348,0.9291018165753621
META,2022-09-30,134.4989013671875,2022-10-07,132.2882843017578,hold_days,-0.016435948866188932,-0.017435948866188933,False,0.007937173235320394,-0.025373122101509327,31.84000015258789,0.16416817946957862,0.21202891502722054,1.279817146317324,0.03278551833971506,0.2607773433260895,1.1358155341068559
META,2024-03-15,480.3950500488281,2024-03-22,505.6799926757813,hold_days,0.05263364521425262,0.05163364521425262,False,0.021822588317102154,0.029811056897150467,14.399999618530273,-0.0027700805412326224,0.07462686779611127,1.0556173611507693,0.26590870229272945,0.2782397445686142,0.7658512809781701
META,2025-05-09,590.1004028320312,2025-05-16,637.7573852539062,hold_days,0.08076080306530531,0.07976080306530531,True,0.04165838769095709,0.03810241537434822,22.479999542236328,-0.08617889456742922,-0.150736678300749,0.9494186405738031,0.051112115479225506,0.09468769359338884,0.8825907711269032
META,2025-10-14,706.8117065429688,2025-10-21,731.3678588867188,hold_days,0.034742141529962245,0.033742141529962244,True,0.017515487716917244,0.016226653813045,19.030000686645508,0.16249234642902288,0.18052107294744402,1.1324950010202928,0.5746007495823088,0.6552850046892892,0.9449065270766179
NFLX,2015-12-24,11.732999801635742,2016-01-04,10.996000289916992,hold_days,-0.06281424394262769,-0.06381424394262769,False,-0.023797865193464718,-0.04001637874916297,15.569999694824219,-0.12821953176194578,-0.20601737836737966,1.0540761073472797,0.020001653029175965,0.8561151819529127,0.36983015463181496
NFLX,2016-04-21,9.498000144958496,2016-04-28,9.027999877929688,hold_days,-0.04948412927518042,-0.05048412927518042,False,0.006104732141584357,-0.05658886141676478,13.279999732971191,-0.040462457618686276,-0.057487609002468854,0.7415184897586657,0.07692476983457433,0.9453127134281873,0.7773178173093407
NFLX,2016-07-21,8.598999977111816,2016-07-28,9.164999961853027,hold_days,0.06582160556433858,0.06482160556433858,True,0.014407420197201093,0.05041418536713749,11.770000457763672,-0.09739260029176289,-0.2132352655246672,0.790075481071508,0.2460566969214709,0.7827731542665286,1.600454445409279
NFLX,2017-10-25,19.37700080871582,2017-11-01,19.799999237060547,hold_days,0.02182992262427219,0.02082992262427219,False,-0.0006209160515795453,0.021450838675851736,11.15999984741211,0.08244417004854121,0.10714285038496096,0.9600733975872845,0.18765541406073394,0.8651676965389073,0.9526946909407654
NFLX,2018-11-26,26.14299964904785,2018-12-03,29.030000686645508,hold_days,0.11043113171226326,0.10943113171226326,False,0.04392149880526475,0.06550963290699852,21.520000457763672,0.07707712466518779,0.2870814199481069,1.1996623588180277,0.6128513847035338,0.22863756599190338,0.885627302443441
NFLX,2020-01-03,32.59000015258789,2020-01-10,32.904998779296875,hold_days,0.009665499393499477,0.008665499393499476,True,0.012481167283502792,-0.003815667890003316,12.470000267028809,-0.015785304503615927,0.014646078578884003,0.9894157771592516,0.08544772174648482,0.967303671642886,0.6784663631424306
NFLX,2020-10-06,50.58700180053711,2020-10-13,55.40900039672851,hold_days,0.09532090111219449,0.09432090111219449,False,0.04082111212869388,0.05349978898350061,27.959999084472656,0.06758299023756509,0.006479423807706386,1.0543053637493658,0.09682986784635789,0.9823740893378369,1.0290297643531674
NFLX,2021-01-15,49.79800033569336,2021-01-25,55.678001403808594,hold_days,0.1180770518590617,0.1170770518590617,True,0.007006955879808263,0.11007009597925344,23.25,0.039338360650537973,0.021080348378854197,0.9144158424158129,0.25668591012015257,0.08578974685453787,0.750877420924948
NFLX,2021-02-26,53.8849983215332,2021-03-05,51.63899993896485,hold_days,-0.04168132973052019,-0.04268132973052019,False,0.007313938411928733,-0.04999526814244892,28.889999389648438,0.2845709063434141,0.3137789763687395,1.020224498513933,0.05632812993743259,0.5282192174066659,1.0457628764590026
NFLX,2021-10-15,62.82899856567383,2021-10-22,66.47799682617188,hold_days,0.05807824959495145,0.05707824959495145,False,0.021888513202214632,0.035189736392736815,16.860000610351562,-0.1371545639512297,-0.2713914842239019,1.002227299584485,0.21949451337281778,0.694748263724797,0.8161400045956925
NFLX,2022-04-29,19.035999298095703,2022-05-06,18.097000122070312,hold_days,-0.049327548363553686,-0.05032754836355369,False,0.003561548653217228,-0.053889097016770915,29.989999771118164,0.32231037775930615,0.37442713980568465,1.1702570667371188,0.024472659187685094,0.8765737415472553,1.1235425638197285
NFLX,2022-07-14,17.47800064086914,2022-07-21,22.38800048828125,hold_days,0.28092457188329445,0.27992457188329445,False,0.05580727211912362,0.22411729976417083,26.81999969482422,0.0033670091331532426,-0.05430186468209153,0.9297868884732916,0.5192993023139085,0.7236295960967758,0.7653930900289975
NFLX,2023-02-09,36.25,2023-02-16,35.07099914550781,hold_days,-0.032524161503232785,-0.033524161503232786,False,0.000848484644633718,-0.034372646147866504,19.6299991607666,0.09848898930486594,0.028825955936047754,0.898878523142266,0.06286206504865396,0.8623464273855397,1.192230330136605
NFLX,2024-01-19,48.29499816894531,2024-01-26,57.04199981689453,hold_days,0.18111609855228705,0.18011609855228705,False,0.004058484021452813,0.17605761453083424,14.130000114440918,0.11347522314213676,0.006410267295756666,0.9580134205235196,0.7169588879053354,0.9406434274126066,0.7780837213762056
NFLX,2024-04-18,61.055999755859375,2024-04-25,56.47999954223633,hold_days,-0.07494759289702568,-0.07594759289702568,False,0.01357548460220892,-0.0895230774992346,18.209999084472656,0.15253157371169013,0.2707605848865313,1.23262836604378,0.3226417855660506,0.45097999729576554,1.0223637191346049
NFLX,2024-06-28,67.48799896240234,2024-07-05,69.06500244140625,resistance,0.02336716902633995,0.02236716902633995,False,0.005875460039620917,0.016491708986719034,12.239999771118164,-0.07831325171422598,0.016611279891927566,0.9131146401057363,0.1293107228202486,0.5944348538490798,0.9486139064831607
NFLX,2025-11-25,104.4000015258789,2025-12-03,103.95999908447266,hold_days,-0.004214582710491466,-0.005214582710491466,False,0.013636750903939676,-0.018851333614431143,20.520000457763672,-0.08310986473420479,0.1659090916479915,1.3273332101277808,0.23387138950159952,0.7733052080302589,0.6861116037674422
NFLX,2026-05-01,92.05999755859376,2026-05-08,87.48999786376953,hold_days,-0.04964153612882238,-0.050641536128822384,True,0.011896520644380404,-0.06253805677320279,16.889999389648438,-0.12532367391113453,-0.05852849014222927,0.8265630632713717,0.05714153367429995,0.8231884634862086,1.1666971176965109
PEP,2015-07-31,68.8889389038086,2015-08-07,70.85516357421875,hold_days,0.028541950299969754,0.027541950299969753,True,-0.0067935373988737835,0.034335487698843536,12.130000114440918,-0.040348118277643064,0.0016515655103792604,0.9387707695301578,0.1546405537203095,0.6575322422190133,1.277542889070383
PEP,2015-11-17,71.21023559570312,2015-11-24,72.5072250366211,hold_days,0.018213525486443283,0.017213525486443282,True,0.019635172839985948,-0.0024216473535426664,18.15999984741211,0.09927356805112608,0.28339224996377377,0.8464406850382686,0.2045487385486887,0.9502457725228178,1.1625455991484872
PEP,2016-09-13,77.54846954345703,2016-09-20,78.81632232666016,hold_days,0.01634916576261558,0.01534916576261558,False,0.013719911963714582,0.001629253798900998,15.15999984741211,0.26544243962317915,0.11062273048212878,0.9896213587705583,0.18072056586343416,0.8958308498040992,1.552916511789459
PEP,2018-04-27,78.67233276367188,2018-05-04,76.56841278076172,hold_days,-0.02674281934959566,-0.02774281934959566,False,-0.00866710292085393,-0.01907571642874173,16.239999771118164,0.01754384287606192,-0.12168740010016421,0.8588180982648752,0.04477441982281581,0.7201366520762097,0.7430217968230491
PEP,2019-01-16,85.94795989990234,2019-01-24,86.86820220947266,hold_days,0.010706970946629202,0.009706970946629201,True,0.011528604271722198,-0.0018216333250929972,18.600000381469727,-0.09135315068939898,-0.26829267011625146,0.8721916925621941,0.47407147862649524,0.9658111298042438,0.7567675881012385
PEP,2020-01-31,116.00963592529295,2020-02-07,118.74607849121094,hold_days,0.02358806269920688,0.02258806269920688,False,0.03198127893650593,-0.009393216237299051,15.489999771118164,0.1933744466411118,0.2471819384835534,1.212764361490101,0.14610354223432562,0.9467193636340794,1.8183778954873073
PEP,2020-09-11,113.36227416992188,2020-09-18,109.73963928222656,hold_days,-0.03195626511748739,-0.03295626511748739,False,0.008514057858096225,-0.04147032297558362,29.709999084472656,0.11817837507390339,0.2767511173193973,1.1532511879019445,0.7348814432623876,0.23977930873909284,0.6562055387352523
PEP,2022-06-16,137.7103271484375,2022-06-24,145.69073486328125,hold_days,0.05795068445550711,0.056950684455507106,True,0.07222078055220216,-0.015270096096695052,29.6200008392334,0.23622712733861162,0.15297782107733782,1.1465838618675424,0.5731327375584145,0.475703035364457,0.9820238978715435
PEP,2022-07-20,147.55870056152344,2022-07-27,150.47897338867188,hold_days,0.01979058378825216,0.018790583788252158,False,0.01653986671755936,0.002250717070692798,24.5,-0.10223528112598568,-0.11038492427258273,0.89581131640009,0.2572307511149687,0.6745264006448981,1.0909613966782177
PEP,2022-08-11,153.5045166015625,2022-08-18,158.20509338378906,hold_days,0.030621749029231538,0.029621749029231537,True,0.020958737042114706,0.008663011987116831,19.739999771118164,-0.10068341298432537,-0.15060241112177952,0.8052209424329067,0.15101860328967723,0.7134545714132835,1.02306571864569
PEP,2023-01-26,151.21817016601562,2023-02-02,150.99610900878906,hold_days,-0.0014684819752994738,-0.002468481975299474,True,0.02935906516802067,-0.031827547143320145,19.079999923706055,-0.06194691344294434,-0.0728862976462965,0.8892033132210645,0.11043398487230964,0.9810594457128,0.6059078304527913
PEP,2024-01-24,151.33714294433594,2024-01-31,154.01478576660156,hold_days,0.017693229633986896,0.016693229633986895,False,-0.0020414710019078797,0.018734700635894774,12.550000190734863,-0.09320808870163311,-0.04051985749714149,0.9825305414423711,0.036036841019994735,0.9187692070968505,1.0799804195878486
PEP,2024-06-03,157.6763916015625,2024-06-10,153.9728546142578,hold_days,-0.02348821500598053,-0.02448821500598053,False,0.008913916136876088,-0.03340213114285662,12.920000076293945,0.011746250051156482,0.040257648706005345,0.924734433972337,0.10695051896338276,0.979708004015942,0.8271462540314936
PEP,2024-08-15,160.11695861816406,2024-08-22,163.1054229736328,hold_days,0.018664258809683254,0.017664258809683253,True,0.010077990683095894,0.007586268126587359,16.190000534057617,-0.41867144300544445,-0.010391202319783521,1.3077531924697785,0.27935307708464446,0.7385939142216761,0.6880664404282392
PEP,2025-01-31,142.12123107910156,2025-02-07,136.35867309570312,hold_days,-0.04054677784342531,-0.04154677784342531,False,-0.01034328552409891,-0.031203492319326398,15.84000015258789,0.05459385285174001,-0.0173697687387232,1.0047428256859128,0.29577373980507254,0.5183635084047957,0.5655975344998698
WMT,2015-07-28,19.651905059814453,2015-08-04,19.69278907775879,hold_days,0.0020804099052940117,0.0010804099052940117,True,0.010932871910843467,-0.009852462005549456,15.600000381469727,0.2734694188954878,0.12230221651755735,0.9159769218248566,0.7500000000000057,0.5781238824118342,1.6403791456663308
WMT,2016-05-03,18.67778968811035,2016-05-10,19.176788330078125,hold_days,0.02671615058849386,0.025716150588493858,False,0.007895112584743513,0.017821038003750345,14.680000305175781,0.04261366368756336,0.09962545960314295,0.855526182400221,0.33332824707031566,0.9059826969819976,0.6926760304602035
WMT,2016-06-17,19.923751831054688,2016-06-22,20.148408889770508,resistance,0.011275841047450275,0.010275841047450274,True,0.0027577895052743884,0.007518051542175885,19.3700008392334,0.3230874579909404,0.4211299102419652,1.3152762293131248,0.6043927713570644,0.7575752321337161,1.3824962633553375
WMT,2016-12-09,19.955976486206055,2016-12-16,20.212263107299805,hold_days,0.012842599873321259,0.011842599873321258,True,0.0007838541046834013,0.011058745768637857,12.640000343322754,-0.10163463983780352,0.01689461246911872,0.8664692641316909,0.492752060769906,0.0344803772616908,0.9209561775694964
WMT,2018-03-27,25.286903381347656,2018-03-29,26.144975662231445,resistance,0.03393346618774706,0.03293346618774706,True,0.012242500547429591,0.02069096564031747,21.030000686645508,0.105678242928821,0.3326996858374345,1.2455151536443938,0.22265485301480895,0.8797501131733816,1.453809712803701
WMT,2018-05-31,24.408248901367188,2018-06-07,25.120922088623047,hold_days,0.029198046534831157,0.028198046534831156,True,0.026179517494554272,0.002018529040276884,14.9399995803833,0.130105845583395,0.021189300308780634,0.8288589231112194,0.016667037539771147,0.944162215386758,1.2989691361829099
WMT,2019-05-13,30.192861557006836,2019-05-20,30.685544967651367,hold_days,0.016317877313957174,0.015317877313957173,True,0.0052146854631898165,0.010103191850767357,16.040000915527344,0.24630932852805953,0.2600158281474325,1.2533186783747725,0.41121200453485895,0.9170137091680904,1.4416853968272503
WMT,2019-08-14,32.25814437866211,2019-08-21,34.025962829589844,hold_days,0.05480223630275205,0.05380223630275205,True,0.03679614935115194,0.017006086951600108,17.520000457763672,-0.13138322302957506,0.2568149917607052,1.1960637174711026,0.36301606088871957,0.7852757290346577,1.2895467865766623
WMT,2019-11-19,36.41646194458008,2019-11-26,36.2038459777832,hold_days,-0.005838457539352415,-0.006838457539352415,False,0.007183448638959478,-0.014021906178311894,12.460000038146973,-0.018124472012739146,-0.028838650643748798,0.8299848106558609,0.2769287650973682,0.7642561560921162,0.28704164316817277
WMT,2020-08-05,39.95675277709961,2020-08-10,40.59392166137695,resistance,0.0159464631130517,0.0149464631130517,False,0.011041291886001892,0.0039051712270498085,23.760000228881836,-0.06603774645864069,-0.04347825753107082,0.8365856900412919,0.5104189018429738,0.9747320757211453,1.021832328949013
WMT,2020-11-20,46.4354362487793,2020-11-30,47.22357940673828,hold_days,0.016972881523853456,0.015972881523853455,False,0.024391064487540248,-0.008418182963686793,23.110000610351562,-0.08836290877358544,-0.1620739421943348,0.8271925619615815,0.14576334308348354,0.894571540348732,0.9157026944119717
WMT,2021-03-08,39.66899108886719,2021-03-15,41.390628814697266,hold_days,0.043400088547077775,0.042400088547077774,False,0.033660947922720785,0.008739140624356989,24.65999984741211,-0.11771022632277528,0.11836737871468062,1.070745436371401,0.034484508185631306,0.7900009155273435,0.8368407163135365
WMT,2022-05-05,48.4959602355957,2022-05-12,46.825870513916016,hold_days,-0.034437708080555796,-0.035437708080555796,False,-0.03929604466334313,0.003858336582787336,25.420000076293945,-0.19556962754974327,0.250984274511026,1.1499203642756608,0.5514394570894388,0.9395779166897129,0.80754742367752
WMT,2023-06-23,50.15519714355469,2023-06-30,50.710105895996094,resistance,0.011063833541579804,0.010063833541579803,True,0.0206505138941393,-0.010586680352559497,12.90999984741211,-0.06988474488696927,-0.0738880748906644,0.8039708067857619,0.34645640910114395,0.7937501341096196,0.689857541891524
WMT,2024-06-27,66.63290405273438,2024-07-05,68.75324249267578,hold_days,0.031821192098476336,0.030821192098476335,True,0.008535215614045688,0.022285976484430647,12.550000190734863,0.020325202936851694,-0.0233463176520583,0.9253148861060104,0.2307672960193128,0.7769800757450994,0.9661674919911164
WMT,2024-10-10,78.37016296386719,2024-10-17,79.63023376464844,hold_days,0.016078450689992918,0.015078450689992917,False,0.014491642039046182,0.0005868086509467352,20.860000610351562,0.10370375827413403,0.35366650336824645,1.138070754483851,0.17442025514096487,0.8666687011718743,0.7789296723067293
WMT,2025-03-14,84.20692443847656,2025-03-21,85.06143951416016,hold_days,0.010147800568442777,0.009147800568442777,False,0.004033795296479958,0.005114005271962818,24.65999984741211,-0.008443947918570394,0.16706108977040945,1.398656828012477,0.9847296234821411,0.3987339021598984,0.5491541476762523
WMT,2025-10-20,106.41034698486328,2025-10-27,103.84577178955078,hold_days,-0.024100806622473492,-0.025100806622473493,False,0.011486291339797505,-0.036587097962271,20.780000686645508,-0.040627847043671284,0.24804811788216719,1.2992776341676737,0.26829427143906703,0.7626289871378928,0.6521544202567826
TGT,2015-06-12,57.06169891357422,2015-06-19,59.84766387939453,hold_days,0.04882372973226645,0.04782372973226645,False,0.00976480986548034,0.03805891986678611,12.850000381469727,-0.12644457184593938,-0.034560482617942645,1.0020680275723697,0.08107801593930336,0.28846210276123496,0.8316061521496879
TGT,2015-07-02,59.07218551635742,2015-07-10,60.24978256225586,hold_days,0.019934881968644236,0.018934881968644235,False,-0.0029741357391762646,0.0219090177078205,16.09000015258789,0.21342382163327445,0.10965518293709597,1.1318335190340947,0.09374627470614193,0.8914734183803259,1.06397111323057
TGT,2016-09-28,50.61922454833984,2016-10-05,50.55952835083008,hold_days,-0.001179318688549813,-0.002179318688549813,False,-0.0020163226210132557,-0.0001629960675365574,13.100000381469727,-0.17713565837373368,-0.26610643689010927,0.9874069550812056,0.14285195277019064,0.7272727272727385,0.590847159814349
TGT,2016-11-08,50.04451751708984,2016-11-09,51.35813903808594,resistance,0.026249059560770283,0.02524905956077028,True,0.009481695791919487,0.015767363768850795,18.709999084472656,0.09671744842807528,0.4370198484375709,1.3950249718308319,0.3669751098916367,0.925924356094334,0.9840597309872454
TGT,2016-12-14,58.10138320922851,2016-12-21,58.056190490722656,hold_days,-0.0007778251740256925,-0.0017778251740256925,True,0.00668069147943573,-0.008458516653461423,12.720000267028809,0.07888043326419258,-0.013953438513510052,0.8635228985944191,0.34000396728515214,0.7515926971615751,0.7927456429401165
TGT,2017-01-26,48.301116943359375,2017-02-02,47.93230819702149,hold_days,-0.007635615275116137,-0.008635615275116137,False,-0.005351139025818297,-0.0032844762492978408,10.8100004196167,-0.13381403716945783,-0.05918184204065391,0.8671436820656909,0.06328527142264728,0.6666666666666666,0.7035213592809496
TGT,2017-04-07,40.443233489990234,2017-04-17,40.777469635009766,hold_days,0.008264327952468342,0.007264327952468342,False,-0.004195287806066594,0.011459615758534936,12.390000343322754,0.07365687905368401,-0.05564020949724424,1.0543340858330277,0.3292689734738919,0.47169750209628414,0.8646442449992319
TGT,2017-08-28,42.275299072265625,2017-09-05,44.535057067871094,hold_days,0.05345338874463379,0.05245338874463379,True,0.011222937636337527,0.04123045110829626,11.279999732971191,-0.2089761885048942,-0.2727273006762295,1.1008504244306292,0.468352535563552,0.7111092273131757,0.5344142438863406
TGT,2017-11-03,46.095924377441406,2017-11-10,47.680076599121094,hold_days,0.03436642703394721,0.03336642703394721,True,-0.0029932663467377996,0.03635969338068501,9.930000305175781,-0.1212389258791674,-0.011940286893696861,0.92826902286509,0.08433718327596025,0.8814817954478035,0.6893580388245283
TGT,2018-02-08,55.7930793762207,2018-02-15,59.66117477416992,hold_days,0.06932930465920517,0.06832930465920517,False,0.05977318246514507,0.0085561221940601,27.729999542236328,1.0480058803812078,1.4176110633534895,2.1087830790958897,0.014184723353255994,0.5027630131385361,1.4455962503587514
TGT,2018-03-27,54.1970100402832,2018-04-04,56.84710693359375,hold_days,0.04889747407358458,0.04789747407358458,True,0.01576496656776749,0.03213250750581709,21.030000686645508,0.105678242928821,0.3326996858374345,1.2455151536443938,0.10486852858310766,0.8232327124482683,1.8888146264864707
TGT,2018-07-16,61.60332489013672,2018-07-23,62.78418731689453,hold_days,0.019168809944329457,0.018168809944329456,False,0.006178671172391015,0.011990138771938441,12.180000305175781,-0.08900520497899311,-0.2771513335649318,0.8949438213779083,0.6666650044878794,0.5390072073242012,1.1234980336986446
TGT,2019-02-27,59.73011779785156,2019-03-06,62.90394592285156,hold_days,0.05313614374144371,0.05213614374144371,False,-0.00909269035119642,0.06122883409264013,15.170000076293945,0.01948924459829704,-0.050093937217178364,0.7198240826700442,0.6101639026282635,0.3841066294797406,0.8242873288318773
TGT,2022-02-11,183.0574493408203,2022-02-18,177.61993408203125,hold_days,-0.029703873174073192,-0.030703873174073193,False,-0.014863315368281338,-0.015840557805791855,23.90999984741211,-0.01806983684453889,-0.21580846090851724,1.0141037338776502,0.19444519368225208,0.23590630644404806,0.8058082363542848
TGT,2023-11-13,96.87237548828124,2023-11-20,118.2627410888672,hold_days,0.22080975606067987,0.21980975606067987,False,0.03515492376480034,0.18465483229587953,14.170000076293945,-0.049631105210682036,-0.33380348982917796,0.8845229582437535,0.10000314150692036,0.9117658938524894,0.6381904300303073
TGT,2024-06-18,131.88531494140625,2024-06-26,136.16921997070312,hold_days,0.03248204723323522,0.03148204723323522,False,-0.00047129104461285376,0.031953338277848076,12.75,0.0007849473360672654,-0.02745992876467307,0.881815393352741,0.0493805454214404,0.9788740718453475,0.7583699419513709
TGT,2025-09-25,84.39153289794922,2025-10-02,86.68678283691406,hold_days,0.027197632986953657,0.026197632986953656,False,0.02125108350135263,0.004946549485601026,16.18000030517578,0.0292620884435848,0.054071654923736556,1.0041699323670739,0.41496605700762035,0.9795925781756883,0.9566277324708192
LOW,2015-07-08,54.39128875732422,2015-07-15,55.81380081176758,hold_days,0.02615330665890503,0.025153306658905028,False,0.0274557984316528,-0.0023024917727477723,16.09000015258789,-0.14641910732240737,0.2629513690466656,1.1541262893097237,0.053758501029561784,0.9625014901175463,0.805937854693202
LOW,2015-09-14,55.947654724121094,2015-09-21,57.1380500793457,hold_days,0.021276948266991225,0.020276948266991224,False,0.010340783441812773,0.00993616482517845,23.200000762939453,-0.09410385747659789,-0.11111109487144655,1.4270672704255039,0.16666542002947435,0.9633017890640291,0.8493635343055734
LOW,2016-11-04,55.52589797973633,2016-11-11,58.442569732666016,hold_days,0.052528132980291575,0.051528132980291574,False,0.035455722377045085,0.01607241060324649,22.079999923706055,0.4375000271635756,0.6058181762695312,1.3122624134352534,0.0333319204848945,0.25757155407593185,0.8387080726912368
LOW,2017-01-05,59.56565856933594,2017-01-12,59.99312210083008,hold_days,0.007176341901711014,0.006176341901711014,False,0.005891415424223556,0.000284926477487458,11.850000381469727,-0.011676346315341202,0.011955622789639797,0.9224443572850891,0.3009688601819213,0.6440629748165424,0.9668766652145853
LOW,2017-02-06,61.15465545654297,2017-02-10,62.30009460449219,resistance,0.018730203602621565,0.017730203602621564,False,0.01044785173448659,0.007282351868134973,10.970000267028809,0.03686203649670161,-0.04939338792967307,0.9403140930784014,0.26250035762991464,0.9316766654345943,0.6960129547525368
LOW,2017-03-29,69.2401123046875,2017-04-05,68.74321746826172,hold_days,-0.007176401364561991,-0.008176401364561992,False,-0.004599666819493642,-0.0035767345450683496,11.529999732971191,-0.07538095540727585,-0.06260166226206121,1.0730944688636883,0.544441147798071,0.7881356480134418,0.8004520938461365
LOW,2017-11-06,66.17491149902344,2017-11-13,66.27750396728516,hold_days,0.0015503227120028384,0.0005503227120028384,False,0.0030651960014038693,-0.002514873289401031,9.140000343322754,-0.0673469218945616,-0.08324973936569469,0.9259288029167047,0.12727840199750406,0.8724814001239127,0.759317715299337
LOW,2018-10-15,90.69132995605467,2018-10-22,85.25003051757812,hold_days,-0.059998011288545205,-0.060998011288545206,False,-0.003099205887805545,-0.05789880540073966,21.309999465942383,0.43792172096904647,0.758250797620315,1.5097454506582821,0.023621006596078825,0.44518372633558695,0.49648712734369865
LOW,2019-03-26,92.7277603149414,2019-04-02,96.18447875976562,hold_days,0.03727814015008879,0.03627814015008879,True,0.016912264254328013,0.019365875895760776,16.329999923706055,0.2465648433724661,0.13956734198521592,0.8607364008924393,0.26315625097597856,0.622547094660553,0.8776761183208108
LOW,2020-12-08,136.6710662841797,2020-12-15,147.596435546875,hold_days,0.07993915288535347,0.07893915288535347,False,-0.002520091770446653,0.08145924465580012,21.299999237060547,0.035488553868088246,-0.10126588390798175,0.7900323938407375,0.30350240757123215,0.8195732210934948,0.8468225685742555
LOW,2021-04-30,178.49339294433594,2021-05-07,189.54405212402344,hold_days,0.061910746372184855,0.060910746372184854,False,0.017017709944012527,0.04389303642817233,17.610000610351562,-0.05879201111420562,0.0627640877900677,0.8505338942365249,0.3277588388993288,0.6040039062499988,0.9441199624359153
LOW,2022-02-10,209.1256561279297,2022-02-17,205.8057403564453,hold_days,-0.01587521986997842,-0.01687521986997842,False,-0.02667920797796819,0.00980398810798977,19.959999084472656,-0.09642376882762038,-0.37546934742654736,1.0238732839337699,0.22772262269607474,0.22527677519691783,1.090085782289813
LOW,2022-05-20,170.53514099121094,2022-05-27,184.33013916015625,hold_days,0.0808924077979698,0.0798924077979698,True,0.06283008651933986,0.017062321278629944,29.350000381469727,-0.07617249107412483,-0.059294882571516716,1.058040920304929,0.5448212030438575,0.5673609161285165,1.200991223004421
LOW,2022-09-30,174.40167236328125,2022-10-07,183.13058471679688,hold_days,0.050050622997084515,0.049050622997084514,False,0.007937173235320394,0.04111344976176412,31.84000015258789,0.16416817946957862,0.21202891502722054,1.279817146317324,0.3606227264209546,0.4558042488619107,1.1215698498853828
LOW,2023-01-05,187.4504852294922,2023-01-12,196.31089782714844,hold_days,0.04726801633406619,0.046268016334066187,False,0.03291135783728971,0.013356658496776475,22.010000228881836,0.016628204004375036,-0.018287236664447093,0.8961804899594399,0.8308088300458919,0.8016519806428202,0.9966094679304276
UNH,2015-12-10,97.68353271484376,2015-12-17,100.2136688232422,hold_days,0.025901357558232085,0.024901357558232085,True,0.002948877487177759,0.021952480071054326,19.610000610351562,0.23255818971873143,0.23101068642039646,0.9680852301774377,0.6900362043434002,0.18055560461296788,1.0075826208790726
UNH,2016-01-15,91.84991455078124,2016-01-25,95.3047103881836,hold_days,0.037613489944972045,0.036613489944972044,True,-0.001038287609743005,0.03765177755471505,23.950000762939453,-0.04161660735110029,0.3851937243931014,1.3848059740560736,0.5174809131796388,0.7575755959018294,1.0480375916028164
UNH,2016-02-11,92.98468780517578,2016-02-19,98.91920471191406,hold_days,0.06382251795233707,0.06282251795233706,False,0.05216965966238707,0.010652858289949996,26.290000915527344,0.21431877038120994,0.13760277893508044,1.220924517068449,0.3312527418032101,0.447617571334805,0.5477711071876201
UNH,2016-05-17,109.35468292236328,2016-05-24,111.91214752197266,hold_days,0.023386877738240663,0.022386877738240663,False,0.0230007923795732,-0.0006139146413325358,14.680000305175781,0.007549801829483727,0.0,0.9313137352954731,0.25560231277155515,0.9055789494364781,1.1392200089712028
UNH,2016-07-14,119.41683197021484,2016-07-21,121.13809967041016,hold_days,0.01441394543630703,0.013413945436307029,True,-0.0019093125752381868,0.015323258011545215,13.039999961853027,-0.12834225076190353,-0.30453333536783855,0.8666801046499683,0.15545981433041375,0.934131298825899,1.4048064201075012
UNH,2016-09-13,114.09935760498048,2016-09-15,115.51339721679688,resistance,0.012393054978555584,0.011393054978555583,False,0.01234599988029772,-0.0009529449017421365,15.15999984741211,0.26544243962317915,0.11062273048212878,0.9896213587705583,0.32584394877159567,0.9429422411620512,1.1287007309905552
UNH,2016-10-03,117.96656036376952,2016-10-10,117.61736297607422,hold_days,-0.00296013875981882,-0.00396013875981882,False,-0.0035791532095909018,-0.00038098555022791827,13.289999961853027,0.08136696526476017,-0.13532855817782563,1.0263057734726817,0.27219292859979355,0.7669920891232844,0.957594295641305
UNH,2017-12-29,191.38621520996097,2018-01-08,195.119140625,hold_days,0.019504672324199612,0.01850467232419961,True,0.03458633633766173,-0.016081664013462116,10.180000305175781,0.04732510550512403,0.0,0.9768162758930469,0.0,0.9924284021616635,1.1522866436110235
UNH,2018-07-20,220.87940979003903,2018-07-27,223.72015380859375,hold_days,0.012861063062668654,0.011861063062668653,False,0.007392119495722049,0.004468943566946604,12.869999885559082,0.023052461336390273,-0.14028058410225575,0.8893986190578115,0.6428553110734917,0.2322554816861386,0.6905104669336
UNH,2018-10-26,226.43069458007812,2018-11-02,228.9127655029297,hold_days,0.01096172463479217,0.009961724634792168,True,0.03486921943977306,-0.02490749480498089,24.219999313354492,0.20737786431524619,-0.03042434919171333,1.5088205621187494,0.2156138679009854,0.9204062120468227,0.867121902575292
UNH,2019-03-07,208.25558471679688,2019-03-14,223.68484497070312,hold_days,0.07408809840508357,0.07308809840508357,False,0.021411689351794827,0.05167640905328874,15.739999771118164,0.07074829764266632,0.12268183004245414,0.7502936377769788,0.20426216978753936,0.43312221592289923,0.8312183632739085
UNH,2019-08-14,215.74234008789065,2019-08-21,213.2141265869141,hold_days,-0.0117186709847803,-0.0127186709847803,False,0.03679614935115194,-0.04951482033593224,17.520000457763672,-0.13138322302957506,0.2568149917607052,1.1960637174711026,0.035185577643088065,0.8614520891725825,0.9362258954758862
UNH,2020-08-27,281.267822265625,2020-09-03,285.383056640625,hold_days,0.01463101730532701,0.013631017305327009,False,-0.0032267105319591094,0.01685772783728612,23.270000457763672,0.03238684616616161,0.044434458734624815,0.832975814156074,0.6659508627465169,0.6722608996975792,1.668242924370534
UNH,2021-11-05,418.9904174804687,2021-11-12,421.91351318359375,hold_days,0.006976521612839237,0.005976521612839237,False,0.0014906198295492334,0.004485901783290004,15.4399995803833,-0.06594077803897569,0.02864752464654008,0.8640593300788186,0.1772349500901424,0.7244097137117413,0.8306714232745739
UNH,2021-11-26,404.3747863769531,2021-11-29,415.4881896972656,resistance,0.027482928448344657,0.026482928448344656,False,0.010580153950163984,0.015902774498180672,18.579999923706055,0.08591462658774773,-0.008008522274227658,1.0093070910037392,0.17051273810289164,0.8464404706796689,1.4476895332951996
UNH,2022-05-06,462.1228942871094,2022-05-13,448.9701232910156,hold_days,-0.028461630355673617,-0.029461630355673618,False,-0.014969632774584962,-0.014491997581088656,31.200000762939453,0.04034681564041165,0.3756613907901638,1.152007917225084,0.8823167564819911,0.2560629481912939,1.1745846529495507
UNH,2022-09-29,473.8020629882813,2022-10-06,483.39312744140625,hold_days,0.020242766341357576,0.019242766341357576,False,0.021604335786567397,-0.0023615694452098213,30.18000030517578,0.07824224908774013,0.15366974316558912,1.2475052694199984,0.5170712100573917,0.8493851125025127,1.0231793253395098
UNH,2022-12-09,503.629150390625,2022-12-12,509.8499450683594,resistance,0.012351935293875238,0.011351935293875237,False,0.013436004113611677,-0.00208406881973644,22.290000915527344,0.12348794073067992,0.0953317197882777,0.8029681195290677,0.03430532820688281,0.5512625667449533,0.9700387345559541
UNH,2023-06-16,431.5330505371094,2023-06-26,450.8936767578125,hold_days,0.04486475878639151,0.04386475878639151,True,-0.020342384038273154,0.06420714282466466,14.5,0.062271091957821545,-0.07348240553109175,0.8216263601555047,0.052879863290426266,0.4490543400193206,1.1237642246831674
UNH,2023-10-27,495.7349853515625,2023-11-03,501.6310424804687,hold_days,0.011893566730467597,0.010893566730467596,False,0.06013727524431056,-0.049243708513842965,20.68000030517578,-0.03364482832658766,0.23906528720452536,1.2281861013360473,0.5246872880717397,0.7345914074256106,0.7092220614900138
UNH,2024-12-19,471.11669921875,2024-12-27,491.0879821777344,hold_days,0.0423913713780526,0.0413913713780526,False,0.020563231295191775,0.020828140082860824,27.6200008392334,1.0338734163774395,1.0535316900307423,0.9910310104954734,0.17288966872395753,0.6679647279939961,0.8218323758229182
UNH,2025-02-26,446.40771484375,2025-03-05,458.3385009765625,hold_days,0.02672620955260263,0.02572620955260263,True,-0.007645173185354626,0.033371382737957256,19.43000030517578,0.2657980340268502,0.22896899364199053,1.0787001178032318,0.36296249106049283,0.9816334056079188,1.0102530665840503
UNH,2025-03-12,465.25823974609375,2025-03-19,486.6204528808594,hold_days,0.045914744350199266,0.044914744350199265,False,0.017753987553283945,0.02716075679691532,26.920000076293945,0.14504465394359944,0.38548634346253574,1.4031837094561066,0.2608175792397064,0.9241970496426966,0.6583981071046097
UNH,2025-06-25,294.1423034667969,2025-07-02,299.537841796875,hold_days,0.018343292571267877,0.017343292571267876,False,0.029367719450871466,-0.01202442687960359,17.479999542236328,-0.08529570989298085,0.018648001029701433,0.8290174082010837,0.48471461506683355,0.9691815766581239,0.6717624648971228
UNH,2026-05-29,378.1502075195313,2026-06-05,397.201416015625,hold_days,0.050380002753561026,0.049380002753561025,False,-0.011629413597594507,0.06100941635115553,15.739999771118164,-0.06085921502590108,-0.08806491527272375,0.7842944364835648,0.5025846887959031,0.1891570916444488,1.1831619741968744
PFE,2015-06-12,20.083755493164062,2015-06-19,20.066144943237305,hold_days,-0.0008768554234167558,-0.0018768554234167558,False,0.00976480986548034,-0.011641665288897096,12.850000381469727,-0.12644457184593938,-0.034560482617942645,1.0020680275723697,0.3055608296011701,0.6451537593546416,0.9964516577382033
PFE,2015-07-08,19.637584686279297,2015-07-15,20.535802841186523,hold_days,0.045739746982978335,0.044739746982978335,False,0.0274557984316528,0.017283948551325534,16.09000015258789,-0.14641910732240737,0.2629513690466656,1.1541262893097237,0.17646606671950765,0.8405827081360596,0.6555608530188094
PFE,2016-03-03,18.00670623779297,2016-03-10,17.82596778869629,hold_days,-0.010037285370788185,-0.011037285370788186,False,-0.0011691521484796796,-0.009868133222308506,17.09000015258789,-0.175193015495275,-0.23397577043079487,0.8811816403067306,0.7380994548126241,0.5609769252645176,0.7659888077034143
PFE,2018-09-06,27.6259708404541,2018-09-13,28.333486557006836,hold_days,0.025610528608706273,0.024610528608706272,True,0.011338991578634161,0.013271537030072111,13.90999984741211,0.11279998779296885,0.08164853956194906,0.9954929211483489,0.7173886441507572,0.8939391170324865,0.793366785488327
PFE,2018-10-26,28.168176651000977,2018-11-02,28.386383056640625,hold_days,0.007746557696765022,0.006746557696765022,True,0.03486921943977306,-0.028122661743008037,24.219999313354492,0.20737786431524619,-0.03042434919171333,1.5088205621187494,0.3818191786830401,0.7675442231693957,1.0231364865059682
PFE,2018-12-11,29.3250675201416,2018-12-18,28.25227165222168,hold_days,-0.036582895066928134,-0.037582895066928135,False,-0.030728378076863128,-0.006854516990065007,22.639999389648438,0.2529053553959495,0.052044558924751794,1.1451589315910582,0.46808474235535125,0.8926178480934105,0.8845847879226575
PFE,2019-01-14,28.232288360595703,2019-01-22,28.1656551361084,hold_days,-0.002360177950729181,-0.003360177950729181,False,0.016816503471398514,-0.020176681422127696,18.190000534057617,-0.1492048059834724,-0.3928571064781863,0.9124576000926288,0.4347860289490274,1.0,0.5533556549745247
PFE,2019-04-24,26.462417602539062,2019-05-01,27.403417587280273,hold_days,0.035559864517100026,0.034559864517100025,True,-0.002889234655975792,0.03744909917307582,12.279999732971191,-0.0032467502308325402,-0.0682853225618788,0.8468468566550832,0.4374947647049057,0.7105257589063737,0.5509780419987786
PFE,2019-06-28,29.37564468383789,2019-07-08,29.36208152770996,hold_days,-0.0004617143308310867,-0.0014617143308310867,False,0.013593178780682225,-0.015054893111513312,15.819999694824219,0.07254235219147254,0.0,1.0360231303885794,0.45946166217508894,0.7636338382361519,1.222902429723971
PFE,2020-06-15,23.521595001220703,2020-06-22,23.345319747924805,hold_days,-0.007494187927593821,-0.008494187927593821,True,0.013627090971731093,-0.022121278899324914,36.09000015258789,0.4718596851070145,0.3118865813275493,0.8094641755737265,0.6249994764726848,0.666669219487725,1.0936289985346273
PFE,2020-08-13,27.17608070373535,2020-08-20,27.567670822143555,hold_days,0.014409366923699984,0.013409366923699984,False,0.0014850475316385836,0.0119243193920614,22.280000686645508,-0.03088295309009148,-0.07551865834091853,0.805741403425422,0.966668453641413,0.7027025558549984,0.4621410773615106
PFE,2022-01-06,43.20311737060547,2022-01-13,43.75457763671875,hold_days,0.012764362844068344,0.011764362844068343,True,-0.010669676097832537,0.02243403894190088,19.729999542236328,0.16401172000978548,-0.06092340184203937,0.9223818541785388,0.30701636974474655,0.24299271998687974,0.7057239138456747
PFE,2022-07-20,40.669525146484375,2022-07-27,41.573829650878906,hold_days,0.0222354330702752,0.0212354330702752,True,0.01653986671755936,0.004695566352715841,24.5,-0.10223528112598568,-0.11038492427258273,0.89581131640009,0.3263169729799218,0.844444727015332,0.8896771533594844
PFE,2022-09-29,35.61396789550781,2022-10-06,34.751033782958984,hold_days,-0.02423021537731196,-0.02523021537731196,False,0.021604335786567397,-0.04683455116387936,30.18000030517578,0.07824224908774013,0.15366974316558912,1.2475052694199984,0.3134323259468391,0.355930559596544,0.742641940657899
PFE,2023-02-01,36.09300231933594,2023-02-08,36.1012077331543,hold_days,0.00022734084977926727,-0.0007726591502207327,False,-0.00598185916887739,0.005209200018656658,19.399999618530273,0.010416606648103066,0.002066064406905266,0.8816454402265363,0.72727407840437,0.9240512135822706,1.025381417757256
PFE,2024-10-29,25.28583335876465,2024-11-05,24.868255615234375,hold_days,-0.01651429627038692,-0.01751429627038692,False,-0.0035082206064672716,-0.014006075663919648,19.799999237060547,0.07784422060411966,0.005076064479612397,1.0222825502010524,0.3771917789883677,0.7894744767354331,2.9225288037394552
PFE,2025-03-03,24.076128005981445,2025-03-07,24.51637840270996,resistance,0.018285764082129008,0.017285764082129007,False,-0.01333474281082736,0.030620506892956367,19.6299991607666,0.07797914045502363,0.29999991157986683,1.1886301512781228,0.3010759083488521,0.8965526313193254,1.8592814056453857
PFE,2025-09-08,23.342418670654297,2025-09-15,22.79094696044922,hold_days,-0.02362530284397557,-0.02462530284397557,False,0.010188884723539848,-0.03481418756751542,15.180000305175781,0.05197505087584697,-0.08554217130495156,0.9567978241707499,0.36363610091610715,0.9736835500855808,1.5520776608074607
PFE,2026-03-27,26.600906372070312,2026-04-06,27.378076553344727,hold_days,0.02921592860047828,0.02821592860047828,False,0.03361812284875576,-0.005402194248277481,27.440000534057617,0.1404821755253869,0.0054965047086139585,1.3354363042577333,0.02666727701823058,0.5789475445382921,1.2342810762911056
PFE,2026-04-14,26.669769287109375,2026-04-21,26.866519927978516,hold_days,0.007377290697607952,0.006377290697607952,False,0.0075949311301510836,-0.0012176404325431314,19.1200008392334,-0.20893666616135476,-0.3842189594513028,0.9739513548137549,0.13043802763173648,0.7415733708231141,0.39307838723145516
PFE,2026-05-01,25.902435302734375,2026-05-08,25.68000030517578,hold_days,-0.008587416393821212,-0.009587416393821213,False,0.011896520644380404,-0.021483937038201617,16.889999389648438,-0.12532367391113453,-0.05852849014222927,0.8265630632713717,0.12499701976492432,0.6666676758471856,0.5501941096009385
LLY,2015-11-13,66.7770004272461,2015-11-20,70.90704345703125,hold_days,0.061848286136854336,0.060848286136854335,True,0.0393952630133918,0.021453023123462533,18.3700008392334,0.2205980469383919,0.2573580609796735,0.7698138493101216,0.3394532015566862,0.062497516470776206,0.764415291426316
LLY,2016-05-25,63.42799377441406,2016-06-02,64.2108383178711,hold_days,0.012342256106054217,0.011342256106054216,True,0.009366264565305427,0.0019759915407487894,14.420000076293945,-0.07385996410215456,0.05796037822597122,1.029108633883516,0.08571781494775327,0.7500000000000024,0.6805294269148955
LLY,2016-09-29,68.28514862060547,2016-10-06,69.76663970947266,resistance,0.021695655919245382,0.02069565591924538,False,0.005053118967080827,0.015642536952164554,12.390000343322754,-0.06842104017758133,-0.31697900991148387,0.9775626982081925,0.41128660116041027,0.6000013268494607,1.1496166100151015
LLY,2017-01-30,64.38805389404297,2017-02-01,66.88771057128906,resistance,0.03882174605493649,0.03782174605493649,False,-0.0024390052266546336,0.04026075128159112,10.579999923706055,-0.08318891172620257,-0.08318891172620257,0.833126640333888,0.4838675275027234,0.977523273955471,0.8181770333194291
LLY,2017-11-17,73.3145523071289,2017-11-21,73.86292266845703,resistance,0.007479693240584728,0.006479693240584728,False,0.008645241284394256,-0.002165548043809528,11.760000228881836,0.12000002179827018,0.18429001686457247,1.1326018875917534,0.13234749632555481,0.8938577012091979,0.6424653759276485
LLY,2018-09-06,95.06117248535156,2018-09-13,96.15279388427734,hold_days,0.011483357193958321,0.01048335719395832,False,0.011338991578634161,-0.0008556343846758407,13.90999984741211,0.11279998779296885,0.08164853956194906,0.9954929211483489,0.8181828137548389,0.7234054065753215,1.6534784385160628
LLY,2019-10-14,99.4703140258789,2019-10-21,99.47953033447266,hold_days,9.265386044066126e-05,-0.0009073461395593388,False,0.012608937764492012,-0.013516283904051352,15.579999923706055,-0.08568080477571416,-0.09523806359136044,1.0638616756877037,0.01600341796874758,0.49677597188450373,0.6918330304643341
LLY,2020-01-31,129.47103881835938,2020-02-07,135.74803161621094,hold_days,0.048481829258030684,0.04748182925803068,False,0.03198127893650593,0.015500550321524753,15.489999771118164,0.1933744466411118,0.2471819384835534,1.212764361490101,0.0502952435985409,0.8131665544429736,1.3325310850105778
LLY,2022-07-20,311.5190124511719,2022-07-27,318.2034912109375,hold_days,0.021457691160385872,0.02045769116038587,False,0.01653986671755936,0.003917824442826512,24.5,-0.10223528112598568,-0.11038492427258273,0.89581131640009,0.22902782744384195,0.7870052606935345,1.0648403367050534
LLY,2022-09-02,292.4462585449219,2022-09-12,305.9267578125,hold_days,0.04609564620402695,0.04509564620402695,True,0.0487309150088957,-0.003635268804868752,25.559999465942383,0.17355365748976292,0.3067484746329938,1.0362194869750951,0.15009350756958853,0.9685747851611362,1.518337416130963
LLY,2022-10-12,315.0011291503906,2022-10-19,319.5820007324219,hold_days,0.014542397338024093,0.013542397338024093,True,0.03519987941236957,-0.02165748207434548,33.630001068115234,0.15686279398561198,0.03159517307375914,1.2433105288136628,0.07062468959183808,0.8510425243107291,1.074915008572264
LLY,2024-07-19,845.6590576171875,2024-07-26,793.5369873046875,hold_days,-0.06163485135411939,-0.06263485135411939,False,0.009808232049604015,-0.07244308340372341,15.930000305175781,0.2329721525624977,0.3176178746173077,1.0509950816638753,0.164276629677732,0.16719092468108818,1.2262769984544377
LLY,2025-07-21,756.826171875,2025-07-28,802.43359375,hold_days,0.06026142272803514,0.05926142272803514,False,0.016961810559275925,0.042299612168759215,16.40999984741211,0.0006097700679539297,0.0018315438450915433,0.8721972331567696,0.1460863196331577,0.7250974152871874,0.5581303838825721
BMY,2016-06-15,50.75214767456055,2016-06-22,50.570308685302734,hold_days,-0.0035828826481161258,-0.004582882648116126,False,0.00603935446764714,-0.010622237115763267,20.5,0.45907471328851135,0.44467939437713877,1.1857927885204214,0.06299335584097258,0.9494917579241875,1.2335702179986872
BMY,2016-08-10,42.591644287109375,2016-08-17,40.98865509033203,hold_days,-0.03763623648741121,-0.03863623648741121,False,0.0013884385924289866,-0.0400246750798402,11.65999984741211,-0.1278982836786664,-0.10651343471317465,0.7955588048823488,0.06015166985991183,0.6190480515528982,0.836627543930333
BMY,2016-09-16,39.09037780761719,2016-09-23,39.70907974243164,hold_days,0.01582747390826933,0.014827473908269329,False,0.014646382354933651,0.00018109155333567717,16.299999237060547,0.3029575490677243,0.21460500330801335,1.2218772684722348,0.0795450112056614,0.6542065070910613,0.7527727794667747
BMY,2017-03-23,39.74236297607422,2017-03-30,39.450191497802734,hold_days,-0.007351638312180331,-0.008351638312180332,True,0.01026155632873782,-0.01861319464091815,12.8100004196167,0.10146176212935543,0.0801012470860063,1.0086313634728943,0.10588272253189106,0.9520019531249982,0.8755090594268657
BMY,2018-03-27,45.680625915527344,2018-04-04,46.097843170166016,hold_days,0.009133352406558215,0.008133352406558214,True,0.01576496656776749,-0.007631614161209277,21.030000686645508,0.105678242928821,0.3326996858374345,1.2455151536443938,0.32620372126991004,0.9076096984523521,1.3004312217236338
BMY,2018-06-21,39.73341369628906,2018-06-28,40.7352294921875,hold_days,0.025213433800479246,0.024213433800479245,True,-0.01680619037836817,0.041019624178847414,12.789999961853027,-0.0115919338017344,0.09879721517276119,0.8032704443111002,0.4943808184888644,0.9199981689453064,1.1763079992624321
BMY,2019-12-23,48.82415771484375,2019-12-27,49.54249954223633,resistance,0.014712836042928501,0.0137128360429285,False,0.0033480443128288684,0.010364791730099632,12.510000228881836,-0.009501178501326923,-0.08149777283435578,0.8770313180637787,0.18055239134696335,0.8805946355266829,0.6316455378488944
BMY,2020-09-24,46.034236907958984,2020-10-01,47.63048553466797,hold_days,0.03467524898697749,0.03367524898697749,False,0.04066044274757963,-0.0069851937606021375,28.579999923706055,0.09754220118572032,-0.00798332337729546,1.0501394924211587,0.49107121569749623,0.4204571562333531,1.0624944297086025
BMY,2021-10-01,48.884883880615234,2021-10-08,47.03660583496094,hold_days,-0.037808784616694346,-0.03880878461669435,False,0.010522561922932328,-0.049331346539626675,23.139999389648438,0.24208268556337686,0.23809517006068925,1.142877774547418,0.774774124593187,0.014082161163111031,1.1236189287503173
BMY,2021-12-23,50.97138595581055,2021-12-31,51.21781921386719,hold_days,0.004834737243956555,0.003834737243956555,False,0.012163361144513107,-0.008328623900556553,18.6299991607666,-0.034214708317067966,-0.06381911970395648,1.0691481172026875,0.28169006517195455,0.86666628990602,0.47256355990224125
BMY,2022-12-23,61.735626220703125,2023-01-03,61.20204544067383,hold_days,-0.008642996154631377,-0.009642996154631378,False,0.003074838117876233,-0.012717834272507611,21.969999313354492,-0.03766975966822328,-0.014356284837563016,0.8484343173835615,0.2753608766081159,0.9705895552530408,0.9425541799315634
BMY,2023-01-12,61.122806549072266,2023-01-20,63.299652099609375,hold_days,0.03561429314914455,0.03461429314914455,True,-0.015705875000309844,0.05032016814945439,21.09000015258789,-0.04179918522157522,-0.025866026596281233,0.9070121319408564,0.6136339991677129,0.9583326710641331,0.7088258106222651
BMY,2023-08-28,53.52469253540039,2023-09-05,52.656349182128906,hold_days,-0.01622322917029695,-0.01722322917029695,False,0.007824854984570528,-0.025048084154867478,15.680000305175781,-0.09364156088598885,0.056603783285096965,1.1307330527693138,0.2524258540487725,0.7904785087065981,1.1822635196694025
BMY,2024-01-25,44.02077102661133,2024-02-01,43.18666458129883,hold_days,-0.018948019897431334,-0.019948019897431335,False,0.0027307702464467454,-0.02267879014387808,13.140000343322754,-0.11156184062109664,0.029780572697859498,0.9674642599888442,0.18889077268681811,0.3090949444787435,1.0437844465595947
BMY,2026-01-23,53.48846435546875,2026-01-30,53.87996292114258,hold_days,0.0073193083853004826,0.0063193083853004825,True,-0.0029913636086671413,0.009310671993967623,15.640000343322754,-0.06626863621953705,0.016905086277451353,0.9869121653903442,0.44210699614916465,0.4957255761180046,0.8296459653804336
GILD,2015-11-03,75.44439697265625,2015-11-10,75.27153015136719,hold_days,-0.0022913142423514055,-0.0032913142423514055,False,-0.009639925564082552,0.006348611321731147,14.149999618530273,-0.07455855763027708,-0.05540720621291462,0.7131965674711979,0.6393426220076611,0.7852766479285935,0.3458173410272849
GILD,2016-10-03,55.0913200378418,2016-10-10,53.297996520996094,hold_days,-0.032551834220234444,-0.033551834220234444,True,-0.0035791532095909018,-0.029972681010643543,13.289999961853027,0.08136696526476017,-0.13532855817782563,1.0263057734726817,0.453487340536896,0.6772174820008416,1.355430693248544
GILD,2016-10-19,51.78003692626953,2016-10-26,53.22031784057617,hold_days,0.027815370552120022,0.02681537055212002,False,0.0004871213974777522,0.02632824915464227,15.279999732971191,-0.005208328482694813,0.12105646402615267,1.1886925283760066,0.04917827750957856,0.5434793425439066,0.5011987692592406
GILD,2018-03-05,56.98138046264648,2018-03-12,59.27760696411133,hold_days,0.04029783909798601,0.03929783909798601,False,0.022875301555087768,0.01642253754289824,19.59000015258789,0.18799274860508497,0.02404605394676107,1.3081573115553666,0.5064924127202679,0.9196798715564269,0.8193651091198372
GILD,2018-05-10,48.14219284057617,2018-05-17,49.78447723388672,hold_days,0.03411320291846698,0.03311320291846698,True,0.003800433549938642,0.029312769368528335,13.420000076293945,-0.15967439875373823,-0.24775784969109294,0.8016203153697585,0.1797795189191974,0.7260314059519838,0.5527966975922672
GILD,2019-01-16,51.032283782958984,2019-01-24,51.19825744628906,hold_days,0.003252326782708037,0.002252326782708037,False,0.011528604271722198,-0.009276277489014162,18.600000381469727,-0.09135315068939898,-0.26829267011625146,0.8721916925621941,0.06817905961911037,0.8869033292310268,0.797506298893539
GILD,2020-01-24,49.47727966308594,2020-01-31,49.51644515991211,hold_days,0.0007915854932378785,-0.0002084145067621215,True,-0.024646339810897366,0.024437925304135244,12.979999542236328,0.04508852355091797,-0.034944258267204265,0.9665004636306316,0.22794272330757154,0.9090914345329494,1.4213864201102377
GILD,2020-03-16,54.48504638671875,2020-03-23,57.418853759765625,hold_days,0.053846102143762176,0.052846102143762175,False,-0.05358116886151887,0.10642727100528104,57.83000183105469,0.37887467154627763,0.441785114711017,2.733990411955566,0.5351606901556255,0.7222222222222233,2.029650153634713
GILD,2020-10-02,50.12041091918945,2020-10-09,51.46672058105469,hold_days,0.026861504867466524,0.025861504867466523,False,0.04023980309356423,-0.014378298226097708,26.700000762939453,-0.06348647672435925,0.009070358532538014,1.03006404536918,0.011832342790328368,0.6100006103515639,1.5320036623417042
GILD,2021-06-22,55.865352630615234,2021-06-29,56.59856796264648,hold_days,0.013124688156527009,0.012124688156527008,False,0.011159075698784715,0.0009656124577422931,17.889999389648438,0.09151922244410615,0.0895249273157297,0.9979008245371278,0.32927362554545525,0.7249995231646735,0.7557743501479134
GILD,2021-10-15,56.916561126708984,2021-10-22,56.58833694458008,hold_days,-0.005766760598873932,-0.006766760598873932,True,0.021888513202214632,-0.028655273801088565,16.860000610351562,-0.1371545639512297,-0.2713914842239019,1.002227299584485,0.02999877929687217,0.2054805973893074,0.9915927784420381
GILD,2022-07-21,53.184295654296875,2022-07-28,52.652530670166016,hold_days,-0.009998533920377195,-0.010998533920377196,False,0.01701271070312904,-0.028011244623506237,23.8799991607666,-0.1096197079608836,-0.10662178938560829,0.877342988824077,0.27368222392656083,0.5333320146710625,0.9789871004116725
GILD,2022-09-15,57.30508804321289,2022-09-22,56.220699310302734,hold_days,-0.018923079432186518,-0.01992307943218652,True,-0.039071740634683105,0.019148661202496586,26.15999984741211,0.06168833179444966,-0.0019076397866097938,1.0159121422289983,0.2929308497930781,0.7333333333333425,0.70240292843634
GILD,2024-06-05,59.582313537597656,2024-06-12,60.0113639831543,hold_days,0.007200969886573816,0.006200969886573816,False,0.00042962986332661934,0.0057713400232471965,13.15999984741211,0.018575833568184263,0.0831275934644029,0.9476694178849865,0.5135147209936097,0.6857174776090552,0.8022930925023749
GILD,2024-09-26,79.1358413696289,2024-10-03,80.21270751953125,hold_days,0.013607818294020468,0.012607818294020467,False,-0.00739460385434898,0.020002422148369448,15.40999984741211,-0.154690058455058,-0.12888641140829493,0.9158689324098822,0.937983120715864,0.03260743369877241,0.8918681699580351
GILD,2025-03-24,103.29649353027344,2025-03-31,108.43519592285156,hold_days,0.04974711354623196,0.04874711354623196,False,-0.014355905024848403,0.06310301857108036,19.280000686645508,-0.11437757091227685,-0.17501069771985744,1.1054183920675946,0.4961232057628485,0.8640014648437516,0.48865552483548585
GILD,2025-04-29,100.8481216430664,2025-05-06,94.72232055664062,hold_days,-0.06074283771101796,-0.06174283771101796,True,-0.0037198256334679547,-0.05802301207755001,25.149999618530273,-0.2563571896667046,-0.33040472047441183,1.1436852244008378,0.03267926598184593,0.9411751506243732,0.8499057129693056
GILD,2025-11-28,123.49671173095705,2025-12-05,118.9627456665039,hold_days,-0.03671325334014219,-0.037713253340142194,False,0.002394703716970037,-0.04010795705711223,17.190000534057617,-0.27345728466106345,-0.01827525360601634,1.1840005992061773,0.3241359715239607,0.6388886534141371,0.9168231512905122
GILD,2025-12-12,118.15801239013672,2025-12-19,122.7812042236328,hold_days,0.03912719704721446,0.038127197047214456,True,-0.0018041783945196288,0.039931375441734085,14.850000381469727,-0.05893532111780064,-0.13612565909766994,0.8814184821411385,0.21219587082127553,0.8065696377705459,1.7362989544113026
GILD,2026-04-29,127.99877166748048,2026-05-06,135.41006469726562,hold_days,0.0579012824360412,0.0569012824360412,False,0.024893151246824896,0.032008131189216305,17.829999923706055,-0.0856410295535357,-0.028867138835860784,0.8506145614706929,0.4285680921129536,0.4319230328385652,0.7231850763534251
CVS,2017-06-20,58.48421859741211,2017-06-27,60.52191925048828,hold_days,0.03484188900775265,0.033841889007752646,True,-0.00321674452124876,0.037058633529001406,10.369999885559082,-0.09511345104359514,0.029791479625273176,0.9081928591604377,0.10226888497785187,1.0,0.5895426847749391
CVS,2017-08-08,59.46242141723633,2017-08-15,59.87107849121094,hold_days,0.0068725266182341205,0.0058725266182341205,False,0.0006032452222488605,0.00526928139598526,9.930000305175781,-0.032163734536487354,0.05302226763720985,0.9618870107302407,0.8114032739489511,0.8759721556868485,1.82141504246493
CVS,2018-04-13,48.620513916015625,2018-04-20,50.29778289794922,hold_days,0.03449714630394096,0.03349714630394096,False,0.004342672654407798,0.029154473649533164,18.489999771118164,-0.023759279316295068,-0.19151731121064763,1.0725613577160908,0.4393067407554393,0.6046539480045954,1.0485748747705435
CVS,2018-07-03,49.818904876708984,2018-07-11,51.98159408569336,hold_days,0.04341101464065833,0.04241101464065833,True,0.0253223373914937,0.01708867724916463,15.600000381469727,-0.09982686381145489,0.26726237609303594,1.1081290241043542,0.1964291796377384,0.9240489825876221,0.5550821682726166
CVS,2018-10-26,54.94821548461914,2018-11-02,57.27556991577149,hold_days,0.042355414286453286,0.041355414286453285,False,0.03486921943977306,0.006486194846680227,24.219999313354492,0.20737786431524619,-0.03042434919171333,1.5088205621187494,0.5828231483561739,0.7088602705064843,0.924309737884136
CVS,2018-12-13,57.494991302490234,2018-12-20,52.09578323364258,hold_days,-0.09390745083239638,-0.09490745083239638,False,-0.06751205168582253,-0.02739539914657385,21.459999084472656,0.03471549283029107,0.12828593943135336,1.1924418073306287,0.4666680230034736,0.2402613809195881,1.0766636642915508
CVS,2019-12-13,59.63815689086914,2019-12-20,60.44046401977539,hold_days,0.013452916232377543,0.012452916232377542,True,0.01679163845115106,-0.004338722218773516,13.9399995803833,-0.03994496274759074,0.18638294301134484,1.0251124099207982,0.010410954549424834,0.7652206218943417,0.9142768338013906
CVS,2020-06-15,52.093849182128906,2020-06-22,52.90010070800781,hold_days,0.01547690444336558,0.01447690444336558,False,0.013627090971731093,0.0008498134716344863,36.09000015258789,0.4718596851070145,0.3118865813275493,0.8094641755737265,0.7653064799280662,0.46381618160987925,1.033610342881463
CVS,2020-07-31,52.18561935424805,2020-08-04,53.877079010009766,resistance,0.032412371007416896,0.031412371007416895,True,0.012139250554805692,0.019273120452611203,24.760000228881836,-0.050613485379053746,-0.11571427753993446,0.8505701512845215,0.4037251333958877,0.8275849973253356,1.358803172394651
CVS,2020-08-17,53.81072998046875,2020-08-24,52.95672607421875,hold_days,-0.015870513307661316,-0.016870513307661317,False,0.008011201038220506,-0.024881714345881822,22.049999237060547,-0.007203955605922019,-0.09852820677094754,0.8077702308463574,0.020004272460939457,0.9937093639787882,0.6876221325348457
CVS,2020-09-03,50.121097564697266,2020-09-11,47.59223175048828,hold_days,-0.05045511644960843,-0.05145511644960843,False,-0.0202671872304524,-0.03118792921915603,26.56999969482422,0.14181345819267288,0.17879319501361213,0.9349219424988056,0.2102562497432409,0.6403508184872304,1.4018206308368677
CVS,2021-02-05,60.75831604003906,2021-02-12,62.46709442138672,hold_days,0.028124189291579338,0.027124189291579337,False,0.012469064163820986,0.01465512512775835,21.770000457763672,-0.27937765251528845,0.021106977925928305,1.1357832209845176,0.17482513751580808,0.16799926757812786,0.9150047905666449
CVS,2021-06-04,73.26468658447266,2021-06-11,72.41738891601562,hold_days,-0.011564884911916096,-0.012564884911916097,False,0.0012313113562683053,-0.013796196268184402,18.040000915527344,0.03917052311451563,-0.1866546137369689,0.9150196077367058,0.29670679767933084,0.8536551326305595,0.6173439698258355
CVS,2022-12-09,89.1183853149414,2022-12-16,83.68272399902344,hold_days,-0.06099371411082599,-0.06199371411082599,False,-0.017702247299188678,-0.044291466811637314,22.290000915527344,0.12348794073067992,0.0953317197882777,0.8029681195290677,0.10345031701349817,0.16447322190432972,0.7381736864925132
CVS,2023-08-03,66.68942260742188,2023-08-10,66.36637878417969,hold_days,-0.004844003900646099,-0.005844003900646099,False,-0.0048313622842940385,-0.0010126416163520604,16.09000015258789,0.21986358335580136,0.16933138698758543,0.9503144936436967,0.2387091058099095,0.8116515066220256,2.150691599374615
CVS,2024-04-04,67.48921203613281,2024-04-11,63.6900749206543,hold_days,-0.05629250958574694,-0.05729250958574694,True,-0.004071820520336944,-0.05322068906541,14.329999923706055,0.08232629693586735,0.036903056450344085,0.9960669940995563,0.08053887156484484,0.9275371933723656,1.002071840449486
CVS,2024-06-14,55.52809524536133,2024-06-24,56.920440673828125,hold_days,0.025074611731493057,0.024074611731493056,True,0.015477109847633175,0.008597501883859882,11.9399995803833,-0.05087443141527548,-0.17484455010068944,0.8748716906157488,0.5988706774857492,0.7075807799884014,1.1124939780860046
CVS,2024-12-23,41.619102478027344,2024-12-31,42.32626724243164,hold_days,0.016991350661097027,0.015991350661097026,True,-0.007575079834006737,0.023566430495103763,18.360000610351562,0.3294714013383897,0.4377447104310308,1.14795802964127,0.707314917332684,0.6238534036544116,0.43697799061360515
CVS,2025-12-05,74.36014556884766,2025-12-12,78.08650970458984,hold_days,0.05011238355218217,0.04911238355218217,False,0.004795560171047875,0.044316823381134296,15.779999732971191,-0.08202447686332925,-0.33305157080560244,0.9102070966372553,0.3403116474333607,0.98490532358691,1.0366000902020895
CVS,2026-01-09,78.95173645019531,2026-01-16,77.28028106689453,hold_days,-0.021170596853878898,-0.0221705968538789,True,0.0018734683063181823,-0.02404406516019708,15.449999809265137,0.03344481648020681,0.10357141494750977,0.8532741595039776,0.5401073009526567,0.7433140898798499,1.3088903857508714
CVS,2026-07-09,102.80999755859376,2026-07-16,106.5,hold_days,0.03589147484711508,0.03489147484711508,True,0.0055511432898665,0.029340331557248578,16.899999618530273,0.02735555226262565,-0.13288867024133877,0.9214386667099718,0.1672599120856496,0.3711341827906272,1.2365782238633232
TMO,2016-03-21,135.5630645751953,2016-03-29,136.06793212890625,hold_days,0.0037242264719596907,0.0027242264719596907,False,0.0011104328952042941,0.0016137935767553966,14.020000457763672,-0.15030300255977747,-0.16844602904962003,0.7401206221841786,0.5769284942955103,0.7441854570524806,0.49738957429110653
TMO,2016-04-07,137.91258239746094,2016-04-14,140.40774536132812,hold_days,0.018092351839777532,0.01709235183977753,True,0.01940040135200438,-0.0023080495122268507,14.09000015258789,0.039085524820815065,-0.005645725001786839,0.71049457583991,0.2000029533081916,0.9511009468665351,1.3272472455159712
TMO,2016-05-03,140.6504364013672,2016-05-10,144.49514770507812,hold_days,0.027335224845939976,0.026335224845939975,False,0.007895112584743513,0.018440112261196462,14.680000305175781,0.04261366368756336,0.09962545960314295,0.855526182400221,0.45599975585936964,0.8491603443866612,1.0946736453529673
TMO,2017-06-29,169.64688110351562,2017-07-07,173.15899658203125,hold_days,0.020702505437589558,0.019702505437589557,True,-0.0001503056220125698,0.019852811059602127,10.029999732971191,-0.06697676902593563,-0.0573308825816321,0.9021989835037166,0.23793112520060344,0.7999999999999977,1.5040511711589055
TMO,2019-05-15,257.9797668457031,2019-05-22,266.4339904785156,hold_days,0.032770878647506274,0.03177087864750627,False,-0.0014525771552341693,0.03322345580274044,18.059999465942383,-0.06521740418139799,0.3765243615452054,1.296015022730668,0.5877224683558439,0.6994064513785123,1.2201087711971825
TMO,2019-05-31,261.843994140625,2019-06-07,276.2710876464844,hold_days,0.05509805009356539,0.054098050093565386,False,0.05237430081931138,0.001723749274254005,17.299999237060547,0.1728813042074948,0.05231135493100081,1.1623958685810352,0.460280790319939,0.8722248124443676,0.835509154446023
TMO,2021-03-10,434.4703369140625,2021-03-17,436.21923828125,hold_days,0.0040253642621714825,0.0030253642621714824,True,0.015087441432156457,-0.012062077169984975,24.030000686645508,-0.0029045516064821753,0.039809608481007785,1.083011341262787,0.018896880957342196,0.02923420074349421,1.5960898163028023
TMO,2021-05-03,460.6316223144531,2021-05-10,456.7780151367187,hold_days,-0.008365919730764282,-0.009365919730764283,True,0.003926864392253426,-0.013292784123017709,18.610000610351562,0.07386039770805586,0.14523080679086542,0.8660065636945665,0.2803495584685462,0.5142580217313704,0.8795628809843287
TMO,2023-03-17,541.751220703125,2023-03-24,552.559814453125,resistance,0.019951212543594776,0.018951212543594775,True,0.014576243791010635,0.004374968752584141,22.989999771118164,0.016806685117585873,0.1735579168987973,1.2000869603882178,0.2977984276019318,0.9207873244143903,0.7869832579677662
TMO,2023-04-06,569.47509765625,2023-04-12,573.4342041015625,resistance,0.006952202934960239,0.005952202934960239,False,0.0003473261265913852,0.005604876808368854,19.079999923706055,-0.0020920980006059464,-0.14285715509786046,0.9210718992041057,0.31885041864675323,0.9764253038269944,0.9298815643579641
TMO,2023-08-03,543.141845703125,2023-08-10,542.052490234375,hold_days,-0.0020056555711330804,-0.0030056555711330804,False,-0.0048313622842940385,0.001825706713160958,16.09000015258789,0.21986358335580136,0.16933138698758543,0.9503144936436967,0.414864485904232,0.8396084198915383,0.45426692184314205
TMO,2024-01-05,526.8720703125,2024-01-12,539.8546752929688,hold_days,0.024640905661916124,0.023640905661916123,True,0.009144046145628693,0.01449685951628743,14.130000114440918,0.1367658702757446,0.12769356868057358,0.886546006402066,0.07378700609163286,0.8019139269139247,1.1060064072722597
TMO,2025-07-09,418.3548583984375,2025-07-16,414.7978210449219,hold_days,-0.00850244064843142,-0.00950244064843142,True,-0.010877730301632638,0.001375289653201217,16.809999465942383,0.004781824620143427,-0.15229452694820078,0.7806794426317358,0.45688152702834667,0.5212920480483252,1.4805590132883497
TMO,2025-09-12,477.7184143066406,2025-09-19,478.2669067382813,hold_days,0.0011481500717043236,0.00014815007170432357,False,0.007203249178415971,-0.007055099106711648,14.710000038146973,-0.03856210099560475,-0.00942763230480792,0.9228415292168506,0.0,0.9493130931781241,1.1040375251746992
TMO,2025-09-29,460.77496337890625,2025-10-06,542.460693359375,hold_days,0.17727901138868218,0.17627901138868218,False,0.019202225310312793,0.1570767860783694,15.289999961853027,-0.010355977306624964,0.03590784043038875,1.016736271103745,0.5028088763922964,0.7237565334682121,1.013908308974854
TMO,2025-11-20,571.1718139648438,2025-11-28,589.2123413085938,hold_days,0.03158511485102866,0.03058511485102866,False,0.04570537591950585,-0.015120261068477192,23.65999984741211,0.351227843411799,0.31371457783046663,1.2664617381478949,0.3569617804565189,0.8879864914954033,0.8822728062895028
TMO,2026-05-01,468.7401123046875,2026-05-08,464.5343322753906,hold_days,-0.00897251999326032,-0.00997251999326032,True,0.011896520644380404,-0.021869040637640724,16.889999389648438,-0.12532367391113453,-0.05852849014222927,0.8265630632713717,0.08084391336818432,0.946258222295827,1.049396247394328
MDT,2015-06-12,56.70221710205078,2015-06-19,57.595706939697266,hold_days,0.015757582036667328,0.014757582036667327,False,0.00976480986548034,0.004992772171186988,12.850000381469727,-0.12644457184593938,-0.034560482617942645,1.0020680275723697,0.28571255570626347,0.25925768942764715,0.656111924015832
MDT,2017-05-19,65.15384674072266,2017-05-26,66.60989379882812,resistance,0.022347829498076344,0.021347829498076343,True,0.02068831017683892,0.0006595193212374229,14.65999984741211,0.38301880375776465,0.4015296170122369,1.020024775410553,0.7812507450587662,0.6428575321115426,1.3956974052293658
MDT,2018-10-15,75.55643463134766,2018-10-22,75.39539337158203,hold_days,-0.0021314036395625457,-0.0031314036395625458,False,-0.003099205887805545,-3.21977517570007e-05,21.309999465942383,0.43792172096904647,0.758250797620315,1.5097454506582821,0.37106773382468883,0.7168673591322734,0.942042039116014
MDT,2019-05-16,71.75155639648438,2019-05-23,74.6261978149414,hold_days,0.04006381969712769,0.03906381969712769,True,-0.019026863522189075,0.05809068321931676,16.440000534057617,-0.1525772753956839,0.11081083258022062,1.2525664109302979,0.03361414576602058,0.816213920151105,0.8419812230060612
MDT,2020-02-21,93.66779327392578,2020-02-28,83.24093627929688,hold_days,-0.11131741904216952,-0.11231741904216952,True,-0.11504270776043035,0.002725288718260832,15.5600004196167,0.13246002029230186,0.027062759829046268,1.0397049935577958,0.5084731516503344,0.29223683843816656,0.5683120142819302
MDT,2020-03-11,76.435791015625,2020-03-18,61.63483428955078,hold_days,-0.19363908621091663,-0.19463908621091663,False,-0.1141143467419602,-0.08052473946895644,47.29999923706055,0.28462790953552064,0.6983841504193324,2.307284237727427,0.42627413842123035,0.9979915402634122,0.9948015112585935
MDT,2020-09-10,87.75394439697266,2020-09-17,90.29158782958984,hold_days,0.02891771361453155,0.027917713614531547,False,0.022297505966196507,0.0056202076483350405,28.809999465942383,0.10298616157272433,0.30776207752943385,1.1270079642297024,0.1291507720893603,0.7051299607444195,1.1468913059279362
MDT,2020-11-20,92.78230285644533,2020-11-27,96.51348114013672,resistance,0.040214331492335775,0.039214331492335774,False,0.027261927468678726,0.011952404023657048,23.110000610351562,-0.08836290877358544,-0.1620739421943348,0.8271925619615815,0.406900144169572,0.8856097183316687,0.523194240412929
MDT,2021-09-16,111.93718719482422,2021-09-23,112.246337890625,hold_days,0.0027618229790133952,0.0017618229790133952,True,-0.0011126979572513296,0.002874520936264725,18.18000030517578,0.012249511799437007,0.10315538896603416,1.1077803749461257,0.34862250468964834,0.6381302396276068,1.0658467926792783
MDT,2022-07-18,77.04582977294922,2022-07-25,79.54391479492188,hold_days,0.032423364500510976,0.031423364500510975,False,0.04047238839715206,-0.009049023896641084,24.229999542236328,-0.01663960460909575,-0.15604317955758018,0.9252679880143867,0.09178863256904206,0.8606573779923409,1.4225072483587655
MDT,2023-02-16,75.05458068847656,2023-02-24,74.42169189453125,hold_days,-0.008432380650718718,-0.009432380650718719,False,-0.02160228451048629,0.012169903859767572,18.229999542236328,-0.07131939268384568,0.020145421717751466,0.9513652367884716,0.35861912930009066,0.994973795493668,0.893148858704507
MDT,2024-02-16,77.79344177246094,2024-02-26,77.10232543945312,hold_days,-0.008883992239722027,-0.009883992239722028,False,0.013509407398898832,-0.02339339963862086,14.010000228881836,0.0953870422726768,0.00936600240411134,1.0797266681075008,0.1901828717463838,0.7679992675781259,1.3160961376904363
MDT,2024-08-14,76.62348937988281,2024-08-21,82.0604476928711,resistance,0.07095680915852065,0.06995680915852065,False,0.03075388322347905,0.0392029259350416,18.1200008392334,-0.34608439415694636,0.02430753488943793,1.4682739706707375,0.8888865341414849,0.9206302111401016,0.6712034048023882
MDT,2026-02-20,95.21647644042967,2026-02-23,96.93678283691406,resistance,0.0180673183969442,0.017067318396944198,True,-0.010233994093282184,0.02730131249022638,20.229999542236328,0.14617563623046093,0.0853004401636881,1.2084362182235477,0.27857068898805937,0.3804364501830653,0.6183104260274569
MDT,2026-03-24,85.11091613769531,2026-03-31,85.87518310546875,hold_days,0.00897965857325489,0.007979658573254889,False,0.002845589039891072,0.0051340695333638164,26.149999618530273,0.1122926143745937,0.025490181118834165,1.2946459563977644,0.3684196436936952,0.6136346559546875,0.6523980032455593
SYK,2015-08-11,89.84991455078125,2015-08-18,92.04721069335938,hold_days,0.0244551834418969,0.0234551834418969,False,0.007968933256715438,0.01548625018518146,12.229999542236328,-0.026273954327657778,-0.216025689540137,0.9172646282635095,0.8869583101133166,0.6804152902312411,0.8302791460969399
SYK,2016-02-11,85.50434875488281,2016-02-19,86.8915023803711,hold_days,0.016223193857248797,0.015223193857248796,False,0.05216965966238707,-0.03694646580513827,26.290000915527344,0.21431877038120994,0.13760277893508044,1.220924517068449,0.28655307339838343,0.37423238223620403,0.7382406488164283
SYK,2017-07-06,126.33268737792967,2017-07-13,129.8976287841797,hold_days,0.02821867784372656,0.027218677843726558,False,0.01484899561398123,0.012369682229745327,11.069999694824219,0.0009040935649318182,0.01933702069850929,0.9697718460699599,0.8698619399475258,0.8659267404887999,1.020105358813667
SYK,2018-05-31,159.2838897705078,2018-06-07,163.06411743164062,hold_days,0.02373264280888221,0.02273264280888221,False,0.026179517494554272,-0.0034468746856720633,14.9399995803833,0.130105845583395,0.021189300308780634,0.8288589231112194,0.04608580087615066,0.686008301175389,0.8453218264398653
SYK,2018-10-15,155.91314697265625,2018-10-22,154.39454650878906,hold_days,-0.009740041127728083,-0.010740041127728084,True,-0.003099205887805545,-0.007640835239922539,21.309999465942383,0.43792172096904647,0.758250797620315,1.5097454506582821,0.16738158075691986,0.5906577629102373,0.764412734742571
SYK,2019-11-08,185.89759826660156,2019-11-15,191.91799926757812,hold_days,0.032385577097895135,0.031385577097895134,False,0.012034086002338684,0.01935149109555645,12.729999542236328,-0.037065107026855504,-0.07148070701559972,0.8008313149949643,0.07339590813962771,0.4418110606504114,0.4424126558688089
SYK,2020-04-15,161.57359313964844,2020-04-22,170.3574676513672,hold_days,0.05436454275128244,0.05336454275128244,False,0.015079648007005675,0.038284894744276765,37.7599983215332,-0.16534047478813207,-0.3384723701779969,1.1466805443003762,0.9288961527558587,0.3181816522535883,0.44677716034505577
SYK,2021-03-08,222.9339904785156,2021-03-15,227.8932952880859,hold_days,0.02224561987575524,0.02124561987575524,False,0.033660947922720785,-0.012415328046965546,24.65999984741211,-0.11771022632277528,0.11836737871468062,1.070745436371401,0.03846003364763938,0.8602764200711123,0.8631140452484134
SYK,2021-09-17,259.2142028808594,2021-09-24,262.6414489746094,hold_days,0.013221675570475044,0.012221675570475043,True,0.0074991777735209375,0.004722497796954106,18.690000534057617,-0.005850995078025778,0.1601489649881367,1.1043821200307122,0.17337326744833864,0.44945921822907436,0.7334807629633188
SYK,2022-03-11,236.3929901123047,2022-03-18,255.06434631347656,hold_days,0.07898439032520188,0.07798439032520188,True,0.057041636768845994,0.020942753556355886,30.229999542236328,-0.008202099860715961,-0.0029683427933296924,1.3625019746112206,0.04535090117053318,0.8828111961471524,0.6107926560835396
SYK,2022-04-26,238.07728576660156,2022-05-03,227.52685546875,hold_days,-0.0443151486034441,-0.0453151486034441,True,0.0006222383349310245,-0.045937386938375124,27.020000457763672,0.21876411207845514,0.27693764898907824,0.9436207646917371,0.0,0.907216454302346,0.6025764147653947
SYK,2022-06-03,219.06166076660156,2022-06-10,206.99041748046875,hold_days,-0.05510431740492494,-0.05610431740492494,False,-0.0488607459188255,-0.007243571486099443,24.719999313354492,-0.12865708205518456,-0.2015503861641813,0.9869616368584988,0.08378319304859175,0.9845407180914565,0.6373161300968717
SYK,2022-08-04,205.6373748779297,2022-08-11,209.26573181152344,hold_days,0.017644442970289775,0.016644442970289774,True,0.009266759637069466,0.0073776833332203084,21.950000762939453,-0.05550770313611941,-0.08082070626694238,0.8292961945741206,0.11877298318023996,0.6436269081705278,0.44967586799114956
SYK,2022-09-30,195.07492065429688,2022-10-07,200.8345489501953,hold_days,0.02952521152683385,0.02852521152683385,False,0.007937173235320394,0.020588038291513455,31.84000015258789,0.16416817946957862,0.21202891502722054,1.279817146317324,0.03249931335449246,0.7746206976273712,1.4628877264438942
SYK,2022-10-14,201.42202758789065,2022-10-17,207.6824493408203,resistance,0.031081117730273666,0.030081117730273665,True,0.0233073731919895,0.0067737445382841655,31.940000534057617,0.04652686942973894,0.0031407154833698048,1.2799549806246011,0.10150000791979173,0.8216176378998951,1.3268408264669378
SYK,2024-04-08,342.32080078125,2024-04-15,331.9263916015625,hold_days,-0.030364526946551895,-0.031364526946551896,True,-0.03131635385938725,-4.8173087164649075e-05,16.030000686645508,0.2321291625390871,0.2407121201228084,1.0834597899724872,0.6536327136025417,0.8132119649575047,0.727345760058934
SYK,2024-07-18,324.9575500488281,2024-07-19,334.4934997558594,resistance,0.029345216646292416,0.028345216646292415,False,-0.0040409778258791995,0.032386194472171614,14.479999542236328,0.1268481799515846,0.20365751152515044,1.0039828446423185,0.15340111117981367,0.25435412888544906,1.1785864736057647
SYK,2024-09-20,357.9016418457031,2024-09-27,353.4476623535156,hold_days,-0.012444702598228607,-0.013444702598228608,False,0.014015824188637449,-0.027460526786866057,16.329999923706055,-0.04335089539237302,-0.179396973028077,1.0063676742571015,0.5538839258398084,0.5955839454276233,0.6600075689802403
SYK,2025-05-09,376.27593994140625,2025-05-16,389.40386962890625,hold_days,0.03488910210295204,0.03388910210295204,False,0.04165838769095709,-0.007769285588005048,22.479999542236328,-0.08617889456742922,-0.150736678300749,0.9494186405738031,0.14988672017381746,0.016779485709025616,0.5040439762936333
BDX,2015-09-04,87.07353973388672,2015-09-14,88.33113861083984,hold_days,0.014442951105428703,0.013442951105428702,False,0.020174813401221625,-0.006731862295792923,25.610000610351562,-0.018773937316340028,0.33803560224784124,1.636963952296718,0.4071428063917926,0.2307706156913773,0.9136358282487353
BDX,2016-03-21,97.5503921508789,2016-03-29,99.0872039794922,hold_days,0.01575403024763178,0.014754030247631778,True,0.0011104328952042941,0.013643597352427483,14.020000457763672,-0.15030300255977747,-0.16844602904962003,0.7401206221841786,0.09789995756788321,0.9458774185443801,0.6543956259644499
BDX,2016-09-13,112.74607849121094,2016-09-20,115.90245819091795,hold_days,0.02799547214365483,0.02699547214365483,False,0.013719911963714582,0.013275560179940249,15.15999984741211,0.26544243962317915,0.11062273048212878,0.9896213587705583,0.222219152091215,0.9498400344253484,0.9854594798337815
BDX,2017-11-17,147.4995880126953,2017-11-27,150.9073944091797,hold_days,0.023103836711673154,0.022103836711673153,False,0.008525370161807544,0.013578466549865609,11.760000228881836,0.12000002179827018,0.18429001686457247,1.1326018875917534,0.2599936337833964,0.9714332115306618,0.41323284210779637
BDX,2018-05-31,149.37789916992188,2018-06-07,155.40892028808594,hold_days,0.04037425316380694,0.03937425316380694,True,0.026179517494554272,0.013194735669252666,14.9399995803833,0.130105845583395,0.021189300308780634,0.8288589231112194,0.13672729212225487,0.9130427731165172,1.2190665450086422
BDX,2018-10-26,155.32691955566406,2018-11-02,159.79002380371094,hold_days,0.02873361720437284,0.02773361720437284,True,0.03486921943977306,-0.007135602235400218,24.219999313354492,0.20737786431524619,-0.03042434919171333,1.5088205621187494,0.47743223453344813,0.7433904587462539,1.1173567805835303
BDX,2020-03-11,160.2938232421875,2020-03-18,162.23611450195312,hold_days,0.012117068646063878,0.011117068646063877,False,-0.1141143467419602,0.12523141538802407,47.29999923706055,0.28462790953552064,0.6983841504193324,2.307284237727427,0.5248091240778875,0.8030475885344179,0.6367100679725206
BDX,2021-05-11,168.97914123535156,2021-05-18,169.66566467285156,hold_days,0.0040627703069209264,0.0030627703069209264,False,-0.004612158904149011,0.007674929211069937,19.65999984741211,0.07373022505985327,0.11451250156783188,0.9244401798315556,0.07701736869680288,0.7718398959683681,1.446219029156475
BDX,2022-07-18,171.12315368652344,2022-07-25,177.19947814941406,hold_days,0.035508488080004064,0.03450848808000406,False,0.04047238839715206,-0.0059639003171479965,24.229999542236328,-0.01663960460909575,-0.15604317955758018,0.9252679880143867,0.07336146040976683,0.8134799998255348,1.1603437822479008
BDX,2022-10-12,161.79263305664062,2022-10-19,165.22207641601562,hold_days,0.021196535927407778,0.020196535927407777,True,0.03519987941236957,-0.015003343484961795,33.630001068115234,0.15686279398561198,0.03159517307375914,1.2433105288136628,0.028010047082107907,0.7330377105167515,0.5979284117207799
BDX,2023-01-12,187.2595977783203,2023-01-20,186.67857360839844,hold_days,-0.0031027737793696275,-0.0041027737793696275,False,-0.015705875000309844,0.011603101220940215,21.09000015258789,-0.04179918522157522,-0.025866026596281233,0.9070121319408564,0.1326510402741008,0.8076939825442102,0.8307933778575587
BDX,2024-09-20,176.4537353515625,2024-09-27,182.50682067871097,hold_days,0.03430409288354497,0.03330409288354497,False,0.014015824188637449,0.019288268694907518,16.329999923706055,-0.04335089539237302,-0.179396973028077,1.0063676742571015,0.7406018329344383,0.6666666666666707,0.5723424644401007
BDX,2024-11-22,169.27467346191406,2024-12-02,168.38294982910156,hold_days,-0.005267909336792442,-0.006267909336792442,False,0.008922049070037463,-0.015189958406829907,16.8700008392334,0.17889590108658227,0.10986849019236922,0.8989051167944231,0.27974262480262485,0.9266276041666718,0.7447396021034023
BDX,2025-11-24,147.3269500732422,2025-12-02,146.9488983154297,hold_days,-0.0025660733329818664,-0.0035660733329818664,True,0.016895875611843802,-0.02046194894482567,23.43000030517578,0.18154313642563635,0.22798744228845846,1.3546411956577211,0.06474855303672468,0.4591383243497327,0.5692203353390944
BDX,2026-02-02,156.62281799316406,2026-02-09,160.87367248535156,hold_days,0.027140710061627438,0.026140710061627437,False,0.007372622050490163,0.018768088011137274,17.440000534057617,0.0839030682826063,0.10101012411974786,0.974657954032842,0.2975225171033671,0.8553279112499215,0.5516071683974949
ISRG,2016-04-07,68.30889129638672,2016-04-14,69.23222351074219,hold_days,0.013517013624905871,0.01251701362490587,False,0.01940040135200438,-0.006883387727098511,14.09000015258789,0.039085524820815065,-0.005645725001786839,0.71049457583991,0.3416374454775374,0.854391314047743,1.2126322167118473
ISRG,2017-03-10,81.57333374023438,2017-03-17,83.31444549560547,hold_days,0.021344128963952436,0.020344128963952435,False,0.004518424402967014,0.01582570456098542,12.300000190734863,0.04149024163489967,0.05038429980067316,0.9817718556705242,0.20652498414001566,0.9034513558399508,0.9062144253407104
ISRG,2018-06-27,158.79666137695312,2018-07-05,162.4633331298828,hold_days,0.023090357952965324,0.022090357952965323,False,0.010082771155420556,0.012007586797544767,15.920000076293945,0.19250933493541078,0.29011344241801096,0.98486436134107,0.018827730575052333,0.7487802245652165,1.8298430442907243
ISRG,2018-07-19,173.76333618164062,2018-07-26,175.65333557128906,hold_days,0.010876859475538403,0.009876859475538402,False,0.011662793228008006,-0.001785933752469604,12.100000381469727,-0.11225236391232041,-0.250309737357847,0.8798280809468556,0.13078025506594343,0.9447917411725437,0.7261593228194523
ISRG,2019-10-09,171.3733367919922,2019-10-16,176.74667358398438,hold_days,0.031354567125656096,0.030354567125656096,False,0.027769276785403862,0.002585290340252233,20.280000686645508,0.09267248223036484,0.18944290874594905,1.134971865590177,0.5326287914873691,0.029374623645855864,0.435943766253409
ISRG,2021-02-25,247.26333618164065,2021-03-04,236.38999938964844,hold_days,-0.04397472330473051,-0.04497472330473051,False,-0.021394332245652348,-0.023580391059078165,21.34000015258789,-0.007441853368005069,-0.013407259335669441,0.9708726757785959,0.36643283820042855,0.9550993142105887,1.5915975616486895
ISRG,2021-11-15,353.55999755859375,2021-11-22,340.7200012207031,hold_days,-0.036316315269129706,-0.03731631526912971,True,-0.0012296360731306466,-0.03608667919599906,16.290000915527344,-0.011529043203068023,0.0018450606533337854,0.9597110426571713,0.335162900404107,0.7193520441814907,0.6908748596923459
ISRG,2021-12-03,321.6300048828125,2021-12-10,344.9599914550781,hold_days,0.07253672299873282,0.07153672299873282,True,0.03681569459058731,0.034721028408145505,27.950000762939453,0.5043057522986476,0.6335476192811871,1.4331958752265386,0.4871170789975249,0.8014454552715875,1.6786309094161447
ISRG,2022-04-08,289.8599853515625,2022-04-18,276.3500061035156,hold_days,-0.04660863841437457,-0.04760863841437457,False,-0.019772374857163877,-0.027836263557210694,21.549999237060547,0.04815174109114628,-0.005537648306917831,0.7982516187119689,0.46959332326393005,0.7661304215854369,0.848376676053708
ISRG,2022-06-03,217.7899932861328,2022-06-10,205.27000427246097,hold_days,-0.05748652095885354,-0.05848652095885354,False,-0.0488607459188255,-0.00962577504002804,24.719999313354492,-0.12865708205518456,-0.2015503861641813,0.9869616368584988,0.10875236015631207,0.9902042402680561,0.9219425032220272
ISRG,2022-09-30,187.44000244140625,2022-10-07,188.67999267578125,hold_days,0.006615398091251112,0.005615398091251112,False,0.007937173235320394,-0.0023217751440692816,31.84000015258789,0.16416817946957862,0.21202891502722054,1.279817146317324,0.051351947658294275,0.47355756886622535,1.3915302080323613
ISRG,2022-12-22,263.6099853515625,2022-12-30,265.3500061035156,hold_days,0.0066007391549776084,0.005600739154977608,False,0.00712876071566626,-0.0015280215606886518,20.06999969482422,-0.05061493499134928,-0.11507939044233328,0.8506073233896215,0.8714513998257789,0.76532982347476,0.9588425161248448
ISRG,2023-07-27,323.55999755859375,2023-08-03,311.2799987792969,hold_days,-0.037952771887609704,-0.038952771887609705,False,-0.010624972785378994,-0.02832779910223071,13.1899995803833,-0.04142446504485664,-0.025849363549172888,0.8945582584883961,0.08166921903168901,0.6300455027541141,1.291636197165934
ISRG,2024-12-13,539.5800170898438,2024-12-20,524.4299926757812,hold_days,-0.02807743788543582,-0.02907743788543582,False,-0.028272336102958318,-0.000805101782477502,13.920000076293945,0.028065001145606505,-0.012765978745102657,0.7981240710010666,0.06815259646946709,0.3681301729110494,0.8285313711176967
ISRG,2025-03-03,566.97998046875,2025-03-10,482.6099853515625,hold_days,-0.14880595086873205,-0.14980595086873205,False,-0.03572480393546218,-0.11408114693326987,19.6299991607666,0.07797914045502363,0.29999991157986683,1.1886301512781228,0.14421958662823064,0.9507260529891305,1.3537640533833195
ISRG,2025-11-20,552.22998046875,2025-11-28,573.47998046875,hold_days,0.038480344696175894,0.037480344696175893,True,0.04570537591950585,-0.00822503122332996,23.65999984741211,0.351227843411799,0.31371457783046663,1.2664617381478949,0.0912056996073282,0.9020744430234906,1.8286653946566962
ISRG,2026-05-15,421.1199951171875,2026-05-22,438.1000061035156,hold_days,0.040321075188089806,0.039321075188089805,False,0.020816936716593792,0.018504138471496012,17.260000228881836,0.01053865960069178,0.021906504002609184,0.8241926758471556,0.049036506142256645,0.18257731358067852,0.9286296989853292
ORCL,2016-05-23,33.62248611450195,2016-05-31,34.49782943725586,hold_days,0.02603446157351086,0.025034461573510858,False,0.0254974778442969,-0.000463016270786043,15.199999809265137,0.01063828775385156,0.03260866396255957,1.017874674687738,0.13333672418399184,0.7301560390188405,0.5426697546575516
ORCL,2018-05-31,41.37461471557617,2018-06-05,41.737701416015625,resistance,0.008775591094574375,0.007775591094574375,False,0.017200783694309996,-0.009425192599735621,14.9399995803833,0.130105845583395,0.021189300308780634,0.8288589231112194,0.021743817690288672,0.774999403952982,0.5968768886240594
ORCL,2018-12-11,41.472049713134766,2018-12-18,40.92753219604492,hold_days,-0.013129746922477037,-0.014129746922477038,False,-0.030728378076863128,0.01659863115438609,22.639999389648438,0.2529053553959495,0.052044558924751794,1.1451589315910582,0.37382974323871515,0.7643659387325159,0.8632691689460951
ORCL,2019-03-22,47.291114807128906,2019-03-29,48.133506774902344,hold_days,0.01781290145535852,0.01681290145535852,True,0.01573772824142461,0.001075173213933911,13.630000114440918,0.009629638106734673,-0.17842073604111686,0.756477378812225,0.026314732770274647,0.9941186370317167,0.9989615050911862
ORCL,2020-12-10,54.94969177246094,2020-12-17,58.7651252746582,hold_days,0.06943503009983099,0.06843503009983098,False,0.01208938647771185,0.056345643622119135,22.270000457763672,0.05196033904135411,0.029112804338460307,0.8018653998854365,0.5714264482217132,0.8378376520723075,0.7638681304592694
ORCL,2022-09-02,70.90607452392578,2022-09-12,73.184814453125,hold_days,0.03213744301174515,0.031137443011745147,False,0.0487309150088957,-0.017593471997150556,25.559999465942383,0.17355365748976292,0.3067484746329938,1.0362194869750951,0.08733516794712225,0.9619567696218051,1.8819649584774585
ORCL,2025-02-25,165.69215393066406,2025-03-04,154.80918884277344,hold_days,-0.06568183724888221,-0.06668183724888221,True,-0.01732719365039015,-0.049354643598492065,18.979999542236328,0.28503716682417046,0.1475210696281386,1.0335561963803235,0.6655825336510593,0.5573087395526977,1.1966831527706825
CRM,2015-06-11,71.16875457763672,2015-06-18,74.4224624633789,hold_days,0.045718207450051285,0.044718207450051284,False,0.00877259457459223,0.035945612875459054,13.220000267028809,-0.032210804194603204,,1.0204371281109235,0.12096918088464025,0.8524568293435381,0.9051831871759007
CRM,2015-07-08,68.20994567871094,2015-07-15,70.14643096923828,hold_days,0.028390072316561543,0.027390072316561542,False,0.0274557984316528,-6.572611509125803e-05,16.09000015258789,-0.14641910732240737,0.2629513690466656,1.1541262893097237,0.2253521883495836,0.8853211169712019,0.9842632273231634
CRM,2015-07-27,71.22771453857422,2015-07-28,72.53510284423828,resistance,0.018355050616653212,0.01735505061665321,True,0.01779714664865306,-0.00044209603199985015,13.739999771118164,0.1497907941776866,-0.1836007229112011,0.8713511892298103,0.0949375645842012,0.8601014353537373,1.2293560202998415
CRM,2016-01-25,68.7309341430664,2016-02-01,67.2761001586914,hold_days,-0.021167091681697503,-0.022167091681697504,False,0.034994073738138454,-0.05716116541983596,22.34000015258789,-0.06722340538890081,-0.10604240267312737,1.391448957537735,0.0749970197649206,0.9328383702657764,0.6552315308850741
CRM,2016-11-16,72.06327056884766,2016-11-23,72.6923828125,hold_days,0.008729998495576208,0.007729998495576208,False,0.01708386183611199,-0.009353863340535784,13.369999885559082,-0.2865528255680799,-0.27963360612735766,0.9607562850416684,0.11564491685523642,0.4999973136044393,0.8454182363651941
CRM,2017-07-06,85.37300872802734,2017-07-13,88.04674530029297,hold_days,0.031318289141985645,0.030318289141985644,True,0.01484899561398123,0.015469293528004413,11.069999694824219,0.0009040935649318182,0.01933702069850929,0.9697718460699599,0.45132737387922334,0.9929063047854069,0.6817671582988073
CRM,2017-07-21,88.16471099853516,2017-07-28,89.07889556884766,hold_days,0.010369053104792636,0.009369053104792635,False,-0.00041372250037696734,0.009782775605169602,9.579999923706055,-0.03232320274288303,-0.23604466085736542,0.9123312139448275,0.13761654114286817,0.925622804971094,0.9713108947294794
CRM,2018-06-27,130.95443725585938,2018-07-05,137.39305114746094,hold_days,0.0491668249394388,0.0481668249394388,True,0.010082771155420556,0.038084053784018246,15.920000076293945,0.19250933493541078,0.29011344241801096,0.98486436134107,0.0277766985147366,0.4955202805802936,1.543650587677067
CRM,2019-05-17,151.94134521484375,2019-05-24,151.88233947753906,hold_days,-0.0003883454975421863,-0.0013883454975421863,False,-0.010537744124557769,0.009149398627015581,15.289999961853027,-0.1994764577760455,0.060332862757007666,1.1978921126071946,0.35087900447054915,0.7267604544106456,0.8786825240555539
CRM,2020-01-29,178.6787872314453,2020-02-05,182.33551025390625,hold_days,0.020465344986499767,0.019465344986499766,False,0.024237979714668567,-0.004772634728168801,16.280000686645508,0.2669260858639346,0.3214286598955789,1.132012785366264,0.060487294653296754,0.7122518269276765,0.7643706794331954
CRM,2020-04-23,149.13980102539062,2020-04-30,159.1958465576172,hold_days,0.06742697430925593,0.06642697430925593,False,0.0366860060454961,0.029740968263759826,41.97999954223633,0.027913794940968017,-0.10107068829962118,1.0601482982342185,0.044265828303356305,0.6898612450932192,0.9369906693991065
CRM,2020-09-11,238.9657745361328,2020-09-18,238.65121459960935,hold_days,-0.0013163388654047203,-0.0023163388654047204,False,0.008514057858096225,-0.010830396723500946,29.709999084472656,0.11817837507390339,0.2767511173193973,1.1532511879019445,0.30801749158513714,0.08700221044314506,0.9691713250748206
CRM,2023-02-24,159.44158935546875,2023-03-03,183.25949096679688,hold_days,0.14938324252543067,0.14838324252543067,False,0.013478987695573874,0.1349042548298568,21.139999389648438,0.15962698411868037,0.07692309187153668,1.027176945360193,0.9304019271936657,0.6538440471066946,0.7638012389509209
CRM,2024-06-17,226.85633850097656,2024-06-25,237.958984375,hold_days,0.04894130773417049,0.04794130773417049,True,0.0008082094984009913,0.0471330982357695,12.65999984741211,0.03600651151951917,-0.020123856605766877,0.8814967822066984,0.6658468644439527,0.4528932414948088,0.6282804629984603
CRM,2025-02-14,322.7796630859375,2025-02-24,304.7694091796875,hold_days,-0.05579736261591828,-0.05679736261591828,True,-0.009308421384347398,-0.04748894123157088,15.100000381469727,-0.025806427001953125,-0.04671715681753108,0.9835781326884524,0.6666683966866646,0.9298738208152862,0.7255324389389509
CRM,2025-08-14,231.4113616943359,2025-08-21,243.76681518554688,hold_days,0.05339173237107908,0.05239173237107908,False,-0.002695024152674086,0.055086756523753166,14.489999771118164,-0.13595710342333245,-0.06395347547763186,0.8830207957794922,0.12106523216976861,0.9586554138105724,0.5964440597046616
CRM,2026-06-25,150.19000244140625,2026-07-02,166.11000061035156,hold_days,0.10599905393274223,0.10499905393274223,False,0.026774066894888593,0.07822498703785363,18.6299991607666,0.1352833232173729,-0.062405718474777716,0.9764032211454223,0.2701155809154102,0.3543542511512819,0.9456175837772571
INTC,2015-06-12,24.376983642578125,2015-06-19,24.96072578430176,hold_days,0.02394644679106417,0.022946446791064168,False,0.00976480986548034,0.013181636925583828,12.850000381469727,-0.12644457184593938,-0.034560482617942645,1.0020680275723697,0.1333324856206695,0.03846266707747562,1.55741182408476
INTC,2015-09-28,22.5704402923584,2015-10-05,24.4931697845459,hold_days,0.08518794792135598,0.08418794792135598,False,0.06030919211761954,0.02387875580373644,23.6200008392334,0.06014363156600244,0.0181034509690563,1.1762024053709301,0.16666754969694067,0.3673463032596082,1.4119668136752905
INTC,2016-09-13,28.853092193603516,2016-09-20,30.09278106689453,hold_days,0.04296554646457773,0.04196554646457773,True,0.013719911963714582,0.028245634500863148,15.15999984741211,0.26544243962317915,0.11062273048212878,0.9896213587705583,0.5178575077826415,0.9622667991017424,1.1133007867641054
INTC,2017-01-23,30.018558502197266,2017-01-30,30.549213409423828,hold_days,0.017677561272228415,0.016677561272228414,False,0.013504724818300007,0.003172836453928407,11.539999961853027,0.0,-0.011139684112341675,0.8856252065728395,0.3333352599485591,0.7999983045674945,1.6350562827547994
INTC,2017-07-06,27.856809616088867,2017-07-13,28.36209487915039,hold_days,0.018138662324406862,0.01713866232440686,True,0.01484899561398123,0.0022896667104256307,11.069999694824219,0.0009040935649318182,0.01933702069850929,0.9697718460699599,0.09589005304000273,0.9042550169429616,1.3466365524007504
INTC,2017-08-15,30.043811798095703,2017-08-22,28.91716957092285,hold_days,-0.03749997619290979,-0.03849997619290979,True,-0.004091192822624601,-0.03440878337028519,12.329999923706055,0.24169179705657506,0.2017543517199134,1.241197610447933,0.36000061035155356,0.6666634062365525,0.9728662711809325
INTC,2018-03-22,42.9610710144043,2018-03-29,44.0175666809082,hold_days,0.02459193035829288,0.02359193035829288,False,-0.0018356765327109947,0.025427606891003873,17.860000610351562,0.03656419529036525,0.00563065203721691,1.0755610467026215,0.1691200394933189,0.3900032043456946,1.057152706868571
INTC,2018-11-14,40.52665710449219,2018-11-21,40.47501754760742,hold_days,-0.0012742121007320861,-0.002274212100732086,False,-0.02187904124742912,0.019604829146697034,20.020000457763672,0.005524892576323159,-0.14261241410294367,1.121376617297826,0.18518557764308619,0.317458923830081,0.8626404576506022
INTC,2019-03-27,46.040618896484375,2019-04-03,48.0499153137207,hold_days,0.04364182031857422,0.04264182031857422,False,0.02678296337892494,0.01585885693964928,14.680000305175781,0.08259585921094992,0.06608568025856831,0.8869318516406869,0.2391312460350053,0.5479424137120299,0.9704889458172725
INTC,2019-05-17,39.116268157958984,2019-05-24,38.83742141723633,hold_days,-0.007128664206836444,-0.008128664206836445,True,-0.010537744124557769,0.002409079917721324,15.289999961853027,-0.1994764577760455,0.060332862757007666,1.1978921126071946,0.1340215510460937,0.20754730561333423,0.8677824608513087
INTC,2020-03-03,49.61381530761719,2020-03-10,47.84980392456055,hold_days,-0.035554842378465734,-0.036554842378465735,True,-0.03169417594809265,-0.004860666430373084,33.41999816894531,0.3351976529020313,1.4429822677928574,2.1075066442075725,0.15745852569283791,0.9891889439786034,1.8647283192043385
INTC,2020-05-15,51.95330047607422,2020-05-22,55.501243591308594,hold_days,0.06829100524360898,0.06729100524360898,True,0.028126083931447887,0.039164921312161094,32.61000061035156,0.03721374225253382,-0.04509519316888844,0.7054209356930223,0.9361700976400237,0.9770493033494277,0.8571083826444563
INTC,2020-06-01,55.14468002319336,2020-06-08,56.7581787109375,hold_days,0.02925937165771053,0.02825937165771053,True,0.056195395679689675,-0.027936024021979144,27.510000228881836,-0.06840502576341578,-0.15639375302099223,0.6319260701520175,0.20000076293945007,0.6421572477345565,0.5513989680791442
INTC,2020-09-10,43.941463470458984,2020-09-17,45.16206741333008,hold_days,0.02777795381557291,0.026777953815572908,False,0.022297505966196507,0.004480447849376401,28.809999465942383,0.10298616157272433,0.30776207752943385,1.1270079642297024,0.1811592800732006,0.6236535763800651,1.1553894515777685
INTC,2021-04-16,58.89093780517578,2021-04-23,53.8795280456543,hold_days,-0.08509645025691959,-0.08609645025691959,False,-0.002802311192791951,-0.08329413906412764,16.56999969482422,-0.022418941062592346,-0.14587628759553828,0.75910843660293,0.1894746141120151,0.8701269748477819,0.5732683304356007
INTC,2021-07-27,48.66579055786133,2021-08-03,49.471092224121094,hold_days,0.016547592405846245,0.015547592405846244,False,0.013467438636016293,0.002080153769829951,17.579999923706055,-0.21866667005750873,0.08719850592204037,0.9985132991232091,0.9775275601351004,0.8707869623267018,0.6880744106815975
INTC,2022-08-04,33.927913665771484,2022-08-11,33.86131286621094,hold_days,-0.001963008990668924,-0.002963008990668924,False,0.009266759637069466,-0.012229768627738391,21.950000762939453,-0.05550770313611941,-0.08082070626694238,0.8292961945741206,0.4054055447300338,0.9473687229673136,0.7055932668795571
INTC,2024-08-26,20.1299991607666,2024-09-03,20.100000381469727,hold_days,-0.0014902523868626227,-0.0024902523868626228,False,3.5014106567032854e-05,-0.0025252664934296556,15.859999656677246,0.071621584613625,-0.22140407445981636,1.032613814886329,0.2950799681065616,0.41791142501700956,0.7908399770744398
INTC,2024-10-07,22.3799991607666,2024-10-14,23.440000534057617,hold_days,0.047363780743533646,0.046363780743533645,True,0.025835701243132947,0.020528079500400698,19.209999084472656,0.13266510150109245,0.18947365561738994,1.0539471331369374,0.5714272739107662,0.475410861245216,0.6620258734333163
INTC,2025-02-27,23.09000015258789,2025-03-06,20.75,hold_days,-0.10134257848091122,-0.10234257848091122,False,-0.013776852968254483,-0.08856572551265673,19.100000381469727,0.2508185860439043,0.19225966514959825,1.1201389022852282,0.015037939030808701,0.5081984641168672,0.8691511626613662
INTC,2025-11-06,37.2400016784668,2025-11-13,35.90999984741211,hold_days,-0.0357143332736134,-0.0367143332736134,False,0.012533093269581519,-0.049247426543194917,18.010000228881836,0.06442081251022302,-0.031720437660618495,1.0656208042829836,0.1447376016102033,0.8037987672235005,1.7135384977212926
INTC,2026-03-06,43.41999816894531,2026-03-13,45.77000045776367,hold_days,0.05412257917825336,0.05312257917825336,False,-0.024838150464523645,0.077960729642777,23.75,0.27482560761547115,0.17399903793445914,1.2698247444959292,0.07368383011359758,0.7022476726044542,0.9632213410310408
AMD,2016-04-21,2.619999885559082,2016-04-28,3.609999895095825,hold_days,0.3778626155647664,0.3768626155647664,False,0.006104732141584357,0.37075788342318206,13.279999732971191,-0.040462457618686276,-0.057487609002468854,0.7415184897586657,0.19999952316352393,0.8181822122616359,0.8987570495267065
AMD,2017-05-26,11.0,2017-06-05,11.239999771118164,hold_days,0.021818161010742188,0.020818161010742187,False,0.011974872831637784,0.008843288179104403,9.989999771118164,-0.31855389665084666,-0.05754722532066403,0.8961575463652102,0.9285699688694219,0.8571396133532545,0.5181471798139594
AMD,2018-04-06,9.609999656677246,2018-04-13,9.93000030517578,hold_days,0.03329871591370859,0.03229871591370859,False,0.015233552512661008,0.01706516340104758,18.940000534057617,-0.1718408465658594,0.06047031840973682,1.1358308720186543,0.18333264456898662,0.37931249938340017,1.2682957804467743
AMD,2018-06-29,14.989999771118164,2018-07-09,16.610000610351562,hold_days,0.10807210566838821,0.1070721056683882,False,0.02484552698948539,0.08222657867890282,16.850000381469727,0.150956283218596,0.39026407100435834,1.0895162886329972,0.019608283125208032,0.9180339914732087,0.6353585895356539
AMD,2019-04-17,27.489999771118164,2019-04-25,27.65999984741211,hold_days,0.006184069760253319,0.005184069760253319,False,0.006593117746229726,-0.0014090479859764074,12.180000305175781,-0.1470587862089876,-0.08832330702281932,0.8380126845468322,0.25714301284461666,0.6376814398536041,1.1495659878152897
AMD,2020-01-10,48.16999816894531,2020-01-17,50.93000030517578,hold_days,0.05729711939266413,0.05629711939266413,False,0.022100828767951386,0.034196290624712744,12.539999961853027,0.005613447740598687,-0.010260466744917651,1.0205800730778318,0.13178143278744758,0.3694279896784477,0.8640366097050198
AMD,2020-09-10,78.9800033569336,2020-09-17,76.55000305175781,hold_days,-0.03076728541266205,-0.03176728541266205,False,0.022297505966196507,-0.05406479137885856,28.809999465942383,0.10298616157272433,0.30776207752943385,1.1270079642297024,0.12170508445723748,0.8322790616821347,1.1688794636193671
AMD,2022-04-29,85.5199966430664,2022-05-06,95.33999633789062,hold_days,0.11482694200526944,0.11382694200526944,True,0.003561548653217228,0.11026539335205221,29.989999771118164,0.32231037775930615,0.37442713980568465,1.1702570667371188,0.02184076593840309,0.8379306988258651,1.4761750303752752
AMD,2025-01-14,116.08999633789062,2025-01-22,123.75,hold_days,0.06598332245453964,0.06498332245453964,False,0.040774670670032265,0.024208651784507373,19.190000534057617,0.18970871249230647,0.3027835119093403,1.067941477032252,0.3822103216813997,0.9478815381059715,1.1668374475219725
AMD,2026-03-06,192.42999267578125,2026-03-13,193.38999938964844,hold_days,0.004988862185764775,0.003988862185764775,False,-0.024838150464523645,0.02882701265028842,23.75,0.27482560761547115,0.17399903793445914,1.2698247444959292,0.13125605726031028,0.5129066232820996,1.2391260247500344
QCOM,2015-06-19,49.051029205322266,2015-06-26,47.4301643371582,hold_days,-0.033044461949601533,-0.034044461949601534,False,-0.009561353130913997,-0.024483108818687538,13.1899995803833,0.026459080842041738,-0.10333109815240671,1.0173172406433875,0.27585874264467225,0.6900024414062516,1.1134082400443126
QCOM,2015-09-18,40.27111053466797,2015-09-25,39.36141204833984,hold_days,-0.022589356842916075,-0.023589356842916076,False,-0.012237660222918278,-0.011351696619997798,21.139999389648438,-0.1325400631248631,-0.18972789321538042,1.2259400660476196,0.4574478014731305,0.12264235819960849,0.8994795720835005
QCOM,2016-05-06,38.38909149169922,2016-05-13,38.690670013427734,hold_days,0.007855838989930808,0.006855838989930808,False,-0.007681001216728656,0.014536840206659463,15.90999984741211,0.045335057048458305,0.1405017967702913,0.9350929765476448,0.7297279185095787,0.8333340902175722,0.7355282071500415
QCOM,2016-10-19,50.50092697143555,2016-10-26,52.35086441040039,hold_days,0.036631752126276895,0.035631752126276894,False,0.0004871213974777522,0.03514463072879914,15.279999732971191,-0.005208328482694813,0.12105646402615267,1.1886925283760066,0.631581589118105,0.8153808232684173,0.5672908690400535
QCOM,2016-11-16,50.89241027832031,2016-11-23,52.297122955322266,hold_days,0.027601614254853857,0.026601614254853856,False,0.01708386183611199,0.009517752418741865,13.369999885559082,-0.2865528255680799,-0.27963360612735766,0.9607562850416684,0.6132103990326518,0.6776819379815603,0.603547227065568
QCOM,2017-01-19,49.851558685302734,2017-01-26,41.813743591308594,hold_days,-0.16123498052958285,-0.16223498052958285,True,0.012842064611192638,-0.1750770451407755,12.479999542236328,0.08616186169182316,-0.028793838774273994,0.8609878593357442,0.07692476983457319,0.5789468400684631,0.8200196545813165
QCOM,2017-12-12,52.14706039428711,2017-12-19,51.85762405395508,hold_days,-0.005550386505846827,-0.006550386505846827,True,0.010074488414830718,-0.016624874920677546,9.34000015258789,-0.20034247358289548,-0.05369804854269966,0.9997246265990352,0.5535694822888378,0.9365065909379872,0.40806568214032557
QCOM,2019-01-31,41.38903045654297,2019-02-07,42.24990463256836,hold_days,0.020799573378005975,0.019799573378005975,False,0.006071530884933507,0.013728042493072468,17.65999984741211,-0.09528691427933789,-0.050537662084894075,0.8651046828924899,0.1926614334160425,0.5783127546482961,1.6789893030544947
QCOM,2019-05-13,70.9309310913086,2019-05-20,64.78397369384766,hold_days,-0.08666116887071496,-0.08766116887071496,False,0.0052146854631898165,-0.09287585433390477,16.040000915527344,0.24630932852805953,0.2600158281474325,1.2533186783747725,0.4838716293263938,0.8355688116847388,0.7465890835727447
QCOM,2020-11-25,127.52025604248048,2020-12-03,133.25277709960938,hold_days,0.04495380761484058,0.04395380761484058,False,0.010024114233645465,0.033929693381195114,21.639999389648438,-0.0471157964755623,-0.12741935260586135,0.8282197612216637,0.011596638655466483,0.9233699115458153,0.8018973023305932
QCOM,2022-04-26,121.35753631591795,2022-05-03,131.13885498046875,hold_days,0.08059918618558681,0.07959918618558681,False,0.0006222383349310245,0.07897694785065579,27.020000457763672,0.21876411207845514,0.27693764898907824,0.9436207646917371,0.23386957841456013,0.9576270748095231,0.7372951942876618
QCOM,2022-05-13,122.65744018554688,2022-05-20,119.6303482055664,hold_days,-0.02467923654204196,-0.02567923654204196,False,-0.03125914445080702,0.005579907908765058,31.770000457763672,0.01826922054121516,0.05935314105469702,1.2047071861941958,0.6962718770904281,0.7538179748026038,0.5701515011793958
QCOM,2023-03-15,107.45960235595705,2023-03-22,113.4890365600586,hold_days,0.056108845295455456,0.055108845295455455,True,0.007072892895729543,0.04803595239972591,23.729999542236328,0.2113322796019239,0.14637674722803284,1.1318304100524241,0.7730255810510013,0.8375813356788461,0.9522570251395021
QCOM,2023-08-07,111.81304168701172,2023-08-14,106.8285675048828,hold_days,-0.0445786475971337,-0.045578647597133704,False,-0.006119930088995251,-0.03945871750813845,17.100000381469727,0.2828207411358725,0.25735293395791525,1.0224939021334964,0.2946054478945581,0.88207541228441,1.7161181209728953
QCOM,2023-12-21,135.2558135986328,2023-12-29,137.3353729248047,hold_days,0.015375008813616642,0.014375008813616641,False,0.011477897576640528,0.002897111236976113,13.670000076293945,0.12141103747799376,0.05397068580211317,0.8095329048692339,0.8529409124772269,0.030535106928189237,0.6710544264099138
QCOM,2024-06-11,199.8242950439453,2024-06-18,217.619873046875,hold_days,0.08905612802995799,0.08805612802995799,False,0.015171231936941476,0.07288489609301652,12.739999771118164,-0.02822272274970139,0.06789601384930122,0.8906546702962578,0.8008580213230969,0.7956819178408583,0.7665171765797532
QCOM,2024-08-26,162.4219207763672,2024-09-03,156.43255615234375,hold_days,-0.036875346599736236,-0.03787534659973624,True,3.5014106567032854e-05,-0.03791036070630327,15.859999656677246,0.071621584613625,-0.22140407445981636,1.032613814886329,0.24935199790737153,0.7192987823533037,0.7978653441863593
TXN,2015-06-12,39.241085052490234,2015-06-19,40.35145950317383,hold_days,0.02829622191125236,0.02729622191125236,False,0.00976480986548034,0.01753141204577202,12.850000381469727,-0.12644457184593938,-0.034560482617942645,1.0020680275723697,0.0384553310738593,0.10144903499025225,0.5965755088534428
TXN,2016-10-17,52.32544708251953,2016-10-24,54.81859588623047,hold_days,0.0476469661076977,0.046646966107697696,False,0.014183582820564755,0.03246338328713294,16.1200008392334,0.19584580019645115,0.21294212832983206,1.157371796179509,0.08063841307343005,0.27722592780039357,0.5674075987510976
TXN,2017-07-27,63.54670333862305,2017-08-03,63.8527717590332,hold_days,0.004816432707440477,0.0038164327074404767,False,0.002395021581776291,0.0014214111256641857,9.600000381469727,-0.019407515947256204,-0.06796114527209485,0.8960443706518721,0.36065737799234227,0.250000000000004,2.19462685615525
TXN,2017-11-17,77.19898223876953,2017-11-27,77.90193176269531,hold_days,0.009105683825618494,0.008105683825618493,False,0.008525370161807544,-0.00041968633618905127,11.760000228881836,0.12000002179827018,0.18429001686457247,1.1326018875917534,0.13683965370469728,0.8037982935203061,0.7587177449986535
TXN,2018-03-21,86.28311920166016,2018-03-28,80.93809509277344,hold_days,-0.06194750674688032,-0.06294750674688032,False,-0.039847517859497916,-0.023099988887382406,18.200000762939453,0.11314986778632896,-0.008714588349299945,1.0769071920297104,0.26009011567239876,0.6878613481510885,1.0808996869732357
TXN,2018-07-18,92.4275131225586,2018-07-25,90.46197509765624,hold_days,-0.02126572444176944,-0.02226572444176944,True,0.0070126211366607905,-0.02927834557843023,12.0600004196167,-0.0458860686671142,-0.2269230689287658,0.8971114714261302,0.5480435065922381,0.9774445578972787,1.2489338519001636
TXN,2020-09-10,116.8110809326172,2020-09-17,119.54427337646484,hold_days,0.023398400408813025,0.022398400408813024,True,0.022297505966196507,0.00010089444261651703,28.809999465942383,0.10298616157272433,0.30776207752943385,1.1270079642297024,0.19284323183051374,0.6803245199322877,1.602220715999168
TXN,2021-04-16,165.59182739257812,2021-04-23,162.9086456298828,hold_days,-0.016203588093355203,-0.017203588093355204,False,-0.002802311192791951,-0.014401276900563253,16.56999969482422,-0.022418941062592346,-0.14587628759553828,0.75910843660293,0.09235456767565786,0.867158027499692,1.033976623250833
TXN,2022-04-14,153.43865966796875,2022-04-22,153.1294403076172,hold_days,-0.002015263695738012,-0.003015263695738012,True,-0.028486775930067654,0.02547151223432964,21.81999969482422,-0.012669714109158181,0.12881530165266386,0.8714223358899473,0.050389453700258366,0.8766218646427323,0.6532505846841511
TXN,2022-09-15,145.65875244140625,2022-09-22,145.61398315429688,hold_days,-0.0003073573428234999,-0.0013073573428235,False,-0.039071740634683105,0.037764383291859605,26.15999984741211,0.06168833179444966,-0.0019076397866097938,1.0159121422289983,0.239898736908625,0.6727810623276382,0.999025830979392
TXN,2022-12-09,157.28085327148438,2022-12-16,153.02976989746094,hold_days,-0.027028613372828025,-0.028028613372828026,True,-0.017702247299188678,-0.010326366073639348,22.290000915527344,0.12348794073067992,0.0953317197882777,0.8029681195290677,0.05691016567525876,0.9564022501527948,0.5931372987043058
TXN,2023-10-17,142.29417419433594,2023-10-24,135.5235137939453,hold_days,-0.04758213355343488,-0.04858213355343488,True,-0.027717454439581957,-0.020864679113852924,17.209999084472656,-0.02768370945456511,-0.022714452698188836,1.0932112193625925,0.784765484870075,0.7378092464574483,0.9685962088457702
TXN,2024-06-24,183.24383544921875,2024-07-01,183.89588928222656,hold_days,0.0035583943733186185,0.0025583943733186185,True,-0.009982576628616013,0.012540971001934631,13.199999809265137,0.10552766106892841,0.049284569898187414,0.9102059623479276,0.17445453249036277,0.4813830326887575,1.064962214707352
TXN,2024-10-10,192.57858276367188,2024-10-17,188.61231994628903,hold_days,-0.02059555512593081,-0.02159555512593081,True,0.014491642039046182,-0.03608719716497699,20.860000610351562,0.10370375827413403,0.35366650336824645,1.138070754483851,0.64112866011603,0.8713593671298597,0.5709052826110625
TXN,2025-09-19,175.7373046875,2025-09-26,180.8124084472656,hold_days,0.028878921119168455,0.027878921119168454,True,0.0016797182601804295,0.026199202858988024,15.699999809265137,0.06730113994227249,0.026143765591094548,0.9790171967019254,0.23621978655725195,0.384163094353804,1.4415952000857724
AVGO,2016-05-17,10.787789344787598,2016-05-24,11.571066856384276,hold_days,0.07260778706020421,0.07160778706020421,True,0.0230007923795732,0.04860699468063101,14.680000305175781,0.007549801829483727,0.0,0.9313137352954731,0.41479023756006606,0.668941812891193,0.933206314227544
AVGO,2017-12-14,20.313905715942383,2017-12-21,20.621252059936523,hold_days,0.015129849881745594,0.014129849881745593,True,0.012063101784955288,0.002066748096790305,10.180000305175781,-0.07622505605216234,-0.0485980853606266,0.9563441959119965,0.4190480803872821,0.5948520122168156,0.7601954919391327
AVGO,2018-02-08,18.101253509521484,2018-02-15,19.856420516967773,hold_days,0.09696383769903272,0.09596383769903272,True,0.05977318246514507,0.03619065523388765,27.729999542236328,1.0480058803812078,1.4176110633534895,2.1087830790958897,0.006659850163956404,0.06229538952206827,1.0639405877045975
AVGO,2018-04-06,18.310487747192383,2018-04-13,19.756160736083984,hold_days,0.07895327578661981,0.07795327578661981,True,0.015233552512661008,0.0627197232739588,18.940000534057617,-0.1718408465658594,0.06047031840973682,1.1358308720186543,0.126423722370063,0.19610877609758354,1.0890467000923036
AVGO,2019-09-19,24.43761444091797,2019-09-26,23.497413635253903,hold_days,-0.03847351008573929,-0.039473510085739294,True,-0.010461691489017655,-0.02901181859672164,13.949999809265137,-0.04517452860517135,-0.19503751467519326,0.8895847637195475,0.7224565997478434,0.5610462698566673,0.7533943798152547
AVGO,2019-11-18,26.396085739135746,2019-11-21,26.75078773498535,resistance,0.013437674030726265,0.012437674030726265,False,-0.0006375390584244522,0.013075213089150717,12.050000190734863,-0.0016569597841772365,-0.020325202936851694,0.8263067738815231,0.5650572381739167,0.9496665343898423,0.9065776301089227
AVGO,2020-03-03,23.507427215576172,2020-03-10,22.534557342529297,hold_days,-0.04138563799964656,-0.042385637999646564,True,-0.03169417594809265,-0.010691462051553913,33.41999816894531,0.3351976529020313,1.4429822677928574,2.1075066442075725,0.15848589678660596,0.9698237611278641,1.9008154944036446
AVGO,2020-07-28,27.06842803955078,2020-08-04,28.92143440246582,hold_days,0.06845637139354888,0.06745637139354888,False,0.018873163720741326,0.04858320767280755,24.739999771118164,0.011447289334661326,-0.23143830920854214,0.8414646345482608,0.20000192337282624,0.9488118276757833,0.8958692676696678
AVGO,2020-10-30,31.072778701782227,2020-11-06,33.82695388793945,hold_days,0.08863626946885361,0.08763626946885361,False,0.06947034530809248,0.018165924160761127,37.59000015258789,0.337246507876108,0.39377089764977447,1.2843212973205862,0.6079356530177117,0.6851454707635081,1.1487260967995458
AVGO,2021-06-22,42.28273010253906,2021-06-29,43.43891525268555,hold_days,0.02734414611692859,0.02634414611692859,True,0.011159075698784715,0.015185070418143876,17.889999389648438,0.09151922244410615,0.0895249273157297,0.9979008245371278,0.4311280652805596,0.8890489042308171,0.8745997416638729
AVGO,2021-12-16,56.91974258422851,2021-12-23,61.35579299926758,hold_days,0.0779351805478512,0.0769351805478512,False,0.005369321111112768,0.07156585943673843,19.290000915527344,-0.03065320174352759,-0.38014137547168114,1.0444153663551725,0.31481452410479843,0.9672350802374299,1.6924109025526024
AVGO,2022-01-25,49.29690170288086,2022-02-01,54.70337677001953,hold_days,0.10967170106803525,0.10867170106803525,True,0.03544525817080757,0.07322644289722768,29.899999618530273,0.5581031154983551,0.5938165913504587,1.300458382372096,0.4683666503968704,0.9359014640524196,1.1416623731504898
AVGO,2023-02-24,55.03667068481445,2023-02-27,55.770172119140625,resistance,0.01332750373885827,0.01232750373885827,False,0.0019708379469192128,0.010356665791939057,21.139999389648438,0.15962698411868037,0.07692309187153668,1.027176945360193,0.6244382943711414,0.8254482885226305,0.5956144032115983
AVGO,2023-04-14,59.44237518310547,2023-04-21,60.724212646484375,hold_days,0.021564371535127025,0.020564371535127024,False,0.007565473348115637,0.012998898187011387,17.799999237060547,-0.06708599013436911,-0.06903773766914623,0.9150175044495247,0.3377520687715875,0.7593173379266636,1.2985668307537048
AVGO,2023-08-08,85.18710327148438,2023-08-15,81.2670669555664,hold_days,-0.046016781477181246,-0.047016781477181246,False,-0.013537832907859926,-0.03347894856932132,15.770000457763672,0.15700662695192746,0.13371679588462437,1.0524020090167288,0.5674446869289005,0.974381608731569,0.965482335912975
AVGO,2024-07-19,154.44540405273438,2024-07-26,148.83096313476562,hold_days,-0.03635226928508495,-0.03735226928508495,False,0.009808232049604015,-0.047160501334688965,15.930000305175781,0.2329721525624977,0.3176178746173077,1.0509950816638753,0.03367656290841862,0.8699093094646583,1.1908825800621614
AVGO,2026-05-21,413.9149169921875,2026-05-29,446.06402587890625,hold_days,0.07767081486296257,0.07667081486296257,True,0.020782391312554216,0.05588842355040835,17.440000534057617,-0.024062690821576194,0.002875281550552833,0.8324072398201345,0.3463836020611696,0.49725461473652366,0.7649696220169241
MU,2016-12-05,18.147300720214844,2016-12-12,19.522247314453125,hold_days,0.07576590124539484,0.07476590124539484,False,0.02367381552212411,0.05109208572327073,14.119999885559082,0.14424632989959063,0.05767786382674123,0.9099111091673473,0.35000143051056426,0.5444453863434062,0.9742530534698709
MU,2017-01-23,21.34575462341309,2017-01-30,23.57881546020508,hold_days,0.1046138155426306,0.1036138155426306,False,0.013504724818300007,0.0901090907243306,11.539999961853027,0.0,-0.011139684112341675,0.8856252065728395,0.2631573663851422,0.1590900224113212,1.0946759069083913
MU,2017-04-07,27.810914993286133,2017-04-17,26.455472946166992,hold_days,-0.04873777246977884,-0.04973777246977884,True,-0.004195287806066594,-0.045542484663712246,12.390000343322754,0.07365687905368401,-0.05564020949724424,1.0543340858330277,0.3333333333333286,0.7894739483861577,0.6895109586241237
MU,2017-04-26,26.123926162719727,2017-05-03,27.30384063720703,hold_days,0.04516604690802972,0.04416604690802972,False,-0.002010311662788089,0.04617635857081781,10.760000228881836,-0.2538141350934554,-0.23416369517365454,1.0675057237443208,0.5882372740634311,0.9538450703812054,0.956764260402728
MU,2017-11-09,42.418460845947266,2017-11-16,45.031829833984375,hold_days,0.06160923654274453,0.06060923654274453,False,0.007533015504398,0.05307622103834653,9.779999732971191,-0.04117647883801323,-0.12911842104816196,0.9075313505600141,0.8288295718935067,0.9275371933723724,0.8690927435191597
MU,2018-08-03,51.49699401855469,2018-08-10,50.09278869628906,hold_days,-0.02726771433998032,-0.02826771433998032,True,-0.00012473384868494364,-0.028142980491295377,12.1899995803833,0.0041185531834064815,-0.052836077018056704,0.9723827875087405,0.48245746122571803,0.9308765724652445,0.6516522778617002
MU,2018-12-13,34.1493034362793,2018-12-20,30.502286911010746,hold_days,-0.10679622007733425,-0.10779622007733425,True,-0.06751205168582253,-0.04028416839151172,21.459999084472656,0.03471549283029107,0.12828593943135336,1.1924418073306287,0.16149194885938067,0.5206592810708881,0.9254955752097969
MU,2019-11-13,45.14885330200195,2019-11-20,44.43699264526367,hold_days,-0.01576697091234247,-0.01676697091234247,False,0.013906684940380387,-0.03067365585272286,12.680000305175781,-0.03206107359264243,-0.03939390239417773,0.8070521095301074,0.6621611868897707,0.22000122070312342,0.7094306690044024
MU,2020-03-18,33.8275032043457,2020-03-25,41.443328857421875,hold_days,0.22513709058189657,0.22413709058189657,False,0.03530075962546664,0.18883633095642993,75.91000366210938,0.6048626825903263,1.0616513930275788,2.959708504704725,0.6556165774170717,0.6575342874803293,1.7758777241250854
MU,2020-06-26,47.28439712524414,2020-07-06,49.65398406982422,hold_days,0.05011350654008884,0.049113506540088836,False,0.05822766263941492,-0.009114156099326087,32.220001220703125,-0.02185784565947302,-0.21010050263475022,0.9497533984606068,0.28925830879524783,0.9408854220496734,0.6663754468914382
MU,2020-07-17,48.24003601074219,2020-07-21,50.239070892333984,resistance,0.04143933228297447,0.04043933228297447,False,0.007542070976766402,0.03289726130620807,28.0,-0.04306220844243602,-0.021663201294651158,0.9290057579677281,0.165219295044881,0.8207526459929568,0.7944021768892272
MU,2021-03-08,82.93543243408203,2021-03-15,86.64091491699219,hold_days,0.04467912415908981,0.04367912415908981,False,0.033660947922720785,0.010018176236369025,24.65999984741211,-0.11771022632277528,0.11836737871468062,1.070745436371401,0.037113476661126146,0.9352160121056498,0.9649733231549953
MU,2023-02-08,59.352264404296875,2023-02-15,60.91857147216797,hold_days,0.026390013651403255,0.025390013651403254,False,0.006642704687562562,0.018747308963840692,18.65999984741211,-0.038144318848921,-0.02812504656612691,0.8794762119297934,0.009524017126154685,0.9033462995290475,1.1066478746150263
MU,2023-08-24,62.98609924316406,2023-08-31,69.16702270507812,hold_days,0.09813154864618623,0.09713154864618623,False,0.02665198758272669,0.07047956106345954,15.979999542236328,-0.047675870779067764,0.0012531017569896719,1.1589009070088285,0.11149819300249018,0.8244899992837745,1.4345650424718264
MU,2024-01-12,81.72463989257812,2024-01-22,88.51932525634766,hold_days,0.08314120897566157,0.08214120897566157,False,0.006511764374002027,0.07562944460165955,12.4399995803833,-0.11960371694055616,0.0008044468995995757,0.8818408219477997,0.5074614118892952,0.9631916198214792,0.8223376178902448
MU,2024-07-05,130.6632537841797,2024-07-12,132.71533203125,hold_days,0.01570509066351433,0.01470509066351433,False,0.016418778269497114,-0.0017136876059827832,12.09000015258789,-0.03665338893672454,-0.017073173568335265,0.8821530958323816,0.11093284662221467,1.0,1.1306847957419435
MU,2024-12-12,97.7359390258789,2024-12-19,86.64315032958984,hold_days,-0.1134975404835663,-0.1144975404835663,False,-0.03600519739378494,-0.07849234308978137,13.579999923706055,0.009665436154977947,-0.03687946409186327,0.7904046035595661,0.11374303049586965,0.862383940476736,1.1102938510701457
MU,2025-08-25,116.23343658447266,2025-09-02,118.2901382446289,hold_days,0.017694578432786434,0.016694578432786433,False,-0.0007291113421518114,0.017423689774938245,14.220000267028809,-0.057654067379838914,-0.06138609735434997,0.908451532459706,0.16161573348027017,0.27923618558934854,0.49015225124833606
NOW,2015-08-10,15.317999839782717,2015-08-17,15.449999809265137,hold_days,0.008617311063001898,0.007617311063001898,False,-0.000648457123347379,0.008265768186349276,13.390000343322754,0.10478551730655306,-0.02547303010376445,0.9194815058813282,0.17763131064382928,0.9760782470614044,0.5764410390584946
NOW,2017-03-23,16.8799991607666,2017-03-30,17.38800048828125,hold_days,0.03009486687033558,0.02909486687033558,True,0.01026155632873782,0.01883331054159776,12.8100004196167,0.10146176212935543,0.0801012470860063,1.0086313634728943,0.16071094056005586,0.9132929814116557,0.9564224107051231
NOW,2017-07-06,20.90800094604492,2017-07-11,21.84000015258789,resistance,0.044576198793375044,0.04357619879337504,False,0.007661642321143969,0.035914556472231074,11.069999694824219,0.0009040935649318182,0.01933702069850929,0.9697718460699599,0.3894764316439746,0.649003694697943,0.7439011841294818
NOW,2017-10-27,25.145999908447266,2017-11-03,24.98200035095215,hold_days,-0.0065218944600419215,-0.0075218944600419215,False,0.0013178092300669686,-0.008839703690108891,11.300000190734863,0.12437810709221475,0.14026239805500484,1.0009906825985537,0.7286809479569935,0.8642534961772108,1.0965733837124372
NOW,2018-07-19,38.007999420166016,2018-07-26,38.4640007019043,hold_days,0.01199750812183864,0.01099750812183864,False,0.011662793228008006,-0.0006652851061693665,12.100000381469727,-0.11225236391232041,-0.250309737357847,0.8798280809468556,0.17230653661513903,0.4859339404966902,0.7132838488792201
NOW,2018-12-07,36.47600173950195,2018-12-14,36.395999908447266,hold_days,-0.0021932730354063956,-0.0031932730354063956,True,-0.004429430381627353,0.0012361573462209572,21.190000534057617,0.1460249213824718,-0.05738429868537176,1.0660472615001142,0.29971252310900015,0.9855069258815952,1.3159446785938211
NOW,2019-07-29,57.167999267578125,2019-08-05,51.36199951171875,hold_days,-0.10156031049265968,-0.10256031049265968,False,-0.0627331106388952,-0.03982719985376448,12.15999984741211,-0.15847750810243688,-0.018563397057095088,0.8234961394140533,0.711311331980585,0.8063088799439821,2.174169480319861
NOW,2020-09-11,89.18000030517578,2020-09-18,90.61799621582033,hold_days,0.01612464572464334,0.015124645724643337,False,0.008514057858096225,0.006610587866547113,29.709999084472656,0.11817837507390339,0.2767511173193973,1.1532511879019445,0.32781596553936393,0.15013842804911495,1.0761088334153788
NOW,2020-11-18,101.42400360107422,2020-11-25,103.84400177001952,hold_days,0.023860211419613808,0.022860211419613807,True,0.021452287555639105,0.0014079238639747027,22.709999084472656,-0.08427420229370985,-0.36118144664268537,0.841305883633595,0.42345849768625243,0.7569171540303848,0.6210290508734362
NOW,2020-12-24,110.77799987792967,2021-01-04,105.36599731445312,hold_days,-0.04885448888263222,-0.04985448888263222,False,0.0016588410573086243,-0.051513329939940844,23.309999465942383,0.03599997626410589,0.04669955037275941,0.8971067854044665,0.14743755899310979,0.02225157031725901,0.5718691534376218
NOW,2024-04-17,147.2899932861328,2024-04-24,149.25799560546875,hold_days,0.013361412241446713,0.012361412241446712,False,0.01675472911127618,-0.004393316869829467,18.399999618530273,0.22830441794415313,0.2594113655656982,1.2059558409615707,0.10683331069148214,0.6910664916641068,0.7206816779287577
NOW,2025-04-08,145.52000427246094,2025-04-15,163.3000030517578,hold_days,0.12218250589112767,0.12118250589112767,True,0.06519009689193478,0.05599240899919289,46.97999954223633,1.1086175087236798,1.6876430647907141,1.6592877182548815,0.22986162664751913,0.7105894920572848,1.9964973532479595
NOW,2025-05-08,194.8979949951172,2025-05-15,207.03599548339844,hold_days,0.06227873451743493,0.06127873451743493,False,0.029876798304717456,0.031401936212717474,23.549999237060547,-0.0465587647917971,-0.17223203495522998,0.9708426825934484,0.08754527346963999,0.7992012408205503,0.7307932784458272
NOW,2025-12-18,153.3800048828125,2025-12-26,153.88999938964844,hold_days,0.0033250390572461264,0.0023250390572461263,True,0.014400592333073003,-0.012075553275826878,17.6200008392334,0.11731137145014858,0.09577120166878772,0.8967719980660293,0.3363513339347854,0.033322064610350095,1.6338830912997957
INTU,2015-07-24,97.39776611328124,2015-07-31,96.557861328125,hold_days,-0.008623450194734095,-0.009623450194734096,False,0.020440083836047007,-0.030063534030781103,12.640000343322754,0.043765541013312426,-0.36705053690863,0.8455385701174578,0.1578947368420874,0.5328480973887458,1.1786100923203675
INTU,2015-08-10,95.8458023071289,2015-08-17,96.36614990234376,hold_days,0.005429007663240615,0.004429007663240615,False,-0.000648457123347379,0.005077464786587994,13.390000343322754,0.10478551730655306,-0.02547303010376445,0.9194815058813282,1.0,1.0,1.6891790525913237
INTU,2016-01-07,86.77079010009766,2016-01-14,86.66051483154297,hold_days,-0.0012708800787393226,-0.0022708800787393226,False,-0.010335638163583627,0.008064758084844303,20.59000015258789,0.2804726523806096,0.10106948195393284,1.1360310479832931,0.3761766956854481,0.9181023851726655,2.216821313636299
INTU,2018-03-21,165.95030212402344,2018-03-28,160.56764221191406,hold_days,-0.032435372778572114,-0.033435372778572114,False,-0.039847517859497916,0.006412145080925802,18.200000762939453,0.11314986778632896,-0.008714588349299945,1.0769071920297104,0.27687429173542866,0.7759969075520807,1.0682934644097823
INTU,2018-11-23,186.28683471679688,2018-11-30,202.8121032714844,hold_days,0.08870873016770142,0.08770873016770142,False,0.048661195332527996,0.039047534835173425,20.799999237060547,-0.021176506491268343,0.2713935489647621,1.1924575454940847,0.6996614935944209,0.6522417439998093,0.44112272183219564
INTU,2019-05-03,236.23666381835935,2019-05-10,232.2212371826172,hold_days,-0.016997474358296905,-0.017997474358296905,False,-0.021862428630385122,0.003864954272088217,14.420000076293945,0.08830189255048637,0.1444444158510354,0.9655400203322066,0.6811612898470032,0.5929019454186956,0.6590918730996682
INTU,2019-11-29,246.68560791015625,2019-12-06,244.10333251953125,hold_days,-0.010467880199826918,-0.011467880199826919,False,-0.0004298964842671671,-0.011037983715559752,11.75,-0.0805946599759223,-0.09615384615384615,0.8384249321689429,0.13480784477986724,0.21159315167249101,0.6654631867834415
INTU,2020-01-03,251.9167938232422,2020-01-10,262.78472900390625,hold_days,0.0431409713331361,0.0421409713331361,True,0.012481167283502792,0.02965980404963331,12.470000267028809,-0.015785304503615927,0.014646078578884003,0.9894157771592516,0.7480936184752045,0.9202896948253051,1.084467629819659
INTU,2020-03-11,249.29461669921875,2020-03-18,214.87728881835935,hold_days,-0.13805884915030042,-0.13905884915030042,False,-0.1141143467419602,-0.02494450240834023,47.29999923706055,0.28462790953552064,0.6983841504193324,2.307284237727427,0.4936334670404907,0.9629339145255301,0.7278022891392245
INTU,2020-07-16,273.8182678222656,2020-07-23,279.42486572265625,hold_days,0.020475616710970757,0.019475616710970756,False,0.014527547136630403,0.0049480695743403524,27.760000228881836,-0.011396000558891228,-0.08774236114088407,0.928447288978335,0.6246549865798741,0.8510636172476284,0.9801334656919207
INTU,2021-03-29,360.2503967285156,2021-04-06,385.8107299804687,hold_days,0.07095157558206755,0.06995157558206755,True,0.02127280534272802,0.04867877023933953,18.860000610351562,-0.0997613401659202,-0.08844851988735858,0.8483213381929285,0.5096702978859027,0.948408125527604,1.1366619708267132
INTU,2021-06-18,455.895263671875,2021-06-25,468.1159973144531,hold_days,0.026806011416196318,0.025806011416196317,False,0.02830516353525847,-0.0024991521190621535,17.75,0.10248444592767458,-0.016075437960634154,0.9244412117915012,0.17235749765535874,0.808280974701636,0.7902856374056605
INTU,2022-04-14,450.1453247070313,2022-04-22,429.0274658203125,hold_days,-0.04691342490441941,-0.04791342490441941,True,-0.028486775930067654,-0.019426648974351757,21.81999969482422,-0.012669714109158181,0.12881530165266386,0.8714223358899473,0.5563812621948718,0.7870106581106755,0.6438831819782477
INTU,2022-04-29,405.2769775390625,2022-05-06,382.978271484375,hold_days,-0.05502090493787859,-0.05602090493787859,False,0.003561548653217228,-0.05958245359109582,29.989999771118164,0.32231037775930615,0.37442713980568465,1.1702570667371188,0.045033990232410226,0.8691829506609241,1.449403578464182
INTU,2022-08-26,434.7506103515625,2022-09-02,407.2188720703125,hold_days,-0.06332765872136759,-0.06432765872136759,False,-0.02546804958726756,-0.038859609134100026,21.780000686645508,0.11349699802234459,0.07821781505101977,0.9088060432454674,0.030984248606044255,0.9066670735677008,1.9108865954498742
INTU,2022-12-22,372.9160461425781,2022-12-30,378.0345764160156,hold_days,0.013725690611555263,0.012725690611555263,False,0.00712876071566626,0.005596929895889002,20.06999969482422,-0.05061493499134928,-0.11507939044233328,0.8506073233896215,0.6542319226924359,0.7477306805945537,0.816007442404202
INTU,2024-06-03,556.5498657226562,2024-06-10,556.5693969726562,hold_days,3.50934412223225e-05,-0.0009649065587776775,False,0.008913916136876088,-0.009878822695653766,12.920000076293945,0.011746250051156482,0.040257648706005345,0.924734433972337,0.33141437986502753,0.9517907088209756,0.98835490987437
INTU,2024-12-23,628.2116088867188,2024-12-31,618.5664672851562,hold_days,-0.015353332324843705,-0.016353332324843706,False,-0.007575079834006737,-0.008778252490836969,18.360000610351562,0.3294714013383897,0.4377447104310308,1.14795802964127,0.5352926815257287,0.7756416526468188,0.451390664489067
INTU,2025-01-28,592.150146484375,2025-02-04,583.3368530273438,hold_days,-0.014883545177445612,-0.015883545177445613,True,-0.004269297253140847,-0.011614247924304766,17.899999618530273,0.120851554115881,-0.08393046162520157,0.9463841232628454,0.03476109646430369,0.7263115349721149,1.0079545148987263
INTU,2025-07-18,744.2688598632812,2025-07-25,777.2186889648438,hold_days,0.04427140631359383,0.04327140631359383,False,0.017706339171098318,0.025565067142495512,16.520000457763672,0.046894850273431876,-0.007211474536436335,0.8616209232916188,0.14447011532190715,0.8567624012433543,1.0770229796283137
INTU,2025-08-13,703.803466796875,2025-08-20,691.3829345703125,hold_days,-0.017647728112352712,-0.018647728112352713,True,0.0033936754054586515,-0.022041403517811364,14.729999542236328,-0.1747899592468527,-0.07822278071386402,0.9067259901045014,0.5702736932874654,0.935756524356677,0.6744757889695876
INTU,2025-12-17,654.6334838867188,2025-12-24,668.5527954101562,hold_days,0.021262755215017748,0.020262755215017747,False,0.01737858732241926,0.002884167892598488,16.479999542236328,-0.026580080025272124,-0.006630537030730688,0.8771292999699398,0.03863266454723754,0.9072946218306884,0.9446882721841352
INTU,2026-02-05,431.6580200195313,2026-02-12,394.98431396484375,hold_days,-0.08496009422697204,-0.08596009422697204,False,0.007758823923033731,-0.09371891815000577,18.639999389648438,0.14006109814982515,0.10295856866235154,1.0265958380019686,0.12875646075291483,0.8768416712905425,1.52307437053383
MA,2017-06-15,115.16175079345705,2017-06-22,116.94483184814452,hold_days,0.01548327497977553,0.014483274979775529,False,0.005104822947261889,0.00937845203251364,10.640000343322754,0.02406159689500531,0.022094188211522647,0.9109085461418529,0.8793107228202532,0.5285693265976725,1.125341473746679
MA,2017-07-06,114.78275299072266,2017-07-13,119.22013854980467,hold_days,0.03865899225679548,0.037658992256795476,True,0.01484899561398123,0.022809996642814245,11.069999694824219,0.0009040935649318182,0.01933702069850929,0.9697718460699599,0.14563272199343086,0.82692293584712,0.6542765511283412
MA,2018-03-21,172.28370666503906,2018-03-28,162.37081909179688,hold_days,-0.057538160544196026,-0.05853816054419603,False,-0.039847517859497916,-0.01869064268469811,18.200000762939453,0.11314986778632896,-0.008714588349299945,1.0769071920297104,0.0036212053361665466,0.6354650550970354,1.0178962260028073
MA,2018-05-31,181.47286987304688,2018-06-07,190.46441650390625,hold_days,0.04954760806477343,0.04854760806477343,False,0.026179517494554272,0.022368090570219157,14.9399995803833,0.130105845583395,0.021189300308780634,0.8288589231112194,0.11449937101058118,0.916257009275546,1.1063828594449006
MA,2018-07-19,196.9354705810547,2018-07-26,198.1874084472656,hold_days,0.0063570968831418995,0.0053570968831418994,True,0.011662793228008006,-0.0063056963448661065,12.100000381469727,-0.11225236391232041,-0.250309737357847,0.8798280809468556,0.10169552893469022,0.9933319091796776,0.9058770158587512
MA,2019-03-27,222.86569213867188,2019-04-03,229.0095367431641,hold_days,0.02756747593375386,0.02656747593375386,False,0.02678296337892494,-0.00021548744517108087,14.680000305175781,0.08259585921094992,0.06608568025856831,0.8869318516406869,0.6307710881353793,0.8440319453485178,1.1524943262135448
MA,2020-01-03,289.0586853027344,2020-01-10,299.791748046875,hold_days,0.03713108545034638,0.03613108545034638,False,0.012481167283502792,0.023649918166843586,12.470000267028809,-0.015785304503615927,0.014646078578884003,0.9894157771592516,0.4790531580040568,0.9652644731361901,1.1616608477139605
MA,2020-09-10,321.6327209472656,2020-09-17,327.96142578125,hold_days,0.019676806561674587,0.018676806561674586,True,0.022297505966196507,-0.003620699404521921,28.809999465942383,0.10298616157272433,0.30776207752943385,1.1270079642297024,0.12437394202746849,0.6997121541443938,1.4179650067035143
MA,2021-01-29,306.34698486328125,2021-02-05,328.10089111328125,hold_days,0.0710106752305999,0.0700106752305999,False,0.038522119692457446,0.03148855553814245,30.209999084472656,0.41697933944185905,0.3601981238077998,1.1355404358775674,0.2939855075789234,0.3276341014906733,1.5323258903302837
MA,2021-03-25,347.09442138671875,2021-04-01,351.8791198730469,hold_days,0.013785005438036624,0.012785005438036623,True,0.028453504895998183,-0.01566849945796156,21.200000762939453,0.1024441636816611,-0.06028363187933783,0.8775537760312518,0.7913506877918339,0.40600643619476656,0.6389993983061418
MA,2021-06-03,350.8616943359375,2021-06-10,353.2665710449219,hold_days,0.006854201378511782,0.005854201378511782,False,0.006376516653595621,-0.0005223152750838391,17.479999542236328,-0.07218686832997456,-0.18088100200334167,0.9031154530045635,0.018144454220482824,0.4788898828258693,0.8107141120953325
MA,2022-09-29,279.9456787109375,2022-10-06,292.58050537109375,hold_days,0.04513313696548438,0.044133136965484376,False,0.021604335786567397,0.02252880117891698,30.18000030517578,0.07824224908774013,0.15366974316558912,1.2475052694199984,0.26592556586427746,0.7519914799527502,0.9505138304261463
MA,2022-12-22,333.93072509765625,2022-12-30,340.0026550292969,hold_days,0.018183202308996727,0.017183202308996726,False,0.00712876071566626,0.010054441593330465,20.06999969482422,-0.05061493499134928,-0.11507939044233328,0.8506073233896215,0.5550696711627617,0.6347993021233953,1.2914777826021384
MA,2023-03-15,340.8973388671875,2023-03-22,343.78643798828125,hold_days,0.008474982910380957,0.007474982910380957,False,0.007072892895729543,0.0004020900146514137,23.729999542236328,0.2113322796019239,0.14637674722803284,1.1318304100524241,0.9327712774483031,0.5642406163348145,0.67504701028188
MA,2023-12-08,405.4598388671875,2023-12-11,408.9521484375,resistance,0.008613207118292276,0.0076132071182922765,False,0.008804536236420635,-0.0011913291181283583,13.0600004196167,0.010835939821674634,0.016342414934851,0.7996616078674984,0.6599078974500009,0.8826783735401913,0.9844739243562688
MA,2024-06-03,437.2773742675781,2024-06-10,443.2565612792969,hold_days,0.013673671137761634,0.012673671137761633,True,0.008913916136876088,0.003759755000885545,12.920000076293945,0.011746250051156482,0.040257648706005345,0.924734433972337,0.745428792171003,0.9665854625800122,1.3541641541488896
MA,2025-08-01,556.4226684570312,2025-08-08,570.76318359375,hold_days,0.02577270113111174,0.02477270113111174,False,0.021045967278779276,0.0037267338523324645,16.719999313354492,0.08641968423404123,0.012106467920636854,0.8664011598897468,0.4321585657814196,0.23390210576788042,1.1110197957851347
MA,2025-09-12,576.8154907226562,2025-09-19,580.5422973632812,hold_days,0.006461003042681712,0.005461003042681712,False,0.007203249178415971,-0.0017422461357342591,14.710000038146973,-0.03856210099560475,-0.00942763230480792,0.9228415292168506,0.04451380743156409,0.875502500245118,1.0446511207911389
MA,2026-06-25,488.101806640625,2026-07-02,538.4873046875,hold_days,0.1032274360827603,0.1022274360827603,True,0.026774066894888593,0.07545336918787171,18.6299991607666,0.1352833232173729,-0.062405718474777716,0.9764032211454223,0.016719481937932972,0.6702128987950324,1.6671631506038973
V,2016-09-29,76.4793472290039,2016-10-05,77.81436157226562,resistance,0.017455880464882334,0.016455880464882333,False,0.0050592481816795765,0.011396632283202757,12.390000343322754,-0.06842104017758133,-0.31697900991148387,0.9775626982081925,0.10236031262577579,0.9626159561345374,1.5015978765224145
V,2016-10-21,76.88079833984375,2016-10-28,76.75946044921875,hold_days,-0.0015782600238961608,-0.002578260023896161,True,0.0025684456015981905,-0.005146705625494351,13.75,-0.1761534116226211,0.07087226141727876,1.1197398983518076,0.8020806014511739,0.3548405621139179,1.0009917106888355
V,2017-06-15,88.42511749267578,2017-06-22,88.21853637695312,hold_days,-0.002336226646685202,-0.003336226646685202,True,0.005104822947261889,-0.008441049593947092,10.640000343322754,0.02406159689500531,0.022094188211522647,0.9109085461418529,0.6399993896484373,0.35238254399604557,0.9505224380502442
V,2018-06-27,123.85710906982422,2018-07-05,126.00301361083984,hold_days,0.017325646925973937,0.016325646925973936,False,0.010082771155420556,0.00624287577055338,15.920000076293945,0.19250933493541078,0.29011344241801096,0.98486436134107,0.003777256997430741,0.4311952291625779,1.3391174858622241
V,2018-09-07,135.5747528076172,2018-09-14,139.9676513671875,hold_days,0.032402039971290986,0.031402039971290985,True,0.015921097073759105,0.01548094289753188,14.649999618530273,0.19591833620655286,0.19591833620655286,1.028851943413043,0.26626999891653513,0.9074089772390089,0.9018016661778543
V,2019-01-31,128.05035400390625,2019-02-07,132.94436645507812,hold_days,0.03821943710536391,0.037219437105363906,False,0.006071530884933507,0.0311479062204304,17.65999984741211,-0.09528691427933789,-0.050537662084894075,0.8651046828924899,0.7037023082912555,0.8744820629377233,1.1165434521492565
V,2019-03-27,146.52537536621094,2019-04-03,150.5538330078125,hold_days,0.027493242256047656,0.026493242256047655,False,0.02678296337892494,-0.00028972112287728446,14.680000305175781,0.08259585921094992,0.06608568025856831,0.8869318516406869,0.3440002441406222,0.8360640701736981,1.0270156277088611
V,2020-09-10,193.270263671875,2020-09-17,196.84727478027344,hold_days,0.01850781926013889,0.01750781926013889,True,0.022297505966196507,-0.0047896867060576165,28.809999465942383,0.10298616157272433,0.30776207752943385,1.1270079642297024,0.1664115771057724,0.48617566607835133,1.4179312732339011
V,2020-10-30,174.25399780273438,2020-11-06,190.3262634277344,hold_days,0.0922347023750627,0.0912347023750627,False,0.06947034530809248,0.02176435706697022,37.59000015258789,0.337246507876108,0.39377089764977447,1.2843212973205862,0.4969956425349768,0.7219316103791578,1.187438657530582
V,2021-06-03,219.7384796142578,2021-06-10,225.36415100097656,hold_days,0.025601667020698438,0.024601667020698437,False,0.006376516653595621,0.018225150367102816,17.479999542236328,-0.07218686832997456,-0.18088100200334167,0.9031154530045635,0.12976983646276297,0.20323429807837373,0.9373802079726237
V,2021-06-18,221.95408630371097,2021-06-22,227.27149963378903,resistance,0.023957267102539426,0.022957267102539425,True,0.018527816854857715,0.00442945024768171,17.75,0.10248444592767458,-0.016075437960634154,0.9244412117915012,0.4020290124029617,0.7118630917413963,0.9314976298949009
V,2022-05-12,188.0990447998047,2022-05-19,191.3960876464844,hold_days,0.01752822748349825,0.016528227483498248,True,-0.015082428366776646,0.031610655850274894,32.560001373291016,0.2808812460884158,0.030379777855453316,1.2050006769696353,0.6579384404070692,0.768785693810507,0.8529044202953332
V,2023-03-15,211.07508850097656,2023-03-22,214.65524291992188,hold_days,0.016961520397177354,0.015961520397177353,True,0.007072892895729543,0.00888862750144781,23.729999542236328,0.2113322796019239,0.14637674722803284,1.1318304100524241,0.8333309785859223,0.6840754891375747,0.8718226072244611
V,2023-03-30,216.9185028076172,2023-04-06,220.4596710205078,hold_days,0.01632487854681197,0.01532487854681197,False,0.012099008112795406,0.0032258704340165645,19.1200008392334,-0.14106016879435435,-0.26855389113723516,1.0025214069420383,0.379536092338373,0.9049431422603851,0.6938560788191293
V,2025-09-12,337.36248779296875,2025-09-19,339.5292053222656,hold_days,0.006422520605274151,0.005422520605274151,True,0.007203249178415971,-0.0017807285731418201,14.710000038146973,-0.03856210099560475,-0.00942763230480792,0.9228415292168506,0.06467163148025959,0.9929313570608296,0.8187784146805355
V,2025-11-04,338.2271728515625,2025-11-11,336.8555908203125,hold_days,-0.004055209460807951,-0.0050552094608079514,True,0.017038493704133018,-0.02209370316494097,17.170000076293945,0.08739709422259989,-0.058145885494210514,1.0276614470949577,0.9967018933947356,0.32550731420766355,1.0987168109165377
WFC,2015-07-31,42.602745056152344,2015-08-07,42.58445739746094,hold_days,-0.00042926010207333665,-0.0014292601020733367,False,-0.0067935373988737835,0.005364277296800447,12.130000114440918,-0.040348118277643064,0.0016515655103792604,0.9387707695301578,0.17390907733898922,0.91489931578563,0.7820362071666314
WFC,2015-11-17,41.00452423095703,2015-11-19,41.75806427001953,resistance,0.0183769974946717,0.017376997494671698,False,0.014080803067774372,0.0032961944268973253,18.15999984741211,0.09927356805112608,0.28339224996377377,0.8464406850382686,0.18461330798032538,1.0,0.8678412709551638
WFC,2016-05-03,37.59266662597656,2016-05-10,37.425987243652344,hold_days,-0.004433827054158512,-0.005433827054158512,False,0.007895112584743513,-0.013328939638902026,14.680000305175781,0.04261366368756336,0.09962545960314295,0.855526182400221,0.7796592635696558,0.7999986128354347,0.848074445858708
WFC,2017-03-27,42.94318771362305,2017-04-03,43.020729064941406,hold_days,0.0018056729238513647,0.0008056729238513647,False,0.006475765488105356,-0.0056700925642539915,12.960000038146973,0.14893620079308834,0.11149229912068948,1.0658733638318172,0.8582071494250868,0.7349422508606057,1.4827674683551553
WFC,2017-11-17,42.88100814819336,2017-11-27,42.722633361816406,hold_days,-0.0036933550123080527,-0.004693355012308053,False,0.008525370161807544,-0.013218725174115598,11.760000228881836,0.12000002179827018,0.18429001686457247,1.1326018875917534,0.36734916309848376,0.7399978637695311,0.6362042916550279
WFC,2018-01-12,49.532901763916016,2018-01-22,51.25923156738281,hold_days,0.03485218394219736,0.033852183942197356,True,0.02248421696672054,0.011367966975476818,9.880000114440918,0.07158349547692566,-0.05635149355686897,0.940705083034942,0.3703697424377283,0.3265304533653055,1.673310921135253
WFC,2018-03-27,40.70707321166992,2018-04-04,42.148948669433594,hold_days,0.03542075968631209,0.034420759686312086,True,0.01576496656776749,0.018655793118544595,21.030000686645508,0.105678242928821,0.3326996858374345,1.2455151536443938,0.1943126676839182,0.7475741459512328,1.7447014039419892
WFC,2019-03-29,39.73916244506836,2019-04-05,40.11747741699219,hold_days,0.009519953331849296,0.008519953331849295,False,0.016420191527425132,-0.007900238195575837,14.430000305175781,0.05869407072764932,0.06888891149450238,0.9332768223363784,0.2600002288818381,0.8505739566616751,2.0426067584855203
WFC,2022-01-27,48.05342483520508,2022-02-03,49.535160064697266,hold_days,0.03083516387382712,0.02983516387382712,False,0.03390956623837882,-0.004074402364551699,31.959999084472656,0.340041868900933,0.7360130010519945,1.4282416431960756,0.23245572941066386,0.47651013584437973,1.300931232348065
WFC,2022-06-16,33.9893913269043,2022-06-24,36.79700469970703,hold_days,0.08260263756416153,0.08160263756416153,True,0.07222078055220216,0.009381857011959371,29.6200008392334,0.23622712733861162,0.15297782107733782,1.1465838618675424,0.9327746985904859,0.6315771358751271,1.0633570061945206
WFC,2022-08-04,38.8773193359375,2022-08-11,41.1316032409668,hold_days,0.057984550980743066,0.056984550980743065,False,0.009266759637069466,0.0477177913436736,21.950000762939453,-0.05550770313611941,-0.08082070626694238,0.8292961945741206,0.13541790843128446,0.4848481345548072,0.9811873880046562
WFC,2022-09-30,36.55941009521485,2022-10-07,37.986515045166016,hold_days,0.03903522913073365,0.03803522913073365,False,0.007937173235320394,0.030098055895413256,31.84000015258789,0.16416817946957862,0.21202891502722054,1.279817146317324,0.04166766007837272,0.7934793425439075,0.8631447827408547
WFC,2024-02-13,45.8327522277832,2024-02-21,50.032196044921875,hold_days,0.09162539042534368,0.09062539042534368,False,0.016269308569090812,0.07435608185625286,13.930000305175781,0.019019767917391572,0.024264699591897587,0.997741873055745,0.5803590587225491,0.7375866761538122,1.0225589436917273
WFC,2025-06-17,70.94334411621094,2025-06-25,77.37227630615234,hold_days,0.09062065328370061,0.08962065328370061,False,0.01496594860387468,0.07465470467982593,19.110000610351562,0.11363640910716732,0.04084967184462629,0.7712241562129136,0.2197778243554738,0.2784822351202811,0.6460555110061602
WFC,2026-01-23,86.04277038574219,2026-01-30,89.53553771972656,hold_days,0.040593385339939614,0.03959338533993961,False,-0.0029913636086671413,0.042584748948606754,15.640000343322754,-0.06626863621953705,0.016905086277451353,0.9869121653903442,0.5535715096661716,0.6264594558489555,0.8744986813597804
MS,2016-01-25,18.615625381469727,2016-02-01,19.273054122924805,hold_days,0.03531596322890618,0.03431596322890618,False,0.034994073738138454,-0.000678110509232277,22.34000015258789,-0.06722340538890081,-0.10604240267312737,1.391448957537735,0.07017373612989254,0.5375008940705183,0.5378417647762638
MS,2016-08-04,21.46252059936523,2016-08-11,22.297338485717773,hold_days,0.038896544443024705,0.037896544443024704,False,0.007221461146749375,0.03067508329627533,12.859999656677246,0.002338248881495364,0.09260825458970934,0.8312200161016056,0.707319569404244,0.8392852885378538,0.8922348934032469
MS,2016-09-29,23.55716323852539,2016-10-06,24.581714630126953,hold_days,0.0434921378787243,0.0424921378787243,False,0.005053118967080827,0.037439018911643474,12.390000343322754,-0.06842104017758133,-0.31697900991148387,0.9775626982081925,0.21897880338310546,0.9375024835292197,2.5188089309210873
MS,2016-10-17,24.12635612487793,2016-10-24,25.33306312561035,hold_days,0.050016131507240935,0.049016131507240934,True,0.014183582820564755,0.03483254868667618,16.1200008392334,0.19584580019645115,0.21294212832983206,1.157371796179509,0.32143051771117737,0.19999999999999585,0.7560588907116866
MS,2016-12-16,32.60802459716797,2016-12-23,32.87525177001953,hold_days,0.008195135281968913,0.007195135281968913,False,0.005842551455671696,0.0013525838262972165,12.789999961853027,0.011867058105699657,-0.09097368590861099,0.8824496199029315,0.10638151086581529,0.19354699776655276,0.9774364128179873
MS,2017-07-14,34.823551177978516,2017-07-21,35.89445495605469,hold_days,0.030752285216488318,0.029752285216488317,False,0.004728244433783946,0.02502404078270437,9.899999618530273,-0.21052634380810975,-0.012961128404976319,0.9768994903409615,0.8148144223569158,0.7162166341900935,1.4053412106030996
MS,2017-11-03,38.93243789672851,2017-11-10,37.95173263549805,hold_days,-0.025189926811977736,-0.026189926811977737,True,-0.0029932663467377996,-0.023196660465239938,9.930000305175781,-0.1212389258791674,-0.011940286893696861,0.92826902286509,0.4736860597603655,0.9784941384939748,0.889876825139517
MS,2018-04-13,41.41654586791992,2018-04-19,42.76113510131836,resistance,0.032465025878459786,0.031465025878459785,False,0.014175442303318908,0.017289583575140877,18.489999771118164,-0.023759279316295068,-0.19151731121064763,1.0725613577160908,0.10798095159635074,0.549999237060544,1.5433662657839382
MS,2018-05-31,39.38502883911133,2018-06-07,40.956031799316406,hold_days,0.039888328294049424,0.038888328294049423,False,0.026179517494554272,0.012708810799495152,14.9399995803833,0.130105845583395,0.021189300308780634,0.8288589231112194,0.2727256964011697,0.792793319128466,0.8195159850471188
MS,2018-08-15,37.49236679077149,2018-08-22,38.40101623535156,hold_days,0.024235585063243636,0.023235585063243636,False,0.015333247050094867,0.007902338013148769,13.3100004196167,0.21774931820577303,0.037412353761884676,0.9530398247680374,0.7543869042042262,0.7187492549412269,0.788531693323801
MS,2019-03-27,33.14697265625,2019-04-03,35.55868148803711,hold_days,0.07275804209324588,0.07175804209324588,True,0.02678296337892494,0.04497507871432094,14.680000305175781,0.08259585921094992,0.06608568025856831,0.8869318516406869,0.10526078030808371,0.6067430178133639,0.8340759349826611
MS,2019-07-29,36.46818161010742,2019-08-05,32.9010009765625,hold_days,-0.0978162462741562,-0.0988162462741562,True,-0.0627331106388952,-0.036083135635261,12.15999984741211,-0.15847750810243688,-0.018563397057095088,0.8234961394140533,0.2424240672774057,0.9651177232483437,0.8799934508761634
MS,2019-09-26,34.631771087646484,2019-10-03,32.70598602294922,hold_days,-0.05560746690729346,-0.05660746690729346,False,-0.024407062193545936,-0.03220040471374752,15.960000038146973,0.14408603988272883,0.09240249234726927,0.9682834550742617,0.09301727273533886,0.851853421683457,0.4997702832197519
MS,2020-03-13,30.902345657348633,2020-03-20,24.449935913085938,hold_days,-0.20879999906182856,-0.20979999906182856,False,-0.13450690237863971,-0.07529309668318884,75.47000122070312,0.904846119517877,0.927221693431405,2.6802005585805615,0.9955055158798531,0.02702712455396454,2.0344309091774453
MS,2020-05-15,30.99966812133789,2020-05-22,33.36057662963867,hold_days,0.07615915431932341,0.0751591543193234,False,0.028126083931447887,0.04703307038787552,32.61000061035156,0.03721374225253382,-0.04509519316888844,0.7054209356930223,0.34177233526804607,0.9344263576556515,0.5857087797748343
MS,2020-07-09,39.49567413330078,2020-07-16,43.76031875610352,hold_days,0.10797751187659821,0.10697751187659821,False,0.03083507158835852,0.07614244028823969,28.079999923706055,-0.0772264330562632,-0.10487729765734177,0.875923692956636,0.24137840316300888,0.9532153827964128,1.3975558915489243
MS,2020-08-04,41.23575973510742,2020-08-11,43.34526824951172,hold_days,0.05115726078421923,0.050157260784219226,False,0.01143647671749437,0.038720784066724856,24.280000686645508,-0.018593334225074032,-0.007358888166983268,0.8461154993753578,0.26086499814793557,0.6218476619725554,0.6830038115299093
MS,2020-09-10,42.09798431396485,2020-09-17,42.06449508666992,hold_days,-0.0007955066695157775,-0.0017955066695157776,False,0.022297505966196507,-0.024093012635712285,28.809999465942383,0.10298616157272433,0.30776207752943385,1.1270079642297024,0.08450885841314723,0.5250005563096662,1.1676200551749265
MS,2021-09-16,87.86746978759766,2021-09-23,88.79357147216797,hold_days,0.010539755916597837,0.009539755916597836,False,-0.0011126979572513296,0.010652453873849166,18.18000030517578,0.012249511799437007,0.10315538896603416,1.1077803749461257,0.2975213906946532,0.8039244041089112,1.4295296714031804
MS,2024-09-10,92.24398803710938,2024-09-17,95.31814575195312,hold_days,0.03332637476175715,0.03232637476175715,False,0.01672527343985042,0.01560110132190673,19.450000762939453,0.29666671752929696,0.22635568625316926,1.262267979770763,0.48870138686839365,0.4084525203898681,1.722234221427863
MS,2025-04-08,97.16629791259766,2025-04-15,106.97882843017578,hold_days,0.10098697520002897,0.09998697520002897,True,0.06519009689193478,0.03479687830809419,46.97999954223633,1.1086175087236798,1.6876430647907141,1.6592877182548815,0.23529406588378246,0.658341653773161,1.9445347398969537
MS,2025-06-17,127.02406311035156,2025-06-18,129.3968048095703,resistance,0.01867946624536354,0.01767946624536354,True,-0.0014911338616169223,0.019170600106980462,19.110000610351562,0.11363640910716732,0.04084967184462629,0.7712241562129136,0.2847643973766917,0.2430271860713983,0.6940647020579157
MS,2025-08-05,138.10250854492188,2025-08-08,140.77684020996094,resistance,0.019364830466994443,0.018364830466994442,False,0.008160069415981352,0.01020476105101309,17.520000457763672,0.16566871384103798,0.05225230385381807,0.9637079267490894,0.3181824487097039,0.7971015561075907,1.5656171531434169
BLK,2015-06-12,268.92071533203125,2015-06-19,273.3033142089844,hold_days,0.01629699248546923,0.01529699248546923,False,0.00976480986548034,0.00553218261998889,12.850000381469727,-0.12644457184593938,-0.034560482617942645,1.0020680275723697,0.15721252162968943,0.4712038538662485,0.7574752272746225
BLK,2015-10-01,226.7502593994141,2015-10-06,239.63101196289065,resistance,0.056805900013492394,0.05580590001349239,True,0.02573644403616071,0.030069455977331683,24.5,0.10709448391824061,0.1475409631029443,1.2931631373732382,0.6088164576117339,0.4076168831727868,1.3093315921588484
BLK,2015-12-18,247.8133850097656,2015-12-28,263.9864807128906,hold_days,0.06526320482038406,0.06426320482038406,False,0.027909795898929612,0.036353408921454444,18.940000534057617,-0.02068250338026756,0.045831026821259835,1.1867821042186546,0.005953651436631736,0.20978131087789587,0.6719564867152598
BLK,2016-02-11,226.7993927001953,2016-02-19,242.2784881591797,hold_days,0.06825016273057694,0.06725016273057693,False,0.05216965966238707,0.015080503068189866,26.290000915527344,0.21431877038120994,0.13760277893508044,1.220924517068449,0.6330479344114002,0.16627810010467717,0.7805640376363369
BLK,2016-05-17,270.7947998046875,2016-05-24,280.3901062011719,hold_days,0.03543386506463575,0.03443386506463575,False,0.0230007923795732,0.01143307268506255,14.680000305175781,0.007549801829483727,0.0,0.9313137352954731,0.22901038997344492,0.6452592824178854,0.9140734174536698
BLK,2016-10-03,283.0188903808594,2016-10-10,282.02069091796875,hold_days,-0.0035269711556968897,-0.00452697115569689,False,-0.0035791532095909018,-0.0009478179461059879,13.289999961853027,0.08136696526476017,-0.13532855817782563,1.0263057734726817,0.36562477648237174,0.7585013182752377,1.1273727088426526
BLK,2017-04-21,300.8524169921875,2017-04-28,306.0329284667969,hold_days,0.017219444425284225,0.016219444425284224,True,0.017577349132683384,-0.0013579047073991601,14.149999618530273,-0.10272674649390146,0.09775013511618891,1.2184944110870304,0.27511027598980803,0.8256620670281695,0.7733823587317924
BLK,2018-04-06,423.134765625,2018-04-13,427.08203125,hold_days,0.009328625170209381,0.00832862517020938,True,0.015233552512661008,-0.006904927342451628,18.940000534057617,-0.1718408465658594,0.06047031840973682,1.1358308720186543,0.3245469276871586,0.3193853475569165,1.1566265752686238
BLK,2018-09-17,387.8551635742187,2018-09-24,397.0552978515625,hold_days,0.02372054091677267,0.02272054091677267,False,0.009933632659128389,0.01278690825764428,12.069999694824219,-0.18884411276916702,-0.10790835675991228,0.9759248820369942,0.17543686241562134,0.6790418548894002,1.1955441629159491
BLK,2019-05-16,374.0325622558594,2019-05-23,362.8678894042969,hold_days,-0.029849467608451752,-0.030849467608451753,True,-0.019026863522189075,-0.011822604086262678,16.440000534057617,-0.1525772753956839,0.11081083258022062,1.2525664109302979,0.2993890273539165,0.7083300448115942,0.5106447809044894
BLK,2019-08-16,353.4842834472656,2019-08-23,343.1948547363281,hold_days,-0.02910858896070978,-0.03010858896070978,False,-0.006431066764034266,-0.023677522196675516,21.18000030517578,0.2525133350854021,0.18522659823693544,1.2682245478870349,0.6509129052348637,0.28116383104567494,0.9500567169025593
BLK,2020-01-31,451.0177612304687,2020-02-05,464.81304931640625,resistance,0.03058701734561664,0.02958701734561664,True,0.03913208537313273,-0.00954506802751609,15.489999771118164,0.1933744466411118,0.2471819384835534,1.212764361490101,0.15600126370106068,0.9497792524158643,1.5086089149042585
BLK,2020-02-20,484.8601684570313,2020-02-27,406.9466247558594,hold_days,-0.1606928115978591,-0.1616928115978591,True,-0.11154458078871254,-0.05014823080914654,14.380000114440918,-0.05270093377152929,-0.10404979451734098,1.0165888662658875,0.5109472068905836,0.8634371498991623,1.6691329672656738
BLK,2021-01-29,615.0991821289062,2021-02-05,637.0888671875,hold_days,0.035749820024935985,0.034749820024935985,False,0.038522119692457446,-0.0037722996675214615,30.209999084472656,0.41697933944185905,0.3601981238077998,1.1355404358775674,0.14301254095731597,0.6483052566701007,0.9388061635207333
BLK,2022-01-27,704.7740478515625,2022-02-03,720.703857421875,hold_days,0.022602718727900095,0.021602718727900094,True,0.03390956623837882,-0.012306847510478724,31.959999084472656,0.340041868900933,0.7360130010519945,1.4282416431960756,0.13827781269641723,0.3171672702715127,1.2128722034592905
BLK,2022-02-17,682.001953125,2022-02-25,671.5997924804688,hold_days,-0.015252391282557953,-0.016252391282557954,False,0.006629852509236089,-0.022882243791794044,24.290000915527344,0.21693396942202736,0.09959260967599937,1.1478384262350865,0.0941251806721945,0.6133917526335027,0.9138858942934057
BLK,2023-03-15,585.3500366210938,2023-03-22,600.7125244140625,hold_days,0.026244959138719715,0.025244959138719714,True,0.007072892895729543,0.01817206624299017,23.729999542236328,0.2113322796019239,0.14637674722803284,1.1318304100524241,0.8096544989224119,0.563332223919826,0.9407631633432488
BLK,2024-10-29,948.02392578125,2024-11-05,978.0892333984376,hold_days,0.03171365911721202,0.030713659117212022,False,-0.0035082206064672716,0.034221879723679294,19.799999237060547,0.07784422060411966,0.005076064479612397,1.0222825502010524,0.37969666028017185,0.6906091237014073,0.6540438226680808
BLK,2025-06-20,954.44140625,2025-06-27,1026.3154296875,hold_days,0.07530480442994714,0.07430480442994714,True,0.028522199990169028,0.04578260443977811,20.139999389648438,0.16685974058953867,0.14366829594597985,0.831350420322396,0.08977991624342405,0.5989918852919899,1.0016855775504128
BLK,2025-11-06,1052.43701171875,2025-11-13,1052.6436767578125,hold_days,0.00019636808356349178,-0.0008036319164365082,True,0.012533093269581519,-0.013336725186018028,18.010000228881836,0.06442081251022302,-0.031720437660618495,1.0656208042829836,0.581807461235676,0.6890111187973471,1.316313788953983
BLK,2026-01-09,1073.045654296875,2026-01-16,1150.2486572265625,hold_days,0.07194754726468333,0.07094754726468333,False,0.0018734683063181823,0.06907407895836515,15.449999809265137,0.03344481648020681,0.10357141494750977,0.8532741595039776,0.3993710090620579,0.8598417464544036,0.6217673853055193
SCHW,2016-06-07,25.968204498291016,2016-06-14,24.63017845153809,hold_days,-0.05152555105767831,-0.05252555105767831,True,-0.014443198661969525,-0.038082352395708785,13.649999618530273,0.04039632146297123,-0.10197369803847389,0.9481081881172043,0.22641638446340545,0.8309849695764906,0.8071929404562689
SCHW,2016-10-17,27.96106338500977,2016-10-24,28.4022216796875,hold_days,0.015777593598755635,0.014777593598755634,False,0.014183582820564755,0.0005940107781908788,16.1200008392334,0.19584580019645115,0.21294212832983206,1.157371796179509,0.572918405137135,0.5714285714285612,1.6312068253066296
SCHW,2017-08-24,35.25764465332031,2017-08-31,35.4889030456543,hold_days,0.006559099299113358,0.005559099299113358,False,0.016708878187663423,-0.011149778888550066,12.25,0.043441246918632714,0.10261029509911812,1.2218315322989974,0.052632635647236005,0.7808219893919996,0.5524286447815205
SCHW,2018-05-31,49.74066162109375,2018-06-07,51.27885055541992,hold_days,0.030924175195809367,0.029924175195809366,False,0.026179517494554272,0.003744657701255094,14.9399995803833,0.130105845583395,0.021189300308780634,0.8288589231112194,0.22891455517306084,0.6199989318847592,0.84433323289878
SCHW,2018-08-23,44.98255920410156,2018-08-30,45.33222961425781,hold_days,0.007773466346582714,0.006773466346582714,False,0.015440488716482736,-0.008667022369900024,12.25,-0.16325138574281683,0.1290322183694368,0.9618545313506895,0.24073877845123226,0.643749850988248,1.1956501661280508
SCHW,2018-12-13,37.24592208862305,2018-12-20,35.61870574951172,hold_days,-0.04368844286468532,-0.04468844286468532,True,-0.06751205168582253,0.02282360882113721,21.459999084472656,0.03471549283029107,0.12828593943135336,1.1924418073306287,0.24193528539521875,0.10714383027885804,0.9050100513046108
SCHW,2019-08-14,33.296302795410156,2019-08-21,34.22447967529297,hold_days,0.027876274599796025,0.026876274599796024,True,0.03679614935115194,-0.009919874751355917,17.520000457763672,-0.13138322302957506,0.2568149917607052,1.1960637174711026,0.4807688075413557,0.8045978019472473,0.9918676704094962
SCHW,2019-10-07,32.2589225769043,2019-10-14,34.3245849609375,hold_days,0.06403383061256074,0.06303383061256074,False,0.012665818776808058,0.05036801183575268,17.040000915527344,-0.010452869047884117,0.11227162238679544,1.1094678229082398,0.014087458293709111,0.8309818291228325,0.6874263374411811
SCHW,2021-07-22,62.9322509765625,2021-07-29,64.1675033569336,hold_days,0.019628288535732397,0.018628288535732396,False,0.013813995570699733,0.004814292965032663,17.90999984741211,0.09675443546159412,0.10555549407038312,1.0593678188762532,0.043478523093253674,0.7169789592380169,1.323058887420553
SCHW,2022-10-20,64.46573638916016,2022-10-27,73.31082916259766,hold_days,0.13720610775377406,0.13620610775377406,True,0.05323614935032572,0.08296995840344834,30.760000228881836,-0.08370567445598232,0.07740809285040195,1.205953148710803,0.07906885967246986,0.35915496741401576,0.7457322436799348
SCHW,2023-05-08,45.420433044433594,2023-05-15,48.833614349365234,hold_days,0.07514638404245555,0.07414638404245555,True,0.0006904603790049979,0.07345592366345055,17.190000534057617,0.08935366444527437,0.02504472658493606,0.8990179040568859,0.04710186491816943,0.3918142352977947,1.5669845186814824
SCHW,2023-08-08,62.810733795166016,2023-08-15,58.67353820800781,hold_days,-0.06586765250426996,-0.06686765250426996,False,-0.013537832907859926,-0.05332981959641003,15.770000457763672,0.15700662695192746,0.13371679588462437,1.0524020090167288,0.9071007495976839,0.8850595880139964,1.6117191400540212
SCHW,2023-10-25,47.51045608520508,2023-11-01,50.83051681518555,hold_days,0.06988063267644251,0.06888063267644251,False,0.01604568889197977,0.05283494378446274,18.969999313354492,0.06096198007545972,0.11391653250080491,1.2386695694864558,0.7473668571336785,0.6179813808356349,0.5751201988504694
SCHW,2025-01-10,71.39141845703125,2025-01-17,74.96246337890625,hold_days,0.05002064672554907,0.049020646725549066,False,0.035835969483575925,0.013184677241973142,17.700000762939453,0.020172932206015126,0.054827177511746816,1.011100617496514,0.6515131665138214,0.9758073943726917,1.5461755170491993
SCHW,2025-08-05,95.23197174072266,2025-08-12,97.72868347167967,hold_days,0.02621715885243381,0.025217158852433808,False,0.01776443097634739,0.007452727876086418,17.520000457763672,0.16566871384103798,0.05225230385381807,0.9637079267490894,0.3065332990840871,0.8873218248147596,1.300553091277966
USB,2015-10-02,27.68010902404785,2015-10-09,28.243896484375,hold_days,0.020367963863052063,0.019367963863052062,True,0.027856719518067452,-0.00848875565501539,22.549999237060547,-0.039198981815498524,0.06669819716752401,1.280560806108665,0.9999999999999964,0.7692311454324037,2.3746670953716844
USB,2015-10-16,27.69369125366211,2015-10-23,28.95033836364746,hold_days,0.04537665631045762,0.04437665631045762,True,0.02207852046486236,0.022298135845595257,16.049999237060547,-0.07864528319364172,-0.2882483467811989,0.839278218807104,0.10465126594630227,0.3437482615295342,1.2612122794830527
USB,2016-06-07,29.333999633789062,2016-06-14,28.32320022583008,hold_days,-0.0344582880131582,-0.0354582880131582,False,-0.014443198661969525,-0.021015089351188676,13.649999618530273,0.04039632146297123,-0.10197369803847389,0.9481081881172043,0.0,0.6785709420029852,0.5843581789452762
USB,2016-09-29,29.597204208374023,2016-10-06,30.579578399658203,hold_days,0.03319145228609921,0.03219145228609921,True,0.005053118967080827,0.027138333319018382,12.390000343322754,-0.06842104017758133,-0.31697900991148387,0.9775626982081925,0.1460680899579529,0.72881388808069,1.6500643319392911
USB,2017-07-21,36.90507507324219,2017-07-28,37.22369384765625,hold_days,0.008633467721762544,0.007633467721762544,True,-0.00041372250037696734,0.00804719022213951,9.579999923706055,-0.03232320274288303,-0.23604466085736542,0.9123312139448275,0.39999745686202204,0.3684196436937039,1.0669154925575621
USB,2018-04-20,36.326263427734375,2018-04-27,36.91692352294922,hold_days,0.016259863786702855,0.015259863786702854,False,0.007507706934044789,0.007752156852658065,15.960000038146973,-0.13683070655972174,-0.1573389868998184,0.8288032523181462,0.3157884169822146,0.8888888888888862,1.0589319381090398
USB,2018-07-20,37.00284194946289,2018-07-24,37.430397033691406,resistance,0.011554655310326067,0.010554655310326067,False,0.001832709030092472,0.008721946280233595,12.869999885559082,0.023052461336390273,-0.14028058410225575,0.8893986190578115,0.3793137467689968,0.7291681567842084,0.7764874967542826
USB,2018-08-15,38.111610412597656,2018-08-22,39.0899543762207,hold_days,0.02567049655030207,0.024670496550302068,False,0.015333247050094867,0.009337249500207201,13.3100004196167,0.21774931820577303,0.037412353761884676,0.9530398247680374,0.35384669558021986,0.948716694706368,1.0797092191791884
USB,2018-11-27,39.201080322265625,2018-12-04,38.38378143310547,hold_days,-0.02084888687865938,-0.02184888687865938,False,0.007371063218427398,-0.029219950097086778,18.899999618530273,0.0418963756589501,0.08870961716789494,1.2022469736430905,0.4464305177111765,0.2923066088395648,0.5595872009077196
USB,2020-11-23,33.82098388671875,2020-12-01,34.7314453125,hold_days,0.026920015953136867,0.025920015953136866,True,0.02492851591859435,0.000991500034542514,23.700000762939453,0.02597404205893583,-0.04666129601497648,0.8318837402244429,0.49091060417953836,0.3200022379557239,0.45175680977326094
USB,2021-11-12,49.01523208618164,2021-11-19,46.65763854980469,hold_days,-0.04809920173858784,-0.04909920173858784,False,-0.0017416693087244361,-0.0473575324298634,17.65999984741211,0.14378240462191094,0.06836050295385165,0.9570939645731512,0.635293484065834,0.521738168951783,0.846602295463552
USB,2022-09-29,34.269290924072266,2022-10-06,34.56377029418945,hold_days,0.00859309784873119,0.00759309784873119,False,0.021604335786567397,-0.014011237937836207,30.18000030517578,0.07824224908774013,0.15366974316558912,1.2475052694199984,0.5384600336476437,0.6630413149121822,0.7150899637745927
USB,2022-12-09,36.27177429199219,2022-12-16,35.46405029296875,hold_days,-0.02226866523046711,-0.02326866523046711,False,-0.017702247299188678,-0.005566417931278433,22.290000915527344,0.12348794073067992,0.0953317197882777,0.8029681195290677,0.1038984201217739,0.8281298428820087,0.7163365747674755
USB,2023-09-15,30.764074325561523,2023-09-22,29.214929580688477,hold_days,-0.050355643029567076,-0.05135564302956708,False,-0.02855692759401407,-0.022798715435553008,12.819999694824219,-0.10972221983067776,-0.07636890568277888,0.9341128578567088,0.29114315238491206,0.44615420730776284,0.8715545217455404
USB,2024-02-09,36.09580612182617,2024-02-16,37.27264404296875,hold_days,0.03260317603576035,0.03160317603576035,False,0.004939577528301653,0.026663598507458697,12.789999961853027,-0.07853026971187427,-0.049070621321307684,1.0051624753831732,0.6612912157215036,0.9514569938668475,0.6304764859249135
USB,2024-02-28,37.03009414672851,2024-03-06,38.71001052856445,hold_days,0.04536624657716026,0.04436624657716026,False,0.015310309452409854,0.02905593712475041,13.430000305175781,-0.12905316220961016,-0.03589375370036585,1.0616947611621403,0.5285747761592493,0.37179173676591243,0.8589842397112673
USB,2024-06-14,35.2801628112793,2024-06-24,36.84292221069336,hold_days,0.04429569692672852,0.04329569692672852,False,0.015477109847633175,0.027818587079095347,11.9399995803833,-0.05087443141527548,-0.17484455010068944,0.8748716906157488,0.5806471460477752,0.6842076203765554,0.6874795137105544
USB,2025-02-07,44.39176940917969,2025-02-14,44.880523681640625,hold_days,0.01101002007727736,0.01001002007727736,True,0.010763054823847096,-0.0007530347465697362,15.5,-0.021464655890949702,0.031957358695566596,1.0421600928015997,0.30630627534538224,0.5147090172671015,1.116133389941392
USB,2026-05-15,52.66924285888672,2026-05-22,54.3647346496582,hold_days,0.03219130746409449,0.031191307464094487,True,0.020816936716593792,0.010374370747500694,17.260000228881836,0.01053865960069178,0.021906504002609184,0.8241926758471556,0.724770417448274,0.27586093499249836,1.124965869498362
PNC,2015-06-04,66.44086456298828,2015-06-11,69.12091064453125,hold_days,0.04033731498183912,0.03933731498183912,False,0.01097443960920752,0.028362875372631602,13.65999984741211,,,1.0,0.2016120100904509,0.7266150721773922,
PNC,2015-07-31,69.06683349609375,2015-08-07,68.79950714111328,hold_days,-0.003870545983487017,-0.004870545983487017,False,-0.0067935373988737835,0.0019229914153867664,12.130000114440918,-0.040348118277643064,0.0016515655103792604,0.9387707695301578,0.4339623999539344,0.6538401345905437,0.9155163739219357
PNC,2015-10-02,62.018043518066406,2015-10-09,63.185813903808594,hold_days,0.018829526368435046,0.017829526368435045,False,0.027856719518067452,-0.010027193149632407,22.549999237060547,-0.039198981815498524,0.06669819716752401,1.280560806108665,0.967067933665311,0.6071407486796192,2.355291540931503
PNC,2015-11-17,65.9666976928711,2015-11-20,67.48072052001953,resistance,0.022951320592057733,0.021951320592057733,False,0.020776389921649763,0.0011749306704079698,18.15999984741211,0.09927356805112608,0.28339224996377377,0.8464406850382686,0.3072598553399361,0.9797254455195449,1.2659966346211686
PNC,2016-06-07,63.80464553833008,2016-06-14,60.44614028930664,hold_days,-0.052637315366102055,-0.053637315366102056,False,-0.014443198661969525,-0.03919411670413253,13.649999618530273,0.04039632146297123,-0.10197369803847389,0.9481081881172043,0.024389184897567785,0.7058818249544418,0.9440498439235512
PNC,2016-09-09,64.8261489868164,2016-09-16,64.44400787353516,hold_days,-0.005894860627290499,-0.006894860627290499,False,0.009898165791762725,-0.016793026419053225,12.510000228881836,-0.06780922818470014,-0.06988844562925378,0.8793648055787628,0.0,0.5393299843983005,1.1332529021562052
PNC,2017-03-29,86.95687103271484,2017-04-05,86.19181823730469,hold_days,-0.008798071806451424,-0.009798071806451425,True,-0.004599666819493642,-0.005198404986957783,11.529999732971191,-0.07538095540727585,-0.06260166226206121,1.0730944688636883,0.03703368805347829,0.8252422150454803,0.5070671231669405
PNC,2017-05-02,88.330322265625,2017-05-09,89.281982421875,hold_days,0.010773878458047337,0.009773878458047336,False,0.004198308037513865,0.005575570420533471,10.109999656677246,-0.0673432182320004,-0.3103683654906765,0.8711523338131745,0.4278371395199748,0.6450004577636735,0.9351420726758304
PNC,2017-07-21,92.96322631835938,2017-07-28,94.0015640258789,hold_days,0.011169338120470051,0.01016933812047005,False,-0.00041372250037696734,0.010583060620847018,9.579999923706055,-0.03232320274288303,-0.23604466085736542,0.9123312139448275,0.24161025714550277,0.5214249513626606,0.8686741830059833
PNC,2017-10-17,99.42668914794922,2017-10-24,102.07048797607422,hold_days,0.026590434125699947,0.025590434125699946,False,0.008910259222626227,0.01668017490307372,9.90999984741211,-0.04065828454946041,0.04867725369644682,0.9106450973659486,0.04878116858951813,0.8411231612797393,0.7828542140884912
PNC,2018-06-18,106.57689666748048,2018-06-25,103.53289031982422,hold_days,-0.028561596770391495,-0.029561596770391496,True,-0.021791257953704735,-0.0077703388166867615,11.979999542236328,-0.01642042347523298,-0.10995546000863121,0.7674519724395533,0.31507164282057454,0.8872566252533779,0.5569337411753371
PNC,2018-11-27,101.6059799194336,2018-12-04,98.27473449707033,hold_days,-0.03278591894891136,-0.033785918948911364,False,0.007371063218427398,-0.04115698216733876,18.899999618530273,0.0418963756589501,0.08870961716789494,1.2022469736430905,0.22176965341570334,0.6090535754652961,0.8165532217379315
PNC,2019-05-15,99.1264877319336,2019-05-22,101.6994171142578,hold_days,0.02595602286728993,0.02495602286728993,True,-0.0014525771552341693,0.026408600022524098,18.059999465942383,-0.06521740418139799,0.3765243615452054,1.296015022730668,0.38515746736615897,0.5700312133442006,1.1682722601684903
PNC,2019-06-19,102.64691925048828,2019-06-26,102.94735717773438,hold_days,0.002926906422909159,0.001926906422909159,True,-0.0026571689844528956,0.004584075407362055,15.149999618530273,-0.05253284331530361,-0.10724807121188129,1.0246997866961391,0.07926664743810505,0.7371115978905076,1.3703532274253718
PNC,2020-01-10,124.1723403930664,2020-01-17,120.99560546875,hold_days,-0.025583273330119116,-0.026583273330119117,False,0.022100828767951386,-0.0486841020980705,12.539999961853027,0.005613447740598687,-0.010260466744917651,1.0205800730778318,0.03984315632693908,0.6879423414063899,1.567559433304816
PNC,2020-01-31,117.20067596435548,2020-02-04,118.86537170410156,resistance,0.01420380664231291,0.01320380664231291,True,0.029149632247675417,-0.015945825605362507,15.489999771118164,0.1933744466411118,0.2471819384835534,1.212764361490101,0.12652977336000665,0.9647356809568787,0.9712695675946348
PNC,2020-05-15,77.62421417236328,2020-05-22,83.49891662597656,hold_days,0.07568131305739989,0.07468131305739989,False,0.028126083931447887,0.046555229125952,32.61000061035156,0.03721374225253382,-0.04509519316888844,0.7054209356930223,0.45033069083816984,0.7975561985132675,0.7853016245398441
PNC,2022-09-30,128.0696563720703,2022-10-07,129.71534729003906,hold_days,0.012849967467607248,0.011849967467607248,True,0.007937173235320394,0.003912794232286854,31.84000015258789,0.16416817946957862,0.21202891502722054,1.279817146317324,0.044742034368111125,0.7066650390624953,1.1666217650283113
PNC,2023-05-16,98.67292022705078,2023-05-23,107.42692565917967,hold_days,0.08871740505891124,0.08771740505891124,False,0.007070882417326452,0.08064652264158478,17.1200008392334,0.008245070716805802,0.0646766741580711,0.8731698730808257,0.06418745634361567,0.8008113187651481,0.9105986902657298
PNC,2024-02-05,133.60064697265625,2024-02-12,136.633056640625,hold_days,0.022697567239995387,0.021697567239995386,True,0.01640925326230369,0.005288313977691694,13.850000381469727,0.04449473170466467,0.041353397206566056,1.0391495043186505,0.16597865039065424,0.8815401517427887,0.7195958384754131
PNC,2024-06-13,140.4369354248047,2024-06-21,141.77882385253906,hold_days,0.009555096197986224,0.008555096197986223,False,0.012932952551250487,-0.0043778563532642645,12.039999961853027,-0.04671418426301477,-0.15686273200315348,0.8819769110350502,0.6026199709484417,0.2731269241627765,0.778749875589504
PNC,2024-08-07,155.79754638671875,2024-08-14,157.3111114501953,hold_days,0.00971494801156636,0.008714948011566359,True,0.0391496424941824,-0.030434694482616043,27.709999084472656,0.5664216081352891,0.8824727297417259,1.7399357630642116,0.019671360210521443,0.7895787783808557,1.6578498109968551
PNC,2024-10-25,175.07135009765625,2024-11-01,176.3243865966797,hold_days,0.007157290432297847,0.006157290432297847,False,-0.011162684484913976,0.017319974917211822,19.079999923706055,-0.0015698945937896447,-0.0883898879357512,0.9812297286300452,0.03792468058537537,0.7252742953278988,1.2806415771328874
PNC,2025-09-12,195.54539489746097,2025-09-19,198.9726104736328,hold_days,0.017526444833789068,0.016526444833789067,False,0.007203249178415971,0.009323195655373095,14.710000038146973,-0.03856210099560475,-0.00942763230480792,0.9228415292168506,0.26896566239070807,0.6722700928347878,0.43786986925808513
PNC,2026-03-18,198.0573883056641,2026-03-23,200.7746734619141,resistance,0.013719685892537248,0.012719685892537247,False,-0.007064119848189221,0.019783805740726468,22.3700008392334,-0.1026875023908802,-0.050912128601101725,1.345343307880444,0.09936967357322772,0.36012697665062493,1.392022219723826
PNC,2026-05-01,218.96429443359375,2026-05-08,215.13482666015625,hold_days,-0.017489005608623875,-0.018489005608623876,True,0.011896520644380404,-0.03038552625300428,16.889999389648438,-0.12532367391113453,-0.05852849014222927,0.8265630632713717,0.003370290070997171,0.8313732921112953,0.6263832948595067
PNC,2026-06-18,230.2046661376953,2026-06-26,243.05224609375,hold_days,0.055809381154637405,0.054809381154637404,False,0.006110752733903935,0.04869862842073347,18.440000534057617,-0.17011696202101367,0.14819434291778033,0.9186927082753426,0.1491580408461641,0.24459277276062727,0.8883937846537475
SO,2016-09-13,34.25966262817383,2016-09-19,35.041622161865234,resistance,0.022824496031328412,0.02182449603132841,True,0.011599721789694373,0.010224774241634038,15.15999984741211,0.26544243962317915,0.11062273048212878,0.9896213587705583,0.3711317096575055,0.8947371440208114,1.445434416487977
SO,2016-10-11,33.0232048034668,2016-10-18,34.14602279663086,hold_days,0.03400087907416505,0.033000879074165046,False,0.0069126080247170485,0.026088271049447997,13.380000114440918,-0.01400144323184982,-0.07724137141786769,1.0099876848968803,0.44642747665206384,0.9508217224904361,0.6751796377154717
SO,2016-11-17,32.1180305480957,2016-11-25,32.3073616027832,hold_days,0.005894852562768005,0.004894852562768005,True,0.014497687943237914,-0.00960283538046991,13.720000267028809,-0.045897068300389865,-0.2898550474250595,0.9504095997397934,0.12820337258889813,0.7391309155241057,0.4515420910370314
SO,2017-01-13,32.99704360961914,2017-01-23,33.01734161376953,hold_days,0.0006151461443191231,-0.00038485385568087695,False,-0.004097660030550343,0.003712806174869466,11.539999961853027,-0.011139684112341675,-0.10888029870111027,0.835076019055795,0.769231333538737,0.8214305177111625,0.9747154660334411
SO,2018-01-26,31.38675308227539,2018-02-02,31.28757667541504,hold_days,-0.0031598173471584223,-0.004159817347158422,True,-0.036962122951264886,0.03280230560410646,11.579999923706055,-0.052373185706841574,0.17922609812396129,1.0814521647702748,0.3837227870335867,0.8939398318064925,1.0439099447727334
SO,2019-08-27,44.63671875,2019-09-04,46.452789306640625,hold_days,0.04068557473527612,0.03968557473527612,False,0.027501103864192578,0.012184470871083541,19.31999969482422,0.14454980185833177,-0.08392605239248807,1.1258009344916649,0.06122202716221882,1.0,1.1201598954015415
SO,2021-01-14,48.08671188354492,2021-01-22,48.982635498046875,hold_days,0.018631417691267416,0.017631417691267415,False,-0.0019244701939002962,0.01955588788516771,22.209999084472656,-0.11408060012629428,-0.037695010490004344,0.9038146417289429,0.08450908543857709,0.7610617676547659,0.5443559809859739
SO,2021-10-05,52.12134552001953,2021-10-06,52.68404769897461,resistance,0.010796002546383798,0.009796002546383797,False,0.005432505402874321,0.004363497143509476,22.959999084472656,0.223880533280844,-0.10696227529859537,1.2149544256517382,0.15054103054218362,0.8230083416885229,0.9727193822161316
SO,2022-08-11,67.41603088378906,2022-08-18,69.5986099243164,hold_days,0.03237477810418188,0.03137477810418188,False,0.020958737042114706,0.010416041062067172,19.739999771118164,-0.10068341298432537,-0.15060241112177952,0.8052209424329067,0.18584034946762565,0.5285718956741727,0.7077076253641247
SO,2023-01-20,59.218624114990234,2023-01-27,59.99501037597656,hold_days,0.01311050826643223,0.01211050826643223,False,0.014951600187308234,-0.0028410919208760044,20.520000457763672,-0.027027012361319325,-0.06769649048721793,0.8570297391969902,0.980295177711712,0.09374627470615363,1.6031087442139285
SO,2024-06-11,73.5241928100586,2024-06-18,72.99969482421875,hold_days,-0.007133678940139165,-0.008133678940139166,False,0.015171231936941476,-0.023304910877080642,12.739999771118164,-0.02822272274970139,0.06789601384930122,0.8906546702962578,0.449996948242187,0.9714279486215353,0.8062552618456513
SO,2025-01-10,77.43244934082031,2025-01-17,79.88910675048828,hold_days,0.03172645874670632,0.03072645874670632,False,0.035835969483575925,-0.005109510736869605,17.700000762939453,0.020172932206015126,0.054827177511746816,1.011100617496514,0.06936561487067859,0.982754991976007,1.5694883964301884
SO,2026-01-09,85.62294006347656,2026-01-16,87.4828109741211,hold_days,0.021721642696054477,0.020721642696054476,True,0.0018734683063181823,0.018848174389736294,15.449999809265137,0.03344481648020681,0.10357141494750977,0.8532741595039776,0.047059985100208826,0.6279075956778641,0.7520328799515755
DUK,2015-06-12,46.181270599365234,2015-06-19,46.607887268066406,hold_days,0.009237872045621875,0.008237872045621875,False,0.00976480986548034,-0.0015269378198584649,12.850000381469727,-0.12644457184593938,-0.034560482617942645,1.0020680275723697,0.27536488279522453,0.49180778947895276,0.79252154390518
DUK,2016-01-12,46.445518493652344,2016-01-14,47.16236877441406,resistance,0.015434218499674746,0.014434218499674745,True,-0.013777266696707091,0.028211485196381836,24.299999237060547,0.17391296335439765,0.5438373310302966,1.3412959339244663,0.40361246438091425,0.7411768929738506,1.7142157562109281
DUK,2016-11-16,50.293121337890625,2016-11-23,50.00074768066406,hold_days,-0.005813392556454633,-0.006813392556454633,True,0.01708386183611199,-0.023897254392566625,13.369999885559082,-0.2865528255680799,-0.27963360612735766,0.9607562850416684,0.14893573848994676,0.7086080669364748,1.1395697387359802
DUK,2017-01-13,52.49602508544922,2017-01-23,52.37364196777344,hold_days,-0.002331283511019633,-0.003331283511019633,False,-0.004097660030550343,0.0007663765195307102,11.539999961853027,-0.011139684112341675,-0.10888029870111027,0.835076019055795,0.6197158883325049,0.9166674235474713,0.7804100634468779
DUK,2018-09-14,59.96887969970703,2018-09-21,58.58893203735352,hold_days,-0.023011062892346335,-0.024011062892346335,False,0.008555566850599217,-0.03256662974294555,12.369999885559082,-0.15563138514265207,0.009795909025231087,1.0172239161587497,0.6874965230590687,0.9638568060336704,0.830321473498951
DUK,2021-09-30,81.19744873046875,2021-10-07,84.00138092041016,hold_days,0.03453226959444167,0.033532269594441666,True,0.02048074542651701,0.013051524167924655,22.559999465942383,0.0809774105773855,0.24092404220255337,1.1009024094561588,0.026314732770266618,0.6682683490444914,0.7170251115388114
DUK,2022-02-04,87.58487701416016,2022-02-11,83.80423736572266,hold_days,-0.043165438798598466,-0.044165438798598466,False,-0.01838740922685811,-0.025778029571740357,24.350000381469727,-0.20137748231354824,-0.048456419059175526,1.1213852192059757,0.36257489972472295,0.6886790415799932,0.8266345163105316
DUK,2022-07-07,91.46949005126952,2022-07-14,91.5722198486328,hold_days,0.001123104516114637,0.0001231045161146369,True,-0.027491692078240204,0.02761479659435484,26.729999542236328,-0.05747535377415591,-0.11460751674774006,0.9880885473715771,0.17261956121906932,0.6382982867939918,0.6916500574272513
DUK,2022-10-14,75.02166748046875,2022-10-21,76.43880462646484,hold_days,0.018889704715841393,0.017889704715841392,True,0.044897056433631954,-0.027007351717790562,31.940000534057617,0.04652686942973894,0.0031407154833698048,1.2799549806246011,0.137254413084671,0.8886555901407609,1.1756926345187246
DUK,2023-04-20,86.62952423095703,2023-04-27,87.73200988769531,hold_days,0.01272644247472754,0.011726442474727539,False,-0.0076884136407341375,0.019414856115461676,16.459999084472656,-0.13776852001537065,-0.13368425871196543,0.8432576892865679,0.43518557764308363,0.8529402964979677,0.7759528064430136
DUK,2023-06-01,78.51732635498047,2023-06-08,81.9745101928711,hold_days,0.04403084005001068,0.04303084005001068,True,0.021334809506128538,0.02169603054388214,17.940000534057617,-0.031840266094167013,-0.002779279471743945,0.9677318169802546,0.2243902983658185,0.7500000000000022,1.385860991048394
DUK,2025-07-11,113.49407196044922,2025-07-18,114.42163848876952,hold_days,0.008172819181635704,0.007172819181635704,False,-0.00301706829834425,0.010189887479979953,15.779999732971191,-0.05168267357102441,-0.058472582489697666,0.7929430837636414,0.6904771996536545,0.8971956619392891,0.7328419615862238
NEE,2015-08-10,20.019672393798828,2015-08-17,20.583438873291016,hold_days,0.02816062462974256,0.027160624629742558,False,-0.000648457123347379,0.027809081753089937,13.390000343322754,0.10478551730655306,-0.02547303010376445,0.9194815058813282,0.34246596817599684,0.7302902331235508,0.9089404328414741
NEE,2016-05-25,22.90041160583496,2016-06-02,23.20644760131836,hold_days,0.013363777068767568,0.012363777068767567,False,0.009366264565305427,0.002997512503462141,14.420000076293945,-0.07385996410215456,0.05796037822597122,1.029108633883516,0.2162141727953766,0.9095474882395984,0.5534028846733007
NEE,2016-08-19,24.227216720581055,2016-08-26,23.722797393798828,hold_days,-0.020820358054325028,-0.02182035805432503,True,-0.003112523209201412,-0.018707834845123616,11.430000305175781,-0.021404109029793172,-0.0797101260094013,0.8150004652236759,0.3148155343235072,0.9540218797272727,1.4442892195627253
NEE,2016-09-13,23.707191467285156,2016-09-20,24.395742416381836,hold_days,0.029043969634566347,0.028043969634566346,False,0.013719911963714582,0.014324057670851764,15.15999984741211,0.26544243962317915,0.11062273048212878,0.9896213587705583,0.21126927044530394,0.9010235886272576,1.0542350126978075
NEE,2018-01-24,30.477447509765625,2018-01-29,31.453298568725582,resistance,0.032018792211758296,0.031018792211758295,True,0.009973388263405214,0.02104540394835308,11.100000381469727,-0.048027399079827005,0.1659663705601555,1.105584302153346,0.35814253878582547,0.87741802108662,1.111301798633982
NEE,2018-03-02,31.102458953857425,2018-03-09,31.501293182373047,hold_days,0.012823237838118118,0.011823237838118117,True,0.03395603335618347,-0.02213279551806535,22.469999313354492,0.20032052016822566,0.16666661715086684,1.277485237672303,0.46605160664416473,0.5208313465194155,1.0647385209893874
NEE,2019-07-19,44.08986282348633,2019-07-26,43.97213363647461,hold_days,-0.0026702098730279067,-0.0036702098730279067,False,0.020873094778166568,-0.024543304651194475,13.529999732971191,0.046403666947729016,0.07637231992473792,0.8513711418100584,0.10645199397525171,0.9655186021528943,1.2157483274202494
NEE,2019-09-13,46.189151763916016,2019-09-20,47.71757507324219,hold_days,0.03309052560952663,0.03209052560952663,False,-0.007225728371999196,0.03931625398152583,14.220000267028809,-0.12599877892177014,-0.265116279757472,0.9278221810879381,0.3004341875192239,0.40316393857881555,0.7310427244592281
NEE,2020-09-04,59.8741340637207,2020-09-14,60.86729431152344,hold_days,0.016587467415324353,0.015587467415324352,True,-0.0003348272635697036,0.015922294678894056,33.599998474121094,0.37310990670048394,0.47887321697107144,0.9986748942059974,0.34292215817864696,0.20091227695316258,2.3385587314829475
NEE,2020-10-19,64.67362213134766,2020-10-26,65.34294128417969,hold_days,0.01034918303280885,0.00934918303280885,False,-0.0140438070719896,0.02339299010479845,27.40999984741211,0.09639999389648435,-0.007962335144290567,1.0321503657543996,0.14857477296699445,0.9197853980946917,1.6394255360804417
NEE,2021-01-29,70.16773223876953,2021-02-05,72.53644561767578,hold_days,0.033757872790386,0.032757872790386,False,0.038522119692457446,-0.005764246902071446,30.209999084472656,0.41697933944185905,0.3601981238077998,1.1355404358775674,0.2901795293612787,0.6325452958044316,0.9538375200570676
NEE,2021-11-30,76.7774887084961,2021-12-07,79.98908996582031,hold_days,0.041829985733420116,0.040829985733420116,False,0.03427911955679552,0.006550866176624592,22.959999084472656,0.2819653422716384,0.40945351713194733,1.1643653368781732,0.14229280001930125,0.8902974504249309,1.88866441117525
NEE,2022-09-02,76.51758575439453,2022-09-12,81.64214324951172,hold_days,0.0669722841434901,0.0659722841434901,False,0.0487309150088957,0.017241369134594398,25.559999465942383,0.17355365748976292,0.3067484746329938,1.0362194869750951,0.13821261761951298,0.8857160295758925,1.6454512359157967
NEE,2022-12-23,76.05680084228516,2023-01-03,75.74956512451172,hold_days,-0.00403955615238849,-0.0050395561523884904,False,0.003074838117876233,-0.008114394270264724,21.969999313354492,-0.03766975966822328,-0.014356284837563016,0.8484343173835615,0.9212608358714628,0.4957958140861885,0.7355813289995692
NEE,2023-06-01,66.7790298461914,2023-06-02,67.59363555908203,resistance,0.012198525716334396,0.011198525716334395,False,0.014745327082645865,-0.0035468013663114695,17.940000534057617,-0.031840266094167013,-0.002779279471743945,0.9677318169802546,0.5154632688375063,0.8359800747600187,0.7044398753256312
NEE,2023-08-24,61.52531051635742,2023-08-31,61.564476013183594,hold_days,0.000636575362195968,-0.000363424637804032,True,0.02665198758272669,-0.02701541222053072,15.979999542236328,-0.047675870779067764,0.0012531017569896719,1.1589009070088285,0.10526255406537208,0.7023796548592204,1.4521860770490669
NEE,2023-09-25,62.18196487426758,2023-10-02,48.062686920166016,hold_days,-0.22706387587865473,-0.22806387587865473,False,-0.019050230776227917,-0.20901364510242681,17.200000762939453,0.24728069691946608,0.2427746078979116,1.0556426856471397,0.9583350993938858,0.6617636609109644,0.683291198416647
NEE,2025-05-05,63.72421646118164,2025-05-12,67.1851806640625,hold_days,0.05431160075525043,0.05331160075525043,False,0.03162122746828744,0.021690373286962994,22.68000030517578,-0.08695651506214164,-0.2350758651949011,1.0041182943815856,0.19130515547358562,0.7970975232198121,0.6789531619166341
NEE,2025-11-18,82.89419555664062,2025-11-25,83.64285278320312,hold_days,0.009031479484603366,0.008031479484603365,True,0.02019213774671358,-0.012160658262110213,22.3799991607666,0.2715908338462043,0.3034361713059006,1.131591222677342,0.009660215465928748,0.9903862024949693,1.2352658961323282
NEE,2026-03-10,90.8743896484375,2026-03-17,91.85719299316406,hold_days,0.010814965014111166,0.009814965014111166,True,-0.014620448279514808,0.024435413293625974,25.5,0.18936564201540196,0.21370774498830758,1.3993237093110256,0.44444679919185814,0.9291337636630754,0.46723174328718087
UPS,2015-06-19,66.89280700683594,2015-06-26,65.90440368652344,hold_days,-0.014775928302896535,-0.015775928302896536,True,-0.009561353130913997,-0.006214575171982539,13.1899995803833,0.026459080842041738,-0.10333109815240671,1.0173172406433875,0.42221845462637136,0.7647073908806598,0.7531803835752064
UPS,2017-02-06,73.50331115722656,2017-02-13,75.19430541992188,hold_days,0.02300568826182814,0.022005688261828138,False,0.016211830774952363,0.005793857486875775,10.970000267028809,0.03686203649670161,-0.04939338792967307,0.9403140930784014,0.24799804687499857,0.8663098113453891,0.6529536543357772
UPS,2018-02-14,76.15672302246094,2018-02-22,75.70689392089844,hold_days,-0.005906623653302856,-0.006906623653302856,False,0.0034897267417688393,-0.010396350395071696,24.969999313354492,-0.16711141779117322,0.6883028652980483,2.162429117766701,0.7512440454726595,0.6299693190700068,0.6490169531988745
UPS,2018-03-02,75.91581726074219,2018-03-09,79.52536010742188,hold_days,0.047546650710250216,0.046546650710250215,True,0.03395603335618347,0.012590617354066747,22.469999313354492,0.20032052016822566,0.16666661715086684,1.277485237672303,0.518134633097333,0.4644197592599201,0.7644315693675297
UPS,2018-03-27,73.61030578613281,2018-04-04,76.66510009765625,hold_days,0.04149954654989241,0.04049954654989241,False,0.01576496656776749,0.024734579982124916,21.030000686645508,0.105678242928821,0.3326996858374345,1.2455151536443938,0.16161465665170027,0.89108832360773,1.4431399987091766
UPS,2018-11-02,77.54586791992188,2018-11-09,80.1212387084961,hold_days,0.033210935123373586,0.032210935123373585,False,0.028390582000462405,0.00382035312291118,19.34000015258789,-0.20148634595855885,-0.035892289756881524,1.4579064926132315,0.23287475570202426,0.7117087085023015,0.765850086747336
UPS,2019-05-17,74.67969512939453,2019-05-24,72.01256561279297,hold_days,-0.03571425287663976,-0.036714252876639764,True,-0.010537744124557769,-0.026176508752081995,15.289999961853027,-0.1994764577760455,0.060332862757007666,1.1978921126071946,0.24242494301078468,0.1718721439413816,0.8536862015910328
UPS,2019-08-09,86.9635009765625,2019-08-16,87.36174774169922,hold_days,0.004579470245155592,0.0035794702451555924,False,-0.008331323282691927,0.011910793527847519,16.90999984741211,-0.053721373628232705,0.32731555347021435,1.2827689319393518,0.15499877929687372,0.8387099949793752,0.745038523052849
UPS,2019-12-24,90.3566436767578,2020-01-02,89.1806869506836,hold_days,-0.013014612741494402,-0.014014612741494403,False,0.004973603820287664,-0.018988216561782068,12.609999656677246,0.038714934107312526,-0.20491803722276325,0.8885044641580879,0.9705895552530032,0.7419378655750387,0.5565911852201681
UPS,2020-09-10,123.82008361816406,2020-09-17,125.27873992919922,hold_days,0.011780450056336322,0.010780450056336321,False,0.022297505966196507,-0.011517055909860185,28.809999465942383,0.10298616157272433,0.30776207752943385,1.1270079642297024,0.19377965977951359,0.6013738136437481,1.0931811780488954
UPS,2020-10-30,123.20840454101562,2020-11-06,131.49758911132812,hold_days,0.06727775269221237,0.06627775269221237,True,0.06947034530809248,-0.0031925926158801188,37.59000015258789,0.337246507876108,0.39377089764977447,1.2843212973205862,0.3570054152523285,0.5764324555478321,1.2269391905064262
UPS,2021-03-23,126.92803955078124,2021-03-26,133.37527465820312,resistance,0.05079441178040489,0.04979441178040489,False,0.02575102720060629,0.0240433845797986,18.8799991607666,-0.05741395339270461,-0.25873578053583246,0.854378021333533,0.21501814905660363,0.7924521964444202,0.836256311684385
UPS,2021-08-09,152.3636016845703,2021-08-16,157.22216796875,hold_days,0.03188797213023431,0.03088797213023431,False,0.01458741813670561,0.0163005539935287,16.149999618530273,-0.11458334313672902,-0.061046575455484864,1.0010133939500272,0.0992289055583915,0.4943851046685063,0.3523050450983809
UPS,2022-04-21,153.27406311035156,2022-04-28,154.378173828125,hold_days,0.007203506551389127,0.006203506551389127,False,-0.021307681957623226,0.027511188509012352,20.31999969482422,-0.1624072752219926,-0.03376133945027182,0.8463605970949397,0.26613042158543304,0.07257781688191371,0.9023313284958782
UPS,2022-05-05,145.95945739746094,2022-05-12,145.03395080566406,hold_days,-0.006340847029025598,-0.007340847029025598,False,-0.03929604466334313,0.031955197634317534,25.420000076293945,-0.19556962754974327,0.250984274511026,1.1499203642756608,0.35688222513392726,0.9430551434747616,0.9931336271836855
UPS,2022-09-02,161.72816467285156,2022-09-12,165.1268768310547,hold_days,0.02101496770879785,0.02001496770879785,False,0.0487309150088957,-0.028715947300097855,25.559999465942383,0.17355365748976292,0.3067484746329938,1.0362194869750951,0.30373094685717944,0.8793979289430462,1.7884671867011477
UPS,2022-12-30,144.74783325195312,2023-01-09,151.28419494628906,hold_days,0.045156887999549644,0.04415688799954964,False,0.021705064409272667,0.022451823590276976,21.440000534057617,0.06826112905157156,0.014191161450840983,0.8651886981334828,0.6587812585379478,0.6683407837935234,0.9510435770116011
UPS,2023-08-24,142.9085235595703,2023-08-31,144.9622802734375,hold_days,0.014371128206436934,0.013371128206436933,True,0.02665198758272669,-0.013280859376289755,15.979999542236328,-0.047675870779067764,0.0012531017569896719,1.1589009070088285,0.016215502878541083,0.7777777777777778,0.7152662440961983
FDX,2015-08-11,114.96183013916016,2015-08-18,113.07118225097656,hold_days,-0.016445874999510557,-0.017445874999510558,True,0.007968933256715438,-0.025414808256225996,12.229999542236328,-0.026273954327657778,-0.216025689540137,0.9172646282635095,0.21597803860052234,0.658960802986022,1.2221677056071083
FDX,2015-09-11,103.2933578491211,2015-09-18,99.34156036376952,hold_days,-0.03825800194358964,-0.03925800194358964,False,-0.00035375674377280397,-0.038904245199816834,24.3700008392334,-0.06592561530452445,-0.1962400697717196,1.4662470816661566,0.9333345115851557,0.12790740346575902,1.3173721729360408
FDX,2017-02-24,133.41246032714844,2017-03-03,134.26914978027344,hold_days,0.006421360126514841,0.005421360126514841,True,0.001920419095672976,0.003500941030841865,11.710000038146973,-0.021720987726124186,0.022707443948728034,0.9764967033210096,1.0,0.12400947308464837,1.2809468519300808
FDX,2017-04-21,128.2689208984375,2017-04-28,131.32891845703125,hold_days,0.02385611056178316,0.02285611056178316,True,0.017577349132683384,0.005278761429099776,14.149999618530273,-0.10272674649390146,0.09775013511618891,1.2184944110870304,0.032654985585433796,0.8512668088880335,0.8510200772372623
FDX,2017-11-17,150.2432098388672,2017-11-27,151.54393005371094,hold_days,0.008657430949716494,0.007657430949716494,True,0.008525370161807544,-0.0008679392120910503,11.760000228881836,0.12000002179827018,0.18429001686457247,1.1326018875917534,0.057849105619808994,0.8010334147212653,0.802825559095946
FDX,2018-10-26,147.82958984375,2018-11-02,155.6448211669922,hold_days,0.05286648857987486,0.05186648857987486,True,0.03486921943977306,0.0169972691401018,24.219999313354492,0.20737786431524619,-0.03042434919171333,1.5088205621187494,0.3951215607064569,0.6505040071919072,1.1464123166847693
FDX,2020-03-02,99.9969711303711,2020-03-09,83.20441436767578,hold_days,-0.1679306540275306,-0.1689306540275306,True,-0.09886721320095282,-0.07006344082657778,40.11000061035156,1.3483607019623691,1.834629094818145,2.0395236842071665,0.617403472063296,0.9957977120139828,1.3592850100291665
FDX,2020-07-31,121.68416595458984,2020-08-07,132.61695861816406,hold_days,0.08984564735936251,0.08884564735936251,True,0.023945833082169132,0.06489981427719338,24.760000228881836,-0.050613485379053746,-0.11571427753993446,0.8505701512845215,0.08686546925085355,0.6142249646987734,1.2887866775234678
FDX,2021-03-08,183.01840209960935,2021-03-15,194.3341522216797,hold_days,0.06182848277689401,0.06082848277689401,True,0.033660947922720785,0.027167534854173225,24.65999984741211,-0.11771022632277528,0.11836737871468062,1.070745436371401,0.03194578364049803,0.9273305991067392,1.3077154679685543
FDX,2022-08-05,173.9391632080078,2022-08-12,170.8215789794922,hold_days,-0.01792341742375414,-0.01892341742375414,False,0.028337448899294904,-0.047260866323049044,21.440000534057617,-0.039856667832031345,-0.0722630909644334,0.8295181255960331,0.25884655394326433,0.9290535137382826,1.0031664173813806
FDX,2023-02-24,152.3765411376953,2023-03-03,156.72415161132812,hold_days,0.028532019700487243,0.027532019700487242,False,0.013478987695573874,0.014053032004913368,21.139999389648438,0.15962698411868037,0.07692309187153668,1.027176945360193,0.7542890532432377,0.8704350287817227,0.8665359664213507
FDX,2024-04-04,211.9300994873047,2024-04-11,209.3685607910156,hold_days,-0.012086714923863595,-0.013086714923863596,False,-0.004071820520336944,-0.009014894403526652,14.329999923706055,0.08232629693586735,0.036903056450344085,0.9960669940995563,0.16347532169092127,0.7521527624737876,1.1396912640628483
FDX,2024-06-18,190.8378448486328,2024-06-26,229.08401489257812,hold_days,0.2004118736211944,0.1994118736211944,True,-0.00047129104461285376,0.19988316466580724,12.75,0.0007849473360672654,-0.02745992876467307,0.881815393352741,0.10186960407226374,0.9270484456814027,0.9839753889624496
FDX,2025-03-06,195.10243225097656,2025-03-13,189.2497711181641,hold_days,-0.02999788913591661,-0.030997889135916612,False,-0.033266099886297806,0.0022682107503811944,21.93000030517578,0.14816753231333113,0.43614928930967967,1.2818285904836562,0.9815566455057556,0.6105253086592041,0.6723807222714551
UNP,2015-06-12,78.47186279296875,2015-06-19,78.98716735839844,hold_days,0.006566743124082786,0.005566743124082786,False,0.00976480986548034,-0.004198066741397554,12.850000381469727,-0.12644457184593938,-0.034560482617942645,1.0020680275723697,0.33333333333332926,0.7161280160659959,1.0552947297833153
UNP,2015-09-28,66.78251647949219,2015-10-05,73.65178680419922,hold_days,0.10286030965629256,0.10186030965629256,False,0.06030919211761954,0.04155111753867302,23.6200008392334,0.06014363156600244,0.0181034509690563,1.1762024053709301,0.06629966995586876,0.5804573257623951,1.126037126823737
UNP,2015-10-16,73.04659271240234,2015-10-23,76.1746826171875,hold_days,0.04282321445301385,0.041823214453013846,True,0.02207852046486236,0.019744693988151485,16.049999237060547,-0.07864528319364172,-0.2882483467811989,0.839278218807104,0.17889877754718594,0.8235314650443809,1.0477954302237353
UNP,2016-01-27,54.632328033447266,2016-02-03,57.163818359375,hold_days,0.046336856162854545,0.045336856162854544,False,0.013026902024918519,0.032309954137936026,22.5,-0.136276366258394,-0.07407404500306825,1.3028933820130724,0.15110948350694578,0.6838234469140252,0.9180211639116368
UNP,2016-04-11,62.680946350097656,2016-04-18,64.42536926269531,hold_days,0.027830194248414264,0.026830194248414263,True,0.026033727942304852,0.0007964663061094113,15.359999656677246,0.17251902361807137,0.04206240808591599,0.7652035162849505,0.056995125884991164,0.37610516401494953,1.095922824282246
UNP,2017-01-09,83.09803771972656,2017-01-17,83.86883544921875,hold_days,0.009275763310945262,0.008275763310945261,False,-0.0027890957449087095,0.01106485905585397,11.319999694824219,-0.1533283626239268,0.004436489354896489,0.8812172197497816,0.2826074336987681,0.7743212955129063,1.0406364452249188
UNP,2017-02-02,87.05743408203125,2017-02-09,87.15477752685547,hold_days,0.0011181520090806085,0.0001181520090806085,False,0.01685272793774706,-0.01673457592866645,11.8100004196167,0.09250693442946778,-0.05368582910216757,0.8913435232535497,0.8333340902175809,0.7784412261866714,0.7807678848973731
UNP,2017-06-29,88.52349090576172,2017-07-07,88.90091705322266,hold_days,0.004263570534771777,0.0032635705347717767,True,-0.0001503056220125698,0.0034138761567843465,10.029999732971191,-0.06697676902593563,-0.0573308825816321,0.9021989835037166,0.05228882018549228,0.8492046672439177,0.933458400595177
UNP,2018-02-08,103.62367248535156,2018-02-15,111.11783599853516,hold_days,0.0723209603890751,0.0713209603890751,False,0.05977318246514507,0.011547777923930025,27.729999542236328,1.0480058803812078,1.4176110633534895,2.1087830790958897,0.012854256967463201,0.006945916161574302,1.0027266622335593
UNP,2018-08-03,125.59902954101562,2018-08-10,124.81075286865234,hold_days,-0.006276136648857289,-0.007276136648857289,False,-0.00012473384868494364,-0.007151402800172345,12.1899995803833,0.0041185531834064815,-0.052836077018056704,0.9723827875087405,0.7481969372632777,0.8672575134921084,0.4249147521901479
UNP,2019-08-16,142.3689422607422,2019-08-23,136.9995880126953,hold_days,-0.03771436496460834,-0.03871436496460834,False,-0.006431066764034266,-0.03228329820057407,21.18000030517578,0.2525133350854021,0.18522659823693544,1.2682245478870349,0.8139537978389328,0.5451787848147805,0.9075893863205845
UNP,2020-01-31,155.44046020507812,2020-02-07,159.2610626220703,hold_days,0.02457920165670857,0.02357920165670857,False,0.03198127893650593,-0.00840207727979736,15.489999771118164,0.1933744466411118,0.2471819384835534,1.212764361490101,0.23173750278655564,0.9042333742272908,1.0207432960185532
UNP,2020-12-16,175.9573516845703,2020-12-23,178.01023864746094,hold_days,0.011666957607834094,0.010666957607834093,False,-0.004504787615094208,0.015171745222928301,22.889999389648438,0.10686649186941932,0.1020702400173672,0.8796898104588335,0.10042073408201475,0.7171723399172355,0.6203435203478912
UNP,2022-09-20,195.5155029296875,2022-09-27,180.8291473388672,hold_days,-0.07511606686300432,-0.07611606686300432,False,-0.05182569517322899,-0.024290371689775325,25.760000228881836,0.07917885727687035,0.011385980500411286,1.0894583422976796,0.5773425838815706,0.9357496047038357,0.8868574749185724
UNP,2024-08-07,226.41033935546875,2024-08-14,230.59744262695312,hold_days,0.018493427832863008,0.017493427832863007,False,0.0391496424941824,-0.021656214661319395,27.709999084472656,0.5664216081352891,0.8824727297417259,1.7399357630642116,0.06764077415323533,0.5634230106181374,0.9198101068817117
UNP,2024-09-25,235.9375762939453,2024-10-02,233.87136840820312,hold_days,-0.008757434564674815,-0.009757434564674816,False,0.00698686858786135,-0.016744303152536166,15.390000343322754,-0.1260647467396362,-0.1933962051959256,0.9514176287758109,0.09976223786360915,0.9906302471228929,0.9109040597654052
UNP,2025-05-01,208.06626892089844,2025-05-08,210.7487335205078,hold_days,0.0128923569087942,0.0118923569087942,False,0.01374461238444713,-0.0018522554756529308,24.700000762939453,-0.13181018978688241,-0.17994687666920706,1.0478147806927147,0.5153577752317454,0.9412858266768576,0.5803892623743379
UNP,2025-06-04,215.96612548828125,2025-06-11,220.7084503173828,hold_days,0.021958651239306848,0.020958651239306847,True,0.01294182763214824,0.008016823607158607,17.690000534057617,-0.06698304914239728,-0.024806993976395186,0.7553797811513744,0.5373650600577787,0.8773395764335723,0.939978936353509
UNP,2025-08-15,215.8781280517578,2025-08-22,222.79116821289065,hold_days,0.032022883575659966,0.031022883575659965,False,0.007827892662378932,0.023194990913281033,14.829999923706055,-0.10500904062549066,-0.11303824564985887,0.8658480479961279,0.11384465144230785,0.7184478484588104,0.8951947315518816
CSX,2015-10-30,7.656347274780273,2015-11-06,7.679039478302002,hold_days,0.002963841987219551,0.001963841987219551,False,0.011136583901812047,-0.009172741914592497,14.609999656677246,0.011072653946301081,-0.08971960428871817,0.7195301478855818,0.0,0.636359498543485,0.8009354735681716
CSX,2015-11-17,7.707409381866455,2015-11-19,8.286103248596191,resistance,0.07508279864973222,0.07408279864973222,True,0.014080803067774372,0.060001995581957845,18.15999984741211,0.09927356805112608,0.28339224996377377,0.8464406850382686,0.568423842336045,0.9846164680819226,1.3232038737666085
CSX,2016-01-27,6.271190166473389,2016-02-03,6.38251256942749,hold_days,0.017751399654446054,0.016751399654446053,False,0.013026902024918519,0.0037244976295275345,22.5,-0.136276366258394,-0.07407404500306825,1.3028933820130724,0.19539967180444917,0.7647048923744904,0.8716247946847863
CSX,2016-03-31,7.404588222503662,2016-04-07,7.079653263092041,hold_days,-0.043882920919774415,-0.044882920919774416,True,-0.001965966614031922,-0.042916954305742494,13.5600004196167,-0.04304866996421264,-0.1947743291716738,0.7021064744054223,0.11666309038457283,0.6981181983071318,0.9829792696952856
CSX,2016-04-28,7.870433330535889,2016-05-05,7.487982273101807,hold_days,-0.04859339268528451,-0.04959339268528451,True,-0.01743369466468503,-0.03215969802059948,13.770000457763672,0.03689764568111564,-0.0050577813621721646,0.7895233887459654,0.0952361489554962,0.7454561533099593,1.0102201007390061
CSX,2016-07-21,8.206550598144531,2016-07-28,8.209444999694824,hold_days,0.0003526940479654517,-0.0006473059520345483,False,0.014407420197201093,-0.015054726149235642,11.770000457763672,-0.09739260029176289,-0.2132352655246672,0.790075481071508,0.29268343742367536,0.9433951060464557,0.5950278047911074
CSX,2018-03-27,16.337078094482422,2018-04-04,16.567054748535156,hold_days,0.01407697586573975,0.013076975865739748,True,0.01576496656776749,-0.0026879907020277427,21.030000686645508,0.105678242928821,0.3326996858374345,1.2455151536443938,0.15068586209599388,0.8571417955367995,1.8324007313809723
CSX,2018-06-18,19.8127384185791,2018-06-25,19.204357147216797,hold_days,-0.030706571626252566,-0.03170657162625257,False,-0.021791257953704735,-0.009915313672547832,11.979999542236328,-0.01642042347523298,-0.10995546000863121,0.7674519724395533,0.37680991159836535,0.9205318842556813,0.5867874395805227
CSX,2018-09-24,22.032320022583008,2018-10-01,22.552318572998047,hold_days,0.023601624789493014,0.022601624789493013,False,0.0007683898980412884,0.021833234891451725,11.680000305175781,-0.03231146640506333,-0.21505374896869545,0.9481610595002153,0.2727254993757836,0.9027807580128552,0.8040089107456209
CSX,2018-11-23,20.974288940429688,2018-11-30,21.89715003967285,hold_days,0.043999636977646084,0.04299963697764608,True,0.048661195332527996,-0.005661558354881913,20.799999237060547,-0.021176506491268343,0.2713935489647621,1.1924575454940847,0.6341471357195342,0.6544133424774045,0.6509583682294203
CSX,2019-01-28,19.780698776245117,2019-02-04,20.326387405395508,hold_days,0.02758692376457983,0.02658692376457983,False,0.03955661692833923,-0.0129696931637594,17.420000076293945,-0.03543739803843027,-0.1066666627541567,0.878861430540623,0.6704575010403612,0.5398786789485526,0.5716063190726257
CSX,2019-04-09,22.59273910522461,2019-04-16,22.955718994140625,hold_days,0.0160662187628271,0.0150662187628271,True,0.012588366000999551,0.002477852761827548,13.180000305175781,-0.01641785967294096,-0.19289648703289086,0.8572989707438111,0.4793415396546915,0.9124068079774414,1.1208414132234776
CSX,2019-05-15,23.409454345703125,2019-05-22,23.424579620361328,hold_days,0.0006461182065518045,-0.0003538817934481955,True,-0.0014525771552341693,0.0010986953617859738,18.059999465942383,-0.06521740418139799,0.3765243615452054,1.296015022730668,0.050848608282413665,0.7089957341939618,0.82005693304101
CSX,2020-01-03,22.275840759277344,2020-01-10,22.419477462768555,hold_days,0.006448093476848493,0.005448093476848493,False,0.012481167283502792,-0.007033073806654299,12.470000267028809,-0.015785304503615927,0.014646078578884003,0.9894157771592516,0.9618326279052464,1.0,1.5617291707252605
CSX,2020-07-30,21.61670684814453,2020-08-06,22.24144744873047,hold_days,0.028900822173085094,0.027900822173085094,False,0.013441226771685466,0.014459595401399628,24.100000381469727,-0.009046024511312534,-0.13184437381971637,0.8552646472720602,0.14516441630596003,0.88000065394739,0.8695833358273718
CSX,2020-09-10,23.41387939453125,2020-09-17,24.5502986907959,hold_days,0.04853613863450934,0.04753613863450934,True,0.022297505966196507,0.025238632668312833,28.809999465942383,0.10298616157272433,0.30776207752943385,1.1270079642297024,0.31395275339079637,0.4454544745199308,0.8924174169906363
CSX,2020-12-16,27.59263801574707,2020-12-23,27.769155502319336,hold_days,0.006397267505612536,0.005397267505612536,False,-0.004504787615094208,0.009902055120706743,22.889999389648438,0.10686649186941932,0.1020702400173672,0.8796898104588335,0.09285682172095305,0.8214311259157892,0.9670317662557052
CSX,2022-01-14,34.235599517822266,2022-01-24,32.281429290771484,hold_days,-0.0570800644526025,-0.0580800644526025,True,-0.048356220635687897,-0.009723843816914601,20.309999465942383,0.03569601396245292,0.17195611975508007,0.9838796415521367,0.4339592765066205,0.40000190735954566,0.7307549524595178
CSX,2022-04-29,32.35895538330078,2022-05-06,32.7735595703125,hold_days,0.012812656715911253,0.011812656715911252,True,0.003561548653217228,0.008251108062694024,29.989999771118164,0.32231037775930615,0.37442713980568465,1.1702570667371188,0.1619061805182121,0.8421037837751028,1.1504705856953283
CSX,2022-05-12,31.096250534057617,2022-05-19,29.155092239379883,hold_days,-0.06242419138447941,-0.06342419138447941,True,-0.015082428366776646,-0.048341763017702766,32.560001373291016,0.2808812460884158,0.030379777855453316,1.2050006769696353,0.6274501004162515,0.424526400644899,0.9762633539944368
CSX,2022-12-22,29.458744049072266,2022-12-30,29.46825408935547,hold_days,0.0003228257208576224,-0.0006771742791423776,True,0.00712876071566626,-0.007805934994808638,20.06999969482422,-0.05061493499134928,-0.11507939044233328,0.8506073233896215,0.8823503012487512,0.9142838458645984,0.7607246642268743
CSX,2023-03-09,28.409414291381836,2023-03-16,27.998926162719727,hold_days,-0.014449017654919905,-0.015449017654919905,True,0.011089854605555782,-0.026538872260475688,19.110000610351562,-0.07142853832867135,-0.14266487997138544,0.9292063531311942,0.07692251261786452,0.8095252512102599,1.1269945003731863
CSX,2024-02-16,35.427032470703125,2024-02-26,36.83562850952149,hold_days,0.03976048628919804,0.03876048628919804,False,0.013509407398898832,0.025251078890299206,14.010000228881836,0.0953870422726768,0.00936600240411134,1.0797266681075008,0.1891889105399323,0.22000122070313288,0.7181238565540915
CSX,2025-02-06,32.019832611083984,2025-02-13,32.371910095214844,hold_days,0.010995606641896805,0.009995606641896804,True,0.007754226774467909,0.0022413798674288943,15.770000457763672,-0.0477052556555595,0.044370864858795045,1.046728584047051,0.20833830039179702,0.4000050862112889,0.6182097405323776
CSX,2025-07-09,32.865760803222656,2025-07-16,32.796730041503906,hold_days,-0.002100385325994991,-0.003100385325994991,False,-0.010877730301632638,0.0077773449756376465,16.809999465942383,0.004781824620143427,-0.15229452694820078,0.7806794426317358,0.5312567055289271,0.6406253725293828,0.6460506965962532
RTX,2015-06-19,55.88500213623047,2015-06-26,55.21858978271485,hold_days,-0.011924708384033145,-0.012924708384033146,False,-0.009561353130913997,-0.003363355253119149,13.1899995803833,0.026459080842041738,-0.10333109815240671,1.0173172406433875,0.0,0.7092541362699308,1.0028562686953706
RTX,2015-08-11,47.9660530090332,2015-08-18,48.67108154296875,hold_days,0.01469848965481435,0.01369848965481435,False,0.007968933256715438,0.005729556398098912,12.229999542236328,-0.026273954327657778,-0.216025689540137,0.9172646282635095,0.6853937940992156,0.7446800278573183,0.6278169526643502
RTX,2015-09-14,44.95991897583008,2015-09-21,44.82282638549805,hold_days,-0.003049217913531632,-0.004049217913531632,False,0.010340783441812773,-0.014390001355344406,23.200000762939453,-0.09410385747659789,-0.11111109487144655,1.4270672704255039,0.4190494333893381,0.9925406554633225,0.80402495323215
RTX,2016-12-08,54.85198974609375,2016-12-09,55.53996276855469,resistance,0.012542353078630608,0.011542353078630607,False,0.0049270678318951155,0.006615285246735492,12.220000267028809,-0.08327079242537905,-0.015310200057973566,0.8806058717880989,0.1883098480673865,0.9420286035561166,1.222087430916493
RTX,2017-08-17,59.7652702331543,2017-08-24,59.35344314575195,hold_days,-0.006890742496365121,-0.007890742496365122,False,0.0018658563890709967,-0.009756598885436119,11.739999771118164,0.05670568262009623,0.14202335370343389,1.271764683932222,0.011766551615948518,0.9561439889402857,1.2551083685085236
RTX,2017-11-15,60.5219841003418,2017-11-22,60.44948959350586,hold_days,-0.0011978210548376778,-0.0021978210548376778,False,0.015964348440768106,-0.018162169495605784,11.59000015258789,0.17189077353398607,0.13850685708675559,1.0466585814863618,0.5499976427325496,0.8910894654399473,1.3846009413127227
RTX,2018-02-13,65.13091278076172,2018-02-21,67.31011199951172,hold_days,0.033458754464035234,0.03245875446403523,False,0.015174881184339517,0.017283873279695716,25.610000610351562,-0.3137727540254154,0.8504335497108244,2.2738056322032345,0.4020067134128168,0.793479000898252,0.4364148686458258
RTX,2018-06-25,65.25479888916016,2018-07-02,65.47472381591797,hold_days,0.0033702490928118056,0.0023702490928118056,False,-0.0022820977568160927,0.004652346849627898,13.770000457763672,0.149415774951958,0.1305418811781338,0.8744918282895524,0.874071679373542,0.7378592782655742,0.9104652853394393
RTX,2018-08-02,70.2348861694336,2018-08-09,70.2977294921875,hold_days,0.0008947593736010617,-0.0001052406263989383,True,0.010811305438403584,-0.010916546064802524,13.149999618530273,0.06997556219256329,0.08677679371552283,0.9686184931843691,0.5725258657387721,0.24210559897910885,0.5757778516269021
RTX,2019-03-12,66.40363311767578,2019-03-19,67.3836669921875,hold_days,0.014758738769232282,0.013758738769232282,True,0.01699380625074931,-0.003235067481517029,14.329999923706055,-0.0205058228563334,-0.03501686494315137,0.8052051502240561,0.0627612303696819,0.9617825869852814,1.174139415594915
RTX,2019-08-27,67.11322021484375,2019-09-04,70.6043701171875,hold_days,0.052018810767354484,0.05101881076735448,False,0.027501103864192578,0.023517706903161906,19.31999969482422,0.14454980185833177,-0.08392605239248807,1.1258009344916649,0.2920827731899341,0.9113282253103887,0.854298798920828
RTX,2020-04-15,53.88093185424805,2020-04-22,54.849124908447266,hold_days,0.01796912230134118,0.016969122301341177,True,0.015079648007005675,0.0018894742943355025,37.7599983215332,-0.16534047478813207,-0.3384723701779969,1.1466805443003762,0.283505666495268,0.901461002347294,0.778804199636573
RTX,2021-09-17,75.14789581298828,2021-09-24,78.5452880859375,hold_days,0.045209413200389736,0.044209413200389736,False,0.0074991777735209375,0.0367102354268688,18.690000534057617,-0.005850995078025778,0.1601489649881367,1.1043821200307122,0.6219494040696336,0.11199951171875157,1.147515328861276
RTX,2022-12-22,91.38590240478516,2022-12-27,92.45272827148438,resistance,0.011673856017461182,0.01067385601746118,True,0.003600799483522099,0.007073056533939082,20.06999969482422,-0.05061493499134928,-0.11507939044233328,0.8506073233896215,0.5817491928208164,0.9217424187138791,1.4778520462539428
RTX,2023-07-21,90.4638900756836,2023-07-28,81.97029113769531,hold_days,-0.09388938427125337,-0.09488938427125337,False,0.002086475806842847,-0.09697586007809622,13.989999771118164,0.027920655696305197,-0.0939119072974185,0.8706770279979514,0.0186884567940726,0.9084005031915326,0.7477047020340436
RTX,2023-08-29,80.66161346435547,2023-09-06,78.92269134521484,hold_days,-0.021558236247146922,-0.022558236247146923,False,-0.00954280820304032,-0.013015428044106603,15.079999923706055,-0.11967304947426538,0.01754387545450764,1.1035062829004025,0.09195583734532592,0.749996923644863,0.8822907199140813
RTX,2024-07-05,96.76349639892578,2024-07-12,97.64077758789062,hold_days,0.009066241109644047,0.008066241109644046,False,0.016418778269497114,-0.008352537159853068,12.09000015258789,-0.03665338893672454,-0.017073173568335265,0.8821530958323816,0.8019836383825734,0.5454524437046385,0.5137129813337791
RTX,2025-01-10,112.16189575195312,2025-01-17,118.00820922851562,hold_days,0.05212388251257516,0.05112388251257516,True,0.035835969483575925,0.015287913028999234,17.700000762939453,0.020172932206015126,0.054827177511746816,1.011100617496514,0.17442025514096562,0.843575514240169,1.1507786166940512
RTX,2025-01-24,122.10065460205078,2025-01-31,125.64743041992188,hold_days,0.029047967264636876,0.028047967264636875,False,0.0005741639853311664,0.02747380327930571,15.020000457763672,-0.06823823351128544,-0.15712678367069788,0.9371986662273907,0.19166359370828487,0.6913051554735907,0.5472222173379254
RTX,2026-05-01,173.2682647705078,2026-05-08,175.3595428466797,resistance,0.01206959669701635,0.011069596697016348,False,0.011896520644380404,-0.0008269239473640555,16.889999389648438,-0.12532367391113453,-0.05852849014222927,0.8265630632713717,0.1957128247085287,0.8170388305118252,0.7142322719653498
GD,2016-08-08,119.25529479980467,2016-08-09,119.62567901611328,resistance,0.00310580940603411,0.00210580940603411,False,0.0009064775190679164,0.0011993318869661937,11.390000343322754,-0.04043804101635173,-0.05241265311549992,0.825045385977261,0.22793927902254194,0.9230799327047163,0.6986150370570161
GD,2016-09-16,121.38099670410156,2016-09-23,123.84480285644533,hold_days,0.020298120951749432,0.01929812095174943,True,0.014646382354933651,0.00465173859681578,16.299999237060547,0.3029575490677243,0.21460500330801335,1.2218772684722348,0.5645907863035654,0.9665264219726664,1.1290370277331236
GD,2017-03-31,152.1365966796875,2017-04-07,153.50616455078125,hold_days,0.009002224980602547,0.008002224980602546,True,-0.0045353701701340565,0.012537595150736602,11.539999961853027,-0.12042682450364417,0.029437994878062756,1.0281843077075974,0.3644855148416794,0.5272714662227992,0.7983011439827105
GD,2017-08-15,163.54141235351562,2017-08-22,164.96788024902344,hold_days,0.008722365026567758,0.007722365026567758,True,-0.004091192822624601,0.011813557849192358,12.329999923706055,0.24169179705657506,0.2017543517199134,1.241197610447933,0.35928548586048187,0.900498758796605,0.6838717240526286
GD,2018-06-01,168.87332153320312,2018-06-08,168.1346893310547,hold_days,-0.004373883307572712,-0.005373883307572712,False,0.01783492638674633,-0.023208809694319044,15.430000305175781,0.22655011118872248,0.14977646925892674,0.8649564891816942,0.40594336130772746,0.04167019878778448,0.6690250399219677
GD,2018-08-08,162.7493438720703,2018-08-15,160.3972930908203,hold_days,-0.01445198318648111,-0.01545198318648111,False,-0.009322700572187537,-0.006129282614293574,10.930000305175781,-0.14809038424229726,-0.1192586269487309,0.8850779570361479,0.4586782852134677,0.9523793554445119,0.6307593552460935
GD,2022-11-16,226.7823181152344,2022-11-23,233.6542205810547,hold_days,0.03030175598755669,0.029301755987556688,True,0.020815144963788557,0.008486611023768131,24.540000915527344,-0.03915426641163655,-0.04920567906600959,0.8756931806001018,0.2178180426440643,0.767534592156564,0.5575212168985589
GD,2022-12-22,228.3752593994141,2022-12-30,229.78298950195312,hold_days,0.006164109484718683,0.005164109484718683,False,0.00712876071566626,-0.0019646512309475775,20.06999969482422,-0.05061493499134928,-0.11507939044233328,0.8506073233896215,0.5428953628459082,0.8563396990367534,1.6278384301057376
GD,2023-01-09,227.0972137451172,2023-01-11,230.32015991210935,resistance,0.014191922982416783,0.013191922982416782,True,0.010883269964375497,0.0023086530180412845,21.1299991607666,-0.014459018916467614,0.05281512117888787,0.910138565831006,0.13017844083221972,0.4682995470735716,1.216546814533193
GD,2023-03-17,203.1158905029297,2023-03-24,208.09719848632812,hold_days,0.024524462222351717,0.023524462222351716,False,0.014576243791010635,0.008948218431341082,22.989999771118164,0.016806685117585873,0.1735579168987973,1.2000869603882178,0.4572236200695858,0.37226288211984965,0.6993595024467861
GD,2023-07-21,203.0278778076172,2023-07-28,209.7838592529297,hold_days,0.033276126994314925,0.032276126994314924,False,0.002086475806842847,0.030189651187472077,13.989999771118164,0.027920655696305197,-0.0939119072974185,0.8706770279979514,0.28813888080691047,0.674420255140981,0.7639098212891208
GD,2024-02-16,256.7745666503906,2024-02-26,260.1862487792969,hold_days,0.013286682452282816,0.012286682452282816,False,0.013509407398898832,-0.0012227249466160162,14.010000228881836,0.0953870422726768,0.00936600240411134,1.0797266681075008,0.24017164636582497,0.6033065146661905,0.6964212882949213
GD,2025-01-10,250.85118103027344,2025-01-17,259.2709655761719,hold_days,0.03356485909820095,0.03256485909820095,False,0.035835969483575925,-0.0032711103853749757,17.700000762939453,0.020172932206015126,0.054827177511746816,1.011100617496514,0.22054728845125204,0.7245985377635584,0.8320555669743188
GD,2026-06-24,342.8112487792969,2026-07-01,361.2699890136719,hold_days,0.05384519994633785,0.05284519994633785,False,0.019882815768501816,0.032962384177836035,19.489999771118164,0.20308634896519284,0.03012683364300872,0.9422049360453008,0.04975062060169842,0.9305989439179044,0.9403504688427053
NOC,2017-03-31,204.94534301757812,2017-04-07,205.7811584472656,hold_days,0.004078235774382932,0.0030782357743829323,False,-0.0045353701701340565,0.007613605944516989,11.539999961853027,-0.12042682450364417,0.029437994878062756,1.0281843077075974,0.12096377239613908,0.9564022501527885,0.39205066445113673
NOC,2017-07-31,227.61561584472656,2017-08-07,233.19512939453125,hold_days,0.024512876803720163,0.023512876803720162,True,0.0066296461429042886,0.016883230660815873,10.289999961853027,0.09935901060769137,0.0820188973920668,0.9249116722199231,0.020477033642334885,0.9556668019663713,0.9069581674390175
NOC,2018-02-08,282.2358093261719,2018-02-15,310.8940124511719,hold_days,0.10153992575719029,0.10053992575719028,False,0.05977318246514507,0.040766743292045216,27.729999542236328,1.0480058803812078,1.4176110633534895,2.1087830790958897,0.030204154139557515,0.722256067566238,1.6402873586660183
NOC,2019-07-01,284.21832275390625,2019-07-02,288.8134460449219,resistance,0.016167582886605025,0.015167582886605024,False,0.002250494103076095,0.01291708878352893,15.079999923706055,-0.020779201477328257,-0.013088992981693415,1.030315601683804,0.09269720712534506,0.8903730661270348,1.5243431105382585
NOC,2019-08-27,324.94073486328125,2019-09-04,331.97161865234375,hold_days,0.02163743426019127,0.020637434260191267,False,0.027501103864192578,-0.00686366960400131,19.31999969482422,0.14454980185833177,-0.08392605239248807,1.1258009344916649,0.4350741583210722,0.9680426327684947,0.9012676568521326
NOC,2020-03-13,283.7109069824219,2020-03-20,256.2148742675781,hold_days,-0.09691567027610726,-0.09791567027610726,False,-0.13450690237863971,0.036591232102532456,75.47000122070312,0.904846119517877,0.927221693431405,2.6802005585805615,0.9558712968449545,0.06294372522380652,1.392058356826031
NOC,2020-09-23,298.4407958984375,2020-09-30,287.00567626953125,hold_days,-0.03831620805889335,-0.039316208058893354,True,0.03749237882618761,-0.07680858688508096,26.860000610351562,0.0496287788273122,-0.1462173746976192,1.0283305915995764,0.142461507190407,0.8992358943297761,1.3940232868478233
NOC,2021-05-28,337.4336853027344,2021-06-07,342.939697265625,resistance,0.016317315676266375,0.015317315676266374,True,0.000779205468763644,0.01453811020750273,16.739999771118164,-0.19013063815529585,-0.27626457507561153,0.9363901524237149,0.07831037356603948,0.8505749814380689,1.0017560047209004
NOC,2022-03-18,399.7019348144531,2022-03-25,427.9364929199219,hold_days,0.07063903285475859,0.06963903285475859,False,0.011905509917101709,0.05773352293765688,25.670000076293945,-0.1508435175320233,-0.15780838379859996,1.1554940357709886,0.39735177412944006,0.4030853080010762,0.5079445639193239
NOC,2022-12-15,498.8307495117187,2022-12-22,501.549072265625,hold_days,0.005449388909098296,0.004449388909098296,False,-0.013941551974496091,0.018390940883594387,21.139999389648438,-0.06790127402140733,0.027210858504295832,0.8620064947607444,0.5464683593129519,0.536952265791442,0.8195009397908032
NOC,2023-10-25,461.7834777832031,2023-11-01,447.4500427246094,hold_days,-0.031039298173684227,-0.03203929817368423,False,0.01604568889197977,-0.048084987065664,18.969999313354492,0.06096198007545972,0.11391653250080491,1.2386695694864558,0.5143788969760201,0.05021738768302851,0.6822929823811826
NOC,2024-01-09,453.04058837890625,2024-01-17,454.6235656738281,hold_days,0.003494118044889083,0.002494118044889083,False,-0.007801427574114728,0.01029554561900381,13.079999923706055,0.05060241960582834,-0.041758220568037796,0.913551694822402,0.28516737822249993,0.9862626008517374,1.1356745604870435
NOC,2024-03-05,441.4444274902344,2024-03-12,442.0031433105469,hold_days,0.0012656538071824652,0.0002656538071824652,False,0.018000756033534238,-0.017735102226351773,13.489999771118164,-0.018195051249237038,-0.05266854017239275,1.0057937327616853,0.0453200199148151,0.8010337963769606,1.0180080018577717
NOC,2024-05-08,454.3045959472656,2024-05-15,452.4164733886719,hold_days,-0.004156071885332402,-0.005156071885332402,False,0.022587412363652914,-0.027743484248985317,13.229999542236328,-0.1546325965036166,-0.15678776953076734,0.9508754940597605,0.056817866555693694,0.8132422125966342,0.4673728212432024
NOC,2024-09-10,505.096923828125,2024-09-17,505.8546447753906,hold_days,0.00150014959806688,0.00050014959806688,False,0.01672527343985042,-0.01622512384178354,19.450000762939453,0.29666671752929696,0.22635568625316926,1.262267979770763,0.08452056860302286,0.8901288523848945,1.037514287325967
NOC,2025-08-28,578.8250122070312,2025-09-05,574.0820922851562,hold_days,-0.008194047979700247,-0.009194047979700248,False,-0.002198646566043627,-0.006995401413656621,14.850000381469727,-0.05353723526951515,0.024844763011599547,0.8954173790359373,0.9943212852101961,0.16508998023258936,0.9109744886437168
NOC,2025-09-12,569.298095703125,2025-09-19,566.4020385742188,hold_days,-0.005087066250115235,-0.006087066250115235,False,0.007203249178415971,-0.013290315428531208,14.710000038146973,-0.03856210099560475,-0.00942763230480792,0.9228415292168506,0.0981167420328114,0.6378873682554729,0.9630095178342925
NOC,2025-12-05,544.8195190429688,2025-12-12,565.4523315429688,resistance,0.03787091280474608,0.03687091280474608,False,0.004795560171047875,0.032075352633698206,15.779999732971191,-0.08202447686332925,-0.33305157080560244,0.9102070966372553,0.5923601349980055,0.17061635365668737,0.7993167439480628
EMR,2016-09-13,40.247188568115234,2016-09-20,40.25505065917969,hold_days,0.00019534509972407577,-0.0008046549002759243,False,0.013719911963714582,-0.014524566863990507,15.15999984741211,0.26544243962317915,0.11062273048212878,0.9896213587705583,0.13333129882811967,0.8983963982709477,0.8936669491047097
EMR,2018-03-27,56.01841354370117,2018-04-04,56.19160461425781,hold_days,0.0030916811027061897,0.0020916811027061897,False,0.01576496656776749,-0.013673285465061302,21.030000686645508,0.105678242928821,0.3326996858374345,1.2455151536443938,0.20242904975474976,0.9144404008094505,1.7618717365161036
EMR,2018-05-31,58.8233642578125,2018-06-07,60.924198150634766,hold_days,0.03571427644999492,0.03471427644999492,False,0.026179517494554272,0.008534758955440647,14.9399995803833,0.130105845583395,0.021189300308780634,0.8288589231112194,0.2269495487306061,0.7706430366279609,1.3509280876156955
EMR,2018-08-15,61.08197784423828,2018-08-16,61.82170486450195,resistance,0.012110397311462462,0.011110397311462461,True,0.007777716143452906,0.0033326811680095547,13.3100004196167,0.21774931820577303,0.037412353761884676,0.9530398247680374,0.8712076987544396,0.4999967672065452,1.1281211805100664
EMR,2018-10-26,55.37709045410156,2018-11-02,58.19400787353515,hold_days,0.05086792022358666,0.04986792022358666,False,0.03486921943977306,0.014998700783813601,24.219999313354492,0.20737786431524619,-0.03042434919171333,1.5088205621187494,0.38764208685514157,0.5258609349925032,1.1130282058430492
EMR,2019-01-17,52.20411682128906,2019-01-25,53.83759307861328,hold_days,0.031290180866695216,0.030290180866695215,False,0.011211915478009038,0.019078265388686177,19.040000915527344,-0.047046979391660804,-0.18001716285250324,0.8642644246608061,0.7615893370520249,0.45238462865914547,1.3364286830745264
EMR,2019-03-27,56.94833755493164,2019-04-03,60.01835250854492,hold_days,0.05390877215075829,0.05290877215075829,False,0.02678296337892494,0.026125808771833348,14.680000305175781,0.08259585921094992,0.06608568025856831,0.8869318516406869,0.5428605682771849,0.5569644702405593,0.6141551367753851
EMR,2019-11-18,63.40657806396485,2019-11-22,63.918556213378906,resistance,0.008074527360514061,0.007074527360514061,True,0.0001535296178027945,0.0069209977427112665,12.050000190734863,-0.0016569597841772365,-0.020325202936851694,0.8263067738815231,0.5818143986683407,0.7605656504873161,0.4762164705140004
EMR,2020-06-26,52.80781173706055,2020-07-06,55.13641357421875,hold_days,0.04409578356991428,0.04309578356991428,False,0.05822766263941492,-0.015131879069500642,32.220001220703125,-0.02185784565947302,-0.21010050263475022,0.9497533984606068,0.5454539149252006,0.965516485395641,0.5487499038809543
EMR,2020-09-11,60.32843017578125,2020-09-18,60.266258239746094,hold_days,-0.001030557829103218,-0.002030557829103218,False,0.008514057858096225,-0.010544615687199443,29.709999084472656,0.11817837507390339,0.2767511173193973,1.1532511879019445,0.43434133259351804,0.15736294207860058,0.5969632489328587
EMR,2021-08-04,90.62999725341795,2021-08-11,94.32032012939452,hold_days,0.04071855884159126,0.039718558841591256,False,0.009977648166807684,0.02974091067478357,18.040000915527344,-0.06818180026907805,-0.08565629325490742,1.0162357724377191,0.6067957119868407,0.9383899451117698,2.381941919722293
EMR,2021-12-22,82.11595153808594,2021-12-30,84.66520690917969,hold_days,0.03104458175719227,0.030044581757192268,False,0.020309952228566353,0.009734629528625915,21.010000228881836,-0.040200967807369814,-0.040200967807369814,1.0716757256291285,0.177778060348661,0.8317753677440566,1.236775870235936
EMR,2022-04-29,82.83261108398438,2022-05-06,80.83940887451172,hold_days,-0.024063013146497836,-0.025063013146497837,True,0.003561548653217228,-0.028624561799715065,29.989999771118164,0.32231037775930615,0.37442713980568465,1.1702570667371188,0.07480408382719403,0.8962653894005063,1.1942042294529176
EMR,2022-09-30,68.07416534423828,2022-10-07,72.36018371582031,hold_days,0.06296101244735719,0.06196101244735719,True,0.007937173235320394,0.054023839212036795,31.84000015258789,0.16416817946957862,0.21202891502722054,1.279817146317324,0.06395379783892957,0.8863624541224744,0.9617416296545235
EMR,2022-10-14,72.72274017333984,2022-10-21,77.31558227539062,hold_days,0.06315551492013927,0.062155514920139265,True,0.044897056433631954,0.01725845848650731,31.940000534057617,0.04652686942973894,0.0031407154833698048,1.2799549806246011,0.09259337750839448,0.9345234581132701,1.5271219988022193
EMR,2022-12-30,89.82077026367188,2023-01-09,90.9428482055664,hold_days,0.012492410592790826,0.011492410592790825,False,0.021705064409272667,-0.010212653816481843,21.440000534057617,0.06826112905157156,0.014191161450840983,0.8651886981334828,0.8288267234861514,0.6321854200100141,0.6572844217573186
EMR,2023-03-17,76.04425048828125,2023-03-24,77.97266387939453,hold_days,0.025359095246924035,0.024359095246924034,False,0.014576243791010635,0.0097828514559134,22.989999771118164,0.016806685117585873,0.1735579168987973,1.2000869603882178,0.47979562505057605,0.8798430356688728,0.9578520516592436
EMR,2023-05-04,77.83155822753906,2023-05-11,77.60591125488281,hold_days,-0.002899170693673847,-0.003899170693673847,False,0.00949803655944037,-0.013397207253114218,18.34000015258789,-0.026539277916689308,0.11421635313994094,0.8533855447349862,0.2380940023666705,0.015480804888474774,0.9210206779153156
EMR,2023-08-24,91.1346435546875,2023-08-31,93.5141372680664,hold_days,0.026109650738371792,0.02510965073837179,False,0.02665198758272669,-0.0015423368443548968,15.979999542236328,-0.047675870779067764,0.0012531017569896719,1.1589009070088285,0.025317005804142843,0.7387380575984567,1.2827869645002943
EMR,2024-09-10,96.28081512451172,2024-09-17,100.94425201416016,hold_days,0.04843578529759651,0.04743578529759651,False,0.01672527343985042,0.030710511857746092,19.450000762939453,0.29666671752929696,0.22635568625316926,1.262267979770763,0.5780335604507071,0.5440002441406285,0.9060932084759441
EMR,2025-08-15,130.15260314941406,2025-08-22,132.1481170654297,hold_days,0.015332109137492944,0.014332109137492943,False,0.007827892662378932,0.006504216475114011,14.829999923706055,-0.10500904062549066,-0.11303824564985887,0.8658480479961279,0.12156752454866783,0.6863620915667317,0.7673724203383377
ITW,2015-11-17,69.97997283935547,2015-11-20,72.65180206298828,resistance,0.03817991226956052,0.03717991226956052,False,0.020776389921649763,0.01640352234791076,18.15999984741211,0.09927356805112608,0.28339224996377377,0.8464406850382686,0.08695610967368832,0.9574459450685063,1.1856026966340822
ITW,2016-09-16,91.7830581665039,2016-09-23,93.0627670288086,hold_days,0.013942756842806103,0.012942756842806102,False,0.014646382354933651,-0.001703625512127549,16.299999237060547,0.3029575490677243,0.21460500330801335,1.2218772684722348,0.32174109186441713,0.8397782835946648,0.6000423998005759
ITW,2016-10-13,92.00917053222656,2016-10-20,89.97581481933594,hold_days,-0.02209948966096198,-0.02309948966096198,True,0.006879601628280829,-0.02997909128924281,15.90999984741211,0.22478830852531995,0.2841000328128611,1.071474393067701,0.48647840565816475,0.8019828904877728,0.4243083461575267
ITW,2017-01-09,97.6311492919922,2017-01-17,98.06228637695312,hold_days,0.004415978794549469,0.003415978794549469,False,-0.0027890957449087095,0.006205074539458178,11.319999694824219,-0.1533283626239268,0.004436489354896489,0.8812172197497816,0.08653486410155063,0.817678300455233,0.6734065078875335
ITW,2017-06-29,114.14988708496094,2017-07-07,117.72862243652344,hold_days,0.03135119484523785,0.03035119484523785,False,-0.0001503056220125698,0.03050150046725042,10.029999732971191,-0.06697676902593563,-0.0573308825816321,0.9021989835037166,0.1955710207597842,0.6923119057866114,1.4662747311457305
ITW,2017-08-23,110.00686645507812,2017-08-30,110.37764739990234,hold_days,0.003370525466022789,0.002370525466022789,False,0.007373180022368864,-0.005002654556346075,11.350000381469727,-0.057308935429357444,0.03558397280705594,1.2159514318379605,0.03882847915617782,0.9014055246718955,0.6101130665556298
ITW,2017-11-17,127.33161926269533,2017-11-20,128.71726989746094,resistance,0.010882219536585858,0.009882219536585857,True,0.0021950242341417514,0.007687195302444105,11.760000228881836,0.12000002179827018,0.18429001686457247,1.1326018875917534,0.5641065769396353,0.803090645583195,0.659488857720163
ITW,2020-01-10,152.8704376220703,2020-01-17,154.7487030029297,hold_days,0.012286648812394052,0.011286648812394051,True,0.022100828767951386,-0.010814179955557335,12.539999961853027,0.005613447740598687,-0.010260466744917651,1.0205800730778318,0.08679629874878377,0.8994095128029088,1.4341646879338088
ITW,2020-01-31,150.07443237304688,2020-02-07,157.416015625,hold_days,0.04891961366013242,0.04791961366013242,True,0.03198127893650593,0.01593833472362649,15.489999771118164,0.1933744466411118,0.2471819384835534,1.212764361490101,0.01750584307178736,0.9778841683787491,1.426776814106597
ITW,2020-09-10,166.92315673828125,2020-09-17,174.75010681152344,hold_days,0.04688954023026337,0.04588954023026337,False,0.022297505966196507,0.023592034264066863,28.809999465942383,0.10298616157272433,0.30776207752943385,1.1270079642297024,0.1428566780755089,0.6239322091370281,1.0551302086358703
ITW,2021-07-08,198.92193603515625,2021-07-15,203.9520721435547,hold_days,0.025286985481125734,0.024286985481125734,False,0.0131742246492903,0.011112760831835433,16.200000762939453,0.011235973784791575,-0.027610989717032353,0.881165676797235,0.5852941572458926,0.9197712496884778,1.25383709688373
ITW,2021-08-04,202.27244567871097,2021-08-11,207.8091278076172,hold_days,0.02737239919321821,0.02637239919321821,True,0.009977648166807684,0.016394751026410526,18.040000915527344,-0.06818180026907805,-0.08565629325490742,1.0162357724377191,0.021607162199717044,0.9496404852077498,0.9318479856728675
ITW,2021-09-16,193.59852600097656,2021-09-23,193.6340484619141,hold_days,0.0001834851828228512,-0.0008165148171771488,False,-0.0011126979572513296,0.00029618314007418076,18.18000030517578,0.012249511799437007,0.10315538896603416,1.1077803749461257,0.09485784591631741,0.9120360558922862,0.7434048298397473
ITW,2022-01-14,219.02992248535156,2022-01-24,213.7033233642578,hold_days,-0.024319047647245462,-0.025319047647245463,False,-0.048356220635687897,0.023037172988442434,20.309999465942383,0.03569601396245292,0.17195611975508007,0.9838796415521367,0.5000000000000048,0.5228185029947645,0.9064833903159014
ITW,2022-03-11,183.11781311035156,2022-03-18,190.7259979248047,hold_days,0.04154803230348891,0.04054803230348891,False,0.057041636768845994,-0.01649360446535708,30.229999542236328,-0.008202099860715961,-0.0029683427933296924,1.3625019746112206,0.031845895669866266,0.6857901626768841,1.0176748295135756
ITW,2022-09-02,177.6884307861328,2022-09-12,188.7643890380859,hold_days,0.062333592586476305,0.061333592586476304,True,0.0487309150088957,0.012602677577580601,25.559999465942383,0.17355365748976292,0.3067484746329938,1.0362194869750951,0.22758471912004105,0.9478468171092012,1.5718982421090055
ITW,2022-09-20,177.17918395996094,2022-09-27,166.8761749267578,hold_days,-0.0581502228587496,-0.0591502228587496,False,-0.05182569517322899,-0.00732452768552061,25.760000228881836,0.07917885727687035,0.011385980500411286,1.0894583422976796,0.7455827721373608,0.9744587472794994,0.6253396777378932
ITW,2023-05-18,210.87338256835935,2023-05-25,205.52883911132812,hold_days,-0.02534479881688556,-0.026344798816885562,False,-0.01962656444708788,-0.006718234369797682,16.8700008392334,-0.004132213259585571,-0.08015263364908243,0.881315397235347,0.536000569661455,0.8810977028070575,2.005058446508663
ITW,2023-08-08,231.62220764160156,2023-08-15,221.10919189453125,hold_days,-0.04538863459646114,-0.04638863459646114,True,-0.013537832907859926,-0.03285080168860122,15.770000457763672,0.15700662695192746,0.13371679588462437,1.0524020090167288,0.8678873702459742,0.6079720577500297,1.0629258889814301
ITW,2023-08-24,221.3140411376953,2023-08-31,230.327880859375,hold_days,0.04072872952544171,0.03972872952544171,False,0.02665198758272669,0.01307674194271502,15.979999542236328,-0.047675870779067764,0.0012531017569896719,1.1589009070088285,0.0052445407158767466,0.9425756216064296,1.5831569244974844
ITW,2023-09-29,215.76028442382812,2023-10-06,220.2008514404297,hold_days,0.02058102133328088,0.01958102133328088,False,-0.004790583459457376,0.024371604792738255,17.34000015258789,-0.011402551453825849,0.352574147064022,1.1773173821578145,0.2741646554035945,0.7245340268747295,1.5944274117593409
ITW,2023-10-26,209.9988555908203,2023-11-02,217.0718688964844,hold_days,0.033681199289227415,0.032681199289227414,True,0.043450843250251836,-0.010769643961024422,20.190000534057617,0.05046832754198616,0.2548166776002354,1.2425899331419865,0.14446349408508624,0.8821301967397676,1.1938864905877347
ITW,2024-02-16,239.14854431152344,2024-02-20,240.73080444335935,resistance,0.006616223136089117,0.005616223136089117,True,-0.002429795440022642,0.008046018576111758,14.010000228881836,0.0953870422726768,0.00936600240411134,1.0797266681075008,0.23002320219903788,0.9549478546160978,1.2208794407770471
ITW,2024-10-29,245.2554168701172,2024-11-05,255.207763671875,hold_days,0.04057951880846078,0.03957951880846078,True,-0.0035082206064672716,0.04308773941492805,19.799999237060547,0.07784422060411966,0.005076064479612397,1.0222825502010524,0.6681355386534685,0.41071389645777817,1.3928033821329715
ITW,2025-03-03,252.67198181152344,2025-03-10,257.9136657714844,hold_days,0.02074501463272993,0.01974501463272993,False,-0.03572480393546218,0.05546981856819211,19.6299991607666,0.07797914045502363,0.29999991157986683,1.1886301512781228,0.2364194488012562,0.948779294219997,1.6961266429510902
ITW,2025-05-05,233.51171875,2025-05-12,242.663330078125,hold_days,0.03919122936148156,0.03819122936148156,False,0.03162122746828744,0.006570001893194122,22.68000030517578,-0.08695651506214164,-0.2350758651949011,1.0041182943815856,0.4302310108053437,0.591915044009493,0.5724184168864082
PG,2015-08-11,56.548118591308594,2015-08-18,55.73943710327149,hold_days,-0.0143007673496921,-0.015300767349692102,False,0.007968933256715438,-0.02326970060640754,12.229999542236328,-0.026273954327657778,-0.216025689540137,0.9172646282635095,0.6406313329995582,0.8285667574931908,0.6974064426760415
PG,2016-09-13,66.78912353515625,2016-09-20,67.9630355834961,hold_days,0.01757639546986911,0.01657639546986911,True,0.013719911963714582,0.002856483506154528,15.15999984741211,0.26544243962317915,0.11062273048212878,0.9896213587705583,0.04444538634340271,0.9462820860419797,0.8859819290940458
PG,2019-11-07,101.51885986328124,2019-11-14,102.26569366455078,hold_days,0.007356601544534103,0.006356601544534103,True,0.006022460703803523,0.0003341408407305799,12.619999885559082,0.023519867286897922,-0.09921486942286029,0.7991435328967657,0.529415577939543,0.9822491885278826,0.7430465730691646
PG,2020-09-10,118.22323608398438,2020-09-17,118.93236541748048,hold_days,0.005998222997316338,0.004998222997316338,False,0.022297505966196507,-0.01729928296888017,28.809999465942383,0.10298616157272433,0.30776207752943385,1.1270079642297024,0.08597369420374845,0.5714265837403111,0.8940206195205448
PG,2022-04-04,138.1058807373047,2022-04-08,143.50180053710938,resistance,0.03907089090629268,0.038070890906292676,True,-0.009897617824281668,0.047968508730574344,19.6299991607666,-0.056703524048953846,-0.1776288868619481,0.7642691286993186,0.9126203044833044,0.8911737118699585,1.3376757706952083
PG,2023-09-15,142.87481689453125,2023-09-22,141.11529541015625,hold_days,-0.012315126784546382,-0.013315126784546383,False,-0.02855692759401407,0.015241800809467687,12.819999694824219,-0.10972221983067776,-0.07636890568277888,0.9341128578567088,0.11483452701666695,0.9032299347318844,1.1336013827029314
PG,2025-05-13,154.29153442382812,2025-05-20,161.00830078125,hold_days,0.043532954562311765,0.042532954562311764,False,0.01582600430006953,0.026706950262242235,18.389999389648438,-0.22208122400793662,-0.2687872895195248,0.8949103191564897,0.4077365679538206,0.9655942352583006,1.3496377600983374
PG,2026-06-25,148.5,2026-07-02,151.41000366210938,hold_days,0.019595984256628896,0.018595984256628895,True,0.026774066894888593,-0.008178082638259698,18.6299991607666,0.1352833232173729,-0.062405718474777716,0.9764032211454223,0.1521241188619024,0.46090183544423025,1.8796611716296623
CL,2018-05-18,51.07513046264648,2018-05-25,52.33108901977539,hold_days,0.0245904130983563,0.0235904130983563,True,0.0147327538456683,0.008857659252688,13.430000305175781,0.015117216164744152,-0.1553458724914616,0.7606983859029586,0.750001702985663,0.8392858359275567,0.651553773580379
CL,2018-07-11,53.55420684814453,2018-07-17,54.163551330566406,resistance,0.011378088077183213,0.010378088077183212,False,0.010893969931698333,-0.0005158818545151211,12.640000343322754,-0.18974358754907295,-0.27062894408716964,0.9702346386077574,0.09588955195802748,0.9626230864118299,0.8435786531794078
CL,2020-12-16,74.24508666992188,2020-12-18,75.02210235595703,resistance,0.010465550259098011,0.00946555025909801,True,0.006737544423943254,0.0027280058351547565,22.889999389648438,0.10686649186941932,0.1020702400173672,0.8796898104588335,0.3571433437101957,0.6279075956778674,1.00895218927373
CL,2021-10-21,66.87728881835938,2021-10-26,68.01143646240234,resistance,0.016958636692395723,0.015958636692395722,False,0.010119689894007022,0.0058389467983887,15.489999771118164,-0.1689914013773841,-0.2623809632800874,0.8650638934264064,0.07791924696558185,0.5225238848030784,0.9309500982065472
CL,2022-12-09,71.139404296875,2022-12-16,71.1211166381836,hold_days,-0.00025706791998270084,-0.0012570679199827009,False,-0.017702247299188678,0.016445179379205976,22.290000915527344,0.12348794073067992,0.0953317197882777,0.8029681195290677,0.12121422296205454,0.9729740875661593,0.7212082817339374
CL,2024-08-15,96.79283905029295,2024-08-22,99.18782806396484,hold_days,0.024743452482341777,0.023743452482341776,False,0.010077990683095894,0.013665461799245882,16.190000534057617,-0.41867144300544445,-0.010391202319783521,1.3077531924697785,0.15555527298465968,0.9101130979934916,0.8033731503347574
CL,2024-10-10,94.69361877441406,2024-10-17,95.9245147705078,hold_days,0.012998721688164183,0.011998721688164182,False,0.014491642039046182,-0.0024929203508819997,20.860000610351562,0.10370375827413403,0.35366650336824645,1.138070754483851,0.13537005880295772,0.7058805929959394,1.5493680093891586
CL,2024-12-12,89.72005462646484,2024-12-19,89.10633087158203,hold_days,-0.006840430017992727,-0.007840430017992728,False,-0.03600519739378494,0.02816476737579221,13.579999923706055,0.009665436154977947,-0.03687946409186327,0.7904046035595661,0.6824306908746084,0.07075534506770959,0.8917977877834004
CL,2025-02-10,82.89933013916016,2025-02-18,83.31401824951172,hold_days,0.0050023095440632215,0.0040023095440632215,False,0.0116491347135248,-0.007646825169461579,16.540000915527344,0.006695107018160451,0.11380474684475095,1.0417994465430291,0.31132095841999574,0.9500002724780774,0.6931544333447002
CL,2025-03-20,87.06552124023438,2025-03-27,89.87191009521484,hold_days,0.0322330678666356,0.0312330678666356,True,0.003552011960065604,0.027681055906569996,19.899999618530273,-0.1787040860714112,-0.0925672894845514,1.1820846740798083,0.6993873071000328,0.9259269724832917,0.725154534026574
CL,2025-06-24,85.51594543457031,2025-07-01,89.25932312011719,hold_days,0.04377403145722103,0.04277403145722103,True,0.02230422430421619,0.020469807153004838,19.829999923706055,-0.04755042198027859,0.18246865726981865,0.841869070559543,0.5777775266040084,0.9696962691096174,0.9189076185117814
CL,2025-09-25,77.7555923461914,2025-10-02,76.3995132446289,hold_days,-0.017440277421138073,-0.018440277421138074,False,0.02125108350135263,-0.039691360922490704,16.18000030517578,0.0292620884435848,0.054071654923736556,1.0041699323670739,0.18468279606845794,0.8447205557608983,1.5881920269839687
CL,2025-10-15,75.73609924316406,2025-10-22,78.4340591430664,hold_days,0.035623169490681894,0.03462316949068189,False,0.009936790906871718,0.024686378583810176,20.809999465942383,0.20707655117287005,0.27825544153771653,1.1720149194478564,0.19276587921683772,0.955128330529361,0.6284035928001945
KMB,2016-12-08,80.95240783691406,2016-12-15,82.3730239868164,hold_days,0.017548781906083777,0.016548781906083776,False,0.008526810097130966,0.00802197180895281,12.220000267028809,-0.08327079242537905,-0.015310200057973566,0.8806058717880989,0.05050824207581696,0.9684144588376072,0.6763471525378174
KMB,2017-03-03,95.40821838378906,2017-03-10,96.27971649169922,hold_days,0.00913441339407961,0.00813441339407961,True,-0.001306070136099291,0.0094404835301789,11.8100004196167,0.008539742198459432,-0.013366737163141629,1.0290837954749634,0.5615338568259575,0.8995986150687906,0.49992111298990327
KMB,2017-07-28,88.71031951904297,2017-08-04,87.89169311523438,hold_days,-0.00922808539352471,-0.01022808539352471,False,0.00424083501616801,-0.01446892040969272,10.109999656677246,0.05532356338121547,0.021212125882702715,0.9067490710876737,0.3992920573471264,1.0,1.5437677731458548
KMB,2019-04-29,96.49188995361328,2019-05-06,98.53345489501952,hold_days,0.021157891532518125,0.020157891532518124,True,0.004921756110382036,0.015236135422136088,12.729999542236328,0.052936259848718414,-0.022273495033129587,0.8947565159394948,0.27907004252348405,1.0,0.6212602045948721
KMB,2021-01-14,106.76678466796876,2021-01-22,107.2861557006836,hold_days,0.004864537546297898,0.003864537546297898,False,-0.0019244701939002962,0.005789007740198194,22.209999084472656,-0.11408060012629428,-0.037695010490004344,0.9038146417289429,0.44445117225346004,0.7500000000000088,0.6262877009231288
KMB,2021-10-08,110.61973571777344,2021-10-15,111.0027313232422,hold_days,0.003462271926285565,0.002462271926285565,False,0.02079553130509626,-0.018333259378810696,19.540000915527344,-0.15557470047866706,0.0488460437871161,1.1261864009253912,0.43499755859375,0.23308055023349927,0.9867380790322804
KMB,2022-01-20,118.85266876220705,2022-01-27,115.41895294189452,hold_days,-0.028890523503367738,-0.02989052350336774,False,-0.0366605975528983,0.006770074049530561,23.850000381469727,0.2954916121209157,0.4104080778640402,1.0619541664310672,0.11364266888612384,0.6517218699850067,0.7778920760974831
KMB,2022-05-05,115.7818832397461,2022-05-12,118.26390838623048,hold_days,0.02143707700232289,0.02043707700232289,False,-0.03929604466334313,0.05973312166566602,25.420000076293945,-0.19556962754974327,0.250984274511026,1.1499203642756608,0.35598451403909104,0.8474120332450555,0.8115188023315134
KMB,2022-12-09,118.48228454589844,2022-12-16,117.71678161621094,hold_days,-0.006460906224263097,-0.007460906224263097,True,-0.017702247299188678,0.01024134107492558,22.290000915527344,0.12348794073067992,0.0953317197882777,0.8029681195290677,0.2307692307692255,0.9832408425610867,0.7615243531685643
KMB,2023-07-20,119.49885559082033,2023-07-27,115.46743774414062,hold_days,-0.033736037276238084,-0.034736037276238085,False,-0.003283720636450438,-0.03145231663978765,13.760000228881836,0.01624817338616147,-0.02961918668934327,0.8631262564764066,0.9854020018414593,0.8490623980345864,2.7325807480964612
KMB,2023-12-07,109.7138900756836,2023-12-14,109.12688446044922,hold_days,-0.005350330890914967,-0.006350330890914967,False,0.03563966331036683,-0.0419899942012818,12.970000267028809,-0.0007703602126473141,-0.0284644272346517,0.797582714534659,0.44578086221160435,0.9847295345478312,1.1152860664958062
KMB,2026-01-09,95.41472625732422,2026-01-16,96.7789077758789,hold_days,0.014297389638530555,0.013297389638530555,True,0.0018734683063181823,0.011423921332212372,15.449999809265137,0.03344481648020681,0.10357141494750977,0.8532741595039776,0.17021172982127383,0.6855913964165116,0.9357813836237093
KMB,2026-02-02,96.9542999267578,2026-02-09,102.02125549316406,hold_days,0.05226127742899478,0.05126127742899478,False,0.007372622050490163,0.043888655378504615,17.440000534057617,0.0839030682826063,0.10101012411974786,0.974657954032842,0.43069351804989453,0.8214277199328323,0.842981485596095
GIS,2015-11-17,37.689117431640625,2015-11-24,38.883026123046875,hold_days,0.03167780974366741,0.030677809743667406,False,0.019635172839985948,0.011042636903681458,18.15999984741211,0.09927356805112608,0.28339224996377377,0.8464406850382686,0.11904596110820435,0.9836061985641744,1.6273017056259422
GIS,2017-03-30,41.11444854736328,2017-04-06,40.4875602722168,hold_days,-0.015247395922733054,-0.016247395922733054,False,-0.0065345753380455784,-0.009712820584687476,11.420000076293945,-0.10850900060816282,-0.018056752887406824,1.0533103111709268,0.07692476983458049,0.8421049109234379,0.7145973308911464
GIS,2018-10-03,31.67411994934082,2018-10-10,32.727787017822266,hold_days,0.03326586721798952,0.03226586721798952,False,-0.045531647388370455,0.07779751460635997,12.050000190734863,-0.029790650828199317,-0.05785768360635335,0.9689724956762228,0.11904578090017262,0.6117663426412151,1.142653622316899
GIS,2020-01-07,40.48155212402344,2020-01-14,41.461814880371094,hold_days,0.024215048705257702,0.0232150487052577,False,0.017644455301360162,0.005570593403897539,13.850000381469727,0.031273273771414756,0.10800003051757812,1.029762136386218,0.5272714662227816,0.8133341471354105,0.6716005969034731
GIS,2020-03-25,37.27652359008789,2020-04-01,41.555686950683594,hold_days,0.11479512970822103,0.11379512970822103,True,0.005381110208136031,0.108414019500085,61.66999816894531,-0.18759063109190688,0.30380547914735634,2.417046320191399,0.3111114501953148,0.3648205352505405,0.5308709497240581
GIS,2020-04-27,47.33320617675781,2020-05-04,47.13591384887695,hold_days,-0.004168158969500291,-0.005168158969500291,False,-0.02459194829339706,0.019423789323896767,35.93000030517578,-0.058191379604459414,-0.13774893486909923,1.0358393667790147,0.029125062961102878,0.896552631319332,0.7308677361820517
GIS,2020-07-24,51.08479690551758,2020-07-31,50.321266174316406,hold_days,-0.014946339761579885,-0.015946339761579886,False,0.007354707926258364,-0.02330104768783825,26.079999923706055,-0.06857143129621235,-0.10868080247097467,0.8316621449557271,0.17763389047833752,0.4285657666584133,1.4210292118149135
GIS,2021-04-13,49.50027847290039,2021-04-20,50.82181167602539,hold_days,0.026697490274695923,0.025697490274695922,False,0.004797406785524316,0.020900083489171606,16.90999984741211,-0.055834729677258665,-0.10339346234533886,0.7654906555588396,0.0,0.9000023841880693,0.7326449226752318
GIS,2021-04-30,49.64711380004883,2021-05-07,51.43363571166992,hold_days,0.035984406239932154,0.03498440623993215,True,0.017017709944012527,0.017966696295919626,17.610000610351562,-0.05879201111420562,0.0627640877900677,0.8505338942365249,0.24000167846679216,0.732558861624168,1.0912545901809716
GIS,2021-07-26,48.8029899597168,2021-08-02,48.8441276550293,hold_days,0.0008429339134028435,-0.0001570660865971565,False,0.001643486397681082,-0.0018005524842782386,17.200000762939453,-0.06775067470516738,0.06304081820303709,1.0530028876369908,0.2558151913557167,0.8000007266095316,0.46063316566525514
GIS,2021-10-29,51.26411437988281,2021-11-05,51.96920394897461,hold_days,0.013754057348321025,0.012754057348321024,True,0.023888923918840677,-0.011134866570519653,16.530000686645508,0.10126585173789193,-0.01957294850294633,0.8710282076872216,0.056339087592616514,0.8513508637176691,0.8950243761144381
GIS,2022-08-30,65.27166748046875,2022-09-07,64.67813873291016,hold_days,-0.009093206447287283,-0.010093206447287284,True,0.006505077206286236,-0.01659828365357352,26.209999084472656,0.10126050103645978,0.31378436501928486,0.9671411683777071,0.3048781622456476,0.7539265342643016,0.698673410396083
GIS,2023-06-01,72.53125,2023-06-08,71.45915985107422,hold_days,-0.01478107917519389,-0.01578107917519389,False,0.021334809506128538,-0.03711588868132243,17.940000534057617,-0.031840266094167013,-0.002779279471743945,0.9677318169802546,0.060344373996996645,0.8842986670702061,0.8020591105351682
GIS,2024-02-13,55.866180419921875,2024-02-21,58.24535369873047,hold_days,0.04258700453342934,0.04158700453342934,True,0.016269308569090812,0.025317695964338527,13.930000305175781,0.019019767917391572,0.024264699591897587,0.997741873055745,0.40601516698599455,0.9732153500839634,0.9875679936256173
GIS,2024-05-08,62.25001525878906,2024-05-15,62.51860809326172,hold_days,0.004314743271243371,0.003314743271243371,False,0.022587412363652914,-0.019272669092409545,13.229999542236328,-0.1546325965036166,-0.15678776953076734,0.9508754940597605,0.05128330529363514,0.7794208394574138,0.709767860706938
GIS,2025-09-17,46.299339294433594,2025-09-24,48.11629486083984,hold_days,0.03924366079722197,0.03824366079722197,False,0.008224793582552348,0.03001886721466962,16.360000610351562,0.08776600078766905,-0.047175274452137206,0.9561242723056042,0.6333347108620239,0.7741946069222355,1.4347263237898902
GIS,2025-11-10,44.058868408203125,2025-11-17,44.773799896240234,hold_days,0.0162267328659762,0.0152267328659762,False,-0.011664244674914004,0.026890977540890204,19.079999923706055,0.09403665937083971,0.1655466674123618,1.1062611794250976,0.22222326878155277,0.6811606622088172,0.9081700356591643
GIS,2026-05-01,34.12923049926758,2026-05-08,34.089908599853516,hold_days,-0.0011521472602468164,-0.0021521472602468164,False,0.011896520644380404,-0.014048667904627221,16.889999389648438,-0.12532367391113453,-0.05852849014222927,0.8265630632713717,0.14179285057490879,0.9021739581130515,1.9066120753107285
SBUX,2016-02-26,46.96938705444336,2016-03-04,47.25920486450195,hold_days,0.0061703553789760335,0.0051703553789760335,False,0.027600334633546053,-0.02242997925457002,19.110000610351562,-0.11691307073266866,-0.27310764758989203,0.9492111029925727,0.32558270198659794,1.0,1.0583588992088038
SBUX,2016-05-03,45.44518280029297,2016-05-10,46.44700622558594,hold_days,0.02204465607929107,0.02104465607929107,True,0.007895112584743513,0.013149543494547555,14.680000305175781,0.04261366368756336,0.09962545960314295,0.855526182400221,0.11956562301750126,0.9920648136094046,0.9461567172884838
SBUX,2017-12-29,47.644161224365234,2018-01-08,49.20381546020508,hold_days,0.032735474730998915,0.031735474730998914,False,0.03458633633766173,-0.0028508616066628134,10.180000305175781,0.04732510550512403,0.0,0.9768162758930469,0.018185601331681726,0.7285736862469326,0.7790945359709188
SBUX,2019-01-16,54.13026428222656,2019-01-24,54.953636169433594,hold_days,0.015210934181183688,0.014210934181183688,False,0.011528604271722198,0.0026823299094614894,18.600000381469727,-0.09135315068939898,-0.26829267011625146,0.8721916925621941,0.01869202193273184,0.5339007981792854,0.7066401471648429
SBUX,2019-09-20,77.50286102294922,2019-09-27,76.04005432128906,hold_days,-0.018874228413671146,-0.019874228413671147,True,-0.01075700974575966,-0.009117218667911486,14.050000190734863,-0.01195499810841183,-0.13644746186651002,0.8895259365175548,0.00495154211644095,0.6999987284310106,1.089919717504336
SBUX,2020-04-03,54.77817916870117,2020-04-13,62.34546661376953,hold_days,0.1381441946393156,0.1371441946393156,True,0.114124095289722,0.023020099349593592,50.90999984741211,-0.16540983856701463,-0.2929166687859429,1.7135534176968665,0.5584411852714988,0.36096739189873867,0.8486371894128445
SBUX,2020-10-21,77.54236602783203,2020-10-28,76.5760498046875,hold_days,-0.012461784088425909,-0.01346178408842591,False,-0.05047934299183798,0.03701755890341207,29.350000381469727,0.12581514096821023,-0.004409740935726658,1.084349537730673,0.08246814535158528,0.27976258055139963,0.6954334303227815
SBUX,2022-02-10,85.94574737548828,2022-02-17,83.90780639648438,hold_days,-0.0237119466784127,-0.0247119466784127,True,-0.02667920797796819,0.0019672612995554895,19.959999084472656,-0.09642376882762038,-0.37546934742654736,1.0238732839337699,0.18032527171987114,0.5254226329537272,0.8167652659894583
SBUX,2023-12-07,90.44095611572266,2023-12-14,91.75385284423828,hold_days,0.014516617082593886,0.013516617082593885,False,0.03563966331036683,-0.022123046227772947,12.970000267028809,-0.0007703602126473141,-0.0284644272346517,0.797582714534659,0.11888514829299864,0.9117636499088765,0.8767591656792603
SBUX,2024-03-01,87.89060974121094,2024-03-08,85.90938568115234,hold_days,-0.02254193099686297,-0.02354193099686297,False,0.007448617020583637,-0.030990548017446606,13.399999618530273,-0.07840442546861381,-0.06815024256686153,1.0199521089049066,0.15060276956875307,0.8214305177111758,1.226637772246789
SBUX,2024-06-14,75.71488952636719,2024-06-24,75.79093933105469,hold_days,0.0010044233725126084,4.42337251260836e-06,False,0.015477109847633175,-0.015472686475120567,11.9399995803833,-0.05087443141527548,-0.17484455010068944,0.8748716906157488,0.4186050637852433,0.6162772129664152,0.8077153526962225
SBUX,2024-10-14,90.62281036376952,2024-10-21,92.239013671875,hold_days,0.01783439844359136,0.01683439844359136,False,-0.0024889147393630795,0.019323313182954438,20.459999084472656,0.0650702789991473,0.2063679356683661,1.1450574883561593,0.3529453249217641,0.7897452951993432,0.8431466299490735
SBUX,2025-11-24,82.32347106933594,2025-11-26,85.64248657226562,resistance,0.04031675851148564,0.03931675851148564,False,0.01915938882648005,0.02015736968500559,23.43000030517578,0.18154313642563635,0.22798744228845846,1.3546411956577211,0.18478098618413408,0.6970438952707219,1.2303928284727759
SBUX,2026-06-08,94.81999969482422,2026-06-15,101.58999633789062,hold_days,0.0713984039744302,0.0703984039744302,False,0.02247516467167232,0.04792323930275788,21.510000228881836,0.4040470402978451,0.2880239069579389,0.8446621143472822,0.2692305435082427,0.7021287647839949,0.4980785669235773
YUM,2015-06-04,52.8968620300293,2015-06-11,53.37021255493164,hold_days,0.008948555863930618,0.007948555863930618,False,0.01097443960920752,-0.0030258837452769027,13.65999984741211,,,1.0,0.3555526731599106,0.6858426818559615,
YUM,2016-04-11,48.65461730957031,2016-04-18,49.41341781616211,hold_days,0.015595652551613881,0.01459565255161388,False,0.026033727942304852,-0.011438075390690972,15.359999656677246,0.17251902361807137,0.04206240808591599,0.7652035162849505,0.1428593086719215,0.8207543864040182,0.832917056944242
YUM,2016-05-03,47.68476486206055,2016-05-05,48.354698181152344,resistance,0.014049210917359778,0.013049210917359777,False,-0.007374709018990511,0.020423919936350288,14.680000305175781,0.04261366368756336,0.09962545960314295,0.855526182400221,0.12000152819520817,0.8611141136124629,0.7480258028317958
YUM,2016-10-20,52.13547897338867,2016-10-24,53.10318756103515,resistance,0.018561421256730437,0.017561421256730436,False,0.004836681648643371,0.012724739608087066,14.40999984741211,-0.0942803277426798,0.1093148653821503,1.1645070231301513,0.08641991483786926,0.7982461448233756,0.566594784764277
YUM,2017-06-15,61.65887451171875,2017-06-22,63.29780578613281,hold_days,0.02658062261747207,0.02558062261747207,False,0.005104822947261889,0.020475799670210182,10.640000343322754,0.02406159689500531,0.022094188211522647,0.9109085461418529,0.8139493621476003,0.8070163697447464,0.4383254808428258
YUM,2019-11-08,87.19049072265625,2019-11-15,86.64391326904297,hold_days,-0.006268773682578388,-0.007268773682578388,True,0.012034086002338684,-0.019302859684917073,12.729999542236328,-0.037065107026855504,-0.07148070701559972,0.8008313149949643,0.21341378315764162,0.5909114553982459,0.6902335649241252
YUM,2020-04-15,69.05009460449219,2020-04-22,77.18775939941406,hold_days,0.11785160963982899,0.11685160963982899,False,0.015079648007005675,0.10177196163282332,37.7599983215332,-0.16534047478813207,-0.3384723701779969,1.1466805443003762,0.579998016357423,0.8278133984104591,0.4180637730872405
YUM,2020-09-23,80.64859771728516,2020-09-30,82.02313995361328,hold_days,0.017043597473902716,0.016043597473902715,False,0.03749237882618761,-0.021448781352284896,26.860000610351562,0.0496287788273122,-0.1462173746976192,1.0283305915995764,0.09340560299475059,0.8832470992827578,0.9550311254092188
YUM,2020-12-07,94.9718246459961,2020-12-14,95.20646667480467,hold_days,0.002470648844361989,0.001470648844361989,False,-0.011809509431177978,0.013280158275539966,20.790000915527344,-0.0023991956187360275,-0.10038942594337408,0.7818334864527758,0.5588208894939201,0.7898551525873515,0.7980252709929063
YUM,2021-09-09,118.12592315673828,2021-09-16,116.92869567871094,hold_days,-0.010135179865970456,-0.011135179865970457,False,-0.005896739480654722,-0.005238440385315735,17.959999084472656,0.08980579996032523,0.04297327529765216,0.9783871731955119,0.027148321526711264,0.6880757062463263,1.3647517417540376
YUM,2022-04-29,107.8618621826172,2022-05-06,106.3685302734375,hold_days,-0.01384485562331006,-0.01484485562331006,True,0.003561548653217228,-0.01840640427652729,29.989999771118164,0.32231037775930615,0.37442713980568465,1.1702570667371188,0.04307673527644573,0.5232548511677736,1.4731202554337468
YUM,2022-07-14,108.2481689453125,2022-07-21,111.39788055419922,hold_days,0.02909713521785262,0.02809713521785262,False,0.05580727211912362,-0.027710136901271,26.81999969482422,0.0033670091331532426,-0.05430186468209153,0.9297868884732916,0.6825403873634512,0.7218047413084301,0.8639445104456315
YUM,2022-08-11,109.04486083984376,2022-08-18,109.26720428466795,hold_days,0.0020390089281763224,0.0010390089281763224,False,0.020958737042114706,-0.019919728113938384,19.739999771118164,-0.10068341298432537,-0.15060241112177952,0.8052209424329067,0.15548815236430133,0.7981647523255543,1.7455257797401451
YUM,2023-01-05,119.42433166503906,2023-01-09,121.350830078125,resistance,0.01613154025001684,0.01513154025001684,False,0.020386969583838788,-0.005255429333821948,22.010000228881836,0.016628204004375036,-0.018287236664447093,0.8961804899594399,0.5168532583537637,0.7127621583014055,0.9635385364397379
YUM,2023-07-11,126.64080047607422,2023-07-18,126.32933044433594,hold_days,-0.0024594761764564765,-0.0034594761764564766,True,0.02161312575121732,-0.0250726019276738,15.069999694824219,0.10890357068572198,0.12127977420624525,0.9122091664663194,0.5533345540364684,0.5572130239055011,0.7563848354699668
YUM,2025-02-14,143.7318572998047,2025-02-24,146.6761474609375,hold_days,0.02048460387589257,0.01948460387589257,False,-0.009308421384347398,0.02879302526023997,15.100000381469727,-0.025806427001953125,-0.04671715681753108,0.9835781326884524,0.18713805134429415,0.8291916635864739,0.5037974935943842
YUM,2025-05-08,144.4793701171875,2025-05-15,143.57139587402344,hold_days,-0.006284455991382054,-0.007284455991382054,True,0.029876798304717456,-0.03716125429609951,23.549999237060547,-0.0465587647917971,-0.17223203495522998,0.9708426825934484,0.1037736528066646,0.5742544341152412,0.6845678098111286
YUM,2026-06-25,151.13999938964844,2026-07-02,164.72999572753906,hold_days,0.08991660971795268,0.08891660971795268,False,0.026774066894888593,0.062142542823064084,18.6299991607666,0.1352833232173729,-0.062405718474777716,0.9764032211454223,0.15811781890266963,0.8310526462473176,0.8404368045365536
TJX,2015-06-02,27.86338996887207,2015-06-09,27.78180694580078,hold_days,-0.002927964729432797,-0.003927964729432797,False,-0.010197695875543755,0.006269731146110958,13.970000267028809,,,1.0,0.2469105568532897,0.6869543295385223,
TJX,2016-09-16,32.56416702270508,2016-09-23,33.15290451049805,hold_days,0.018079304389468254,0.017079304389468253,False,0.014646382354933651,0.0024329220345346014,16.299999237060547,0.3029575490677243,0.21460500330801335,1.2218772684722348,0.44000244140625233,0.8593746274706182,0.805987944978635
TJX,2016-10-03,32.424598693847656,2016-10-10,32.633934020996094,hold_days,0.006456065320190385,0.005456065320190385,True,-0.0035791532095909018,0.009035218529781286,13.289999961853027,0.08136696526476017,-0.13532855817782563,1.0263057734726817,0.07843283917003636,0.7624978542409747,0.566716946390637
TJX,2016-12-14,33.83108901977539,2016-12-21,33.896732330322266,hold_days,0.0019403250811258488,0.0009403250811258488,False,0.00668069147943573,-0.005740366398309881,12.720000267028809,0.07888043326419258,-0.013953438513510052,0.8635228985944191,0.06060746178076386,0.7987839484922673,1.316000638058896
TJX,2017-02-01,32.68440628051758,2017-02-08,33.162113189697266,hold_days,0.014615743822289806,0.013615743822289805,False,0.012100469372275047,0.0015152744500147586,11.989999771118164,0.08310750692469226,0.010109510254088017,0.8640890589407061,0.38144565046405704,0.9597702409400842,0.9013443386604285
TJX,2017-04-07,33.41685104370117,2017-04-17,33.58811950683594,hold_days,0.005125212513614308,0.004125212513614308,False,-0.004195287806066594,0.008320500319680901,12.390000343322754,0.07365687905368401,-0.05564020949724424,1.0543340858330277,0.014076788343139175,0.43689816598026604,0.7008080769453152
TJX,2017-05-18,32.84071731567383,2017-05-25,33.233154296875,hold_days,0.011949707962495504,0.010949707962495503,True,0.025502836302237153,-0.01455312833974165,15.59000015258789,0.5269343873006822,0.45973780029131706,0.9567742416162767,0.11881434927446034,0.47004493260109614,0.7042986227248471
TJX,2017-08-17,31.113344192504883,2017-08-22,31.71125602722168,resistance,0.0192172153214194,0.0182172153214194,True,0.009130860351654446,0.009086354969764954,11.739999771118164,0.05670568262009623,0.14202335370343389,1.271764683932222,0.07446756704110072,0.9189168290495189,0.6299148763793923
TJX,2018-03-27,35.939369201660156,2018-04-04,37.51651382446289,hold_days,0.043883480924586715,0.042883480924586714,True,0.01576496656776749,0.027118514356819223,21.030000686645508,0.105678242928821,0.3326996858374345,1.2455151536443938,0.22695077673947942,0.604169150195905,1.1305217982700626
TJX,2018-07-16,42.7241096496582,2018-07-23,43.7878303527832,hold_days,0.024897434068201996,0.023897434068201995,True,0.006178671172391015,0.01771876289581098,12.180000305175781,-0.08900520497899311,-0.2771513335649318,0.8949438213779083,0.5555593231833449,0.9579868568680884,0.8437572077001663
TJX,2018-12-11,41.35913848876953,2018-12-18,39.85780334472656,hold_days,-0.0362999617231059,-0.0372999617231059,False,-0.030728378076863128,-0.0065715836462427735,22.639999389648438,0.2529053553959495,0.052044558924751794,1.1451589315910582,0.20978963149498633,0.8787879663612962,0.9919954818172091
TJX,2019-03-19,47.4146842956543,2019-03-20,47.70523834228515,resistance,0.00612793380251353,0.00512793380251353,False,-0.004593243761659149,0.009721177564172678,13.100000381469727,-0.08583388337647824,-0.10457961182522246,0.7225624748833609,0.40845252038984164,0.8641963680204928,0.887154440031248
TJX,2019-10-31,52.801815032958984,2019-11-07,54.313045501708984,hold_days,0.028620805322822518,0.027620805322822517,False,0.01605670020599881,0.011564105116823709,12.329999923706055,-0.119914366718741,-0.09868423621006484,0.7870916878460689,0.07964634632134053,0.9523828265733367,1.0881937411043
TJX,2021-01-29,59.10399627685547,2021-02-05,63.06333923339844,hold_days,0.06698942890420767,0.06598942890420767,True,0.038522119692457446,0.027467309211750224,30.209999084472656,0.41697933944185905,0.3601981238077998,1.1355404358775674,0.11894290894974742,0.605632844289068,1.4306997292840142
TJX,2023-02-10,76.80084991455078,2023-02-17,76.39891052246094,hold_days,-0.005233527917165581,-0.006233527917165581,False,0.0005587323332256755,-0.006792260250391257,20.709999084472656,0.10571273842113071,0.10571273842113071,0.9189710960493853,0.7540961052605327,0.06122957392313453,0.4123245998209063
TJX,2023-03-15,70.97261047363281,2023-03-22,71.90092468261719,hold_days,0.013079893818042088,0.012079893818042087,True,0.007072892895729543,0.005007000922312543,23.729999542236328,0.2113322796019239,0.14637674722803284,1.1318304100524241,0.7301620940835981,0.7475778495451968,0.8731077155133137
TJX,2023-10-31,84.97021484375,2023-11-07,87.57518768310547,hold_days,0.030657482085289622,0.02965748208528962,True,0.03482466677836138,-0.005167184693071758,19.75,-0.030436956980347984,0.1475886723212556,1.205726191179751,0.6666688974849689,0.818788819080683,0.8171991621858243
TJX,2024-04-08,93.5027313232422,2024-04-15,90.34483337402344,hold_days,-0.033773323030551916,-0.03477332303055192,True,-0.03131635385938725,-0.00345696917116467,16.030000686645508,0.2321291625390871,0.2407121201228084,1.0834597899724872,0.013336181640652861,0.6518505541207259,0.4863938731700309
TJX,2024-10-10,110.19367980957033,2024-10-17,114.9796142578125,hold_days,0.0434320231116061,0.0424320231116061,False,0.014491642039046182,0.027940381072559917,20.860000610351562,0.10370375827413403,0.35366650336824645,1.138070754483851,0.23124716877668638,0.7596155962293341,1.0328036163572394
TJX,2025-02-07,122.41513061523438,2025-02-14,122.4405746459961,hold_days,0.00020785037465409495,-0.0007921496253459051,False,0.010763054823847096,-0.011555204449193002,15.5,-0.021464655890949702,0.031957358695566596,1.0421600928015997,0.10212973183559165,0.2142860386646627,1.4160734873446628
ORLY,2015-12-15,16.718000411987305,2015-12-22,16.916667938232422,hold_days,0.011883450254174255,0.010883450254174254,True,0.0070073950551223785,0.0038760551990518755,22.729999542236328,0.4349747047523085,0.4091754944118702,1.1655517471932422,0.5220109942509604,0.9065429556940026,1.1233055828250962
ORLY,2016-03-31,18.243999481201172,2016-04-07,17.955333709716797,hold_days,-0.015822504916305213,-0.016822504916305214,False,-0.001965966614031922,-0.014856538302273292,13.5600004196167,-0.04304866996421264,-0.1947743291716738,0.7021064744054223,0.03614515973361645,0.8483858463923806,1.1215723275036018
ORLY,2016-04-15,17.916667938232422,2016-04-22,17.976667404174805,hold_days,0.0033488071637668426,0.0023488071637668426,True,0.015352871824078074,-0.013004064660311232,13.720000267028809,-0.15099007446921764,-0.016487422607960878,0.7827374203232939,0.4228750796998382,0.06858246036016077,0.40177788203502485
ORLY,2016-09-20,18.343332290649418,2016-09-27,18.96933364868164,hold_days,0.034126915879473474,0.03312691587947347,False,0.011331542555885754,0.02179537332358772,15.529999732971191,0.024406325150606367,0.29632723926399906,1.207445824254984,0.16801705756931082,0.8013282049338739,1.3080966582718518
ORLY,2016-10-07,18.358667373657227,2016-10-14,18.6213321685791,hold_days,0.014307399855109981,0.01330739985510998,True,-0.01208151795937451,0.02538891781448449,12.84000015258789,-0.08416549690783692,0.06821960595638621,1.0117467530535722,0.1859306596890253,0.9528882735298262,1.0933848945526503
ORLY,2017-02-27,17.883333206176758,2017-03-06,17.923999786376953,hold_days,0.002273993317204903,0.0012739933172049031,False,-5.059789719197294e-05,0.001324591214396876,11.470000267028809,-0.024659860221839525,0.05422795463069785,0.9739217992587611,0.7137323261669571,0.887983125214868,1.2700067501509433
ORLY,2017-03-30,18.160667419433594,2017-04-06,16.95800018310547,hold_days,-0.06622373553524574,-0.06722373553524574,True,-0.0065345753380455784,-0.060689160197200165,11.420000076293945,-0.10850900060816282,-0.018056752887406824,1.0533103111709268,0.3896124002204594,0.8250579983632053,1.374463211679659
ORLY,2018-04-06,15.812666893005373,2018-04-13,14.9913330078125,hold_days,-0.051941515669073124,-0.052941515669073125,False,0.015233552512661008,-0.06817506818173413,18.940000534057617,-0.1718408465658594,0.06047031840973682,1.1358308720186543,0.3130535507158112,0.802448881597375,1.2679032922585878
ORLY,2018-06-29,18.238000869750977,2018-07-09,19.29199981689453,hold_days,0.057791364013568325,0.056791364013568324,False,0.02484552698948539,0.031945837024082935,16.850000381469727,0.150956283218596,0.39026407100435834,1.0895162886329972,0.057451743092459685,0.6638313414362,0.9132186813895505
ORLY,2019-05-03,25.05266761779785,2019-05-10,24.319332122802734,hold_days,-0.029271752860128286,-0.030271752860128287,False,-0.021862428630385122,-0.008409324229743165,14.420000076293945,0.08830189255048637,0.1444444158510354,0.9655400203322066,0.0406317494600432,0.938364806645126,0.9305650250455036
ORLY,2019-12-12,29.413333892822266,2019-12-17,29.579999923706055,resistance,0.005666342737314034,0.004666342737314034,False,0.007796690611331147,-0.0031303478740171134,14.989999771118164,0.012837809319911075,0.2989601231082808,1.0331254147165445,0.029140709077955927,0.9729724156773392,1.114501439047263
ORLY,2020-11-25,29.60933303833008,2020-12-03,29.766666412353516,hold_days,0.005313641270465741,0.004313641270465741,False,0.010024114233645465,-0.005710472963179724,21.639999389648438,-0.0471157964755623,-0.12741935260586135,0.8282197612216637,0.47149337434559524,0.26403006838029763,1.1461334362810898
ORLY,2021-04-28,35.26333236694336,2021-05-05,37.339332580566406,hold_days,0.05887135657006537,0.05787135657006537,False,0.007416438524542324,0.050454918045523045,17.559999465942383,-0.05995721739485582,0.05465464674241449,0.8489834768500019,0.19047442113932908,0.7101404806528121,1.0455892250951906
ORLY,2021-08-02,40.07533264160156,2021-08-09,39.90666580200195,hold_days,-0.004208744593788283,-0.005208744593788283,False,0.008127295005518675,-0.01333603959930696,18.239999771118164,0.060465055932996226,-0.011382167107717334,1.012294290150315,0.382382209974356,0.7406631369010874,0.8344120846875414
ORLY,2021-08-17,39.98466873168945,2021-08-24,39.959999084472656,hold_days,-0.0006169776566697927,-0.0016169776566697927,True,0.0012602164029273943,-0.002877194059597187,16.1200008392334,-0.03588507767711846,-0.17163403917651154,0.9273953351870655,0.7108841682346632,0.9589870080587982,1.3248256925851059
ORLY,2021-11-30,42.54399871826172,2021-12-07,44.85266876220703,hold_days,0.05426546900854268,0.053265469008542676,False,0.03427911955679552,0.018986349451747153,22.959999084472656,0.2819653422716384,0.40945351713194733,1.1643653368781732,0.2608209659989906,0.71806272192932,1.5271929626733143
ORLY,2022-01-14,45.257999420166016,2022-01-24,43.85133361816406,hold_days,-0.031081042468155906,-0.03208104246815591,False,-0.048356220635687897,0.01627517816753199,20.309999465942383,0.03569601396245292,0.17195611975508007,0.9838796415521367,0.22752300569664868,0.3064341261661603,1.2585857197926196
ORLY,2022-05-05,40.23666763305664,2022-05-12,41.48933410644531,hold_days,0.031132460690147745,0.030132460690147744,True,-0.03929604466334313,0.06942850535349088,25.420000076293945,-0.19556962754974327,0.250984274511026,1.1499203642756608,0.2165525812870029,0.9526722223511842,1.4500522230771533
ORLY,2022-09-02,46.8466682434082,2022-09-12,48.494667053222656,hold_days,0.035178570250752994,0.03417857025075299,False,0.0487309150088957,-0.01455234475814271,25.559999465942383,0.17355365748976292,0.3067484746329938,1.0362194869750951,0.2724581041184342,0.9304027960448751,1.1289453892018457
ORLY,2023-08-04,61.728668212890625,2023-08-11,62.90399932861328,hold_days,0.01904027982053913,0.01804027982053913,True,-0.0011713986544564792,0.019211678474995608,15.920000076293945,0.10478835842271139,0.13795570670131063,0.9715574114767735,0.12414573565938185,0.7505842476139506,0.6830421569459774
ORLY,2023-09-15,62.01399993896485,2023-09-22,62.40133285522461,hold_days,0.006245894743783342,0.005245894743783342,True,-0.02855692759401407,0.03380282233779741,12.819999694824219,-0.10972221983067776,-0.07636890568277888,0.9341128578567088,0.12293145274018534,0.9351770236521229,0.8169678625694885
ORLY,2024-03-08,72.27999877929688,2024-03-15,74.21199798583984,hold_days,0.02672937519606533,0.02572937519606533,False,-0.003870300113328118,0.029599675309393447,14.4399995803833,0.07761193966116653,-0.0068776053460857245,1.0401059767970655,0.3300250605215144,0.32116412888569806,1.0742537618724828
ORLY,2025-02-21,86.89399719238281,2025-02-28,91.57599639892578,hold_days,0.053881733581400804,0.0528817335814008,True,0.006790109838696878,0.046091623742703924,15.65999984741211,-0.014474543168106035,-0.0069753079999061995,0.9478859866759026,0.33739197100641205,0.9792651936579972,0.7293065868689107
ORLY,2025-06-11,90.01000213623047,2025-06-18,88.31999969482422,hold_days,-0.01877571826793678,-0.01977571826793678,False,-0.011470699231610815,-0.008305019036325967,16.950000762939453,-0.041831529043398374,-0.10601257482018012,0.7244079256200339,0.20512929193469906,0.8366520664698986,1.3793328564105738
ORLY,2025-08-22,102.30999755859376,2025-08-27,104.0500030517578,resistance,0.017007189274611312,0.01600718927461131,False,-0.004487582104178767,0.020494771378790078,16.600000381469727,0.11935269500131884,0.0018105423776730856,0.9141360310765485,0.14213127197807174,0.018076109936583613,1.3919248235251418
ORLY,2026-03-24,87.98999786376953,2026-03-31,92.30999755859376,hold_days,0.04909648596096883,0.04809648596096883,False,0.002845589039891072,0.045250896921077755,26.149999618530273,0.1122926143745937,0.025490181118834165,1.2946459563977644,0.21951022838640846,0.5388123240712355,0.6170331864152332
ADP,2015-07-30,62.81672668457031,2015-08-06,62.94999313354492,hold_days,0.0021215121514337465,0.0011215121514337465,True,-0.006339199079448576,0.007460711230882323,12.5,0.03135314505189779,-0.055177593914937706,0.9425449035129078,0.4889489779358908,0.9201852541692891,3.641714642252111
ADP,2015-11-17,67.75672912597656,2015-11-24,68.40364074707031,hold_days,0.009547562720906733,0.008547562720906732,False,0.019635172839985948,-0.011087610119079216,18.15999984741211,0.09927356805112608,0.28339224996377377,0.8464406850382686,0.2952370572207171,0.9864836303463608,0.9413018582101682
ADP,2016-01-15,61.84912109375,2016-01-25,63.57160186767578,hold_days,0.027849721119154847,0.026849721119154846,False,-0.001038287609743005,0.02788800872889785,23.950000762939453,-0.04161660735110029,0.3851937243931014,1.3848059740560736,0.7257123674665149,0.7412916816913684,1.0972917253841399
ADP,2016-06-10,69.98605346679688,2016-06-17,70.4039306640625,hold_days,0.0059708638588098495,0.0049708638588098495,False,-0.005297876723018069,0.010268740581827918,14.640000343322754,0.07410126341904766,0.0532374636763282,0.9666666731153635,0.7215177648797209,0.9615305613427712,0.9665056651984881
ADP,2017-11-09,92.56165313720705,2017-11-16,91.78458404541016,hold_days,-0.008395151398657652,-0.009395151398657653,True,0.007533015504398,-0.016928166903055653,9.779999732971191,-0.04117647883801323,-0.12911842104816196,0.9075313505600141,0.5042025696260928,0.07777730682828243,1.1762173808142296
ADP,2018-01-29,100.37351989746094,2018-02-05,94.81292724609376,hold_days,-0.05539900022483757,-0.05639900022483757,False,-0.07119320947524366,0.014794209250406087,11.079999923706055,-0.016858964182803526,0.12145746916654176,1.0768151088612399,0.021738289132507825,0.8402076451156225,0.7779593622497979
ADP,2020-01-31,148.4630584716797,2020-02-07,155.14170837402344,hold_days,0.044985264153222015,0.043985264153222015,False,0.03198127893650593,0.012003985216716084,15.489999771118164,0.1933744466411118,0.2471819384835534,1.212764361490101,0.11956572217099502,0.9896131651094686,1.6475871100988289
ADP,2020-05-21,116.20014190673828,2020-05-29,127.67897033691406,hold_days,0.09878497772738215,0.09778497772738215,False,0.04056476844147183,0.05722020928591032,27.989999771118164,-0.2066326320979538,-0.1796600044743315,0.6779595608288768,0.263833517304063,0.37618891916440295,0.6039706115738873
ADP,2020-07-16,128.15614318847656,2020-07-23,128.84877014160156,hold_days,0.005404555223750496,0.004404555223750496,True,0.014527547136630403,-0.010122991912879908,27.760000228881836,-0.011396000558891228,-0.08774236114088407,0.928447288978335,0.350872026876904,0.8022612263898834,0.7654823612745297
ADP,2020-09-09,120.33599090576172,2020-09-16,121.5362548828125,hold_days,0.009974272601376066,0.008974272601376065,True,0.013676199033730185,-0.00470192643235412,31.459999084472656,0.1912154209101744,0.40634769352788114,1.103125506946283,0.6275651294534583,0.3573754909072768,1.0374664512957925
ADP,2021-05-28,174.82130432128906,2021-06-07,175.4456024169922,hold_days,0.0035710641682193955,0.0025710641682193955,True,0.000779205468763644,0.0017918586994557515,16.739999771118164,-0.19013063815529585,-0.27626457507561153,0.9363901524237149,0.16595783363310382,0.8028179305661246,0.7320576058131496
ADP,2021-09-09,182.8724365234375,2021-09-16,178.58775329589844,hold_days,-0.02342990178834259,-0.02442990178834259,False,-0.005896739480654722,-0.018533162307687867,17.959999084472656,0.08980579996032523,0.04297327529765216,0.9783871731955119,0.031976898919465965,0.9520549734800008,1.2960844835405014
ADP,2022-01-12,212.1415252685547,2022-01-20,199.1940155029297,hold_days,-0.06103241573866536,-0.06203241573866536,False,-0.04424113587616463,-0.01779127986250073,18.40999984741211,0.08870490913869289,0.04960084871572601,1.0037151347458406,0.48630104773599875,0.9736842860051947,0.7181108988427386
ADP,2022-09-29,208.8287811279297,2022-10-06,215.3755798339844,hold_days,0.03135007861796657,0.03035007861796657,False,0.021604335786567397,0.008745742831399173,30.18000030517578,0.07824224908774013,0.15366974316558912,1.2475052694199984,0.4399996670809623,0.7761672621124536,1.1150918776252317
ADP,2022-10-14,207.14163208007812,2022-10-21,213.4042053222656,hold_days,0.03023329100625438,0.02923329100625438,False,0.044897056433631954,-0.015663765427377574,31.940000534057617,0.04652686942973894,0.0031407154833698048,1.2799549806246011,0.06290179148564211,0.8872898256398991,1.3980081680957257
ADP,2024-05-02,229.3834686279297,2024-05-09,232.3404083251953,hold_days,0.012890814298662123,0.011890814298662122,True,0.025194726618364083,-0.01330391231970196,15.390000343322754,-0.03631809104621653,-0.15485990570721475,1.0335766425815507,0.16863383844232124,0.3054346185550279,1.6327360319587187
ADP,2024-10-31,277.10028076171875,2024-11-07,292.0550537109375,hold_days,0.05396881196983894,0.052968811969838936,False,0.03860454769849242,0.014364264271346516,20.350000381469727,0.05769234010167823,0.03932586622900902,1.0711868052481561,0.08332980121222831,0.9876208426558328,1.002572596681524
ADP,2025-02-14,296.7462158203125,2025-02-24,300.6463623046875,hold_days,0.013143036967105282,0.01214303696710528,False,-0.009308421384347398,0.02145145835145268,15.100000381469727,-0.025806427001953125,-0.04671715681753108,0.9835781326884524,0.005777185848979974,0.9354863408898229,0.9081342832521893
ADP,2025-11-24,244.60159301757812,2025-12-02,251.52593994140625,hold_days,0.028308674683612978,0.027308674683612977,False,0.016895875611843802,0.010412799071769174,23.43000030517578,0.18154313642563635,0.22798744228845846,1.3546411956577211,0.39686270484792263,0.7518501250370796,1.1156714700599628
ADP,2026-06-25,216.30999755859375,2026-07-02,242.27000427246097,hold_days,0.12001297677808531,0.11901297677808531,False,0.026774066894888593,0.09223890988319672,18.6299991607666,0.1352833232173729,-0.062405718474777716,0.9764032211454223,0.029189651076858107,0.2911642956285717,1.9089357157399276
ECL,2015-06-12,101.2868881225586,2015-06-19,103.86648559570312,hold_days,0.02546822714133712,0.024468227141337118,False,0.00976480986548034,0.014703417275856778,12.850000381469727,-0.12644457184593938,-0.034560482617942645,1.0020680275723697,0.08928474114440262,0.1617655308597694,0.8701642704056116
ECL,2017-02-27,111.80535125732422,2017-03-06,112.90679168701172,hold_days,0.009851410664168503,0.008851410664168502,False,-5.059789719197294e-05,0.008902008561360475,11.470000267028809,-0.024659860221839525,0.05422795463069785,0.9739217992587611,0.013824285317496661,1.0,1.1989628960266514
ECL,2017-11-17,119.6954574584961,2017-11-27,120.93385314941406,hold_days,0.010346221295385316,0.009346221295385315,False,0.008525370161807544,0.0008208511335777713,11.760000228881836,0.12000002179827018,0.18429001686457247,1.1326018875917534,0.5495497972369146,0.7511549577042814,0.7036886762730975
ECL,2018-05-31,130.6404571533203,2018-06-07,133.62686157226562,hold_days,0.02285972113095447,0.021859721130954468,False,0.026179517494554272,-0.004319796363599804,14.9399995803833,0.130105845583395,0.021189300308780634,0.8288589231112194,0.16585162524470232,0.7227266106714628,1.280894071718238
ECL,2018-07-27,129.48199462890625,2018-08-03,135.1500244140625,hold_days,0.04377465609331055,0.04277465609331055,True,0.00869998342131506,0.03407467267199549,12.140000343322754,-0.056721021657151094,-0.03497611947947277,0.9137048315512781,0.2279392790225343,0.6283167915738292,2.046355633746369
ECL,2020-01-10,176.2523193359375,2020-01-16,180.0491943359375,resistance,0.0215422697091614,0.020542269709161398,False,0.017007125406764967,0.0035351443023964313,12.539999961853027,0.005613447740598687,-0.010260466744917651,1.0205800730778318,0.11601753498567098,0.8949575252444321,0.7269107956070897
ECL,2020-12-10,209.6210021972656,2020-12-17,207.75067138671875,hold_days,-0.008922439979495711,-0.009922439979495712,False,0.01208938647771185,-0.02201182645720756,22.270000457763672,0.05196033904135411,0.029112804338460307,0.8018653998854365,0.09071255079408161,0.816665183169518,1.03441018404473
ECL,2021-12-03,209.33615112304688,2021-12-10,219.9342498779297,hold_days,0.05062717881276657,0.04962717881276657,False,0.03681569459058731,0.012811484222179259,27.950000762939453,0.5043057522986476,0.6335476192811871,1.4331958752265386,0.360799172481585,0.7213112020278374,1.6889874108947063
ECL,2022-04-22,166.9831085205078,2022-04-29,161.39796447753906,hold_days,-0.033447359391341136,-0.03444735939134114,True,-0.02754203549959744,-0.006905323891743698,22.68000030517578,0.039413410741502286,0.026244339986182474,0.8578103342167511,0.037188597514452755,0.15038785731014573,1.1718259759489444
ECL,2022-05-05,158.87220764160156,2022-05-12,152.23866271972656,hold_days,-0.04175396704274137,-0.04275396704274137,False,-0.03929604466334313,-0.003457922379398237,25.420000076293945,-0.19556962754974327,0.250984274511026,1.1499203642756608,0.23821621632128473,0.9542380573918791,1.3272842104465592
ECL,2022-09-30,138.57876586914062,2022-10-07,137.70558166503906,hold_days,-0.006300995672930965,-0.007300995672930965,False,0.007937173235320394,-0.01523816890825136,31.84000015258789,0.16416817946957862,0.21202891502722054,1.279817146317324,0.05405327383775439,0.5106954162501773,0.9413458290806527
ECL,2023-04-14,158.8489532470703,2023-04-21,160.0376434326172,hold_days,0.007483147740344309,0.006483147740344309,False,0.007565473348115637,-0.0010823256077713275,17.799999237060547,-0.06708599013436911,-0.06903773766914623,0.9150175044495247,0.28726202094050335,0.9457852090505061,1.503295515217619
ECL,2023-10-17,161.6547088623047,2023-10-24,155.78302001953125,hold_days,-0.0363224114168853,-0.037322411416885304,False,-0.027717454439581957,-0.009604956977303347,17.209999084472656,-0.02768370945456511,-0.022714452698188836,1.0932112193625925,0.5599975585937516,0.6363610091610503,0.8550878436632326
ECL,2024-04-08,221.6660614013672,2024-04-15,214.09117126464844,hold_days,-0.034172530015783575,-0.035172530015783576,False,-0.03131635385938725,-0.0038561761563963293,16.030000686645508,0.2321291625390871,0.2407121201228084,1.0834597899724872,0.3850568916756166,0.8197689891946558,1.2307391547303548
ECL,2025-07-31,258.9992980957031,2025-08-07,266.9248046875,hold_days,0.03060049448036839,0.02960049448036839,False,0.0031273798470567993,0.02647311463331159,15.479999542236328,0.007156776675099064,-0.0979021165567866,0.8462435347005461,0.05944783169298107,0.5971012697977424,1.0525950393272785
ECL,2026-05-07,255.85269165039065,2026-05-14,248.20355224609375,hold_days,-0.02989665402758024,-0.03089665402758024,False,0.0005024620914000355,-0.031399116118980275,17.389999389648438,-0.07549176590169582,-0.08086684357694807,0.8011057191275063,0.012139666799159753,0.4275394368273644,1.5053165145245706
APD,2015-06-19,101.96344757080078,2015-06-26,99.7931137084961,hold_days,-0.021285410742880817,-0.022285410742880818,False,-0.009561353130913997,-0.012724057611966821,13.1899995803833,0.026459080842041738,-0.10333109815240671,1.0173172406433875,0.04434061915981317,0.2999940019193929,1.289744073804151
APD,2015-12-07,97.27163696289062,2015-12-14,91.6903076171875,hold_days,-0.05737879529911083,-0.05837879529911083,True,-0.02756604685133579,-0.03081274844777504,14.8100004196167,-0.020502610336555538,-0.12831073460091003,0.8826610262396997,0.4233122005272183,0.9246020317327412,0.732970707354476
APD,2017-11-10,129.56898498535156,2017-11-17,130.60357666015625,hold_days,0.007984871340326105,0.006984871340326105,False,0.005460981250219099,0.001523890090107006,10.5,0.057401780192002594,-0.07079647586119531,0.9200692618245983,0.4336313060386717,0.33333525994856533,0.6313015180755523
APD,2018-01-18,135.68667602539062,2018-01-25,141.45887756347656,hold_days,0.042540665798356025,0.041540665798356025,False,0.013992730457227598,0.027547935341128427,11.90999984741211,0.1815476128528808,0.2190377982989653,1.0304062603998245,0.2372235742249515,0.6938754855937221,1.3302766286192143
APD,2018-09-07,135.91680908203125,2018-09-14,139.016845703125,resistance,0.022808338733311118,0.021808338733311117,False,0.015921097073759105,0.005887241659552012,14.649999618530273,0.19591833620655286,0.19591833620655286,1.028851943413043,0.4736867466009274,0.8131880108991736,0.9301269015975454
APD,2018-10-26,124.01264190673828,2018-11-02,129.33236694335938,hold_days,0.04289663501098295,0.04189663501098295,False,0.03486921943977306,0.007027415571209894,24.219999313354492,0.20737786431524619,-0.03042434919171333,1.5088205621187494,0.407404616582519,0.5549294442796747,0.7709887483838065
APD,2020-03-13,176.19149780273438,2020-03-20,161.49746704101562,hold_days,-0.08339806940156858,-0.08439806940156858,False,-0.13450690237863971,0.05010883297707114,75.47000122070312,0.904846119517877,0.927221693431405,2.6802005585805615,0.9910362124706573,0.3340555862923299,1.683304390774973
APD,2020-09-10,255.1483154296875,2020-09-17,260.9818420410156,hold_days,0.022863276998337456,0.021863276998337455,False,0.022297505966196507,-0.00043422896785905163,28.809999465942383,0.10298616157272433,0.30776207752943385,1.1270079642297024,0.0946402555910526,0.5990982167097944,1.4335053886224298
APD,2020-12-07,233.7005615234375,2020-12-14,230.4188690185547,hold_days,-0.014042296190861725,-0.015042296190861726,False,-0.011809509431177978,-0.003232786759683748,20.790000915527344,-0.0023991956187360275,-0.10038942594337408,0.7818334864527758,0.1233361993571739,0.990239010197893,1.1766839516237102
APD,2021-09-24,228.86724853515625,2021-10-01,228.30511474609375,hold_days,-0.002456156539043408,-0.003456156539043408,False,-0.01967398341585247,0.01621782687680906,18.6299991607666,-0.003210346258775032,-0.009042557616641966,1.2254572591820179,0.29508114706528993,0.6082945420282102,0.8822972781187354
APD,2022-07-18,201.87896728515625,2022-07-25,212.3991241455078,hold_days,0.0521112080263999,0.0511112080263999,False,0.04047238839715206,0.010638819629247842,24.229999542236328,-0.01663960460909575,-0.15604317955758018,0.9252679880143867,0.13774645349900122,0.5212327233736626,1.2101398745263499
APD,2022-08-26,236.7987060546875,2022-09-02,222.62127685546875,hold_days,-0.05987122748865248,-0.06087122748865248,False,-0.02546804958726756,-0.03540317790138492,21.780000686645508,0.11349699802234459,0.07821781505101977,0.9088060432454674,0.02044720793973559,0.9800892573812915,1.5192907437095724
APD,2022-09-29,209.28370666503903,2022-10-06,216.96795654296875,hold_days,0.03671690453298626,0.03571690453298626,False,0.021604335786567397,0.014112568746418863,30.18000030517578,0.07824224908774013,0.15366974316558912,1.2475052694199984,0.5427344575296306,0.7266185668297743,0.9139644565898704
APD,2022-12-09,285.9167785644531,2022-12-16,287.7445983886719,hold_days,0.0063928386203704335,0.0053928386203704335,False,-0.017702247299188678,0.02309508591955911,22.290000915527344,0.12348794073067992,0.0953317197882777,0.8029681195290677,0.12081717506896546,0.7417813469349784,1.1499732843897073
APD,2023-10-05,260.5664367675781,2023-10-12,266.08770751953125,hold_days,0.021189493245739932,0.02018949324573993,True,0.014070821328102445,0.006118671917637486,18.579999923706055,0.01975854137863209,0.2272126487698829,1.1894192616282073,0.3143766494868988,0.6651302110864472,1.7354079716183883
APD,2025-01-08,274.4065246582031,2025-01-16,300.1973571777344,hold_days,0.0939876795992951,0.0929876795992951,True,0.0141668114613831,0.078820868137912,17.81999969482422,0.02413793594838154,-0.029411813593453018,1.0042397839162627,0.33552512699018133,0.17009448298092492,0.696313788365266
APD,2026-05-06,298.3565979003906,2026-05-13,304.30963134765625,hold_days,0.019952746107036345,0.018952746107036345,False,-0.004606450349610158,0.023559196456646503,17.3799991607666,-0.025238405208356185,-0.10871799175555885,0.8142090179850554,0.11519589510374488,0.8228133136302874,0.6803202355324727
