stock,hold_days,near_pct,entry_date,exit_date,entry_price,exit_price,exit_reason,ret,ret_net,support_age_days,support_birth_date,bench_ret,excess_ret,vix_level,vix_chg_5d,vix_chg_10d,vix_ratio_5_60,clv_entry,clv_prev_day,range_ratio_entry
MMM,5,0.01,2015-09-28,2015-10-05,81.5067138671875,86.18342590332031,hold_days,0.05737824302122352,0.05637824302122352,4,2015-09-24,0.05674594502268526,-0.0003677020014617449,23.6200008392334,0.06014363156600244,0.0181034509690563,1.1762024053709301,0.057140436293012575,0.6387114624971321,0.7127854461272347
MMM,5,0.01,2015-11-17,2015-11-19,92.49168395996094,93.89976501464844,resistance,0.015223866561852706,0.014223866561852705,4,2015-11-13,0.01644224034589592,-0.002218373784043215,18.15999984741211,0.09927356805112608,0.28339224996377377,0.8464406850382686,0.25373161430906915,0.9811306461720741,1.2619792672771382
MMM,5,0.01,2015-12-16,2015-12-23,88.90180969238281,89.61920166015625,hold_days,0.008069486664621817,0.007069486664621817,1,2015-12-15,-0.0045807111813517265,0.011650197845973542,20.950000762939453,0.19034092663979685,0.4280845708238068,1.2023030518234337,0.7892836425968986,0.1767681500268067,0.9679871253346504
MMM,5,0.01,2016-05-23,2016-05-24,99.85475158691406,101.36962890625,resistance,0.015170808552033455,0.014170808552033454,3,2016-05-20,0.014573566470924337,-0.00040275791889088364,15.199999809265137,0.01063828775385156,0.03260866396255957,1.017874674687738,0.7794049237815729,0.05195174555020308,1.0412499475875971
MMM,5,0.01,2016-06-14,2016-06-21,100.75646209716797,103.01673126220703,hold_days,0.02243299454936487,0.02143299454936487,1,2016-06-13,0.006495303238426731,0.01493769131093814,20.969999313354492,0.5362637288932306,0.5983231323375044,1.1062236854306162,0.83470077220077,0.013072830935843441,0.7589063676411747
MMM,5,0.01,2017-01-11,2017-01-19,108.29230499267578,108.77327728271484,hold_days,0.004441426286674766,0.0034414262866747656,1,2017-01-10,-0.006874509592072031,0.010315935878746796,11.489999771118164,-0.10583662023175844,0.0043706462035715266,0.8358963316288387,0.7281537916371358,0.22881224868544184,1.3012197433899861
MMM,5,0.01,2017-07-27,2017-08-03,123.30767822265625,127.97369384765625,hold_days,0.03784043047647523,0.03684043047647523,1,2017-07-26,0.0008095688679550239,0.036030861608520204,9.600000381469727,-0.019407515947256204,-0.06796114527209485,0.8960443706518721,0.8235286688557756,0.18461430476591822,1.321753697546778
MMM,5,0.01,2018-03-20,2018-03-27,145.68356323242188,135.2923583984375,hold_days,-0.07132722871012132,-0.07232722871012132,1,2018-03-19,-0.03895282533557587,-0.03337440337454545,19.020000457763672,0.20532324332190766,0.015483231319540991,1.0632832308712101,0.3096066919519935,0.21416910444934034,0.6030699910595765
MMM,5,0.01,2018-04-09,2018-04-16,133.37457275390625,136.43927001953125,hold_days,0.02297812245876707,0.02197812245876707,3,2018-04-06,0.027322573555060625,-0.0053444510962935565,21.489999771118164,0.07611419679655196,-0.07926308352078582,1.140601152178389,0.0919268382503447,0.15923552071491365,0.7114234691130914
MMM,5,0.01,2018-06-28,2018-07-06,123.66048431396484,124.60064697265625,hold_days,0.007602773544897357,0.0066027735448973566,1,2018-06-27,0.014325114259734484,-0.007722340714837127,17.90999984741211,0.40031273657777966,0.3840804040336445,1.0563090550455256,0.6666620581912219,0.031130615085285602,0.7992456240316129
MMM,5,0.01,2018-07-24,2018-07-31,126.632568359375,133.97760009765625,hold_days,0.05800270683475772,0.05700270683475772,1,2018-07-23,0.00809436451158052,0.0489083423231772,12.619999885559082,-0.01636789083365109,-0.005516130586200152,0.9054390074615074,0.870051670252699,0.3005172283369259,4.383866247081196
MMM,5,0.01,2018-10-01,2018-10-08,134.7930145263672,136.17788696289062,hold_days,0.010274066808206417,0.009274066808206416,4,2018-09-27,-0.010285942087785105,0.01956000889599152,12.119999885559082,0.0376711959663496,0.004142517978381166,0.9753822357694417,0.4210471167615478,0.7634827121416425,0.7191058835222752
MMM,5,0.01,2019-01-16,2019-01-24,121.18855285644531,123.13290405273438,hold_days,0.01604401695094304,0.01504401695094304,1,2019-01-15,0.012371369790675768,0.002672647160267272,18.600000381469727,-0.09135315068939898,-0.26829267011625146,0.8721916925621941,0.5247542642382176,0.3829801003074006,0.5280069721847133
MMM,5,0.01,2019-04-11,2019-04-18,137.51475524902344,140.96022033691406,hold_days,0.025055239211612568,0.024055239211612567,2,2019-04-09,0.011146659044239726,0.01290858016737284,13.300000190734863,-0.032023259658867764,-0.12211217652656825,0.8725194069296128,0.9207071478530646,0.6984978540772439,0.9931529543932104
MMM,5,0.01,2019-08-13,2019-08-20,107.09235382080078,105.53568267822266,hold_days,-0.0145357823134874,-0.0155357823134874,1,2019-08-12,-0.012081251653794367,-0.0034545306596930336,21.09000015258789,-0.14233428134532378,0.643803607014821,1.232213030784734,0.4764396571767079,0.17027419473306596,1.5640245507084243
MMM,5,0.01,2019-10-10,2019-10-17,99.83316802978516,107.19398498535156,hold_days,0.07373117673046603,0.07273117673046603,2,2019-10-08,0.01980802328309772,0.05292315344736831,18.639999389648438,-0.09338522014431094,0.16791975846465124,1.105627900341825,0.6486446494995775,0.1212104454005558,0.8482199172743298
MMM,5,0.01,2021-03-01,2021-03-08,121.97048950195312,127.05923461914062,hold_days,0.0417211174437897,0.0407211174437897,3,2021-02-26,0.003051202382824858,0.03766991506096484,27.950000762939453,0.26757377460414955,0.31529415355009194,1.0652509793240104,0.3944420224468445,0.09297432629622547,0.5551713658021377
MMM,5,0.01,2021-08-04,2021-08-11,137.57794189453125,140.39178466796875,hold_days,0.020452717453751657,0.019452717453751656,2,2021-08-02,0.021068513342866746,-0.0016157958891150903,18.040000915527344,-0.06818180026907805,-0.08565629325490742,1.0162357724377191,0.09140956357772083,0.754678109633947,1.163090359845669
MMM,5,0.01,2022-10-10,2022-10-17,79.06550598144531,83.00201416015625,hold_days,0.049787933813194574,0.04878793381319457,3,2022-10-07,0.025472736699195808,0.023315197113998765,31.360000610351562,-0.008222650916543728,0.04812835997278464,1.2015822985219435,0.6580288588827077,0.1171672016369863,0.7665758576703878
MMM,5,0.01,2022-11-21,2022-11-29,94.12955474853516,93.02326965332031,hold_days,-0.01175279218275549,-0.01275279218275549,3,2022-11-18,0.00284306595576167,-0.01559585813851716,23.1200008392334,0.026643000411790796,-0.05824840905365203,0.8672782869619586,0.8484850160650822,0.3524616218844088,0.597392118539895
MMM,5,0.01,2023-07-07,2023-07-14,73.80840301513672,77.60919189453125,hold_days,0.05149534096564934,0.05049534096564934,1,2023-07-06,0.018752576807582244,0.031742764158067094,15.4399995803833,0.14966487189377697,0.16969695480949154,0.8701354911116356,0.3971635565881146,0.29482034056042217,1.415528662201576
MMM,5,0.01,2023-09-15,2023-09-22,77.81507873535156,74.7197265625,hold_days,-0.03977830804976534,-0.040778308049765344,2,2023-09-13,-0.027211389440441658,-0.013566918609323686,12.819999694824219,-0.10972221983067776,-0.07636890568277888,0.9341128578567088,0.2329559004987514,0.4703387373036344,0.769714135404095
MMM,5,0.01,2023-11-10,2023-11-17,71.46266174316406,74.56596374511719,hold_days,0.04342550258072331,0.04242550258072331,1,2023-11-09,0.023739112982642974,0.018686389598080333,15.289999961853027,-0.02362706827358152,-0.26063831062776854,0.8900993703691569,0.821428804202601,0.03205353173767189,0.8189618110382485
MMM,5,0.01,2024-02-16,2024-02-26,72.55255126953125,73.0057601928711,hold_days,0.006246629724379726,0.005246629724379726,2,2024-02-14,0.007750628353589972,-0.002503998629210246,14.010000228881836,0.0953870422726768,0.00936600240411134,1.0797266681075008,0.04762266856405049,0.8758652805396885,0.5669894072302394
MMM,5,0.01,2024-03-06,2024-03-13,73.56230926513672,82.74567413330078,hold_days,0.12483790897679614,0.12383790897679614,2,2024-03-04,0.015034154523812182,0.10880375445298396,14.460000038146973,0.07669394710097222,-0.062256811504355025,1.0193015483264471,0.33522568202320746,0.6153857723719928,1.4951461982864167
MMM,5,0.01,2024-08-09,2024-08-16,118.89769744873047,121.65542602539062,hold_days,0.023194129372011707,0.022194129372011706,2,2024-08-07,0.02931932433234663,-0.007125194960334924,23.790000915527344,0.27972031846463263,0.28873250787633764,1.9161327445077376,0.638461448173055,0.8286513964373293,0.2632707208021031
MMM,5,0.01,2025-05-07,2025-05-14,134.8406524658203,143.82745361328125,hold_days,0.0666475649822218,0.0656475649822218,1,2025-05-06,0.02834795417460212,0.037299610807619676,24.760000228881836,0.024410432384175618,-0.19005559450254328,0.9853818945869923,0.44976272176388804,0.18749954150313183,0.6302431107541682
MMM,5,0.01,2025-06-04,2025-06-11,143.486083984375,143.8477020263672,hold_days,0.002520230756535069,0.001520230756535069,2,2025-06-02,0.01945482574619839,-0.01793459498966332,17.690000534057617,-0.06698304914239728,-0.024806993976395186,0.7553797811513744,0.0446389645776518,0.9269853418459789,0.8533957463586694
MMM,5,0.01,2026-06-18,2026-06-26,159.9000244140625,163.29515075683594,hold_days,0.02123280690678153,0.02023280690678153,1,2026-06-17,0.014094070219402566,0.006138736687378965,18.440000534057617,-0.17011696202101367,0.14819434291778033,0.9186927082753426,0.29870267128173866,0.06629835806677062,0.4839662940529551
MMM,5,0.01,2026-07-09,2026-07-16,154.66294860839844,161.06492614746094,hold_days,0.041393091213281386,0.040393091213281385,1,2026-07-08,0.011278930997386638,0.029114160215894747,16.899999618530273,0.02735555226262565,-0.13288867024133877,0.9214386667099718,0.2730599880631918,0.3890772363439457,0.7136622929137675
ABT,5,0.01,2015-09-11,2015-09-18,35.09718704223633,35.032493591308594,hold_days,-0.001843265981683384,-0.002843265981683384,1,2015-09-10,0.0019340067576305575,-0.004777272739313942,24.3700008392334,-0.06592561530452445,-0.1962400697717196,1.4662470816661566,0.9571444141689454,0.5499988079059652,0.6926163280192685
ABT,5,0.01,2016-01-15,2016-01-25,33.175148010253906,32.45501708984375,hold_days,-0.021706939187960073,-0.022706939187960073,2,2016-01-13,-0.008456935004072741,-0.014250004183887333,23.950000762939453,-0.04161660735110029,0.3851937243931014,1.3848059740560736,0.6752155144306666,0.813558335757931,1.2141211003369345
ABT,5,0.01,2016-03-03,2016-03-10,31.767601013183594,31.939462661743164,hold_days,0.005409966225911944,0.004409966225911944,3,2016-02-29,-0.0004282982758031517,0.004838264501715096,17.09000015258789,-0.175193015495275,-0.23397577043079487,0.8811816403067306,0.9125002980235034,0.5106405428218959,1.0646750413968056
ABT,5,0.01,2016-03-16,2016-03-23,32.88054656982422,33.37154769897461,hold_days,0.014932876134151618,0.013932876134151617,1,2016-03-15,0.0062640333538444,0.007668842780307217,16.84000015258789,-0.09801820654675197,-0.04858760301029175,0.8208472094072963,0.7407423105723514,0.44304035848455636,0.7373111410586576
ABT,5,0.01,2016-06-28,2016-07-06,30.924285888671875,33.616580963134766,hold_days,0.08706086485408959,0.08606086485408959,1,2016-06-27,0.047137002293845987,0.038923862560243605,23.850000381469727,0.2983124274296449,0.1373391112264435,1.3609472520383945,0.9615376150827156,0.23170930270423934,0.8785209429528412
ABT,5,0.01,2016-09-14,2016-09-21,33.80708312988281,34.72659683227539,hold_days,0.027198847616042965,0.026198847616042964,1,2016-09-13,0.018217159390831128,0.007981688225211836,17.850000381469727,0.48502493358396515,0.3794436599928379,1.0750806724181492,0.5306147869615628,0.21052552326456367,0.7595374453863211
ABT,5,0.01,2017-02-09,2017-02-16,35.693321228027344,37.08613967895508,hold_days,0.039021822654991656,0.038021822654991655,1,2017-02-08,0.02111855508451499,0.016903267570476666,11.449999809265137,-0.030482692426800684,0.05920438157310737,0.9322595177747378,0.47826447514636833,0.2666723180604391,0.6945907282706031
ABT,5,0.01,2017-03-08,2017-03-15,38.05944061279297,38.025882720947266,hold_days,-0.0008817232020594812,-0.0018817232020594812,1,2017-03-07,0.008418902065441713,-0.010300625267501196,11.449999809265137,-0.11377710977928046,-0.010371641203479331,0.984678068469169,0.8148179544780244,0.6734708176658846,1.1149967654962745
ABT,5,0.01,2017-05-19,2017-05-26,36.435028076171875,37.743507385253906,hold_days,0.035912674647772924,0.03491267464777292,1,2017-05-18,0.017212804824233263,0.01769986982353966,14.65999984741211,0.38301880375776465,0.4015296170122369,1.020024775410553,0.48387374638528285,0.24999761580057817,0.7023819795471863
ABT,5,0.01,2017-07-07,2017-07-14,40.89232635498047,41.51758575439453,resistance,0.01529038465521082,0.01429038465521082,1,2017-07-06,0.011677942747778003,0.0026124419074328165,12.539999961853027,0.2502492817253843,0.16651162435842104,1.0163344690589842,0.9199981689453143,0.041663686431587604,0.8243080567932366
ABT,5,0.01,2017-08-11,2017-08-18,41.203529357910156,41.3732795715332,hold_days,0.004119797897615296,0.003119797897615296,1,2017-08-10,-0.008828140212247537,0.011947938109862832,16.040000915527344,0.5363986168798716,0.5865481167384186,1.0887784870528723,0.6760565650487298,0.012502682211570196,1.430733874750756
ABT,5,0.01,2017-11-02,2017-11-09,46.378108978271484,47.29936599731445,hold_days,0.019864048779448584,0.018864048779448583,1,2017-11-01,0.0034376275839231862,0.015426421195525397,10.199999809265137,-0.09171859082427691,0.012909644327768532,0.9516805875161107,0.5942005749668311,0.4062497516470796,0.9662823299657394
ABT,5,0.01,2018-06-28,2018-07-06,52.7665901184082,53.5330696105957,hold_days,0.014525848467136449,0.013525848467136448,1,2018-06-27,0.014325114259734484,-0.0007992657925980362,17.90999984741211,0.40031273657777966,0.3840804040336445,1.0563090550455256,0.794118637031719,0.0,1.292636135786139
ABT,5,0.01,2018-08-14,2018-08-21,55.045372009277344,56.01426315307617,hold_days,0.01760168218384517,0.016601682183845168,1,2018-08-13,0.01165446693038752,0.0049472152534576486,14.779999732971191,0.3114462406955407,0.036465602787029594,0.9171198787671795,0.4528343985720091,0.0729164183137402,0.7394358259444965
ABT,5,0.01,2018-09-07,2018-09-14,57.27729415893555,59.189117431640625,hold_days,0.03337837970138868,0.03237837970138868,1,2018-09-06,0.014068823793786711,0.01830955590760197,14.649999618530273,0.19591833620655286,0.19591833620655286,1.028851943413043,0.6753232598464193,0.6224523160762963,1.1232998793340656
ABT,5,0.01,2018-10-26,2018-11-02,58.19032669067383,60.96999740600586,hold_days,0.04776860473920541,0.04676860473920541,2,2018-10-24,0.02479264777139467,0.02197595696781074,24.219999313354492,0.20737786431524619,-0.03042434919171333,1.5088205621187494,0.633506159426082,0.6683407837935235,1.1150068281979422
ABT,5,0.01,2018-11-26,2018-12-03,59.771263122558594,64.51406860351562,hold_days,0.07934925971418894,0.07834925971418893,3,2018-11-23,0.053961140933386664,0.02438811878080227,21.520000457763672,0.07707712466518779,0.2870814199481069,1.1996623588180277,0.43902529796518425,0.3294109199271181,0.4642044083970216
ABT,5,0.01,2019-05-31,2019-06-07,66.70826721191406,70.74774932861328,hold_days,0.060554445281375324,0.05955444528137532,2,2019-05-29,0.04438326913720836,0.015171176144166965,17.299999237060547,0.1728813042074948,0.05231135493100081,1.1623958685810352,0.5760867762426897,0.9027773362579565,0.8560446302654479
ABT,5,0.01,2019-11-25,2019-12-03,74.60881042480469,74.4940185546875,hold_days,-0.00153858330488843,-0.00253858330488843,4,2019-11-21,-0.015293217115874835,0.012754633810986404,12.34000015258789,0.02406638649483228,0.022369549676082512,0.858493325147491,0.6559144195509385,0.7723579252937016,0.7922929046838183
ABT,5,0.01,2020-01-14,2020-01-22,76.0341796875,81.46141815185547,hold_days,0.071378930984215,0.070378930984215,1,2020-01-13,0.00799467617889138,0.06238425480532361,12.319999694824219,-0.11046936061406432,-0.0826508254004864,0.9783505011444964,0.869345519930379,0.38384118617160806,1.9001153550209469
ABT,5,0.01,2020-02-07,2020-02-14,77.92308044433594,79.51045227050781,hold_days,0.020371009681859453,0.019371009681859452,4,2020-02-03,0.012079538139911916,0.007291471541947536,14.960000038146973,-0.03421560624935582,0.15254241646679678,1.2133073143645163,0.10382636682759715,0.26506112694182077,1.484080118279766
ABT,5,0.01,2020-08-14,2020-08-21,89.39017486572266,91.54469299316406,hold_days,0.0241024042147564,0.0231024042147564,3,2020-08-11,-0.004896673857955447,0.027999078072711847,22.1299991607666,-0.022958077992118464,-0.10621975136524486,0.8060560113289503,0.24999767396422148,0.8661428202401816,0.9651936945503035
ABT,5,0.01,2020-10-19,2020-10-26,96.90873718261719,97.7697982788086,hold_days,0.008885278265145402,0.007885278265145401,4,2020-10-15,-0.009937803994926053,0.017823082260071454,27.40999984741211,0.09639999389648435,-0.007962335144290567,1.0321503657543996,0.06832333456540932,0.7350749986477771,1.6592590177878428
ABT,5,0.01,2021-07-01,2021-07-06,105.89988708496094,107.40034484863281,resistance,0.014168643659346891,0.01316864365934689,1,2021-06-30,-0.0023698959651607954,0.015538539624507686,15.829999923706055,-0.030024496340742224,-0.12782367733251143,0.8794788378826783,0.9281782161524164,0.35233170862832486,0.8393977405879608
ABT,5,0.01,2021-07-16,2021-07-23,106.62061309814453,109.6057357788086,hold_days,0.027997613162440205,0.026997613162440204,1,2021-07-15,0.017076205913495013,0.009921407248945191,17.010000228881836,-0.1047368300588507,0.07454202848154678,0.9239609653573295,0.7826115801170948,0.43820667781062994,1.0570385913610023
ABT,5,0.01,2021-11-24,2021-12-02,113.91816711425781,116.93305206298828,hold_days,0.026465356888217828,0.025465356888217827,1,2021-11-23,-0.028367698651120543,0.05383305553933837,19.3799991607666,0.1838728263421494,0.08998866211084278,0.9951874536969606,0.8359380587940797,0.7544931244003872,0.6738683546706133
ABT,5,0.01,2022-04-01,2022-04-08,108.38782501220703,112.65644836425781,hold_days,0.03938286750905862,0.038382867509058616,1,2022-03-31,-0.0030315243760129507,0.041414391885071566,20.559999465942383,-0.05122291677173807,-0.19906507967137133,0.7734166247760286,0.7719300593843821,0.10878753248079855,0.8506417804899428
ABT,5,0.01,2023-04-27,2023-05-04,102.37834167480469,103.64990234375,hold_days,0.012420211620386645,0.011420211620386644,1,2023-04-26,-0.026073600575117317,0.03749381219550396,18.84000015258789,0.14459302554642184,-0.013095861603024117,0.8812669750947278,0.978609167499646,0.41739366960121765,1.0844445642065812
ABT,5,0.01,2023-09-08,2023-09-15,94.63040924072266,95.57923126220703,hold_days,0.010026608033266937,0.009026608033266936,1,2023-09-07,0.00567176382918122,0.0033548442040857163,14.399999618530273,0.03746394090792138,-0.09887359004798446,0.950181095365138,0.9081673167199886,0.09039341025961385,0.5548532562846616
ABT,5,0.01,2023-09-29,2023-10-06,90.9853515625,91.01353454589844,hold_days,0.00030975297577517935,-0.0006902470242248207,2,2023-09-27,-0.007860135875160323,0.007169888850935503,17.34000015258789,-0.011402551453825849,0.352574147064022,1.1773173821578145,0.18226371412678852,0.9259276265828381,1.3983890464480724
ABT,5,0.01,2023-10-13,2023-10-20,85.84003448486328,91.42288208007812,hold_days,0.06503780699434958,0.06403780699434958,1,2023-10-12,-0.011258641396927005,0.07529644839127658,16.690000534057617,-0.0973498788178565,-0.03748556013900983,1.0859821394456304,0.5729738869368733,0.15249375777481605,0.883642817622883
ABT,5,0.01,2024-10-04,2024-10-11,108.01934051513672,111.35657501220703,hold_days,0.03089478681461366,0.02989478681461366,1,2024-10-03,0.00584926272740538,0.02404552408720828,20.489999771118164,0.33311645567216885,0.2547458583495208,1.0349213893265794,0.8971956619392866,0.25581519135572334,0.7060783692327137
ABT,5,0.01,2025-04-29,2025-05-06,126.98181915283203,129.4727783203125,hold_days,0.019616659960450145,0.018616659960450144,4,2025-04-25,0.0037548745110682624,0.014861785449381881,25.149999618530273,-0.2563571896667046,-0.33040472047441183,1.1436852244008378,0.6882575336372734,0.6312501788149552,0.8136369565091045
ABT,5,0.01,2025-10-06,2025-10-13,130.71859741210938,128.41192626953125,hold_days,-0.01764608241095189,-0.018646082410951892,4,2025-10-02,-0.017377366256753124,-0.001268716154198768,16.649999618530273,0.08894700196666472,0.07766989152618087,1.030334787904437,0.1620151734720024,0.6976751063087322,0.6472908845329747
ABT,5,0.01,2025-10-17,2025-10-24,126.19474792480469,124.53558349609375,hold_days,-0.013147650405384348,-0.014147650405384349,1,2025-10-16,0.02115636623306094,-0.03530401663844529,25.309999465942383,0.5404746802085709,0.5219483309207609,1.317219666733966,0.648779108065962,0.17715485889179974,0.7576753742380588
ABT,5,0.01,2026-03-10,2026-03-17,109.082763671875,109.24063873291016,hold_days,0.0014472961237950166,0.0004472961237950166,4,2026-03-06,-0.004790798037898281,0.005238094161693297,25.5,0.18936564201540196,0.21370774498830758,1.3993237093110256,0.28301951977889234,0.9763167246568277,1.3445146747114516
ABT,5,0.01,2026-08-05,2026-08-11,105.70999908447266,109.72000122070312,resistance,0.0379339908330345,0.0369339908330345,1,2026-08-04,0.004990771182474374,0.03194321965056013,16.5,-0.09390440255050547,-0.03225802121240262,0.9892098343653236,0.5898433891132336,0.4251961408609773,1.0383842864516681
ABBV,5,0.01,2015-11-17,2015-11-24,38.918399810791016,39.40180969238281,hold_days,0.012421114021696322,0.011421114021696321,4,2015-11-13,0.02082845539865752,-0.009407341376961198,18.15999984741211,0.09927356805112608,0.28339224996377377,0.8464406850382686,0.32500076293945146,0.3599975585937511,1.1884202672475261
ABBV,5,0.01,2016-05-20,2016-05-27,39.25131607055664,41.23723220825195,hold_days,0.050594893025383,0.049594893025383,1,2016-05-19,0.027129421915260465,0.022465471110122537,16.329999923706055,0.1332408117019348,0.026398496563295737,1.011463772736711,0.647058383541457,0.2620676228861279,0.7423130200902434
ABBV,5,0.01,2016-07-20,2016-07-27,42.06358337402344,43.051979064941406,hold_days,0.02349765787021263,0.02249765787021263,1,2016-07-19,-0.006193094445740566,0.028690752315953194,11.970000267028809,-0.11660515877973321,-0.2317072961717015,0.8043621752676386,0.1403474722597889,0.26136279894403147,0.5158120861964973
ABBV,5,0.01,2016-08-05,2016-08-12,44.13990783691406,44.57109069824219,hold_days,0.009768549198635457,0.008768549198635456,1,2016-08-04,0.0032263571633532884,0.005542192035282167,12.420000076293945,-0.023584920160142353,-0.025117715900565774,0.8283756259477796,0.8750039736783465,0.022218454626367175,0.5388023228878216
ABBV,5,0.01,2017-01-12,2017-01-20,41.43937683105469,41.351478576660156,hold_days,-0.0021211287696937253,-0.0031211287696937253,1,2017-01-11,0.0016131109124040144,-0.00473423968209774,11.260000228881836,-0.049789040809694374,-0.060884033041832986,0.8322440135983247,0.8514839518669277,0.17973823210053666,1.0564297661643565
ABBV,5,0.01,2017-02-13,2017-02-16,40.9186897277832,41.57463073730469,resistance,0.0160303522396541,0.015030352239654099,3,2017-02-10,0.010473254356598849,0.00455709788305525,10.850000381469727,-0.01093891364066335,0.025519892222181983,0.9218197578977887,0.18604176646970924,0.20547644553601774,0.5243055847617302
ABBV,5,0.01,2017-08-18,2017-08-24,48.20920181274414,49.690765380859375,resistance,0.030731966355094897,0.029731966355094896,1,2017-08-17,0.006039718439529551,0.023692247915565345,15.550000190734863,-0.030548671871841404,0.4894636796684575,1.253074233836809,0.505151801164069,0.02352550466291518,1.1068527452296528
ABBV,5,0.01,2018-06-28,2018-07-06,65.26673889160156,68.43721008300781,hold_days,0.0485771350805797,0.0475771350805797,1,2018-06-27,0.014325114259734484,0.03325202082084522,17.90999984741211,0.40031273657777966,0.3840804040336445,1.0563090550455256,0.8999999999999978,0.022222787363988278,1.0042486498372554
ABBV,5,0.01,2018-11-26,2018-12-03,62.17585372924805,67.525390625,hold_days,0.08603881691833504,0.08503881691833504,3,2018-11-23,0.053961140933386664,0.031077675984948372,21.520000457763672,0.07707712466518779,0.2870814199481069,1.1996623588180277,0.5049011358069032,0.44242124391382837,0.7990290474138498
ABBV,5,0.01,2019-01-29,2019-02-05,56.538055419921875,58.1582145690918,hold_days,0.028656081945808154,0.027656081945808153,1,2019-01-28,0.0321356521850058,-0.00447957023919765,18.8700008392334,0.06011245213679839,0.03738319324964268,0.8928571465191444,0.7112968974950744,0.1345027282907909,1.1435828386097637
ABBV,5,0.01,2019-03-26,2019-04-02,58.93910598754883,60.62495422363281,hold_days,0.028603220354922465,0.027603220354922464,1,2019-03-25,0.019769568665960247,0.007833651688962218,16.329999923706055,0.2465648433724661,0.13956734198521592,0.8607364008924393,0.6906471266260473,0.6748468267750115,0.8291306401958545
ABBV,5,0.01,2019-04-22,2019-04-29,57.790531158447266,59.38042449951172,hold_days,0.02751131213356328,0.02651131213356328,4,2019-04-18,0.009688997070809835,0.016822315062753446,12.09000015258789,-0.07142859235624932,-0.10972016049257349,0.8307034626228744,0.4062513411057855,0.5428580770677053,1.0852391458207613
ABBV,5,0.01,2020-01-02,2020-01-09,68.21073150634766,68.71345520019531,hold_days,0.00737015543955688,0.00637015543955688,3,2019-12-30,0.0034483993480793895,0.0029217560914774907,13.779999732971191,0.09278351373105753,0.13509055545871296,0.985838175431146,0.9811351989405174,0.9166701987877846,0.7927804682678946
ABBV,5,0.01,2020-02-19,2020-02-26,72.6757583618164,68.25221252441406,hold_days,-0.060866868638366434,-0.061866868638366435,1,2020-02-18,-0.07856948296508215,0.016702614326715715,14.829999923706055,-0.013962768529229397,-0.1747356432737831,1.0300515654871565,0.6327683859343576,0.2822573202320862,0.8003220654566522
ABBV,5,0.01,2020-08-11,2020-08-18,73.49405670166016,75.85743713378906,hold_days,0.03215743610021082,0.031157436100210822,1,2020-08-10,0.002365467561145085,0.028791968539065738,22.1299991607666,-0.0885503074578351,-0.1054971962206126,0.8017999333060486,0.4655165609955046,0.15131331282092622,0.7003989232050468
ABBV,5,0.01,2021-02-02,2021-02-09,84.14956665039062,85.71920013427734,hold_days,0.018652900381625814,0.017652900381625813,1,2021-02-01,0.034092434605050626,-0.016439534223424812,30.239999771118164,0.3040103093877329,0.24239932545370046,1.296734329054863,0.5359129994941849,0.21675010147477028,0.7999324362413351
ABBV,5,0.01,2021-06-03,2021-06-10,92.3671646118164,95.68450164794922,hold_days,0.035914678663941935,0.034914678663941934,1,2021-06-02,0.004854934593305105,0.03005974407063683,17.479999542236328,-0.07218686832997456,-0.18088100200334167,0.9031154530045635,0.8863611733647766,0.3038682183939519,0.9364563217537527
ABBV,5,0.01,2021-07-20,2021-07-27,96.59307861328125,98.18286895751953,hold_days,0.016458636240419988,0.015458636240419987,1,2021-07-19,0.02032107095971214,-0.004862434719292152,22.5,0.3914656706146935,0.49303254516505457,1.0154410328163601,0.25991315278253624,0.5153371792321483,1.4412669905759374
ABBV,5,0.01,2021-09-21,2021-09-28,89.18524169921875,89.34339141845703,hold_days,0.0017732723063268452,0.0007732723063268452,1,2021-09-20,0.01165917100930014,-0.010885898702973296,25.709999084472656,0.32731016884613484,0.5667275638961797,1.1595155810775741,0.7851233937376277,0.43523514738960456,0.5350443321455188
ABBV,5,0.01,2021-12-01,2021-12-08,97.64619445800781,102.66708374023438,hold_days,0.05141920082083451,0.05041920082083451,1,2021-11-30,0.04214795201148602,0.008271248809348486,27.190000534057617,0.41836204620997286,0.6488781632174578,1.238350349061747,0.08902160452601558,0.10650890245223237,1.8731853906388949
ABBV,5,0.01,2022-05-02,2022-05-09,126.93262481689453,129.5851287841797,hold_days,0.020896944115915916,0.019896944115915915,3,2022-04-29,-0.023712043524831916,0.04360898764074783,33.400001525878906,0.18397740552437414,0.4713656565337443,1.2018391315452555,0.8113552396975041,0.6998999651184059,1.165086351222678
ABBV,5,0.01,2022-07-21,2022-07-28,128.01597595214844,129.7488555908203,hold_days,0.01353643266618243,0.012536432666182429,1,2022-07-20,0.02033595474429495,-0.00779952207811252,23.8799991607666,-0.1096197079608836,-0.10662178938560829,0.877342988824077,0.9505512471180142,0.11254213338436042,0.6563575411975152
ABBV,5,0.01,2022-12-19,2022-12-27,141.3445587158203,142.65745544433594,hold_days,0.009288625897196923,0.008288625897196922,3,2022-12-16,0.015177021444813699,-0.006888395547616777,22.6200008392334,-0.009198383056260973,0.1867786711984043,0.8699363518250169,0.6589903876579528,0.0,0.772242732237356
ABBV,5,0.01,2023-06-29,2023-07-07,118.80137634277344,120.82553100585938,hold_days,0.017038141521573902,0.0160381415215739,1,2023-06-28,-0.006125564968761488,0.02216370649033539,13.430000305175781,0.017424280245004642,-0.08076655573103775,0.8185935977082004,0.6179728084763508,0.7013546542938776,0.7532912357081344
ABBV,5,0.01,2024-03-04,2024-03-11,162.76409912109375,165.1359405517578,hold_days,0.014572264052525874,0.013572264052525873,4,2024-02-29,0.004129395130811453,0.00944286892171442,13.109999656677246,-0.04654547951438215,-0.06423986848688445,1.0103372920396292,0.20810943447582084,0.9186050637852445,1.2930551711115585
ABBV,5,0.01,2024-04-29,2024-05-06,149.87393188476562,150.99668884277344,hold_days,0.007491342516262822,0.006491342516262822,3,2024-04-26,0.008755861441678059,-0.0022645189254152367,15.029999732971191,-0.1966862389937517,-0.1317157598679951,1.078081292728696,0.9899669818783132,0.20081535645013543,0.9073697662166486
ABBV,5,0.01,2025-02-11,2025-02-19,182.7755889892578,188.03504943847656,hold_days,0.02877550814254448,0.02777550814254448,1,2025-02-10,0.008968158310524554,0.018807349832019926,15.8100004196167,-0.1509130125115714,-0.11675973427116637,1.0059217007788706,0.9727545246282006,0.5274238512499944,0.8274696003130315
ABBV,5,0.01,2025-03-27,2025-04-03,193.15159606933594,192.12257385253906,hold_days,-0.005327536700382662,-0.006327536700382662,1,2025-03-26,-0.050193958743088074,0.04386642204270541,18.329999923706055,-0.07889445853869681,-0.24349978250085136,0.9989327457596922,0.5966404872575769,0.7254909632384597,0.5227115709653674
ABBV,5,0.01,2025-08-08,2025-08-15,192.09080505371094,200.4708251953125,hold_days,0.04362530595495406,0.04262530595495406,2,2025-08-06,0.009618131860442691,0.03300717409451137,16.56999969482422,-0.008971269419279615,0.07667312054436892,1.0082996964012334,0.2852673873529168,0.7087085023025619,0.6463459379216386
ABBV,5,0.01,2026-01-21,2026-01-28,212.85646057128906,215.3380584716797,hold_days,0.011658550995963246,0.010658550995963245,1,2026-01-20,0.0021176407384249085,0.008540910257538337,20.09000015258789,0.32870372385224633,0.34832219241154294,0.9880468685118523,0.7122848816789913,1.0,1.075067644598773
ABBV,5,0.01,2026-02-20,2026-02-27,221.38450622558594,228.54373168945312,hold_days,0.032338421445681886,0.031338421445681885,1,2026-02-19,-0.005005296778527235,0.03634371822420912,20.229999542236328,0.14617563623046093,0.0853004401636881,1.2084362182235477,0.47485923987400697,0.2094494092316994,0.596651591195956
ABBV,5,0.01,2026-03-24,2026-03-31,202.0733184814453,214.17604064941406,hold_days,0.05989272734727735,0.05889272734727735,1,2026-03-23,0.004584301432678517,0.054308425914598835,26.149999618530273,0.1122926143745937,0.025490181118834165,1.2946459563977644,0.8076011395185304,0.31666544219455595,0.7634020217047718
ABBV,5,0.01,2026-04-10,2026-04-17,204.7715606689453,206.9072723388672,hold_days,0.010429727951210443,0.009429727951210443,3,2026-04-07,0.019969813494258082,-0.01054008554304764,19.489999771118164,-0.2057865100246945,-0.23055665890951316,1.0687831651663642,0.029921615555778793,0.7672949335585336,1.2391412923829432
ABBV,5,0.01,2026-08-05,2026-08-12,246.1999969482422,248.75999450683594,hold_days,0.010398040578091239,0.009398040578091238,1,2026-08-04,0.006517424107189029,0.0028806164709022086,16.5,-0.09390440255050547,-0.03225802121240262,0.9892098343653236,0.43416333390350054,0.3119474179925259,0.9493845114421225
ABBV,5,0.01,2026-08-21,2026-08-28,264.9599914550781,255.47999572753906,hold_days,-0.03577897053618495,-0.03677897053618495,1,2026-08-20,-0.0038069213475111496,-0.0329720491886738,16.010000228881836,0.0943267329901627,0.056765718284222055,0.8996575278480772,0.7210671206578042,0.24770277458913123,1.3293375719840186
ACN,5,0.01,2015-08-07,2015-08-14,85.86402893066406,85.62400817871094,hold_days,-0.0027953586029249022,-0.0037953586029249023,1,2015-08-06,0.007606804253084798,-0.011402162856009701,13.770000457763672,0.13520200559357898,0.08939874080287158,0.9005660330039177,0.9249969800428458,0.053762602853224435,0.8615704129888355
ACN,5,0.01,2015-09-10,2015-09-17,80.12818908691406,81.55179595947266,hold_days,0.017766617326324674,0.016766617326324673,1,2015-09-09,0.020730663722881015,-0.003964046396556342,26.229999542236328,-0.16464968595868845,-0.2717934700474782,1.4993973833930183,0.7249984741210924,0.07539486710606304,1.053819983529291
ACN,5,0.01,2016-02-10,2016-02-18,78.81401062011719,82.4196548461914,hold_days,0.045748772302089735,0.044748772302089734,1,2016-02-09,0.03861811570881213,0.006130656593277606,26.540000915527344,0.20746139528022312,0.17955559624565964,1.182940918080481,0.049690559457135755,0.5217385895987295,0.6208234095451528
ACN,5,0.01,2016-09-15,2016-09-22,93.52527618408203,96.00870513916016,hold_days,0.026553559170358287,0.025553559170358287,1,2016-09-14,0.016272990575658453,0.009280568594699834,18.139999389648438,0.5192629838489577,0.38262191675891444,1.164321491336256,0.7297305258692781,0.22666761610243172,1.6028434755092893
ACN,5,0.01,2016-10-11,2016-10-18,98.80462646484375,99.27767181396484,hold_days,0.004787684201097653,0.0037876842010976528,4,2016-10-07,-0.0018734080009354948,0.0056610922020331475,13.380000114440918,-0.01400144323184982,-0.07724137141786769,1.0099876848968803,0.6178862292905836,0.6749985694939797,0.5628661144535686
ACN,5,0.01,2016-12-05,2016-12-12,100.47257232666016,105.49960327148438,hold_days,0.05003386325653292,0.04903386325653292,3,2016-12-02,0.029692269407783467,0.01934159384874945,14.119999885559082,0.14424632989959063,0.05767786382674123,0.9099111091673473,0.3333333333333333,0.5384623849172903,0.8819778059445269
ACN,5,0.01,2017-02-02,2017-02-09,96.99031829833984,99.84098815917969,hold_days,0.029391282664639196,0.028391282664639195,1,2017-02-01,0.014157636225218706,0.014233646439420489,11.8100004196167,0.09250693442946778,-0.05368582910216757,0.8913435232535497,0.8773607992168999,0.3658544149709915,0.7034830785103735
ACN,5,0.01,2017-05-19,2017-05-26,104.326171875,105.9732437133789,hold_days,0.015787714710287393,0.014787714710287392,1,2017-05-18,0.017212804824233263,-0.0024250901139458714,14.65999984741211,0.38301880375776465,0.4015296170122369,1.020024775410553,0.7745132505067487,0.6111116343907718,0.8057734320731417
ACN,5,0.01,2017-06-23,2017-06-30,105.84391021728516,106.65447998046875,hold_days,0.007658161546749254,0.006658161546749254,1,2017-06-22,-0.0033159151496807704,0.009974076696430023,10.479999542236328,-0.03853211843970472,0.03149603342816265,0.9168835518650803,0.5368399073230046,0.6208336379791026,1.03824186431823
ACN,5,0.01,2017-07-28,2017-08-04,110.72474670410156,112.2769775390625,hold_days,0.014018824889336479,0.013018824889336478,1,2017-07-27,0.006016240069553813,0.0070025848197826646,10.109999656677246,0.05532356338121547,0.021212125882702715,0.9067490710876737,0.8934387272681777,0.3245639865615533,0.917859395256795
ACN,5,0.01,2018-04-12,2018-04-19,131.8357391357422,135.78834533691406,hold_days,0.029981295110744988,0.028981295110744987,1,2018-04-11,0.009228927483210025,0.01975236762753496,20.239999771118164,0.008973096209767384,-0.10044445461697049,1.0837289675859363,0.527271466222776,0.14034586761371468,0.6258916002018502
ACN,5,0.01,2018-11-26,2018-12-03,140.40667724609375,147.8702392578125,hold_days,0.05315674552028038,0.05215674552028038,3,2018-11-23,0.053961140933386664,-0.0018043954131062856,21.520000457763672,0.07707712466518779,0.2870814199481069,1.1996623588180277,0.48571117166212135,0.6412197735638082,0.6544793417458383
ACN,5,0.01,2019-06-28,2019-07-08,165.1377716064453,170.08917236328125,hold_days,0.02998345386805923,0.028983453868059228,1,2019-06-27,0.011010150918696171,0.017973302949363057,15.819999694824219,0.07254235219147254,0.0,1.0360231303885794,0.7224355999071695,0.9785154853014852,1.1626316251086177
ACN,5,0.01,2019-08-26,2019-08-27,174.70086669921875,176.2113037109375,resistance,0.008645847271721019,0.007645847271721019,3,2019-08-23,-0.0020891231321658044,0.009734970403886822,19.8700008392334,0.07579867774367766,0.10573186413351232,1.0956983222969536,1.0,0.19496746703518414,0.585285844173952
ACN,5,0.01,2019-09-25,2019-10-02,170.58961486816406,165.2093048095703,hold_days,-0.03153949355446861,-0.03253949355446861,1,2019-09-24,-0.03510578508700046,0.0025662915325318503,17.049999237060547,0.18074790391427187,0.12171049019801594,0.944976763795467,0.6565327693599227,0.059113436261316925,1.0750421933714467
ACN,5,0.01,2019-10-23,2019-10-30,165.218994140625,167.47189331054688,hold_days,0.013635836373657728,0.012635836373657727,1,2019-10-22,0.010899408354900997,0.0017364280187567305,14.460000038146973,0.06794683005065805,-0.28698227078123506,0.8238056155532061,0.7317106886138347,0.06585868309079192,1.1232666723408264
ACN,5,0.01,2021-06-07,2021-06-14,259.0350036621094,262.2662353515625,hold_days,0.012474112161567241,0.01147411216156724,4,2021-06-03,-0.0014950265655315764,0.012969138727098817,16.420000076293945,-0.019115872114665144,-0.20561199730590463,0.9165880241654444,0.3542332344781348,0.8805363508696209,0.9367291185672484
ACN,5,0.01,2021-08-03,2021-08-10,293.2093811035156,294.73748779296875,hold_days,0.005211656883903126,0.004211656883903126,1,2021-08-02,0.00615300455813883,-0.0019413476742357041,19.459999084472656,0.10693965693546348,-0.13511115180121525,1.032142390366947,0.7365815897401479,0.14536039894756123,1.1943655978315784
ACN,5,0.01,2021-10-21,2021-10-28,320.4853820800781,328.97943115234375,hold_days,0.026503702032011134,0.025503702032011133,1,2021-10-20,0.004345935518855315,0.021157766513155818,15.489999771118164,-0.1689914013773841,-0.2623809632800874,0.8650638934264064,0.8633075360886873,0.0472239629026213,0.617858398429916
ACN,5,0.01,2022-01-10,2022-01-18,344.3795471191406,322.38995361328125,hold_days,-0.0638527859444914,-0.0648527859444914,3,2022-01-07,-0.011388896235862256,-0.05346388970862914,18.760000228881836,0.08943095104150434,0.044543495834630686,0.962618545606294,0.9718634761278153,0.06192760035195895,1.769040827758283
ACN,5,0.01,2022-03-24,2022-03-31,301.1090087890625,312.1614685058594,hold_days,0.03670584205117389,0.035705842051173886,1,2022-03-23,-0.0010980001917203497,0.036803842242894236,23.56999969482422,-0.11623548453699528,-0.2736517984386897,0.9432707205601412,0.9760139186838108,0.030477785012244248,0.580540252777113
ACN,5,0.01,2022-09-29,2022-10-06,240.63584899902344,251.0711212158203,hold_days,0.04336540985146087,0.04236540985146087,2,2022-09-27,0.03233988041836233,0.010025529433098535,30.18000030517578,0.07824224908774013,0.15366974316558912,1.2475052694199984,0.47601378362856267,0.7682291045784336,0.8229174849834746
ACN,5,0.01,2023-01-26,2023-02-02,257.7202453613281,276.36376953125,hold_days,0.07234016149481515,0.07134016149481515,1,2023-01-25,0.01808805022714055,0.053252111267674596,19.079999923706055,-0.06194691344294434,-0.0728862976462965,0.8892033132210645,0.5247707635545946,0.9270708770129755,1.0134005479538473
ACN,5,0.01,2023-08-08,2023-08-15,298.3862609863281,291.04852294921875,hold_days,-0.024591407167522283,-0.025591407167522284,4,2023-08-04,-0.012593199683281653,-0.012998207484240631,15.770000457763672,0.15700662695192746,0.13371679588462437,1.0524020090167288,0.9735925898066867,0.9362723832034314,1.0572872582901993
ACN,5,0.01,2024-09-20,2024-09-27,323.4777526855469,336.4468994140625,hold_days,0.0400928552917299,0.0390928552917299,1,2024-09-19,0.00560574762686894,0.03348710766486096,16.329999923706055,-0.04335089539237302,-0.179396973028077,1.0063676742571015,0.9709811241067775,0.36932288370734856,0.6386250012357254
ACN,5,0.01,2024-10-08,2024-10-11,346.72210693359375,348.4811706542969,resistance,0.005073410911869081,0.004073410911869081,1,2024-10-07,0.013878572227346675,-0.009805161315477595,22.639999389648438,0.353257621585213,0.4247953996528482,1.1093123206986066,0.9137416637416744,0.1544687206919351,0.4330750917884365
ACN,5,0.01,2025-01-15,2025-01-23,337.8453369140625,352.4068298339844,hold_days,0.04310106231723987,0.04210106231723987,1,2025-01-14,0.029124245750089095,0.012976816567150773,18.709999084472656,0.1664587292112092,0.17304070897883483,1.100465634341823,0.10912244776237821,0.4876622772632472,0.8873088291121907
ACN,5,0.01,2025-08-27,2025-09-04,251.92861938476562,247.83302307128906,hold_days,-0.016256971214617888,-0.01725697121461789,1,2025-08-26,0.0020200080679693144,-0.019276979282587203,14.619999885559082,-0.061014760943183255,-0.007467729809619961,0.9022878110414999,0.5894698519097563,0.640225294153239,0.4984109206259772
ACN,5,0.01,2026-03-27,2026-04-06,188.71131896972656,194.93310546875,hold_days,0.03296986387987433,0.03196986387987433,2,2026-03-25,0.02389392831591408,0.008075935563960246,27.440000534057617,0.1404821755253869,0.0054965047086139585,1.3354363042577333,0.4421265063380592,0.8222879453257299,0.6680940486494135
ADBE,5,0.01,2015-07-09,2015-07-16,80.47000122070312,82.5199966430664,hold_days,0.025475275149317023,0.024475275149317022,1,2015-07-08,0.037254179240817864,-0.012778904091500842,19.65999984741211,0.07844214706987085,0.6234517262411252,1.159837491100723,0.04761731759006963,0.5267847411444142,0.988222169846168
ADBE,5,0.01,2016-02-11,2016-02-19,74.94000244140625,80.87000274658203,hold_days,0.07912997213754158,0.07812997213754158,2,2016-02-09,0.05123299416970717,0.026896977967834412,26.290000915527344,0.21431877038120994,0.13760277893508044,1.220924517068449,0.6974373019288704,0.4393524678321204,0.5491824295870564
ADBE,5,0.01,2016-03-10,2016-03-16,84.8499984741211,88.16999816894531,resistance,0.03912786982355465,0.03812786982355465,2,2016-03-08,0.0220085655439739,0.01611930427958075,18.34000015258789,0.07314218776122816,-0.11486482816785815,0.8214519462888453,0.43003481399121446,0.9901939884885952,1.2493278075324412
ADBE,5,0.01,2016-05-05,2016-05-12,93.5,95.95999908447266,hold_days,0.026310150636071228,0.025310150636071227,1,2016-05-04,0.011518895383309635,0.013791255252761592,16.049999237060547,0.16557724789409045,0.20858430420085639,0.9170681511187662,0.44615420730776906,0.37500183400090964,0.7939189409355939
ADBE,5,0.01,2016-08-03,2016-08-10,96.66999816894531,100.62000274658203,hold_days,0.040860708104426546,0.039860708104426545,1,2016-08-02,0.01125069117184907,0.028610016932577476,13.369999885559082,0.024521049053425337,0.11695902984952733,0.8292730855396927,0.9902891766169891,0.28507020081541345,0.722715258731582
ADBE,5,0.01,2016-09-14,2016-09-21,98.79000091552734,107.77999877929688,hold_days,0.09100109100572462,0.09000109100572462,1,2016-09-13,0.018217159390831128,0.07178393161489349,17.850000381469727,0.48502493358396515,0.3794436599928379,1.0750806724181492,0.28302036174669093,0.43902239325336717,0.8541300057289289
ADBE,5,0.01,2016-12-02,2016-12-09,99.7300033569336,104.30999755859375,hold_days,0.045923935099734914,0.04492393509973491,1,2016-12-01,0.0361973605739081,0.008726574525826813,14.069999694824219,0.13193880526016977,0.02551016187926103,0.8875448172974871,0.8046521530845797,0.15802471926622097,1.171654340989332
ADBE,5,0.01,2017-06-13,2017-06-20,139.08999633789062,140.91000366210938,hold_days,0.01308510584612721,0.012085105846127209,1,2017-06-12,0.0007161158636495024,0.011368989982477706,11.460000038146973,0.13803380193121417,0.16819567257416512,0.9051463541696901,0.5649703876757558,0.813172186354053,0.6541268395707893
ADBE,5,0.01,2017-07-28,2017-08-04,146.72999572753906,147.7100067138672,hold_days,0.00667900916556885,0.00567900916556885,1,2017-07-27,0.006016240069553813,-0.00033723090398496327,10.109999656677246,0.05532356338121547,0.021212125882702715,0.9067490710876737,0.8138654222053918,0.3152708248771028,1.3514651005820981
ADBE,5,0.01,2017-09-26,2017-10-03,145.39999389648438,148.60000610351562,hold_days,0.022008337973586478,0.021008337973586477,1,2017-09-25,0.01623000675038888,0.004778331223197596,10.210000038146973,0.005911371612976168,-0.04846221120909555,0.8965944719240404,0.6025052511954849,0.1302540134379648,1.0941081018964978
ADBE,5,0.01,2017-11-01,2017-11-08,176.25,184.05999755859375,hold_days,0.04431204288563828,0.04331204288563828,1,2017-10-31,0.009502157378742382,0.0338098855068959,10.180000305175781,-0.08781358025408759,-0.012609127948585597,0.9694143526689984,0.6919639511992425,0.2895936037118356,0.5744578703281638
ADBE,5,0.01,2018-06-28,2018-07-06,239.80999755859375,248.19000244140625,hold_days,0.03494435164557719,0.03394435164557719,1,2018-06-27,0.014325114259734484,0.019619237385842703,17.90999984741211,0.40031273657777966,0.3840804040336445,1.0563090550455256,0.6263925759535316,0.02275744861649583,1.025865930212235
ADBE,5,0.01,2018-09-06,2018-09-13,259.75,268.5199890136719,hold_days,0.03376319158295238,0.03276319158295238,1,2018-09-05,0.013699052244952048,0.01906413933800033,13.90999984741211,0.11279998779296885,0.08164853956194906,0.9954929211483489,0.8986374141505478,0.13769534712400971,0.982359321141694
ADBE,5,0.01,2018-11-02,2018-11-09,239.63999938964844,244.83999633789062,hold_days,0.021699202810408602,0.0206992028104086,3,2018-10-30,0.025245585493281597,-0.004546382682872996,19.34000015258789,-0.20148634595855885,-0.035892289756881524,1.4579064926132315,0.1902788713858991,0.6254116853163053,0.8697999608723171
ADBE,5,0.01,2019-12-12,2019-12-19,305.9599914550781,327.6300048828125,hold_days,0.07082629766289572,0.06982629766289572,1,2019-12-11,0.010460950561838045,0.059365347101057675,14.989999771118164,0.012837809319911075,0.2989601231082808,1.0331254147165445,0.8941985209873972,0.5794827653664071,1.2442185258228975
ADBE,5,0.01,2020-03-16,2020-03-23,286.0299987792969,307.2699890136719,hold_days,0.07425791114576041,0.07325791114576041,4,2020-03-12,-0.08009831794596789,0.1533562290917283,57.83000183105469,0.37887467154627763,0.441785114711017,2.733990411955566,0.11651301282608807,0.9868421052631579,1.3243683212702149
ADBE,5,0.01,2020-11-19,2020-11-27,466.4100036621094,477.0299987792969,hold_days,0.022769655525830323,0.021769655525830323,1,2020-11-18,0.02718208355596108,-0.005412428030130756,23.84000015258789,0.016631103495092114,-0.19377746369200255,0.843194743631512,0.606960495535055,0.0243046112003956,0.8072725111030417
ADBE,5,0.01,2021-08-11,2021-08-18,626.030029296875,626.77001953125,hold_days,0.0011820363237304843,0.00018203632373048426,1,2021-08-10,-0.016059450340662362,0.016241486664392846,16.790000915527344,-0.06929046211544831,-0.1327479139360187,0.9637091010493942,0.7591050933516686,0.0897648466673395,0.6097527181806708
ADBE,5,0.01,2022-04-08,2022-04-18,445.3399963378906,425.4700012207031,hold_days,-0.0446175849476399,-0.0456175849476399,2,2022-04-06,-0.011972682371889198,-0.0336449025757507,21.549999237060547,0.04815174109114628,-0.005537648306917831,0.7982516187119689,0.17844200144294958,0.7889174515815389,0.861281569007116
ADBE,5,0.01,2022-04-25,2022-05-02,413.95001220703125,407.2900085449219,hold_days,-0.016088907997853785,-0.017088907997853786,3,2022-04-22,-0.03147801202535605,0.014389104027502264,28.209999084472656,0.24273119543365618,0.30904872775858827,0.9032943665185361,0.9895266199434403,0.039854353854271524,0.8725106096726161
ADBE,5,0.01,2023-02-08,2023-02-15,378.3599853515625,375.94000244140625,hold_days,-0.006395980029198056,-0.007395980029198056,2,2023-02-06,0.006340050204629355,-0.013736030233827412,18.65999984741211,-0.038144318848921,-0.02812504656612691,0.8794762119297934,0.22970433755959235,0.9080463226045691,1.1598037742401925
ADBE,5,0.01,2023-06-28,2023-07-06,482.42999267578125,481.2900085449219,hold_days,-0.0023630042662490247,-0.0033630042662490247,2,2023-06-26,0.0026951737492040273,-0.006058178015453052,13.739999771118164,-0.010086479983317576,-0.08461028903383838,0.8115106077153399,0.21794671153018505,0.8589859703205337,0.6198196530750417
ADBE,5,0.01,2024-02-07,2024-02-14,615.8499755859375,604.6599731445312,hold_days,-0.01817001361534476,-0.01917001361534476,1,2024-02-06,0.00041961247558641723,-0.019589626090931178,13.0600004196167,-0.018782869430382765,0.04063746781919164,1.039740121203532,0.5550120941621153,0.11335600322681845,0.6868706959206381
ADBE,5,0.01,2024-04-17,2024-04-24,474.45001220703125,477.1199951171875,hold_days,0.005627532598715845,0.004627532598715845,2,2024-04-15,0.022484180803633347,-0.017856648204917502,18.399999618530273,0.22830441794415313,0.2594113655656982,1.2059558409615707,0.21128602673681202,0.736891867910641,0.8366767226656803
ADBE,5,0.01,2025-10-03,2025-10-10,346.739990234375,337.510009765625,hold_days,-0.02661931340111967,-0.02761931340111967,2,2025-10-01,-0.025859018223949426,-0.0017602951771702458,16.6299991607666,-0.0065711237667606115,0.05923562820380668,1.0141642667931063,0.0684701846119456,0.973147146556528,0.8256860837466771
ADBE,5,0.01,2025-12-10,2025-12-16,343.1300048828125,347.8900146484375,resistance,0.01387232156293261,0.01287232156293261,2,2025-12-08,-0.0038347588497498197,0.01670708041268243,16.93000030517578,0.020494282667915087,-0.17495127058974436,0.8939416199813845,0.34829869833295274,0.6279574197189753,0.8272958349586368
ADBE,5,0.01,2026-01-06,2026-01-13,335.989990234375,309.92999267578125,hold_days,-0.07756182718543247,-0.07856182718543248,1,2026-01-05,0.011273990155626024,-0.0898358173410585,14.899999618530273,0.0955881765144524,-0.11677540739189707,0.820402180619215,0.9405791268426663,0.5860591511510295,1.0426945238174612
ADBE,5,0.01,2026-05-14,2026-05-21,237.00999450683594,244.10000610351562,hold_days,0.02991439922789918,0.02891439922789918,1,2026-05-13,0.012996312309104585,0.015918086918794594,17.8700008392334,0.02760215448142489,-0.04997334680476506,0.8210194318243964,0.8107675405649039,0.5176295100808177,0.8464781636478242
GOOG,5,0.01,2015-12-15,2015-12-22,36.82123947143555,37.14814758300781,hold_days,0.008878248431204216,0.007878248431204216,4,2015-12-11,-0.0026648042456000054,0.010543052676804221,22.729999542236328,0.4349747047523085,0.4091754944118702,1.1655517471932422,0.025875205670171823,0.9609117991507029,0.8608950620805836
GOOG,5,0.01,2016-02-10,2016-02-18,33.88505172729492,34.540348052978516,hold_days,0.0193388025775314,0.0183388025775314,1,2016-02-09,0.03861811570881213,-0.02027931313128073,26.540000915527344,0.20746139528022312,0.17955559624565964,1.182940918080481,0.10375662301707358,0.3000316155548515,0.7757291339385567
GOOG,5,0.01,2017-02-02,2017-02-09,39.551876068115234,40.098201751708984,hold_days,0.013812889245832016,0.012812889245832015,1,2017-02-01,0.014157636225218706,-0.0013447469793866906,11.8100004196167,0.09250693442946778,-0.05368582910216757,0.8913435232535497,0.6102804338060714,0.4505004882812472,0.9244456785234757
GOOG,5,0.01,2017-03-27,2017-04-03,40.59103775024414,41.53410720825195,hold_days,0.023233440440978637,0.022233440440978636,3,2017-03-24,0.008878563619817648,0.013354876821160988,12.960000038146973,0.14893620079308834,0.11149229912068948,1.0658733638318172,0.883896414276044,0.4248470026562444,2.017684295234259
GOOG,5,0.01,2017-06-20,2017-06-27,47.08552169799805,45.931453704833984,hold_days,-0.024510039424988084,-0.025510039424988085,4,2017-06-16,-0.010656641036243641,-0.014853398388744443,10.369999885559082,-0.09511345104359514,0.029791479625273176,0.9081928591604377,0.05340561853130131,0.7605113220310666,0.623436822501852
GOOG,5,0.01,2017-09-19,2017-09-26,45.658042907714844,45.80911636352539,hold_days,0.0033088027035215184,0.0023088027035215184,1,2017-09-18,-0.0019484373411531308,0.004257240044674649,10.149999618530273,-0.0540540492497702,0.001974284685431149,0.9360357393723675,0.9381995547585249,0.38327651175309463,0.8991779871999142
GOOG,5,0.01,2017-10-24,2017-10-31,48.071685791015625,50.35505676269531,hold_days,0.04749929057213209,0.04649929057213209,1,2017-10-23,-0.00025933386039023176,0.04675862443252232,11.069999694824219,0.11705346773693748,0.07163598998872756,0.9457775129436957,0.8495115290025366,0.09957321108934038,0.9551357866704692
GOOG,5,0.01,2017-12-05,2017-12-12,49.785945892333984,51.535865783691406,hold_days,0.03514887304023029,0.03414887304023029,1,2017-12-04,0.014156691523376619,0.01999218151685367,11.680000305175781,0.18338403653529256,0.021872265382774758,1.0697373527839111,0.5218062323748411,0.15148407044456788,2.1123534251762925
GOOG,5,0.01,2018-03-02,2018-03-09,53.43983840942383,57.45778274536133,hold_days,0.07518631147711252,0.07418631147711252,1,2018-03-01,0.03779330026134686,0.03639301121576566,22.469999313354492,0.20032052016822566,0.16666661715086684,1.277485237672303,0.9091312336194409,0.05841969393225933,1.384849207554692
GOOG,5,0.01,2018-05-02,2018-05-09,50.73843002319336,53.63003921508789,hold_days,0.05699051371066721,0.05599051371066721,2,2018-04-30,0.029505244928720975,0.026485268781946236,15.489999771118164,-0.14039959058688545,0.01573768990938773,0.8127165867425787,0.08619270549810007,0.9616664649642986,0.7144919925714982
GOOG,5,0.01,2018-09-19,2018-09-26,58.00510025024414,58.47068786621094,hold_days,0.008026666861330689,0.007026666861330689,2,2018-09-17,0.004463913796096897,0.0025627530652337924,12.789999961853027,-0.032526497465224624,-0.028115493149632687,0.9645963302218316,0.8862060633858481,0.21748370870931133,0.8599799611261792
GOOG,5,0.01,2018-10-15,2018-10-22,54.10007858276367,54.54139709472656,hold_days,0.008157446782406153,0.0071574467824061525,4,2018-10-11,0.0003898184864279397,0.006767628295978213,21.309999465942383,0.43792172096904647,0.758250797620315,1.5097454506582821,0.1329450904755655,0.8279612634724168,0.8442295976612716
GOOG,5,0.01,2019-07-22,2019-07-29,56.369590759277344,61.389041900634766,hold_days,0.08904537133846979,0.08804537133846979,3,2019-07-19,0.012171308837581662,0.07587406250088813,14.449999809265137,0.16626306770463994,0.08810241715510769,0.8769300759086822,0.9213831522982175,0.022306756905277753,1.0513033933211093
GOOG,5,0.01,2019-10-03,2019-10-10,58.8342399597168,59.86646270751953,hold_days,0.01754459220531257,0.01654459220531257,1,2019-10-02,0.011637741719151551,0.0049068504861610185,20.559999465942383,0.2882205148371346,0.47383510731570766,1.0858647490819517,0.9538111131802484,0.20786460127582423,1.184791141603254
GOOG,5,0.01,2019-12-31,2020-01-08,66.2237548828125,69.55718231201172,hold_days,0.05033582639791345,0.04933582639791345,1,2019-12-30,0.0069783102065503755,0.042357516191363076,14.819999694824219,0.18465223210862036,0.17339663978936115,0.9648753963969944,0.8900660664772624,0.11169887770524722,0.6891034024964001
GOOG,5,0.01,2020-06-12,2020-06-19,69.99601745605469,70.91432189941406,hold_days,0.013119381312457046,0.012119381312457045,1,2020-06-11,0.012119913426743345,-5.321142863001782e-07,40.790000915527344,0.5803952638337648,0.426722654698382,0.7374050999535571,0.5327564635949505,0.03506542599592719,1.9056594722396805
GOOG,5,0.01,2020-08-05,2020-08-12,72.98917388916016,74.62419128417969,hold_days,0.022400820668314836,0.021400820668314835,1,2020-08-04,0.027830353268977204,-0.006429532600662369,23.760000228881836,-0.06603774645864069,-0.04347825753107082,0.8365856900412919,0.5356185230813868,0.2348531671552645,0.5475197542770253
GOOG,5,0.01,2021-03-29,2021-04-06,101.83297729492188,110.19377899169922,hold_days,0.08210308604218985,0.08110308604218985,3,2021-03-26,0.013811999599623537,0.06729108644256632,18.860000610351562,-0.0997613401659202,-0.08844851988735858,0.8483213381929285,0.9420694325634479,0.5823630652903361,1.0788285757030216
GOOG,5,0.01,2021-05-13,2021-05-20,112.0373306274414,116.69915771484375,hold_days,0.04160958728037123,0.04060958728037123,1,2021-05-12,0.0024885817044231207,0.03812100557594811,27.59000015258789,0.4407311071636131,0.5966434639039253,1.0246061527616095,0.5681672836670539,0.16323215049166398,0.8865411646141671
GOOG,5,0.01,2021-11-11,2021-11-18,145.37109375,149.29493713378906,hold_days,0.026991909344350473,0.025991909344350472,1,2021-11-10,0.005383821434569391,0.02060808790978108,18.729999542236328,0.2403972893418751,0.10306242916244024,0.9296141427591786,0.0295934904449982,0.385484483506942,0.6366672063080727
GOOG,5,0.01,2022-02-14,2022-02-22,134.03048706054688,128.1883087158203,hold_days,-0.04358842881834357,-0.04458842881834357,3,2022-02-11,-0.023417892397201046,-0.021170536421142527,27.360000610351562,0.17829463477270813,-0.01084595946187672,1.0430974857268016,0.6975038353362333,0.14037396403917807,0.6648732646002896
GOOG,5,0.01,2022-03-08,2022-03-15,126.08426666259766,128.4439239501953,hold_days,0.01871492256771501,0.017714922567715008,1,2022-03-07,0.018740201895665276,-0.001025279327950268,36.45000076293945,0.20895526448156843,0.31351354100682705,1.3705515380678102,0.2632415479330584,0.009919317881990923,1.3706234949351952
GOOG,5,0.01,2023-02-27,2023-03-06,89.25460815429688,94.68318939208984,hold_days,0.06082129931497127,0.059821299314971266,3,2023-02-24,0.019644310475172455,0.04017698883979881,21.670000076293945,0.0743678727975301,0.04635446809560939,1.0420979159438806,0.5833333333333276,0.38582610941902473,0.42183439721698934
GOOG,5,0.01,2023-12-06,2023-12-13,130.19680786132812,132.71299743652344,hold_days,0.019326046594593027,0.018326046594593026,2,2023-12-04,0.029945508665109477,-0.01161946207051645,12.850000381469727,0.012608416578181902,-0.041759841335900716,0.7966712654878423,0.059997558593746364,0.6981641382182824,0.8580561836133581
GOOG,5,0.01,2024-02-01,2024-02-08,141.37098693847656,145.83868408203125,hold_days,0.03160264521247913,0.03060264521247913,1,2024-01-31,0.003098089494792511,0.02750455571768662,14.350000381469727,0.09208523641796162,-0.02974980267195171,1.0211327725986412,0.1906830892574246,0.061881290956134365,1.03777838824575
GOOG,5,0.01,2024-05-31,2024-06-07,172.32777404785156,174.29910278320312,hold_days,0.011439413909009044,0.010439413909009043,1,2024-05-30,0.005857638237983354,0.00458177567102569,14.470000267028809,0.17738000910840457,0.16224903523776857,0.9209634886801744,0.8666690255153693,0.0953760666798977,1.2577891325383672
GOOG,5,0.01,2024-08-07,2024-08-14,159.4229278564453,160.6923828125,hold_days,0.007962812959988907,0.0069628129599889075,1,2024-08-06,0.029539627816802083,-0.022576814856813177,27.709999084472656,0.5664216081352891,0.8824727297417259,1.7399357630642116,0.1120870055133001,0.5710871341688271,1.0216232527679898
GOOG,5,0.01,2024-10-10,2024-10-17,162.04588317871094,163.36666870117188,hold_days,0.008150688536803674,0.007150688536803674,1,2024-10-09,0.014145586324176618,-0.006994897787372944,20.860000610351562,0.10370375827413403,0.35366650336824645,1.138070754483851,0.5765594383222855,0.37743242641492775,0.8261490662148508
GOOG,5,0.01,2025-06-04,2025-06-11,168.59542846679688,178.1652374267578,hold_days,0.056761971822062884,0.055761971822062883,1,2025-06-03,0.01945482574619839,0.036307146075864494,17.690000534057617,-0.06698304914239728,-0.024806993976395186,0.7553797811513744,0.8935562736147409,0.3301316066179896,0.40988096004834806
GOOG,5,0.01,2026-09-10,2026-09-17,330.3900146484375,343.67999267578125,hold_days,0.04022512012502988,0.03922512012502988,1,2026-09-09,0.0007573903351119071,0.03846772978991797,16.459999084472656,0.08289469019858076,0.08218271158387003,0.931781644875529,0.9045621883591967,0.741241599420905,0.9297092342897227
MO,5,0.01,2016-02-05,2016-02-12,29.254806518554688,29.337970733642578,hold_days,0.002842753891916683,0.0018427538919166828,1,2016-02-04,-0.010485317594979282,0.012328071486895964,21.84000015258789,-0.025869755652647153,-0.18171600915784591,1.0714376185018533,0.8275855265105078,0.5596335091360217,0.9508166811744163
MO,5,0.01,2016-03-28,2016-04-04,30.422901153564453,31.21272087097168,hold_days,0.025961354356722532,0.02496135435672253,4,2016-03-24,0.012169119996033873,0.012792234360688659,14.739999771118164,0.020775637081209553,-0.18337947954846667,0.6908819195249436,0.7800025939941373,0.47436091806742026,1.1164217410305701
MO,5,0.01,2016-09-20,2016-09-27,31.65078353881836,31.826709747314453,hold_days,0.0055583523952993374,0.004558352395299337,1,2016-09-19,0.009943369528776946,-0.005385017133477609,15.529999732971191,0.024406325150606367,0.29632723926399906,1.207445824254984,0.5192311924586387,0.30000572202404857,0.5376181530700889
MO,5,0.01,2016-10-06,2016-10-13,31.052661895751953,31.510051727294922,hold_days,0.01472948866923196,0.01372948866923196,1,2016-10-05,-0.014463365677655382,0.02819285434688734,12.989999771118164,0.048426102596418774,-0.02330830189255595,1.0294865274576017,0.9789469034721763,0.42553415985227666,1.2640358478847884
MO,5,0.01,2017-10-09,2017-10-16,33.1167106628418,34.054420471191406,hold_days,0.02831530636893098,0.02731530636893098,3,2017-10-06,0.007174784195239647,0.020140522173691333,9.649999618530273,0.014721281417350518,0.006256461416863646,0.8773855298629655,0.6212120336387049,0.15753403182399728,1.497446585570491
MO,5,0.01,2017-11-07,2017-11-14,33.50221252441406,34.24195861816406,resistance,0.02208051462902416,0.02108051462902416,1,2017-11-06,-0.0018730398359949607,0.02295355446501912,9.399999618530273,-0.10476194109235493,-0.150858186299206,0.9141663129725324,0.9464240706807168,0.2753648827952255,1.054054187209816
MO,5,0.01,2018-01-18,2018-01-25,36.810794830322266,36.74773025512695,hold_days,-0.0017132087336338975,-0.0027132087336338975,2,2018-01-16,0.017122613896188188,-0.019835822629822086,11.90999984741211,0.1815476128528808,0.2190377982989653,1.0304062603998245,0.5411763649908781,0.7597423829576394,0.7828919702971034
MO,5,0.01,2018-03-26,2018-04-03,31.663503646850586,33.28917694091797,hold_days,0.05134217969681565,0.05034217969681565,3,2018-03-23,-0.01649600994793954,0.06683818964475519,24.8700008392334,0.5740506670257632,0.698770509290084,1.234591050911013,0.5617957301261349,0.11904805155289681,0.6750125588122676
MO,5,0.01,2019-04-04,2019-04-11,30.66377830505371,31.438800811767578,hold_days,0.025274853574914324,0.024274853574914323,1,2019-04-03,0.0012513660656363612,0.023023487509277962,13.739999771118164,-0.09306929920232543,-0.012221429055268684,0.863649704042826,0.5223872099114165,0.190311194884875,0.589188835263575
MO,5,0.01,2019-05-14,2019-05-21,29.141815185546875,29.130582809448242,hold_days,-0.00038543845080052375,-0.0013854384508005238,1,2019-05-13,0.011987095902983302,-0.013372534353783827,20.549999237060547,0.33095853598141023,0.5675057036781785,1.3183606014209348,0.5882347284197598,0.4456510471736079,1.1540858439607173
MO,5,0.01,2019-07-01,2019-07-09,27.20492935180664,27.5814266204834,hold_days,0.013839303304485684,0.012839303304485683,3,2019-06-28,0.003030420260380362,0.009808883044105321,15.079999923706055,-0.020779201477328257,-0.013088992981693415,1.030315601683804,0.19999999999999724,0.05332946777343929,0.9384836574561557
MO,5,0.01,2019-11-01,2019-11-08,26.19963836669922,26.98458480834961,hold_days,0.02996020138385158,0.02896020138385158,1,2019-10-31,0.01742564707179528,0.0115345543120563,13.220000267028809,-0.03574031872755501,-0.041334278201667574,0.7861320924642805,0.571430517711171,0.08527173045190882,0.8625671121036114
MO,5,0.01,2020-04-22,2020-04-29,22.96306037902832,24.578556060791016,hold_days,0.07035193284768315,0.06935193284768315,1,2020-04-21,0.06273572549205197,0.006616207355631176,45.40999984741211,0.2025953883985312,0.00375769590269992,1.065046729848443,0.3495155699090366,0.1969684709418261,0.7230053619288125
MO,5,0.01,2021-09-16,2021-09-23,33.227657318115234,33.24128723144531,hold_days,0.0004101978421044983,-0.0005898021578955017,2,2021-09-14,-0.002933206732086857,0.0023434045741913554,18.18000030517578,0.012249511799437007,0.10315538896603416,1.1077803749461257,0.15853794694778167,0.948454256938243,1.1674651881324596
MO,5,0.01,2021-10-01,2021-10-08,31.23223114013672,31.824735641479492,hold_days,0.01897093098101932,0.017970930981019317,1,2021-09-30,0.01301383534368128,0.004957095637338038,23.139999389648438,0.24208268556337686,0.23809517006068925,1.142877774547418,0.8083338366611221,0.04792379383091645,1.3299146670603117
MO,5,0.01,2021-12-01,2021-12-08,29.27766227722168,30.31964683532715,hold_days,0.035589745801396955,0.034589745801396954,1,2021-11-30,0.04214795201148602,-0.007558206210089069,27.190000534057617,0.41836204620997286,0.6488781632174578,1.238350349061747,0.020833830039182877,0.1999999999999981,1.4933464247605357
MO,5,0.01,2022-11-17,2022-11-25,32.136131286621094,32.92353439331055,hold_days,0.024502112580591318,0.023502112580591317,1,2022-11-16,0.02081152465582936,0.0026905879247619557,24.110000610351562,-0.07589112804355158,-0.06767207883589488,0.8612934457652909,0.8444369092527445,0.5625014901175398,0.45221472761488135
MO,5,0.01,2023-03-24,2023-03-31,33.727561950683594,34.22615432739258,hold_days,0.014782935613253834,0.013782935613253833,1,2023-03-23,0.03396540314807739,-0.020182467534823556,22.610000610351562,-0.016528889280111536,0.0,1.1120154113269198,0.9655165609955081,0.18260765724824707,0.646600179150834
MO,5,0.01,2023-05-31,2023-06-07,34.07273864746094,34.59434127807617,hold_days,0.015308503258633754,0.014308503258633753,1,2023-05-30,0.03242506670776146,-0.01811656344912771,17.459999084472656,0.01452643889014249,0.019859709612869425,0.9733346163084302,0.9285655897766585,0.7439034602108369,0.7892394183505461
MO,5,0.01,2023-10-27,2023-11-03,31.46674346923828,32.56366729736328,hold_days,0.03485978233487508,0.03385978233487508,1,2023-10-26,0.05629479493377265,-0.022435012598897575,20.68000030517578,-0.03364482832658766,0.23906528720452536,1.2281861013360473,0.09401745628592466,0.06109279402601424,1.5736296197264024
MO,5,0.01,2024-05-30,2024-06-06,38.072975158691406,39.12031555175781,hold_days,0.02750876149554915,0.02650876149554915,1,2024-05-29,0.019542274155373907,0.0069664873401752425,14.279999732971191,0.20404722987757196,0.06408343157884255,0.8907236658379033,0.5428555858310692,0.35484347312461645,0.7894796271513426
MO,5,0.01,2024-06-17,2024-06-25,38.27278137207031,39.74546813964844,hold_days,0.03847869725644815,0.037478697256448146,3,2024-06-14,0.015084236629831382,0.022394460626616763,12.65999984741211,0.03600651151951917,-0.020123856605766877,0.8814967822066984,0.9749995231646656,0.6805550404518232,1.473542693089545
MO,5,0.01,2024-11-08,2024-11-15,47.18719482421875,48.82849884033203,hold_days,0.03478282661699739,0.033782826616997386,1,2024-11-07,-0.014432475434252967,0.04821530205125035,15.199999809265137,-0.3436960315453724,-0.20335430450501157,1.0454231286650533,0.714284298814476,0.10679683564931476,0.7577845854037533
MO,5,0.01,2025-04-29,2025-05-06,53.247798919677734,54.797122955322266,hold_days,0.029096489753156263,0.028096489753156262,1,2025-04-28,0.0037548745110682624,0.024341615242088,25.149999618530273,-0.2563571896667046,-0.33040472047441183,1.1436852244008378,0.7452475784624569,0.35164807525434777,2.571680035075318
MO,5,0.01,2025-10-17,2025-10-24,60.929290771484375,60.573360443115234,hold_days,-0.005841694919838436,-0.006841694919838436,1,2025-10-16,0.02115636623306094,-0.02799806115289938,25.309999465942383,0.5404746802085709,0.5219483309207609,1.317219666733966,0.974687822920988,0.18605063785241815,0.7288309218008429
MO,5,0.01,2025-11-25,2025-12-03,54.644351959228516,54.70991516113281,hold_days,0.001199816624291028,0.00019981662429102796,1,2025-11-24,0.016736047974302393,-0.016536231350011366,20.520000457763672,-0.08310986473420479,0.1659090916479915,1.3273332101277808,0.8989912223241247,0.17985619408309966,1.1660006966373777
MO,5,0.01,2025-12-22,2025-12-30,54.897247314453125,55.100738525390625,hold_days,0.003706765291379588,0.002706765291379588,3,2025-12-19,0.004625480351228006,-0.0019187150598484184,14.90999984741211,-0.05273188918522398,-0.03244646365677728,0.9108717556045662,0.7317069766792788,0.057972136222906416,1.1094108930865267
MO,5,0.01,2026-03-25,2026-04-01,61.85237503051758,63.50100326538086,hold_days,0.02665424301087649,0.025654243010876487,1,2026-03-24,-0.0006969371670100255,0.026351180177886513,26.950000762939453,0.2047384779563115,0.08102689262078733,1.3267866340301064,0.6893919908909889,0.04098606698852069,1.0722095834240792
MO,5,0.01,2026-04-20,2026-04-27,62.657291412353516,64.00527954101562,hold_days,0.021513667416468207,0.020513667416468206,3,2026-04-17,-0.01685493687391937,0.037368604290387575,17.479999542236328,-0.09100364231191682,-0.26770008681752056,0.8453475946773639,0.41666865349005633,0.14753483252870453,0.7337489361845361
MO,5,0.01,2026-05-11,2026-05-18,66.5363998413086,71.49195861816406,hold_days,0.07447891362734738,0.07347891362734738,3,2026-05-08,0.014299542245721053,0.05917937138162632,17.190000534057617,0.011771675434595341,-0.08123990511985002,0.8054229735810572,0.6041691501959011,0.030866029001065498,0.5945061791137632
AMZN,5,0.01,2016-01-19,2016-01-26,28.724000930786133,30.0625,hold_days,0.046598629224359644,0.045598629224359644,4,2016-01-15,0.008867661532084847,0.036730967692274796,27.020000457763672,0.0003702417177746664,0.48380020956745384,1.3704222970901943,0.45755037896983675,0.2525890341446463,0.7711669321862114
AMZN,5,0.01,2016-05-18,2016-05-25,34.872501373291016,35.41749954223633,hold_days,0.01562830733337428,0.01462830733337428,1,2016-05-17,0.02388803001949702,-0.00925972268612274,15.569999694824219,0.1423330567934391,-0.0019231208917881437,0.9601703677911969,0.6306272388534856,0.06614863962238945,0.8828628328922341
AMZN,5,0.01,2016-08-04,2016-08-11,38.03850173950195,38.5620002746582,hold_days,0.013762333194438314,0.012762333194438313,1,2016-08-03,0.017401139736706206,-0.004638806542267893,12.859999656677246,0.002338248881495364,0.09260825458970934,0.8312200161016056,0.7112644516196229,0.35993657505285415,1.479148021408352
AMZN,5,0.01,2016-09-13,2016-09-20,38.050498962402344,39.01100158691406,hold_days,0.025242839140185547,0.024242839140185546,4,2016-09-09,0.005092454665531765,0.01915038447465378,15.15999984741211,0.26544243962317915,0.11062273048212878,0.9896213587705583,0.1808110809250996,0.9297738658948738,1.1450639277632972
AMZN,5,0.01,2017-02-07,2017-02-14,40.625,41.81949996948242,hold_days,0.029403076171875098,0.028403076171875097,1,2017-02-06,0.020588103849851214,0.007814972322023883,11.369999885559082,-0.042929311781899515,-0.033984754175667264,0.9414085284558077,0.5773689960179018,0.6010357061677883,0.7857667155576293
AMZN,5,0.01,2018-04-25,2018-05-02,73.00849914550781,78.48400115966797,hold_days,0.07499814512345115,0.07399814512345115,1,2018-04-24,-0.00560420704573239,0.07960235216918354,18.020000457763672,0.181639374279585,-0.11968729544570411,0.8372798530799903,0.8213578865846313,0.12784206601251874,1.4496714117156397
AMZN,5,0.01,2018-08-21,2018-08-28,94.1709976196289,96.64099884033203,hold_days,0.02622889512841131,0.02522889512841131,1,2018-08-20,0.009977690152761731,0.01525120497564958,12.489999771118164,-0.15493910711950154,0.10825193112694675,0.9982994099997016,0.3860330411019802,0.41455910478611563,0.7870383443625522
AMZN,5,0.01,2018-09-19,2018-09-26,96.32099914550781,98.74250030517578,hold_days,0.025139909066037802,0.0241399090660378,2,2018-09-17,0.004463913796096897,0.019675995269940905,12.789999961853027,-0.032526497465224624,-0.028115493149632687,0.9645963302218316,0.5989425404510129,0.5989216078106712,0.7539142854076182
AMZN,5,0.01,2018-11-23,2018-11-30,75.10299682617188,84.50849914550781,hold_days,0.12523471388372487,0.12423471388372487,3,2018-11-20,0.05795879574828655,0.06627591813543832,20.799999237060547,-0.021176506491268343,0.2713935489647621,1.1924575454940847,0.007267790112610814,0.04942975725446429,0.5477582063790415
AMZN,5,0.01,2019-05-14,2019-05-21,92.00599670410156,92.8759994506836,hold_days,0.009455935240612945,0.008455935240612944,1,2019-05-13,0.011987095902983302,-0.0035311606623703584,20.549999237060547,0.33095853598141023,0.5675057036781785,1.3183606014209348,0.6642115682131985,0.16398096663815226,1.0605585219563523
AMZN,5,0.01,2019-09-12,2019-09-19,92.17749786376953,91.07499694824219,hold_days,-0.011960629666437073,-0.012960629666437073,2,2019-09-10,-0.0013720897420756994,-0.011588539924361374,14.609999656677246,-0.1569532763418,-0.2806499241333513,0.9524997723932788,0.47832830744277965,0.5714858883859724,0.8057889385420464
AMZN,5,0.01,2019-12-11,2019-12-18,87.43599700927734,89.20149993896484,hold_days,0.020191945995654104,0.019191945995654103,1,2019-12-10,0.01705508550150192,0.002136860494152182,15.680000305175781,-0.01754384287606181,0.3209772920260856,1.0311505014826035,0.9104227397465057,0.26866936072837044,0.5991556768392376
AMZN,5,0.01,2021-01-19,2021-01-26,156.03799438476562,166.30650329589844,hold_days,0.06580774734781736,0.06480774734781736,4,2021-01-15,-0.0026235501664436667,0.06743129751426102,24.34000015258789,0.1289425211274695,0.06989011659726985,0.9397662749533533,0.5053032143146304,0.19163956072268204,0.7869774588607376
AMZN,5,0.01,2021-04-23,2021-04-30,167.04400634765625,173.37100219726562,hold_days,0.03787622188874873,0.03687622188874873,1,2021-04-22,0.0023957575991251367,0.03448046428962359,18.709999084472656,0.1291490301183822,0.10383470456127486,0.8148478089633538,0.48691873138540753,0.10627315418174671,1.094183904771899
AMZN,5,0.01,2021-05-13,2021-05-20,158.07350158691406,162.38400268554688,hold_days,0.027268967001801814,0.026268967001801813,1,2021-05-12,0.0024885817044231207,0.023780385297378692,27.59000015258789,0.4407311071636131,0.5966434639039253,1.0246061527616095,0.40189291299234475,0.2517371022199025,0.8627292300628149
AMZN,5,0.01,2021-08-20,2021-08-27,159.99749755859375,167.48150634765625,hold_days,0.046775786517046836,0.045775786517046835,1,2021-08-19,0.0191460365558056,0.026629749961241234,21.670000076293945,0.3899935769209595,0.25405088050958,1.0693628829658706,0.7547561463312449,0.10466822455301342,0.6679379452852623
AMZN,5,0.01,2021-09-15,2021-09-22,173.7895050048828,169.00250244140625,hold_days,-0.027544831106700363,-0.028544831106700363,1,2021-09-14,-0.020250831827453575,-0.008293999279246789,19.459999084472656,0.07276735056438177,0.2019764325230382,1.1055675246397498,0.8845484014956937,0.2503061078618444,1.4976775117302346
AMZN,5,0.01,2022-04-01,2022-04-08,163.55999755859375,154.4604949951172,hold_days,-0.05563403460076943,-0.056634034600769434,1,2022-03-31,-0.0030315243760129507,-0.05360251022475648,20.559999465942383,-0.05122291677173807,-0.19906507967137133,0.7734166247760286,0.353669730757351,0.012421637691462548,0.9149919267378607
AMZN,5,0.01,2023-08-10,2023-08-17,138.55999755859375,133.97999572753906,hold_days,-0.03305428631461915,-0.03405428631461915,1,2023-08-09,-0.017606989961674424,-0.01644729635294473,15.960000038146973,-0.008079559553018978,0.21000762288751917,1.0805915670877724,0.3664358686280145,0.23291916635864776,0.8693219320540152
AMZN,5,0.01,2023-10-05,2023-10-10,125.95999908447266,129.47999572753906,resistance,0.02794535303787815,0.02694535303787815,2,2023-10-03,0.024484020520006533,0.0024613325178716172,18.579999923706055,0.01975854137863209,0.2272126487698829,1.1894192616282073,0.6791650904559514,0.7857139613353255,0.7106753982969197
AMZN,5,0.01,2024-02-21,2024-02-28,168.58999633789062,173.16000366210938,hold_days,0.027107227139737677,0.026107227139737677,1,2024-02-20,0.009483500086409968,0.016623727053327708,15.420000076293945,0.10696336959623354,0.12801755597900777,1.1181439973612743,0.46925523194374485,0.4511770327061991,0.9249272587546685
AMZN,5,0.01,2024-08-06,2024-08-13,161.92999267578125,170.22999572753906,hold_days,0.05125673702941613,0.05025673702941613,1,2024-08-05,0.02318018096143515,0.027076556067980984,38.56999969482422,1.3234939041253995,1.586854466099724,1.6284963243594364,0.5183478532731693,0.8290747666818135,1.1576727852103328
AMZN,5,0.01,2025-07-09,2025-07-16,222.5399932861328,223.19000244140625,hold_days,0.0029208644508120774,0.0019208644508120773,1,2025-07-08,-0.0026769548822469513,0.004597819333059029,16.809999465942383,0.004781824620143427,-0.15229452694820078,0.7806794426317358,0.5418838651951092,0.16696709365651607,0.8914470181406103
AMZN,5,0.01,2025-08-05,2025-08-12,213.75,221.47000122070312,hold_days,0.03611696477521931,0.035116964775219306,1,2025-08-04,0.015148923570841522,0.019968041204377784,17.520000457763672,0.16566871384103798,0.05225230385381807,0.9637079267490894,0.2565605968263572,0.038205243240640056,0.8650945435805385
AMZN,5,0.01,2025-11-07,2025-11-14,244.41000366210938,234.69000244140625,hold_days,-0.03976924460972875,-0.04076924460972875,1,2025-11-06,0.014620385478290476,-0.055389630088019226,19.5,0.15316381880300622,0.127167679766514,1.091311947817683,0.923558327481343,0.10596764990679322,1.11839428543394
AMZN,5,0.01,2026-03-30,2026-04-07,200.9499969482422,213.77000427246094,hold_days,0.06379700183583847,0.06279700183583847,3,2026-03-27,0.020654827254086516,0.04214217458175196,31.049999237060547,0.159447290550085,0.14196390684759197,1.3593559928550922,0.2539265342643041,0.026809218263894995,0.9075292969012179
AMZN,5,0.01,2026-06-12,2026-06-22,238.5500030517578,232.7899932861328,hold_days,-0.024145921995126773,-0.025145921995126774,2,2026-06-10,-0.01361967810084741,-0.011526243894279364,19.440000534057617,0.26233772828579505,0.2350699375313019,1.0308621747865456,0.5076770260836156,0.9094821443839599,1.425526846564869
AMZN,5,0.01,2026-08-20,2026-08-27,260.1099853515625,256.260009765625,hold_days,-0.014801337137188009,-0.01580133713718801,2,2026-08-18,-0.0016439520796223128,-0.014157385057565697,14.890000343322754,0.023367707775316493,-0.058191021624036776,0.8824917470468089,0.13657299481484622,0.9283891260741631,0.7636857423240231
AXP,5,0.01,2015-09-30,2015-10-05,63.44911193847656,66.1623764038086,resistance,0.04276284383559137,0.04176284383559137,1,2015-09-29,0.03581995640720215,0.005942887428389221,26.829999923706055,0.19563276671877317,0.19032825350168547,1.2780380096930688,0.9325783942256611,0.5176418845535917,0.8352282865739352
AXP,5,0.01,2016-05-06,2016-05-13,55.93625259399414,55.59808349609375,hold_days,-0.006045615896991596,-0.007045615896991596,1,2016-05-05,-0.003005255277260366,-0.0040403606197312305,15.90999984741211,0.045335057048458305,0.1405017967702913,0.9350929765476448,0.841272051855732,0.13978194705365501,1.4465128597900043
AXP,5,0.01,2016-08-12,2016-08-19,56.975982666015625,57.106712341308594,hold_days,0.002294469865649962,0.0012944698656499618,2,2016-08-10,0.003820150578431436,-0.0025256807127814742,11.680000305175781,-0.05958130165639863,-0.08176100157393751,0.7805879945340839,0.7399902343749953,0.7662346669837253,0.6219382497580912
AXP,5,0.01,2016-08-29,2016-09-06,57.09800338745117,57.30714797973633,resistance,0.003662905528691862,0.002662905528691862,3,2016-08-26,-0.0003873839912972299,0.003050289519989092,13.649999618530273,0.20370365386769596,0.1818181292741432,0.8996319171899123,0.7422663384170107,0.2783545697656092,1.5044446423143027
AXP,5,0.01,2016-09-15,2016-09-22,55.62523651123047,56.32240295410156,hold_days,0.012533276019965234,0.011533276019965233,1,2016-09-14,0.016272990575658453,-0.00473971455569322,18.139999389648438,0.5192629838489577,0.38262191675891444,1.164321491336256,0.626377588021008,0.137254241978854,0.9018933220594215
AXP,5,0.01,2016-11-21,2016-11-29,62.657920837402344,62.61411666870117,hold_days,-0.0006991002592449114,-0.0016991002592449114,3,2016-11-18,0.005323343054209451,-0.007022443313454362,12.850000381469727,-0.09315452983183425,-0.42914259214523165,0.9147703724067915,0.8169050407797039,0.2771118668995369,0.5931061900676285
AXP,5,0.01,2017-01-25,2017-01-30,67.63090515136719,67.97396087646484,resistance,0.00507246981730991,0.00407246981730991,2,2017-01-23,-0.007724688436972826,0.011797158254282736,11.069999694824219,-0.06739681537049846,-0.04238760441227796,0.8870929692572799,0.30246872880717657,0.8535017299692852,1.2547335788918028
AXP,5,0.01,2017-03-24,2017-03-31,68.78316497802734,69.58358764648438,hold_days,0.011636897905362709,0.010636897905362708,3,2017-03-21,0.008398875374788117,0.0022380225305745904,13.119999885559082,0.17038357189228304,0.0666666408218346,1.0387414412573508,0.3402024555801129,0.37078025614209453,1.0590010776899972
AXP,5,0.01,2017-08-14,2017-08-21,75.77125549316406,75.62055969238281,hold_days,-0.001988825443110742,-0.002988825443110742,3,2017-08-11,-0.017629052758849628,0.014640227315738885,15.510000228881836,0.5463609812367662,0.5072886575685458,1.1916742399232545,0.7894762203055048,0.35955046547911107,1.2476726674999281
AXP,5,0.01,2017-11-16,2017-11-24,83.26349639892578,83.1922836303711,hold_days,-0.0008552699758547222,-0.0018552699758547222,1,2017-11-15,0.00822710771033952,-0.010082377686194244,13.130000114440918,0.34253583567859547,0.2872549372515012,1.1076600019365146,0.351344942418514,0.4646465424896542,0.7463592274914651
AXP,5,0.01,2018-05-04,2018-05-11,88.16487121582031,90.91693115234375,hold_days,0.03121492606490195,0.030214926064901948,1,2018-05-03,0.029435530715572034,0.0007793953493299144,15.899999618530273,-0.020935970282004557,-0.003759424779028131,0.8146787061499751,0.7938146762484289,0.9005521834429291,1.6145617277402635
AXP,5,0.01,2018-10-30,2018-11-06,92.16857147216797,94.7870101928711,hold_days,0.028409236238339686,0.027409236238339685,1,2018-10-29,0.032488606083698635,-0.00507936984535895,24.700000762939453,0.2576375524715122,0.15962449050059746,1.5914956114084486,0.8434352386310245,0.3582560292436462,0.7762421242076648
AXP,5,0.01,2019-03-28,2019-04-04,98.96453857421875,100.18830108642578,hold_days,0.012365666832157896,0.011365666832157895,1,2019-03-27,0.02387908644038439,-0.012513419608226495,15.149999618530273,0.08914448488285642,0.1297538993972438,0.9134587531392477,0.4820187716120515,0.3892228973456983,0.8534112215073401
AXP,5,0.01,2019-04-12,2019-04-16,100.90702819824219,101.78955078125,resistance,0.008745898068408087,0.007745898068408087,1,2019-04-11,0.0005395735013273839,0.007206324567080703,13.020000457763672,-0.04123707430696033,-0.0977130850722413,0.8705028994274387,0.4181856013316718,0.3049639633789989,0.9262845508930422
AXP,5,0.01,2019-07-22,2019-07-29,114.99456024169922,116.08062744140625,hold_days,0.00944450935265384,0.00844450935265384,3,2019-07-19,0.012171308837581662,-0.003726799484927823,14.449999809265137,0.16626306770463994,0.08810241715510769,0.8769300759086822,0.9923648117410726,0.24285652004897332,0.762863383551728
AXP,5,0.01,2021-08-05,2021-08-12,159.62733459472656,158.582763671875,hold_days,-0.0065438098399850375,-0.0075438098399850375,1,2021-08-04,0.01398856104605728,-0.021532370886042318,17.969999313354492,-0.018569096805289953,0.003350053961672872,1.0140516926109244,0.5927613681870297,0.23717672835400302,0.5321411077966901
AXP,5,0.01,2021-09-14,2021-09-21,150.07583618164062,153.6423797607422,hold_days,0.0237649422441657,0.022764942244165698,4,2021-09-10,-0.020086548348819955,0.04285149059298565,19.3700008392334,0.18037788052070503,0.18181827703221654,1.0891621277558416,0.0992903042882588,0.829265569524159,2.357997592312668
AXP,5,0.01,2022-03-08,2022-03-15,151.36558532714844,166.48797607421875,hold_days,0.09990640021895403,0.09890640021895403,1,2022-03-07,0.018740201895665276,0.08016619832328875,36.45000076293945,0.20895526448156843,0.31351354100682705,1.3705515380678102,0.4096504334394378,0.004281085882998465,1.5808750650856578
AXP,5,0.01,2023-09-08,2023-09-15,152.04156494140625,158.14529418945312,hold_days,0.040145135643658625,0.039145135643658624,1,2023-09-07,0.00567176382918122,0.033473371814477404,14.399999618530273,0.03746394090792138,-0.09887359004798446,0.950181095365138,0.6666619571053142,0.45512343988418275,0.45233985787547076
AXP,5,0.01,2023-10-04,2023-10-11,141.61122131347656,146.92538452148438,hold_days,0.037526427346065816,0.036526427346065815,1,2023-10-03,0.023777212860464303,0.012749214485601512,19.780000686645508,0.04435058758722921,0.40184274754996596,1.1895599747704322,0.8849234942567729,0.1519519989973694,0.9837581942384429
AXP,5,0.01,2023-10-30,2023-11-06,138.9347381591797,148.3606414794922,hold_days,0.06784410756590686,0.06684410756590686,3,2023-10-27,0.03984821134931926,0.0269958962165876,21.270000457763672,-0.02026709559023787,0.1009317181025553,1.2163490526795115,0.723007049114562,0.0955624645221119,0.6078155083467448
AXP,5,0.01,2024-08-07,2024-08-14,223.94821166992188,238.59095764160156,hold_days,0.0653845184227757,0.0643845184227757,2,2024-08-05,0.029539627816802083,0.03484489060597362,27.709999084472656,0.5664216081352891,0.8824727297417259,1.7399357630642116,0.03786010525770432,0.6916167938233816,1.2195933538322354
AXP,5,0.01,2024-09-10,2024-09-17,240.2157745361328,259.7721252441406,hold_days,0.0814116006568344,0.08041160065683439,4,2024-09-06,0.018753845355892862,0.06165775530094153,19.450000762939453,0.29666671752929696,0.22635568625316926,1.262267979770763,0.4055415907570967,0.6032032624514019,2.281047591657927
AXP,5,0.01,2024-11-20,2024-11-27,282.3448181152344,298.5764465332031,hold_days,0.05748867121529422,0.05648867121529422,2,2024-11-18,0.027416979053280333,0.029071692162013885,16.350000381469727,0.11148880619101242,-0.2020497528498758,0.8376351151383359,0.8086429055836067,0.7984919366889214,0.6148019304917792
AXP,5,0.01,2025-01-13,2025-01-21,292.16650390625,312.7545471191406,hold_days,0.07046681579725811,0.06946681579725811,3,2025-01-10,0.037507675405073604,0.031959140392184504,19.540000915527344,0.08979367445335784,0.3693062570924095,1.0302756009027438,0.8946559194893514,0.017154910298556706,1.166662272046199
AXP,5,0.01,2025-09-12,2025-09-19,321.8671875,337.5098571777344,hold_days,0.048599765012500296,0.047599765012500295,2,2025-09-10,0.014574285349967075,0.03302547966253322,14.710000038146973,-0.03856210099560475,-0.00942763230480792,0.9228415292168506,0.22702803758873394,0.8343413618902445,0.8402845954999577
AXP,5,0.01,2025-11-19,2025-11-26,341.85662841796875,361.030517578125,hold_days,0.05608751612887675,0.055087516128876746,1,2025-11-18,0.02256798769901014,0.032519528429866607,24.690000534057617,0.4288194185743739,0.299473712318822,1.206424396231524,0.8515305374538626,0.6812039701352525,0.4981382888851884
AXP,5,0.01,2026-01-02,2026-01-09,370.54107666015625,373.4041442871094,hold_days,0.007726721292978356,0.006726721292978356,2,2025-12-31,0.028554337771881766,-0.02182761647890341,14.949999809265137,0.06785712923322396,-0.09283979220084193,0.7910005692864224,0.97509177002107,0.017781575520833967,1.118008282623245
AXP,5,0.01,2026-04-28,2026-05-05,315.0376281738281,315.0874938964844,hold_days,0.000158284973592826,-0.000841715026407174,4,2026-04-24,0.013963845736892244,-0.014805560763299419,18.020000457763672,-0.04504506325736113,-0.05753139817926023,0.866181669236524,0.10755151138470694,0.979798810123205,1.1562411656093383
AXP,5,0.01,2026-08-18,2026-08-25,338.5199890136719,335.95001220703125,hold_days,-0.007591802227480349,-0.00859180222748035,1,2026-08-17,0.007206092044206747,-0.015797894271687096,15.1899995803833,-0.0174644538872869,-0.04224464633023284,0.8696846054394908,0.7875861265276989,0.020199751631569212,0.7214035740959177
AEP,5,0.01,2015-11-09,2015-11-16,37.370765686035156,38.59288024902344,hold_days,0.03270242234948273,0.03170242234948273,3,2015-11-06,-0.01004225771553735,0.04174468006502008,14.329999923706055,-0.049104166297516016,-0.008990326009541083,0.7094384477001057,0.8653853207644008,0.3333333333333351,1.1261176356254226
AEP,5,0.01,2015-11-27,2015-12-04,38.40750503540039,38.33885192871094,hold_days,-0.001787491966119048,-0.002787491966119048,2,2015-11-25,0.0009139325053120206,-0.0037014244714310687,15.1899995803833,-0.09851636578667144,-0.054171850217308304,0.8316124713793709,0.7076892378839655,0.6200027465820259,0.6477288604573151
AEP,5,0.01,2016-05-24,2016-06-01,44.462337493896484,45.3427848815918,hold_days,0.01980209402657196,0.01880209402657196,1,2016-05-23,0.013007686226158777,0.005794407800413182,15.819999694824219,0.0776566325578687,0.08579272657390957,1.0373195528518306,0.7763177047518226,0.04166766007835423,0.7277999910041683
AEP,5,0.01,2016-09-13,2016-09-20,44.95918655395508,45.804691314697266,hold_days,0.018806051122110645,0.017806051122110644,4,2016-09-09,0.005092454665531765,0.01271359645657888,15.15999984741211,0.26544243962317915,0.11062273048212878,0.9896213587705583,0.18656714293441434,0.8512393046526662,1.540506591117063
AEP,5,0.01,2016-11-15,2016-11-22,42.28881072998047,42.082542419433594,hold_days,-0.004877609632106372,-0.005877609632106372,1,2016-11-14,0.006738054687595474,-0.012615664319701847,14.479999542236328,-0.22608229552222614,-0.15123094985182273,1.0345596883726957,0.6455667474673381,0.36842184515847554,0.5809001421923963
AEP,5,0.01,2017-01-27,2017-01-31,44.78517532348633,45.56039810180664,resistance,0.017309807826380696,0.016309807826380696,2,2017-01-25,-0.00850420587581402,0.024814013702194715,10.630000114440918,-0.16823158555969897,-0.055950275456031595,0.8408103952928457,0.8750008514928439,0.7352937876560983,0.9451222581516313
AEP,5,0.01,2017-04-04,2017-04-11,48.30339813232422,48.375179290771484,hold_days,0.0014860477983480447,0.00048604779834804466,4,2017-03-31,-0.00344490759222571,0.003930955390573755,12.380000114440918,-0.009599990844726514,0.09171075377946014,1.0142243603899739,0.5892915531335204,0.9558841678914853,0.8187228658355445
AEP,5,0.01,2017-08-14,2017-08-16,51.87489700317383,52.583091735839844,resistance,0.013651973759537084,0.012651973759537083,3,2017-08-11,0.002205036443689412,0.01044693731584767,15.510000228881836,0.5463609812367662,0.5072886575685458,1.1916742399232545,0.8550751879699283,0.19587223432621315,0.9107030326883114
AEP,5,0.01,2017-12-06,2017-12-13,56.48569107055664,56.32373809814453,hold_days,-0.00286715041177088,-0.00386715041177088,1,2017-12-05,0.016238940304087235,-0.020106090715858116,11.329999923706055,0.12961118896757573,0.06384979620023912,1.0939055158587516,0.6805620311109244,0.23699251170872074,0.8758110095584845
AEP,5,0.01,2018-06-13,2018-06-20,47.60951614379883,50.19032287597656,hold_days,0.05420779166044709,0.05320779166044709,2,2018-06-11,-0.01259309814439813,0.06580088980484522,12.34000015258789,-0.004838666757111865,-0.2749706333316225,0.7400687629575633,0.4516107861555217,0.7663550735488052,0.8273539655668077
AEP,5,0.01,2018-09-27,2018-10-04,52.79747009277344,53.40293884277344,hold_days,0.011467760650957226,0.010467760650957225,1,2018-09-26,0.0004913422141299417,0.009976418436827283,12.890000343322754,0.09702130581470247,-0.019025874693149536,0.9506787144701624,0.7830223988023247,0.043480856879377784,1.0595085575275964
AEP,5,0.01,2019-02-19,2019-02-26,61.67513656616211,61.93699264526367,hold_days,0.004245731646182138,0.003245731646182138,4,2019-02-15,0.012888750600862808,-0.009643018954680671,14.90999984741211,-0.05152674337516372,-0.07620815295849404,0.7587897004558544,0.8715606604651815,0.26595675605479924,1.070608725625122
AEP,5,0.01,2019-04-08,2019-04-15,64.03958129882812,64.89445495605469,hold_days,0.013349145011386954,0.012349145011386953,4,2019-04-04,0.005671709640110212,0.006677435371276741,12.819999694824219,-0.06491614448186722,-0.22208737555070646,0.854342467416629,0.5106405428218964,0.9818212083590486,0.8562888221440521
AEP,5,0.01,2019-05-31,2019-06-07,66.86200714111328,69.51722717285156,hold_days,0.03971194023736668,0.03871194023736668,1,2019-05-30,0.04438326913720836,-0.005671328899841677,17.299999237060547,0.1728813042074948,0.05231135493100081,1.1623958685810352,0.742578296142974,0.1980239154574217,0.8480091441209373
AEP,5,0.01,2019-08-02,2019-08-09,68.86507415771484,70.37650299072266,hold_days,0.021947683226861026,0.020947683226861025,2,2019-07-31,-0.005961802385749948,0.026909485612610973,17.8700008392334,0.4026688508853078,0.3207687503264378,0.9528393494197549,0.09322083212103825,0.7695652895029299,0.8516221114152613
AEP,5,0.01,2019-10-30,2019-11-06,73.60706329345703,71.94876098632812,hold_days,-0.02252911925744927,-0.02352911925744927,1,2019-10-29,0.016253141309998664,-0.039782260567447936,13.199999809265137,-0.08713694505932401,-0.025110794205745357,0.8010972791516875,0.6134444622535595,0.5535694822888336,1.027638823516003
AEP,5,0.01,2020-04-16,2020-04-23,66.70659637451172,65.88912200927734,hold_days,-0.012254775534413676,-0.013254775534413676,3,2020-04-13,0.011879137557215147,-0.025133913091628823,40.84000015258789,-0.12548180973482959,-0.2372058376124584,1.1004347676847461,0.6614611893919509,0.1447963019860604,0.437558251492335
AEP,5,0.01,2020-11-02,2020-11-09,73.65778350830078,73.47261047363281,hold_days,-0.0025139642526319506,-0.0035139642526319506,3,2020-10-30,0.07827296283567575,-0.0817869270883077,38.02000045776367,0.38003635247360634,0.38708502989478477,1.349883901007896,0.9932010214038027,0.49372410314688253,0.7115594270119673
AEP,5,0.01,2020-12-24,2021-01-04,66.27674102783203,66.37444305419922,hold_days,0.0014741525435923997,0.00047415254359239965,1,2020-12-23,-0.0005101718549818113,0.000984324398574211,23.309999465942383,0.03599997626410589,0.04669955037275941,0.8971067854044665,0.8632445192169778,0.006370788646292974,0.658423697588566
AEP,5,0.01,2021-10-01,2021-10-08,67.98441314697266,69.82228088378906,hold_days,0.0270336633316699,0.0260336633316699,1,2021-09-30,0.01301383534368128,0.01301982798798862,23.139999389648438,0.24208268556337686,0.23809517006068925,1.142877774547418,0.42016720521106077,0.04650970233554019,0.8523855784063925
AEP,5,0.01,2022-07-07,2022-07-14,81.03197479248047,80.81765747070312,hold_days,-0.00264484880599547,-0.00364484880599547,2,2022-07-05,-0.028050028898171653,0.024405180092176182,26.729999542236328,-0.05747535377415591,-0.11460751674774006,0.9880885473715771,0.08396426408237154,0.6095637874592332,0.6070651119273093
AEP,5,0.01,2022-07-21,2022-07-28,79.54884338378906,83.68961334228516,resistance,0.052053176166479975,0.051053176166479974,1,2022-07-20,0.02033595474429495,0.030717221422185026,23.8799991607666,-0.1096197079608836,-0.10662178938560829,0.877342988824077,0.9240538113127453,0.28260743369876784,0.4947686231469765
AEP,5,0.01,2022-09-02,2022-09-12,87.34518432617188,90.87908172607422,hold_days,0.04045898382566526,0.03945898382566526,2,2022-08-31,0.037177631867787,0.0022813519578782637,25.559999465942383,0.17355365748976292,0.3067484746329938,1.0362194869750951,0.13354920959961988,0.7833916324675698,1.7190906921239202
AEP,5,0.01,2023-05-04,2023-05-11,80.48807525634766,80.54463195800781,hold_days,0.0007026718116942554,-0.0002973281883057446,1,2023-05-03,0.009801067513723671,-0.010098395702029417,18.34000015258789,-0.026539277916689308,0.11421635313994094,0.8533855447349862,0.6544128578040184,0.13605742282380454,1.9452897787482464
AEP,5,0.01,2023-07-19,2023-07-26,75.8281478881836,77.81777954101562,hold_days,0.02623869510522603,0.025238695105226028,1,2023-07-18,0.020656761234083332,0.004581933871142696,13.300000190734863,-0.10377358126808867,-0.01989679514822218,0.8575617157935446,0.4558841678914824,0.279659263569652,0.9534144085939878
AEP,5,0.01,2023-08-23,2023-08-30,71.28411865234375,71.29309844970703,hold_days,0.00012597192099783605,-0.000874028079002164,2,2023-08-21,0.016443047093310348,-0.017317075172312513,16.969999313354492,0.030984219759947473,0.06128827743990639,1.1671695191525702,0.9473673643527611,0.5833403975755396,0.7129699840015706
AEP,5,0.01,2024-06-27,2024-07-05,81.86485290527344,81.4569091796875,hold_days,-0.004983136365712015,-0.005983136365712015,2,2024-06-25,0.00028520776187535013,-0.0062683441275873655,12.550000190734863,0.020325202936851694,-0.0233463176520583,0.9253148861060104,0.9605280329267679,0.8723452608340413,1.0480348247639508
AEP,5,0.01,2024-09-27,2024-10-04,95.27323913574219,93.8138198852539,hold_days,-0.015318249528694539,-0.01631824952869454,1,2024-09-26,0.0012358174960094281,-0.017554067024703968,15.369999885559082,-0.05878751026528495,-0.09958991444976961,0.9018594163857935,0.736839287387405,0.23255442593283276,0.8764038326311351
AEP,5,0.01,2025-02-14,2025-02-24,97.09236145019531,101.34486389160156,hold_days,0.04379852727742772,0.04279852727742772,1,2025-02-13,0.0010332774387287191,0.041765249838699,15.100000381469727,-0.025806427001953125,-0.04671715681753108,0.9835781326884524,0.47596376040788135,0.29777696397569253,1.129101136460271
AEP,5,0.01,2025-09-19,2025-09-26,103.83869934082031,105.85610961914062,hold_days,0.019428308435362363,0.01842830843536236,1,2025-09-18,-0.0014227825679345996,0.01985109100329696,15.699999809265137,0.06730113994227249,0.026143765591094548,0.9790171967019254,0.7046634172566563,0.13592189861040296,1.4551786285231072
AEP,5,0.01,2025-12-16,2025-12-23,111.99895477294922,112.5659408569336,hold_days,0.005062422994337679,0.004062422994337679,4,2025-12-12,0.007028694569502836,-0.002966271575165157,16.5,-0.009603832465638562,-0.042923421168361675,0.8824131226998678,0.2756993019458578,0.8143679473708291,1.147526422864216
AEP,5,0.01,2026-08-24,2026-08-31,121.9800033569336,122.43000030517578,hold_days,0.00368910424543456,0.00268910424543456,3,2026-08-21,-0.010341842384611555,0.013030946630046114,15.130000114440918,0.06175439399585381,0.01543627528853131,0.9110901014277027,0.8648670011684652,0.0743372893646269,0.9886875483924069
AMGN,5,0.01,2015-09-15,2015-09-22,110.19424438476562,105.69632720947266,hold_days,-0.04081807720907438,-0.04181807720907438,1,2015-09-14,-0.016090519959418015,-0.025727557249656363,24.25,-0.12769781778727518,-0.06909786141182461,1.3727460555596291,0.7450992125230349,0.24739527453925625,0.5953628159646726
AMGN,5,0.01,2016-08-12,2016-08-19,127.66261291503906,128.8500213623047,hold_days,0.009301144792139393,0.008301144792139392,2,2016-08-10,0.003820150578431436,0.004480994213707956,11.680000305175781,-0.05958130165639863,-0.08176100157393751,0.7805879945340839,0.9473726478619154,0.7976838335817708,1.1943260165269398
AMGN,5,0.01,2017-01-26,2017-02-02,114.29922485351562,119.23039245605469,hold_days,0.0431426163113422,0.042142616311342196,2,2017-01-24,-0.004877151646483724,0.04701976795782592,10.8100004196167,-0.13381403716945783,-0.05918184204065391,0.8671436820656909,0.02758675120359406,0.7639342622007655,1.2025301112490725
AMGN,5,0.01,2017-06-30,2017-07-10,130.506103515625,130.48336791992188,hold_days,-0.00017421097627368098,-0.001174210976273681,3,2017-06-27,0.004822669969848148,-0.005996880946121829,11.4399995803833,0.09160306107629057,0.04954128263775481,0.9194898491239474,0.0982145898188799,0.4243225298268273,0.6477763330249223
AMGN,5,0.01,2017-12-08,2017-12-15,134.72686767578125,135.97882080078125,hold_days,0.009292527515839089,0.008292527515839088,1,2017-12-07,0.013166917520307742,-0.004874390004468654,10.15999984741211,-0.09929077234685979,0.0283400536161873,1.0782204300434586,0.7795292619336591,0.15100073033317069,0.8883535806690681
AMGN,5,0.01,2018-05-31,2018-06-07,140.076171875,142.94601440429688,hold_days,0.02048772814735278,0.01948772814735278,2,2018-05-29,0.0278785412359166,-0.00839081308856382,14.9399995803833,0.130105845583395,0.021189300308780634,0.8288589231112194,0.48248796214384,0.5915141801344552,0.8727158754527465
AMGN,5,0.01,2018-07-24,2018-07-31,149.26272583007812,153.27899169921875,hold_days,0.026907359803362896,0.025907359803362895,1,2018-07-23,0.00809436451158052,0.017812995291782374,12.619999885559082,-0.01636789083365109,-0.005516130586200152,0.9054390074615074,0.3333314495300835,0.4475130669364437,1.0962414600943329
AMGN,5,0.01,2019-03-28,2019-04-04,149.5102996826172,153.2391357421875,hold_days,0.024940328977240744,0.023940328977240743,1,2019-03-27,0.02387908644038439,6.124253685635406e-05,15.149999618530273,0.08914448488285642,0.1297538993972438,0.9134587531392477,0.8730129255710025,0.32544512261187214,0.598847398878414
AMGN,5,0.01,2019-07-26,2019-08-02,140.9050750732422,150.45196533203125,hold_days,0.06775405537257329,0.06675405537257328,1,2019-07-25,-0.029684023376430946,0.09643807874900423,12.739999771118164,-0.05838876403876636,-0.014694549850981953,0.8509346283933107,0.9288710408539759,0.12454097801724724,0.8918583868632612
AMGN,5,0.01,2019-08-15,2019-08-22,161.3022918701172,164.62857055664062,hold_days,0.02062139755089043,0.01962139755089043,1,2019-08-14,0.02965772881776907,-0.01003633126687864,22.100000381469727,0.133914861005759,0.3709676942250526,1.2220529545555345,0.2869173319598334,0.022454200740097678,0.33365213547637945
AMGN,5,0.01,2020-04-23,2020-04-30,190.74977111816406,196.27146911621094,hold_days,0.028947337476102897,0.027947337476102896,1,2020-04-22,0.04337768602830572,-0.015430348552202822,41.97999954223633,0.027913794940968017,-0.10107068829962118,1.0601482982342185,0.5332358151632494,0.26520998081345265,0.9250502960251797
AMGN,5,0.01,2020-10-29,2020-11-05,181.12841796875,192.8948516845703,hold_days,0.06496183121220866,0.06396183121220866,1,2020-10-28,0.058256492636777235,0.005705338575431429,40.279998779296875,0.4059336584857942,0.5257575515654238,1.2243893588036565,0.7502493786410417,0.08772159428911425,2.290495634854339
AMGN,5,0.01,2021-02-17,2021-02-24,198.71923828125,193.97921752929688,hold_days,-0.023852852863921026,-0.024852852863921027,1,2021-02-16,0.01594467163783908,-0.04079752450176011,21.459999084472656,0.010357783226233597,-0.2903439402480146,0.916366123355069,0.9500008292836664,0.0600770036017811,1.012646008442167
AMGN,5,0.01,2021-04-09,2021-04-16,209.97052001953125,215.67208862304688,hold_days,0.027154138604720712,0.02615413860472071,1,2021-04-08,0.009412258764806225,0.016741879839914486,16.950000762939453,-0.12628860328691238,-0.20047169089869044,0.7732553545209154,0.9544046304970901,0.25714547293527307,0.8012221881399658
AMGN,5,0.01,2021-08-27,2021-09-03,190.68045043945312,193.75315856933594,hold_days,0.016114437126623526,0.015114437126623526,1,2021-08-26,0.0019275008088726064,0.013186936317750919,18.84000015258789,-0.13059528905133477,0.20846696396346798,1.0191121795784197,0.4980540588680559,0.6894746141120179,1.5805780239325036
AMGN,5,0.01,2021-09-29,2021-10-06,183.9358367919922,179.72474670410156,hold_days,-0.02289434273024693,-0.02389434273024693,1,2021-09-28,0.003880456544483657,-0.02777479927473059,23.25,-0.04556652637684577,0.1947585351404988,1.0885263876008984,0.616159529967357,0.19936021038480448,1.3765496661592438
AMGN,5,0.01,2021-10-28,2021-11-04,177.31959533691406,183.9614715576172,hold_days,0.037457091011759314,0.03645709101175931,1,2021-10-27,0.013076627705740362,0.02338046330601895,16.979999542236328,0.09619107767169499,-0.08905578872142972,0.853398924549561,0.40206072046562663,0.1677570559489352,1.1456122663671156
AMGN,5,0.01,2021-12-01,2021-12-08,173.31040954589844,184.2976837158203,hold_days,0.06339650456490364,0.06239650456490364,1,2021-11-30,0.04214795201148602,0.02024855255341762,27.190000534057617,0.41836204620997286,0.6488781632174578,1.238350349061747,0.3085719517299091,0.029184664024578102,1.8395217055935782
AMGN,5,0.01,2022-06-17,2022-06-27,205.96539306640625,214.85438537597656,hold_days,0.043157698374621356,0.042157698374621355,1,2022-06-16,0.042544546223323154,-0.000386847848701799,32.95000076293945,0.2629360126573672,0.3329288704769042,1.1913736740656342,0.5970318501293325,0.2262648619155813,2.0615525337278875
AMGN,5,0.01,2023-05-04,2023-05-11,208.28663635253906,208.64590454101562,hold_days,0.0017248739274298153,0.0007248739274298152,1,2023-05-03,0.009801067513723671,-0.009076193586293857,18.34000015258789,-0.026539277916689308,0.11421635313994094,0.8533855447349862,0.951389183232322,0.045082172249041264,0.7181530557043607
AMGN,5,0.01,2023-08-03,2023-08-10,209.1728973388672,237.6066436767578,hold_days,0.13593418028640203,0.13493418028640203,1,2023-08-02,0.002828306267383951,0.13210587401901808,16.09000015258789,0.21986358335580136,0.16933138698758543,0.9503144936436967,0.861588498355327,0.3949205521353455,0.7963512290932069
AMGN,5,0.01,2023-11-22,2023-11-30,243.745849609375,248.3979949951172,hold_days,0.019086049642271563,0.018086049642271562,1,2023-11-21,0.009284830219952855,0.008801219422318707,13.350000381469727,-0.0572033527309973,-0.09858203894532769,0.8445295968986382,0.5534421143432914,0.4166685095090672,0.787164830841735
AMGN,5,0.01,2025-07-18,2025-07-24,284.49603271484375,297.80584716796875,resistance,0.04678383148655607,0.04578383148655607,3,2025-07-15,0.012030889332169892,0.03375294215438618,16.520000457763672,0.046894850273431876,-0.007211474536436335,0.8616209232916188,0.13931169181034075,0.5367831097880367,1.1940440374932273
AMGN,5,0.01,2025-09-29,2025-10-06,266.57513427734375,286.18121337890625,hold_days,0.0735480417358223,0.0725480417358223,4,2025-09-25,0.01223021735322205,0.06031782438260025,15.289999961853027,-0.010355977306624964,0.03590784043038875,1.016736271103745,0.8571451219125519,0.5602121846389803,0.636949067617271
AMGN,5,0.01,2025-10-28,2025-11-04,284.2060546875,288.6916198730469,hold_days,0.015782792490043773,0.014782792490043772,1,2025-10-27,-0.011579282836635674,0.026362075326679446,15.789999961853027,-0.13384529027168468,-0.17025752012012185,1.0416704672999608,0.8764281125171081,0.7754014622364299,0.7888249197466146
AAPL,5,0.01,2015-10-16,2015-10-23,24.861690521240234,26.661832809448242,hold_days,0.07240627046942283,0.07140627046942283,2,2015-10-14,0.027189048794586057,0.04421722167483677,16.049999237060547,-0.07864528319364172,-0.2882483467811989,0.839278218807104,0.3469399406257155,0.8509330603811811,0.6830123131329278
AAPL,5,0.01,2017-01-03,2017-01-10,26.69820785522461,27.378597259521484,hold_days,0.025484459780461544,0.024484459780461543,4,2016-12-30,0.007528767090528854,0.01695569268993269,14.039999961853027,0.22834642055918186,0.0977326038880535,0.9027099580569766,0.8853501018062679,0.22033905610848536,1.3906539452229225
AAPL,5,0.01,2017-04-20,2017-04-27,32.88318634033203,33.19483184814453,hold_days,0.00947735126964444,0.00847735126964444,1,2017-04-19,0.018260277682629056,-0.009782926412984616,14.930000305175781,-0.009289939779927203,0.2663274260799269,1.2504024175756008,0.7272743035988298,0.14838404819798862,1.2669940882455435
AAPL,5,0.01,2017-12-07,2017-12-14,39.545719146728516,40.2230339050293,hold_days,0.017127385034716447,0.016127385034716446,1,2017-12-06,0.009561634559034804,0.006565750475681642,11.020000457763672,0.029906603196520276,0.13257975089594431,1.0993283535826242,0.26797646354841337,0.6818166982178994,0.5146774366928911
AAPL,5,0.01,2018-03-02,2018-03-09,41.32271957397461,42.206809997558594,hold_days,0.02139477828900671,0.02039477828900671,1,2018-03-01,0.03779330026134686,-0.017398521972340153,22.469999313354492,0.20032052016822566,0.16666661715086684,1.277485237672303,0.9766243648786831,0.3286513964373266,1.1688134166485113
AAPL,5,0.01,2019-02-12,2019-02-20,40.685359954833984,40.95677185058594,hold_days,0.006670996546503494,0.005670996546503494,1,2019-02-11,0.012220140747101427,-0.006549144200597933,15.970000267028809,0.01525751632401895,-0.15368311834809667,0.7563359201884028,0.9153843445191787,0.09183268328000423,0.3632187193509535
AAPL,5,0.01,2019-03-27,2019-04-03,44.87079620361328,46.5087890625,hold_days,0.03650465330398611,0.03550465330398611,1,2019-03-26,0.02489026925958937,0.01061438404439674,14.680000305175781,0.08259585921094992,0.06608568025856831,0.8869318516406869,0.5981318629082112,0.26626393283193944,0.7129824834311335
AAPL,5,0.01,2019-09-25,2019-09-30,53.02601623535156,53.731319427490234,resistance,0.013301078267095257,0.012301078267095256,1,2019-09-24,-0.0010997723980861185,0.013400850665181374,17.049999237060547,0.18074790391427187,0.12171049019801594,0.944976763795467,0.8922015699751904,0.09245093438436451,1.1761532917366944
AAPL,5,0.01,2020-05-14,2020-05-21,74.86176300048828,76.62967681884766,hold_days,0.023615711779962245,0.022615711779962244,1,2020-05-13,0.04186614916823328,-0.019250437388271036,35.279998779296875,0.03399765192630477,0.12968297458932754,0.7049745195727889,0.9697336919575603,0.3485082581773308,1.0302902016312216
AAPL,5,0.01,2020-11-03,2020-11-09,107.03157806396484,112.92459106445312,resistance,0.05505863883429307,0.05405863883429307,1,2020-11-02,0.06136403503673438,-0.0073053962024413055,37.130001068115234,0.1438694428638012,0.27244690472224997,1.3719059928175315,0.6195661187865932,0.4315466323949478,0.8251822112697197
AAPL,5,0.01,2021-11-12,2021-11-19,146.50941467285156,156.82435607910156,hold_days,0.07040463187490564,0.06940463187490564,1,2021-11-11,-0.00896813679446562,0.07837276866937126,17.65999984741211,0.14378240462191094,0.06836050295385165,0.9570939645731512,0.8595929245159765,0.10857282366072205,1.374031906866247
AAPL,5,0.01,2022-04-12,2022-04-20,163.9780731201172,163.55751037597656,hold_days,-0.002564749884776063,-0.003564749884776063,1,2022-04-11,0.023163735251074957,-0.02672848513585102,24.3700008392334,0.3123317845840212,0.24146723795793013,0.8509439125578254,0.31579121413825617,0.07082155423571998,1.0084872395053885
AAPL,5,0.01,2023-05-24,2023-06-01,169.31822204589844,177.4471435546875,hold_days,0.04800972636356593,0.04700972636356593,1,2023-05-23,0.00964202189497243,0.0373677044685935,18.530000686645508,0.030016727203870275,0.04630161742310834,0.8897641124213564,0.6947348977657862,0.13333236452415298,0.9266915130826736
AAPL,5,0.01,2023-10-27,2023-11-03,165.9751434326172,174.2926483154297,hold_days,0.05011295493285273,0.049112954932852726,1,2023-10-26,0.05629479493377265,-0.007181840000919926,20.68000030517578,-0.03364482832658766,0.23906528720452536,1.2281861013360473,0.6525803770989782,0.21366020774376207,0.6810491818348405
AAPL,5,0.01,2023-11-30,2023-12-07,187.662109375,191.93006896972656,hold_days,0.02274278813629893,0.02174278813629893,1,2023-11-29,0.008727473313220324,0.013015314823078605,12.979999542236328,-0.027715417877213877,-0.08333335578329393,0.7828679626287756,0.8262866066823339,0.1282033725889111,1.0669881017314509
AAPL,5,0.01,2024-02-01,2024-02-08,184.6093292236328,186.05174255371094,hold_days,0.007813328482066062,0.006813328482066062,1,2024-01-31,0.003098089494792511,0.003715238987273551,14.350000381469727,0.09208523641796162,-0.02974980267195171,1.0211327725986412,0.9712470810766021,0.018177379261360843,1.0978040847917285
AAPL,5,0.01,2024-04-22,2024-04-29,164.05154418945312,171.62896728515625,hold_days,0.04618928235721098,0.04518928235721098,3,2024-04-19,0.011852940277990998,0.03333634207921998,18.709999084472656,0.08087808559929699,0.1671864181552929,1.2790362555759924,0.4297173742523753,0.3965522911281624,0.7837091594010805
AAPL,5,0.01,2024-09-17,2024-09-24,214.9915313720703,225.4837646484375,hold_days,0.04880300730640896,0.04780300730640896,1,2024-09-16,0.015344034449966015,0.03245897285644295,17.139999389648438,-0.11876613278558601,0.14266662597656254,1.0389271206173714,0.9541662957923716,0.7272748290323643,0.5417596757908908
AAPL,5,0.01,2025-01-22,2025-01-29,222.21737670898438,237.63546752929688,hold_days,0.06938292157279857,0.06838292157279857,1,2025-01-21,0.008125863433619651,0.06025705813917892,15.0600004196167,-0.21521625844205505,-0.06633594524620234,0.9858526341982927,0.9330269830250465,0.646825168558375,0.8864023192967778
AAPL,5,0.01,2025-03-03,2025-03-10,236.57489013671875,226.08937072753906,hold_days,-0.04432219921192826,-0.04532219921192826,4,2025-02-27,-0.021172157647776135,-0.024150041564152125,19.6299991607666,0.07797914045502363,0.29999991157986683,1.1886301512781228,0.24242406727740543,0.978973926590975,1.6387805147801815
AAPL,5,0.01,2025-05-08,2025-05-15,196.28273010253906,210.43296813964844,hold_days,0.07209110057577273,0.07109110057577273,1,2025-05-07,0.03534751831633298,0.03574358225943974,23.549999237060547,-0.0465587647917971,-0.17223203495522998,0.9708426825934484,0.5232788431757529,0.48465247443722714,1.1107938455805237
AAPL,5,0.01,2025-06-18,2025-06-26,195.63446044921875,200.03321838378906,hold_days,0.022484576206409645,0.021484576206409645,1,2025-06-17,0.01806481311117425,0.0034197630952353952,21.600000381469727,0.2743362483320546,0.221028814548897,0.808828246832632,0.603997802734376,0.13521813400894145,0.6276530592347414
AAPL,5,0.01,2025-08-25,2025-09-02,226.32395935058594,228.8745574951172,hold_days,0.011269677995427108,0.010269677995427107,4,2025-08-21,-0.0007303300024452675,0.011000007997872374,14.220000267028809,-0.057654067379838914,-0.06138609735434997,0.908451532459706,0.30293345792162635,0.6385857396380977,0.7763934612107909
AAPL,5,0.01,2025-10-13,2025-10-20,246.74851989746094,261.27484130859375,hold_days,0.05887095662081121,0.05787095662081121,3,2025-10-10,0.020279296727604867,0.03759165989320634,21.65999984741211,0.30090092154152726,0.41661215836831755,1.1022734395384535,0.5084754529601249,0.10258511886567317,0.9671256989727454
AAPL,5,0.01,2026-03-16,2026-03-23,252.36964416503906,251.04200744628906,hold_days,-0.0052606830870743915,-0.0062606830870743915,3,2026-03-13,-0.012130745146814781,0.005870062059740389,27.190000534057617,-0.07799251457821688,0.3690835699111441,1.4094150261407652,0.7331686954668799,0.08810461148243717,0.7856646235650077
AMAT,5,0.01,2016-03-28,2016-04-04,18.014673233032227,18.879735946655273,hold_days,0.04801989480646496,0.04701989480646496,4,2016-03-24,0.012169119996033873,0.034850774810431084,14.739999771118164,0.020775637081209553,-0.18337947954846667,0.6908819195249436,0.29412424687812083,0.7213116291867828,0.40001425098597126
AMAT,5,0.01,2017-08-28,2017-09-05,39.63264846801758,40.404762268066406,hold_days,0.019481761373376427,0.018481761373376426,3,2017-08-25,0.0056098226559222475,0.012871938717454179,11.279999732971191,-0.2089761885048942,-0.2727273006762295,1.1008504244306292,0.75,0.22891809908999267,0.37372294307155723
AMAT,5,0.01,2018-01-12,2018-01-22,48.635658264160156,52.28446578979492,hold_days,0.07502329886883818,0.07402329886883818,1,2018-01-11,0.01705892747251303,0.05696437139632515,9.880000114440918,0.07158349547692566,-0.05635149355686897,0.940705083034942,0.4021735524853632,0.6373647563833348,0.7594349504581911
AMAT,5,0.01,2018-03-22,2018-03-29,53.747032165527344,50.69321823120117,hold_days,-0.05681828021538371,-0.05781828021538371,3,2018-03-19,0.0017282097165041144,-0.059546489931887825,17.860000610351562,0.03656419529036525,0.00563065203721691,1.0755610467026215,0.03488235411533295,0.6255920914659274,1.0532034978832892
AMAT,5,0.01,2018-05-21,2018-05-29,45.579219818115234,47.61012268066406,hold_days,0.04455764865333767,0.043557648653337666,3,2018-05-18,-0.02070020881775325,0.06425785747109092,13.420000076293945,0.060869603239808834,-0.09140151250030026,0.7733072444964795,0.3150005340576164,0.5077717032521784,1.684291275759289
AMAT,5,0.01,2018-06-19,2018-06-26,44.43428421020508,42.71365737915039,hold_days,-0.0387229559705502,-0.0397229559705502,1,2018-06-18,-0.017734647067308873,-0.021988308903241327,12.3100004196167,-0.003238863207894682,-0.03375191202721073,0.7758203220223509,0.8385080511406166,0.19999820484512623,1.4718545358316522
AMAT,5,0.01,2018-07-25,2018-07-30,42.0638427734375,43.84853744506836,resistance,0.04242823655564498,0.04142823655564498,1,2018-07-24,-0.006929617604255145,0.04835785415990013,12.40999984741211,0.029021510416044727,-0.018196241270843405,0.9138177419024714,0.8829779031308973,0.055554231006630005,0.871683962979166
AMAT,5,0.01,2019-02-05,2019-02-12,36.170318603515625,37.62193298339844,hold_days,0.04013275071737188,0.03913275071737188,1,2019-02-04,0.00435140235416509,0.03478134836320679,15.729999542236328,-0.16640175714611327,-0.11629212267123978,0.808275887725213,0.7536211853162288,0.52325632973155,0.5215023103378357
AMAT,5,0.01,2019-12-05,2019-12-12,52.57573699951172,56.83152389526367,hold_days,0.08094583430740077,0.07994583430740076,2,2019-12-03,0.021762170082852528,0.05818366422454824,14.800000190734863,0.2824956880119749,0.1508554110303042,0.9724176261351164,0.21590820422565862,0.5263153667928847,0.6501757164230251
AMAT,5,0.01,2021-07-19,2021-07-26,123.18283081054688,132.6260223388672,hold_days,0.07665996524177765,0.07565996524177765,3,2021-07-16,0.039023560592155615,0.036636404649622034,18.450000762939453,0.14029668819212127,0.19186054964663524,0.948450948077544,0.9793375988549611,0.038979696883043334,1.2008675758624665
AMAT,5,0.01,2021-10-27,2021-11-03,126.80475616455078,136.96563720703125,hold_days,0.0801301256342073,0.0791301256342073,1,2021-10-26,0.01836644619601646,0.06076367943819083,15.979999542236328,0.017834378112919103,-0.1949622551567355,0.8364276986890815,0.2613244864106172,0.055945324462609906,0.8844143678870557
AMAT,5,0.01,2023-02-24,2023-03-03,108.21673583984375,115.65414428710938,hold_days,0.06872697082891754,0.06772697082891754,2,2023-02-22,0.01957387430465274,0.048153096524264805,21.139999389648438,0.15962698411868037,0.07692309187153668,1.027176945360193,0.540697468107382,0.7407415779866299,0.5054014164047731
AMAT,5,0.01,2023-06-01,2023-06-08,131.42091369628906,132.7563018798828,hold_days,0.010161154309730414,0.009161154309730413,1,2023-05-31,0.029165065213641483,-0.02000391090391107,17.940000534057617,-0.031840266094167013,-0.002779279471743945,0.9677318169802546,0.6977776421440987,0.3175489004309838,1.1160604721657401
AMAT,5,0.01,2023-10-26,2023-11-02,127.80844116210938,135.30075073242188,hold_days,0.05862139857264537,0.057621398572645366,1,2023-10-25,0.03425155616642672,0.023369842406218644,20.190000534057617,0.05046832754198616,0.2548166776002354,1.2425899331419865,0.0846156554808285,0.10256443696719003,0.8801375824660279
AMAT,5,0.01,2024-03-18,2024-03-25,196.8334197998047,204.4133758544922,hold_days,0.03850949733229703,0.037509497332297026,3,2024-03-15,0.010739006190604528,0.0267704911416925,14.40999984741211,-0.022388054873152874,0.09916096298848798,1.04840440785951,0.31073246636809454,0.3855127025890046,0.7449877615535689
AMAT,5,0.01,2025-07-21,2025-07-28,191.0030975341797,188.6826171875,hold_days,-0.012148914738225325,-0.013148914738225326,3,2025-07-18,0.011397674502170663,-0.02454658924039599,16.40999984741211,0.0006097700679539297,0.0018315438450915433,0.8721972331567696,0.505526049570056,0.0874642442468285,1.05341920557767
AMAT,5,0.01,2025-08-18,2025-08-25,162.1656951904297,161.09896850585938,hold_days,-0.006578004573147611,-0.007578004573147611,3,2025-08-15,0.013032421921512993,-0.020610426494660605,15.09000015258789,-0.003960360887996117,-0.25956816614411116,0.8676487448099611,0.6357131568765279,0.008633480299270609,0.7246873373958518
ADM,5,0.01,2015-07-27,2015-08-03,33.905853271484375,34.22151565551758,hold_days,0.009309967264521823,0.008309967264521823,3,2015-07-24,0.012626712130455742,-0.004316744865933919,13.739999771118164,0.1497907941776866,-0.1836007229112011,0.8713511892298103,0.9374945362356839,0.14893513408220208,0.8123766200197747
ADM,5,0.01,2016-05-16,2016-05-23,27.84729766845703,29.91088104248047,hold_days,0.07410354134149544,0.07310354134149544,3,2016-05-13,-0.0076225060215033835,0.08072604736299882,15.039999961853027,0.021739109308372973,-0.04203820735224595,0.9241087010365657,0.6527783664646283,0.1836738665867408,0.8174197220407656
ADM,5,0.01,2016-08-04,2016-08-11,32.351688385009766,32.492210388183594,hold_days,0.004343575565562752,0.0033435755655627517,2,2016-08-02,0.017401139736706206,-0.014057564171143455,12.859999656677246,0.002338248881495364,0.09260825458970934,0.8312200161016056,0.29906771956719325,1.0,1.306967290316847
ADM,5,0.01,2016-10-19,2016-10-26,31.441469192504883,32.23085403442383,hold_days,0.025106487139192613,0.02410648713919261,2,2016-10-17,0.006792659326109174,0.017313827813083438,15.279999732971191,-0.005208328482694813,0.12105646402615267,1.1886925283760066,0.9358983137055449,0.02438615915667927,1.1616798471152965
ADM,5,0.01,2017-03-09,2017-03-16,33.56084442138672,33.8857307434082,hold_days,0.009680516912573545,0.008680516912573544,1,2017-03-08,0.00568655869935264,0.002993958213220904,11.859999656677246,-0.05422649978025185,0.010221455527988699,0.9742086200015225,0.7804873510174043,0.11926701827204664,0.47235874387512083
ADM,5,0.01,2017-05-19,2017-05-26,31.594614028930664,32.317867279052734,hold_days,0.022891662783403488,0.021891662783403487,1,2017-05-18,0.017212804824233263,0.004678857959170224,14.65999984741211,0.38301880375776465,0.4015296170122369,1.020024775410553,0.40625372529384696,0.3571457765667622,0.58841306001339
ADM,5,0.01,2018-01-05,2018-01-12,31.074722290039062,31.322208404541016,hold_days,0.007964226106094152,0.006964226106094152,2,2018-01-03,0.019695607106452462,-0.01273138100035831,9.220000267028809,-0.11938872665900391,-0.08075767572353032,0.955693966678492,0.20000117375025547,0.8985509650097527,1.5133868453091657
ADM,5,0.01,2018-01-19,2018-01-26,31.677963256835938,33.711978912353516,hold_days,0.06420916771152108,0.06320916771152107,1,2018-01-18,0.0263523934839629,0.036856774227558176,12.220000267028809,0.24439925120054196,0.33551921054524114,1.0728114114027558,0.7375873861004714,0.11110922731318867,2.3141113480417195
ADM,5,0.01,2018-06-01,2018-06-08,34.41431427001953,35.22323226928711,hold_days,0.023505277278538683,0.022505277278538682,1,2018-05-31,0.02009209554823621,0.0024131817303024716,15.430000305175781,0.22655011118872248,0.14977646925892674,0.8649564891816942,0.4736836821763762,0.24096535051635976,0.6034888246255292
ADM,5,0.01,2018-09-10,2018-09-17,39.29580307006836,39.35905456542969,hold_days,0.001609624703394985,0.0006096247033949851,3,2018-09-07,0.007757486718649176,-0.007147862015254191,14.880000114440918,0.09977830067357041,0.19903306183713476,1.0466885850965164,0.39726177723199646,0.8474574079462073,1.4053659838277148
ADM,5,0.01,2018-10-29,2018-11-05,37.16892623901367,38.03074645996094,hold_days,0.023186578364017274,0.022186578364017273,3,2018-10-26,0.041389437860112066,-0.019202859496094793,24.15999984741211,0.21468077369504357,0.13374004940847573,1.5463385674438033,0.48999786376953186,0.21527628766023785,1.0550677766970384
ADM,5,0.01,2019-12-20,2019-12-30,37.75212097167969,38.024192810058594,hold_days,0.00720679610512498,0.00620679610512498,2,2019-12-18,0.00016415443529571583,0.006042641669829264,12.5,-0.10329982953584183,-0.1391184844407909,0.8750572144437018,0.1011238363022237,0.9729674000453677,1.24752449805342
ADM,5,0.01,2020-09-24,2020-10-01,38.47908020019531,39.43534469604492,hold_days,0.024851542471245436,0.023851542471245435,1,2020-09-23,0.02984420424026446,-0.005992661769019025,28.579999923706055,0.09754220118572032,-0.00798332337729546,1.0501394924211587,0.7235770088420381,0.028572051378466516,1.2830242626521442
ADM,5,0.01,2020-11-23,2020-12-01,41.604156494140625,42.71223068237305,hold_days,0.026633737626394982,0.02563373762639498,3,2020-11-20,0.015033254228691062,0.01060048339770392,23.700000762939453,0.02597404205893583,-0.04666129601497648,0.8318837402244429,0.6309553544261804,0.5263147327702739,0.7653136736054824
ADM,5,0.01,2021-03-24,2021-03-31,47.99769592285156,48.92469024658203,hold_days,0.01931330881424942,0.018313308814249418,1,2021-03-23,0.02290009733555909,-0.00458678852130967,20.299999237060547,0.02577050520159685,-0.15522269425726154,0.8605530035106619,0.16666555125751398,0.23256034018795232,1.1851271155280265
ADM,5,0.01,2021-07-23,2021-07-30,50.065460205078125,51.541282653808594,hold_days,0.029477856444047656,0.028477856444047656,1,2021-07-22,0.0008288078648326369,0.02764904857921502,17.690000534057617,0.03997650182397927,-0.06894734031275696,1.0667750103995093,0.8372056918791302,0.4326926603821991,0.8580616636919379
ADM,5,0.01,2021-08-23,2021-08-30,51.491390228271484,52.15119552612305,hold_days,0.012813895583834833,0.011813895583834833,3,2021-08-20,0.011081454823462789,0.000732440760372044,18.559999465942383,0.20129447864538008,0.14922600026856414,1.1039580633423234,0.5833353937445951,0.5057461688553712,1.1735781389116386
ADM,5,0.01,2021-09-24,2021-10-01,51.88206100463867,52.78496170043945,hold_days,0.017402945802790226,0.016402945802790225,2,2021-09-22,-0.011425104714910206,0.02782805051770043,18.6299991607666,-0.003210346258775032,-0.009042557616641966,1.2254572591820179,0.06896279569421009,0.7692300168238172,0.6273679154238726
ADM,5,0.01,2021-12-02,2021-12-09,54.475093841552734,55.24333190917969,hold_days,0.014102556112366882,0.013102556112366881,1,2021-12-01,0.023541743923622294,-0.010439187811255413,31.1200008392334,0.6057792666076878,0.9010384388404673,1.3474343088453669,0.48648704378307783,0.00892876909688655,0.839261009689753
ADM,5,0.01,2022-05-20,2022-05-27,74.06116485595703,78.40785217285156,hold_days,0.058690507033591466,0.057690507033591465,1,2022-05-19,0.06779882214123734,-0.010108315107645871,29.350000381469727,-0.07617249107412483,-0.059294882571516716,1.058040920304929,0.5570030144809396,0.737003215073984,1.1050546119950337
ADM,5,0.01,2022-07-15,2022-07-22,63.480987548828125,65.1032943725586,hold_days,0.0255557905819066,0.0245557905819066,1,2022-07-14,0.022606090672483647,0.0019496999094229528,26.399999618530273,0.01226992698467555,-0.06250000846656889,0.9297320182276332,0.59440440050578,0.8842099768307514,0.655472639241453
ADM,5,0.01,2022-11-11,2022-11-18,82.44086456298828,84.64244079589844,hold_days,0.02670491442054268,0.02570491442054268,2,2022-11-09,-0.003070519927089954,0.028775434347632634,23.530000686645508,-0.06996041912215822,-0.14092730153406818,0.9059883250902374,0.38218406554257384,0.34146205305222255,1.4594431290148548
ADM,5,0.01,2023-10-27,2023-11-03,63.35490036010742,65.95098876953125,hold_days,0.04097691567136463,0.03997691567136463,3,2023-10-24,0.05629479493377265,-0.01631787926240802,20.68000030517578,-0.03364482832658766,0.23906528720452536,1.2281861013360473,0.16279045010007254,0.5507242370632457,1.4460570749909456
ADM,5,0.01,2024-06-18,2024-06-26,55.49332809448242,56.19729995727539,hold_days,0.012685702713565616,0.011685702713565616,4,2024-06-14,0.01091769453225755,0.0007680081813080664,12.75,0.0007849473360672654,-0.02745992876467307,0.881815393352741,0.5641033165095182,0.9340665098867726,0.906818627591125
ADM,5,0.01,2024-10-23,2024-10-30,52.38958740234375,51.87578201293945,hold_days,-0.009807395226428373,-0.010807395226428373,1,2024-10-22,-0.00980960679321663,-0.0009977884332117437,18.200000762939453,-0.11821699122397822,-0.15032676479390616,0.988852606115521,0.9213489406752401,0.037498509882459605,0.7946901973830892
ADM,5,0.01,2024-11-13,2024-11-20,48.45663070678711,49.998050689697266,hold_days,0.03181030047750011,0.030810300477500108,1,2024-11-12,-0.006637136436791313,0.03744743691429142,14.710000038146973,-0.28208881393539276,-0.23940021085374064,0.8302085850804288,0.714284849273847,0.09589005304000892,0.9693359869470719
ADM,5,0.01,2025-05-07,2025-05-14,45.65610122680664,47.11503982543945,hold_days,0.03195495365198209,0.030954953651982087,2,2025-05-05,0.02834795417460212,0.0026069994773799676,24.760000228881836,0.024410432384175618,-0.19005559450254328,0.9853818945869923,0.46078530369838866,0.29186629943363623,1.0102386753537755
ADM,5,0.01,2025-12-24,2026-01-02,56.61281204223633,57.85715866088867,hold_days,0.021979947184463944,0.020979947184463943,1,2025-12-23,-0.002739182794207373,0.023719129978671316,14.0,-0.1504854132963036,-0.17306557899352382,0.8593293774858931,0.2888847444983224,0.24657591513599478,0.36352947899387833
ADM,5,0.01,2026-05-08,2026-05-15,76.66475677490234,79.36963653564453,hold_days,0.03528191928768609,0.03428191928768609,1,2026-05-07,0.0021988960155194803,0.03208302327216661,17.079999923706055,0.011249291943377093,-0.11548418456300036,0.8032944208315511,0.48780850892264016,0.2889606690083286,0.45630247608494434
T,5,0.01,2015-06-16,2015-06-23,11.960314750671387,12.38808536529541,hold_days,0.03576583255051968,0.03476583255051968,1,2015-06-15,0.017310662092710594,0.01745517045780909,15.390000343322754,0.006540247332846194,0.10164638862930797,0.9907401394160906,0.8367347990558304,0.05882527704329199,1.2908802082840776
T,5,0.01,2015-07-13,2015-07-20,12.245795249938965,12.252816200256348,hold_days,0.0005733355959400832,-0.0004266644040599168,4,2015-07-09,0.02126519251397685,-0.021691856918036767,16.829999923706055,0.0023823112565597437,0.2012847715027688,1.1939792583978293,0.7000008417721014,0.3333333333333446,0.6647948727479569
T,5,0.01,2015-09-29,2015-10-06,11.25925064086914,11.69459342956543,hold_days,0.03866534306608904,0.03766534306608904,1,2015-09-28,0.053662290005137336,-0.015996946939048295,27.6299991607666,0.3718967228453778,0.13938140869140625,1.24318689912383,0.6666641158284632,0.043479693007009185,0.8394425482483895
T,5,0.01,2015-10-28,2015-11-04,11.956578254699707,11.978044509887695,hold_days,0.0017953510386259364,0.0007953510386259363,1,2015-10-27,0.009309470442650625,-0.00851411940402469,15.430000305175781,-0.020317440941220233,-0.12676852073834144,0.7430458164323712,0.6170196761124881,0.11111422879430181,1.0134275576521845
T,5,0.01,2016-10-11,2016-10-18,14.938883781433105,15.03822135925293,hold_days,0.006649598408636548,0.005649598408636548,4,2016-10-07,-0.0018734080009354948,0.0075230064095720426,13.380000114440918,-0.01400144323184982,-0.07724137141786769,1.0099876848968803,0.6410237316670442,0.8080800350995381,1.235692244831601
T,5,0.01,2016-12-05,2016-12-12,14.759310722351074,15.710660934448242,hold_days,0.06445763152451756,0.06345763152451755,3,2016-12-02,0.029692269407783467,0.03376536211673409,14.119999885559082,0.14424632989959063,0.05767786382674123,0.9099111091673473,-1.328373111007821e-14,0.21538353950394543,0.6499484259942242
T,5,0.01,2017-02-14,2017-02-22,15.809784889221191,16.135683059692383,hold_days,0.02061370048705613,0.01961370048705613,1,2017-02-13,0.014621159805229489,0.0049925406818266405,11.069999694824219,-0.026385241315251884,-0.0681818528462883,0.9197775328848351,0.918922977169585,0.24615372661155555,0.7954853393714786
T,5,0.01,2017-06-30,2017-07-10,14.870527267456055,14.767127990722656,hold_days,-0.00695330265522498,-0.00795330265522498,1,2017-06-29,0.004822669969848148,-0.012775972625073129,11.4399995803833,0.09160306107629057,0.04954128263775481,0.9194898491239474,0.575759894701389,0.0,0.8121371878461493
T,5,0.01,2017-07-20,2017-07-27,14.64283561706543,15.801589965820312,hold_days,0.07913455966168303,0.07813455966168303,2,2017-07-18,0.003584510743180891,0.07455004891850214,9.789999961853027,-0.04951458441142509,-0.11562780201065914,0.9166471414576405,0.6428593976180729,1.0000000000000138,1.601125124561082
T,5,0.01,2017-11-07,2017-11-14,13.480901718139648,13.745870590209961,hold_days,0.01965512972428063,0.018655129724280628,1,2017-11-06,-0.0018730398359949607,0.02052816956027559,9.399999618530273,-0.10476194109235493,-0.150858186299206,0.9141663129725324,0.8780450247913433,0.5849061098855038,0.6112727825146312
T,5,0.01,2018-01-12,2018-01-22,15.307114601135254,15.709493637084961,hold_days,0.026287059738865803,0.025287059738865802,1,2018-01-11,0.01705892747251303,0.008228132266352772,9.880000114440918,0.07158349547692566,-0.05635149355686897,0.940705083034942,0.8656713605113929,0.2749977903203434,1.1256195990234674
T,5,0.01,2018-03-02,2018-03-09,15.078956604003906,15.369338989257812,hold_days,0.019257458780457037,0.018257458780457037,1,2018-03-01,0.03779330026134686,-0.019535841480889826,22.469999313354492,0.20032052016822566,0.16666661715086684,1.277485237672303,0.8888907595093091,0.14772619659137506,0.6723558694000427
T,5,0.01,2019-08-15,2019-08-22,16.087427139282227,16.579326629638672,hold_days,0.030576641379486125,0.029576641379486124,1,2019-08-14,0.02965772881776907,-8.108743828294518e-05,22.100000381469727,0.133914861005759,0.3709676942250526,1.2220529545555345,0.7600016162187586,0.1147537590249719,0.8250672645469902
T,5,0.01,2020-01-16,2020-01-24,18.465883255004883,18.69409942626953,hold_days,0.012358800719851626,0.011358800719851625,1,2020-01-15,-0.01123404245733961,0.022592843177191235,12.420000076293945,-0.07657990688309657,-0.09869373606903609,0.9454333758837219,0.7222214428014222,0.3333333333333333,0.9423905600396708
T,5,0.01,2020-04-23,2020-04-30,14.659584045410156,15.141609191894531,hold_days,0.03288122943947336,0.03188122943947336,1,2020-04-22,0.04337768602830572,-0.01149645658883236,41.97999954223633,0.027913794940968017,-0.10107068829962118,1.0601482982342185,0.23611154953684393,0.10062879097107783,0.8398598658467359
T,5,0.01,2020-06-12,2020-06-19,15.156517028808594,15.062098503112793,hold_days,-0.0062295661672359115,-0.0072295661672359115,1,2020-06-11,0.012119913426743345,-0.019349479593979257,40.790000915527344,0.5803952638337648,0.426722654698382,0.7374050999535571,0.45794617506909313,0.04166587750034212,1.8107741731482678
T,5,0.01,2021-03-22,2021-03-29,15.989198684692383,16.293094635009766,hold_days,0.019006327728501082,0.01800632772850108,3,2021-03-19,0.017863802549657137,0.0001425251788439441,20.950000762939453,0.01256646796378047,-0.15044603030936332,0.8608961124562151,0.9534867331477466,0.3181812964174595,0.732231836687827
T,5,0.01,2021-04-14,2021-04-21,16.211435317993164,16.418642044067383,hold_days,0.012781516380862223,0.011781516380862223,1,2021-04-13,0.007074739160080723,0.0047067772207814995,16.649999618530273,-0.08112589142492099,-0.19720348108602626,0.7560890049113062,0.8600008081052959,0.3428550813521317,1.4926959962945845
T,5,0.01,2021-04-28,2021-04-30,16.88214111328125,17.127519607543945,resistance,0.014534797015151923,0.013534797015151923,1,2021-04-27,-0.0013153972238283407,0.014850194238980263,17.559999465942383,-0.05995721739485582,0.05465464674241449,0.8489834768500019,0.23999959594326747,0.5599967675788168,0.7233113370178329
T,5,0.01,2021-06-21,2021-06-28,15.775202751159668,15.693412780761719,hold_days,-0.005184717539806982,-0.006184717539806982,3,2021-06-18,0.015209576593272045,-0.021394294133079028,20.700000762939453,0.3226837870609123,0.26065777507666854,0.9798339948670476,0.9285688516901761,0.6666690049454553,0.8856301833990307
T,5,0.01,2023-02-10,2023-02-17,15.770851135253906,16.076839447021484,hold_days,0.019402143178155917,0.018402143178155916,1,2023-02-09,-0.0014632682585613566,0.019865411436717273,20.709999084472656,0.10571273842113071,0.10571273842113071,0.9189710960493853,0.8571399377388428,0.22222163353537094,0.8027872322138078
T,5,0.01,2024-10-11,2024-10-18,19.74297332763672,20.18642807006836,hold_days,0.02246139601530439,0.02146139601530439,1,2024-10-10,0.004151348221142825,0.017310047794161565,20.93000030517578,0.02147391600647186,0.3617436864681183,1.1362136997140615,0.6521764369293521,0.02127702746575172,0.7467553762604114
T,5,0.01,2025-08-28,2025-09-05,27.63678741455078,28.25751495361328,hold_days,0.022460191546564756,0.021460191546564755,2,2025-08-26,-0.002582997136981291,0.024043188683546046,14.850000381469727,-0.05353723526951515,0.024844763011599547,0.8954173790359373,0.70370448861951,0.9655164475955844,0.573478559708311
BAC,5,0.01,2016-04-11,2016-04-18,10.292019844055176,11.24424934387207,hold_days,0.09252114883619433,0.09152114883619433,4,2016-04-07,0.03458131685997334,0.05693983197622099,15.359999656677246,0.17251902361807137,0.04206240808591599,0.7652035162849505,0.42857207732934566,0.07143003113058105,0.820977547486275
BAC,5,0.01,2016-05-16,2016-05-23,11.053804397583008,11.482312202453613,hold_days,0.03876564026809648,0.03776564026809648,3,2016-05-13,-0.0076225060215033835,0.04538814628959986,15.039999961853027,0.021739109308372973,-0.04203820735224595,0.9241087010365657,0.5909088938691845,0.02000045776367164,0.6474516687115645
BAC,5,0.01,2016-11-04,2016-11-11,13.238718032836914,15.214526176452637,hold_days,0.1492446729898611,0.1482446729898611,2,2016-11-02,0.04179268173979889,0.10645199125006222,22.079999923706055,0.4375000271635756,0.6058181762695312,1.3122624134352534,0.5555543781756151,0.13635851330379992,1.3324171501948292
BAC,5,0.01,2017-05-02,2017-05-08,18.9495906829834,19.29588508605957,resistance,0.01827450570671907,0.017274505706719068,4,2017-04-28,0.005361390247439868,0.0119131154592792,10.109999656677246,-0.0673432182320004,-0.3103683654906765,0.8711523338131745,0.5882372740634361,0.6190480515528999,0.7079735467072122
BAC,5,0.01,2017-05-18,2017-05-25,18.31338119506836,18.724098205566406,hold_days,0.022427153463536742,0.02142715346353674,1,2017-05-17,0.02426059532790581,-0.0028334418643690684,15.59000015258789,0.5269343873006822,0.45973780029131706,0.9567742416162767,0.47999954223632596,0.1111115392470027,1.3718762636349966
BAC,5,0.01,2017-06-26,2017-07-03,18.494720458984375,19.941009521484375,hold_days,0.07820010395439203,0.07720010395439203,3,2017-06-23,0.0009568528582906133,0.07624325109610142,10.020000457763672,-0.034682047467071375,-0.06355134239466553,0.9124840513875692,0.3902436755087022,0.21621551959667482,1.0059560870184368
BAC,5,0.01,2018-09-14,2018-09-20,25.08424949645996,25.761531829833984,resistance,0.027000302858158243,0.026000302858158242,1,2018-09-13,0.01285472998306525,0.013145572875092992,12.369999885559082,-0.15563138514265207,0.009795909025231087,1.0172239161587497,0.9285762942779286,0.10169398377137398,0.7805102413768592
BAC,5,0.01,2019-02-11,2019-02-19,23.596513748168945,24.194528579711914,hold_days,0.02534335529075249,0.02434335529075249,4,2019-02-07,0.022102758406251644,0.002240596884500845,15.720000267028809,-0.026022251456155554,-0.09758896680939666,0.7513532930850754,0.8000030517578082,0.9347851326024581,0.49813226805782396
BAC,5,0.01,2019-09-26,2019-10-03,24.6106014251709,23.49539566040039,hold_days,-0.04531403948665447,-0.04631403948665447,2,2019-09-24,-0.026554016291759908,-0.01976002319489456,15.960000038146973,0.14408603988272883,0.09240249234726927,0.9682834550742617,0.2857133125796183,0.746031649919315,0.49189897874685484
BAC,5,0.01,2019-10-09,2019-10-16,23.562978744506836,25.48925018310547,hold_days,0.08174991199055004,0.08074991199055004,1,2019-10-08,0.023584875108288328,0.05716503688226171,20.280000686645508,0.09267248223036484,0.18944290874594905,1.134971865590177,0.4374985098824623,0.36956458641722306,0.5813299286134578
BAC,5,0.01,2021-02-01,2021-02-08,26.132558822631836,28.862695693969727,hold_days,0.10447261938136276,0.10347261938136276,3,2021-01-29,0.050963848698111436,0.05250877068325133,33.09000015258789,0.5102693009145001,0.423225813014533,1.2326822045093577,0.8297837802740117,0.06593349011322727,0.618575761968103
BAC,5,0.01,2021-08-04,2021-08-11,33.68796157836914,36.92735290527344,hold_days,0.09615872184395657,0.09515872184395657,2,2021-08-02,0.021068513342866746,0.07409020850108983,18.040000915527344,-0.06818180026907805,-0.08565629325490742,1.0162357724377191,0.4505493584181162,0.9259243560943252,1.1583625668051516
BAC,5,0.01,2021-08-20,2021-08-27,35.536521911621094,37.4026985168457,hold_days,0.05251432905746278,0.05151432905746278,1,2021-08-19,0.0191460365558056,0.03236829250165718,21.670000076293945,0.3899935769209595,0.25405088050958,1.0693628829658706,0.8214249221735624,0.272727798167787,0.6830084132690472
BAC,5,0.01,2022-03-08,2022-03-15,34.475799560546875,37.075557708740234,hold_days,0.07540820463431541,0.07440820463431541,1,2022-03-07,0.018740201895665276,0.055668002738650135,36.45000076293945,0.20895526448156843,0.31351354100682705,1.3705515380678102,0.28188020840000627,0.06842155984853558,1.2052155626013852
BAC,5,0.01,2022-09-29,2022-10-06,27.73052978515625,28.45408821105957,hold_days,0.026092484763512447,0.025092484763512446,2,2022-09-27,0.03233988041836233,-0.007247395654849886,30.18000030517578,0.07824224908774013,0.15366974316558912,1.2475052694199984,0.6521745139720109,0.739130705200635,0.719117328625086
BAC,5,0.01,2022-11-29,2022-12-06,33.46475601196289,30.021442413330078,hold_days,-0.10289373086724152,-0.10389373086724152,1,2022-11-28,-0.010415716222977656,-0.09347801464426386,22.209999084472656,-0.03935993606092425,-0.013765602441812685,0.7857011417900203,0.6511594897180617,0.03614319396633203,0.7385384724104852
BAC,5,0.01,2023-06-01,2023-06-08,25.639482498168945,26.977758407592773,hold_days,0.05219590175111377,0.05119590175111377,1,2023-05-31,0.029165065213641483,0.022030836537472287,17.940000534057617,-0.031840266094167013,-0.002779279471743945,0.9677318169802546,0.6875014901175397,0.45588416789148073,1.0861769954191718
BAC,5,0.01,2024-01-04,2024-01-08,31.706655502319336,32.04434585571289,resistance,0.010650456443406675,0.009650456443406674,1,2024-01-03,0.007304381364063639,0.002346075079343035,14.039999961853027,0.08083142488342632,0.11783435452158164,0.8603874144678607,0.3376599570970656,0.547165601427997,1.3865157781892978
BAC,5,0.01,2024-05-03,2024-05-10,35.18913269042969,36.32274627685547,hold_days,0.03221487714399074,0.031214877143990738,1,2024-05-02,0.017647929443894705,0.013566947700096033,14.680000305175781,-0.044892621048851944,-0.18444442749023438,1.0223321758586652,0.37777627072666353,0.2738089291147624,0.6052979360480248
BAC,5,0.01,2024-06-27,2024-07-05,37.30400085449219,38.4064826965332,hold_days,0.029553983937040673,0.028553983937040672,1,2024-06-26,0.00028520776187535013,0.028268776175165322,12.550000190734863,0.020325202936851694,-0.0233463176520583,0.9253148861060104,0.9009914452438941,0.6022732198746392,1.6213844987284305
BAC,5,0.01,2024-12-23,2024-12-31,42.219451904296875,42.27717590332031,hold_days,0.0013672370535335876,0.0003672370535335876,4,2024-12-19,-0.006579857363931962,0.00694709441746555,18.360000610351562,0.3294714013383897,0.4377447104310308,1.14795802964127,0.8345857760747117,0.8230747561533839,1.479659774279919
BAC,5,0.01,2025-03-12,2025-03-19,38.63322067260742,40.85963439941406,hold_days,0.05762951387548343,0.05662951387548343,1,2025-03-11,0.013264605430272303,0.043364908445211126,26.920000076293945,0.14504465394359944,0.38548634346253574,1.4031837094561066,0.5461534624266743,0.24460453372852545,0.9960603157300766
BAC,5,0.01,2025-10-13,2025-10-20,47.84024429321289,50.9538688659668,hold_days,0.0650837933366415,0.06408379333664149,3,2025-10-10,0.020279296727604867,0.043804496609036625,21.65999984741211,0.30090092154152726,0.41661215836831755,1.1022734395384535,0.08474444767723727,0.06289451523359646,0.6325064382996962
BAC,5,0.01,2026-01-26,2026-02-02,51.19898223876953,53.1772575378418,hold_days,0.038638957505960914,0.03763895750596091,3,2026-01-23,0.01197360148755311,0.025665356018407803,16.09000015258789,0.015782828130791238,0.04142397095299355,0.9895483932136396,0.5737736698601739,0.4146344867369419,0.5941872028534155
BAC,5,0.01,2026-03-30,2026-03-31,46.74736404418945,48.2518310546875,resistance,0.03218292712880877,0.03118292712880877,3,2026-03-27,0.020061135298142352,0.011121791830666417,31.049999237060547,0.159447290550085,0.14196390684759197,1.3593559928550922,0.3225797189430436,0.09219934906648049,0.9147559102818721
BA,5,0.01,2015-07-28,2015-08-04,125.59712219238281,127.12930297851562,hold_days,0.012199171122614594,0.011199171122614593,1,2015-07-27,-0.0006441859845045528,0.011843357107119146,15.600000381469727,0.2734694188954878,0.12230221651755735,0.9159769218248566,0.8646616110046744,0.0901942950148692,1.3317616739693563
BA,5,0.01,2015-11-13,2015-11-20,127.87947082519531,133.9868927001953,hold_days,0.0477592050982798,0.0467592050982798,1,2015-11-12,0.03672223619116344,0.010036968907116361,18.3700008392334,0.2205980469383919,0.2573580609796735,0.7698138493101216,0.35960402291074123,0.33807749951128857,1.0247999829150962
BA,5,0.01,2015-12-21,2015-12-29,126.36383056640625,132.1484375,hold_days,0.04577739458882446,0.04477739458882446,3,2015-12-18,0.031548453081432504,0.013228941507391956,20.700000762939453,-0.15129146039565244,0.39770426579604345,1.1480224492630338,0.5357116095939367,0.12500034553390385,0.725353268710597
BA,5,0.01,2016-05-05,2016-05-12,119.5499038696289,122.66034698486328,hold_days,0.026017947439141098,0.025017947439141097,1,2016-05-04,0.011518895383309635,0.013499052055831462,16.049999237060547,0.16557724789409045,0.20858430420085639,0.9170681511187662,0.6315815891181047,0.20224767260445647,0.6271449151570517
BA,5,0.01,2016-06-28,2016-07-06,113.05155944824219,115.85298156738281,hold_days,0.024780039592670944,0.023780039592670943,1,2016-06-27,0.047137002293845987,-0.023356962701175044,23.850000381469727,0.2983124274296449,0.1373391112264435,1.3609472520383945,0.5776696332344505,0.10294068148414333,0.9535203899854717
BA,5,0.01,2016-08-08,2016-08-15,120.62543487548828,123.89765930175781,hold_days,0.027127151331285848,0.026127151331285847,4,2016-08-04,0.006537208217779478,0.01958994311350637,11.390000343322754,-0.04043804101635173,-0.05241265311549992,0.825045385977261,0.36666963366097577,0.5034945634196519,0.6255842376386773
BA,5,0.01,2016-09-19,2016-09-26,117.29150390625,120.13455963134766,hold_days,0.024239229870989476,0.023239229870989475,3,2016-09-16,0.00443640982198823,0.018802820049001245,15.369999885559082,-0.12171429225376673,0.14020774536385505,1.1995799408180678,0.20388874486129702,0.26277364133006786,0.5242058626894953
BA,5,0.01,2017-01-18,2017-01-25,146.78530883789062,155.16668701171875,hold_days,0.057099571068685684,0.05609957106868568,1,2017-01-17,0.013721109708765278,0.042378461359920405,11.869999885559082,0.02681656182436898,-0.15455841041238472,0.8450683410267087,0.682610974371908,0.2430955993930308,1.368441521571047
BA,5,0.01,2017-06-07,2017-06-14,177.2423553466797,181.27528381347656,hold_days,0.02275375126283219,0.02175375126283219,1,2017-06-06,0.004966374343400748,0.01678737691943144,10.449999809265137,0.006743708482896293,-0.04391587214168202,0.8564533113036518,0.7953542178251534,0.027648667843297565,1.019506346916857
BA,5,0.01,2017-09-07,2017-09-11,223.99761962890625,228.05459594726562,resistance,0.018111693887999936,0.017111693887999935,1,2017-09-06,0.01094882717512169,0.0061628667128782455,11.630000114440918,-0.005982879997039503,0.02466957916832535,1.0097263117499033,0.8977796766493013,0.07954501120566247,0.7058883045701608
BA,5,0.01,2018-06-01,2018-06-08,343.3339538574219,355.6343078613281,hold_days,0.03582620904722478,0.034826209047224777,1,2018-05-31,0.02009209554823621,0.014734113498988566,15.430000305175781,0.22655011118872248,0.14977646925892674,0.8649564891816942,0.6124683659460365,0.10364864310776607,0.5535926214316045
BA,5,0.01,2018-09-11,2018-09-18,333.936279296875,351.6656188964844,hold_days,0.05309198400646875,0.05209198400646875,1,2018-09-10,0.009807157538394007,0.04228482646807474,14.15999984741211,0.10108866449773735,0.18098416327922706,1.0635536839180495,0.8528468875995692,0.01984482143698376,1.729114027334968
BA,5,0.01,2019-07-09,2019-07-16,346.80108642578125,356.2890319824219,hold_days,0.027358465495093354,0.026358465495093353,1,2019-07-08,0.0076151821570984435,0.01874328333799491,13.960000038146973,-0.074270549816013,-0.09350646857488232,0.8754245594989225,0.8722675283376956,0.48314674164623794,1.0215985214027798
BA,5,0.01,2019-12-20,2019-12-30,326.0600280761719,324.4695129394531,hold_days,-0.004877982579168494,-0.005877982579168494,4,2019-12-16,0.00016415443529571583,-0.00604213701446421,12.5,-0.10329982953584183,-0.1391184844407909,0.8750572144437018,0.0,0.6579628847578901,1.0205982099209168
BA,5,0.01,2021-07-02,2021-07-12,236.67999267578125,238.2899932861328,hold_days,0.006802436455019878,0.005802436455019878,3,2021-06-29,0.005477085741279808,0.00032535071374006994,15.479999542236328,-0.030682574614862235,-0.12788734973316462,0.8753985346341896,0.4834324924912503,0.3510953793169425,1.2709585463305544
BA,5,0.01,2021-08-04,2021-08-11,226.6300048828125,239.49000549316406,hold_days,0.056744474841278425,0.055744474841278424,2,2021-08-02,0.021068513342866746,0.03467596149841168,18.040000915527344,-0.06818180026907805,-0.08565629325490742,1.0162357724377191,0.18518550720227447,0.9987166972168371,1.311679080616516
BA,5,0.01,2022-01-28,2022-02-04,190.57000732421875,206.4499969482422,hold_days,0.08332890283730032,0.08232890283730032,1,2022-01-27,0.016342687889968177,0.06598621494733214,30.489999771118164,0.1914810312353492,0.7304198818894441,1.4591190787607355,0.9784181349141007,0.10027099150360311,0.835758412781759
BA,5,0.01,2022-05-06,2022-05-13,148.89999389648438,127.19999694824219,hold_days,-0.1457353783595725,-0.1467353783595725,4,2022-05-02,-0.020319466447524692,-0.12641591191204782,31.200000762939453,0.04034681564041165,0.3756613907901638,1.152007917225084,0.6039594387169291,0.15883644084575313,0.6874284784803272
BA,5,0.01,2022-12-19,2022-12-27,185.67999267578125,189.39999389648438,hold_days,0.020034475266264673,0.019034475266264672,4,2022-12-15,0.015177021444813699,0.0038574538214509735,22.6200008392334,-0.009198383056260973,0.1867786711984043,0.8699363518250169,0.29128825022682076,0.6403004632237153,0.5571206331580628
BA,5,0.01,2023-02-06,2023-02-13,206.80999755859375,215.64999389648438,hold_days,0.04274453093296926,0.04174453093296926,3,2023-02-03,0.002885000978937846,0.03885952995403141,18.329999923706055,-0.009724489624528432,-0.07657432889435178,0.8818865734781008,0.6902637539961448,0.0760232004759072,0.7619629531645805
BA,5,0.01,2023-02-27,2023-03-06,200.4600067138672,211.9199981689453,hold_days,0.057168467880158724,0.05616846788015872,3,2023-02-24,0.019644310475172455,0.03652415740498627,21.670000076293945,0.0743678727975301,0.04635446809560939,1.0420979159438806,0.343981974416268,0.18202625639006279,0.9260339055845457
BA,5,0.01,2023-05-05,2023-05-12,198.33999633789062,200.6999969482422,hold_days,0.011898763002551771,0.01089876300255177,1,2023-05-04,-0.007187747027404989,0.01808651002995676,20.09000015258789,0.1796828739027565,0.17006406891782677,0.8830474392152152,0.6929836302552502,0.47368431116473575,0.44472320987469033
BA,5,0.01,2023-06-26,2023-07-03,205.5800018310547,210.9199981689453,hold_days,0.025975271380136666,0.024975271380136665,3,2023-06-23,0.02113649391101191,0.0038387774691247545,13.4399995803833,-0.07310347721494481,-0.015384618609211587,0.7965664813150167,0.3786012106598347,0.934641468036302,0.517741826029859
BA,5,0.01,2025-05-28,2025-06-04,201.5,211.97999572753906,resistance,0.05200990435503261,0.05100990435503261,1,2025-05-27,0.008551258093778769,0.04245864626125384,18.959999084472656,0.04520395382660003,0.03099509046993587,0.8025823720588247,0.5739915837011188,0.03640632870137181,0.5492566675068927
CAT,5,0.01,2015-09-11,2015-09-18,55.8769645690918,55.28460693359375,hold_days,-0.010601106199417787,-0.011601106199417788,1,2015-09-10,0.0019340067576305575,-0.013535112957048345,24.3700008392334,-0.06592561530452445,-0.1962400697717196,1.4662470816661566,0.7211532113120285,0.30468731373531,0.6577153272736646
CAT,5,0.01,2016-05-20,2016-05-27,55.571510314941406,57.23377990722656,hold_days,0.029912262288077862,0.02891226228807786,1,2016-05-19,0.027129421915260465,0.0017828403728173958,16.329999923706055,0.1332408117019348,0.026398496563295737,1.011463772736711,0.11650765903232126,0.3611099337374104,0.6109090572947987
CAT,5,0.01,2016-09-14,2016-09-21,65.06046295166016,67.02789306640625,hold_days,0.03024002636144618,0.02924002636144618,1,2016-09-13,0.018217159390831128,0.011022866970615053,17.850000381469727,0.48502493358396515,0.3794436599928379,1.0750806724181492,0.5683407431801992,0.22556589378521183,1.128209924270776
CAT,5,0.01,2016-12-19,2016-12-27,75.10492706298828,76.59552001953125,hold_days,0.01984680652566051,0.01884680652566051,3,2016-12-16,0.002486973594089781,0.016359832931570728,12.199999809265137,0.038297856107671224,-0.1359773436158157,0.8885574118640882,0.9606743017813362,0.025642530449042227,1.0765021148590714
CAT,5,0.01,2017-06-22,2017-06-29,85.52395629882812,87.0064468383789,hold_days,0.01733421375375599,0.01633421375375599,1,2017-06-21,-0.006660212201462401,0.02299442595521839,10.75,0.010338313263897447,0.034648666485233015,0.9227703756215669,0.2991425124710653,0.08864255975653931,0.6243453077145471
CAT,5,0.01,2018-06-04,2018-06-11,128.4965362548828,131.69845581054688,hold_days,0.024918333590820074,0.023918333590820073,4,2018-05-31,0.014532323153546356,0.009386010437273717,13.460000038146973,0.07422189345532049,0.002233784980602671,0.879682507974612,0.14736825197962877,0.6528521168517998,1.0068274866030174
CAT,5,0.01,2018-07-05,2018-07-12,114.43353271484375,117.47532653808594,hold_days,0.026581315380885817,0.025581315380885816,2,2018-07-03,0.024236891717531517,0.0013444236633542994,16.139999389648438,0.013819052280162225,0.20898868377946478,1.1181461270235484,0.8600006103515598,0.12437797726366916,0.6076153348006411
CAT,5,0.01,2019-07-11,2019-07-16,115.72310638427734,120.15469360351562,resistance,0.0382947481942153,0.0372947481942153,1,2019-07-10,0.0016156281784933668,0.03567912001572193,13.029999732971191,0.007733907612931912,-0.19963149979104688,0.8751307498967642,0.96479728350222,0.030610973862855377,0.64757833472852
CAT,5,0.01,2020-08-21,2020-08-24,124.35106658935547,127.2705078125,resistance,0.023477412001502218,0.022477412001502217,1,2020-08-20,0.014291551460046792,0.008185860541455425,22.719999313354492,0.026660649569019368,0.0030904943047747047,0.8022817605238646,0.7409054023124052,0.7854078939613226,0.741048059206628
CAT,5,0.01,2021-01-29,2021-02-05,166.1267547607422,175.35806274414062,hold_days,0.0555678583903807,0.0545678583903807,2,2021-01-27,0.05135889902501445,0.0032089593653662485,30.209999084472656,0.41697933944185905,0.3601981238077998,1.1355404358775674,0.26081552357941723,0.48095195421396525,2.079311533753873
CAT,5,0.01,2021-11-11,2021-11-18,192.40283203125,185.84274291992188,hold_days,-0.03409559538220641,-0.03509559538220641,1,2021-11-10,0.005383821434569391,-0.040479416816775804,18.729999542236328,0.2403972893418751,0.10306242916244024,0.9296141427591786,0.2539041079560332,0.06818329598113605,0.5296156149907469
CAT,5,0.01,2022-02-07,2022-02-14,185.26107788085938,185.325927734375,hold_days,0.00035004575303898555,-0.0006499542469610145,3,2022-02-04,-0.015271374277636474,0.014621420030675458,23.219999313354492,-0.16052062756873176,-0.1951473481342263,1.0756760378813366,0.5114310128348215,0.4247793884316505,0.5146729155490568
CAT,5,0.01,2022-08-26,2022-09-02,180.0352325439453,169.6320037841797,hold_days,-0.057784404823240765,-0.058784404823240766,4,2022-08-22,-0.02680619749693325,-0.03197820732630752,21.780000686645508,0.11349699802234459,0.07821781505101977,0.9088060432454674,0.021991024864410586,0.9930878330391756,2.4216142803775766
CAT,5,0.01,2022-09-07,2022-09-14,169.66014099121094,173.21542358398438,hold_days,0.020955320277363354,0.019955320277363353,1,2022-09-06,-0.009622226774578024,0.029577547051941377,26.90999984741211,0.02670739364329644,0.13067229874145436,1.0394877841351984,0.7315075708803277,0.26290058935561017,0.7336883140412557
CAT,5,0.01,2023-01-05,2023-01-12,226.90870666503906,240.87567138671875,hold_days,0.06155323401625834,0.06055323401625834,2,2023-01-03,0.040739989969955204,0.019813244046303136,22.010000228881836,0.016628204004375036,-0.018287236664447093,0.8961804899594399,0.6834181257739621,0.7849151177014637,0.8889437132875281
CAT,5,0.01,2023-02-03,2023-02-10,235.08828735351562,235.00286865234375,hold_days,-0.0003633473285014066,-0.0013633473285014066,1,2023-02-02,-0.010181789290023557,0.00881844196152215,18.729999542236328,0.0,-0.0872320114812718,0.8794431942067916,0.5920708851472531,0.40103396612270603,1.2769351500382455
CAT,5,0.01,2024-05-02,2024-05-09,325.9395446777344,341.8167419433594,hold_days,0.04871209254870634,0.04771209254870634,1,2024-05-01,0.025470433790447444,0.022241658758258898,15.390000343322754,-0.03631809104621653,-0.15485990570721475,1.0335766425815507,0.8958030623556317,0.042527921975771744,0.806220365893995
CAT,5,0.01,2024-06-18,2024-06-26,315.9312744140625,317.4761962890625,hold_days,0.004890056794362163,0.003890056794362163,4,2024-06-14,0.01091769453225755,-0.007027637737895386,12.75,0.0007849473360672654,-0.02745992876467307,0.881815393352741,0.9000019902741945,0.7096764269761054,0.7803284984086042
CAT,5,0.01,2024-09-09,2024-09-16,325.90106201171875,339.4818420410156,hold_days,0.0416714813553094,0.0406714813553094,3,2024-09-06,0.016161239711364184,0.02451024164394522,22.3799991607666,0.4300319301137694,0.27521368283062286,1.2172811525564504,0.31563785637766156,0.11809430803571337,0.45411683419842935
CAT,5,0.01,2024-11-01,2024-11-08,371.7109680175781,385.1643371582031,hold_days,0.03619309167113083,0.03519309167113083,1,2024-10-31,0.028203273885075042,0.006989817786055785,23.15999984741211,0.21383647484384083,0.21193087952423872,1.1201189196364056,0.42496179268251477,0.560066583767231,0.8802834904750222
CAT,5,0.01,2025-09-04,2025-09-11,416.4710998535156,427.53155517578125,hold_days,0.02655755783812097,0.02555755783812097,1,2025-09-03,0.004451359272075184,0.021106198566045786,16.350000381469727,0.11833108819784965,0.05009638419612794,0.9389058636351671,0.9123065655048099,0.5547329264328799,0.818256786667598
CVX,5,0.01,2016-05-24,2016-06-01,65.02806854248047,65.6381607055664,hold_days,0.009381981915815185,0.008381981915815184,1,2016-05-23,0.013007686226158777,-0.004625704310343592,15.819999694824219,0.0776566325578687,0.08579272657390957,1.0373195528518306,0.5,0.2924512005527742,0.8251125685324269
CVX,5,0.01,2016-09-02,2016-09-12,66.19860076904297,67.06439208984375,hold_days,0.013078695179999267,0.012078695179999266,1,2016-09-01,-0.010062261934187355,0.02214095711418662,13.479999542236328,-0.011005177618866213,0.17935250938989533,0.9189698580224875,0.5583332273692546,0.6666643755584617,1.0739433496990065
CVX,5,0.01,2017-05-05,2017-05-08,70.75167083740234,71.34688568115234,resistance,0.008412731977989418,0.007412731977989418,1,2017-05-04,0.0015919026505601952,0.005820829327429223,10.460000038146973,0.009652546793790018,-0.26077736253441486,0.8694671040379421,0.9159678412063399,0.30593489590591083,0.8425280910603606
CVX,5,0.01,2017-10-30,2017-11-06,78.05799865722656,79.86631774902344,hold_days,0.02316635223684993,0.02216635223684993,3,2017-10-27,0.006479874161587018,0.01568647807526291,9.800000190734863,-0.017051160656047615,0.019771128079656197,0.998855775595758,0.6858414100188064,0.2532639052122927,1.707103476325184
CVX,5,0.01,2017-11-17,2017-11-27,79.00909423828125,79.6152114868164,hold_days,0.00767148711649801,0.00667148711649801,1,2017-11-16,0.012333693386944455,-0.005662206270446445,11.760000228881836,0.12000002179827018,0.18429001686457247,1.1326018875917534,0.7431195229162589,0.1319459161615713,0.8058320529120094
CVX,5,0.01,2017-12-15,2017-12-22,82.46675872802734,86.08279418945312,hold_days,0.043848400460982706,0.042848400460982705,1,2017-12-14,0.004218602501336655,0.03862979795964605,10.489999771118164,0.03248030793918866,-0.07003545926901711,0.9616548815057309,0.22916815678420596,0.038460033647636206,0.6777762078313248
CVX,5,0.01,2018-08-16,2018-08-23,83.35298156738281,83.66468048095703,hold_days,0.0037395052667941187,0.0027395052667941186,1,2018-08-15,0.005135144356394061,-0.0023956390895999427,14.640000343322754,0.3493087399633472,0.11330804319513832,1.0080678518248094,0.4247827642781408,0.11860506378524378,0.6602860379019555
CVX,5,0.01,2018-09-12,2018-09-19,82.02823638916016,84.6635513305664,hold_days,0.03212692430571984,0.03112692430571984,2,2018-09-10,0.011109653760127847,0.020017270545591992,13.220000267028809,0.004559302455348968,0.08717108823338426,1.0628048253325075,0.017340377678009875,0.6363622351862305,1.0692259501494188
CVX,5,0.01,2018-09-27,2018-10-04,86.7605209350586,88.51737213134766,hold_days,0.020249431162407294,0.019249431162407293,1,2018-09-26,0.0004913422141299417,0.01875808894827735,12.890000343322754,0.09702130581470247,-0.019025874693149536,0.9506787144701624,0.5891485246890532,0.1249994323368242,0.8198635579964337
CVX,5,0.01,2019-03-28,2019-04-04,88.88648986816406,90.17259216308594,hold_days,0.014469041322583642,0.013469041322583641,1,2019-03-27,0.02387908644038439,-0.010410045117800748,15.149999618530273,0.08914448488285642,0.1297538993972438,0.9134587531392477,0.8249918937992347,0.3130090125853665,0.5204046481932149
CVX,5,0.01,2019-05-03,2019-05-10,84.73189544677734,88.14228057861328,hold_days,0.04024913067096558,0.03924913067096558,1,2019-05-02,-0.021915080515070295,0.06116421118603588,14.420000076293945,0.08830189255048637,0.1444444158510354,0.9655400203322066,0.11110816767685448,0.045453757295592215,0.7293430434229864
CVX,5,0.01,2019-07-19,2019-07-23,91.23490142822266,91.80403137207031,resistance,0.006238072655730509,0.005238072655730509,2,2019-07-17,0.009728125435427337,-0.004490052779696828,13.529999732971191,0.046403666947729016,0.07637231992473792,0.8513711418100584,0.5432094114101089,0.781063779840371,0.6672022930807058
CVX,5,0.01,2019-08-06,2019-08-13,87.1051025390625,89.30134582519531,hold_days,0.025213715639079926,0.024213715639079925,1,2019-08-05,0.013457915147792043,0.010755800491287881,24.59000015258789,0.9166017380212781,0.8174427670286377,1.1729949878123358,0.9202118377533822,0.4161285082840292,0.8589606601427452
CVX,5,0.01,2021-04-23,2021-04-30,81.00730895996094,82.21981048583984,hold_days,0.014967804034549559,0.013967804034549558,1,2021-04-22,0.0023957575991251367,0.011572046435424421,18.709999084472656,0.1291490301183822,0.10383470456127486,0.8148478089633538,0.5724162606417194,0.03999710083007893,0.7253377598498651
CVX,5,0.01,2021-12-20,2021-12-28,94.08152770996094,98.1461181640625,hold_days,0.043202853451020484,0.04220285345102048,3,2021-12-17,0.041627534501075036,0.000575318949945447,21.56999969482422,0.15409304860738549,-0.29670689138678796,1.0612119420139126,0.9798665622103757,0.023890678339030223,1.5236151791355488
CVX,5,0.01,2022-09-08,2022-09-15,132.72190856933594,136.6963348388672,hold_days,0.02994551775492993,0.028945517754929928,1,2022-09-07,-0.029355940409537706,0.058301458164467634,24.639999389648438,-0.05990079166978368,0.021982528655321687,1.0290681263110069,0.8566640218098908,0.7781237483072319,0.8917910475243448
CVX,5,0.01,2022-10-11,2022-10-18,133.76019287109375,138.4835662841797,resistance,0.035312250316788196,0.034312250316788195,1,2022-10-10,0.042782132907872805,-0.00846988259108461,32.45000076293945,0.07807310138495693,0.00588972260669407,1.2137793340156915,0.5257734931925254,0.13916443700211614,1.3481543304043693
CVX,5,0.01,2023-04-10,2023-04-17,145.6077117919922,147.88327026367188,hold_days,0.01562800791025709,0.01462800791025709,4,2023-04-06,0.014260774851561298,0.0003672330586957928,18.399999618530273,-0.0325973093749492,-0.18620083494795747,0.9166449261400604,0.4135011588977552,0.2280654789790004,0.8590082210240706
CVX,5,0.01,2023-07-19,2023-07-26,135.1513671875,140.96144104003906,hold_days,0.04298938274504138,0.04198938274504138,2,2023-07-17,0.020656761234083332,0.02133262151095805,13.300000190734863,-0.10377358126808867,-0.01989679514822218,0.8575617157935446,0.5640014648437474,0.37297306214018017,0.8254606474436973
CVX,5,0.01,2023-10-12,2023-10-19,142.21913146972656,149.16119384765625,hold_days,0.04881243687954462,0.04781243687954462,1,2023-10-11,-0.0033605120196693594,0.05117294889921398,16.09000015258789,-0.13401505819928428,-0.11690445889344259,1.11246222620687,0.1398312481815536,0.13478468550350403,0.7555900967031297
CVX,5,0.01,2025-03-06,2025-03-13,143.78016662597656,144.4005889892578,hold_days,0.004315076118218686,0.003315076118218686,1,2025-03-05,-0.0354137265797384,0.03872880269795709,21.93000030517578,0.14816753231333113,0.43614928930967967,1.2818285904836562,0.9015531547343765,0.8457302591479439,1.1263593951581468
CVX,5,0.01,2025-05-06,2025-05-13,127.47036743164062,133.81568908691406,hold_days,0.04977879787375916,0.04877879787375916,1,2025-05-05,0.03882900528555622,0.009949792588202944,23.639999389648438,-0.06003977144275119,-0.30100533403416085,0.9860814813934503,0.246701217339869,0.17582749253830704,0.8510835904913974
CVX,5,0.01,2025-09-23,2025-09-30,151.45205688476562,149.40281677246094,hold_days,-0.013530619223374951,-0.014530619223374952,1,2025-09-22,0.0029915304413876687,-0.01752214966476262,16.100000381469727,0.026131345573714215,0.06551957295081667,0.9946504099957585,0.1514060669883241,0.4568571561352744,1.165470713941021
CVX,5,0.01,2025-11-07,2025-11-14,149.14306640625,151.64447021484375,hold_days,0.016771841084319616,0.015771841084319616,2,2025-11-05,0.014620385478290476,0.0011514556060291392,19.5,0.15316381880300622,0.127167679766514,1.091311947817683,0.5802950397897181,0.12322734142795747,1.1331319824425534
CVX,5,0.01,2026-05-28,2026-06-04,181.4464874267578,186.720458984375,hold_days,0.02906626428767911,0.02806626428767911,1,2026-05-27,0.012612847678792116,0.015453416608886994,16.290000915527344,-0.06594034307995011,-0.08841633181332487,0.7906157042686788,0.2965309098960757,0.5672111464091836,0.7423741922457271
CSCO,5,0.01,2015-08-05,2015-08-12,20.306058883666992,20.0402889251709,hold_days,-0.013088209781065063,-0.014088209781065064,1,2015-08-04,-0.0034078780338352432,-0.010680331747229821,13.0,-0.032738065038745545,0.06382976398746365,0.8746030393413828,0.34000015258788735,0.2456164420232608,1.0456689666046215
CSCO,5,0.01,2016-08-22,2016-08-29,22.76136589050293,23.467317581176758,hold_days,0.031015348291043576,0.030015348291043575,4,2016-08-18,-0.0009413587279639701,0.030956707019007546,11.34000015258789,-0.018181821184334646,-0.0043898322412408985,0.8145050812313953,0.6341424836479751,0.68292875817601,1.1026482608703425
CSCO,5,0.01,2016-09-19,2016-09-26,23.05118179321289,23.088336944580078,hold_days,0.0016118545114300886,0.0006118545114300886,3,2016-09-16,0.00443640982198823,-0.003824555310558141,15.369999885559082,-0.12171429225376673,0.14020774536385505,1.1995799408180678,0.46511772324834116,0.3181814241002954,0.9571307917417293
CSCO,5,0.01,2017-07-10,2017-07-17,23.83559799194336,24.235675811767578,hold_days,0.016784887039941188,0.015784887039941187,4,2017-07-06,0.00990211587769485,0.005882771162246336,11.1899995803833,-0.021853147654715577,0.06774809820225114,1.017733226332444,0.5925910227609924,0.46874925494122105,0.5513153543915806
CSCO,5,0.01,2017-08-04,2017-08-11,24.46649169921875,24.21259117126465,hold_days,-0.010377479986728555,-0.011377479986728556,4,2017-07-31,-0.01189822221955883,0.0005207422328302735,10.4399995803833,0.032640943116956755,0.08977031978352579,0.9717610272692302,0.6666647400514439,0.44827450129239677,0.9080583755061118
CSCO,5,0.01,2017-10-13,2017-10-16,25.973894119262695,26.028213500976562,resistance,0.0020913068123114,0.0010913068123113998,1,2017-10-12,0.002538880494238782,-0.0014475736819273824,9.90999984741211,0.07834606092536722,0.037696298375627935,0.9199519858601324,0.600006103515635,0.31034437399700315,0.7969920572314168
CSCO,5,0.01,2017-11-15,2017-11-22,26.470558166503906,28.286474227905273,hold_days,0.0686013513571937,0.0676013513571937,2,2017-11-13,0.01572642155771775,0.051874929799475944,11.59000015258789,0.17189077353398607,0.13850685708675559,1.0466585814863618,0.642856656289811,0.6666701987877813,1.4168292148281427
CSCO,5,0.01,2018-07-17,2018-07-24,33.628578186035156,33.66829299926758,hold_days,0.001180984013440023,0.00018098401344002289,4,2018-07-13,0.008552149409054799,-0.008371165395614777,12.829999923706055,0.01103233632404299,-0.2026103292707242,0.9002079307330529,0.540544162980836,0.5319156707180986,0.4511950193067655
CSCO,5,0.01,2018-12-10,2018-12-17,37.47022247314453,35.34324264526367,hold_days,-0.056764536944110655,-0.057764536944110656,3,2018-12-07,-0.03479505144132755,-0.022969485502783105,23.229999542236328,0.23629581747598194,0.11682694203402244,1.10534633984524,0.7938929963978788,0.03755773532461621,1.0624549317297505
CSCO,5,0.01,2020-05-22,2020-06-01,37.541324615478516,38.711875915527344,hold_days,0.031180340918663285,0.030180340918663284,1,2020-05-21,0.045825420340231515,-0.01564507942156823,29.530000686645508,-0.09444955124374799,-0.060750630247066506,0.6637658141567555,0.9397600882434095,0.07272557029803213,0.6715597313492727
CSCO,5,0.01,2020-08-20,2020-08-27,35.65446472167969,35.637611389160156,hold_days,-0.0004726850522392967,-0.0014726850522392967,1,2020-08-19,0.026208689848767674,-0.027681374901006972,22.540000915527344,0.011669668800220467,-0.019573678124005234,0.7956194197848588,0.8405840368423079,0.15789508907657615,0.8741670273804432
CSCO,5,0.01,2020-10-30,2020-11-06,30.531829833984375,31.918087005615234,hold_days,0.04540367148541624,0.04440367148541624,1,2020-10-29,0.06076544235836834,-0.016361770872952097,37.59000015258789,0.337246507876108,0.39377089764977447,1.2843212973205862,0.9318207433481017,0.5189865471718162,0.5999406187799953
CSCO,5,0.01,2021-04-15,2021-04-22,44.5917854309082,44.47089385986328,hold_days,-0.002711072675756321,-0.003711072675756321,1,2021-04-14,-0.0067719298560150465,0.0030608571802587256,16.989999771118164,-0.009906764440885674,-0.13360534205441965,0.7587304978905751,0.47368526722971954,0.42592435609431567,0.9094384132619406
CSCO,5,0.01,2021-05-05,2021-05-12,44.151397705078125,44.55724334716797,hold_days,0.009192135768856247,0.008192135768856246,1,2021-05-04,-0.016616038589612248,0.024808174358468493,19.479999542236328,0.10933941541500536,0.04282651092028544,0.8948245533483118,0.7894754453828742,0.4408599063143535,0.860439636624289
CSCO,5,0.01,2023-03-02,2023-03-09,44.167091369628906,44.42192840576172,hold_days,0.0057698396754297665,0.0047698396754297665,1,2023-03-01,-0.017844142757064807,0.022613982432494573,20.579999923706055,-0.07671605749599109,0.08831306661922,1.0136957740262493,0.8039179020748877,0.5614032739489547,0.5282314273121569
CSCO,5,0.01,2023-04-21,2023-04-28,43.12345504760742,43.32518768310547,hold_days,0.004678025804642383,0.003678025804642383,1,2023-04-20,-0.00182904904870973,0.005507074853352113,17.170000076293945,-0.03539321279603824,-0.10010481420594863,0.8384210081722443,0.8977267801253718,0.17054346090381714,1.1250987160513954
CSCO,5,0.01,2023-07-17,2023-07-24,46.94276809692383,49.06770324707031,hold_days,0.045266507202112116,0.044266507202112115,3,2023-07-14,0.025636135483744216,0.0186303717183679,13.34000015258789,-0.10047200126659273,-0.014771034699306296,0.8909794617042209,0.8271615403815625,0.35164807525434905,1.0606039435417591
CSCO,5,0.01,2023-09-27,2023-10-04,49.15086364746094,49.73848342895508,hold_days,0.011955431459127475,0.010955431459127474,1,2023-09-26,-0.013933027413347343,0.024888458872474817,18.940000534057617,0.34231048865367475,0.3309909447179844,1.148984685026494,0.7976212642086098,0.18055239134696444,1.303817747722687
CSCO,5,0.01,2023-11-21,2023-11-29,44.48080825805664,44.71344757080078,hold_days,0.005230105338789537,0.004230105338789537,4,2023-11-17,0.007343001076158817,-0.0031128957373692803,13.40999984741211,-0.09146343906066445,-0.09939559850811774,0.8529312995845933,0.20289806998048723,0.8780505959303639,0.9290625467593742
CSCO,5,0.01,2024-02-06,2024-02-13,46.871341705322266,46.5524787902832,hold_days,-0.0068029397802122915,-0.0078029397802122915,1,2024-02-05,-0.003377434946311708,-0.004425504833900583,13.670000076293945,0.005147036239763203,0.03639124421387563,1.0416944444564986,0.23170572856093116,0.28089786506307196,1.0592022699493213
CSCO,5,0.01,2024-05-03,2024-05-10,44.55025100708008,45.43898391723633,hold_days,0.019948998940881646,0.018948998940881645,1,2024-05-02,0.017647929443894705,0.0013010694969869396,14.680000305175781,-0.044892621048851944,-0.18444442749023438,1.0223321758586652,0.4999965940286447,0.3653889887393118,0.8771107472146276
CSCO,5,0.01,2024-09-09,2024-09-16,46.43854904174805,48.66034698486328,hold_days,0.04784382778880203,0.04684382778880203,3,2024-09-06,0.016161239711364184,0.030682588077437845,22.3799991607666,0.4300319301137694,0.27521368283062286,1.2172811525564504,0.4943829856542221,0.29126174039287733,1.3580087843480182
CSCO,5,0.01,2024-11-20,2024-11-27,55.248931884765625,56.9688606262207,hold_days,0.031130533800044935,0.030130533800044934,1,2024-11-19,0.027416979053280333,0.0027135547467646015,16.350000381469727,0.11148880619101242,-0.2020497528498758,0.8376351151383359,1.0,0.9565181335692164,0.9678883873206693
CSCO,5,0.01,2025-01-28,2025-02-04,57.492496490478516,59.34022903442383,hold_days,0.032138672987549244,0.031138672987549243,1,2025-01-27,0.0034145313219380302,0.027724141665611213,17.899999618530273,0.120851554115881,-0.08393046162520157,0.9463841232628454,0.7968743480774656,0.1185197848511349,0.6883386426199598
CSCO,5,0.01,2025-06-02,2025-06-03,62.180789947509766,62.67746353149414,resistance,0.007987572760070227,0.006987572760070227,3,2025-05-30,0.004768768908724352,0.002218803851345875,18.56999969482422,-0.08431957267868018,0.04150307202942227,0.7910469704723251,0.9743568007459852,0.8409099775886741,1.334719217466006
CSCO,5,0.01,2025-08-05,2025-08-12,66.15026092529297,69.93195343017578,hold_days,0.057168217509431685,0.056168217509431684,4,2025-08-01,0.015148923570841522,0.04101929393859016,17.520000457763672,0.16566871384103798,0.05225230385381807,0.9637079267490894,0.055939989222814464,0.9777730682829603,1.6622129876385523
CSCO,5,0.01,2025-09-15,2025-09-22,65.660400390625,66.37560272216797,hold_days,0.0108924454814181,0.0098924454814181,3,2025-09-12,0.011146519853809878,-0.001254074372391778,14.760000228881836,-0.027667988659443088,0.02286901709819711,0.9241484233397026,0.7882345549362315,0.3305800235817854,0.8631437759909355
CSCO,5,0.01,2026-08-24,2026-08-31,110.2300033569336,110.48999786376953,hold_days,0.002358654621410494,0.0013586546214104942,4,2026-08-20,-0.010341842384611555,0.011700497006022048,15.130000114440918,0.06175439399585381,0.01543627528853131,0.9110901014277027,0.4843756208823085,0.339081669341331,0.734924920179747
C,5,0.01,2015-11-16,2015-11-23,39.5086555480957,39.942806243896484,hold_days,0.010988748915342628,0.009988748915342627,3,2015-11-13,0.019010673808596223,-0.009021924893253597,20.079999923706055,0.40125610820749547,0.3324485952446645,0.8241359599403248,1.0,0.5494483383077903,1.2613326181463729
C,5,0.01,2016-12-15,2016-12-22,44.731353759765625,44.924461364746094,hold_days,0.004317052553731715,0.003317052553731715,1,2016-12-14,-0.0004350396448108418,0.003752092198542557,13.1899995803833,0.07937801081491624,-0.01050265147217122,0.8798285340593195,0.6320752000921298,0.31472068440018913,0.8083551241381731
C,5,0.01,2017-02-27,2017-03-06,44.7030143737793,44.89664840698242,hold_days,0.004331565464111176,0.0033315654641111756,3,2017-02-24,0.004439886672229942,-0.0011083212081187668,11.470000267028809,-0.024659860221839525,0.05422795463069785,0.9739217992587611,0.7349388730581794,0.4205615806398692,0.8880113212335908
C,5,0.01,2017-03-23,2017-03-30,43.23574447631836,45.06794738769531,hold_days,0.042377040885245076,0.041377040885245076,1,2017-03-22,0.009370946748020748,0.03200609413722433,12.8100004196167,0.10146176212935543,0.0801012470860063,1.0086313634728943,0.403100843964205,0.5838927377276679,1.2101473152435251
C,5,0.01,2017-05-18,2017-05-25,44.86713790893555,46.26363754272461,hold_days,0.031125222130804486,0.030125222130804485,1,2017-05-17,0.02426059532790581,0.005864626802898676,15.59000015258789,0.5269343873006822,0.45973780029131706,0.9567742416162767,0.6533355712890627,0.10992942818841571,1.5033608291413278
C,5,0.01,2017-10-17,2017-10-24,54.16043472290039,55.69841766357422,hold_days,0.028396798300134973,0.027396798300134972,1,2017-10-16,0.01602985764222309,0.011366940657911884,9.90999984741211,-0.04065828454946041,0.04867725369644682,0.9106450973659486,0.26389183232314,0.33057371829227605,0.5559222625345399
C,5,0.01,2017-12-15,2017-12-22,56.33726501464844,56.879756927490234,hold_days,0.009629361892181665,0.008629361892181664,1,2017-12-14,0.004218602501336655,0.004410759390845009,10.489999771118164,0.03248030793918866,-0.07003545926901711,0.9616548815057309,0.5681786655569426,0.0848480364730941,0.6908734237632623
C,5,0.01,2018-05-04,2018-05-11,51.64196014404297,55.38170623779297,hold_days,0.07241681150984336,0.07141681150984336,1,2018-05-03,0.029435530715572034,0.041981280794271325,15.899999618530273,-0.020935970282004557,-0.003759424779028131,0.8146787061499751,0.7461574125697615,0.8273804387809277,1.0576699995080354
C,5,0.01,2018-09-13,2018-09-20,53.65791320800781,57.207054138183594,hold_days,0.06614384939677675,0.06514384939677675,2,2018-09-11,0.012679947866586216,0.05246390153019054,13.140000343322754,-0.05535582405003481,0.05120002746582042,1.0501592860092455,0.07185801087303886,0.0,1.835486445209673
C,5,0.01,2019-03-27,2019-04-03,47.1010627746582,50.45933151245117,hold_days,0.07129921364746394,0.07029921364746394,2,2019-03-25,0.02489026925958937,0.04540894438787457,14.680000305175781,0.08259585921094992,0.06608568025856831,0.8869318516406869,0.010636527808777541,0.8414667051237897,0.7103351732627831
C,5,0.01,2019-11-15,2019-11-22,58.92951965332031,59.301780700683594,hold_days,0.006317055519089232,0.005317055519089232,1,2019-11-14,-0.005761528838075236,0.011078584357164467,13.050000190734863,0.02513752238849798,-0.012859309596077062,0.8224359593904665,0.9230799327047294,0.7499915852304018,0.7087034181900221
C,5,0.01,2020-08-03,2020-08-10,41.014320373535156,43.02474594116211,hold_days,0.049017649184897705,0.048017649184897704,3,2020-07-31,0.034132024386809734,0.01388562479808797,24.459999084472656,-0.053405613775781124,-0.04750783513258894,0.8458083386366432,0.603449012946954,0.6808486461918052,1.1154440202473384
C,5,0.01,2020-09-24,2020-10-01,34.34004211425781,35.35745620727539,hold_days,0.029627630904830893,0.028627630904830892,1,2020-09-23,0.02984420424026446,-0.0012165733354335684,28.579999923706055,0.09754220118572032,-0.00798332337729546,1.0501394924211587,0.6870224339561151,0.027776649459317213,0.7490026495131843
C,5,0.01,2020-10-16,2020-10-23,35.153968811035156,35.7725715637207,hold_days,0.017596953448151265,0.016596953448151264,2,2020-10-14,-0.004908582112337245,0.02150553556048851,26.969999313354492,0.023141073174459015,0.010112304970036012,1.0141738333200587,0.1374961256943926,0.9784181349141005,0.6147791759877738
C,5,0.01,2020-12-18,2020-12-28,48.66694641113281,50.372684478759766,hold_days,0.03504921087953772,0.03404921087953772,4,2020-12-14,0.00336079812478296,0.030688412754754757,21.93000030517578,-0.026198940523755265,0.030545093870141926,0.8831128954827452,0.22012720454692816,0.6666649006061146,1.150579829120858
C,5,0.01,2021-04-21,2021-04-28,58.713653564453125,60.591819763183594,hold_days,0.03198857650152376,0.030988576501523757,1,2021-04-20,0.0043113403226793245,0.026677236178844432,18.68000030517578,0.12192196595525817,0.030905046357937893,0.7844057729304245,0.9739140530409844,0.22807140825511443,1.5090972006865315
C,5,0.01,2021-05-13,2021-05-20,63.00489044189453,63.76640701293945,hold_days,0.012086626382553867,0.011086626382553866,1,2021-05-12,0.0024885817044231207,0.008598044678130745,27.59000015258789,0.4407311071636131,0.5966434639039253,1.0246061527616095,0.7163471237469236,0.13200073242187663,1.2030800916766833
C,5,0.01,2021-08-23,2021-08-30,59.76579666137695,60.423404693603516,hold_days,0.01100308318405685,0.010003083184056849,4,2021-08-19,0.011081454823462789,-0.0010783716394059395,18.559999465942383,0.20129447864538008,0.14922600026856414,1.1039580633423234,0.47142810432584126,0.9541258075579755,0.48839680740824853
C,5,0.01,2021-11-22,2021-11-30,56.92958450317383,54.09330368041992,hold_days,-0.04982085935645264,-0.05082085935645264,3,2021-11-19,-0.03032802389249023,-0.02049283546396241,17.90999984741211,0.09944744265426109,0.08677186558839733,0.9381654683807535,0.18320481759307172,0.9327712774483111,1.2358936584053926
C,5,0.01,2022-11-29,2022-12-06,42.019771575927734,39.73196029663086,hold_days,-0.05444606654186368,-0.05544606654186368,1,2022-11-28,-0.010415716222977656,-0.045030350318886025,22.209999084472656,-0.03935993606092425,-0.013765602441812685,0.7857011417900203,0.5217381689517919,0.29411665708315343,0.6914273584656858
C,5,0.01,2024-01-19,2024-01-26,47.610897064208984,49.5977668762207,hold_days,0.04173140886911231,0.04073140886911231,1,2024-01-18,0.005496797758345329,0.03523461111076698,14.130000114440918,0.11347522314213676,0.006410267295756666,0.9580134205235196,0.8490569432798455,0.5607479634218101,1.0073919765025179
C,5,0.01,2024-12-19,2024-12-27,65.58258056640625,68.05558776855469,hold_days,0.037708293586349084,0.03670829358634908,1,2024-12-18,0.013846548070336251,0.022861745516012832,27.6200008392334,1.0338734163774395,1.0535316900307423,0.9910310104954734,0.06578861511125465,0.05633926921209032,1.1277036791687811
C,5,0.01,2025-02-26,2025-03-05,76.31574249267578,70.41857147216797,hold_days,-0.0772733230116156,-0.0782733230116156,1,2025-02-25,-0.012832576244267702,-0.0654407467673479,19.43000030517578,0.2657980340268502,0.22896899364199053,1.0787001178032318,0.3703705447969267,0.5401929181569727,0.8076957468231979
C,5,0.01,2025-05-07,2025-05-14,68.34517669677734,73.24851989746094,hold_days,0.07174380750287535,0.07074380750287534,1,2025-05-06,0.02834795417460212,0.042395853328273225,24.760000228881836,0.024410432384175618,-0.19005559450254328,0.9853818945869923,0.5769211018596633,0.2727304253740158,0.6271946646685247
C,5,0.01,2025-10-30,2025-11-04,98.14379119873047,99.50721740722656,resistance,0.013892129006258802,0.012892129006258801,1,2025-10-29,-0.0069081181865557895,0.01980024719281459,16.920000076293945,-0.09032259520002395,-0.18023253020153573,1.0057901772030229,0.6063500752039942,0.03092915945676747,1.2118738202970711
KO,5,0.01,2015-09-24,2015-10-01,27.83301544189453,28.295122146606445,hold_days,0.016602825722445758,0.015602825722445757,1,2015-09-23,0.00022634994647408035,0.015376475775971676,22.1299991607666,0.03653390001687584,-0.15630958646673954,1.150472125988365,0.92753759398496,0.6363573311138903,1.4182562958241427
KO,5,0.01,2015-11-17,2015-11-24,29.62456703186035,30.82604217529297,hold_days,0.04055671571977637,0.03955671571977637,4,2015-11-13,0.02082845539865752,0.01872826032111885,18.15999984741211,0.09927356805112608,0.28339224996377377,0.8464406850382686,0.24999850989134176,0.9344247942566973,1.3948546155879833
KO,5,0.01,2016-06-28,2016-07-06,32.14131164550781,32.934303283691406,hold_days,0.024672037250054846,0.023672037250054845,1,2016-06-27,0.047137002293845987,-0.02346496504379114,23.850000381469727,0.2983124274296449,0.1373391112264435,1.3609472520383945,0.9807724755162776,0.807016369744746,0.9748294636760447
KO,5,0.01,2017-01-17,2017-01-24,30.488492965698242,30.991455078125,hold_days,0.016496784967122702,0.015496784967122701,4,2017-01-13,0.006918110529749333,0.008578674437373368,11.229999542236328,-0.007950543729169923,-0.16005986250113324,0.8378920588480517,0.8400039672851525,0.5428605682771916,1.3103804914627226
KO,5,0.01,2017-02-02,2017-02-09,30.62162208557129,30.51067543029785,hold_days,-0.003623147557742068,-0.004623147557742068,1,2017-02-01,0.014157636225218706,-0.018780783782960775,11.8100004196167,0.09250693442946778,-0.05368582910216757,0.8913435232535497,0.6250019868075929,0.024386159156684663,0.6748295407694735
KO,5,0.01,2017-04-28,2017-05-05,32.19771194458008,32.600650787353516,hold_days,0.012514517909439915,0.011514517909439914,1,2017-04-27,0.003026264983165605,0.008488252926274309,10.359999656677246,-0.26784452749311705,-0.34305647711145426,0.9422829852533124,0.8571459711610956,0.2500000000000066,0.9093656457431447
KO,5,0.01,2017-07-12,2017-07-19,33.485843658447266,33.72659683227539,hold_days,0.007189700109807129,0.006189700109807129,1,2017-07-11,0.009085494999044874,-0.002895794889237745,10.890000343322754,-0.029411757206084466,0.10000007706459413,1.0254095632766322,0.21211911037128414,0.5454587490029573,0.8675155958902356
KO,5,0.01,2017-08-31,2017-09-08,34.26825714111328,34.83250427246094,hold_days,0.016465591728932694,0.015465591728932693,1,2017-08-30,0.0013354311523188223,0.01413016057661387,11.220000267028809,-0.08408161085479116,-0.04429297395461773,1.0479675626590332,0.6774134006029722,0.3999938964843989,1.1077467232114033
KO,5,0.01,2017-11-21,2017-11-29,34.7153434753418,34.503013610839844,hold_days,-0.006116311787402351,-0.007116311787402351,1,2017-11-20,0.012122182303763163,-0.019238494091165514,10.649999618530273,-0.07391307664954139,0.13297872880078287,1.1215884159795315,0.585360861191496,0.08695796395963871,0.7269609695104993
KO,5,0.01,2018-03-01,2018-03-08,33.203330993652344,33.983131408691406,hold_days,0.023485607970722633,0.022485607970722632,1,2018-02-28,0.020818707008142923,0.0016669009625797093,19.850000381469727,-0.008491512108233734,-0.20504601812890244,1.241743113613212,0.7439034602108268,0.0,1.1514710307456424
KO,5,0.01,2018-03-26,2018-04-03,32.92568588256836,33.4578742980957,hold_days,0.01616332055846703,0.01516332055846703,3,2018-03-23,-0.01649600994793954,0.03165933050640657,24.8700008392334,0.5740506670257632,0.698770509290084,1.234591050911013,0.7857099066082758,0.04597812027272567,0.9314304634367758
KO,5,0.01,2018-08-14,2018-08-21,35.70899200439453,35.96576690673828,hold_days,0.007190763108411158,0.006190763108411158,1,2018-08-13,0.01165446693038752,-0.005463703821976361,14.779999732971191,0.3114462406955407,0.036465602787029594,0.9171198787671795,0.0869586850878271,0.30232785081883956,0.551604851981722
KO,5,0.01,2018-09-26,2018-10-03,35.981327056884766,35.997039794921875,hold_days,0.0004366914542164313,-0.0005633085457835687,1,2018-09-25,0.010574598427276483,-0.011137906973060052,12.420000076293945,-0.028928841803176675,-0.06051438536881837,0.9296365385051591,0.559997558593751,0.12280654789790349,1.1246969950924695
KO,5,0.01,2019-01-29,2019-02-05,37.491859436035156,38.963050842285156,hold_days,0.039240289182242316,0.038240289182242315,1,2019-01-28,0.0321356521850058,0.006104636997236512,18.8700008392334,0.06011245213679839,0.03738319324964268,0.8928571465191444,0.5400009155273447,0.6388865341414794,0.8730053476433484
KO,5,0.01,2019-03-18,2019-03-25,36.23138427734375,36.72605514526367,hold_days,0.013653104284763629,0.012653104284763628,3,2019-03-15,-0.013974438033646619,0.026627542318410247,12.880000114440918,-0.19750774288511386,-0.050847427848246474,0.72769173795623,0.15624776482369984,0.21052552326455998,0.616192993593521
KO,5,0.01,2019-10-03,2019-10-10,43.60931396484375,43.46351623535156,hold_days,-0.003343270421766409,-0.004343270421766409,1,2019-10-02,0.011637741719151551,-0.01598101214091796,20.559999465942383,0.2882205148371346,0.47383510731570766,1.0858647490819517,0.879310855117123,0.11688353509156447,1.7320162026000203
KO,5,0.01,2020-04-24,2020-05-01,37.39737319946289,37.53731155395508,hold_days,0.0037419300480225903,0.0027419300480225903,1,2020-04-23,0.00019141672946298982,0.0025505133185596005,41.380001068115234,0.03166293788177876,-0.045444001738129236,1.0554034825332077,0.4920648376334358,0.08849443998082095,0.43571241685106926
KO,5,0.01,2020-08-04,2020-08-11,38.78376388549805,39.81379318237305,hold_days,0.026558260304904158,0.025558260304904157,1,2020-08-03,0.029560429939527122,-0.004002169634622965,24.280000686645508,-0.018593334225074032,-0.007358888166983268,0.8461154993753578,0.7343716472355301,0.061946574033752595,0.7105613853395996
KO,5,0.01,2020-11-13,2020-11-20,44.75846862792969,44.10530090332031,hold_days,-0.014593165151360665,-0.015593165151360666,1,2020-11-12,0.0019571046477850906,-0.017550269799145757,25.350000381469727,-0.0808556761568211,-0.3256185081519746,0.8930296189384578,0.9180341196187833,0.6666645473850153,0.5970006715857639
KO,5,0.01,2020-12-01,2020-12-08,43.919429779052734,44.88154220581055,hold_days,0.0219063050590127,0.020906305059012698,1,2020-11-30,0.019859576458177486,0.0010467286008352117,20.56999969482422,-0.13206755136521897,-0.109523837440064,0.7817427636412867,0.4629621780471725,0.46846679657294976,0.5978408833058855
KO,5,0.01,2021-01-11,2021-01-19,42.36655807495117,40.94026565551758,hold_days,-0.03366552498577591,-0.03466552498577591,4,2021-01-07,0.003756926312896036,-0.038422451298671945,21.559999465942383,-0.052307715782752395,-0.07507507679512726,0.9584861400875154,0.2747253207909438,0.9612409290111971,0.9459008250812925
KO,5,0.01,2021-02-01,2021-02-08,40.914947509765625,42.13024139404297,hold_days,0.02970293152611947,0.02870293152611947,3,2021-01-29,0.050963848698111436,-0.022260917171991967,33.09000015258789,0.5102693009145001,0.423225813014533,1.2326822045093577,0.5882357341072537,0.03960493267614615,0.6905567939867323
KO,5,0.01,2021-04-05,2021-04-12,44.940242767333984,45.399776458740234,hold_days,0.010225438562612155,0.009225438562612154,4,2021-04-01,0.005892149120613421,0.0033332894419987324,17.329999923706055,-0.12518927860144458,-0.19694161330053073,0.8340372573225577,0.5591400936856562,0.07246240601504118,1.032460903386854
KO,5,0.01,2021-04-29,2021-05-03,46.17416763305664,46.36138153076172,resistance,0.00405451591878947,0.0030545159187894697,2,2021-04-27,-3.828130902661098e-05,0.0030927972278160807,17.280000686645508,-0.012571389334542382,0.01706891815386169,0.855720417028701,0.8924706924698677,0.2459038947394776,1.4936024540804596
KO,5,0.01,2021-08-05,2021-08-12,48.44264221191406,48.734169006347656,hold_days,0.006017978812103086,0.005017978812103086,1,2021-08-04,0.01398856104605728,-0.008970582233954194,17.969999313354492,-0.018569096805289953,0.003350053961672872,1.0140516926109244,0.6999987284310221,0.09574459450684947,0.5253156881272568
KO,5,0.01,2021-09-13,2021-09-20,48.07396697998047,46.70043182373047,hold_days,-0.028571288007540163,-0.029571288007540164,3,2021-09-10,-0.027157917664262343,-0.002413370343277821,20.950000762939453,0.2766606311847901,0.11199578520500864,1.0569366263015099,0.4999971100771605,0.14754108612452327,1.039315758558686
KO,5,0.01,2022-03-11,2022-03-18,50.42293930053711,52.721282958984375,hold_days,0.04558131061635251,0.04458131061635251,1,2022-03-10,0.04786867626760105,-0.0032873656512485416,30.229999542236328,-0.008202099860715961,-0.0029683427933296924,1.3625019746112206,0.06060372531037333,0.3275871707767832,0.7417882185031596
KO,5,0.01,2022-06-17,2022-06-27,52.51020812988281,55.58500671386719,hold_days,0.05855620637379566,0.05755620637379566,1,2022-06-16,0.042544546223323154,0.015011660150472506,32.95000076293945,0.2629360126573672,0.3329288704769042,1.1913736740656342,0.2999992370605477,0.6456688183153478,0.7598932636429605
KO,5,0.01,2022-07-22,2022-07-29,54.41869354248047,56.69829559326172,hold_days,0.04189005472911145,0.04089005472911145,1,2022-07-21,0.04449798305617625,-0.003607928327064802,23.110000610351562,-0.12462117635295145,-0.1138803421028709,0.8560918528796959,0.4909106041795273,0.5229354266335863,0.5813641264422698
KO,5,0.01,2022-08-10,2022-08-15,56.23884201049805,56.9898681640625,resistance,0.013354225064311498,0.012354225064311497,2,2022-08-08,0.02214547593018712,-0.009791250865875623,21.770000457763672,-0.09026326033706433,-0.11826650518966453,0.8173548791015133,0.7971030517470173,0.4347815270302628,0.7125872463768432
KO,5,0.01,2022-10-11,2022-10-18,48.48751449584961,50.23192596435547,hold_days,0.03597650831649002,0.03497650831649002,1,2022-10-10,0.042782132907872805,-0.007805624591382787,32.45000076293945,0.07807310138495693,0.00588972260669407,1.2137793340156915,0.24489589374895568,0.3936164600369324,0.8325371609630788
KO,5,0.01,2023-01-20,2023-01-27,53.85077667236328,54.21826934814453,hold_days,0.0068242780975498185,0.0058242780975498185,1,2023-01-19,0.01646137485803778,-0.010637096760487963,20.520000457763672,-0.027027012361319325,-0.06769649048721793,0.8570297391969902,0.985509650097579,0.010754981664848996,0.6627407241302238
KO,5,0.01,2023-05-11,2023-05-12,57.67790603637695,57.903709411621094,resistance,0.003914902442916812,0.002914902442916812,2,2023-05-09,-0.0006185402797934669,0.003533442722710279,16.940000534057617,-0.07633585642760887,-0.10084923583555738,0.9007953222024484,0.9239135392436115,0.7846155651934036,1.5331798304981397
KO,5,0.01,2023-06-01,2023-06-08,54.19157409667969,54.52577209472656,hold_days,0.006166973438539669,0.005166973438539669,1,2023-05-31,0.029165065213641483,-0.023998091775101815,17.940000534057617,-0.031840266094167013,-0.002779279471743945,0.9677318169802546,0.575002145779489,0.3186823781916699,0.5833211260581854
KO,5,0.01,2024-07-11,2024-07-12,59.264991760253906,59.82852554321289,resistance,0.009508712753030668,0.008508712753030667,2,2024-07-09,0.00367563903277901,0.004833073720251657,12.850000381469727,0.06816298143807265,0.0007788340158096929,0.9147527821062305,0.6603760004606478,0.9473705344594536,1.4665743277406065
KO,5,0.01,2024-10-08,2024-10-15,65.42091369628906,66.51787567138672,hold_days,0.016767756870382566,0.015767756870382565,1,2024-10-07,0.013411681976069012,0.0023560748943135534,22.639999389648438,0.353257621585213,0.4247953996528482,1.1093123206986066,0.55172186998501,0.11382103735315331,0.6939239382196127
KO,5,0.01,2024-11-18,2024-11-25,58.4986686706543,60.88173294067383,hold_days,0.04073706845255076,0.03973706845255076,3,2024-11-15,0.024108281485819116,0.015628786966731645,16.139999389648438,0.08032127462980498,-0.2623400361646565,0.8129071256074498,0.5172418329025297,0.2822595282702562,0.6793900823477379
KO,5,0.01,2025-06-06,2025-06-13,68.48644256591797,68.65438079833984,hold_days,0.0024521383522035922,0.0014521383522035922,1,2025-06-05,0.0024053483121173613,-0.0009532099599137691,18.479999542236328,-0.036496389562129194,-0.11451850507375738,0.7453268205356041,0.7592506251854416,0.1269875870420744,0.5588005751906077
KO,5,0.01,2026-03-06,2026-03-13,75.57211303710938,76.38805389404297,hold_days,0.010796851168273225,0.009796851168273224,1,2026-03-05,-0.014613264417092542,0.024410115585365766,23.75,0.27482560761547115,0.17399903793445914,1.2698247444959292,0.8214275982960996,0.4344247942566975,0.6992214640062382
KO,5,0.01,2026-07-10,2026-07-17,82.99475860595703,81.07620239257812,hold_days,-0.02311659489833373,-0.024116594898333732,1,2026-07-09,-0.00037505702958928744,-0.023741537868744444,15.84000015258789,-0.04520795618455775,-0.1497584076146521,0.9151194951266682,0.8120292557005585,0.8288267234861475,0.7677926773245943
COP,5,0.01,2016-08-02,2016-08-09,29.20698356628418,30.271324157714844,hold_days,0.03644130483434482,0.03544130483434482,1,2016-08-01,0.017793693218635998,0.017647611615708825,12.4399995803833,-0.0334110574203087,0.0,0.8238606583075428,0.7920013427734364,0.1900024414062487,1.2126551891487383
COP,5,0.01,2017-02-27,2017-03-06,35.15167999267578,35.86420440673828,hold_days,0.020269996034640858,0.019269996034640857,3,2017-02-24,0.004439886672229942,0.014830109362410915,11.470000267028809,-0.024659860221839525,0.05422795463069785,0.9739217992587611,0.5820902320708786,0.4230778635810091,0.7516877049386502
COP,5,0.01,2017-07-10,2017-07-17,32.27335739135742,32.23602294921875,hold_days,-0.0011568192824173984,-0.0021568192824173984,3,2017-07-07,0.00990211587769485,-0.01205893516011225,11.1899995803833,-0.021853147654715577,0.06774809820225114,1.017733226332444,0.6619744038856223,0.6410266442349071,0.7417550459131211
COP,5,0.01,2017-09-11,2017-09-18,33.7395133972168,35.361534118652344,hold_days,0.04807481075199349,0.04707481075199349,3,2017-09-08,0.01256680402118171,0.03450800673081178,12.119999885559082,0.14447589338299527,-0.008994248634054514,1.0392934389470152,0.544303552975944,0.4111134658585155,1.0033908040139548
COP,5,0.01,2017-10-09,2017-10-16,36.72822189331055,37.53618240356445,hold_days,0.021998356266766717,0.020998356266766716,3,2017-10-06,0.007174784195239647,0.013823572071527068,9.649999618530273,0.014721281417350518,0.006256461416863646,0.8773855298629655,0.21621147917890993,0.21621663419009604,0.4956966485888898
COP,5,0.01,2019-01-15,2019-01-18,50.74384689331055,52.18093490600586,resistance,0.028320438844867235,0.027320438844867234,1,2019-01-14,0.027582126449348765,-0.00026168760448153083,19.06999969482422,-0.10887850304859381,-0.32709952038998746,0.8901131579523247,0.26470346241014164,0.2828276600827684,0.5631817183673721
COP,5,0.01,2019-08-27,2019-09-04,39.75288009643555,41.56195068359375,hold_days,0.0455079124523714,0.0445079124523714,4,2019-08-23,0.022866454158971372,0.02164145829340003,19.31999969482422,0.14454980185833177,-0.08392605239248807,1.1258009344916649,0.3458644891309645,0.6666666666666666,0.9440124197541824
COP,5,0.01,2019-11-19,2019-11-22,44.9168586730957,47.06174087524414,resistance,0.04775227532626136,0.04675227532626136,1,2019-11-18,-0.0012473313741298009,0.04799960670039116,12.460000038146973,-0.018124472012739146,-0.028838650643748798,0.8299848106558609,0.7073164680232127,0.22302266864262896,1.0530607380413508
COP,5,0.01,2021-05-26,2021-06-03,46.062191009521484,49.428348541259766,hold_days,0.07307853703794653,0.07207853703794653,1,2021-05-25,0.004843655669038327,0.0672348813689082,18.84000015258789,-0.11715088950909991,-0.1373626364029361,1.0115630739299788,0.842693595189209,0.06832333456541276,0.5666156530337881
COP,5,0.01,2022-10-12,2022-10-19,102.16378021240234,106.3891372680664,hold_days,0.04135866005427147,0.04035866005427147,1,2022-10-11,0.04097865920862187,-0.0006199991543504035,33.630001068115234,0.15686279398561198,0.03159517307375914,1.2433105288136628,0.6895541015415928,0.48367387929678896,0.77206675920217
COP,5,0.01,2023-06-01,2023-06-08,89.71662902832031,94.232666015625,hold_days,0.05033667711566747,0.04933667711566747,1,2023-05-31,0.029165065213641483,0.020171611902025988,17.940000534057617,-0.031840266094167013,-0.002779279471743945,0.9677318169802546,0.4423072408652909,0.039772678012538615,1.3501006577976267
COP,5,0.01,2023-10-05,2023-10-12,103.81752014160156,110.85646057128906,hold_days,0.06780108424942877,0.06680108424942877,1,2023-10-04,0.018339574933346592,0.048461509316082174,18.579999923706055,0.01975854137863209,0.2272126487698829,1.1894192616282073,0.5146426952518962,0.41919294088181297,0.8893969847140428
COP,5,0.01,2024-02-14,2024-02-22,101.30514526367188,103.97350311279297,hold_days,0.026339805763823998,0.025339805763823997,1,2024-02-13,0.011075884799230495,0.014263920964593502,15.850000381469727,0.21362939297171257,0.1908339505466503,1.0380160371576326,0.39473974802991524,0.3009705861293318,0.6679704558416212
COP,5,0.01,2024-05-06,2024-05-13,114.47093200683594,113.37162017822266,hold_days,-0.009603414677777145,-0.010603414677777145,3,2024-05-03,0.011265651237184038,-0.021869065914961183,13.489999771118164,-0.10246174246262574,-0.27899516669065716,1.0007111237227102,0.24091150267548217,0.7500021192726682,0.8938156468419873
COP,5,0.01,2024-06-03,2024-06-10,106.17343139648438,105.6419677734375,hold_days,-0.005005617846730703,-0.006005617846730703,4,2024-05-30,0.010259489974391967,-0.01626510782112267,12.920000076293945,0.011746250051156482,0.040257648706005345,0.924734433972337,0.26224880172375986,0.9783402649626772,1.5642486098185704
COP,5,0.01,2024-06-17,2024-06-25,102.1361083984375,107.21772003173828,hold_days,0.04975333124576453,0.04875333124576453,3,2024-06-14,0.015084236629831382,0.03366909461593315,12.65999984741211,0.03600651151951917,-0.020123856605766877,0.8814967822066984,0.7464781165042262,0.13106648691890502,0.7498804824622455
COP,5,0.01,2024-12-23,2024-12-31,91.1481704711914,93.78672790527344,hold_days,0.02894800214246729,0.027948002142467288,3,2024-12-20,-0.006579857363931962,0.03452785950639925,18.360000610351562,0.3294714013383897,0.4377447104310308,1.14795802964127,0.782608262982433,0.41395437963975146,1.1784294484101294
COP,5,0.01,2025-05-06,2025-05-13,83.54566192626953,89.78082275390625,hold_days,0.07463177242092289,0.07363177242092289,1,2025-05-05,0.03882900528555622,0.034802767135366675,23.639999389648438,-0.06003977144275119,-0.30100533403416085,0.9860814813934503,0.02512335479022761,0.02654765682494618,0.8761974308610131
COP,5,0.01,2025-08-11,2025-08-18,89.92955780029297,91.12708282470703,hold_days,0.013316256119855652,0.01231625611985565,4,2025-08-07,0.013374376157861967,-0.001058120038006316,15.149999618530273,-0.25662412942119084,0.014735385723885441,0.9518638749992037,0.25094932394210673,0.6842118938121626,1.1387572813969749
COP,5,0.01,2025-11-26,2025-12-04,85.21165466308594,91.11160278320312,hold_days,0.06923874607815916,0.06823874607815916,1,2025-11-25,0.011699325331876897,0.056539420746282265,18.559999465942383,-0.24827869321669127,0.07407400048809576,1.2571694389840788,0.5564483876723526,0.7187509313179108,0.601068907232418
COP,5,0.01,2026-02-24,2026-03-03,109.04686737060547,116.8662109375,hold_days,0.07170626497980725,0.07070626497980725,1,2026-02-23,-0.00628052346136565,0.0769867884411729,21.010000228881836,0.019902904845619185,0.031418721810544836,1.1973005938477903,0.8759979248046889,0.0896845951466155,0.9855200833837209
COP,5,0.01,2026-04-20,2026-04-27,114.8250961303711,119.98212432861328,hold_days,0.044912030314235185,0.043912030314235184,3,2026-04-17,-0.01685493687391937,0.06076696718815455,17.479999542236328,-0.09100364231191682,-0.26770008681752056,0.8453475946773639,0.17674278313018285,0.8927741290665636,0.6445929685602885
COST,5,0.01,2015-09-11,2015-09-18,117.85956573486328,118.49455261230469,hold_days,0.005387656686856257,0.004387656686856257,2,2015-09-09,0.0019340067576305575,0.0024536499292256994,24.3700008392334,-0.06592561530452445,-0.1962400697717196,1.4662470816661566,0.9218781044115409,0.5177605998172026,0.8835474857266077
COST,5,0.01,2015-12-21,2015-12-29,133.5283966064453,136.267822265625,hold_days,0.020515678528318704,0.019515678528318703,3,2015-12-18,0.031548453081432504,-0.0120327745531138,20.700000762939453,-0.15129146039565244,0.39770426579604345,1.1480224492630338,0.9809554950045353,0.032464701511024846,0.6903270604747331
COST,5,0.01,2016-01-21,2016-01-28,125.98036193847656,125.31854248046875,hold_days,-0.005253354156348755,-0.006253354156348755,1,2016-01-20,0.013497030223603046,-0.019750384379951802,27.59000015258789,0.22785941235834617,0.4265770390335837,1.4173838630586013,0.7252398502398493,0.7681741601664378,0.9845944582974739
COST,5,0.01,2016-02-05,2016-02-12,120.62714385986328,124.86865234375,hold_days,0.03516213969895721,0.034162139698957206,1,2016-02-04,-0.010485317594979282,0.04464745729393649,21.84000015258789,-0.025869755652647153,-0.18171600915784591,1.0714376185018533,0.5678606656094546,0.4447769487943292,0.9126798971927446
COST,5,0.01,2016-04-12,2016-04-19,126.43944549560547,129.09396362304688,hold_days,0.020994382860795247,0.019994382860795246,1,2016-04-11,0.026477916288442094,-0.006483533427646848,16.260000228881836,0.15155809919739394,0.06692916490042933,0.793022957027044,0.926272562986506,0.026936632381502585,0.8922723840700248
COST,5,0.01,2016-05-19,2016-05-26,120.22508239746094,126.1310043334961,hold_days,0.04912387513705618,0.04812387513705618,1,2016-05-18,0.029832516688194533,0.01829135844886165,15.949999809265137,0.08577265247607024,-0.006230494239806816,0.9817450308460857,0.7710819009100167,0.8802553998400044,0.6593224417086012
COST,5,0.01,2017-01-04,2017-01-11,135.3753204345703,136.88363647460938,hold_days,0.01114173569596888,0.010141735695968879,1,2017-01-03,0.0068310982378601,0.0033106374581087783,12.850000381469727,0.12325182279763536,0.053278736259565695,0.9226523893939548,0.5290260974001142,0.49193379683750593,0.976293363752773
COST,5,0.01,2017-07-24,2017-07-31,133.86988830566406,140.5279083251953,hold_days,0.0497350084010606,0.0487350084010606,3,2017-07-21,0.0032613528087683807,0.04547365559229222,9.359999656677246,-0.015772930451572353,-0.1635388733091776,0.9116401554818486,0.6544110222262122,0.35772680469921825,0.8764951192591253
COST,5,0.01,2019-03-26,2019-03-27,216.07708740234375,216.3843536376953,resistance,0.0014220213676769955,0.0004220213676769955,1,2019-03-25,-0.00439738409779189,0.004819405465468885,16.329999923706055,0.2465648433724661,0.13956734198521592,0.8607364008924393,0.5916979498307755,0.5152853849331633,0.9432659221581651
COST,5,0.01,2019-06-03,2019-06-10,218.47312927246094,232.7739715576172,hold_days,0.06545812902840553,0.06445812902840553,3,2019-05-31,0.05016307254793362,0.014295056480471913,18.709999084472656,0.10579190307963526,0.2236755481459891,1.1827587579668908,0.8641655715003916,0.8580812425184821,0.9307648785741144
COST,5,0.01,2019-10-02,2019-10-09,258.9565124511719,269.6650085449219,hold_days,0.041352488077584626,0.040352488077584625,1,2019-10-01,0.011944496336694588,0.028407991740890037,18.559999465942383,0.08856306724047469,0.28531855992268107,1.0363641796883674,0.8095177035783269,0.13636363636363635,0.8914763330149647
COST,5,0.01,2020-01-08,2020-01-10,268.2392883300781,270.56036376953125,resistance,0.008653003271455795,0.007653003271455795,1,2020-01-07,0.0027639882453158737,0.004889015026139921,13.789999961853027,-0.0695006581768629,0.10231812226638137,1.0191723388605187,0.8413640959647093,0.8589228957465477,1.864823960534084
COST,5,0.01,2020-05-04,2020-05-11,278.3785400390625,283.7176513671875,hold_days,0.01917932081753082,0.01817932081753082,3,2020-05-01,0.02383135633113498,-0.005652035513604159,37.189998626708984,0.03506814113084489,-0.025163901986182347,0.8127081066273213,0.8095219464208905,0.3750032885217447,0.7972679557238984
COST,5,0.01,2020-12-09,2020-12-16,352.5877685546875,348.01898193359375,hold_days,-0.012957870432720675,-0.013957870432720676,2,2020-12-07,0.001092915641234704,-0.01505078607395538,20.68000030517578,-0.004333180096500633,-0.08737862116369144,0.7919167684405357,0.18170957729495554,0.7810735102218327,1.5910903466388011
COST,5,0.01,2021-06-02,2021-06-09,359.99981689453125,359.40399169921875,hold_days,-0.0016550708287916827,-0.0026550708287916827,1,2021-06-01,0.0011370857150359015,-0.003792156543827584,17.899999618530273,-0.027173913606849176,-0.09229207698763486,0.9110053862445038,0.6840831001638283,0.5808518927342327,0.8242575078514816
COST,5,0.01,2022-01-11,2022-01-19,495.5138854980469,465.2626953125,hold_days,-0.061050136173562586,-0.06205013617356259,1,2022-01-10,-0.027760422864304468,-0.03428971330925812,19.399999618530273,0.1686746489588118,0.09728502735664346,0.9898387986860903,0.963879903686426,0.4701049939689061,1.1548025536348248
COST,5,0.01,2024-04-22,2024-04-29,705.5396728515625,717.4086303710938,hold_days,0.016822523206329043,0.015822523206329042,3,2024-04-19,0.011852940277990998,0.003969582928338045,18.709999084472656,0.08087808559929699,0.1671864181552929,1.2790362555759924,0.768405163492071,0.583528563705169,1.0388713792179751
COST,5,0.01,2025-01-03,2025-01-13,907.8153076171875,915.857666015625,hold_days,0.00885902488199597,0.007859024881995968,1,2025-01-02,-0.002545811221738581,0.01040483610373455,17.93000030517578,0.2564821114228393,0.1298046902628649,0.9691708392289307,0.42240785832105004,0.3285650459111343,0.7919032094657898
COST,5,0.01,2025-03-14,2025-03-21,896.2655029296875,901.5604248046875,hold_days,0.0059077604322514965,0.0049077604322514965,1,2025-03-13,0.003672404947956398,0.0012353554842950984,24.65999984741211,-0.008443947918570394,0.16706108977040945,1.398656828012477,0.8806605928027115,0.08742775056071751,0.9510095591139794
COST,5,0.01,2025-11-25,2025-12-03,890.400146484375,918.2074584960938,hold_days,0.031230129646218296,0.030230129646218296,1,2025-11-24,0.016736047974302393,0.013494081671915903,20.520000457763672,-0.08310986473420479,0.1659090916479915,1.3273332101277808,0.8687480548223134,0.23952061157050253,0.713194266187056
COST,5,0.01,2026-03-24,2026-03-31,970.8654174804688,993.4067993164062,hold_days,0.023217823428540285,0.022217823428540284,1,2026-03-23,0.004584301432678517,0.017633521995861767,26.149999618530273,0.1122926143745937,0.025490181118834165,1.2946459563977644,0.6321493493204285,0.05427191166321321,1.338341315546809
COST,5,0.01,2026-06-23,2026-06-30,956.1597900390625,933.9849853515625,hold_days,-0.02319152605925212,-0.024191526059252122,1,2026-06-22,0.01041163185170979,-0.03460315791096191,17.280000686645508,-0.02262441242227664,-0.19665269629131088,0.897729992425489,0.32505800464036927,0.6437939944756309,0.7313503197672855
COST,5,0.01,2026-07-10,2026-07-17,914.7955322265625,939.37646484375,hold_days,0.026870411749124745,0.025870411749124744,1,2026-07-09,-0.00037505702958928744,0.02624546877871403,15.84000015258789,-0.04520795618455775,-0.1497584076146521,0.9151194951266682,0.9495816637281675,0.19363018335117066,0.46971469744366856
DHR,5,0.01,2015-06-30,2015-07-08,34.9174919128418,34.97868728637695,hold_days,0.0017525707083403397,0.0007525707083403397,1,2015-06-29,-0.005253336444760337,0.006005907153100677,18.850000381469727,0.4795918932591394,0.22482131000394423,1.0245383707296853,0.650601750547047,0.1855639942424619,1.050613573483443
DHR,5,0.01,2016-06-28,2016-07-06,40.285274505615234,67.91265869140625,hold_days,0.6857936187561569,0.6847936187561569,1,2016-06-27,0.047137002293845987,0.6376566164623109,23.850000381469727,0.2983124274296449,0.1373391112264435,1.3609472520383945,0.9421460467559786,0.33103437477982756,1.0054882813775479
DHR,5,0.01,2016-10-18,2016-10-25,64.4869155883789,66.46125030517578,hold_days,0.030616051314953374,0.029616051314953373,1,2016-10-17,0.00939207168453926,0.020223979630414113,16.209999084472656,0.21150963720675486,0.1945467537965655,1.1934301143368704,0.6491326076125217,0.23808483027114916,0.6501659480096998
DHR,5,0.01,2016-11-23,2016-12-01,66.7903060913086,64.98473358154297,hold_days,-0.027033451640380846,-0.028033451640380846,1,2016-11-22,-0.0021942781893388164,-0.02583917345104203,12.40999984741211,-0.07180254647450424,-0.3377801494673317,0.8757396606927056,0.9519226790900982,0.3421078457276167,0.8029771841526502
DHR,5,0.01,2016-12-08,2016-12-15,65.59221649169922,67.271240234375,hold_days,0.02559791134498801,0.02459791134498801,1,2016-12-07,0.014039822682522018,0.010558088662465992,12.220000267028809,-0.08327079242537905,-0.015310200057973566,0.8806058717880989,0.6386574676733472,0.5737715325686723,1.2049251073770368
DHR,5,0.01,2017-01-24,2017-01-31,67.63162231445312,70.9189682006836,hold_days,0.04860663952353472,0.04760663952353472,1,2017-01-23,-0.0009398434129297417,0.04854648293646446,11.770000457763672,0.04808556879244619,0.03975271864584973,0.8954737351511667,0.721091024049827,0.21875294149286514,1.9300417976940714
DHR,5,0.01,2017-05-19,2017-05-23,69.52806854248047,71.06017303466797,resistance,0.022035769500074798,0.021035769500074797,1,2017-05-18,0.009225663562381747,0.01181010593769305,14.65999984741211,0.38301880375776465,0.4015296170122369,1.020024775410553,0.4942478707724691,0.47727228274689165,1.182054408203244
DHR,5,0.01,2017-07-11,2017-07-18,70.45723724365234,72.47514343261719,hold_days,0.028640154906821147,0.027640154906821146,1,2017-07-10,0.00967620179530626,0.017963953111514885,11.109999656677246,-0.006261238514110645,0.10878235021127414,1.023559960289228,0.7263133102030129,0.09333440429608401,1.4071638591275994
DHR,5,0.01,2017-09-29,2017-10-06,72.84884643554688,74.41998291015625,hold_days,0.021567074174598577,0.020567074174598576,1,2017-09-28,0.013641158769535977,0.006925915405062599,9.550000190734863,-0.01240950202816049,-0.08524898710922757,0.9011540472827925,0.8666653917134387,0.45555034949655165,0.8946672649376278
DHR,5,0.01,2017-12-07,2017-12-14,78.70870208740234,78.85306549072266,hold_days,0.0018341479339858413,0.0008341479339858413,1,2017-12-06,0.009561634559034804,-0.008727486625048964,11.020000457763672,0.029906603196520276,0.13257975089594431,1.0993283535826242,0.5663759948212213,0.46835953244658096,1.1689098549134642
DHR,5,0.01,2018-04-12,2018-04-19,84.34072875976562,86.47052001953125,hold_days,0.02525222737678834,0.024252227376788338,1,2018-04-11,0.009228927483210025,0.015023299893578312,20.239999771118164,0.008973096209767384,-0.10044445461697049,1.0837289675859363,0.05555621959528055,0.35134904636378006,0.3463958911457852
DHR,5,0.01,2018-10-09,2018-10-16,91.20858001708984,89.77291870117188,hold_days,-0.015740419548785467,-0.016740419548785468,1,2018-10-08,-0.02476679906181045,0.008026379513024984,15.6899995803833,0.30749996503194166,0.28606555948203605,1.0705871518615373,0.7636391137444745,0.4285704528379186,1.2614179984369045
DHR,5,0.01,2019-05-14,2019-05-21,112.06141662597656,111.59857177734375,hold_days,-0.004130278400616971,-0.005130278400616971,1,2019-05-13,0.011987095902983302,-0.017117374303600275,20.549999237060547,0.33095853598141023,0.5675057036781785,1.3183606014209348,0.4784706923884586,0.5837552585939527,0.9495323551255056
DHR,5,0.01,2019-07-19,2019-07-26,121.5157241821289,122.09065246582031,hold_days,0.0047313077180834995,0.0037313077180834995,2,2019-07-17,0.0133205369574656,-0.009589229239382102,13.529999732971191,0.046403666947729016,0.07637231992473792,0.8513711418100584,0.07929605604862092,0.6805104178695737,1.1783071416728461
DHR,5,0.01,2019-08-26,2019-09-03,117.04503631591797,120.02265167236328,hold_days,0.025439911423568606,0.024439911423568605,3,2019-08-23,0.009803740817233564,0.014636170606335042,19.8700008392334,0.07579867774367766,0.10573186413351232,1.0956983222969536,0.7222229466299847,0.15194379063501623,0.6446179656106905
DHR,5,0.01,2019-10-09,2019-10-16,117.87071990966797,118.0339584350586,hold_days,0.001384894616031307,0.0003848946160313069,1,2019-10-08,0.023584875108288328,-0.023199980492257022,20.280000686645508,0.09267248223036484,0.18944290874594905,1.134971865590177,0.6428531512299833,0.2836893717447915,0.5014535806761583
DHR,5,0.01,2019-11-06,2019-11-13,115.86038208007812,117.74183654785156,hold_days,0.016238980348546095,0.015238980348546094,1,2019-11-05,0.00947284896523648,0.005766131383309614,13.100000381469727,-0.007575714336391148,-0.09405253479179987,0.7914951809879429,0.8882386590866483,0.22097591949744377,0.7746679516707455
DHR,5,0.01,2020-02-21,2020-02-28,139.22805786132812,124.34884643554688,hold_days,-0.10686934554959482,-0.10786934554959482,1,2020-02-20,-0.11952950885378111,0.011660163304186288,15.5600004196167,0.13246002029230186,0.027062759829046268,1.0397049935577958,0.9365072426548944,0.3017748265232706,1.2695501667165012
DHR,5,0.01,2021-09-14,2021-09-21,280.3846130371094,280.9123840332031,hold_days,0.001882310838590584,0.000882310838590584,1,2021-09-13,-0.020086548348819955,0.020968859187410538,19.3700008392334,0.18037788052070503,0.18181827703221654,1.0891621277558416,0.4062522411394321,0.3364131582472935,0.7614970093106659
DHR,5,0.01,2022-05-26,2022-06-03,218.24832153320312,230.68202209472656,hold_days,0.05697042925313789,0.05597042925313789,1,2022-05-25,0.016006648082129038,0.03996378117100885,28.3700008392334,-0.08365627654486008,-0.12868551466016453,1.0790762315940483,0.6463832042984021,0.6616811064533469,0.4024436506829415
DHR,5,0.01,2024-03-18,2024-03-25,247.7836151123047,244.16738891601562,hold_days,-0.014594291049672692,-0.015594291049672693,3,2024-03-15,0.010739006190604528,-0.02633329724027722,14.40999984741211,-0.022388054873152874,0.09916096298848798,1.04840440785951,0.5068041686561912,0.056275926757734525,0.7896139974147168
DHR,5,0.01,2024-11-20,2024-11-27,230.40426635742188,236.06797790527344,hold_days,0.0245816261885774,0.023581626188577398,2,2024-11-18,0.027416979053280333,-0.0038353528647029345,16.350000381469727,0.11148880619101242,-0.2020497528498758,0.8376351151383359,0.869836756054653,0.6635205489311643,1.0845072613855495
DHR,5,0.01,2025-12-02,2025-12-09,225.3279571533203,221.98666381835938,hold_days,-0.014828578651194246,-0.015828578651194247,1,2025-12-01,-0.0009285743263987012,-0.014900004324795546,17.239999771118164,-0.264191227205841,-0.13061019478329083,0.9996940647463579,0.6032085449206787,0.10569082157566334,0.8744558098338422
DHR,5,0.01,2025-12-18,2025-12-26,223.10044860839844,229.35427856445312,hold_days,0.02803145397090545,0.02703145397090545,1,2025-12-17,0.014092402354243694,0.012939051616661756,17.6200008392334,0.11731137145014858,0.09577120166878772,0.8967719980660293,0.23614670466035573,0.0024715452055440058,0.9013469546208301
DHR,5,0.01,2026-04-28,2026-05-05,178.6094512939453,174.26846313476562,hold_days,-0.024304358631254797,-0.025304358631254797,4,2026-04-24,0.013963845736892244,-0.03926820436814704,18.020000457763672,-0.04504506325736113,-0.05753139817926023,0.866181669236524,0.2947357149549584,0.831983518044899,1.1661105713760125
DHR,5,0.01,2026-07-22,2026-07-29,179.13999938964844,196.49000549316406,hold_days,0.09685165882901181,0.09585165882901181,1,2026-07-21,0.013549962995718312,0.0823016958332935,17.049999237060547,0.03333328709457861,0.05703658550284896,0.9990416214706667,0.8623600562346769,0.9814951812250181,1.5053291492168077
DE,5,0.01,2015-09-14,2015-09-21,66.04936218261719,65.61830139160156,hold_days,-0.006526342976996502,-0.007526342976996502,3,2015-09-11,0.009517735657031956,-0.01704407863402846,23.200000762939453,-0.09410385747659789,-0.11111109487144655,1.4270672704255039,0.9175239893031363,0.259258422013367,0.6946506596803524
DE,5,0.01,2016-10-21,2016-10-28,74.41268157958984,75.04981994628906,hold_days,0.00856222828118014,0.00756222828118014,1,2016-10-20,-0.001138069109519635,0.008700297390699774,13.75,-0.1761534116226211,0.07087226141727876,1.1197398983518076,0.943089834324733,0.69643051771117,1.094920877286294
DE,5,0.01,2017-03-28,2017-04-04,93.80941772460938,95.3506851196289,hold_days,0.016429772536741938,0.015429772536741937,1,2017-03-27,0.003539363274962515,0.011890409261779422,12.5,0.10229275412729044,0.10132154888803258,1.0862853575157507,0.8292695029742223,0.21698479875626409,0.8886298586021582
DE,5,0.01,2017-09-28,2017-10-05,108.74224853515625,112.5674819946289,hold_days,0.03517706789220898,0.03417706789220898,2,2017-09-26,0.016951077880448473,0.017225990011760506,9.869999885559082,0.009202469841024019,-0.06000001089913509,0.9012606065308776,0.6902182250915305,0.5166669845568949,1.2443516079140637
DE,5,0.01,2017-11-10,2017-11-17,116.2784423828125,119.391357421875,hold_days,0.026771213780230507,0.025771213780230506,1,2017-11-09,0.0010740909998359083,0.024697122780394598,10.5,0.057401780192002594,-0.07079647586119531,0.9200692618245983,0.7651519530211446,0.14868676263857544,0.8311470567093086
DE,5,0.01,2019-03-25,2019-04-01,141.4898681640625,146.3113555908203,hold_days,0.03407655607656035,0.03307655607656035,3,2019-03-22,0.029736207689153193,0.003340348387407155,16.479999542236328,0.2795030586808094,0.026791297546163273,0.8120248995061234,0.5929201747338108,0.1842838711811713,0.8769146013628879
DE,5,0.01,2019-07-11,2019-07-16,146.3937225341797,150.8328857421875,resistance,0.030323453295419522,0.02932345329541952,1,2019-07-10,0.0016156281784933668,0.027707825116926155,13.029999732971191,0.007733907612931912,-0.19963149979104688,0.8751307498967642,0.9792702692018891,0.0756978893103794,0.7681937877612824
DE,5,0.01,2019-09-04,2019-09-06,137.73316955566406,142.09072875976562,resistance,0.03163768915040088,0.030637689150400882,1,2019-09-03,0.015592596977496154,0.015045092172904728,19.65999984741211,0.017598351861205064,0.164691991994107,1.199127256316526,0.7052634960407466,0.20540821418408492,0.2701533286680487
DE,5,0.01,2019-10-03,2019-10-10,150.3211212158203,153.0297393798828,hold_days,0.018018879463875592,0.01701887946387559,1,2019-10-02,0.011637741719151551,0.0053811377447240405,20.559999465942383,0.2882205148371346,0.47383510731570766,1.0858647490819517,0.9213972780729961,0.5564106576939639,1.5350494041877427
DE,5,0.01,2020-07-21,2020-07-23,162.62359619140625,163.62344360351562,resistance,0.006148230856563908,0.005148230856563908,1,2020-07-20,-0.0026432746974129895,0.007791505553976897,24.459999084472656,-0.24013668443659142,-0.12455266224290129,0.8847847963358652,0.6627898724295148,0.32361458968188034,0.8044856927331769
DE,5,0.01,2020-07-24,2020-07-27,162.34580993652344,162.9475860595703,resistance,0.0037067548788733973,0.0027067548788733973,4,2020-07-20,0.004876369519724699,-0.002169614640851302,26.079999923706055,-0.06857143129621235,-0.10868080247097467,0.8316621449557271,0.18243490543180832,0.4414703600881853,0.7312882001235823
DE,5,0.01,2020-12-09,2020-12-16,236.74232482910156,242.58583068847656,hold_days,0.024682979114922787,0.023682979114922786,2,2020-12-07,0.001092915641234704,0.022590063473688082,20.68000030517578,-0.004333180096500633,-0.08737862116369144,0.7919167684405357,0.828205328846983,0.3725503605270935,0.6617664819396744
DE,5,0.01,2021-03-24,2021-03-31,336.2560119628906,349.4368591308594,hold_days,0.039198844627418516,0.038198844627418516,1,2021-03-23,0.02290009733555909,0.015298747291859427,20.299999237060547,0.02577050520159685,-0.15522269425726154,0.8605530035106619,0.013909050008059252,0.10172718113729397,0.828605398442366
DE,5,0.01,2021-10-14,2021-10-21,309.7095031738281,322.0690002441406,hold_days,0.039906741458222594,0.03890674145822259,1,2021-10-13,0.018907613068454232,0.01999912838976836,18.639999389648438,-0.1123809814453125,-0.17375887274340407,1.0298055064685694,0.7487871855803253,0.3401357719695208,1.49078197836073
DE,5,0.01,2022-05-02,2022-05-09,360.04541015625,344.27337646484375,hold_days,-0.043805679079651716,-0.04480567907965172,3,2022-04-29,-0.023712043524831916,-0.0210936355548198,33.400001525878906,0.18397740552437414,0.4713656565337443,1.2018391315452555,0.8842992576567246,0.09343048458306971,0.8159749734034385
DE,5,0.01,2023-01-20,2023-01-27,391.57391357421875,398.8026428222656,hold_days,0.0184607017920686,0.0174607017920686,1,2023-01-19,0.01646137485803778,0.0009993269340308197,20.520000457763672,-0.027027012361319325,-0.06769649048721793,0.8570297391969902,0.8467277778094643,0.04678375328921744,0.514176414958878
DE,5,0.01,2023-05-19,2023-05-26,347.7887268066406,341.7236022949219,hold_days,-0.017439106113093628,-0.01843910611309363,3,2023-05-16,-0.004561402572281437,-0.013877703540812192,16.049999237060547,-0.05197879812478223,-0.201095116219147,0.8769675011199745,0.06596849517264645,0.8827810164716915,4.5025395731588285
DE,5,0.01,2023-08-04,2023-08-11,406.9115295410156,417.4960021972656,hold_days,0.026011729547670948,0.025011729547670947,1,2023-08-03,0.006863176742273547,0.0181485528053974,15.920000076293945,0.10478835842271139,0.13795570670131063,0.9715574114767735,0.10510688019795056,0.3345736996952025,0.7940687458128022
DE,5,0.01,2023-11-29,2023-12-06,350.4701843261719,352.01092529296875,hold_days,0.004396211249065862,0.0033962112490658622,1,2023-11-28,0.009962901617685205,-0.0065666903686193425,12.6899995803833,-0.05369129569138331,-0.1402439442004908,0.78658723582045,0.4925387776839573,0.24754030541582722,1.207209602599712
DE,5,0.01,2025-02-07,2025-02-14,456.79278564453125,471.13623046875,hold_days,0.031400331342755994,0.030400331342755993,1,2025-02-06,0.011164487601744044,0.01923584374101195,15.5,-0.021464655890949702,0.031957358695566596,1.0421600928015997,0.40185558160267293,0.19240768425484964,0.7810339932124031
DE,5,0.01,2025-04-28,2025-05-05,453.0723571777344,473.8849182128906,hold_days,0.045936505958565466,0.044936505958565465,3,2025-04-25,0.016925938238607774,0.02801056771995769,24.84000015258789,-0.16222595372096704,-0.3899803681744838,1.2248973111501982,0.3851880597239881,0.22737732776322542,0.649660710925549
DE,5,0.01,2025-06-02,2025-06-09,499.9744567871094,513.6000366210938,hold_days,0.027252551903439004,0.026252551903439003,4,2025-05-29,0.015340753663377837,0.010911798240061166,18.56999969482422,-0.08431957267868018,0.04150307202942227,0.7910469704723251,0.8256657701061075,0.29329862926507877,0.8962702528862364
DE,5,0.01,2026-07-15,2026-07-22,589.47998046875,607.3300170898438,hold_days,0.03028098868921636,0.02928098868921636,1,2026-07-14,0.004094191235582523,0.025186797453633836,16.5,0.022938676905412514,-0.06515578716063652,0.928965275396021,0.9490157900352075,0.22357475234805446,0.7667607869197702
DOV,5,0.01,2016-09-16,2016-09-23,46.79581069946289,47.92542266845703,hold_days,0.024139168701421854,0.023139168701421853,2,2016-09-14,0.014523252706072132,0.008615915995349721,16.299999237060547,0.3029575490677243,0.21460500330801335,1.2218772684722348,0.44000100748688603,0.7727297817793765,0.5372479887850694
DOV,5,0.01,2017-06-08,2017-06-15,57.71250915527344,57.71250915527344,hold_days,0.0,-0.001,1,2017-06-07,0.002530065215353261,-0.003530065215353261,10.390000343322754,-0.0019211819771858263,-0.030783574205779263,0.8572761058032502,0.41080937574986803,0.1999999999999993,1.278073384260325
DOV,5,0.01,2017-06-23,2017-06-30,55.0013313293457,56.199310302734375,hold_days,0.021780908651378272,0.02078090865137827,2,2017-06-21,-0.0033159151496807704,0.024096823801059042,10.479999542236328,-0.03853211843970472,0.03149603342816265,0.9168835518650803,0.9210537217471996,0.633094258465866,0.7452169768257322
DOV,5,0.01,2017-08-23,2017-08-30,59.1906852722168,59.6979866027832,hold_days,0.008570627764036498,0.007570627764036498,2,2017-08-21,0.007712302049921016,-0.00014167428588451794,11.350000381469727,-0.057308935429357444,0.03558397280705594,1.2159514318379605,0.4477557234690443,0.8924773772889235,0.687872107499855
DOV,5,0.01,2018-03-05,2018-03-12,70.09639739990234,72.17999267578125,hold_days,0.0297247127265603,0.028724712726560298,4,2018-03-01,0.02413813482274274,0.004586577903817557,19.59000015258789,0.18799274860508497,0.02404605394676107,1.3081573115553666,0.8138291725908479,0.7741933518174313,0.9088942691752873
DOV,5,0.01,2018-06-28,2018-07-06,64.4544677734375,64.56962585449219,hold_days,0.0017866578537188982,0.0007866578537188982,1,2018-06-27,0.014325114259734484,-0.013538456406015587,17.90999984741211,0.40031273657777966,0.3840804040336445,1.0563090550455256,0.6973648546905521,0.011625947020102292,1.0050490227077782
DOV,5,0.01,2018-09-10,2018-09-17,76.17778015136719,78.84972381591797,hold_days,0.03507510535541414,0.03407510535541414,3,2018-09-07,0.007757486718649176,0.02631761863676496,14.880000114440918,0.09977830067357041,0.19903306183713476,1.0466885850965164,0.1279075956778537,0.28069940615617106,0.7195827974185537
DOV,5,0.01,2018-10-25,2018-11-01,72.78437042236328,74.28068542480469,hold_days,0.02055819118525548,0.01955819118525548,1,2018-10-24,0.01289095386992023,0.0066672373153352504,25.229999542236328,0.45000000548088703,0.09886761969859248,1.4702549242150782,0.5163969282337403,0.04780981850567371,0.5852939478164171
DOV,5,0.01,2019-02-11,2019-02-19,78.27959442138672,81.88946533203125,hold_days,0.0461150947105351,0.0451150947105351,3,2019-02-08,0.022102758406251644,0.023012336304283454,15.720000267028809,-0.026022251456155554,-0.09758896680939666,0.7513532930850754,0.9213486035626676,0.8117617491832128,0.5098002317623682
DOV,5,0.01,2019-04-26,2019-05-03,87.37439727783203,89.48152160644531,hold_days,0.024116038499391035,0.023116038499391034,1,2019-04-25,-0.0001837356744895935,0.023299774173880627,13.25,0.05158726975010253,-0.0037594127832941693,0.8807109300877694,0.8085108109862921,0.45033069083817145,0.6526351473734087
DOV,5,0.01,2019-08-27,2019-09-04,80.50811767578125,84.8770980834961,hold_days,0.05426757616305733,0.05326757616305733,4,2019-08-23,0.022866454158971372,0.030401122004085956,19.31999969482422,0.14454980185833177,-0.08392605239248807,1.1258009344916649,0.4961852956250309,0.6487606953473265,0.6719064297132316
DOV,5,0.01,2020-08-24,2020-08-31,102.48042297363281,101.83404541015625,hold_days,-0.006307327240861138,-0.007307327240861138,3,2020-08-21,0.008455116961858966,-0.015762444202720105,22.540000915527344,0.022222299112066413,0.014858255049879698,0.8088195995790031,0.9829024159629579,0.5550003051757839,0.6842452496990982
DOV,5,0.01,2021-01-05,2021-01-12,115.47814178466797,120.63489532470703,hold_days,0.044655667820277634,0.04365566782027763,1,2021-01-04,0.026470138424428136,0.017185529395849497,26.969999313354492,0.2526706202142981,0.22982211299783706,0.9216139619823758,0.4497590713294876,0.16829148019613174,0.8284655472710043
DOV,5,0.01,2021-02-18,2021-02-25,112.57395935058594,116.14099884033203,hold_days,0.03168618666629075,0.03068618666629075,1,2021-02-17,0.002993667857992488,0.02769251880829826,21.5,-0.006010132492395126,-0.15884192295669486,0.9167865848575398,0.8163275474424383,0.4137927632552482,1.0875600748221326
DOV,5,0.01,2021-10-01,2021-10-08,147.517578125,148.42025756835938,hold_days,0.006119131393239607,0.005119131393239607,1,2021-09-30,0.01301383534368128,-0.007894703950441673,23.139999389648438,0.24208268556337686,0.23809517006068925,1.142877774547418,0.687024619792904,0.008455247834572107,1.6188277439575611
DOV,5,0.01,2022-02-14,2022-02-22,151.9859161376953,149.1566619873047,hold_days,-0.018615238979297177,-0.019615238979297178,3,2022-02-11,-0.023417892397201046,0.0038026534179038673,27.360000610351562,0.17829463477270813,-0.01084595946187672,1.0430974857268016,0.7107448438495081,0.1859667626808295,0.5307552661780165
DOV,5,0.01,2022-08-04,2022-08-11,125.79570770263672,129.6134490966797,hold_days,0.030348741334383034,0.029348741334383033,2,2022-08-02,0.022814423456958277,0.006534317877424756,21.950000762939453,-0.05550770313611941,-0.08082070626694238,0.8292961945741206,0.3181902251814928,0.8650802300938504,0.47827680477838563
DOV,5,0.01,2023-05-19,2023-05-26,133.91944885253906,131.5765838623047,hold_days,-0.01749458357474387,-0.018494583574743872,3,2023-05-16,-0.004561402572281437,-0.013933181002462436,16.049999237060547,-0.05197879812478223,-0.201095116219147,0.8769675011199745,0.05575049976606566,0.81959115613619,1.0852383440821363
DOV,5,0.01,2023-08-18,2023-08-25,135.47494506835938,137.4988250732422,hold_days,0.01493914615622538,0.01393914615622538,2,2023-08-16,-0.0020038540296372087,0.015943000185862588,17.889999389648438,0.12870655893255867,0.12374367486894466,1.0878244074140861,0.7970343400160234,0.2879591608480938,0.9225548593586981
DOV,5,0.01,2023-12-21,2023-12-29,148.005126953125,149.2960968017578,hold_days,0.00872246708751967,0.00772246708751967,1,2023-12-20,0.005526866816081721,0.0021956002714379483,13.670000076293945,0.12141103747799376,0.05397068580211317,0.8095329048692339,0.8516061074413505,0.05013728673801696,0.5423321199335011
DOV,5,0.01,2024-10-10,2024-10-17,182.7338409423828,190.8218231201172,hold_days,0.044260998050627,0.043260998050627,1,2024-10-09,0.014145586324176618,0.02911541172645038,20.860000610351562,0.10370375827413403,0.35366650336824645,1.138070754483851,0.677822397865046,0.38434262255913515,0.9013395717678706
DOV,5,0.01,2024-12-24,2025-01-02,186.83251953125,182.2286834716797,hold_days,-0.02464151353908317,-0.02564151353908317,1,2024-12-23,-0.016753257974839397,-0.008888255564243774,16.780000686645508,0.14227373491917228,0.18252298681126855,1.1720007053929213,0.9038477056816864,0.7459653354170607,0.5933690483763204
DOV,5,0.01,2025-01-29,2025-02-05,193.7333221435547,200.96791076660156,hold_days,0.03734302670805434,0.03634302670805434,2,2025-01-27,0.004952133931673153,0.031390892776381185,16.40999984741211,0.0896413937702778,-0.1448671500405473,0.9656418437040297,0.23711394263541252,0.9616382758687991,0.9774118675181334
DOV,5,0.01,2025-02-28,2025-03-07,195.63014221191406,182.70750427246094,hold_days,-0.06605647674403281,-0.06705647674403281,1,2025-02-27,-0.01782753643183066,-0.04922894031220215,21.1299991607666,0.34929753299189437,0.32976706760398433,1.1787257053772153,0.9760647687843687,0.07191492697201499,0.9888397223830588
DOV,5,0.01,2025-08-26,2025-09-03,179.84719848632812,172.95945739746094,hold_days,-0.038297739118748564,-0.039297739118748565,1,2025-08-25,-0.003010264094605586,-0.03628747502414298,14.789999961853027,-0.013342215631682919,-0.08984615619365988,0.9100182515755689,0.8653876626387295,0.017417379099145234,0.8728517859871087
DOV,5,0.01,2025-10-14,2025-10-21,160.90289306640625,171.2865753173828,hold_days,0.06453384431497522,0.06353384431497522,1,2025-10-13,0.017183741447292844,0.046350102867682375,19.030000686645508,0.16249234642902288,0.18052107294744402,1.1324950010202928,0.761703011827189,0.0,1.7927662708606233
DOV,5,0.01,2025-11-04,2025-11-11,176.4339141845703,182.10586547851562,hold_days,0.03214773826313122,0.03114773826313122,1,2025-11-03,0.020292045551891125,0.010855692711240095,17.170000076293945,0.08739709422259989,-0.058145885494210514,1.0276614470949577,0.867925750520015,0.3078952440610991,0.4470649191550339
DOV,5,0.01,2026-03-13,2026-03-20,202.8934326171875,208.3057861328125,hold_days,0.026675843795480825,0.025675843795480824,1,2026-03-12,-0.015895766542540213,0.04157161033802104,27.290000915527344,0.14905267012746704,0.46484176837742774,1.4486007925876743,0.4355536566840295,0.10597356320487482,0.8549657831340957
DOV,5,0.01,2026-05-07,2026-05-14,219.7771759033203,213.2704315185547,hold_days,-0.02960609698446548,-0.03060609698446548,3,2026-05-04,0.00248202514625806,-0.03308812213072354,17.389999389648438,-0.07549176590169582,-0.08086684357694807,0.8011057191275063,0.12865385404750404,0.20224595813259635,1.5279296866338195
DOV,5,0.01,2026-05-21,2026-05-29,206.7139129638672,210.80149841308594,hold_days,0.019774118687082565,0.018774118687082564,2,2026-05-19,0.00956683843381989,0.009207280253262673,17.440000534057617,-0.024062690821576194,0.002875281550552833,0.8324072398201345,0.4236840308869747,0.9758803529621597,0.9230139979804052
DOV,5,0.01,2026-07-09,2026-07-16,211.0109405517578,216.93524169921875,hold_days,0.028075800865916767,0.027075800865916766,1,2026-07-08,0.011278930997386638,0.015796869868530128,16.899999618530273,0.02735555226262565,-0.13288867024133877,0.9214386667099718,0.2969861325988381,0.6168224632255958,0.8743189904124595
DOV,5,0.01,2026-08-21,2026-08-28,201.3864288330078,198.1549835205078,hold_days,-0.016045993422821758,-0.01704599342282176,1,2026-08-20,-0.0038069213475111496,-0.01323907207531061,16.010000228881836,0.0943267329901627,0.056765718284222055,0.8996575278480772,0.7050691568281413,0.004831950582156898,0.6500857899298462
XOM,5,0.01,2015-09-24,2015-10-01,45.61243438720703,46.44652557373047,hold_days,0.018286486957542758,0.017286486957542757,1,2015-09-23,0.00022634994647408035,0.017060137011068677,22.1299991607666,0.03653390001687584,-0.15630958646673954,1.150472125988365,0.706295049430999,0.010991406413758164,1.2736660234736557
XOM,5,0.01,2016-04-06,2016-04-13,53.18144989013672,54.15176010131836,hold_days,0.018245275621219914,0.017245275621219913,1,2016-04-05,0.01405289826983136,0.0031923773513885534,15.420000076293945,0.1157742703908271,0.11820160398476798,0.6976166075381688,0.8706878975026767,0.19298363025524537,0.9997667035209779
XOM,5,0.01,2016-05-17,2016-05-24,57.632354736328125,57.72248077392578,hold_days,0.0015638097386441174,0.0005638097386441174,4,2016-05-13,0.016312671359418163,-0.015748861620774046,14.680000305175781,0.007549801829483727,0.0,0.9313137352954731,0.49332682291666413,0.8507481381948874,0.6604391219349929
XOM,5,0.01,2016-10-05,2016-10-12,56.48133087158203,56.565704345703125,hold_days,0.0014938294268052044,0.0004938294268052043,1,2016-10-04,-0.010547571545699297,0.0110414009725045,13.630000114440918,0.04045799370516723,-0.14384421802001157,1.0196098433297787,0.6383027076163982,0.12587431242097463,0.29739335027778213
XOM,5,0.01,2017-02-23,2017-03-02,54.05234909057617,55.056983947753906,resistance,0.018586331104578857,0.017586331104578856,1,2017-02-22,0.010869035182905717,0.006717295921673139,11.739999771118164,0.0931098716304617,0.03985826490572264,0.9799916240861907,0.6302508078165877,0.07228672016472805,1.418359082043707
XOM,5,0.01,2017-04-20,2017-04-27,53.54340744018555,53.70866012573242,hold_days,0.0030863311366853274,0.0020863311366853274,1,2017-04-19,0.018260277682629056,-0.01617394654594373,14.930000305175781,-0.009289939779927203,0.2663274260799269,1.2504024175756008,0.29808164912152246,0.15702062460198216,1.292602927239263
XOM,5,0.01,2017-07-07,2017-07-14,53.52195739746094,54.22917556762695,hold_days,0.01321360810693295,0.01221360810693295,1,2017-07-06,0.011677942747778003,0.0005356653591549465,12.539999961853027,0.2502492817253843,0.16651162435842104,1.0163344690589842,0.5189913758969289,0.030309335552774517,0.8386255189070986
XOM,5,0.01,2017-08-31,2017-09-08,51.420223236083984,53.09761047363281,hold_days,0.032621158213325785,0.031621158213325784,1,2017-08-30,0.0013354311523188223,0.030285727061006962,11.220000267028809,-0.08408161085479116,-0.04429297395461773,1.0479675626590332,0.636368365382934,0.10256661058726874,0.6640604503218103
XOM,5,0.01,2018-01-31,2018-02-07,59.35451126098633,52.31083679199219,hold_days,-0.11867125715217441,-0.11967125715217442,1,2018-01-30,-0.049023234929322146,-0.07064802222285227,14.789999961853027,0.3324323832045415,0.2684391213894921,1.1856236527132074,0.8508787193318245,0.0,1.1136221859484168
XOM,5,0.01,2018-03-15,2018-03-22,51.114898681640625,50.4830207824707,hold_days,-0.012361912386943286,-0.013361912386943287,1,2018-03-14,-0.03745563039379873,0.024093718006855447,17.229999542236328,-0.029842380620221265,-0.13198996417547726,1.0317374037408176,0.3555546136565858,0.055555219163068444,0.6918865524516105
XOM,5,0.01,2019-11-20,2019-11-27,50.47692108154297,50.97404479980469,hold_days,0.009848534887035632,0.00884853488703563,1,2019-11-19,0.015062473904390083,-0.006213939017354453,12.859999656677246,0.014195532111145992,-0.018320665481198595,0.8382698009728322,0.5819658803812198,0.05128330529363602,1.368833626723399
XOM,5,0.01,2020-05-29,2020-06-05,34.88574981689453,40.724327087402344,hold_days,0.16736281436267997,0.16636281436267997,1,2020-05-28,0.0698576978392722,0.09650511652340776,28.59000015258789,0.021436241028084835,-0.18962581797578837,0.6399717447503613,0.833335259948559,0.07189588112097489,0.8326614272751255
XOM,5,0.01,2020-07-31,2020-08-07,32.284854888916016,33.328285217285156,hold_days,0.03231949878540008,0.03131949878540008,1,2020-07-30,0.02824281040568488,0.003076688379715198,24.760000228881836,-0.050613485379053746,-0.11571427753993446,0.8505701512845215,0.9285742398600109,0.02962751558376002,1.1604182513557144
XOM,5,0.01,2020-10-06,2020-10-13,26.1230411529541,26.772397994995117,hold_days,0.024857628108417407,0.023857628108417406,4,2020-10-02,0.03486781053633403,-0.011010182427916626,27.959999084472656,0.06758299023756509,0.006479423807706386,1.0543053637493658,0.0720704930596355,0.9827615690194919,1.0827455627294804
XOM,5,0.01,2021-01-04,2021-01-06,33.25133514404297,35.7431755065918,resistance,0.07493955811862318,0.07393955811862318,4,2020-12-31,0.025564411420216038,0.048375146698407145,22.75,-0.024024001663345507,0.011111111111111072,0.878234593294415,0.4000000000000014,0.35211313009745826,1.337839464899942
XOM,5,0.01,2021-04-23,2021-04-30,45.280853271484375,46.641658782958984,hold_days,0.03005255893292924,0.02905255893292924,1,2021-04-22,0.0023957575991251367,0.026656801333804103,18.709999084472656,0.1291490301183822,0.10383470456127486,0.8148478089633538,0.5131582249572105,0.25773163441875174,0.6093596101660416
XOM,5,0.01,2022-10-12,2022-10-19,86.3412094116211,91.04293060302734,hold_days,0.05445512314972767,0.05345512314972767,1,2022-10-11,0.04097865920862187,0.012476463941105798,33.630001068115234,0.15686279398561198,0.03159517307375914,1.2433105288136628,0.7142837680119517,0.4152820972962537,0.5397417700264951
XOM,5,0.01,2023-01-19,2023-01-26,98.43419647216797,104.12873077392578,hold_days,0.05785117881637736,0.05685117881637736,1,2023-01-18,0.031589342882104354,0.025261835934273003,20.34000015258789,-0.01166179650184107,-0.11179037155401861,0.8562875661860533,0.6823533283667402,0.05645134826943968,0.9963951131255296
XOM,5,0.01,2023-06-01,2023-06-08,92.89806365966797,97.23918151855469,hold_days,0.04672990682335865,0.045729906823358646,1,2023-05-31,0.029165065213641483,0.016564841609717162,17.940000534057617,-0.031840266094167013,-0.002779279471743945,0.9677318169802546,0.486110792238504,0.33846262192331106,2.386180343607632
XOM,5,0.01,2024-01-19,2024-01-26,88.65451049804688,94.18684387207031,hold_days,0.06240329277036971,0.06140329277036971,1,2024-01-18,0.005496797758345329,0.05590649501202438,14.130000114440918,0.11347522314213676,0.006410267295756666,0.9580134205235196,0.8852450814853674,0.7716582262511938,0.36376235361682113
XOM,5,0.01,2024-02-06,2024-02-13,93.50101470947266,93.53010559082031,hold_days,0.0003111290443000847,-0.0006888709556999153,1,2024-02-05,-0.003377434946311708,0.002688563990611793,13.670000076293945,0.005147036239763203,0.03639124421387563,1.0416944444564986,0.46258485748095235,0.558513077531802,0.6979101364408022
XOM,5,0.01,2024-07-10,2024-07-17,104.13375854492188,109.4558334350586,hold_days,0.05110806490136288,0.05010806490136288,1,2024-07-09,0.023531191870958867,0.026576873030404013,12.510000228881836,0.023731583921113852,-0.06151535630288585,0.8978131493299853,0.974025394969561,0.16666666666667196,0.8921620256780578
XOM,5,0.01,2025-05-07,2025-05-14,99.80697631835938,103.49930572509766,hold_days,0.03699470260436177,0.03599470260436177,2,2025-05-05,0.02834795417460212,0.007646748429759653,24.760000228881836,0.024410432384175618,-0.19005559450254328,0.9853818945869923,0.44262325837356287,0.4919982910156239,0.5465449598090918
XOM,5,0.01,2026-04-20,2026-04-27,145.7406768798828,146.24400329589844,hold_days,0.0034535753970077465,0.0024535753970077465,3,2026-04-17,-0.01685493687391937,0.019308512270927114,17.479999542236328,-0.09100364231191682,-0.26770008681752056,0.8453475946773639,0.4403945068159566,0.9254657403984966,0.7784720682671249
XOM,5,0.01,2026-08-07,2026-08-14,152.055419921875,159.07000732421875,hold_days,0.04613178146459895,0.04513178146459895,2,2026-08-05,0.002174647090931403,0.04295713437366755,15.149999618530273,-0.11351670665514002,-0.18983962564561707,0.9159432515485021,0.7056051109827678,0.990099408784635,0.5902341230884971
XOM,5,0.01,2026-08-28,2026-09-04,156.7100067138672,159.47000122070312,hold_days,0.01761211402329499,0.016612114023294988,1,2026-08-27,-0.006179419235416206,0.022791533258711194,14.510000228881836,-0.09369144150879016,-0.008202316105290652,0.9019840193102078,0.6619073569482289,0.14634273422206343,0.7744199604220983
GS,5,0.01,2015-08-10,2015-08-17,164.3054656982422,161.59323120117188,hold_days,-0.01650726885769893,-0.017507268857698932,3,2015-08-07,-0.000868927769280825,-0.016638341088418107,13.390000343322754,0.10478551730655306,-0.02547303010376445,0.9194815058813282,0.730940292584129,0.259258605160444,0.8162141829880387
GS,5,0.01,2015-12-07,2015-12-14,148.98670959472656,141.6855926513672,hold_days,-0.04900515598485167,-0.05000515598485167,4,2015-12-03,-0.02143094830766834,-0.028574207677183328,14.8100004196167,-0.020502610336555538,-0.12831073460091003,0.8826610262396997,0.09570428915432956,0.8926762950485582,1.5200161517585629
GS,5,0.01,2016-12-30,2017-01-09,195.3171844482422,198.1231689453125,hold_days,0.014366296058367922,0.013366296058367921,1,2016-12-29,0.015970452088429843,-0.0026041560300619215,13.369999885559082,0.18633534538579033,0.013646725618057243,0.8668484933035197,0.6612900050206234,0.3476276586583949,0.8911984593538933
GS,5,0.01,2017-02-27,2017-03-06,203.37619018554688,206.09954833984375,hold_days,0.013390742307702208,0.012390742307702207,3,2017-02-24,0.004439886672229942,0.007950855635472265,11.470000267028809,-0.024659860221839525,0.05422795463069785,0.9739217992587611,0.8634941241438084,0.44964048520775945,1.0804458426208694
GS,5,0.01,2018-06-01,2018-06-08,189.80764770507812,193.99696350097656,hold_days,0.02207137513451385,0.021071375134513848,1,2018-05-31,0.02009209554823621,0.0009792795862776371,15.430000305175781,0.22655011118872248,0.14977646925892674,0.8649564891816942,0.12037468740727655,0.4452752842041353,0.6347814595894182
GS,5,0.01,2019-02-14,2019-02-22,161.21376037597656,164.11932373046875,hold_days,0.01802304808048616,0.01702304808048616,3,2019-02-11,0.019124586345423467,-0.0021015382649373082,15.649999618530273,0.01755523420548233,-0.11381654848521305,0.7637890438191093,0.6588474902721156,0.02153026210118484,1.3399602824608512
GS,5,0.01,2019-03-27,2019-04-03,159.7629852294922,168.86801147460938,hold_days,0.05699083697039242,0.05599083697039242,2,2019-03-25,0.02489026925958937,0.03110056771080305,14.680000305175781,0.08259585921094992,0.06608568025856831,0.8869318516406869,0.44947577729572935,0.537634232179629,0.7078237872059256
GS,5,0.01,2019-07-09,2019-07-16,175.4647216796875,182.00975036621094,hold_days,0.03730110887173921,0.03630110887173921,1,2019-07-08,0.0076151821570984435,0.028685926714640764,13.960000038146973,-0.074270549816013,-0.09350646857488232,0.8754245594989225,0.9613641329037718,0.4094472579162662,1.5394274760048665
GS,5,0.01,2019-08-15,2019-08-22,165.6768035888672,170.9466094970703,hold_days,0.031807747337281755,0.030807747337281755,1,2019-08-14,0.02965772881776907,0.0011500185195126855,22.100000381469727,0.133914861005759,0.3709676942250526,1.2220529545555345,0.7576656821766699,0.10309265376750143,0.5949455422012011
GS,5,0.01,2019-09-25,2019-10-02,178.4865264892578,168.47573852539062,hold_days,-0.056087079292619246,-0.05708707929261925,1,2019-09-24,-0.03510578508700046,-0.021981294205618784,17.049999237060547,0.18074790391427187,0.12171049019801594,0.944976763795467,0.7087918306777202,0.12837807186483094,0.9679406714875453
GS,5,0.01,2020-04-23,2020-04-30,150.51348876953125,157.7102508544922,hold_days,0.047814731714715286,0.046814731714715285,2,2020-04-21,0.04337768602830572,0.0034370456864095678,41.97999954223633,0.027913794940968017,-0.10107068829962118,1.0601482982342185,0.12987115930206153,0.40700754304139847,0.6304822054203837
GS,5,0.01,2020-05-15,2020-05-22,147.77923583984375,154.70944213867188,hold_days,0.04689567014907814,0.04589567014907814,2,2020-05-13,0.03844103201820981,0.00745463813086833,32.61000061035156,0.03721374225253382,-0.04509519316888844,0.7054209356930223,0.3675200299090127,0.9649679516772514,0.6956669795876544
GS,5,0.01,2020-08-03,2020-08-10,172.51344299316406,181.15684509277344,hold_days,0.05010277430931498,0.04910277430931498,3,2020-07-31,0.034132024386809734,0.014970749922505244,24.459999084472656,-0.053405613775781124,-0.04750783513258894,0.8458083386366432,0.8537299700290645,0.4354388617774435,0.9019652570809513
GS,5,0.01,2021-03-09,2021-03-16,290.4652099609375,300.2355651855469,hold_days,0.033636920669168235,0.032636920669168235,4,2021-03-05,0.027710325671457037,0.004926594997711198,25.469999313354492,0.09079224399358776,0.08614066032814205,1.0849289796732073,0.46395430827809764,0.5995291157440699,1.0304699335996823
GS,5,0.01,2021-08-20,2021-08-27,348.9966735839844,369.9961853027344,hold_days,0.060171094191522556,0.059171094191522555,1,2021-08-19,0.0191460365558056,0.040025057635716954,21.670000076293945,0.3899935769209595,0.25405088050958,1.0693628829658706,0.8935750842731198,0.3900294436141394,0.6474968836364267
GS,5,0.01,2021-11-11,2021-11-18,356.4241027832031,346.7059631347656,hold_days,-0.02726566349624404,-0.028265663496244042,1,2021-11-10,0.005383821434569391,-0.033649484930813434,18.729999542236328,0.2403972893418751,0.10306242916244024,0.9296141427591786,0.729521251860119,0.2253009478847267,0.6417985585592577
GS,5,0.01,2022-05-16,2022-05-23,271.8222351074219,283.6199645996094,hold_days,0.043402370992664085,0.042402370992664085,4,2022-05-12,-0.007435514633351015,0.0498378856260151,28.8700008392334,-0.043723076232977,-0.13562875687701947,1.191530342686463,0.4881770427915312,0.5643538428998714,0.6175973958704494
GS,5,0.01,2022-12-09,2022-12-16,328.271240234375,316.58056640625,hold_days,-0.03561284814282917,-0.03661284814282917,1,2022-12-08,-0.016428891415928848,-0.02018395672690032,22.290000915527344,0.12348794073067992,0.0953317197882777,0.8029681195290677,0.5395968099993796,0.3093398761537563,0.787274284963664
GS,5,0.01,2023-02-10,2023-02-13,339.3678283691406,341.872314453125,resistance,0.0073798571185133,0.0063798571185133,1,2023-02-09,0.008830616246012557,-0.002450759127499257,20.709999084472656,0.10571273842113071,0.10571273842113071,0.9189710960493853,0.8761394336552198,0.01599346492535361,0.9084612485198047
GS,5,0.01,2023-05-15,2023-05-22,296.49542236328125,299.11907958984375,hold_days,0.008848896234721071,0.00784889623472107,3,2023-05-12,0.006740273261692131,0.0011086229730289388,17.030000686645508,-0.009307727890706552,0.0792142569598735,0.8694930732823133,0.7726412098832194,0.3694906662666634,0.7926261327866343
GS,5,0.01,2023-06-27,2023-07-05,290.75701904296875,296.87921142578125,hold_days,0.021056043300222926,0.020056043300222925,1,2023-06-26,0.014469554695371034,0.005586488604851891,14.25,0.05243722600792422,0.030368769241568838,0.8089162386871783,0.5644565243306439,0.04249930021232153,0.9458016540248813
GS,5,0.01,2023-12-20,2023-12-28,356.008056640625,364.3915100097656,hold_days,0.02354849339155085,0.02254849339155085,2,2023-12-18,0.015851922204674684,0.006696571186876166,12.529999732971191,0.03811102317958026,-0.02490277346294789,0.7862702500908432,0.034262543956123555,0.8568355063037607,0.9592340833395097
GS,5,0.01,2024-01-05,2024-01-12,364.4197692871094,356.2249755859375,hold_days,-0.022487236949858214,-0.023487236949858215,2,2024-01-03,0.0026276047825493087,-0.026114841732407523,14.130000114440918,0.1367658702757446,0.12769356868057358,0.886546006402066,0.638856556721127,0.19455312984260004,1.5868575915510141
GS,5,0.01,2024-03-05,2024-03-12,371.2474670410156,368.6546936035156,hold_days,-0.006983949165136116,-0.007983949165136117,4,2024-03-01,0.015894068300147834,-0.02387801746528395,13.489999771118164,-0.018195051249237038,-0.05266854017239275,1.0057937327616853,0.08356639492676718,0.583412790902989,0.9833211635487625
GS,5,0.01,2024-09-11,2024-09-18,452.841552734375,465.72991943359375,hold_days,0.028461095545219806,0.027461095545219805,1,2024-09-10,0.013466968439558968,0.013994127105660836,19.079999923706055,-0.0791505523164483,0.18142417178845882,1.2333920309726314,0.9500346261121111,0.20123042258499216,1.0931645212905081
GS,5,0.01,2025-03-03,2025-03-10,587.49609375,516.0562133789062,hold_days,-0.12160060489099,-0.12260060489099,4,2025-02-27,-0.021172157647776135,-0.10142844724321387,19.6299991607666,0.07797914045502363,0.29999991157986683,1.1886301512781228,0.22783970568492148,0.9307512539545411,1.692126262679801
GS,5,0.01,2026-03-30,2026-04-07,800.1375732421875,856.1651000976562,hold_days,0.07002236706425768,0.06902236706425768,3,2026-03-27,0.020654827254086516,0.04836753981017117,31.049999237060547,0.159447290550085,0.14196390684759197,1.3593559928550922,0.34149078824626533,0.2644927307305926,0.8024213215546518
GS,5,0.01,2026-04-15,2026-04-17,891.178466796875,917.39404296875,resistance,0.02941675225401319,0.02841675225401319,2,2026-04-13,0.00863276483588793,0.01978398741812526,18.360000610351562,-0.2878200108092951,-0.4001960063946338,0.9031369325081319,0.07787600059663226,0.8107101504721441,1.276866513408828
HD,5,0.01,2015-11-16,2015-11-23,92.79590606689453,101.7499008178711,hold_days,0.09649126917864059,0.09549126917864059,3,2015-11-13,0.019010673808596223,0.07648059537004437,20.079999923706055,0.40125610820749547,0.3324485952446645,0.8241359599403248,0.9214865350542533,0.02985030437882003,1.4569971682864153
HD,5,0.01,2015-12-21,2015-12-29,101.28241729736328,103.1258773803711,hold_days,0.018201185676635756,0.017201185676635755,3,2015-12-18,0.031548453081432504,-0.014347267404796749,20.700000762939453,-0.15129146039565244,0.39770426579604345,1.1480224492630338,0.7902088201713622,0.21538317076893082,0.6682605643037435
HD,5,0.01,2016-07-14,2016-07-18,104.88475036621094,106.28797912597656,resistance,0.013378768170455357,0.012378768170455356,1,2016-07-13,0.0032240932661584676,0.009154674904296889,13.039999961853027,-0.12834225076190353,-0.30453333536783855,0.8666801046499683,0.7395810153543079,0.2190445049954551,0.49482440937869143
HD,5,0.01,2016-08-19,2016-08-26,105.60196685791016,104.7444076538086,hold_days,-0.008120674544399575,-0.009120674544399576,1,2016-08-18,-0.005858250933683751,-0.0032624236107158255,11.430000305175781,-0.021404109029793172,-0.0797101260094013,0.8150004652236759,0.7916732894639233,0.21052772473363623,0.8270902621827718
HD,5,0.01,2016-10-18,2016-10-25,98.52715301513672,96.64653015136719,hold_days,-0.019087356187797444,-0.020087356187797445,1,2016-10-17,0.00939207168453926,-0.029479427872336705,16.209999084472656,0.21150963720675486,0.1945467537965655,1.1934301143368704,0.5363610511933168,0.1354173703304816,0.5772268376876578
HD,5,0.01,2017-02-07,2017-02-14,107.64450073242188,111.35478973388672,hold_days,0.03446798467380807,0.03346798467380807,1,2017-02-06,0.020588103849851214,0.012879880823956857,11.369999885559082,-0.042929311781899515,-0.033984754175667264,0.9414085284558077,0.23357168315066115,0.02759215801825421,0.9595294723959117
HD,5,0.01,2017-09-20,2017-09-27,127.23387908935547,129.0299530029297,hold_days,0.014116318125558802,0.013116318125558801,1,2017-09-19,7.28718557765351e-05,0.013043446269782266,10.180000305175781,-0.037807147581732536,-0.16762054896084588,0.9285896904636991,0.6502427877749188,0.43103312199099286,0.975258959531326
HD,5,0.01,2017-11-03,2017-11-10,131.8123016357422,131.58775329589844,hold_days,-0.0017035461565968468,-0.002703546156596847,1,2017-11-02,-0.0011793071591020832,-0.0015242389974947637,9.930000305175781,-0.1212389258791674,-0.011940286893696861,0.92826902286509,0.7402585392597905,0.4866093780334525,1.1663638831660057
HD,5,0.01,2018-04-10,2018-04-17,140.6110076904297,141.76190185546875,hold_days,0.008184950694421378,0.007184950694421378,1,2018-04-09,0.019632422132793037,-0.01244747143837166,21.770000457763672,-0.07832346806681012,-0.12464818161885038,1.1085767437554965,0.6410266442349113,0.04697948775717442,0.45561041663387397
HD,5,0.01,2018-08-15,2018-08-22,158.10623168945312,162.16500854492188,hold_days,0.02567120101528242,0.024671201015282418,1,2018-08-14,0.01814346137205658,0.006527739643225838,13.3100004196167,0.21774931820577303,0.037412353761884676,0.9530398247680374,0.9385154020127766,0.3885361254916218,1.4156639357884568
HD,5,0.01,2018-10-15,2018-10-22,156.6064910888672,146.4320526123047,hold_days,-0.06496817855901615,-0.06596817855901616,4,2018-10-11,0.0003898184864279397,-0.0663579970454441,21.309999465942383,0.43792172096904647,0.758250797620315,1.5097454506582821,0.18146790936619617,0.6734701140630318,0.605853658128955
HD,5,0.01,2018-12-11,2018-12-18,141.9183349609375,140.1300506591797,hold_days,-0.01260079821433946,-0.01360079821433946,1,2018-12-10,-0.03369807340366915,0.02009727518932969,22.639999389648438,0.2529053553959495,0.052044558924751794,1.1451589315910582,0.22247731305361365,0.6325879450879432,0.8454546837448468
HD,5,0.01,2019-06-26,2019-07-03,172.57962036132812,177.32847595214844,hold_days,0.027516896727885376,0.026516896727885375,1,2019-06-25,0.026095039461433434,0.00042185726645194155,16.280000686645508,0.07458753112660865,0.0181363927253555,1.0031008886980617,0.6629196145889333,0.1862092552155929,0.8495177376758007
HD,5,0.01,2019-08-16,2019-08-23,170.26370239257812,181.8180694580078,hold_days,0.06786159882033282,0.06686159882033282,2,2019-08-14,-0.013137662000638373,0.0799992608209712,21.18000030517578,0.2525133350854021,0.18522659823693544,1.2682245478870349,0.7173911841617885,0.5817399586618845,0.634434658299813
HD,5,0.01,2019-11-26,2019-12-04,185.69578552246094,181.24549865722656,hold_days,-0.023965470474805572,-0.024965470474805573,4,2019-11-22,-0.009598818833842837,-0.015366651640962736,11.869999885559082,-0.047351536980864584,-0.06461778738683388,0.8573859538394841,0.922174460303512,0.9212088704755239,0.8091993418194073
HD,5,0.01,2020-01-15,2020-01-23,190.12574768066406,197.7954559326172,hold_days,0.040340187194609634,0.03934018719460963,1,2020-01-14,0.005625607123296961,0.03371458007131267,12.390000343322754,-0.10152281525765494,-0.16396757095414283,0.9588601638885621,0.8631576693061771,0.189393983180646,0.9646281449942097
HD,5,0.01,2020-11-23,2020-12-01,233.89772033691406,238.3792266845703,hold_days,0.019160111270862146,0.018160111270862145,3,2020-11-20,0.015033254228691062,0.003126857042171083,23.700000762939453,0.02597404205893583,-0.04666129601497648,0.8318837402244429,0.44685979655020125,0.2685721261160739,0.6140212294658798
HD,5,0.01,2021-07-29,2021-08-05,286.9991455078125,291.977783203125,hold_days,0.017347221318388728,0.016347221318388727,1,2021-07-28,-0.0014041802214534993,0.017751401539842226,18.309999465942383,0.022333870571644487,0.12124920707207032,0.9981544508151411,0.637818381000824,0.17532433217956667,0.6311095727304802
HD,5,0.01,2021-09-21,2021-09-22,294.440185546875,295.94659423828125,resistance,0.005116178991017684,0.0041161789910176836,1,2021-09-20,0.010081914380482893,-0.005965735389465209,25.709999084472656,0.32731016884613484,0.5667275638961797,1.1595155810775741,0.4466802163861625,0.39942385099049743,1.0763778510041955
HD,5,0.01,2022-09-27,2022-10-04,242.203369140625,261.0160827636719,hold_days,0.07767321193671783,0.07667321193671783,1,2022-09-26,0.0464238520144129,0.03024935992230493,32.2599983215332,0.25232911626156107,0.3514871046217045,1.1919591207114966,0.2548425682098319,0.12201254481662897,0.8742723935200092
HD,5,0.01,2022-11-04,2022-11-11,256.0312194824219,283.89422607421875,hold_days,0.10882659797552474,0.10782659797552474,1,2022-11-03,0.055081872176558244,0.052744725798966496,25.299999237060547,-0.07630522815483409,-0.15610408194244696,0.9535284507734374,0.575837820818164,0.18198341729403117,1.5567229737067072
HD,5,0.01,2023-01-20,2023-01-27,285.6661376953125,287.1987609863281,hold_days,0.00536508563241167,0.00436508563241167,1,2023-01-19,0.01646137485803778,-0.012096289225626111,20.520000457763672,-0.027027012361319325,-0.06769649048721793,0.8570297391969902,0.9694279005396034,0.023342689025347804,1.0530634922968796
HD,5,0.01,2023-02-22,2023-03-01,268.70751953125,263.7106018066406,hold_days,-0.01859612166167257,-0.019596121661672572,1,2023-02-21,-0.010086284826156033,-0.009509836835516539,22.8700008392334,0.12438548021955698,0.17704583016096342,0.9685136499079668,0.2278704352923584,0.03620961655565571,0.756041070203386
HD,5,0.01,2023-10-09,2023-10-16,273.4722595214844,275.29632568359375,hold_days,0.006670022638863182,0.005670022638863182,4,2023-10-05,0.006916093973939441,-0.001246071335076259,17.450000762939453,-0.003995416266852847,0.014534883076207317,1.1921268750242406,0.9709379059224927,0.7594401833617183,1.2310872914978812
HD,5,0.01,2024-03-27,2024-04-04,361.8440246582031,335.3918762207031,hold_days,-0.07310373153871097,-0.07410373153871097,1,2024-03-26,-0.020206696207647257,-0.053897035331063714,13.239999771118164,-0.041968157490138935,-0.043352628240942215,0.9547891375471796,0.9229406166938255,0.10905289068338501,0.7993923109167206
HD,5,0.01,2024-05-02,2024-05-09,314.6221008300781,325.78997802734375,hold_days,0.035496162436780665,0.034496162436780664,1,2024-05-01,0.025470433790447444,0.00902572864633322,15.390000343322754,-0.03631809104621653,-0.15485990570721475,1.0335766425815507,0.9063740539226165,0.4261743591844279,1.0236454539207565
HD,5,0.01,2025-07-17,2025-07-24,347.1827697753906,360.7687683105469,hold_days,0.039132122092192745,0.038132122092192744,1,2025-07-16,0.007938278246842012,0.030193843845350732,17.15999984741211,0.0765370325686967,0.019607838692930146,0.8417392385177379,0.7738519520992958,0.581859878289439,0.840623309517063
HD,5,0.01,2025-11-07,2025-11-14,360.8900451660156,352.3809814453125,hold_days,-0.02357799511147174,-0.02457799511147174,1,2025-11-06,0.014620385478290476,-0.039198380589762216,19.5,0.15316381880300622,0.127167679766514,1.091311947817683,0.582234514051671,0.29745886709068775,0.8672927881965657
HD,5,0.01,2026-06-02,2026-06-09,306.9388732910156,318.9793395996094,hold_days,0.03922757055662318,0.03822757055662318,1,2026-06-01,-0.0026700924591777087,0.04089766301580089,16.049999237060547,-0.03254978363837502,-0.09932662671581105,0.7795380491657526,0.812666038941383,0.36585311390482844,0.439376140257503
HD,5,0.01,2026-08-10,2026-08-17,348.21392822265625,335.4082946777344,hold_days,-0.03677519049936928,-0.03777519049936928,4,2026-08-06,-0.009709459386012087,-0.028065731113357195,14.899999618530273,-0.06816761527143333,-0.19806244996161182,0.9059444586994815,0.5360230420825811,0.850433621408339,0.9150330816979311
HON,5,0.01,2016-01-21,2016-01-26,72.9517593383789,74.40960693359375,resistance,0.019983720864808374,0.018983720864808373,1,2016-01-20,0.01583040958898163,0.0031533112758267423,27.59000015258789,0.22785941235834617,0.4265770390335837,1.4173838630586013,0.3942856614143423,0.7955966516629679,0.783855024381203
HON,5,0.01,2016-05-05,2016-05-12,86.3112564086914,86.74424743652344,hold_days,0.005016622927857428,0.004016622927857428,1,2016-05-04,0.011518895383309635,-0.007502272455452207,16.049999237060547,0.16557724789409045,0.20858430420085639,0.9170681511187662,0.5699967616580198,0.21052951954273394,0.5838134473028629
HON,5,0.01,2017-06-30,2017-07-10,104.53913879394531,105.63716125488281,hold_days,0.010503458069439198,0.009503458069439197,1,2017-06-29,0.004822669969848148,0.004680788099591049,11.4399995803833,0.09160306107629057,0.04954128263775481,0.9194898491239474,0.5084727255355561,0.3296706538251657,1.0146480804607674
HON,5,0.01,2017-08-21,2017-08-28,106.84439849853516,107.86894989013672,hold_days,0.009589191441005784,0.008589191441005783,3,2017-08-18,0.009632857309662679,-0.0010436658686568956,14.260000228881836,-0.08059316451023135,0.42173485628374885,1.221702267517881,0.8425160901683417,0.10377652341049395,0.8899023808530496
HON,5,0.01,2018-01-04,2018-01-11,122.38629150390625,125.09542083740234,hold_days,0.022135888751965593,0.021135888751965592,1,2018-01-03,0.015559884565677917,0.005576004186287675,9.149999618530273,-0.10731711038729042,-0.03987409497255512,0.9781442880194553,1.0,0.35555654974946754,1.4367216714671773
HON,5,0.01,2018-04-06,2018-04-12,113.6201171875,116.58919525146484,resistance,0.02613162296836191,0.02513162296836191,4,2018-04-02,0.02759573915332969,-0.0024641161849677795,18.940000534057617,-0.1718408465658594,0.06047031840973682,1.1358308720186543,0.28378447006246305,0.6747001979275828,1.3350568819974817
HON,5,0.01,2018-06-29,2018-07-09,115.24476623535156,117.94084930419922,hold_days,0.02339440789303815,0.02239440789303815,1,2018-06-28,0.021871361605151796,0.0005230462878863529,16.850000381469727,0.150956283218596,0.39026407100435834,1.0895162886329972,0.34817650089006363,0.46511475471238506,1.2966667343378275
HON,5,0.01,2018-08-15,2018-08-22,122.5490493774414,125.51956939697266,hold_days,0.024239437471132774,0.023239437471132773,2,2018-08-13,0.01814346137205658,0.005095976099076194,13.3100004196167,0.21774931820577303,0.037412353761884676,0.9530398247680374,0.8602575554039499,0.695124985268896,1.265313638963397
HON,5,0.01,2018-11-28,2018-12-06,121.7147445678711,119.40355682373047,hold_days,-0.018988560115260733,-0.019988560115260734,1,2018-11-27,-0.013510608387339418,-0.006477951727921316,19.020000457763672,-0.05373133846811817,-0.06992666268097658,1.1827061458615766,0.9482799920154337,0.4870090816142451,0.9314026296064324
HON,5,0.01,2019-09-25,2019-10-02,142.95724487304688,137.9473114013672,hold_days,-0.035044977791288234,-0.036044977791288235,1,2019-09-24,-0.03510578508700046,-0.0009391927042877724,17.049999237060547,0.18074790391427187,0.12171049019801594,0.944976763795467,0.8267345270027637,0.23579663811741744,0.9019717621075947
HON,5,0.01,2019-10-09,2019-10-16,136.8854217529297,140.13111877441406,hold_days,0.02371104957650405,0.02271104957650405,1,2019-10-08,0.023584875108288328,-0.000873825531784278,20.280000686645508,0.09267248223036484,0.18944290874594905,1.134971865590177,0.5677048995803143,0.01078904991948462,0.7515024255450001
HON,5,0.01,2019-12-04,2019-12-11,149.0727081298828,151.48252868652344,hold_days,0.016165404029160113,0.015165404029160112,1,2019-12-03,0.011562535311326227,0.0036028687178338847,15.960000038146973,0.344566149285624,0.280898875544507,0.9267277269906756,0.021127755794233715,0.6292695783132491,1.1533088771637863
HON,5,0.01,2020-12-23,2020-12-31,184.94320678710938,187.3300018310547,hold_days,0.012905556713379562,0.011905556713379561,1,2020-12-22,0.013713074494406063,-0.001807517781026502,24.229999542236328,0.058540855758776544,0.17166340351416998,0.8891600121066772,0.25861931301001057,0.02678464775660572,0.7302340333365133
HON,5,0.01,2021-07-07,2021-07-14,196.1003875732422,202.34567260742188,hold_days,0.03184738751139449,0.030847387511394486,1,2021-07-06,0.0043162295550915886,0.026531157956302898,16.440000534057617,0.043147226859147514,-0.08105080520180585,0.8785787963277369,0.7625714704588827,0.5239054360727903,1.1784709006400924
HON,5,0.01,2021-12-21,2021-12-29,180.6506805419922,185.89993286132812,hold_days,0.02905747326047714,0.02805747326047714,1,2021-12-20,0.027695525330526438,0.00036194792995070113,22.8700008392334,0.12604635355032157,-0.15857245833516953,1.0826968057968982,0.5506071609367144,0.38461616754480915,0.6330640715540834
HON,5,0.01,2022-02-07,2022-02-14,172.4185333251953,167.2320098876953,hold_days,-0.030081008911714835,-0.031081008911714836,3,2022-02-04,-0.015271374277636474,-0.015809634634078362,23.219999313354492,-0.16052062756873176,-0.1951473481342263,1.0756760378813366,0.44179768856944257,0.7289909357720806,0.6801073101479215
HON,5,0.01,2022-04-12,2022-04-19,172.02587890625,177.61920166015625,resistance,0.032514426256496476,0.031514426256496475,1,2022-04-11,0.018611768465790712,0.012902657790705763,24.3700008392334,0.3123317845840212,0.24146723795793013,0.8509439125578254,0.34256153320228855,0.21428877712913924,0.8366077981432748
HON,5,0.01,2022-07-01,2022-07-11,158.5317840576172,156.4766387939453,hold_days,-0.012963616576250447,-0.013963616576250448,2,2022-06-29,0.0003409948045611788,-0.014304611380811627,28.709999084472656,-0.011703964251886578,-0.03072254317951917,1.0091631249250168,0.9315786908021394,0.8561322901383105,0.9026905254902111
HON,5,0.01,2022-07-18,2022-07-21,154.76559448242188,162.9859619140625,resistance,0.05311495399950972,0.05211495399950972,4,2022-07-14,0.0381307794235346,0.013984174575975117,24.229999542236328,-0.01663960460909575,-0.15604317955758018,0.9252679880143867,0.11351423517238887,0.9468089182783046,1.1245908705341265
HON,5,0.01,2023-02-10,2023-02-17,183.29029846191406,184.1588897705078,hold_days,0.004738883159024487,0.0037388831590244873,1,2023-02-09,-0.0014632682585613566,0.005202151417585844,20.709999084472656,0.10571273842113071,0.10571273842113071,0.9189710960493853,0.8536574652200389,0.10964168677721996,0.5433801418823142
HON,5,0.01,2023-03-01,2023-03-08,177.2848358154297,179.75735473632812,hold_days,0.01394659001445886,0.012946590014458859,1,2023-02-28,0.007734673504309786,0.005211916510149073,20.700000762939453,-0.09488412753231379,0.01769914491892277,1.030811711393489,0.6111120186221297,0.677653378569411,1.1104531612844926
HON,5,0.01,2023-09-08,2023-09-15,171.42369079589844,179.33895874023438,hold_days,0.046173710924005684,0.04517371092400568,1,2023-09-07,0.00567176382918122,0.03950194709482446,14.399999618530273,0.03746394090792138,-0.09887359004798446,0.950181095365138,0.7006440194680662,0.3423044725077027,0.6189168210992679
HON,5,0.01,2024-06-13,2024-06-18,197.07247924804688,201.07763671875,resistance,0.02032327134658929,0.019323271346589288,1,2024-06-12,0.010516251470322091,0.008807019876267197,12.039999961853027,-0.04671418426301477,-0.15686273200315348,0.8819769110350502,0.8750021282270998,0.19537214876426737,0.7704395723370999
HON,5,0.01,2024-07-30,2024-08-06,191.414306640625,187.78704833984375,hold_days,-0.018949776348699654,-0.019949776348699655,1,2024-07-29,-0.04203052612394165,0.022080749775241992,16.600000381469727,0.11334678412830068,0.2652439425507169,1.266712632872236,0.4717749214154474,0.49027949575405055,0.5761255755306112
HON,5,0.01,2024-08-14,2024-08-21,186.6535186767578,191.30294799804688,hold_days,0.02490941158918547,0.02390941158918547,1,2024-08-13,0.02586315301348785,-0.00195374142430238,18.1200008392334,-0.34608439415694636,0.02430753488943793,1.4682739706707375,0.9144166382733155,0.6222256526362681,0.5486912191113692
HON,5,0.01,2024-12-12,2024-12-19,217.3180389404297,216.5449676513672,hold_days,-0.0035573268230826294,-0.004557326823082629,3,2024-12-09,-0.031189290962047367,0.026631964138964737,13.579999923706055,0.009665436154977947,-0.03687946409186327,0.7904046035595661,0.1346145853742559,0.19543885496202673,0.6301313574637993
HON,5,0.01,2026-03-23,2026-03-30,231.9114532470703,232.4002227783203,hold_days,0.0021075696107568653,0.0011075696107568653,3,2026-03-20,-0.014275291398646361,0.015382861009403226,26.780000686645508,-0.015079067280581726,-0.09189552748409202,1.280671482971636,0.02785432911309999,0.17269976633932124,0.6382231048609099
HON,5,0.01,2026-07-09,2026-07-16,222.75161743164062,225.65292358398438,hold_days,0.013024848868871342,0.01202484886887134,1,2026-07-08,0.011278930997386638,0.0007459178714847026,16.899999618530273,0.02735555226262565,-0.13288867024133877,0.9214386667099718,0.9851848293556846,0.3807347315888363,0.5349150855384275
IBM,5,0.01,2016-01-12,2016-01-20,81.43617248535156,74.6712875366211,hold_days,-0.08306978020052835,-0.08406978020052835,4,2016-01-08,-0.043716284010479,-0.040353496190049354,24.299999237060547,0.17391296335439765,0.5438373310302966,1.3412959339244663,0.6679244487541665,0.7135906157267173,1.4215235334599015
IBM,5,0.01,2016-05-04,2016-05-11,89.2939224243164,93.0931396484375,hold_days,0.04254732148586293,0.04154732148586293,1,2016-05-03,0.009382118734642564,0.03216520275122037,15.600000381469727,0.11747853430095301,0.17824778331942914,0.881326057723291,0.5562166501393081,0.6149966482586946,0.6390517729219017
IBM,5,0.01,2016-08-29,2016-09-06,100.68647003173828,101.08362579345703,hold_days,0.003944479944460788,0.002944479944460788,3,2016-08-26,-0.0003873839912972299,0.003331863935758018,13.649999618530273,0.20370365386769596,0.1818181292741432,0.8996319171899123,0.7134536765666745,0.1814708456068052,1.15507746827395
IBM,5,0.01,2016-09-19,2016-09-26,97.62905883789062,97.0680160522461,hold_days,-0.005746678215715728,-0.006746678215715728,3,2016-09-16,0.00443640982198823,-0.011183088037703959,15.369999885559082,-0.12171429225376673,0.14020774536385505,1.1995799408180678,0.1951281227798767,0.19171035874365167,0.69958487848281
IBM,5,0.01,2017-05-15,2017-05-22,98.0884017944336,98.8199462890625,hold_days,0.007458012173162221,0.006458012173162221,3,2017-05-12,-0.0031668370888947583,0.009624849262056978,10.399999618530273,-0.01608326217617473,-0.03881701369130852,0.8474228583789256,0.7681089020737131,0.29365119578435755,1.0246082245690096
IBM,5,0.01,2017-07-10,2017-07-17,99.3249282836914,99.05950164794922,hold_days,-0.0026723063417078974,-0.0036723063417078974,4,2017-07-06,0.00990211587769485,-0.013574422219402749,11.1899995803833,-0.021853147654715577,0.06774809820225114,1.017733226332444,0.6269760843129336,0.5925895274464182,0.8548296390457716
IBM,5,0.01,2018-07-18,2018-07-25,97.50743865966797,98.92431640625,hold_days,0.01453097082702981,0.013530970827029809,1,2018-07-17,0.015870808935664726,-0.0023398381086349174,12.0600004196167,-0.0458860686671142,-0.2269230689287658,0.8971114714261302,0.8640716521523558,0.09036104033460172,1.2713075740028945
IBM,5,0.01,2018-11-02,2018-11-09,78.88553619384766,85.32584381103516,hold_days,0.08164117185388142,0.08064117185388142,3,2018-10-30,0.025245585493281597,0.055395586360599824,19.34000015258789,-0.20148634595855885,-0.035892289756881524,1.4579064926132315,0.35202541778747914,0.910054384542624,0.9688033655394079
IBM,5,0.01,2019-01-15,2019-01-23,84.07572174072266,91.78363037109375,hold_days,0.09167817380314824,0.09067817380314824,1,2019-01-14,0.014370143648359646,0.0763080301547886,19.06999969482422,-0.10887850304859381,-0.32709952038998746,0.8901131579523247,0.8198170994737369,0.7078655715361793,0.5105497885209263
IBM,5,0.01,2019-04-10,2019-04-17,99.93106842041016,97.19906616210938,hold_days,-0.027338867696352853,-0.028338867696352854,1,2019-04-09,0.010672054142927712,-0.039010921839280566,14.279999732971191,0.06886228292933638,-0.027247994815338017,0.8727836073300412,0.6842094210051033,0.24324907255630518,1.1378259824438361
IBM,5,0.01,2019-06-03,2019-06-10,90.68955993652344,95.26399230957031,hold_days,0.05044056202553704,0.04944056202553704,3,2019-05-31,0.05016307254793362,-0.00072251052239658,18.709999084472656,0.10579190307963526,0.2236755481459891,1.1827587579668908,0.8066683691384432,0.08805460750853118,0.7508629852412296
IBM,5,0.01,2019-12-06,2019-12-13,96.42469787597656,97.1412582397461,hold_days,0.007431294881433681,0.006431294881433681,1,2019-12-05,0.00987176130686529,-0.003440466425431609,14.520000457763672,0.23574471980967426,0.13615029429957204,1.0109808817403743,0.436975240752168,0.17391175041884305,0.7473820558956186
IBM,5,0.01,2020-05-14,2020-05-21,86.6794662475586,88.28778839111328,hold_days,0.018554822879980337,0.017554822879980336,1,2020-05-13,0.04186614916823328,-0.024311326288252944,35.279998779296875,0.03399765192630477,0.12968297458932754,0.7049745195727889,0.9734850202380176,0.17120619547480795,2.0393784915651363
IBM,5,0.01,2020-08-03,2020-08-10,92.13445281982422,95.44324493408203,hold_days,0.03591264736469868,0.03491264736469868,4,2020-07-30,0.034132024386809734,0.0007806229778889451,24.459999084472656,-0.053405613775781124,-0.04750783513258894,0.8458083386366432,0.9557513374176786,0.9736858684923425,0.8725051010753132
IBM,5,0.01,2020-12-03,2020-12-10,94.16106414794922,95.189453125,hold_days,0.010921594677763435,0.009921594677763435,2,2020-12-01,0.00870899436210193,0.001212600315661505,21.170000076293945,-0.021719007699201542,-0.0678114958283571,0.774050324222215,0.20381938973126051,0.9910319357563078,0.6810796129428766
IBM,5,0.01,2021-04-15,2021-04-22,102.34359741210938,109.05948638916016,hold_days,0.06562099776508501,0.06462099776508501,2,2021-04-13,-0.0067719298560150465,0.07139292762110006,16.989999771118164,-0.009906764440885674,-0.13360534205441965,0.7587304978905751,0.2181777730486924,0.9336290060594004,0.8683775566664382
IBM,5,0.01,2021-08-20,2021-08-27,109.83429718017578,110.07118225097656,hold_days,0.002156749548023029,0.0011567495480230292,1,2021-08-19,0.0191460365558056,-0.017989287007782573,21.670000076293945,0.3899935769209595,0.25405088050958,1.0693628829658706,0.8720413921436622,0.3616088923723714,1.3139558906364404
IBM,5,0.01,2021-09-22,2021-09-29,106.297119140625,109.88957977294922,hold_days,0.03379640635012504,0.03279640635012504,1,2021-09-21,0.0033836670320377404,0.0294127393180873,24.360000610351562,0.25179865140839963,0.342888722711455,1.204864182092415,0.6105256526030666,0.011069426121371349,0.9455322475368896
IBM,5,0.01,2022-09-07,2022-09-14,110.85811614990234,110.84073638916016,hold_days,-0.00015677481582576647,-0.0011567748158257665,1,2022-09-06,-0.009622226774578024,0.008465451958752257,26.90999984741211,0.02670739364329644,0.13067229874145436,1.0394877841351984,0.8993690170581305,0.23863606807522145,0.7838033190970837
IBM,5,0.01,2023-05-12,2023-05-19,110.7168197631836,114.70060729980469,hold_days,0.03598177354752563,0.03498177354752563,1,2023-05-11,0.011308811556901333,0.023672961990624297,16.93000030517578,-0.15729217637686554,-0.0058720127679233736,0.8702344280009844,0.9885689871651852,0.2071003245888402,1.0599577096489838
IBM,5,0.01,2024-01-08,2024-01-16,148.57443237304688,153.94058227539062,hold_days,0.03611758642880214,0.03511758642880214,3,2024-01-05,-0.010001380581491026,0.045118967010293165,13.350000381469727,0.07056937414569875,-0.02340890219738556,0.9020143266471485,0.9759754393200054,0.260640542821899,2.2115974460873526
IBM,5,0.01,2024-07-22,2024-07-29,173.0389404296875,179.94546508789062,hold_days,0.03991312383821222,0.038913123838212216,3,2024-07-19,0.004811735571414788,0.03410138826679743,16.520000457763672,0.3258427293087307,0.3237180339514183,1.1115073785977785,0.6113710488064167,0.25742619131790484,0.6202218982592012
IBM,5,0.01,2024-10-31,2024-11-07,195.94607543945312,202.5527801513672,hold_days,0.033716953488846624,0.03271695348884662,1,2024-10-30,0.031169579852949214,0.0015473736358974088,20.350000381469727,0.05769234010167823,0.03932586622900902,1.0711868052481561,0.6948050875727034,0.09329436336823252,1.3624223533889168
IBM,5,0.01,2024-12-19,2024-12-27,213.92237854003906,212.83326721191406,hold_days,-0.005091151919485393,-0.006091151919485393,1,2024-12-18,0.013846548070336251,-0.019937699989821644,27.6200008392334,1.0338734163774395,1.0535316900307423,0.9910310104954734,0.29192611336991525,0.015538232519700598,0.6483131751479194
IBM,5,0.01,2025-01-14,2025-01-22,208.0278778076172,213.29183959960938,hold_days,0.02530411715712577,0.02430411715712577,1,2025-01-13,0.033388619626596894,-0.009084502469471123,19.190000534057617,0.18970871249230647,0.3027835119093403,1.067941477032252,0.8920441984160411,0.547519814372281,0.9026607092614776
IBM,5,0.01,2025-08-14,2025-08-21,231.10206604003906,233.3340301513672,hold_days,0.009657915005145012,0.008657915005145012,2,2025-08-12,-0.0025567530092628354,0.011214668014407847,14.489999771118164,-0.13595710342333245,-0.06395347547763186,0.8830207957794922,0.44082939073278177,0.8340540700523181,0.6026835697307823
IBM,5,0.01,2025-09-03,2025-09-10,237.9149627685547,250.3711395263672,hold_days,0.05235558374665983,0.05135558374665983,1,2025-09-02,0.0018727298061287367,0.04948285394053109,17.170000076293945,0.16091954838265798,0.14543030943710056,0.9177381814471179,0.9690095020712871,0.9848475740859767,1.394211485723329
IBM,5,0.01,2026-02-05,2026-02-12,284.1025695800781,255.78897094726562,hold_days,-0.0996597766597529,-0.1006597766597529,1,2026-02-04,0.004647619698241456,-0.10530739635799435,18.639999389648438,0.14006109814982515,0.10295856866235154,1.0265958380019686,0.7138620931173905,0.8104406782984713,0.687292197248785
IBM,5,0.01,2026-09-02,2026-09-10,231.6999969482422,234.02000427246094,hold_days,0.01001297951996527,0.00901297951996527,1,2026-09-01,-0.01856648924351867,0.02757946876348394,16.34000015258789,0.05760520092621846,0.03156565626158225,0.8996838515873711,0.6878284879261765,0.4702190758633885,0.7268228036311158
JNJ,5,0.01,2015-07-01,2015-07-09,72.37683868408203,72.32540130615234,hold_days,-0.0007106883757966864,-0.0017106883757966864,1,2015-06-30,-0.009996758255366722,0.008286069879570035,18.229999542236328,0.5053674697822654,0.23092498485615454,1.0979394141025518,0.798077981146604,0.13912772337658222,1.013143723900769
JNJ,5,0.01,2015-09-28,2015-10-05,67.6719970703125,70.18278503417969,hold_days,0.03710231813106435,0.03610231813106435,3,2015-09-25,0.05674594502268526,-0.020643626891620914,23.6200008392334,0.06014363156600244,0.0181034509690563,1.1762024053709301,0.6774204889848352,0.10126513005408153,1.4046533697522618
JNJ,5,0.01,2016-01-21,2016-01-28,71.58053588867188,76.3033218383789,hold_days,0.06597863359185108,0.06497863359185108,1,2016-01-20,0.013497030223603046,0.05148160336824803,27.59000015258789,0.22785941235834617,0.4265770390335837,1.4173838630586013,0.7033912003362139,0.4436368075284102,1.2505606325854508
JNJ,5,0.01,2016-09-30,2016-10-03,90.00544738769531,90.52356719970703,resistance,0.00575653837683765,0.00475653837683765,1,2016-09-29,-0.0019179658577107572,0.006674504234548407,14.020000457763672,0.16638934474484213,-0.1398772322708426,1.009170837152581,0.6016226375303074,0.10313729515206949,1.1140914953909684
JNJ,5,0.01,2016-10-24,2016-10-31,86.56156921386719,88.37493896484375,hold_days,0.02094890108214509,0.019948901082145087,3,2016-10-21,-0.0109984393165109,0.030947340398655987,13.34000015258789,-0.17245660929988593,-0.01038571175093761,1.0778336841045497,0.2266642252604,0.3600036621093777,0.49119261321099106
JNJ,5,0.01,2017-07-28,2017-08-04,102.49768829345703,103.5316390991211,hold_days,0.010087552440244396,0.009087552440244395,1,2017-07-27,0.006016240069553813,0.003071312370690582,10.109999656677246,0.05532356338121547,0.021212125882702715,0.9067490710876737,0.9047623990533364,0.7974716551098097,0.8436436424039448
JNJ,5,0.01,2017-09-29,2017-10-06,101.71025848388672,104.22152709960938,hold_days,0.024690416219131928,0.023690416219131927,1,2017-09-28,0.013641158769535977,0.01004925744959595,9.550000190734863,-0.01240950202816049,-0.08524898710922757,0.9011540472827925,0.6760511922287528,0.1836795067418081,0.9925209947875827
JNJ,5,0.01,2018-01-03,2018-01-10,110.63717651367188,113.3212661743164,hold_days,0.024260287050192897,0.023260287050192896,1,2018-01-02,0.015479787985950733,0.007780499064242163,9.770000457763672,-0.013131228866239186,0.03715502957908945,0.9985999316999201,0.9325869665849492,0.41463112059447477,1.4006606085320266
JNJ,5,0.01,2018-05-09,2018-05-16,97.83934783935547,99.29693603515625,hold_days,0.014897770968322677,0.013897770968322676,1,2018-05-08,0.008815997120725338,0.005081773847597337,14.710000038146973,-0.05035505129093276,-0.18368481329258957,0.8203303971551024,0.6447372383677215,0.5111113936820008,0.7178145506176643
JNJ,5,0.01,2018-05-31,2018-06-07,95.46063995361328,98.42133331298828,hold_days,0.031014807367870878,0.030014807367870877,2,2018-05-29,0.0278785412359166,0.0021362661319542786,14.9399995803833,0.130105845583395,0.021189300308780634,0.8288589231112194,0.046784721571567954,0.7009802271613796,1.0796020476795603
JNJ,5,0.01,2018-09-27,2018-10-04,111.03913879394531,111.94690704345703,hold_days,0.008175209744703205,0.007175209744703205,1,2018-09-26,0.0004913422141299417,0.006683867530573263,12.890000343322754,0.09702130581470247,-0.019025874693149536,0.9506787144701624,0.3233809317755683,0.09803804238068005,1.2875497344804938
JNJ,5,0.01,2018-10-12,2018-10-19,107.5445556640625,111.70592498779297,hold_days,0.03869437460627356,0.03769437460627356,1,2018-10-11,-0.0004464665506345167,0.03814084115690808,24.979999542236328,0.7566806661850902,1.0128928162271875,1.4276531894558124,0.7522905598835329,0.16608852211468897,1.0302172073909666
JNJ,5,0.01,2018-12-11,2018-12-18,118.44036865234375,105.44017028808594,hold_days,-0.10976154931108917,-0.11076154931108917,1,2018-12-10,-0.03369807340366915,-0.07706347590742002,22.639999389648438,0.2529053553959495,0.052044558924751794,1.1451589315910582,0.2933895761611079,0.8228541782924085,0.8661046907490616
JNJ,5,0.01,2019-01-25,2019-02-01,103.6696548461914,108.4962158203125,hold_days,0.0465571239846605,0.0455571239846605,1,2019-01-24,0.015301019911800884,0.030256104072859613,18.889999389648438,-0.007878231022382942,-0.0545545634414909,0.8802166349188997,0.8450693631059297,0.5486487712540672,0.7202920535543084
JNJ,5,0.01,2019-04-12,2019-04-22,110.66438293457031,112.16998291015625,hold_days,0.013605099813154053,0.012605099813154053,1,2019-04-11,0.0005124548490762493,0.012092644964077803,13.020000457763672,-0.04123707430696033,-0.0977130850722413,0.8705028994274387,0.768744397184761,0.4488698924078675,1.1617852571899698
JNJ,5,0.01,2019-05-15,2019-05-22,111.4212646484375,112.92687225341797,hold_days,0.013512749202147845,0.012512749202147844,1,2019-05-14,0.003731692022498123,0.00878105717964972,18.059999465942383,-0.06521740418139799,0.3765243615452054,1.296015022730668,0.731481089023581,0.08109148395078415,1.1848407906000986
JNJ,5,0.01,2019-07-24,2019-07-31,106.34134674072266,106.70188903808594,hold_days,0.003390424406062298,0.002390424406062298,2,2019-07-22,-0.009429682175778442,0.01182010658184074,12.609999656677246,-0.019440124935788283,-0.10503906883484415,0.8845729085387557,0.9918076870161153,0.5271288487242832,0.5098138218886136
JNJ,5,0.01,2019-08-06,2019-08-13,107.15254974365234,109.32393646240234,hold_days,0.020264442833555885,0.019264442833555884,1,2019-08-05,0.013457915147792043,0.00580652768576384,24.59000015258789,0.9166017380212781,0.8174427670286377,1.1729949878123358,0.723929079607574,0.46938915323485236,0.9492789033576758
JNJ,5,0.01,2020-05-26,2020-06-02,121.77103424072266,124.87933349609375,hold_days,0.02552576870806944,0.02452576870806944,4,2020-05-22,0.032654891452974066,-0.008129122744904627,28.15999984741211,-0.11696455357873392,0.006433177559708847,0.6498254591024583,0.12149279485478974,0.13901262444832277,0.7205244126274356
JNJ,5,0.01,2020-06-12,2020-06-19,119.740966796875,121.1561050415039,hold_days,0.011818329870590505,0.010818329870590504,1,2020-06-11,0.012119913426743345,-0.001301583556152841,40.790000915527344,0.5803952638337648,0.426722654698382,0.7374050999535571,0.5451868196397508,0.014251204665349413,1.0199384217001368
JNJ,5,0.01,2020-08-03,2020-08-10,124.12118530273438,124.6939926147461,hold_days,0.0046149036573783775,0.0036149036573783775,3,2020-07-31,0.034132024386809734,-0.030517120729431357,24.459999084472656,-0.053405613775781124,-0.04750783513258894,0.8458083386366432,0.7317150327040661,0.5157572577824432,0.7729798618059236
JNJ,5,0.01,2020-11-27,2020-12-04,122.95512390136719,128.30882263183594,resistance,0.04354189203829684,0.042541892038296836,2,2020-11-25,0.01762717792892321,0.024914714109373626,21.25,-0.10864094530245794,-0.0938166606124956,0.8119328273624455,0.5416649006061144,0.6259493081116398,0.7983654485681811
JNJ,5,0.01,2020-12-15,2020-12-22,128.56500244140625,130.40078735351562,hold_days,0.01427904077508213,0.01327904077508213,1,2020-12-14,-0.00906371923772109,0.02234276001280322,24.719999313354492,0.16056338961474603,0.20175010598442,0.8602232035794688,0.8524651674712924,0.01781781849817808,0.5545303433739044
JNJ,5,0.01,2021-02-04,2021-02-11,138.3159942626953,141.7912139892578,hold_days,0.025125219574839708,0.024125219574839707,1,2021-02-03,0.016400940670970865,0.007724278903868842,22.90999984741211,-0.3843052832276953,0.06163113662688313,1.2049126291279078,0.9570855080910806,0.4769200672952869,0.752830269900149
JNJ,5,0.01,2021-04-29,2021-05-06,141.07723999023438,144.1187744140625,hold_days,0.021559355882200926,0.020559355882200925,1,2021-04-28,0.01344501370851714,0.007114342173683785,17.280000686645508,-0.012571389334542382,0.01706891815386169,0.855720417028701,0.9755111700703184,0.2129039879504974,1.059023084703019
JNJ,5,0.01,2021-07-20,2021-07-27,145.6317138671875,149.2714385986328,hold_days,0.024992665641253353,0.023992665641253352,1,2021-07-19,0.02032107095971214,0.0036715946815412126,22.5,0.3914656706146935,0.49303254516505457,1.0154410328163601,0.40554159075709756,0.5435540810684362,2.137095943117674
JNJ,5,0.01,2021-12-01,2021-12-08,138.3790740966797,143.85885620117188,hold_days,0.039599788770545485,0.038599788770545485,1,2021-11-30,0.04214795201148602,-0.0035481632409405384,27.190000534057617,0.41836204620997286,0.6488781632174578,1.238350349061747,0.47780703816289277,0.02539261182534687,1.7936411847546732
JNJ,5,0.01,2022-08-15,2022-08-22,147.26437377929688,149.5927734375,hold_days,0.015811017956676165,0.014811017956676165,3,2022-08-12,-0.026384470167330698,0.04119548812400686,19.530000686645508,-0.07659569556045887,-0.08438815018747547,0.7903337871121499,0.5925891040614867,0.05376655764960511,0.6930066113290186
JNJ,5,0.01,2022-10-10,2022-10-17,143.1837921142578,148.70018005371094,hold_days,0.03852662272732066,0.03752662272732066,3,2022-10-07,0.025472736699195808,0.01205388602812485,31.360000610351562,-0.008222650916543728,0.04812835997278464,1.2015822985219435,0.5857178149477603,0.33770417990344465,0.7759752346927418
JNJ,5,0.01,2024-03-26,2024-04-03,145.2808074951172,143.87245178222656,hold_days,-0.009694024538912105,-0.010694024538912106,1,2024-03-25,0.005669773917225784,-0.01636379845613789,13.1899995803833,-0.07955340888989515,-0.13337717812286198,0.9641527283966257,0.6870809026552395,0.2963025756227166,0.8029252643598298
JNJ,5,0.01,2024-04-18,2024-04-25,135.92617797851562,136.9334716796875,hold_days,0.007410593869056514,0.006410593869056514,2,2024-04-16,0.01543312292585397,-0.009022529056797457,18.209999084472656,0.15253157371169013,0.2707605848865313,1.23262836604378,0.9775289888616432,0.6577562360774521,1.307362485562978
JNJ,5,0.01,2024-08-14,2024-08-21,149.0030975341797,151.77670288085938,hold_days,0.018614414012725122,0.01761441401272512,1,2024-08-13,0.02586315301348785,-0.008248739000762728,18.1200008392334,-0.34608439415694636,0.02430753488943793,1.4682739706707375,0.5023242940178757,0.4961833542996492,0.7034002930688443
JNJ,5,0.01,2025-06-23,2025-06-30,146.90673828125,148.29502868652344,hold_days,0.009450147906868489,0.008450147906868488,3,2025-06-20,0.02639975493015978,-0.017949607023291292,20.6200008392334,0.14428414624981611,0.11580093885316733,0.8509806397774329,0.9349194167306178,0.31779652797982777,0.8353920312552836
JNJ,5,0.01,2026-06-22,2026-06-29,230.15489196777344,257.2413024902344,hold_days,0.1176877462428807,0.1166877462428807,4,2026-06-18,0.016613570794326682,0.10007417544855401,16.399999618530273,-0.15637864362202358,0.06493506654355596,0.8939488144407497,0.9594927124739735,0.15339693638706828,0.8059198471549699
JPM,5,0.01,2015-12-14,2015-12-16,48.35200119018555,50.80458450317383,resistance,0.0507235120081464,0.0497235120081464,3,2015-12-11,0.024569669355236412,0.025153842652909986,24.389999389648438,0.6468601417014463,0.613095209937337,1.0885470928268361,0.5775828049775069,0.33939367317166697,0.8708704595397267
JPM,5,0.01,2016-04-11,2016-04-18,44.40544891357422,47.51078796386719,hold_days,0.06993148647898706,0.06893148647898706,4,2016-04-07,0.03458131685997334,0.034350169619013715,15.359999656677246,0.17251902361807137,0.04206240808591599,0.7652035162849505,0.2989696397671828,0.0561830019416332,1.0952910714274573
JPM,5,0.01,2016-05-16,2016-05-23,47.04536819458008,48.418731689453125,hold_days,0.029192321105720787,0.028192321105720786,3,2016-05-13,-0.0076225060215033835,0.03581482712722417,15.039999961853027,0.021739109308372973,-0.04203820735224595,0.9241087010365657,0.6666653822589865,0.1304349027943978,0.9830020126109459
JPM,5,0.01,2016-10-18,2016-10-25,52.434268951416016,53.2862434387207,hold_days,0.016248428829895634,0.015248428829895633,1,2016-10-17,0.00939207168453926,0.005856357145356372,16.209999084472656,0.21150963720675486,0.1945467537965655,1.1934301143368704,0.23880070145071777,0.40952290991527257,0.6607109339610174
JPM,5,0.01,2017-08-22,2017-08-29,72.11064147949219,71.74835205078125,hold_days,-0.005024077185805775,-0.006024077185805775,1,2017-08-21,-0.00035704659464730337,-0.005667030591158472,13.1899995803833,0.0697485532845612,0.3282980035265781,1.2315541921843505,0.7887299728135301,0.6025568292969212,0.6299529427459706
JPM,5,0.01,2017-11-15,2017-11-22,77.78435516357422,78.14081573486328,hold_days,0.004582676947561648,0.003582676947561648,1,2017-11-14,0.01572642155771775,-0.012143744610156104,11.59000015258789,0.17189077353398607,0.13850685708675559,1.0466585814863618,0.8028690889302705,0.45161078615552436,2.2093334588411047
JPM,5,0.01,2018-06-29,2018-07-09,83.39612579345703,86.3277816772461,hold_days,0.03515338219727071,0.03415338219727071,2,2018-06-27,0.021871361605151796,0.012282020592118914,16.850000381469727,0.150956283218596,0.39026407100435834,1.0895162886329972,0.01818015358664749,0.7282053288469786,1.4471880390431435
JPM,5,0.01,2018-08-01,2018-08-08,93.07115173339844,94.78514099121094,hold_days,0.018415902520710237,0.017415902520710236,1,2018-07-31,0.013449209576363863,0.003966692944346373,12.829999923706055,0.03384368101999047,0.06384738617727415,0.9539996302005843,0.2695063091141286,0.05752085422130938,0.7549758691498856
JPM,5,0.01,2018-08-16,2018-08-23,92.35494232177734,92.3227767944336,hold_days,-0.00034828160285871324,-0.0013482816028587133,1,2018-08-15,0.005135144356394061,-0.0064834259592527746,14.640000343322754,0.3493087399633472,0.11330804319513832,1.0080678518248094,0.46534272030941065,0.5367613234749673,0.7543101654425844
JPM,5,0.01,2018-10-01,2018-10-08,91.3329849243164,93.44739532470703,hold_days,0.023150567148798817,0.022150567148798816,3,2018-09-28,-0.010285942087785105,0.03243650923658392,12.119999885559082,0.0376711959663496,0.004142517978381166,0.9753822357694417,0.2929931043866637,0.18604620216107118,0.9055986471947046
JPM,5,0.01,2019-03-08,2019-03-15,84.15007781982422,87.04193878173828,hold_days,0.034365517380814614,0.03336551738081461,1,2019-03-07,0.026179085158923643,0.00718643222189097,16.59000015258789,0.12246281815411364,0.14730291209002466,0.77314981234552,0.8225804466867694,0.6183198993616884,0.8799647914884358
JPM,5,0.01,2019-06-26,2019-07-03,89.29669189453125,93.52669525146484,hold_days,0.0473702134669185,0.0463702134669185,1,2019-06-25,0.026095039461433434,0.020275174005485064,16.280000686645508,0.07458753112660865,0.0181363927253555,1.0031008886980617,0.27826208104449757,0.06870504644594483,0.6600031592479464
JPM,5,0.01,2020-01-31,2020-02-07,111.31419372558594,115.35939025878906,hold_days,0.036340347962950936,0.035340347962950935,4,2020-01-27,0.028849484848354923,0.006490863114596013,15.489999771118164,0.1933744466411118,0.2471819384835534,1.212764361490101,0.264880722612522,0.9302310108053414,1.586240687227734
JPM,5,0.01,2020-10-29,2020-11-05,84.14696502685547,90.36469268798828,hold_days,0.07389128840414427,0.07289128840414427,1,2020-10-28,0.058256492636777235,0.014634795767367037,40.279998779296875,0.4059336584857942,0.5257575515654238,1.2243893588036565,0.7043782612811769,0.21076256196735058,1.299763594099671
JPM,5,0.01,2020-12-18,2020-12-28,103.12053680419922,108.54155731201172,hold_days,0.052569746781920834,0.05156974678192083,4,2020-12-14,0.00336079812478296,0.04820894865713787,21.93000030517578,-0.026198940523755265,0.030545093870141926,0.8831128954827452,0.5031086216864274,0.0481265095632928,0.8332241888922021
JPM,5,0.01,2021-08-03,2021-08-10,134.91111755371094,140.53201293945312,hold_days,0.04166369301258199,0.04066369301258199,1,2021-08-02,0.00615300455813883,0.03451068845444316,19.459999084472656,0.10693965693546348,-0.13511115180121525,1.032142390366947,0.8868401080963888,0.02958318097069856,1.3760115902629546
JPM,5,0.01,2021-08-20,2021-08-25,136.5259552001953,141.99684143066406,resistance,0.04007213296875678,0.03907213296875678,1,2021-08-19,0.016102133262526408,0.02296999970623037,21.670000076293945,0.3899935769209595,0.25405088050958,1.0693628829658706,0.8965553528834075,0.49804029512258113,0.6605197665229566
JPM,5,0.01,2021-12-03,2021-12-10,140.5177764892578,141.87599182128906,hold_days,0.009665790094074644,0.008665790094074644,2,2021-12-01,0.03306334314707682,-0.024397553053002174,27.950000762939453,0.5043057522986476,0.6335476192811871,1.4331958752265386,0.23706702358206777,0.5415742280590496,1.3502887915207828
JPM,5,0.01,2022-01-25,2022-02-01,130.8578643798828,134.98373413085938,hold_days,0.031529398485360405,0.030529398485360404,1,2022-01-24,0.033042894827116864,-0.0025134963417564604,29.899999618530273,0.5581031154983551,0.5938165913504587,1.300458382372096,0.9471936225446883,0.9103215195821522,1.7816288818204284
JPM,5,0.01,2022-05-02,2022-05-09,108.36457061767578,109.63311004638672,hold_days,0.01170621930655269,0.010706219306552689,3,2022-04-29,-0.023712043524831916,0.034418262831384605,33.400001525878906,0.18397740552437414,0.4713656565337443,1.2018391315452555,0.895581381810164,0.09766436812888517,0.7939247399513554
JPM,5,0.01,2022-12-19,2022-12-27,119.10153198242188,120.63998413085938,hold_days,0.012917148275343404,0.011917148275343403,3,2022-12-16,0.015177021444813699,-0.0032598731694702954,22.6200008392334,-0.009198383056260973,0.1867786711984043,0.8699363518250169,0.4330351973079179,0.5850339429923858,0.764305677313358
JPM,5,0.01,2023-03-13,2023-03-20,121.07908630371094,117.28756713867188,hold_days,-0.03131440185738221,-0.03231440185738221,4,2023-03-09,0.015311201289397891,-0.047625603146780104,24.799999237060547,0.34126552428620127,0.14443927779172872,1.0204389984350284,0.41163217794405627,0.7836019176045317,1.3770914533952954
JPM,5,0.01,2024-01-18,2024-01-25,158.85728454589844,164.094970703125,hold_days,0.03297101654606993,0.03197101654606993,1,2024-01-17,0.014678679705601994,0.017292336840467937,14.789999961853027,0.159090885310202,0.12045455875475564,0.9294129856680007,0.9519646581421537,0.23255442593283007,0.8131865413318259
JPM,5,0.01,2024-05-06,2024-05-13,183.24282836914062,189.6658477783203,hold_days,0.03505195519161375,0.03405195519161375,3,2024-05-03,0.011265651237184038,0.02278630395442971,13.489999771118164,-0.10246174246262574,-0.27899516669065716,1.0007111237227102,0.9159673024523164,0.5036834863589137,0.7821477442846937
JPM,5,0.01,2024-07-08,2024-07-15,196.89712524414062,201.5803680419922,hold_days,0.023785226889649236,0.022785226889649235,3,2024-07-05,0.016791603226726126,0.005993623662923109,12.479999542236328,0.01960782480441492,-0.06024097942928763,0.8882981246225387,0.4095562962191459,0.09473329157230284,0.9833039591231957
JPM,5,0.01,2026-02-27,2026-03-06,297.4310607910156,286.7144470214844,hold_days,-0.0360305804680604,-0.0370305804680604,3,2026-02-24,-0.02514864432620767,-0.011881936141852734,18.6299991607666,-0.07909048035958854,0.0555240545845368,1.1445963354235078,0.6882324218749992,0.4636857539042,1.101241177824306
JPM,5,0.01,2026-03-16,2026-03-23,283.4261474609375,287.14031982421875,hold_days,0.013104550855856267,0.012104550855856266,4,2026-03-12,-0.012130745146814781,0.024235296002671047,27.190000534057617,-0.07799251457821688,0.3690835699111441,1.4094150261407652,0.3326216936587674,0.11556400069096529,0.6725915218832804
JPM,5,0.01,2026-05-05,2026-05-12,308.0124206542969,303.5126953125,hold_days,-0.01460890873244114,-0.01560890873244114,1,2026-05-04,-0.004257469619890597,-0.011351439112550543,18.290000915527344,0.014983376853763941,-0.03073661356178392,0.8164809965967404,0.6235006549914753,0.27535954120257544,0.8276019358180039
LMT,5,0.01,2015-10-15,2015-10-22,156.14752197265625,161.6192169189453,hold_days,0.035041830169083577,0.034041830169083576,1,2015-10-14,0.017790878647913955,0.01625095152116962,18.030000686645508,-0.020108638019326164,-0.26408160462671393,0.8555720712674816,0.3985673498521477,0.034780156900475326,1.2342419883415991
LMT,5,0.01,2015-12-04,2015-12-11,164.22264099121094,163.3277130126953,hold_days,-0.005449479883614328,-0.006449479883614328,1,2015-12-03,-0.03847554828270472,0.03202606839909039,18.110000610351562,0.19223180451823163,0.07477745996181007,0.8783408814030652,0.6128213153879241,0.15187484763758805,1.3497038548577005
LMT,5,0.01,2016-03-28,2016-04-04,165.9710235595703,169.8123321533203,hold_days,0.023144453238677976,0.022144453238677975,4,2016-03-24,0.012169119996033873,0.009975333242644102,14.739999771118164,0.020775637081209553,-0.18337947954846667,0.6908819195249436,0.5950390294959564,0.19724781879840406,0.4561750529703135
LMT,5,0.01,2016-06-20,2016-06-27,182.04946899414062,182.54531860351562,hold_days,0.0027237080784396905,0.0017237080784396905,3,2016-06-17,-0.04218860697898896,0.04391231505742865,19.40999984741211,0.13975332148007102,0.4409799155626548,1.3405143087584122,0.4020607204656334,0.25280744766575197,0.9221496721284317
LMT,5,0.01,2016-11-07,2016-11-14,183.77120971679688,205.2536163330078,hold_days,0.11689756327618839,0.11589756327618839,3,2016-11-04,0.019342992376869317,0.09655457089931907,22.510000228881836,0.39036439075646334,0.6874062947079511,1.3836582759899072,0.7291685210380999,0.02005508919201855,0.5819919183726674
LMT,5,0.01,2017-02-02,2017-02-09,194.8590545654297,199.677001953125,hold_days,0.024725293871717735,0.023725293871717734,1,2017-02-01,0.014157636225218706,0.009567657646499028,11.8100004196167,0.09250693442946778,-0.05368582910216757,0.8913435232535497,0.8907121594917202,0.35658818450110835,0.42202283267754304
LMT,5,0.01,2017-04-06,2017-04-13,207.99057006835938,208.68353271484375,hold_days,0.003331702231772482,0.002331702231772482,1,2017-04-05,-0.012810374794900214,0.015142077026672696,12.890000343322754,0.12872156367847043,0.00624511483883694,1.0411691909488863,0.5373995723390711,0.04106590004423191,0.5007613997926731
LMT,5,0.01,2017-05-02,2017-05-09,209.8438262939453,213.2543487548828,hold_days,0.01625267000307229,0.015252670003072288,1,2017-05-01,0.00408481716761222,0.011167852835460068,10.109999656677246,-0.0673432182320004,-0.3103683654906765,0.8711523338131745,0.7967883021084871,0.03448154903885385,0.6372901519607681
LMT,5,0.01,2017-06-30,2017-07-05,217.56256103515625,221.3164520263672,resistance,0.017254305949286675,0.016254305949286674,1,2017-06-29,0.00592565701580261,0.010328648933484064,11.4399995803833,0.09160306107629057,0.04954128263775481,0.9194898491239474,0.4961442304306533,0.39535021261747355,0.9525778460742487
LMT,5,0.01,2017-12-06,2017-12-13,247.48622131347656,252.10317993164062,hold_days,0.018655416829513216,0.017655416829513215,1,2017-12-05,0.016238940304087235,0.0014164765254259803,11.329999923706055,0.12961118896757573,0.06384979620023912,1.0939055158587516,0.6099279267580002,0.01580303385183314,0.8132156748111272
LMT,5,0.01,2018-04-09,2018-04-16,267.9742126464844,275.7842712402344,hold_days,0.0291448140349726,0.0281448140349726,3,2018-04-06,0.027322573555060625,0.0008222404799119731,21.489999771118164,0.07611419679655196,-0.07926308352078582,1.140601152178389,0.08364531572617956,0.15371688236036732,0.576901076610846
LMT,5,0.01,2018-06-01,2018-06-08,254.17684936523438,258.7366638183594,hold_days,0.01793953487311062,0.016939534873110618,1,2018-05-31,0.02009209554823621,-0.003152560675125593,15.430000305175781,0.22655011118872248,0.14977646925892674,0.8649564891816942,0.4978585181207432,0.012049458457211833,0.41757538843402986
LMT,5,0.01,2018-06-28,2018-07-06,237.00588989257812,240.1768341064453,hold_days,0.013379178953334847,0.012379178953334846,1,2018-06-27,0.014325114259734484,-0.0019459353063996376,17.90999984741211,0.40031273657777966,0.3840804040336445,1.0563090550455256,0.7167629038138165,0.031661036874800944,1.0583799647288485
LMT,5,0.01,2019-03-11,2019-03-18,249.473388671875,243.93324279785156,hold_days,-0.022207362089870952,-0.023207362089870953,3,2019-03-08,0.01611492015571936,-0.03932228224559031,16.049999237060547,0.18275604996382078,0.18800880571035616,0.8031540752728501,0.9697490370263954,0.7465798522203448,1.284055911882701
LMT,5,0.01,2019-03-28,2019-04-04,242.26138305664062,245.59690856933594,hold_days,0.013768292208236277,0.012768292208236276,1,2019-03-27,0.02387908644038439,-0.011110794232148113,15.149999618530273,0.08914448488285642,0.1297538993972438,0.9134587531392477,0.8515305374538481,0.21825480923518387,0.4602046250781784
LMT,5,0.01,2019-04-29,2019-05-06,269.2984924316406,275.1419372558594,hold_days,0.021698765453364244,0.020698765453364243,3,2019-04-26,-0.009616236741684325,0.030315002195048568,12.729999542236328,0.052936259848718414,-0.022273495033129587,0.8947565159394948,0.35025482936501917,0.3405982088658687,0.7802035965278166
LMT,5,0.01,2019-05-17,2019-05-24,277.0023193359375,277.6497802734375,hold_days,0.0023373845354515144,0.0013373845354515143,2,2019-05-15,-0.009414295654587734,0.010751680190039248,15.289999961853027,-0.1994764577760455,0.060332862757007666,1.1978921126071946,0.3407553915271605,0.9458375189145938,0.7288906470583809
LMT,5,0.01,2019-07-19,2019-07-26,294.4436340332031,304.75445556640625,hold_days,0.035017980833779605,0.034017980833779604,1,2019-07-18,0.0133205369574656,0.020697443876314003,13.529999732971191,0.046403666947729016,0.07637231992473792,0.8513711418100584,0.34153395432693107,0.6118041414400607,0.7836005440295274
LMT,5,0.01,2019-08-26,2019-09-03,313.7125244140625,319.14349365234375,hold_days,0.017311929921908442,0.01631192992190844,3,2019-08-23,0.009803740817233564,0.0065081891046748774,19.8700008392334,0.07579867774367766,0.10573186413351232,1.0956983222969536,0.9525710770418472,0.1850672030359038,0.8006341293417282
LMT,5,0.01,2019-12-19,2019-12-23,319.8128967285156,327.1164855957031,resistance,0.02283706799162455,0.021837067991624548,1,2019-12-18,0.0076129963453781535,0.014224071646246395,12.579999923706055,-0.16077384150836038,-0.1500000161093632,0.891714683373294,0.6561786348642579,0.11403538963398155,1.089745906506832
LMT,5,0.01,2021-01-11,2021-01-19,289.0977478027344,292.3681335449219,hold_days,0.01131238747808938,0.01031238747808938,3,2021-01-08,0.003756926312896036,0.006555461165193344,21.559999465942383,-0.052307715782752395,-0.07507507679512726,0.9584861400875154,0.7676040446588803,0.1288413048261848,0.851031742107858
LMT,5,0.01,2021-03-24,2021-03-31,307.22247314453125,318.7653503417969,hold_days,0.03757172149263743,0.03657172149263743,1,2021-03-23,0.02290009733555909,0.013671624157078344,20.299999237060547,0.02577050520159685,-0.15522269425726154,0.8605530035106619,0.1469446715293725,0.14285316748062785,1.150592757776916
LMT,5,0.01,2021-12-21,2021-12-29,300.57373046875,312.48126220703125,hold_days,0.039616009422084986,0.038616009422084985,1,2021-12-20,0.027695525330526438,0.010920484091558547,22.8700008392334,0.12604635355032157,-0.15857245833516953,1.0826968057968982,0.44820088649164497,0.5148012426995346,0.9907603083981221
LMT,5,0.01,2022-01-07,2022-01-14,317.65887451171875,328.666748046875,hold_days,0.03465312767375606,0.033653127673756056,1,2022-01-06,0.0007032315626644969,0.03294989611109156,19.610000610351562,0.13156380246295618,0.052603408144471064,0.9465360018129909,0.41116162348594176,0.12195444696229768,0.9876972235125225
LMT,5,0.01,2022-07-19,2022-07-26,348.87060546875,354.6168518066406,hold_days,0.01647099597333468,0.015470995973334678,1,2022-07-18,0.0007977470530420305,0.014673248920292647,25.299999237060547,-0.033244204688462675,-0.0524345125795711,0.9164307664390405,0.9887572479274219,0.019275248764120047,1.8097439934788324
LMT,5,0.01,2022-08-24,2022-08-31,387.59326171875,377.92864990234375,hold_days,-0.02493493249482548,-0.02593493249482548,2,2022-08-22,-0.04029873118478755,0.01436379868996207,24.110000610351562,0.2244794289694767,0.1074873726864527,0.8632823083802804,0.6141869214529387,0.6365671693200048,0.6147288446573811
LMT,5,0.01,2023-01-20,2023-01-27,401.25885009765625,416.0317687988281,hold_days,0.036816430834052616,0.035816430834052615,1,2023-01-19,0.01646137485803778,0.019355055976014834,20.520000457763672,-0.027027012361319325,-0.06769649048721793,0.8570297391969902,0.987782340315612,0.04063834310720494,0.6189663670545217
LMT,5,0.01,2023-08-02,2023-08-09,411.34954833984375,415.2469787597656,hold_days,0.009474740973100415,0.008474740973100414,2,2023-07-31,-0.0003469190479643558,0.00882166002106477,13.930000305175781,0.005050551964827177,0.04736842897790283,0.910599731065892,0.1245198744219465,0.7041807111281237,0.8773201166884937
LMT,5,0.01,2023-10-27,2023-11-03,409.32275390625,418.5081787109375,hold_days,0.022440542865084234,0.021440542865084233,3,2023-10-24,0.05629479493377265,-0.03485425206868842,20.68000030517578,-0.03364482832658766,0.23906528720452536,1.2281861013360473,0.4245308239319918,0.30904283578585806,0.8171220905544426
LMT,5,0.01,2024-04-10,2024-04-17,423.05755615234375,427.12225341796875,hold_days,0.009607906079241113,0.008607906079241112,1,2024-04-09,-0.022301029763932778,0.03090893584317389,14.979999542236328,0.02532511254303693,0.13570887178155688,1.1043596928268664,0.9078817903249436,0.23639685274761493,1.8071785634890265
LMT,5,0.01,2025-11-13,2025-11-20,444.3677673339844,456.4651794433594,hold_days,0.02722387400408066,0.02622387400408066,3,2025-11-10,-0.02237286752220813,0.04859674152628879,17.510000228881836,-0.027762353894819625,0.03486998522030271,1.0776946402887022,0.12908783393388132,0.400002682871206,0.6762817714447883
LMT,5,0.01,2025-12-19,2025-12-29,465.6963806152344,480.1741943359375,hold_days,0.031088525321103733,0.030088525321103732,1,2025-12-18,0.011438835450363394,0.018649689870740338,16.8700008392334,0.13602696335848496,0.06907484947447284,0.9185002637714961,0.8533213214904084,0.15833509939389126,1.0744831190955415
LMT,5,0.01,2026-05-11,2026-05-18,505.7899475097656,521.6473999023438,hold_days,0.03135185361166548,0.03035185361166548,3,2026-05-08,0.014299542245721053,0.016052311365944427,17.190000534057617,0.011771675434595341,-0.08123990511985002,0.8054229735810572,0.743550321615625,0.26800130208332856,1.1195485010745756
LMT,5,0.01,2026-08-06,2026-08-13,579.26708984375,594.3339233398438,hold_days,0.026010166571275084,0.025010166571275083,1,2026-08-05,0.008152736339654298,0.016857430231620785,15.8100004196167,-0.23475312021374117,-0.04987974762475478,0.9357903841533881,0.47190837862396606,0.028379877561095692,0.6282673644886106
MCD,5,0.01,2016-02-08,2016-02-16,89.22238159179688,91.62882995605469,hold_days,0.02697135316637933,0.02597135316637933,3,2016-02-05,0.017756923511568434,0.008214429654810895,23.3799991607666,0.15742565731291602,0.04655322296666298,1.097325479511681,0.9150691975343475,0.07732904263877684,1.4104284270195697
MCD,5,0.01,2016-09-15,2016-09-22,91.33368682861328,92.29308319091797,hold_days,0.010504299077568113,0.009504299077568112,2,2016-09-13,0.016272990575658453,-0.00676869149809034,18.139999389648438,0.5192629838489577,0.38262191675891444,1.164321491336256,0.9319738836180933,0.4285701310614808,1.2424490244301447
MCD,5,0.01,2016-10-06,2016-10-13,89.58784484863281,90.75959014892578,hold_days,0.013079288850766924,0.012079288850766923,1,2016-10-05,-0.014463365677655382,0.026542654528422305,12.989999771118164,0.048426102596418774,-0.02330830189255595,1.0294865274576017,0.8351631307351455,0.020694009628785568,1.5401624872389026
MCD,5,0.01,2016-12-05,2016-12-09,94.54037475585938,96.10165405273438,resistance,0.01651441832028744,0.015514418320287438,3,2016-12-02,0.028678092362915963,-0.013163674042628526,14.119999885559082,0.14424632989959063,0.05767786382674123,0.9099111091673473,0.1984752830452406,0.6708837532714517,1.022190363450579
MCD,5,0.01,2017-01-05,2017-01-12,94.86531829833984,96.76737976074219,hold_days,0.020050124708595796,0.019050124708595795,1,2017-01-04,0.0031473570883724378,0.015902767620223357,11.850000381469727,-0.011676346315341202,0.011955622789639797,0.9224443572850891,0.5454539149252021,0.8333365937634498,0.9417631114531377
MCD,5,0.01,2017-03-14,2017-03-21,102.03025817871094,102.60507202148438,hold_days,0.005633758583327486,0.004633758583327486,1,2017-03-13,-0.006775104383000108,0.011408862966327593,11.350000381469727,0.00978653136935237,-0.061207589890705294,0.998849838305586,0.4109654898517948,0.2826092364848632,0.5986676055172813
MCD,5,0.01,2017-11-13,2017-11-20,135.2566680908203,134.90113830566406,hold_days,-0.0026285564340349232,-0.0036285564340349232,3,2017-11-10,0.00239906614733032,-0.006027622581365243,11.289999961853027,0.2352297087276327,0.1520407900121108,0.9671653108546888,0.797908425843223,0.6310953767712764,1.4101666339638004
MCD,5,0.01,2018-04-10,2018-04-17,133.1605987548828,132.98060607910156,hold_days,-0.001351696203413577,-0.002351696203413577,1,2018-04-09,0.019632422132793037,-0.021984118336206615,21.770000457763672,-0.07832346806681012,-0.12464818161885038,1.1085767437554965,0.37696326713214967,0.06772809065265731,0.5985907785529334
MCD,5,0.01,2018-09-19,2018-09-26,131.8689727783203,137.320068359375,hold_days,0.0413372112196424,0.0403372112196424,1,2018-09-18,0.004463913796096897,0.0358732974235455,12.789999961853027,-0.032526497465224624,-0.028115493149632687,0.9645963302218316,0.8248519383787747,0.12666829427082718,0.8403244296432353
MCD,5,0.01,2018-10-12,2018-10-19,135.712890625,138.75320434570312,hold_days,0.02240254191552138,0.021402541915521378,1,2018-10-11,-0.0004464665506345167,0.021849008466155895,24.979999542236328,0.7566806661850902,1.0128928162271875,1.4276531894558124,0.6322589854401901,0.1965804608944011,1.1905856127714463
MCD,5,0.01,2019-02-13,2019-02-21,145.1602325439453,152.37860107421875,hold_days,0.04972690112003075,0.04872690112003075,1,2019-02-12,0.007549908461642163,0.04117699265838859,15.430000305175781,-0.008991611585899784,-0.19341343533245348,0.757770362151864,0.4395519635132111,0.1148639592547949,0.3081244267854767
MCD,5,0.01,2019-03-11,2019-03-18,151.8975830078125,154.30511474609375,resistance,0.015849704061172698,0.014849704061172697,3,2019-03-08,0.01611492015571936,-0.0012652160945466617,16.049999237060547,0.18275604996382078,0.18800880571035616,0.8031540752728501,0.9697018738367892,0.710981945191704,0.6444417985771999
MCD,5,0.01,2019-08-26,2019-09-03,183.01890563964844,184.17320251464844,hold_days,0.006306981625563424,0.005306981625563424,3,2019-08-23,0.009803740817233564,-0.00449675919167014,19.8700008392334,0.07579867774367766,0.10573186413351232,1.0956983222969536,0.9090941785132682,0.13799355193318816,0.9783142724541594
MCD,5,0.01,2020-03-11,2020-03-18,161.70567321777344,117.93991088867188,hold_days,-0.27065075366997804,-0.27165075366997804,2,2020-03-09,-0.1349409649434582,-0.13670978872651984,47.29999923706055,0.28462790953552064,0.6983841504193324,2.307284237727427,0.2441975050118409,0.9884393573416687,1.2153004141441597
MCD,5,0.01,2020-05-14,2020-05-21,150.67620849609375,158.98268127441406,hold_days,0.0551279651992016,0.0541279651992016,1,2020-05-13,0.04186614916823328,0.01226181603096832,35.279998779296875,0.03399765192630477,0.12968297458932754,0.7049745195727889,0.9679897467157468,0.32554112316503675,1.7280249911912124
MCD,5,0.01,2020-09-08,2020-09-15,185.7677764892578,193.41310119628906,hold_days,0.04115527919597706,0.040155279195977056,4,2020-09-04,0.014510212349900575,0.02564506684607648,30.75,0.3392857676895793,0.36424129330078947,1.0625663460578731,0.48091634173827663,0.138176727969862,1.3364863810787804
MCD,5,0.01,2020-11-23,2020-12-01,188.74237060546875,189.11175537109375,hold_days,0.0019570844873890714,0.0009570844873890713,3,2020-11-20,0.015033254228691062,-0.014076169741301992,23.700000762939453,0.02597404205893583,-0.04666129601497648,0.8318837402244429,0.7966089421306335,0.28930346826356435,0.5609033052788649
MCD,5,0.01,2021-05-13,2021-05-20,202.27423095703125,204.3958282470703,hold_days,0.010488717618655885,0.009488717618655884,1,2021-05-12,0.0024885817044231207,0.0070001359142327635,27.59000015258789,0.4407311071636131,0.5966434639039253,1.0246061527616095,0.5906253725293852,0.06166585286458566,0.9656212540866752
MCD,5,0.01,2021-08-11,2021-08-18,208.50779724121094,210.74740600585938,hold_days,0.010741127163017117,0.009741127163017116,1,2021-08-10,-0.016059450340662362,0.025800577503679478,16.790000915527344,-0.06929046211544831,-0.1327479139360187,0.9637091010493942,0.8219182854435603,0.11289859471519628,0.7165484398290072
MCD,5,0.01,2021-09-21,2021-09-23,214.05665588378906,217.86607360839844,resistance,0.01779630588397829,0.01679630588397829,1,2021-09-20,0.024794725925885164,-0.007998420041906873,25.709999084472656,0.32731016884613484,0.5667275638961797,1.1595155810775741,0.37288188194401867,0.4605251081307406,0.9324696615087384
MCD,5,0.01,2021-11-12,2021-11-19,223.1084442138672,224.24774169921875,hold_days,0.005106474070786238,0.004106474070786238,1,2021-11-11,-0.00896813679446562,0.013074610865251857,17.65999984741211,0.14378240462191094,0.06836050295385165,0.9570939645731512,0.8396239995393564,0.22113207264220267,0.5576955046966553
MCD,5,0.01,2022-02-28,2022-03-07,220.28358459472656,201.88836669921875,hold_days,-0.08350698455062355,-0.08450698455062355,4,2022-02-24,-0.024160114083422113,-0.06034687046720144,27.59000015258789,-0.0184987707745613,0.15391051144544798,1.2537827867759082,0.7172628643829935,0.9864403535904751,0.777315359251862
MCD,5,0.01,2022-08-11,2022-08-18,234.6352996826172,241.24139404296875,hold_days,0.028154733619738304,0.027154733619738303,3,2022-08-08,0.020138142064431763,0.0070165915553065394,19.739999771118164,-0.10068341298432537,-0.15060241112177952,0.8052209424329067,0.14008537058595152,0.26790892237486236,1.212117580973662
MCD,5,0.01,2023-03-10,2023-03-17,241.1489715576172,245.90696716308594,hold_days,0.019730524143379613,0.018730524143379612,1,2023-03-09,-0.001428840208600457,0.02015936435198007,22.610000610351562,0.15416030802657854,0.06953648359247055,0.9587957968897682,0.14473540800229573,0.11276125620314029,1.4293279978499724
MCD,5,0.01,2023-06-27,2023-07-05,269.5094909667969,274.69061279296875,hold_days,0.019224264821197545,0.018224264821197544,1,2023-06-26,0.014469554695371034,0.0037547101258265103,14.25,0.05243722600792422,0.030368769241568838,0.8089162386871783,0.5809845155328243,0.7537293037873687,0.911427635846598
MCD,5,0.01,2023-08-24,2023-08-31,261.22906494140625,261.5172424316406,hold_days,0.001103160133804515,0.00010316013380451492,3,2023-08-21,0.026867921427845998,-0.026764761294041484,15.979999542236328,-0.047675870779067764,0.0012531017569896719,1.1589009070088285,0.2026624219320333,0.4880004882812535,1.0138954734116568
MCD,5,0.01,2024-01-08,2024-01-16,273.1434631347656,272.385498046875,hold_days,-0.002774970629689455,-0.003774970629689455,3,2024-01-05,-0.010001380581491026,0.006226409951801571,13.350000381469727,0.07056937414569875,-0.02340890219738556,0.9020143266471485,0.9776772637788488,0.5718826477384655,1.6065134295425905
MCD,5,0.01,2024-03-04,2024-03-11,273.794189453125,277.4455261230469,hold_days,0.013336063403007303,0.012336063403007302,3,2024-03-01,0.004129395130811453,0.00820666827219585,13.109999656677246,-0.04654547951438215,-0.06423986848688445,1.0103372920396292,0.8905150138109327,0.38216770983166254,0.8275478699047484
MCD,5,0.01,2024-05-08,2024-05-15,252.66717529296875,257.7301330566406,hold_days,0.02003805107569412,0.019038051075694118,1,2024-05-07,0.01744706850416522,0.0015909825715288983,13.229999542236328,-0.1546325965036166,-0.15678776953076734,0.9508754940597605,0.8466887839734538,0.13858873676267097,0.5474782066661202
MCD,5,0.01,2024-09-19,2024-09-26,279.9476013183594,289.2839660644531,hold_days,0.03335040093976849,0.03235040093976849,1,2024-09-18,0.003397552414495131,0.028952848525273356,18.229999542236328,0.03052566375784327,-0.1449343431903538,1.0185117901941996,0.7057457837482703,0.35095133328601275,0.8990077602562909
MCD,5,0.01,2025-01-17,2025-01-27,269.2680358886719,280.90325927734375,hold_days,0.043210562851516476,0.042210562851516475,1,2025-01-16,0.023170536958734278,0.019040025892782197,16.600000381469727,-0.06214691152855345,-0.04322766475561701,1.0719933551864154,0.23284689549939316,0.7262402043704896,0.8765515154841338
MCD,5,0.01,2025-06-26,2025-07-03,276.8955993652344,285.0871887207031,hold_days,0.02958367476495627,0.02858367476495627,1,2025-06-25,0.032849179909152815,-0.004265505144196546,16.760000228881836,-0.22407407718103767,-0.011209470531296173,0.7914426553254742,0.6506020773968211,0.18315985917715707,0.695715251037144
MCD,5,0.01,2025-12-19,2025-12-29,309.7677917480469,302.5983581542969,hold_days,-0.02314454176559888,-0.02414454176559888,3,2025-12-16,0.011438835450363394,-0.035583377215962275,16.8700008392334,0.13602696335848496,0.06907484947447284,0.9185002637714961,0.025138736158349325,0.3779031599865188,0.7532165536381891
MCD,5,0.01,2026-07-24,2026-07-31,262.89141845703125,268.72991943359375,hold_days,0.022208792553328527,0.021208792553328526,1,2026-07-23,0.014810865004361684,0.006397927548966842,18.700000762939453,0.1177526165335323,0.1805555923485458,1.0333579398736383,0.5224767260445456,0.6013064725241817,0.6792276442503904
MRK,5,0.01,2015-07-01,2015-07-09,38.860618591308594,38.712196350097656,hold_days,-0.003819348394112576,-0.004819348394112576,1,2015-06-30,-0.009996758255366722,0.005177409861254146,18.229999542236328,0.5053674697822654,0.23092498485615454,1.0979394141025518,0.7857113394865716,0.21999856079444086,1.554063509913649
MRK,5,0.01,2016-01-21,2016-01-28,34.949058532714844,33.768531799316406,hold_days,-0.03377849884835604,-0.03477849884835604,1,2016-01-20,0.013497030223603046,-0.04827552907195909,27.59000015258789,0.22785941235834617,0.4265770390335837,1.4173838630586013,0.674796615843649,0.7267453211725634,1.0055144050212852
MRK,5,0.01,2016-11-04,2016-11-11,41.35794448852539,44.964988708496094,hold_days,0.08721526818073522,0.08621526818073522,1,2016-11-03,0.04179268173979889,0.04442258644093633,22.079999923706055,0.4375000271635756,0.6058181762695312,1.3122624134352534,0.318182093512055,0.15054077755041914,0.523925073986616
MRK,5,0.01,2017-02-13,2017-02-21,45.89102554321289,46.394073486328125,hold_days,0.010961793447861412,0.009961793447861411,3,2017-02-10,0.01934827909602066,-0.009386485648159248,10.850000381469727,-0.01093891364066335,0.025519892222181983,0.9218197578977887,0.9016410632831677,0.3114743354480114,0.6465937040552499
MRK,5,0.01,2017-10-31,2017-11-07,39.889713287353516,40.251766204833984,hold_days,0.00907634795147172,0.008076347951471718,1,2017-10-30,0.009238926140222148,-0.0011625781887504294,10.5,-0.051490488756808395,0.05953583871567503,0.9877122886389522,0.07895110596776368,0.1829264428057779,0.8148880477038253
MRK,5,0.01,2017-11-21,2017-11-29,39.29595947265625,40.08521270751953,hold_days,0.02008484448413772,0.01908484448413772,1,2017-11-20,0.012122182303763163,0.006962662180374557,10.649999618530273,-0.07391307664954139,0.13297872880078287,1.1215884159795315,0.13432622082200682,0.6184193914909705,0.8667470580667503
MRK,5,0.01,2018-02-09,2018-02-16,40.068363189697266,41.10529708862305,hold_days,0.025879117996824075,0.024879117996824074,1,2018-02-08,0.05088835559187799,-0.026009237595053913,33.459999084472656,1.4840384870944927,1.8894645341037397,2.3704425881064264,0.7365854039053686,0.011429132752014565,1.3473375558374476
MRK,5,0.01,2018-03-02,2018-03-09,39.695945739746094,40.265525817871094,hold_days,0.01434857055325689,0.013348570553256889,1,2018-03-01,0.03779330026134686,-0.024444729708089974,22.469999313354492,0.20032052016822566,0.16666661715086684,1.277485237672303,0.9465637207031269,0.20144035939958332,1.3006721711642115
MRK,5,0.01,2018-04-20,2018-04-27,43.33578872680664,43.8072509765625,hold_days,0.010879281619356362,0.009879281619356362,1,2018-04-19,-0.0073158122441294715,0.017195093863485833,15.960000038146973,-0.13683070655972174,-0.1573389868998184,0.8288032523181462,0.2786858386200464,0.24444306249000144,0.4649860967958815
MRK,5,0.01,2018-10-26,2018-11-02,52.61593246459961,54.0135383605957,hold_days,0.02656240858102077,0.025562408581020768,1,2018-10-25,0.02479264777139467,0.0007697608096260966,24.219999313354492,0.20737786431524619,-0.03042434919171333,1.5088205621187494,0.8000008416410322,0.8635344875388385,1.1220911710439665
MRK,5,0.01,2019-04-22,2019-04-29,55.6629638671875,58.17863082885742,hold_days,0.04519462829310217,0.04419462829310217,4,2019-04-18,0.009688997070809835,0.03450563122229233,12.09000015258789,-0.07142859235624932,-0.10972016049257349,0.8307034626228744,0.6728987326637997,0.5274728171334406,0.769285347230893
MRK,5,0.01,2020-01-27,2020-02-03,66.56623840332031,67.52490997314453,hold_days,0.014401768716683305,0.013401768716683304,3,2020-01-24,-0.0019365658649007633,0.015338334581584068,14.5600004196167,0.18181824515251677,0.16108456649988523,0.9989308163070864,0.772222296255827,0.12307798284761388,1.5029118880729873
MRK,5,0.01,2020-09-10,2020-09-17,65.66181182861328,67.77761840820312,hold_days,0.032222787045724566,0.031222787045724565,2,2020-09-08,0.010648546081427401,0.020574240964297164,28.809999465942383,0.10298616157272433,0.30776207752943385,1.1270079642297024,0.1812462208096544,0.5648126212298452,0.8458730194985774
MRK,5,0.01,2021-01-15,2021-01-25,66.51010131835938,64.73129272460938,hold_days,-0.026744938866285817,-0.027744938866285818,1,2021-01-14,0.00652341036867532,-0.03426834923496114,23.25,0.039338360650537973,0.021080348378854197,0.9144158424158129,0.938141398155242,0.31521587985817145,1.0226670455204134
MRK,5,0.01,2021-08-11,2021-08-18,63.9703483581543,66.16480255126953,hold_days,0.03430424015872213,0.03330424015872213,1,2021-08-10,-0.016059450340662362,0.049363690499384494,16.790000915527344,-0.06929046211544831,-0.1327479139360187,0.9637091010493942,0.11111111111111406,0.6851891097641994,0.6899669972596187
MRK,5,0.01,2021-09-20,2021-09-27,61.72882080078125,62.956016540527344,hold_days,0.019880433869077896,0.018880433869077895,3,2021-09-17,0.026414655504664708,-0.007534221635586813,20.809999465942383,-0.006682639231437748,0.26812916876560244,1.0980875529987115,0.5436233019452387,0.7117121451646189,1.2720039989614855
MRK,5,0.01,2021-12-09,2021-12-16,62.52692794799805,65.76240539550781,hold_days,0.0517453448248828,0.0507453448248828,2,2021-12-07,0.0051966214187846305,0.04554872340609817,19.899999618530273,-0.36053987526111886,0.02683181012806113,1.302847224623851,0.19540129086572003,0.8496208253502034,0.5090247854376672
MRK,5,0.01,2022-06-14,2022-06-22,74.459716796875,78.56600952148438,hold_days,0.055147842367051725,0.054147842367051724,1,2022-06-13,-0.0023791747509472883,0.05652701711799901,34.02000045776367,0.357000433661242,0.3227061184290003,1.047104539486165,0.5384600336476412,0.19680946042464473,0.7863123395834036
MRK,5,0.01,2022-08-05,2022-08-12,77.0239486694336,80.20499420166016,hold_days,0.04129943461972796,0.04029943461972796,1,2022-08-04,0.036804727537249615,0.0034947070824783433,21.440000534057617,-0.039856667832031345,-0.0722630909644334,0.8295181255960331,0.9205331473986876,0.14400024414062088,0.8857840906172939
MRK,5,0.01,2023-01-19,2023-01-26,98.26917266845703,95.55985260009766,hold_days,-0.027570396644125084,-0.028570396644125085,1,2023-01-18,0.031589342882104354,-0.06015973952622944,20.34000015258789,-0.01166179650184107,-0.11179037155401861,0.8562875661860533,0.8653853207644041,0.1381575975385104,0.9483788422430028
MRK,5,0.01,2023-04-27,2023-05-04,103.68841552734375,105.67826080322266,hold_days,0.019190622845945304,0.018190622845945303,1,2023-04-26,-0.026073600575117317,0.04426422342106262,18.84000015258789,0.14459302554642184,-0.013095861603024117,0.8812669750947278,0.957447430190994,0.2862904466279859,2.8910128536595323
MRK,5,0.01,2023-07-18,2023-07-25,96.03323364257812,97.46534729003906,hold_days,0.014912687963742455,0.013912687963742454,1,2023-07-17,0.019532548879433342,-0.0056198609156908885,13.479999542236328,-0.10550764331693885,-0.008094231723067002,0.87360212651201,0.3571418840059761,0.13023189794361245,1.020493293289764
MRK,5,0.01,2023-11-13,2023-11-20,93.51215362548828,93.70378875732422,hold_days,0.0020493072227105724,0.0010493072227105724,3,2023-11-10,0.030513531040679442,-0.02946422381796887,14.170000076293945,-0.049631105210682036,-0.33380348982917796,0.8845229582437535,0.9593899586386403,0.28623199422819984,1.1434825039682273
MRK,5,0.01,2024-05-06,2024-05-13,118.00469207763672,119.59571075439453,hold_days,0.013482673008553547,0.012482673008553546,3,2024-05-03,0.011265651237184038,0.0012170217713695086,13.489999771118164,-0.10246174246262574,-0.27899516669065716,1.0007111237227102,0.8350479786062626,0.25384845621592833,0.4621212252807502
MRK,5,0.01,2024-05-31,2024-06-07,116.12690734863281,120.87225341796875,hold_days,0.04086344997623681,0.03986344997623681,1,2024-05-30,0.005857638237983354,0.034005811738253455,14.470000267028809,0.17738000910840457,0.16224903523776857,0.9209634886801744,0.48058205682794675,0.35534005608714214,1.0052994184805975
MRK,5,0.01,2024-09-12,2024-09-19,107.24623107910156,109.81858825683594,hold_days,0.023985525196098312,0.02298552519609831,1,2024-09-11,0.020890137600247494,0.0020953875958508172,17.690000534057617,-0.17026262723858498,0.14646793157377647,1.1835623030075082,0.8231279453590563,0.27160598482601395,0.5975126474019019
MRK,5,0.01,2024-10-10,2024-10-17,102.48360443115234,102.81148529052734,hold_days,0.0031993494100344133,0.0021993494100344133,2,2024-10-08,0.014145586324176618,-0.011946236914142205,20.860000610351562,0.10370375827413403,0.35366650336824645,1.138070754483851,0.13855593344976536,0.985711275485742,0.9917186144827804
MRK,5,0.01,2025-02-18,2025-02-25,78.64887237548828,86.33529663085938,hold_days,0.09773088949927078,0.09673088949927078,4,2025-02-14,-0.0038579325281111743,0.10058882202738195,14.770000457763672,-0.10701332284099452,-0.10103468147162331,0.963003582077034,0.8823545251366564,0.3420092800580852,1.3470429819409313
MRK,5,0.01,2026-01-02,2026-01-09,104.29724884033203,108.29474639892578,hold_days,0.03832792909728133,0.03732792909728133,2,2025-12-31,0.028554337771881766,0.008773591325399566,14.949999809265137,0.06785712923322396,-0.09283979220084193,0.7910005692864224,0.9223718681196138,0.24324695855385942,1.1527323654522408
MRK,5,0.01,2026-03-23,2026-03-30,114.1800765991211,116.5687026977539,hold_days,0.02091981517072483,0.01991981517072483,3,2026-03-20,-0.014275291398646361,0.03419510656937119,26.780000686645508,-0.015079067280581726,-0.09189552748409202,1.280671482971636,0.5352948304259474,0.5934957836724709,0.7474542149560254
MRK,5,0.01,2026-05-18,2026-05-26,111.10053253173828,118.1677017211914,hold_days,0.06361057889109789,0.06261057889109789,3,2026-05-15,0.008467183974657955,0.054143394916439935,18.43000030517578,0.07213494663141051,0.0847557712452427,0.8368825117281344,0.8281238824118483,0.1471555606588356,0.846365367559879
MSFT,5,0.01,2015-08-12,2015-08-19,40.13112258911133,40.28340530395508,hold_days,0.003794628832163971,0.002794628832163971,1,2015-08-11,-0.004129138653166997,0.006923767485330968,13.710000038146973,0.054615387549767025,0.02008932040130107,0.9278447128584228,0.8655466225573165,0.4903843685007832,1.1971119301980186
MSFT,5,0.01,2015-09-29,2015-10-06,37.54367446899414,40.40439987182617,hold_days,0.07619726740371657,0.07519726740371657,1,2015-09-28,0.053662290005137336,0.021534977398579236,27.6299991607666,0.3718967228453778,0.13938140869140625,1.24318689912383,0.749998166012544,0.09091106130818037,0.6324053254576978
MSFT,5,0.01,2015-11-17,2015-11-24,46.08868408203125,47.20241928100586,hold_days,0.024165046608671137,0.023165046608671136,4,2015-11-13,0.02082845539865752,0.0023365912100136166,18.15999984741211,0.09927356805112608,0.28339224996377377,0.8464406850382686,0.1764745481268703,0.884616513223049,0.7268080729643887
MSFT,5,0.01,2016-03-21,2016-03-29,47.199554443359375,47.944435119628906,hold_days,0.0157815192336912,0.014781519233691198,3,2016-03-18,-0.0005237997922034054,0.015305319025894604,14.020000457763672,-0.15030300255977747,-0.16844602904962003,0.7401206221841786,0.9300003051757831,0.02631638386885473,0.8356875856646687
MSFT,5,0.01,2016-04-12,2016-04-19,47.8918571472168,49.41667938232422,hold_days,0.031838862093407805,0.030838862093407804,1,2016-04-11,0.026477916288442094,0.00436094580496571,16.260000228881836,0.15155809919739394,0.06692916490042933,0.793022957027044,0.8725517695325554,0.01176718740884414,1.1507741819406787
MSFT,5,0.01,2016-05-06,2016-05-13,44.15864944458008,44.76333999633789,hold_days,0.013693592520684028,0.012693592520684027,3,2016-05-03,-0.003005255277260366,0.015698847797944393,15.90999984741211,0.045335057048458305,0.1405017967702913,0.9350929765476448,1.0,0.3684196436937062,0.7789710957679339
MSFT,5,0.01,2016-09-13,2016-09-20,50.196800231933594,50.4454345703125,hold_days,0.004953190984885447,0.003953190984885447,4,2016-09-09,0.005092454665531765,-0.0011392636806463177,15.15999984741211,0.26544243962317915,0.11062273048212878,0.9896213587705583,0.7999961853172864,0.900000000000001,0.7896358513204029
MSFT,5,0.01,2016-10-14,2016-10-21,50.987083435058594,52.976131439208984,hold_days,0.03901082137172662,0.03801082137172662,1,2016-10-13,0.006832962867554748,0.031177858504171874,16.690000534057617,0.29984426290631805,0.19044222461600668,1.122650823804802,0.483867593675014,0.6122436269224331,0.8994163875946474
MSFT,5,0.01,2017-01-20,2017-01-24,56.08742904663086,56.784725189208984,resistance,0.012432307103939388,0.011432307103939388,1,2017-01-19,0.004666049662520377,0.00676625744141901,12.779999732971191,0.1349910722195693,0.07848095540619049,0.8840132158845602,0.8222269317170323,0.1282033725889152,0.5708715481943261
MSFT,5,0.01,2017-12-27,2018-01-04,78.33269500732422,79.61217498779297,hold_days,0.016333920087252318,0.015333920087252317,1,2017-12-26,0.015088642005779418,0.0002452780814728994,10.25,0.07555092205698655,0.09743038892349154,0.9620048160622525,0.6447322190433158,0.7400054931640563,0.6792115539880735
MSFT,5,0.01,2019-03-08,2019-03-15,103.18527221679688,108.22737884521484,hold_days,0.04886459588752423,0.04786459588752423,1,2019-03-07,0.026179085158923643,0.021685510728600588,16.59000015258789,0.12246281815411364,0.14730291209002466,0.77314981234552,0.8952893383983034,0.3095217551237325,1.2995672766465511
MSFT,5,0.01,2019-09-11,2019-09-18,127.99309539794922,130.24981689453125,hold_days,0.017631587778743407,0.016631587778743406,1,2019-09-10,0.004353894748901688,0.012277693029841719,15.199999809265137,-0.22685656524733155,-0.21325051504337345,0.985674671066966,0.8728744520450475,0.6596655895778809,0.5752506739634877
MSFT,5,0.01,2020-05-14,2020-05-21,170.7944793701172,174.02142333984375,hold_days,0.018893725263412486,0.017893725263412485,1,2020-05-13,0.04186614916823328,-0.023972423904820794,35.279998779296875,0.03399765192630477,0.12968297458932754,0.7049745195727889,0.9680632035475859,0.4274304313903983,1.2279061784488574
MSFT,5,0.01,2020-07-27,2020-08-03,193.39401245117188,205.43310546875,hold_days,0.06225163263840838,0.06125163263840838,3,2020-07-24,-0.004887081221058631,0.06613871385946701,25.84000015258789,0.006230523579077385,-0.05313304193091606,0.8352118600460624,0.9614163686051722,0.7084120039473143,0.5033409174687257
MSFT,5,0.01,2022-09-29,2022-10-06,229.84420776367188,238.834716796875,hold_days,0.03911566500056107,0.03811566500056107,2,2022-09-27,0.03233988041836233,0.00577578458219874,30.18000030517578,0.07824224908774013,0.15366974316558912,1.2475052694199984,0.5577617477669508,0.8342113822444072,0.9479375925067811
MSFT,5,0.01,2022-10-12,2022-10-19,218.4729461669922,228.85704040527344,hold_days,0.04753034378153198,0.04653034378153198,1,2022-10-11,0.04097865920862187,0.005551684572910109,33.630001068115234,0.15686279398561198,0.03159517307375914,1.2433105288136628,0.45897335576509574,0.26262704105695667,0.6327051843935326
MSFT,5,0.01,2022-12-20,2022-12-28,234.6650390625,227.6095428466797,hold_days,-0.03006624354444709,-0.031066243544447092,1,2022-12-19,-0.001762417216504164,-0.029303826327942928,22.420000076293945,-0.10319999694824222,0.08048193138765991,0.8543421590116514,0.7527841308787857,0.26769080528845945,0.7003632106872293
MSFT,5,0.01,2023-03-21,2023-03-28,266.3668212890625,267.7776184082031,hold_days,0.005296444625922936,0.004296444625922936,1,2023-03-20,-0.006656713304272532,0.010953157930195467,24.149999618530273,-0.08936654593984317,0.2976893512350107,1.1785774256425303,0.7773724863423003,0.31192704583633185,0.7131913347187011
MSFT,5,0.01,2023-08-04,2023-08-11,319.6019287109375,313.00079345703125,hold_days,-0.02065424098199553,-0.02165424098199553,1,2023-08-03,0.006863176742273547,-0.02851741772426908,15.920000076293945,0.10478835842271139,0.13795570670131063,0.9715574114767735,0.06835530077105091,0.18065974001770405,1.1139820000549352
MSFT,5,0.01,2024-11-01,2024-11-08,403.98822021484375,415.96893310546875,hold_days,0.02965609463625829,0.02865609463625829,1,2024-10-31,0.028203273885075042,0.00045282075118324716,23.15999984741211,0.21383647484384083,0.21193087952423872,1.1201189196364056,0.3587493896484374,0.0050728428037766895,1.2056948976118165
MSFT,5,0.01,2025-09-08,2025-09-12,494.1344299316406,505.73895263671875,resistance,0.023484545909264964,0.022484545909264964,3,2025-09-05,0.00162212551973262,0.020862420389532343,15.180000305175781,0.05197505087584697,-0.08554217130495156,0.9567978241707499,0.5137773952784458,0.134183880807096,0.817706193940089
MSFT,5,0.01,2025-09-26,2025-09-30,507.2861633300781,513.7232666015625,resistance,0.012689294005632012,0.011689294005632012,1,2025-09-25,0.003824328336864191,0.00786496566876782,16.739999771118164,0.0662420365915728,0.13800134110855589,1.0173084154103507,0.6612010239220868,0.40040035122837514,1.0675589803247334
MSFT,5,0.01,2025-12-16,2025-12-23,473.38677978515625,483.7807922363281,hold_days,0.021956701993006922,0.02095670199300692,1,2025-12-15,0.007028694569502836,0.013928007423504085,16.5,-0.009603832465638562,-0.042923421168361675,0.8824131226998678,0.7860202695643095,0.28048962031723373,1.0030707355231636
MSFT,5,0.01,2026-03-16,2026-03-23,398.33575439453125,381.4541931152344,hold_days,-0.04238023098116506,-0.04338023098116506,3,2026-03-13,-0.012130745146814781,-0.031249485834350277,27.190000534057617,-0.07799251457821688,0.3690835699111441,1.4094150261407652,0.8835628249679959,0.12322173432609586,0.7066923952733146
MSFT,5,0.01,2026-08-18,2026-08-25,480.72503662109375,491.7099914550781,hold_days,0.02285080658830485,0.02185080658830485,1,2026-08-17,0.007206092044206747,0.014644714544098103,15.1899995803833,-0.0174644538872869,-0.04224464633023284,0.8696846054394908,0.6292154576782616,0.13614052220394623,0.6750478067002038
NKE,5,0.01,2016-03-10,2016-03-17,50.62093734741211,54.31777572631836,hold_days,0.0730298286168587,0.0720298286168587,1,2016-03-09,0.03078215162155784,0.04124767699530085,18.34000015258789,0.07314218776122816,-0.11486482816785815,0.8214519462888453,0.8504673896767826,0.22754579925989998,0.7397582820572774
NKE,5,0.01,2016-10-18,2016-10-25,44.2869758605957,44.13998794555664,hold_days,-0.003318987403920781,-0.004318987403920781,1,2016-10-17,0.00939207168453926,-0.013711059088460043,16.209999084472656,0.21150963720675486,0.1945467537965655,1.1934301143368704,0.06383514057527773,0.0886071059518826,0.6548125184165772
NKE,5,0.01,2017-01-20,2017-01-27,46.16493225097656,46.156246185302734,hold_days,-0.00018815289550533354,-0.0011881528955053336,1,2017-01-19,0.012330891206820072,-0.013519044102325406,12.779999732971191,0.1349910722195693,0.07848095540619049,0.8840132158845602,0.6666694923875165,0.038096137707041115,0.5604300144399861
NKE,5,0.01,2017-04-13,2017-04-21,48.17155838012695,48.61550521850586,hold_days,0.00921595342371262,0.008215953423712619,3,2017-04-10,0.007454146384340277,0.000761807039372342,15.770000457763672,0.22342901766738965,0.38091071387115116,1.1765692542079325,0.23529939750249637,0.9553577814789488,0.4647489091642074
NKE,5,0.01,2017-10-13,2017-10-20,44.68061065673828,46.50358200073242,hold_days,0.04080005436808465,0.03980005436808465,1,2017-10-12,0.019128229395069862,0.020671824973014785,9.90999984741211,0.07834606092536722,0.037696298375627935,0.9199519858601324,0.865671046937978,0.6233806124319416,1.0311125637645313
NKE,5,0.01,2017-11-03,2017-11-10,48.826141357421875,49.15917205810547,hold_days,0.006820745842799791,0.005820745842799791,3,2017-10-31,-0.0011793071591020832,0.0070000530019018745,9.930000305175781,-0.1212389258791674,-0.011940286893696861,0.92826902286509,0.9852909827328967,0.7260261803360037,0.5668693516880549
NKE,5,0.01,2018-01-17,2018-01-24,56.110984802246094,59.79545593261719,hold_days,0.06566398974026932,0.06466398974026932,1,2018-01-16,0.010529520365202272,0.05413446937506705,11.65999984741211,0.2247898410449385,0.05615941011787995,0.9980979271856947,0.7849454867634094,0.025125223562157017,1.0269855256323068
NKE,5,0.01,2018-03-08,2018-03-15,57.427303314208984,58.556278228759766,hold_days,0.019659201275283422,0.01865920127528342,1,2018-03-07,0.004178424780024725,0.014480776495258696,17.760000228881836,-0.10528967820771118,-0.11288712173857207,1.2839729734350172,0.8181818181818125,0.31110922731319024,0.5774201780458962
NKE,5,0.01,2018-08-16,2018-08-23,70.80167388916016,73.33126068115234,hold_days,0.03572778231136531,0.03472778231136531,1,2018-08-15,0.005135144356394061,0.029592637954971246,14.640000343322754,0.3493087399633472,0.11330804319513832,1.0080678518248094,0.30864290558360447,0.6081057395894511,0.7178278765294258
NKE,5,0.01,2018-10-15,2018-10-22,66.48963165283203,66.40985870361328,hold_days,-0.0011997802850717276,-0.0021997802850717276,4,2018-10-11,0.0003898184864279397,-0.0025895987714996673,21.309999465942383,0.43792172096904647,0.758250797620315,1.5097454506582821,0.01680386726162021,0.5128213153879253,0.5659337264360718
NKE,5,0.01,2018-10-29,2018-11-05,64.00702667236328,68.74174499511719,hold_days,0.07397185229349579,0.07297185229349579,3,2018-10-26,0.041389437860112066,0.03158241443338372,24.15999984741211,0.21468077369504357,0.13374004940847573,1.5463385674438033,0.30534435614675143,0.6831680924593511,1.429965624364207
NKE,5,0.01,2018-11-23,2018-11-30,63.38637161254883,66.8026123046875,hold_days,0.05389550790224362,0.05289550790224362,3,2018-11-20,0.05795879574828655,-0.00506328784604293,20.799999237060547,-0.021176506491268343,0.2713935489647621,1.1924575454940847,0.072067304057354,0.5137643575583218,0.5835205486616957
NKE,5,0.01,2018-12-24,2019-01-02,60.55985641479492,65.85995483398438,hold_days,0.08751834520358326,0.08651834520358326,4,2018-12-20,0.07362389845055084,0.012894446753032418,30.110000610351562,0.3920481635970816,0.29616879912572336,1.3409066405489,0.005193935322526005,0.36842184515847204,1.5994930415193247
NKE,5,0.01,2019-02-22,2019-03-01,75.37523651123047,77.70894622802734,hold_days,0.030961225792627056,0.029961225792627055,1,2019-02-21,0.011549562389045365,0.01841166340358169,14.460000038146973,-0.07603831369901692,-0.05981794989911082,0.7348750803970064,0.7373787193378636,0.749995231646615,1.087036879984452
NKE,5,0.01,2019-03-25,2019-04-01,73.40266418457031,75.98822021484375,hold_days,0.035224280467151425,0.034224280467151424,3,2019-03-22,0.029736207689153193,0.004488072777998231,16.479999542236328,0.2795030586808094,0.026791297546163273,0.8120248995061234,0.6180263132044066,0.010666910807291888,1.6689929964987316
NKE,5,0.01,2019-04-10,2019-04-17,75.6761474609375,79.10868835449219,hold_days,0.04535829331595531,0.04435829331595531,1,2019-04-09,0.010672054142927712,0.0336862391730276,14.279999732971191,0.06886228292933638,-0.027247994815338017,0.8727836073300412,0.7111031992268917,0.49206176203450824,0.4606974631635028
NKE,5,0.01,2019-07-23,2019-07-30,77.51396179199219,77.96099853515625,hold_days,0.005767177071450469,0.004767177071450469,1,2019-07-22,0.001508917514770669,0.0032582595566798,13.529999732971191,0.0670346535755566,-0.03080231404016953,0.8877053925411444,0.540225550722608,0.12068954177436797,0.7662976282632084
NKE,5,0.01,2019-09-24,2019-10-01,78.14447784423828,82.71586608886719,hold_days,0.0584991847247458,0.0574991847247458,4,2019-09-20,-0.009449192194737277,0.06694837691948308,14.90999984741211,0.016359902513292557,-0.023575677770757975,0.9140976221474096,0.2176155971680341,0.7295115285759829,1.3039719028178238
NKE,5,0.01,2019-11-25,2019-11-27,83.2716293334961,84.38311004638672,resistance,0.013347651796739024,0.012347651796739023,4,2019-11-21,0.004432919002490099,0.007914732794248924,12.34000015258789,0.02406638649483228,0.022369549676082512,0.858493325147491,0.13008392311079664,0.992956233008448,0.7725743221994842
NKE,5,0.01,2020-05-04,2020-05-11,77.27703094482422,81.94520568847656,hold_days,0.0604083087377596,0.059408308737759596,3,2020-05-01,0.02383135633113498,0.03557695240662462,37.189998626708984,0.03506814113084489,-0.025163901986182347,0.8127081066273213,0.9664410285819627,0.5615397255771967,0.7106543115660557
NKE,5,0.01,2021-05-05,2021-05-12,120.19285583496094,121.26559448242188,hold_days,0.008925144843333621,0.00792514484333362,1,2021-05-04,-0.016616038589612248,0.024541183432945868,19.479999542236328,0.10933941541500536,0.04282651092028544,0.8948245533483118,0.060749962566041565,0.5071123292426319,0.967532097213897
NKE,5,0.01,2021-10-20,2021-10-27,144.5766143798828,148.13516235351562,hold_days,0.024613579373788275,0.023613579373788274,1,2021-10-19,-0.006565244559574079,0.030178823933362353,15.699999809265137,-0.20906803488420467,-0.26291078067513696,0.8957488934992798,0.7635087068138875,0.3258810395511095,0.5246111901893534
NKE,5,0.01,2023-03-28,2023-04-04,109.21110534667969,114.6035385131836,hold_days,0.04937623467307817,0.04837623467307817,1,2023-03-27,0.030548219578926616,0.01782801509415155,20.600000381469727,-0.14699790033688598,-0.2232277516632123,1.0429980143474247,0.641510520380986,0.05780260149192184,0.48930339676871243
NKE,5,0.01,2023-07-10,2023-07-17,98.33184814453125,101.0555648803711,hold_days,0.02769923262132168,0.026699232621321678,3,2023-07-07,0.01617039437678791,0.010528838244533767,14.829999923706055,0.09527326185283713,0.14872192865895517,0.8900166715261411,0.742718734259724,0.2986108167676838,0.9950702978546355
NKE,5,0.01,2023-08-03,2023-08-10,100.99047088623047,101.3530044555664,hold_days,0.003589779967897666,0.002589779967897666,1,2023-08-02,0.002828306267383951,-0.00023852629948628492,16.09000015258789,0.21986358335580136,0.16933138698758543,0.9503144936436967,0.8155746290824342,0.0560796309368391,1.3638576611124915
NKE,5,0.01,2024-03-07,2024-03-14,92.21906280517578,94.1631851196289,hold_days,0.021081566601477197,0.020081566601477197,1,2024-03-06,0.007762075699319748,0.012319490902157448,14.5,0.04768784972077467,-0.0547588099238826,1.0273115348640447,0.7083350993938844,0.18749984314571994,0.3807063510777158
NKE,5,0.01,2024-05-24,2024-06-03,86.1706771850586,89.00598907470703,hold_days,0.03290344212520657,0.03190344212520657,1,2024-05-23,-0.0027091084870352056,0.03461255061224178,12.770000457763672,0.028180384808352166,0.0063042458649122946,0.846439091509028,0.3662006640805445,0.1748251375158134,0.46042736509184706
NKE,5,0.01,2024-12-13,2024-12-20,73.53424835205078,73.23916625976562,hold_days,-0.004012852499320152,-0.005012852499320152,3,2024-12-10,-0.01818943193001965,0.013176579430699498,13.920000076293945,0.028065001145606505,-0.012765978745102657,0.7981240710010666,0.45283113929335317,0.06622406135843768,0.6344743547085274
NKE,5,0.01,2024-12-31,2025-01-08,72.03024291992188,67.86093139648438,hold_days,-0.05788279137240515,-0.05888279137240515,1,2024-12-30,0.003348212892106295,-0.06223100426451145,17.399999618530273,-0.052287633981887294,0.2599564873158213,0.9141723848341956,0.5527944423909834,0.08196639296591397,0.9406974435393635
NKE,5,0.01,2025-07-18,2025-07-25,69.7940902709961,73.45377349853516,hold_days,0.05243543132848738,0.05143543132848738,3,2025-07-15,0.014888803417056673,0.03654662791143071,16.520000457763672,0.046894850273431876,-0.007211474536436335,0.8616209232916188,0.3017238544359211,0.803422147449693,0.7021591669352738
DIS,5,0.01,2015-08-07,2015-08-14,99.38837432861328,97.39788818359375,hold_days,-0.020027353887873023,-0.021027353887873024,1,2015-08-06,0.007606804253084798,-0.02863415814095782,13.770000457763672,0.13520200559357898,0.08939874080287158,0.9005660330039177,0.8894738110152807,0.6996757509251866,0.9539262455296859
DIS,5,0.01,2016-05-23,2016-05-31,90.72270965576172,90.7593002319336,hold_days,0.0004033232286679844,-0.0005966767713320156,4,2016-05-19,0.0266820497856608,-0.027278726556992816,15.199999809265137,0.01063828775385156,0.03260866396255957,1.017874674687738,0.04958479668594407,0.8706887479940011,0.8252142531694745
DIS,5,0.01,2016-09-13,2016-09-20,85.4112319946289,85.64158630371094,hold_days,0.0026970025335371073,0.0016970025335371073,4,2016-09-09,0.005092454665531765,-0.0033954521319946576,15.15999984741211,0.26544243962317915,0.11062273048212878,0.9896213587705583,0.2941155351308565,0.8848163356607626,0.8334766981755933
DIS,5,0.01,2017-02-09,2017-02-16,101.65853881835938,102.7912826538086,hold_days,0.011142633453282036,0.010142633453282035,2,2017-02-07,0.02111855508451499,-0.010975921631232954,11.449999809265137,-0.030482692426800684,0.05920438157310737,0.9322595177747378,0.5764691098724569,0.008195362944203602,0.6943772498436767
DIS,5,0.01,2017-05-19,2017-05-26,99.82946014404297,100.65579223632812,hold_days,0.008277437252418807,0.007277437252418807,2,2017-05-17,0.017212804824233263,-0.009935367571814457,14.65999984741211,0.38301880375776465,0.4015296170122369,1.020024775410553,0.7068940569835062,0.5263157894736817,0.8106087261680758
DIS,5,0.01,2017-10-13,2017-10-20,91.08736419677734,92.97681427001953,hold_days,0.02074327311920432,0.01974327311920432,1,2017-10-12,0.019128229395069862,0.0006150437241344564,9.90999984741211,0.07834606092536722,0.037696298375627935,0.9199519858601324,0.6590863771533684,0.11881434927444601,0.802589869359083
DIS,5,0.01,2018-06-04,2018-06-11,94.51679992675781,98.39212799072266,hold_days,0.041001473462578986,0.040001473462578985,3,2018-06-01,0.014532323153546356,0.02546915030903263,13.460000038146973,0.07422189345532049,0.002233784980602671,0.879682507974612,0.6749985694939749,0.18823825081677784,0.6087159406638634
DIS,5,0.01,2018-12-13,2018-12-20,108.61141967773438,102.49070739746094,hold_days,-0.05635422406257529,-0.05735422406257529,3,2018-12-10,-0.06964489135774377,0.012290667295168478,21.459999084472656,0.03471549283029107,0.12828593943135336,1.1924418073306287,0.8333343425107984,0.03278551833971121,0.52080410783207
DIS,5,0.01,2019-05-30,2019-06-06,126.6286849975586,131.42758178710938,hold_days,0.03789739101881451,0.03689739101881451,1,2019-05-29,0.021356508063915536,0.015540882954898971,17.899999618530273,0.19732440447503552,-0.00885934950960754,1.1309971733207667,0.6417932542303441,0.5766506281742906,0.8702497701999465
DIS,5,0.01,2019-06-25,2019-07-02,134.04254150390625,136.52334594726562,hold_days,0.01850759031816085,0.01750759031816085,1,2019-06-24,0.020316473544449876,-0.0028088832262890273,15.260000228881836,-0.005863201977280519,-0.042659935345187305,0.9909907900625715,0.7298852086676657,0.531834884930366,0.6362622835218177
DIS,5,0.01,2019-12-11,2019-12-18,142.24562072753906,141.80828857421875,hold_days,-0.0030744858863387403,-0.00407448588633874,1,2019-12-10,0.01705508550150192,-0.021129571387840662,15.680000305175781,-0.01754384287606181,0.3209772920260856,1.0311505014826035,0.7345117208598864,0.583334039757563,0.5429837922562517
DIS,5,0.01,2020-01-29,2020-02-05,131.9187774658203,137.06712341308594,hold_days,0.03902663476850021,0.03802663476850021,2,2020-01-27,0.01972422666773377,0.018302408100766443,16.280000686645508,0.2669260858639346,0.3214286598955789,1.132012785366264,0.09342710362778874,0.8175899003454346,1.2833518036324258
DIS,5,0.01,2020-04-24,2020-05-01,98.11009979248047,102.2889175415039,hold_days,0.04259314543418413,0.04159314543418413,3,2020-04-21,0.00019141672946298982,0.04140172870472114,41.380001068115234,0.03166293788177876,-0.045444001738129236,1.0554034825332077,0.6958353069080923,0.5016290125773204,0.7912487436796798
DIS,5,0.01,2020-05-29,2020-06-05,113.7297592163086,121.02088165283203,hold_days,0.06410918731179294,0.06310918731179294,1,2020-05-28,0.0698576978392722,-0.006748510527479268,28.59000015258789,0.021436241028084835,-0.18962581797578837,0.6399717447503613,0.8760338047588142,0.1254179897960104,0.8426390260001335
DIS,5,0.01,2021-05-06,2021-05-13,176.25689697265625,172.91188049316406,hold_days,-0.01897807425947773,-0.01997807425947773,1,2021-05-05,-0.014452710570490468,-0.0055253636889872615,19.149999618530273,0.10821752648019034,0.09428569248744423,0.9147158683613973,0.6226386123173607,0.0410942869325991,1.1476668751748094
DIS,5,0.01,2021-06-21,2021-06-28,168.67491149902344,171.19578552246094,hold_days,0.014945162864081762,0.013945162864081762,3,2021-06-18,0.015209576593272045,-0.0012644137291902835,20.700000762939453,0.3226837870609123,0.26065777507666854,0.9798339948670476,0.9016970894476305,0.17241500267465754,1.4395941434832802
DIS,5,0.01,2021-11-01,2021-11-08,165.00994873046875,171.48663330078125,hold_days,0.03925026715141677,0.03825026715141677,3,2021-10-29,0.014679044334442892,0.02357122281697388,16.260000228881836,0.05379130961051515,-0.0024539269969882094,0.8808606678698476,0.5092612215487686,0.39827200126825607,0.9298023267024834
DIS,5,0.01,2023-06-26,2023-07-03,86.00025177001953,87.7454605102539,hold_days,0.020293065477312577,0.019293065477312576,3,2023-06-23,0.02113649391101191,-0.0018434284336993345,13.4399995803833,-0.07310347721494481,-0.015384618609211587,0.7965664813150167,0.5406974681073804,0.6202497416632076,1.1877591569563561
DIS,5,0.01,2023-11-13,2023-11-20,86.71772766113281,92.13758850097656,hold_days,0.06250003299236528,0.06150003299236528,3,2023-11-10,0.030513531040679442,0.03098650195168584,14.170000076293945,-0.049631105210682036,-0.33380348982917796,0.8845229582437535,0.8152612533665894,0.4130415209500253,1.3102813218698237
DIS,5,0.01,2024-02-23,2024-03-01,104.80118560791016,108.89634704589844,hold_days,0.039075525856256954,0.03807552585625695,1,2024-02-22,0.004299030408677407,0.033776495447579546,14.539999961853027,0.011126553973489273,0.13328137555070407,1.1064726015695365,0.8801832462573748,0.21296015032813606,0.9156714444551123
DIS,5,0.01,2024-07-12,2024-07-19,94.9164810180664,93.55815124511719,hold_days,-0.014310789426450365,-0.015310789426450366,1,2024-07-11,0.0008854404122369264,-0.016196229838687293,12.920000076293945,0.06865177115224363,0.029482062146280796,0.9341521220543103,0.17646372440782812,0.23437164723553544,0.5870035695650035
DIS,5,0.01,2024-07-26,2024-08-02,87.88056182861328,87.52876281738281,hold_days,-0.00400314931891943,-0.00500314931891943,1,2024-07-25,-0.022014429630396015,0.017011280311476584,18.459999084472656,0.15881975711418272,0.42879249036102474,1.2462930497686089,0.4876038789896426,0.0,0.8635627489778702
DIS,5,0.01,2025-06-23,2025-06-30,115.57643127441406,122.23994445800781,hold_days,0.0576546023278095,0.0566546023278095,3,2025-06-20,0.02639975493015978,0.03025484739764972,20.6200008392334,0.14428414624981611,0.11580093885316733,0.8509806397774329,0.9191926716741509,0.3395326555596964,1.4197952287872373
DIS,5,0.01,2025-07-16,2025-07-23,118.10974884033203,121.18521881103516,hold_days,0.02603908653519138,0.02503908653519138,1,2025-07-15,0.014630672963495961,0.010408413571695418,17.3799991607666,0.03390837078722431,0.03885233928962717,0.8209319340739202,0.5562136588536992,0.0740782602798598,1.1787620791289675
GOOGL,5,0.01,2015-07-01,2015-07-09,26.9089412689209,26.975807189941406,hold_days,0.0024848960184746804,0.0014848960184746804,1,2015-06-30,-0.009996758255366722,0.011481654273841402,18.229999542236328,0.5053674697822654,0.23092498485615454,1.0979394141025518,0.5851245609942188,0.07862095439168901,0.8480966995095872
GOOGL,5,0.01,2016-02-10,2016-02-18,35.009361267089844,35.53733825683594,hold_days,0.015081023207424549,0.014081023207424548,1,2016-02-09,0.03861811570881213,-0.02453709250138758,26.540000915527344,0.20746139528022312,0.17955559624565964,1.182940918080481,0.08188240529565323,0.3857048841254171,0.6891720159569669
GOOGL,5,0.01,2016-03-08,2016-03-15,35.340213775634766,37.17475509643555,hold_days,0.05191087219923962,0.05091087219923962,1,2016-03-07,0.020312613628967302,0.03059825857027232,17.350000381469727,-0.15571771164934334,-0.10474710357090522,0.7995024718989109,0.5221900788441777,0.3470768401111729,1.1973501000052018
GOOGL,5,0.01,2016-06-10,2016-06-17,36.31394958496094,34.88058853149414,hold_days,-0.03947136210324009,-0.040471362103240094,4,2016-06-06,-0.013531202681794308,-0.026940159421445786,14.640000343322754,0.07410126341904766,0.0532374636763282,0.9666666731153635,0.2935371193635686,0.8102293964224968,1.1062434636121539
GOOGL,5,0.01,2017-03-27,2017-04-03,41.530311584472656,42.4337158203125,hold_days,0.02175288846562884,0.020752888465628838,3,2017-03-24,0.008878563619817648,0.01187432484581119,12.960000038146973,0.14893620079308834,0.11149229912068948,1.0658733638318172,0.8319657302643085,0.40536720994178593,1.7937636424822472
GOOGL,5,0.01,2017-06-20,2017-06-27,47.99281311035156,46.957664489746094,hold_days,-0.0215688256953247,-0.0225688256953247,4,2017-06-16,-0.010656641036243641,-0.01191218465908106,10.369999885559082,-0.09511345104359514,0.029791479625273176,0.9081928591604377,0.0627499697006415,0.6324352189153949,0.6545150370995303
GOOGL,5,0.01,2017-10-24,2017-10-31,48.958621978759766,51.165130615234375,hold_days,0.04506884686076096,0.04406884686076096,1,2017-10-23,-0.00025933386039023176,0.04432818072115119,11.069999694824219,0.11705346773693748,0.07163598998872756,0.9457775129436957,0.9367788732570805,0.10753758368274623,1.000739785825692
GOOGL,5,0.01,2017-12-05,2017-12-12,50.49946212768555,51.944217681884766,hold_days,0.028609325591354207,0.027609325591354206,1,2017-12-04,0.014156691523376619,0.013452634067977587,11.680000305175781,0.18338403653529256,0.021872265382774758,1.0697373527839111,0.5029098749231177,0.11980050494598748,2.155249990279415
GOOGL,5,0.01,2018-09-18,2018-09-25,57.80543518066406,59.13182830810547,hold_days,0.022945820290011243,0.021945820290011242,1,2018-09-17,0.010631743914522707,0.011314076375488535,13.680000305175781,-0.03389827312208993,0.06376366021695579,0.9698792978891395,0.2854267465131068,0.058647741227497024,0.8499392440253113
GOOGL,5,0.01,2019-03-29,2019-04-05,58.28983688354492,60.00154113769531,hold_days,0.02936539790924697,0.02836539790924697,1,2019-03-28,0.020300984549131984,0.008064413360114986,14.430000305175781,0.05869407072764932,0.06888891149450238,0.9332768223363784,0.5974990891583783,0.6396508797014536,0.8673765640860643
GOOGL,5,0.01,2019-07-22,2019-07-29,56.423587799072266,61.506717681884766,hold_days,0.09008873914423576,0.08908873914423576,3,2019-07-19,0.012171308837581662,0.0769174303066541,14.449999809265137,0.16626306770463994,0.08810241715510769,0.8769300759086822,0.9453061813236406,0.014755937838921518,1.0530180538841696
GOOGL,5,0.01,2020-06-12,2020-06-19,69.98009490966797,70.5605697631836,hold_days,0.008294856619799118,0.007294856619799118,1,2020-06-11,0.012119913426743345,-0.004825056806944227,40.790000915527344,0.5803952638337648,0.426722654698382,0.7374050999535571,0.5567654263750439,0.0656136505769023,1.7990315099012635
GOOGL,5,0.01,2020-08-05,2020-08-12,73.25740814208984,74.65164184570312,hold_days,0.019031982416154225,0.018031982416154224,1,2020-08-04,0.027830353268977204,-0.00979837085282298,23.760000228881836,-0.06603774645864069,-0.04347825753107082,0.8365856900412919,0.4190628630857104,0.3187759406860217,0.5544730696570477
GOOGL,5,0.01,2020-09-10,2020-09-17,75.58326721191406,73.65115356445312,hold_days,-0.02556271670611754,-0.02656271670611754,2,2020-09-08,0.010648546081427401,-0.03721126278754494,28.809999465942383,0.10298616157272433,0.30776207752943385,1.1270079642297024,0.11274618530082686,0.6575295738903841,1.2024689217254962
GOOGL,5,0.01,2021-08-20,2021-08-27,136.1340789794922,142.64662170410156,hold_days,0.04783918011881849,0.04683918011881849,2,2021-08-18,0.0191460365558056,0.02769314356301289,21.670000076293945,0.3899935769209595,0.25405088050958,1.0693628829658706,0.9459650981820671,0.680141375581505,1.2911244508263435
GOOGL,5,0.01,2021-09-21,2021-09-28,137.72250366210938,134.54966735839844,hold_days,-0.023037893004728027,-0.024037893004728028,1,2021-09-20,0.01165917100930014,-0.03569706401402817,25.709999084472656,0.32731016884613484,0.5667275638961797,1.1595155810775741,0.4355365426426212,0.8952565453975616,0.8263604602160676
GOOGL,5,0.01,2022-01-10,2022-01-18,137.3624267578125,134.71607971191406,hold_days,-0.019265436031967398,-0.0202654360319674,3,2022-01-07,-0.011388896235862256,-0.008876539796105143,18.760000228881836,0.08943095104150434,0.044543495834630686,0.962618545606294,0.9734731763651931,0.4662566565017521,2.210740050151379
GOOGL,5,0.01,2022-04-01,2022-04-08,138.82945251464844,132.0311279296875,hold_days,-0.04896889285249917,-0.04996889285249917,1,2022-03-31,-0.0030315243760129507,-0.04693736847648622,20.559999465942383,-0.05122291677173807,-0.19906507967137133,0.7734166247760286,0.8518623004929927,0.013944972288198647,0.7699893624749371
GOOGL,5,0.01,2022-05-11,2022-05-18,112.53169250488281,110.84473419189453,hold_days,-0.014990961883160847,-0.015990961883160848,2,2022-05-09,0.005898949918989649,-0.021889911802150497,32.9900016784668,0.12786330524672818,-0.015811419214170064,1.154823299873666,0.11700687572714699,0.4461854195423514,0.723452629094394
GOOGL,5,0.01,2022-09-01,2022-09-09,108.70558166503906,109.60700988769531,hold_days,0.00829238212839778,0.007292382128397779,1,2022-08-31,0.02112001634054894,-0.013827634212151163,25.8700008392334,0.133654740806195,0.3000000670926668,1.0069868316770518,0.7702265611883105,0.03308967900459137,1.2755584003988305
GOOGL,5,0.01,2023-02-27,2023-03-06,89.02289581298828,94.23329162597656,hold_days,0.058528716297140404,0.0575287162971404,3,2023-02-24,0.019644310475172455,0.03788440582196795,21.670000076293945,0.0743678727975301,0.04635446809560939,1.0420979159438806,0.6463435057685103,0.41984461631644937,0.40629333423484765
GOOGL,5,0.01,2023-06-01,2023-06-02,122.5538101196289,123.4948501586914,resistance,0.007678586558377276,0.006678586558377276,1,2023-05-31,0.021733780519826107,-0.015055193961448832,17.940000534057617,-0.031840266094167013,-0.002779279471743945,0.9677318169802546,0.6111118175383252,0.23718161899918377,0.6255563894939276
GOOGL,5,0.01,2023-08-21,2023-08-28,127.15998077392578,129.7751007080078,hold_days,0.0205655892535197,0.0195655892535197,3,2023-08-18,0.004450012677442716,0.015115576576076983,17.299999237060547,0.16576813067240215,0.011695839247322315,1.1224971132352917,0.834100961234205,0.376306898082554,0.8961752019982353
GOOGL,5,0.01,2023-12-06,2023-12-13,128.79444885253906,131.32041931152344,hold_days,0.01961241716152262,0.01861241716152262,2,2023-12-04,0.029945508665109477,-0.011333091503586856,12.850000381469727,0.012608416578181902,-0.041759841335900716,0.7966712654878423,0.07142857142857248,0.7043717025908542,0.816634856331913
GOOGL,5,0.01,2024-02-01,2024-02-08,139.82945251464844,144.53468322753906,hold_days,0.033649782848128584,0.03264978284812858,1,2024-01-31,0.003098089494792511,0.029551693353336073,14.350000381469727,0.09208523641796162,-0.02974980267195171,1.0211327725986412,0.16299985883967089,0.055692666922830245,0.9789342405740905
GOOGL,5,0.01,2024-05-31,2024-06-07,170.87403869628906,172.81552124023438,hold_days,0.01136206856675348,0.01036206856675348,1,2024-05-30,0.005857638237983354,0.004504430328770126,14.470000267028809,0.17738000910840457,0.16224903523776857,0.9209634886801744,0.8453043331647224,0.09329638016094816,1.3195010480355158
GOOGL,5,0.01,2024-10-10,2024-10-17,160.94979858398438,161.79385375976562,hold_days,0.005244213930102104,0.004244213930102104,1,2024-10-09,0.014145586324176618,-0.009901372394074515,20.860000610351562,0.10370375827413403,0.35366650336824645,1.138070754483851,0.6292132905098851,0.4156860633151128,0.8142980463834169
GOOGL,5,0.01,2025-06-24,2025-07-01,166.18878173828125,175.22715759277344,hold_days,0.05438619719065074,0.05338619719065074,1,2025-06-23,0.02957350063151254,0.023812696559138202,19.829999923706055,-0.04755042198027859,0.18246865726981865,0.841869070559543,0.3062203402204848,0.5973791440213494,0.5240167548329164
GOOGL,5,0.01,2026-08-21,2026-08-28,344.5985107421875,346.36737060546875,hold_days,0.0051331036209980585,0.0041331036209980585,1,2026-08-20,-0.0038069213475111496,0.007940024968509207,16.010000228881836,0.0943267329901627,0.056765718284222055,0.8996575278480772,0.7620688747994034,0.39399838536984344,0.9608998925017023
GOOGL,5,0.01,2026-09-10,2026-09-17,332.6000061035156,347.3299865722656,hold_days,0.0442873728155182,0.0432873728155182,1,2026-09-09,0.0007573903351119071,0.04252998248040629,16.459999084472656,0.08289469019858076,0.08218271158387003,0.931781644875529,0.885245446005214,0.6962003801165072,0.9506945151270764
