stock,entry_date,exit_date,rank,ret,ret_net,bench_ret,excess_ret
KO,2015-09-09,2015-09-16,0.1,0.031048720917900674,0.030048720917900673,0.026796839591376687,0.0032518813265239865
KO,2015-11-06,2015-11-13,0.1,-0.01382253083459617,-0.01482253083459617,-0.040880205568491035,0.026057674733894864
KO,2016-02-17,2016-02-24,0.1,0.009657660653583866,0.008657660653583865,0.0009486013057855569,0.007709059347798308
KO,2016-03-01,2016-03-08,0.05,0.014419466822575222,0.013419466822575221,0.006009218141013406,0.007410248681561815
KO,2016-04-14,2016-04-21,0.05,-0.04734878966710365,-0.04834878966710365,0.00805463697124953,-0.05640342663835318
KO,2016-04-22,2016-04-29,0.05,0.005837240565108814,0.004837240565108814,-0.023995933622592447,0.02883317418770126
KO,2016-05-25,2016-06-02,0.1,0.007661397905393219,0.006661397905393219,0.00647379484572097,0.00018760305967224864
KO,2016-06-23,2016-06-30,0.1,0.005545815409571331,0.004545815409571331,-0.00883461986909595,0.01338043527866728
KO,2016-07-12,2016-07-19,0.05,0.0010970187457219893,9.70187457219893e-05,0.002719891516161921,-0.0026228727704399315
KO,2016-07-27,2016-08-03,0.1,0.005529606161146949,0.004529606161146949,-0.00892189957638223,0.013451505737529179
KO,2016-11-10,2016-11-17,0.1,0.004396855251231235,0.0033968552512312353,0.009466504779638951,-0.006069649528407716
KO,2017-01-10,2017-01-18,0.1,0.006091507453623413,0.005091507453623413,0.0007189847739244026,0.00437252267969901
KO,2017-02-10,2017-02-17,0.1,0.016017791431471418,0.015017791431471417,0.016368971494446827,-0.00135118006297541
KO,2017-04-25,2017-05-02,0.05,0.006494663103359555,0.005494663103359555,0.003086911231559908,0.002407751871799647
KO,2017-09-27,2017-10-04,0.05,0.019265701360668297,0.018265701360668296,0.015303765648444267,0.0029619357122240286
KO,2017-10-23,2017-10-30,0.1,-0.009930860506602968,-0.010930860506602968,-0.010393633352811738,-0.000537227153791231
KO,2017-11-21,2017-11-29,0.1,-0.006116091345234609,-0.007116091345234609,0.009894418998839694,-0.017010510344074303
KO,2017-12-11,2017-12-18,0.1,0.013236222133943265,0.012236222133943264,0.0075051745102412415,0.004731047623702023
KO,2018-01-03,2018-01-10,0.1,0.013864339402841042,0.01286433940284104,0.01765705389612604,-0.004792714493285
KO,2018-02-26,2018-03-05,0.1,-0.0031796289790692045,-0.0041796289790692045,-0.015630360591805892,0.011450731612736686
KO,2018-05-11,2018-05-18,0.1,0.0009490530126976537,-5.094698730234628e-05,0.01011533019028632,-0.010166277177588667
KO,2018-06-07,2018-06-14,0.1,0.012157474003490876,0.011157474003490875,-0.003793945316631242,0.014951419320122117
KO,2018-07-12,2018-07-19,0.1,0.009849833714367984,0.008849833714367983,0.0027491485585444675,0.006100685155823515
KO,2018-08-22,2018-08-29,0.1,-0.013063217154771767,-0.014063217154771768,0.018726742979115363,-0.03278996013388713
KO,2018-08-30,2018-09-07,0.05,0.017130712064133302,0.0161307120641333,-0.003931133040880219,0.02006184510501352
KO,2018-09-24,2018-10-01,0.1,0.003473049835986064,0.002473049835986064,0.0035306543103954535,-0.0010576044744093896
KO,2018-12-31,2019-01-08,0.05,0.0027455981662876106,0.0017455981662876105,0.02302863339575656,-0.02128303522946895
KO,2019-02-14,2019-02-22,0.05,-0.0067993481410330014,-0.0077993481410330015,0.011248016443196951,-0.019047364584229953
KO,2019-03-18,2019-03-25,0.05,0.01365373888246979,0.01265373888246979,-0.012479831265332253,0.025133570147802042
KO,2019-04-03,2019-04-10,0.1,0.009961083515919844,0.008961083515919843,-0.00032994908349393004,0.009291032599413773
KO,2019-06-10,2019-06-17,0.1,-0.002197364335271179,-0.003197364335271179,-0.009036320287337585,0.005838955952066406
KO,2019-10-11,2019-10-18,0.1,0.027767316865156877,0.026767316865156876,0.006753416524416078,0.020013900340740798
KO,2019-11-04,2019-11-11,0.1,-0.024463527339152136,-0.025463527339152137,0.0099179129665945,-0.035381440305746636
KO,2019-12-11,2019-12-18,0.1,-0.0007417133891224337,-0.0017417133891224337,0.00939197567768435,-0.011133689066806784
KO,2020-03-19,2020-03-26,0.1,0.05880912760147927,0.05780912760147927,0.07104878640601942,-0.013239658804540144
KO,2020-04-22,2020-04-29,0.1,0.031523784152609036,0.030523784152609035,0.058521532707742185,-0.02799774855513315
KO,2020-06-25,2020-07-02,0.05,-0.0011127709038056821,-0.002112770903805682,0.014176373640870654,-0.016289144544676337
KO,2021-01-05,2021-01-12,0.1,-0.039670431619715174,-0.040670431619715175,0.02416061059453356,-0.06483104221424874
KO,2021-01-15,2021-01-25,0.05,0.001642707918475983,0.0006427079184759829,0.005437650091677515,-0.004794942173201532
KO,2021-06-28,2021-07-06,0.1,-0.007003246364823301,-0.008003246364823302,0.008202140577487249,-0.01620538694231055
KO,2021-08-26,2021-09-02,0.1,0.022146198152538155,0.021146198152538154,0.011303460096861118,0.009842738055677036
KO,2021-10-19,2021-10-26,0.1,0.005909421811209903,0.004909421811209903,0.023111010954664613,-0.01820158914345471
KO,2022-03-10,2022-03-17,0.1,0.04612942214537186,0.045129422145371856,0.03420677363611868,0.010922648509253174
KO,2022-06-01,2022-06-08,0.1,-0.002853991509801035,-0.003853991509801035,0.0015120282494991422,-0.005366019759300177
KO,2022-07-11,2022-07-18,0.1,-0.020495775068348543,-0.021495775068348544,-0.0008719858405814573,-0.020623789227767086
KO,2022-07-21,2022-07-28,0.1,0.044002492776836544,0.04300249277683654,0.018487000622025462,0.02451549215481108
KO,2022-08-08,2022-08-15,0.1,0.024297207561596368,0.023297207561596367,0.036441704477347736,-0.01314449691575137
KO,2022-10-03,2022-10-10,0.05,-0.03989432090231715,-0.04089432090231715,-0.009234826889261027,-0.03165949401305612
KO,2022-10-21,2022-10-28,0.1,0.08577560614239821,0.08477560614239821,0.05684825026810625,0.02792735587429196
KO,2023-01-11,2023-01-19,0.1,-0.03692937135731811,-0.03792937135731811,-0.0326771216501992,-0.005252249707118906
KO,2023-05-19,2023-05-26,0.1,-0.04090407888601055,-0.041904078886010554,-0.005799261304273884,-0.03610481758173667
KO,2023-06-29,2023-07-07,0.05,-0.004331738874070568,-0.005331738874070568,-0.015599872504876489,0.01026813363080592
KO,2023-07-12,2023-07-19,0.1,0.03007995014857423,0.02907995014857423,0.014009642545240508,0.015070307603333721
KO,2023-09-01,2023-09-11,0.1,-0.007250040054200935,-0.008250040054200936,-0.0001223861271152371,-0.008127653927085698
KO,2023-10-05,2023-10-12,0.1,0.00820916727661003,0.00720916727661003,0.009514325112001343,-0.002305157835391313
KO,2023-11-06,2023-11-13,0.1,-0.0007021600967358488,-0.0017021600967358488,-0.008908141086344967,0.0072059809896091185
KO,2023-12-14,2023-12-21,0.1,-0.017784608452379835,-0.018784608452379836,0.008014284205986266,-0.026798892658366102
KO,2024-02-27,2024-03-05,0.05,-0.013589633399418655,-0.014589633399418656,0.011740725187320944,-0.0263303585867396
KO,2024-03-06,2024-03-13,0.1,0.026364446155271226,0.025364446155271225,0.015327187186376712,0.010037258968894514
KO,2024-10-08,2024-10-15,0.1,0.01676752167472073,0.01576752167472073,0.018151218472742814,-0.0023836967980220836
KO,2024-10-29,2024-11-05,0.1,-0.002897866763473478,-0.003897866763473478,0.0012770123687599888,-0.005174879132233467
KO,2024-11-06,2024-11-13,0.1,-0.01098921419009602,-0.01198921419009602,-0.0026570525633310416,-0.009332161626764979
KO,2025-04-28,2025-05-05,0.05,-0.0012537624498810684,-0.0022537624498810685,0.011537456308160277,-0.013791218758041346
KO,2025-05-12,2025-05-19,0.1,0.03451761713222634,0.03351761713222634,0.009888310164986702,0.02362930696723964
KO,2025-06-17,2025-06-25,0.1,0.00014362996567740538,-0.0008563700343225946,0.01587161580799057,-0.016727985842313164
KO,2025-07-09,2025-07-16,0.1,-0.0030224205262883164,-0.004022420526288316,-0.015458469805070929,0.011436049278782612
KO,2025-08-18,2025-08-25,0.05,-0.002893074738734458,-0.003893074738734458,-0.00019679350845258625,-0.0036962812302818717
KO,2025-08-28,2025-09-05,0.1,-0.00585155449955721,-0.00685155449955721,-0.008040412030179245,0.0011888575306220348
KO,2025-10-29,2025-11-05,0.1,0.002340955351338714,0.0013409553513387138,-0.008338343837837048,0.00967929918917576
KO,2025-12-01,2025-12-08,0.1,-0.023627429117226262,-0.024627429117226263,0.0064737293384951045,-0.031101158455721367
KO,2025-12-26,2026-01-05,0.1,-0.02762283646624053,-0.02862283646624053,0.011581541224879421,-0.04020437769111995
KO,2026-01-06,2026-01-13,0.05,0.050117844627608044,0.04911784462760804,0.00035369926186490375,0.04876414536574314
GILD,2015-07-27,2015-08-03,0.05,0.08196140337300295,0.08096140337300295,0.029948873728686376,0.05101252964431657
GILD,2015-08-11,2015-08-18,0.1,0.012541973580105115,0.011541973580105114,0.0014504608798731056,0.010091512700232008
GILD,2015-08-24,2015-08-31,0.1,0.04381076906342263,0.04281076906342263,0.042591239089206256,0.00021952997421637033
GILD,2015-09-01,2015-09-09,0.05,0.02295804024192738,0.02195804024192738,0.014074537535020859,0.00788350270690652
GILD,2015-09-21,2015-09-28,0.1,-0.10346127235026015,-0.10446127235026015,-0.04299230355636019,-0.06146896879389996
GILD,2015-09-29,2015-10-06,0.05,0.01604138336894123,0.01504138336894123,0.05683772815787047,-0.04179634478892924
GILD,2015-11-03,2015-11-10,0.1,-0.002291913765791187,-0.003291913765791187,-0.024320283692263023,0.021028369926471835
GILD,2015-12-03,2015-12-10,0.05,0.012231415884556007,0.011231415884556006,-0.008991770290672219,0.020223186175228225
GILD,2015-12-29,2016-01-06,0.1,-0.029605277221280257,-0.030605277221280258,-0.0385398277373632,0.007934550516082939
GILD,2016-01-15,2016-01-25,0.1,-0.01339220414793374,-0.01439220414793374,-0.012631648325552969,-0.0017605558223807716
GILD,2016-01-29,2016-02-05,0.05,0.025783132065072323,0.024783132065072322,-0.012640748051458539,0.03742388011653086
GILD,2016-02-19,2016-02-26,0.05,0.007547890672703783,0.006547890672703783,0.014176837299307854,-0.007628946626604071
GILD,2016-03-02,2016-03-09,0.1,-0.010923450812467816,-0.011923450812467817,0.002715766053536406,-0.014639216866004223
GILD,2016-04-28,2016-05-05,0.1,-0.11484525339389795,-0.11584525339389795,-0.02994468636312808,-0.08590056703076987
GILD,2016-05-06,2016-05-13,0.1,-0.023382767033905294,-0.024382767033905295,-0.00947580289798755,-0.014906964135917744
GILD,2016-05-16,2016-05-23,0.1,-0.0033489192378303168,-0.004348919237830317,-0.004400450019996449,5.153078216613236e-05
GILD,2016-06-21,2016-06-28,0.1,0.00635735739087484,0.00535735739087484,-0.021383197295080203,0.026740554685955042
GILD,2016-07-13,2016-07-20,0.05,0.010612704403999196,0.009612704403999195,0.00776888028610756,0.0018438241178916348
GILD,2016-07-26,2016-08-02,0.05,-0.01826030414438662,-0.01926030414438662,-0.015098354993422491,-0.004161949150964128
GILD,2016-08-08,2016-08-15,0.1,-0.0011287197794962456,-0.0021287197794962456,0.00957532690702001,-0.011704046686516256
GILD,2016-08-29,2016-09-06,0.1,-0.003709760376052973,-0.004709760376052973,-0.006372158665469474,0.001662398289416501
GILD,2016-09-27,2016-10-04,0.1,-0.025363052147378107,-0.026363052147378108,-0.0012632408457005084,-0.0250998113016776
GILD,2016-10-07,2016-10-14,0.1,-0.03309401915307808,-0.03409401915307808,-0.011352305767358017,-0.022741713385720064
GILD,2016-11-03,2016-11-10,0.1,0.08472686032938848,0.08372686032938848,0.04303299379989478,0.040693866529493694
GILD,2016-11-16,2016-11-23,0.1,-0.009210456610012963,-0.010210456610012963,0.01224381228821847,-0.022454268898231433
GILD,2016-12-06,2016-12-13,0.1,0.03935210645625542,0.03835210645625542,0.03199819608192156,0.00635391037433386
GILD,2017-01-11,2017-01-19,0.1,-0.029822192838388162,-0.030822192838388163,-0.012190641742645725,-0.018631551095742438
GILD,2017-02-08,2017-02-15,0.05,0.04444097437334538,0.043440974373345376,0.02291455982738233,0.020526414545963045
GILD,2017-03-10,2017-03-17,0.05,0.020551307290809895,0.019551307290809894,0.005254777313521863,0.01429652997728803
GILD,2017-03-28,2017-04-04,0.05,-0.001788412708069953,-0.002788412708069953,-0.0013926019420538172,-0.0013958107660161359
GILD,2017-05-09,2017-05-16,0.05,-0.027954375482281413,-0.028954375482281414,-0.0005167803047094743,-0.02843759517757194
GILD,2017-05-24,2017-06-01,0.1,0.004820411493178023,0.003820411493178023,0.020606668625970492,-0.01678625713279247
GILD,2017-08-04,2017-08-11,0.1,-0.010388137481875948,-0.011388137481875948,-0.011258841634060879,-0.00012929584781506964
GILD,2017-09-14,2017-09-21,0.05,0.00401041193643592,0.0030104119364359203,-0.0003611130051472955,0.003371524941583216
GILD,2017-09-28,2017-10-05,0.1,0.03213505609309375,0.03113505609309375,0.01604304793490785,0.015092008158185899
GILD,2017-10-16,2017-10-23,0.1,0.002751838654986072,0.0017518386549860718,0.013739982614210833,-0.011988143959224762
GILD,2017-10-26,2017-11-02,0.05,-0.05226025837899273,-0.05326025837899273,-0.00945487270459322,-0.04380538567439951
GILD,2017-11-03,2017-11-10,0.1,0.004220044239500176,0.003220044239500176,0.0019550560253513982,0.0012649882141487776
GILD,2017-11-14,2017-11-21,0.1,0.019114579691257294,0.018114579691257293,0.007750474419673026,0.010364105271584267
GILD,2017-12-19,2017-12-27,0.1,-0.018426135823642054,-0.019426135823642054,-0.0009471195450734271,-0.018479016278568627
GILD,2017-12-28,2018-01-05,0.1,0.028145735386950976,0.027145735386950975,0.0325014124189873,-0.005355677032036321
GILD,2018-02-22,2018-03-01,0.1,-0.023551843972568376,-0.024551843972568377,0.0012328480437657774,-0.025784692016334154
GILD,2018-05-02,2018-05-09,0.05,-0.017793214303266303,-0.018793214303266303,0.02385347706613916,-0.042646691369405465
GILD,2018-08-08,2018-08-15,0.05,-0.026914429486011526,-0.027914429486011527,-0.015092560239692188,-0.01282186924631934
GILD,2018-08-17,2018-08-24,0.1,0.009188369439289357,0.008188369439289356,0.01893948957639524,-0.010751120137105885
GILD,2018-09-07,2018-09-14,0.1,0.02395213950943198,0.02295213950943198,0.011054543109095372,0.011897596400336607
GILD,2018-10-31,2018-11-07,0.1,0.06306823326551814,0.062068233265518136,0.043839439378080325,0.01822879388743781
GILD,2018-12-28,2019-01-07,0.05,0.10795063029301266,0.10695063029301266,0.029727363445320565,0.0772232668476921
GILD,2019-02-05,2019-02-12,0.05,-0.033687743722252694,-0.034687743722252695,0.01420769193266258,-0.048895435654915276
GILD,2019-02-13,2019-02-21,0.05,-0.005914389746262905,-0.006914389746262905,-0.0020316197922296553,-0.0048827699540332494
GILD,2019-02-25,2019-03-04,0.1,0.001529974236926801,0.000529974236926801,-0.004338045548858083,0.004868019785784884
GILD,2019-04-12,2019-04-22,0.05,-0.05223673692692998,-0.053236736926929984,0.019158001109852885,-0.07239473803678287
GILD,2019-04-23,2019-04-30,0.1,0.031725884472594945,0.030725884472594944,-0.0010886515595147639,0.03181453603210971
GILD,2019-05-30,2019-06-06,0.1,0.006157162643848801,0.005157162643848801,0.03247080350343756,-0.02731364085958876
GILD,2019-06-26,2019-07-03,0.1,0.03479331900406746,0.03379331900406746,0.02800553073425127,0.005787788269816185
GILD,2019-07-11,2019-07-18,0.1,0.015409954128571712,0.014409954128571711,0.0038464049734996397,0.010563549155072072
GILD,2019-07-22,2019-07-29,0.05,0.04560149115124634,0.04460149115124634,0.02198244400587135,0.022619047145374993
GILD,2019-08-16,2019-08-23,0.05,-0.009977954405184453,-0.010977954405184454,-0.005796478654745529,-0.005181475750438924
GILD,2019-09-04,2019-09-11,0.1,0.07602347434423273,0.07502347434423273,0.025390757259597718,0.049632717084635014
GILD,2019-09-18,2019-09-25,0.1,-0.0231283566528514,-0.0241283566528514,-0.00748548813647032,-0.016642868516381082
GILD,2019-09-26,2019-10-03,0.05,-0.016903574570301783,-0.017903574570301783,-0.026081110471933955,0.008177535901632171
GILD,2019-10-30,2019-11-06,0.05,0.035787798555462214,0.03478779855546221,0.020707717226346345,0.014080081329115868
GILD,2019-11-13,2019-11-20,0.05,0.024474813663823092,0.02347481366382309,0.0037323361364622887,0.019742477527360802
GILD,2019-12-17,2019-12-24,0.1,0.007855137376704402,0.006855137376704402,0.007771018377132899,-0.000915881000428497
GILD,2019-12-30,2020-01-07,0.1,0.002926083421165515,0.001926083421165515,0.006939648143225785,-0.00501356472206027
GILD,2020-01-13,2020-01-21,0.1,-0.026123749252633166,-0.027123749252633167,0.006408651829879375,-0.03353240108251254
GILD,2020-02-14,2020-02-24,0.1,0.07904103807072982,0.07804103807072982,-0.041025622572742115,0.11906666064347193
GILD,2020-03-25,2020-04-01,0.05,0.04091297237903957,0.03991297237903957,0.005612242943463741,0.03430072943557583
GILD,2020-04-08,2020-04-16,0.1,0.020669194367123556,0.019669194367123555,0.00045931776526053625,0.01920987660186302
GILD,2020-05-07,2020-05-14,0.05,-0.004896364024356892,-0.005896364024356892,-0.008499590848562333,0.002603226824205441
GILD,2020-05-18,2020-05-26,0.05,-0.021134385034493386,-0.022134385034493387,0.00829382299693715,-0.030428208031430537
GILD,2020-06-02,2020-06-09,0.1,0.0591045378997066,0.0581045378997066,0.052033739064393236,0.006070798835313362
GILD,2020-07-21,2020-07-28,0.1,-0.03972371826918675,-0.04072371826918675,-0.009181360534250005,-0.03154235773493674
GILD,2020-07-29,2020-08-05,0.05,-0.05492396801503885,-0.05592396801503885,0.022472338202307762,-0.07839630621734661
GILD,2020-08-06,2020-08-13,0.05,-0.009155421774810213,-0.010155421774810214,0.017506186130867185,-0.0276616079056774
GILD,2020-08-24,2020-08-31,0.05,0.010139068375769833,0.009139068375769832,0.026671078963388384,-0.01753201058761855
GILD,2020-09-28,2020-10-05,0.1,0.011933150914678725,0.010933150914678724,0.013273217614841792,-0.002340066700163068
GILD,2020-10-16,2020-10-23,0.05,-0.019516171479519784,-0.020516171479519785,-0.009329546333450178,-0.011186625146069606
GILD,2020-12-21,2020-12-29,0.1,-0.029210716594794683,-0.030210716594794684,-0.0003646004570521111,-0.029846116137742573
GILD,2021-02-01,2021-02-08,0.1,0.04408617491796263,0.04308617491796263,0.030629859015939065,0.012456315902023563
GILD,2021-02-12,2021-02-22,0.05,-0.0415606930601764,-0.0425606930601764,-0.006723371521403232,-0.03583732153877317
GILD,2021-03-11,2021-03-18,0.05,0.027252249883861657,0.026252249883861656,-0.004658118762137731,0.030910368645999386
GILD,2021-03-31,2021-04-08,0.1,0.0060344584334133256,0.0050344584334133255,0.024869305730754965,-0.01983484729734164
GILD,2021-04-09,2021-04-16,0.1,0.02703132573921474,0.02603132573921474,0.010137708846510218,0.01589361689270452
GILD,2021-04-27,2021-05-04,0.1,0.014999266589659221,0.01399926658965922,0.0079203958902343,0.006078870699424921
GILD,2021-05-24,2021-06-01,0.1,-0.031291749815579806,-0.03229174981557981,-0.0008997988688973502,-0.031391950946682456
GILD,2021-10-05,2021-10-12,0.1,-0.00044507376517732844,-0.0014450737651773285,-0.00036560834734555847,-0.00107946541783177
GILD,2021-10-18,2021-10-25,0.1,0.026858649803330303,0.025858649803330302,0.02701605922954653,-0.0011574094262162271
GILD,2021-11-04,2021-11-11,0.1,0.01444258953053179,0.01344258953053179,0.003460855979839028,0.009981733550692762
GILD,2022-02-01,2022-02-08,0.1,-0.06966555453953815,-0.07066555453953816,-0.013508990576700408,-0.05715656396283775
GILD,2022-02-10,2022-02-17,0.1,-0.00809207498513509,-0.00909207498513509,-0.029144464481826504,0.020052389496691414
GILD,2022-05-27,2022-06-06,0.1,-0.04274712214126508,-0.04374712214126508,-0.0040449543955564105,-0.03970216774570867
GILD,2022-07-20,2022-07-27,0.1,-0.010560347693636896,-0.011560347693636897,0.015077442400770469,-0.026637790094407365
GILD,2022-07-29,2022-08-05,0.1,0.022426972200771278,0.021426972200771277,0.012626416675584506,0.00880055552518677
GILD,2023-02-01,2023-02-08,0.1,0.019880850731530897,0.018880850731530896,-0.020831725412077118,0.039712576143608014
GILD,2023-02-16,2023-02-24,0.1,-0.03273776255333449,-0.033737762553334494,-0.025824975273991746,-0.007912787279342748
GILD,2023-02-28,2023-03-07,0.05,-0.0031045112945542463,-0.004104511294554246,0.00596004129673644,-0.010064552591290687
GILD,2023-03-22,2023-03-29,0.1,0.044724320923450245,0.043724320923450244,0.024004648974196074,0.01971967194925417
GILD,2023-05-01,2023-05-08,0.1,-0.03475833489880176,-0.03575833489880176,-0.017821629232109837,-0.01793670566669192
GILD,2023-07-28,2023-08-04,0.1,0.023679310160193312,0.02267931016019331,-0.0231054587673023,0.04578476892749561
GILD,2023-08-18,2023-08-25,0.1,0.01291529613293263,0.011915296132932629,-0.0023146154332225333,0.014229911566155162
GILD,2023-09-06,2023-09-13,0.1,0.041352286588252074,0.04035228658825207,0.001429703268318372,0.0389225833199337
GILD,2023-11-09,2023-11-16,0.1,-0.006134955602515757,-0.007134955602515757,0.048632262861653563,-0.05576721846416932
GILD,2023-11-17,2023-11-27,0.05,-0.0070245606773755576,-0.008024560677375558,0.006764347340406207,-0.014788908017781766
GILD,2023-12-19,2023-12-27,0.1,0.011070567444988022,0.010070567444988021,0.012359079691123487,-0.0022885122461354657
GILD,2024-01-22,2024-01-29,0.05,0.008160107853495857,0.007160107853495857,0.0021860462028755467,0.00497406165062031
GILD,2024-02-07,2024-02-14,0.1,-0.01854370081202039,-0.019543700812020393,-0.004075020205108415,-0.015468680606911978
GILD,2024-02-21,2024-02-28,0.1,-0.006830802708435391,-0.007830802708435392,0.014013810689174733,-0.021844613397610124
GILD,2024-04-05,2024-04-12,0.1,-0.021701716252631287,-0.022701716252631288,-0.019570247511581318,-0.0031314687410499698
GILD,2024-04-25,2024-05-02,0.1,0.0009194921948081358,-8.05078051918642e-05,-0.00571753608533021,0.005637028280138346
GILD,2024-05-09,2024-05-16,0.1,0.050789887010881385,0.049789887010881384,0.02830379365003899,0.021486093360842395
GILD,2024-07-05,2024-07-12,0.1,0.04903278248768883,0.04803278248768883,0.01569849724603034,0.03233428524165849
GILD,2024-08-09,2024-08-16,0.1,0.001629085649064832,0.000629085649064832,0.029175386907675183,-0.02854630125861035
GILD,2024-09-25,2024-10-02,0.1,0.030774711873290173,0.02977471187329017,0.010674649793636082,0.01910006207965409
GILD,2024-11-14,2024-11-21,0.1,-0.025512840503928658,-0.02651284050392866,-0.005328475951786205,-0.021184364552142454
GILD,2025-01-06,2025-01-14,0.1,-0.0025210634112907693,-0.0035210634112907693,0.005424696097511061,-0.008945759508801832
GILD,2025-03-19,2025-03-26,0.05,0.016370474637795507,0.015370474637795506,-0.004241290455519353,0.01961176509331486
GILD,2025-04-11,2025-04-21,0.05,0.006754709752205823,0.005754709752205823,-0.02354066506386332,0.029295374816069142
GILD,2025-04-29,2025-05-06,0.1,-0.06074275507171034,-0.06174275507171034,-0.0034441413334167503,-0.05829861373829359
GILD,2025-05-07,2025-05-14,0.05,-0.005257818609306186,-0.006257818609306186,0.032080194100561954,-0.03833801270986814
GILD,2025-06-23,2025-06-30,0.1,0.04407198955014313,0.04307198955014313,0.025433289112491986,0.017638700437651145
GILD,2025-08-18,2025-08-25,0.1,-0.032544982134847245,-0.033544982134847245,-0.00019679350845258625,-0.03334818862639466
GILD,2025-08-27,2025-09-04,0.1,-0.010094801981686108,-0.011094801981686109,-0.011283726190257082,0.00018892420857097303
GILD,2025-10-28,2025-11-04,0.1,0.043434027504202666,0.042434027504202665,-0.02657974926360085,0.06901377676780351
GILD,2025-12-01,2025-12-08,0.05,-0.025255361230769435,-0.026255361230769436,0.0064737293384951045,-0.03272909056926454
GILD,2026-01-02,2026-01-09,0.1,-0.004111915850423586,-0.0051119158504235864,0.0369724364776689,-0.04208435232809249
GILD,2026-02-26,2026-03-05,0.05,0.009529255903613754,0.008529255903613753,-0.026743210110593996,0.03527246601420775
GILD,2026-04-27,2026-05-04,0.1,0.03866931786526773,0.037669317865267726,0.013188105563983754,0.024481212301283972
GILD,2026-06-04,2026-06-11,0.1,-0.025623064632118053,-0.026623064632118054,-0.018215498605581804,-0.00840756602653625
GILD,2026-07-27,2026-08-03,0.1,0.0048267945409818935,0.0038267945409818935,0.01071918553565343,-0.006892390994671537
EMR,2015-07-14,2015-07-21,0.1,-0.03800743841318377,-0.03900743841318377,-0.0031731754699295678,-0.0358342629432542
EMR,2015-08-04,2015-08-11,0.1,-0.014302612122170988,-0.015302612122170989,-0.00422775582817958,-0.011074856293991409
EMR,2015-09-14,2015-09-21,0.1,-0.008787182781668235,-0.009787182781668236,0.0011586518900208453,-0.01094583467168908
EMR,2015-09-23,2015-09-30,0.1,0.011449669551802932,0.010449669551802931,-0.004525949511527738,0.01497561906333067
EMR,2015-12-02,2015-12-09,0.1,-0.03618881707804178,-0.03718881707804178,-0.022784415271776104,-0.014404401806265676
EMR,2016-02-16,2016-02-23,0.05,0.039468220702359336,0.038468220702359335,0.010763475401458722,0.027704745300900613
EMR,2016-03-31,2016-04-07,0.1,-0.027767785795065114,-0.028767785795065115,-0.00678555851644036,-0.021982227278624755
EMR,2016-05-09,2016-05-16,0.1,0.012601291924229985,0.011601291924229984,0.0013763268840911724,0.010224965040138811
EMR,2016-05-19,2016-05-26,0.1,0.03749513727818887,0.03649513727818887,0.03420502253181268,0.002290114746376193
EMR,2016-06-24,2016-07-01,0.05,0.02695215274468543,0.02595215274468543,0.024393753100947713,0.0015583996437377179
EMR,2016-08-02,2016-08-09,0.1,0.024514800621639354,0.023514800621639353,0.015337831413300362,0.008176969208338991
EMR,2016-08-22,2016-08-29,0.1,0.015305983464770634,0.014305983464770633,-0.00042775120468507843,0.014733734669455711
EMR,2016-10-10,2016-10-17,0.1,-0.04017738667915971,-0.04117738667915971,-0.021260263491018838,-0.019917123188140873
EMR,2016-10-18,2016-10-25,0.05,0.004611098114279066,0.0036110981142790663,0.00880843247004015,-0.005197334355761084
EMR,2016-12-13,2016-12-20,0.05,0.009512148180311542,0.00851214818031154,-0.006417541105322666,0.014929689285634207
EMR,2017-02-17,2017-02-27,0.1,-0.023589970112398606,-0.024589970112398607,0.007501703516252567,-0.032091673628651174
EMR,2017-02-28,2017-03-07,0.1,0.0019964312626110647,0.0009964312626110647,0.0021886163973414696,-0.001192185134730405
EMR,2017-03-14,2017-03-21,0.1,-0.00016936109946041888,-0.001169361099460419,-0.0035805864939645327,0.0024112253945041138
EMR,2017-03-24,2017-03-31,0.05,0.022024825288809335,0.021024825288809335,0.00969466933351626,0.011330155955293075
EMR,2017-05-02,2017-05-09,0.1,-0.005239807418908837,-0.006239807418908837,0.008414781004202565,-0.014654588423111403
EMR,2017-05-26,2017-06-05,0.1,0.002545852013365213,0.001545852013365213,0.016759981657419987,-0.015214129644054775
EMR,2017-06-06,2017-06-13,0.1,0.03734032582244229,0.03634032582244229,0.007775168548151079,0.02856515727429121
EMR,2017-06-26,2017-07-03,0.05,0.02135960141602533,0.02035960141602533,-0.009704593725099797,0.030064195141125127
EMR,2017-08-17,2017-08-24,0.1,-0.00463209013510435,-0.00563209013510435,-0.001612184807834427,-0.004019905327269923
EMR,2017-11-03,2017-11-10,0.05,-0.03884551391062785,-0.03984551391062785,0.0019550560253513982,-0.04180056993597925
EMR,2017-11-13,2017-11-20,0.05,-0.01035193382694033,-0.01135193382694033,-0.0017778271322600459,-0.009574106694680284
EMR,2018-03-01,2018-03-08,0.1,0.009054254896184277,0.008054254896184276,0.023220690801190047,-0.01516643590500577
EMR,2018-04-10,2018-04-17,0.1,0.027087140171962787,0.026087140171962786,0.0236717330051619,0.002415407166800887
EMR,2018-04-26,2018-05-03,0.1,-0.001037365869095086,-0.002037365869095086,-0.028482567811586312,0.026445201942491225
EMR,2018-07-16,2018-07-23,0.05,-0.020487685880312245,-0.021487685880312246,0.0028925737108325134,-0.02438025959114476
EMR,2018-10-23,2018-10-30,0.1,-0.016819147210644148,-0.01781914721064415,-0.012849950165185198,-0.004969197045458951
EMR,2018-11-08,2018-11-15,0.1,-0.006394483893633174,-0.007394483893633174,-0.019384053019968817,0.011989569126335642
EMR,2018-12-06,2018-12-13,0.05,-0.047970106559696024,-0.048970106559696025,-0.02075208544968954,-0.028218021110006486
EMR,2019-03-13,2019-03-20,0.1,0.00530041804626058,0.00430041804626058,0.005028383870548714,-0.000727965824288134
EMR,2019-05-08,2019-05-15,0.05,-0.011163109395748716,-0.012163109395748717,-0.00983966638882261,-0.002323443006926107
EMR,2019-05-29,2019-06-05,0.1,0.037711052840982084,0.036711052840982084,0.030989556161201692,0.005721496679780391
EMR,2019-07-03,2019-07-11,0.1,-0.030669348139728103,-0.031669348139728104,-0.0004790291317037232,-0.03119031900802438
EMR,2019-08-01,2019-08-08,0.1,-0.03170790775530985,-0.03270790775530985,-0.0041493006478711125,-0.028558607107438738
EMR,2019-08-12,2019-08-19,0.1,0.01314846041444473,0.012148460414444728,0.023787319621159098,-0.01163885920671437
EMR,2020-02-13,2020-02-21,0.1,-0.01435672590469339,-0.015356725904693391,-0.008438073625646081,-0.00691865227904731
EMR,2020-03-09,2020-03-16,0.05,-0.06751396350078276,-0.06851396350078276,-0.10910700064226253,0.04059303714147977
EMR,2020-04-15,2020-04-22,0.05,0.08766431943989961,0.0866643194398996,0.009227555430676437,0.07743676400922317
EMR,2020-06-16,2020-06-23,0.1,-0.02584296977279077,-0.02684296977279077,-0.002754614658038612,-0.024088355114752158
EMR,2020-09-21,2020-09-28,0.1,0.008310278149043615,0.007310278149043615,0.009370420745508756,-0.002060142596465141
EMR,2020-10-29,2020-11-05,0.1,0.09357552845685047,0.09257552845685046,0.06595136291645343,0.026624165540397038
EMR,2020-12-01,2020-12-08,0.1,0.07351186168837187,0.07251186168837187,0.01748173908565387,0.055030122602718
EMR,2021-01-04,2021-01-11,0.1,0.05909483463388354,0.05809483463388354,0.03239574537590206,0.025699089257981478
EMR,2021-05-20,2021-05-27,0.05,0.021511127568150323,0.020511127568150322,0.005674967814487175,0.014836159753663147
EMR,2021-06-22,2021-06-29,0.1,-0.0009494113417507499,-0.00194941134175075,0.011663913046729757,-0.013613324388480508
EMR,2021-09-09,2021-09-16,0.1,-0.01298951917613067,-0.013989519176130671,0.00046522268215554163,-0.014454741858286213
EMR,2021-10-13,2021-10-20,0.1,0.05877891904994681,0.05777891904994681,0.0403216379063871,0.01745728114355971
EMR,2021-11-03,2021-11-10,0.1,0.02388219522122692,0.02288219522122692,0.009424017832185827,0.013458177389041093
EMR,2021-12-23,2021-12-31,0.1,0.018514615951847224,0.017514615951847223,0.00956901376475816,0.007945602187089063
EMR,2022-04-13,2022-04-21,0.1,0.03643763425119051,0.03543763425119051,0.003479876194737219,0.03195775805645329
EMR,2022-05-10,2022-05-17,0.05,0.03969015259615816,0.038690152596158156,0.02568278794900425,0.013007364647153907
EMR,2022-06-21,2022-06-28,0.05,0.01620541353364824,0.015205413533648238,0.016249919162415027,-0.0010445056287667898
EMR,2022-08-10,2022-08-17,0.1,0.02108579990493009,0.02008579990493009,0.014526190379309023,0.005559609525621068
EMR,2023-01-17,2023-01-24,0.05,-0.019289672241663336,-0.020289672241663337,0.003429367228923841,-0.023719039470587178
EMR,2023-02-08,2023-02-15,0.1,0.010815177046468616,0.009815177046468615,0.005728278662034958,0.004086898384433657
EMR,2023-04-05,2023-04-13,0.1,0.02792166357412995,0.02692166357412995,0.01212676189016193,0.01479490168396802
EMR,2023-10-23,2023-10-30,0.05,-0.01896642146776606,-0.01996642146776606,-0.007274190366918343,-0.012692231100847717
EMR,2023-11-07,2023-11-14,0.1,0.04250049357079644,0.04150049357079644,0.023186951421655166,0.01831354214914127
EMR,2023-11-27,2023-12-04,0.05,0.010455784805828428,0.009455784805828427,0.023612785131618352,-0.014157000325789926
EMR,2024-02-22,2024-02-29,0.1,0.0148161670506477,0.013816167050647699,0.0063186323854727,0.0074975346651749986
EMR,2024-05-16,2024-05-23,0.05,-0.0029250543529724116,-0.003925054352972412,-0.018146048417958083,0.01422099406498567
EMR,2024-06-03,2024-06-10,0.1,-0.00275152199143891,-0.00375152199143891,0.01615631772693038,-0.01990783971836929
EMR,2024-08-07,2024-08-14,0.1,0.03968243612976807,0.03868243612976807,0.03560334348810579,0.0030790926416622844
EMR,2024-10-14,2024-10-21,0.1,-0.01979746723873621,-0.02079746723873621,-0.018374039085367055,-0.002423428153369156
EMR,2025-02-18,2025-02-25,0.1,-0.042316672518440956,-0.04331667251844096,-0.009598378313002254,-0.033718294205438704
EMR,2025-05-20,2025-05-28,0.1,0.014831718372938507,0.013831718372938506,-0.016473488040433915,0.03030520641337242
EMR,2025-08-06,2025-08-13,0.1,0.00798937677424072,0.0069893767742407195,0.027168164993695898,-0.02017878821945518
EMR,2025-09-18,2025-09-25,0.05,-0.01364570536433507,-0.014645705364335071,-0.01746625938823354,0.0028205540238984694
EMR,2025-10-10,2025-10-17,0.1,0.025950209907320554,0.024950209907320553,0.029858853109609784,-0.004908643202289231
EMR,2025-11-10,2025-11-17,0.1,-0.01930330799222113,-0.02030330799222113,-0.010072051750756428,-0.010231256241464703
EMR,2025-12-18,2025-12-26,0.1,0.03123093417123024,0.03023093417123024,0.02472405155725399,0.0055068826139762495
EMR,2026-02-12,2026-02-20,0.05,0.02904627913600688,0.02804627913600688,0.0024670877442340977,0.025579191391772782
EMR,2026-03-12,2026-03-19,0.1,-0.017249133251900695,-0.018249133251900695,-0.008462652949220106,-0.009786480302680589
EMR,2026-04-28,2026-05-05,0.1,-0.0002889684891079769,-0.001288968489107977,0.0332621755984317,-0.034551144087539676
EMR,2026-05-13,2026-05-20,0.1,-0.031671235652664276,-0.03267123565266428,-0.0029452896555262065,-0.02972594599713807
EMR,2026-07-08,2026-07-15,0.1,-0.001685191016547516,-0.002685191016547516,0.0012964326640372281,-0.003981623680584744
EMR,2026-08-18,2026-08-25,0.05,-0.017872937553854995,-0.018872937553854996,0.012994579068207113,-0.03186751662206211
UPS,2015-10-28,2015-11-04,0.1,0.013348933296029042,0.012348933296029041,0.006281103485288098,0.006067829810740943
UPS,2015-12-23,2015-12-31,0.1,-0.01038632639114656,-0.011386326391146562,-0.009041112628468184,-0.0023452137626783776
UPS,2016-04-01,2016-04-08,0.1,-0.006098365133268779,-0.007098365133268779,-0.010644462224426166,0.003546097091157386
UPS,2016-07-21,2016-07-28,0.05,-0.010555875696435457,-0.011555875696435458,0.0015268286151008947,-0.013082704311536353
UPS,2016-10-20,2016-10-27,0.1,0.0063313857981111,0.0053313857981111,0.0031751130174670905,0.0021562727806440094
UPS,2016-12-16,2016-12-23,0.1,0.0013813886084499405,0.00038138860844994047,0.004151665641527913,-0.0037702770330779725
UPS,2017-01-31,2017-02-07,0.05,-0.03152192471739246,-0.03252192471739246,0.007668183703279263,-0.04019010842067172
UPS,2017-02-22,2017-03-01,0.1,0.011834948169099802,0.0108349481690998,0.008223653955083732,0.002611294214016069
UPS,2017-03-27,2017-04-03,0.1,0.015461013266839352,0.014461013266839351,0.004123466745443061,0.01033754652139629
UPS,2017-04-07,2017-04-17,0.1,-0.0011425703223066908,-0.0021425703223066908,-0.007746942170366866,0.005604371848060175
UPS,2017-05-10,2017-05-17,0.05,-0.013426880669380803,-0.014426880669380804,-0.01993826070938831,0.0055113800400075075
UPS,2017-09-06,2017-09-13,0.1,0.02855632042345846,0.027556320423458458,0.023846598474732028,0.00370972194872643
UPS,2017-10-05,2017-10-12,0.05,0.0115906991814827,0.010590699181482699,-0.0006572872890807657,0.011247986470563465
UPS,2017-11-07,2017-11-14,0.05,0.008490359176292817,0.0074903591762928165,0.005635205229785001,0.0018551539465078157
UPS,2017-12-11,2017-12-18,0.05,0.006438001357632395,0.005438001357632395,0.0075051745102412415,-0.002067173152608847
UPS,2018-01-22,2018-01-29,0.1,-0.01670987211486752,-0.01770987211486752,0.008192138320590736,-0.025902010435458256
UPS,2018-01-31,2018-02-07,0.1,-0.12103364898115698,-0.12203364898115698,-0.05725926412889748,-0.0647743848522595
UPS,2018-02-12,2018-02-20,0.05,-0.006705021019781654,-0.007705021019781654,0.0207761499510426,-0.028481170970824254
UPS,2018-06-07,2018-06-14,0.05,0.008606640699967194,0.007606640699967194,-0.003793945316631242,0.011400586016598435
UPS,2018-06-25,2018-07-02,0.1,-0.039201434044769945,-0.040201434044769946,-0.0033071007229458216,-0.036894333321824124
UPS,2018-07-06,2018-07-13,0.1,0.02772795025628305,0.02672795025628305,0.023836312453300534,0.0028916378029825163
UPS,2018-09-13,2018-09-20,0.1,-0.004845517489195705,-0.005845517489195705,0.013548265326564835,-0.01939378281576054
UPS,2018-09-21,2018-09-28,0.1,-0.014684555515897424,-0.015684555515897425,-0.004338037156025321,-0.011346518359872104
UPS,2018-10-26,2018-11-02,0.1,0.0064571906678521085,0.0054571906678521085,0.04047997847418627,-0.035022787806334166
UPS,2018-12-04,2018-12-12,0.05,-0.05207457720121167,-0.05307457720121167,-0.020384455602181495,-0.032690121599030175
UPS,2018-12-13,2018-12-20,0.1,-0.06787030995046506,-0.06887030995046506,-0.06726643356052375,-0.0016038763899413055
UPS,2019-02-22,2019-03-01,0.1,0.02495417529187338,0.02395417529187338,0.005182147109763502,0.01877202818210988
UPS,2019-03-20,2019-03-27,0.05,0.009821922759364776,0.008821922759364775,-0.007453492486349189,0.016275415245713964
UPS,2019-04-25,2019-05-02,0.1,0.0036145518902785945,0.0026145518902785944,0.0015875849729656277,0.0010269669173129667
UPS,2019-06-24,2019-07-01,0.1,0.032591357541123855,0.031591357541123855,0.02233986943945676,0.009251488101667094
UPS,2019-09-19,2019-09-26,0.05,-0.005624595459806314,-0.006624595459806314,-0.008556319677295088,0.0019317242174887736
UPS,2019-10-09,2019-10-16,0.1,0.03196929797371295,0.03096929797371295,0.03197689766454559,-0.001007599690832639
UPS,2019-10-24,2019-10-31,0.1,0.010174364481317921,0.00917436448131792,0.00896976373681424,0.00020460074450368015
UPS,2019-11-20,2019-11-27,0.1,0.007226156294181552,0.0062261562941815516,0.013405039154799514,-0.0071788828606179625
UPS,2019-12-04,2019-12-11,0.05,0.002747923391765328,0.0017479233917653278,0.014601775994443011,-0.012853852602677684
UPS,2019-12-20,2019-12-30,0.1,-0.008176908697584473,-0.009176908697584474,-0.006782650174906979,-0.002394258522677495
UPS,2020-01-30,2020-02-06,0.1,-0.0137962614338345,-0.014796261433834501,0.01527439148985632,-0.03007065292369082
UPS,2020-02-25,2020-03-03,0.05,-0.027688946300497785,-0.028688946300497786,-0.03147844725104598,0.002789500950548196
UPS,2020-04-07,2020-04-15,0.1,0.07544938021613867,0.07444938021613867,0.028092480916889206,0.046356899299249466
UPS,2020-04-28,2020-05-05,0.05,-0.038576935139754576,-0.03957693513975458,-0.012702591180742573,-0.026874343959012004
UPS,2020-10-28,2020-11-04,0.05,0.04365140521021127,0.04265140521021127,0.0484246671959192,-0.005773261985707934
UPS,2020-12-10,2020-12-17,0.1,0.06240892542498866,0.06140892542498866,0.0023797188526069046,0.059029206572381754
UPS,2020-12-29,2021-01-06,0.1,-0.047270044915638354,-0.048270044915638355,0.02597297210893612,-0.07424301702457448
UPS,2021-01-07,2021-01-14,0.1,0.028113106114167508,0.027113106114167507,0.008712783990397988,0.01840032212376952
UPS,2021-02-17,2021-02-24,0.05,0.0005182859635175507,-0.0004817140364824493,0.007504772837940488,-0.007986486874422938
UPS,2021-03-18,2021-03-25,0.1,0.019038790175329723,0.018038790175329722,0.00773763012947315,0.010301160045856572
UPS,2021-06-04,2021-06-11,0.1,-0.035274994326494946,-0.03627499432649495,-0.005306449098861243,-0.030968545227633704
UPS,2021-06-14,2021-06-21,0.05,0.01108968745838923,0.01008968745838923,-0.012001628001295006,0.022091315459684235
UPS,2021-07-26,2021-08-02,0.05,-0.08538992495716757,-0.08638992495716757,-0.004423022370582896,-0.08196690258658468
UPS,2021-09-23,2021-09-30,0.1,-0.025108467187485717,-0.026108467187485718,-0.024192444631039978,-0.00191602255644574
UPS,2021-10-05,2021-10-12,0.05,0.012912418011804316,0.011912418011804315,-0.00036560834734555847,0.012278026359149874
UPS,2021-11-02,2021-11-09,0.1,0.003920776706207496,0.002920776706207496,0.0200363416259437,-0.017115564919736204
UPS,2022-01-14,2022-01-24,0.1,-0.011668387915066858,-0.012668387915066859,-0.04369630956140724,0.031027921646340384
UPS,2022-03-24,2022-03-31,0.05,-0.0009319850195661505,-0.0019319850195661506,0.00020332417041513118,-0.0021353091899812817
UPS,2022-04-04,2022-04-11,0.1,-0.07002618848488296,-0.07102618848488296,-0.02383098196939204,-0.04719520651549092
UPS,2022-05-04,2022-05-11,0.1,-0.03449417945849764,-0.03549417945849764,-0.06733222505281866,0.03183804559432102
UPS,2022-07-13,2022-07-20,0.1,0.05019120504670238,0.04919120504670238,0.045195676863162504,0.003995528183539876
UPS,2022-07-27,2022-08-03,0.1,0.05176736492494505,0.050767364924945046,0.03196409668124245,0.018803268243702598
UPS,2022-09-12,2022-09-19,0.05,-0.10061418046965809,-0.10161418046965809,-0.05602007099825668,-0.04559410947140141
UPS,2022-09-20,2022-09-27,0.1,-0.062101161038681574,-0.06310116103868157,-0.0475490245983361,-0.015552136440345476
UPS,2022-10-25,2022-11-01,0.1,0.002395125354458294,0.001395125354458294,0.02198296196581917,-0.020587836611360877
UPS,2022-12-30,2023-01-09,0.1,0.04515641153251315,0.04415641153251315,0.032830815809524294,0.011325595722988857
UPS,2023-04-25,2023-05-02,0.05,0.008792422696234148,0.007792422696234148,-0.0041564396296571715,0.011948862325891318
UPS,2023-06-02,2023-06-09,0.1,0.0020571239479760806,0.0010571239479760805,-0.001735580053161101,0.0027927040011371815
UPS,2023-08-14,2023-08-21,0.1,-0.03999758062085568,-0.04099758062085568,-0.025320475157054823,-0.015677105463800856
UPS,2023-09-05,2023-09-12,0.05,-0.045130206233062076,-0.04613020623306208,0.00012279762140221528,-0.04625300385446429
UPS,2023-10-23,2023-10-30,0.1,-0.06330985030332548,-0.06430985030332548,-0.007274190366918343,-0.057035659936407135
UPS,2023-10-31,2023-11-07,0.05,0.0042479837547404475,0.0032479837547404475,0.022058070973298705,-0.018810087218558258
UPS,2023-12-21,2023-12-29,0.1,0.0004450223126395425,-0.0005549776873604575,0.012111938813524237,-0.012666916500884695
UPS,2024-01-30,2024-02-06,0.05,0.0059285984655965684,0.004928598465596568,-0.010754919972944976,0.015683518438541544
UPS,2024-02-26,2024-03-04,0.1,0.02108488859594404,0.02008488859594404,0.016780620019654302,0.0033042685762897372
UPS,2024-03-26,2024-04-03,0.05,0.05897491186760151,0.05797491186760151,0.012985000217443643,0.044989911650157866
UPS,2024-05-20,2024-05-28,0.05,-0.06782285893758977,-0.06882285893758977,-0.022128347415857896,-0.046694511521731874
UPS,2024-05-29,2024-06-05,0.05,0.023510141957503672,0.02251014195750367,0.016383470311432946,0.006126671646070725
UPS,2024-07-23,2024-07-30,0.05,0.010573431376798226,0.009573431376798225,0.004380514675612401,0.0051929167011858235
UPS,2024-09-17,2024-09-24,0.1,-0.008648863348117874,-0.009648863348117875,0.01105073769957654,-0.020699601047694416
UPS,2024-12-03,2024-12-10,0.05,0.003931869284392375,0.0029318692843923752,-0.010153445722090204,0.013085315006482579
UPS,2025-01-30,2025-02-06,0.05,-0.012445630738440738,-0.01344563073844074,-0.01740813220715509,0.003962501468714352
UPS,2025-03-25,2025-04-01,0.05,-0.006275575608915118,-0.007275575608915118,-0.012161761702791707,0.004886186093876589
UPS,2025-04-30,2025-05-07,0.05,-0.014060970603604117,-0.015060970603604118,0.005633904766309428,-0.020694875369913546
UPS,2025-07-10,2025-07-17,0.05,-0.033229621312277025,-0.034229621312277025,-0.01811483449632645,-0.016114786815950577
UPS,2025-07-29,2025-08-05,0.1,-0.044693923464519614,-0.045693923464519615,-0.018918522895088996,-0.02677540056943062
UPS,2025-11-05,2025-11-12,0.1,0.03519521202440501,0.03419521202440501,0.01758948132603111,0.0166057306983739
UPS,2025-12-26,2026-01-05,0.05,0.014521535934345131,0.01352153593434513,0.011581541224879421,0.0019399947094657088
UPS,2026-03-05,2026-03-12,0.05,-0.05938308750401011,-0.06038308750401011,-0.017740115028011094,-0.04264297247599902
UPS,2026-03-13,2026-03-20,0.05,-0.013887464374875202,-0.014887464374875203,-0.021995241467840043,0.00710777709296484
UPS,2026-05-04,2026-05-11,0.05,0.038313747621415484,0.03731374762141548,0.04571409609804,-0.00840034847662452
UPS,2026-07-28,2026-08-04,0.1,0.03392402954663587,0.03292402954663587,0.02296996156928488,0.009954067977350989
UPS,2026-08-06,2026-08-13,0.1,0.02267448960692464,0.02167448960692464,0.030930846840897308,-0.009256357233972667
MRK,2015-08-25,2015-09-01,0.1,0.02657782272375897,0.02557782272375897,0.02442368079460966,0.0011541419291493105
MRK,2015-09-02,2015-09-10,0.05,-0.004907157288478681,-0.005907157288478681,0.00346516507565231,-0.009372322364130992
MRK,2015-09-22,2015-09-29,0.1,-0.04118989570193787,-0.042189895701937874,-0.02630457914880291,-0.015885316553134965
MRK,2015-10-12,2015-10-19,0.05,0.013606863526422153,0.012606863526422152,0.004316645012510056,0.008290218513912095
MRK,2015-11-30,2015-12-07,0.1,0.012638947361407915,0.011638947361407914,-0.0008081729257199965,0.01244712028712791
MRK,2016-03-17,2016-03-24,0.05,0.029885749887918367,0.028885749887918366,0.00022514414319441123,0.028660605744723955
MRK,2016-07-13,2016-07-20,0.1,-0.012762211914830068,-0.01376221191483007,0.00776888028610756,-0.02153109220093763
MRK,2016-07-21,2016-07-28,0.1,-0.0061236413327663275,-0.0071236413327663275,0.0015268286151008947,-0.008650469947867223
MRK,2016-10-20,2016-10-27,0.05,-0.010174507751246509,-0.01117450775124651,0.0031751130174670905,-0.0143496207687136
MRK,2016-10-28,2016-11-04,0.1,-0.0003398668728734622,-0.0013398668728734622,-0.014052720177248235,0.012712853304374772
MRK,2016-11-17,2016-11-25,0.1,-0.00781507016326699,-0.008815070163266991,0.010485578260807982,-0.019300648424074973
MRK,2016-12-07,2016-12-14,0.1,0.03686686522208582,0.03586686522208582,0.005095469999015112,0.030771395223070708
MRK,2016-12-21,2016-12-29,0.1,-0.006562284583876643,-0.007562284583876643,-0.008002023942907721,0.00043973935903107806
MRK,2017-03-13,2017-03-20,0.1,-0.0006237042616874522,-0.0016237042616874522,0.002998310310452945,-0.004622014572140397
MRK,2017-03-28,2017-04-04,0.1,0.005210075253923252,0.004210075253923252,-0.0013926019420538172,0.005602677195977069
MRK,2017-04-21,2017-04-28,0.1,0.007109289432947197,0.006109289432947197,0.018355310240982137,-0.01224602080803494
MRK,2017-06-07,2017-06-14,0.1,-0.003497150919293368,-0.004497150919293368,0.007707706110857693,-0.012204857030151062
MRK,2017-06-29,2017-07-07,0.1,-0.01833990271942232,-0.01933990271942232,-0.0026353719110802087,-0.01670453080834211
MRK,2017-07-17,2017-07-24,0.1,-0.0006388726821160429,-0.0016388726821160429,0.0005629992369429182,-0.002201871919058961
MRK,2017-08-07,2017-08-14,0.1,-0.00270506049991015,-0.00370506049991015,-0.0013048846778275225,-0.0024001758220826277
MRK,2017-09-29,2017-10-06,0.1,0.008121009884658248,0.007121009884658248,0.005617501964231719,0.0015035079204265287
MRK,2017-10-13,2017-10-20,0.1,0.007730025393312134,0.006730025393312134,0.01295834467467949,-0.006228319281367355
MRK,2017-10-25,2017-11-01,0.1,-0.1138511513655317,-0.1148511513655317,-0.011711358353942103,-0.1031397930115896
MRK,2017-11-02,2017-11-09,0.05,0.015170701793863817,0.014170701793863816,0.004225942395558624,0.009944759398305192
MRK,2017-11-22,2017-11-30,0.1,0.01655309794409643,0.015553097944096428,0.019828476699544906,-0.004275378755448478
MRK,2018-01-05,2018-01-12,0.1,0.02930342694616228,0.02830342694616228,0.0223412374594254,0.00596218948673688
MRK,2018-04-05,2018-04-12,0.1,0.04052780843392245,0.03952780843392245,0.0051354856213639,0.03439232281255855
MRK,2018-05-01,2018-05-08,0.05,-0.021041825167053996,-0.022041825167053997,-0.0035838806354937525,-0.018457944531560244
MRK,2018-05-21,2018-05-29,0.1,-0.0029025605096509866,-0.0039025605096509866,-0.013142221356154948,0.009239660846503961
MRK,2018-08-27,2018-09-04,0.1,-0.015074824779677587,-0.016074824779677588,-0.0007513378691331729,-0.015323486910544415
MRK,2018-11-07,2018-11-14,0.1,-0.013185506894251797,-0.014185506894251798,-0.03540420760205887,0.02121870070780707
MRK,2019-01-10,2019-01-17,0.1,0.015037288517608216,0.014037288517608215,0.0015357754117935052,0.01250151310581471
MRK,2019-01-24,2019-01-31,0.1,0.017220317473951585,0.016220317473951584,0.025228753535986526,-0.009008436062034941
MRK,2019-04-04,2019-04-11,0.1,-0.024556940458862253,-0.025556940458862254,-0.003675228514535167,-0.021881711944327087
MRK,2019-04-15,2019-04-23,0.05,-0.050044275878630806,-0.05104427587863081,0.031660659907145394,-0.0827049357857762
MRK,2019-04-24,2019-05-01,0.05,0.053392227702858897,0.052392227702858896,-0.011030375416810512,0.06342260311966941
MRK,2019-06-10,2019-06-17,0.05,0.01668701348236712,0.015687013482367118,-0.009036320287337585,0.024723333769704703
MRK,2019-07-11,2019-07-18,0.05,0.02086426908100858,0.01986426908100858,0.0038464049734996397,0.01601786410750894
MRK,2019-07-25,2019-08-01,0.1,0.023730874600412344,0.022730874600412343,-0.030364971673441432,0.053095846273853775
MRK,2019-09-05,2019-09-12,0.1,-0.03240455595281877,-0.03340455595281877,0.00909889287116239,-0.04250344882398116
MRK,2019-09-13,2019-09-20,0.05,0.030868026276178018,0.029868026276178017,-0.00764528123021091,0.037513307506388927
MRK,2019-10-15,2019-10-22,0.1,-0.043979594495392904,-0.044979594495392905,-0.004657739521612303,-0.0403218549737806
MRK,2019-11-05,2019-11-12,0.05,0.014472180168592752,0.013472180168592751,0.010907915325545803,0.0025642648430469484
MRK,2020-01-09,2020-01-16,0.05,0.020138559276327017,0.019138559276327016,0.008892022327102067,0.01024653694922495
MRK,2020-01-23,2020-01-30,0.1,-0.023261097802669717,-0.024261097802669718,-0.025696271157956252,0.0014351733552865342
MRK,2020-02-07,2020-02-14,0.1,-0.02856149008845099,-0.029561490088450992,0.01385559848090634,-0.04341708856935733
MRK,2020-02-18,2020-02-25,0.05,-0.026558177563047347,-0.027558177563047348,-0.07165728708371855,0.0440991095206712
MRK,2020-05-01,2020-05-08,0.1,-0.01635154662786331,-0.017351546627863312,0.0362602127054934,-0.05361175933335671
MRK,2020-05-21,2020-05-29,0.1,0.05447399700343958,0.05347399700343958,0.04331550056848088,0.010158496434958697
MRK,2020-06-10,2020-06-17,0.1,-0.059601071979163645,-0.060601071979163645,-0.0301592601311772,-0.030441811847986444
MRK,2020-06-18,2020-06-25,0.05,0.004591701343030552,0.003591701343030552,-0.009387839779690377,0.012979541122720928
MRK,2020-07-14,2020-07-21,0.1,0.008178770203782992,0.007178770203782992,0.016486284115248884,-0.009307513911465892
MRK,2020-07-23,2020-07-30,0.1,0.011914141801144806,0.010914141801144805,0.007403001568820011,0.0035111402323247942
MRK,2020-10-06,2020-10-13,0.1,0.013562995513544118,0.012562995513544117,0.041961910847218675,-0.029398915333674558
MRK,2020-12-18,2020-12-28,0.05,0.011568134677669484,0.010568134677669483,-0.004533988688984469,0.015102123366653952
MRK,2021-01-14,2021-01-22,0.1,-0.014482191634764496,-0.015482191634764497,-0.0002477354142820243,-0.015234456220482473
MRK,2021-02-01,2021-02-08,0.05,-0.029989599668851064,-0.030989599668851064,0.030629859015939065,-0.06161945868479013
MRK,2021-02-11,2021-02-19,0.05,-0.00575299765531645,-0.00675299765531645,0.0005352612907238985,-0.007288258946040348
MRK,2021-04-06,2021-04-13,0.05,0.008444296522020833,0.007444296522020833,0.00745980392490031,-1.550740287947685e-05
MRK,2021-04-29,2021-05-06,0.05,0.055646054276498935,0.054646054276498934,0.01672894950644288,0.037917104770056054
MRK,2021-05-26,2021-06-03,0.1,0.002948109696836676,0.001948109696836676,0.007174770969059718,-0.005226661272223042
MRK,2021-06-24,2021-07-01,0.1,0.021346356976119196,0.020346356976119195,0.011156052890503254,0.009190304085615941
MRK,2021-07-23,2021-07-30,0.1,-0.008640082142611694,-0.009640082142611694,-0.0018729074838224058,-0.007767174658789289
MRK,2021-08-03,2021-08-10,0.1,-0.01596676881682879,-0.016966768816828792,-0.00421967964069947,-0.012747089176129323
MRK,2021-08-26,2021-09-02,0.05,0.0071828182161846055,0.0061828182161846055,0.011303460096861118,-0.005120641880676512
MRK,2021-09-13,2021-09-20,0.1,-0.008272202125708894,-0.009272202125708895,-0.023106567970008318,0.013834365844299423
MRK,2021-10-11,2021-10-18,0.05,-0.034779940263287346,-0.035779940263287346,0.02458384157493132,-0.060363781838218666
MRK,2021-11-05,2021-11-12,0.05,0.029285736150589603,0.028285736150589602,0.010746246849978602,0.017539489300611
MRK,2021-11-29,2021-12-06,0.1,-0.01962909925852374,-0.020629099258523742,-0.015836524734841317,-0.004792574523682425
MRK,2021-12-07,2021-12-14,0.1,0.029598636702995895,0.028598636702995894,0.0018785847152409385,0.026720051987754956
MRK,2021-12-28,2022-01-04,0.1,0.0026035892107667546,0.0016035892107667546,0.011955084139309236,-0.010351494928542482
MRK,2022-02-09,2022-02-16,0.1,0.009016329208328955,0.008016329208328954,-0.025109081037239744,0.0331254102455687
MRK,2022-03-21,2022-03-28,0.1,0.02719487414802102,0.02619487414802102,0.013436635155666954,0.012758238992354065
MRK,2022-05-27,2022-06-06,0.05,-0.034808688428688894,-0.035808688428688895,-0.0040449543955564105,-0.031763734033132485
MRK,2022-07-19,2022-07-26,0.05,-0.011585019288210652,-0.012585019288210653,0.001113890403839246,-0.013698909692049899
MRK,2022-08-01,2022-08-08,0.1,-0.000451734218324229,-0.001451734218324229,0.010984794047264046,-0.012436528265588276
MRK,2022-08-16,2022-08-23,0.05,-0.004305280166254977,-0.005305280166254977,-0.04160990626101024,0.036304626094755266
MRK,2022-09-09,2022-09-16,0.1,0.012447762578913668,0.011447762578913667,-0.050736139230876054,0.06218390180978972
MRK,2022-11-11,2022-11-18,0.1,0.06400583302748397,0.06300583302748397,-0.008170369738023098,0.07117620276550707
MRK,2023-01-12,2023-01-20,0.05,-0.01637283365843467,-0.017372833658434672,-0.019435385441226805,0.0020625517827921325
MRK,2023-01-26,2023-02-02,0.1,-0.03190793998764574,-0.03290793998764574,0.01640807339268613,-0.04931601338033187
MRK,2023-03-03,2023-03-10,0.1,0.0075788788646307115,0.0065788788646307115,-0.042181283418247784,0.048760162282878494
MRK,2023-03-21,2023-03-28,0.1,-9.465819479836934e-05,-0.0010946581947983694,-0.005469053034372284,0.004374394839573915
MRK,2023-05-17,2023-05-24,0.05,-0.010108139422755347,-0.011108139422755348,-0.01625831534977429,0.005150175927018941
MRK,2023-06-12,2023-06-20,0.1,0.010071677430506298,0.009071677430506297,0.011053954933368804,-0.001982277502862506
MRK,2023-07-07,2023-07-14,0.1,-0.015229327192612607,-0.016229327192612608,0.033557989041511194,-0.0497873162341238
MRK,2023-07-17,2023-07-24,0.05,0.030501136051687583,0.029501136051687582,0.01919151191212487,0.010309624139562712
MRK,2023-08-30,2023-09-07,0.05,-0.02059721356750477,-0.02159721356750477,-0.010981120737835859,-0.01061609282966891
MRK,2023-09-29,2023-10-06,0.1,0.00903336373445418,0.00803336373445418,-0.010137883652942659,0.01817124738739684
MRK,2023-10-19,2023-10-26,0.1,0.05098074047781154,0.049980740477811536,-0.026873351034569337,0.07685409151238087
MRK,2023-11-02,2023-11-09,0.05,-0.004569560949534868,-0.005569560949534868,-0.014928424509182525,0.009358863559647657
MRK,2023-11-15,2023-11-22,0.1,0.0032559159326812637,0.0022559159326812636,0.011085230641172172,-0.00882931470849091
MRK,2023-11-24,2023-12-01,0.1,0.015608136360484304,0.014608136360484303,0.022367313709853898,-0.007759177349369595
MRK,2024-03-04,2024-03-11,0.05,-0.010318469803345831,-0.011318469803345832,0.013918601870672509,-0.02523707167401834
MRK,2024-04-09,2024-04-16,0.1,-0.013021939560401652,-0.014021939560401653,-0.03352077413545307,0.019498834575051416
MRK,2024-05-14,2024-05-21,0.1,0.016322047931992767,0.015322047931992766,0.015401864287611033,-7.981635561826739e-05
MRK,2024-07-03,2024-07-11,0.1,0.02479150616025394,0.02379150616025394,0.009842752035589708,0.013948754124664231
MRK,2024-07-31,2024-08-07,0.05,-0.005657103941666297,-0.006657103941666297,-0.05884242134734852,0.05218531740568222
MRK,2024-08-16,2024-08-23,0.1,0.02577640779710899,0.02477640779710899,0.014851291863945182,0.009925115933163808
MRK,2024-09-12,2024-09-19,0.05,0.023985594628831652,0.02298559462883165,0.02815894339210323,-0.005173348763271579
MRK,2024-09-24,2024-10-01,0.1,-0.001913652149727385,-0.002913652149727385,0.007794229311606005,-0.01070788146133339
MRK,2024-10-07,2024-10-14,0.1,0.010129844318068848,0.009129844318068847,0.029366720555447534,-0.020236876237378687
MRK,2024-11-06,2024-11-13,0.05,-0.02213841937319483,-0.02313841937319483,-0.0026570525633310416,-0.020481366809863788
MRK,2025-01-17,2025-01-27,0.1,0.00020430061036047498,-0.000795699389639525,0.026127705258294442,-0.02692340464793397
MRK,2025-02-04,2025-02-11,0.1,-0.04628599718273241,-0.04728599718273241,-0.006818687464584472,-0.04046730971814794
MRK,2025-02-13,2025-02-21,0.05,0.060175293658702333,0.05917529365870233,0.0007393822911792025,0.05843591136752313
MRK,2025-03-26,2025-04-02,0.1,-0.01713768908801816,-0.01813768908801816,-0.0036739942228602995,-0.014463694865157861
MRK,2025-04-10,2025-04-17,0.1,0.0058028200147606235,0.0048028200147606235,0.006092473492393502,-0.0012896534776328785
MRK,2025-05-06,2025-05-13,0.05,-0.030490831052451428,-0.03149083105245143,0.05124530165354391,-0.08273613270599534
MRK,2025-05-14,2025-05-21,0.1,0.04777472119210402,0.04677472119210402,0.0033433814995238453,0.04343133969258017
MRK,2025-06-02,2025-06-09,0.1,0.040393361982404175,0.039393361982404174,0.02887083888409059,0.010522523098313585
MRK,2025-06-26,2025-07-03,0.1,0.026639728967658094,0.025639728967658093,0.03248282529965851,-0.00684309633200042
MRK,2025-08-28,2025-09-05,0.05,0.01802665544260007,0.01702665544260007,-0.008040412030179245,0.025067067472779314
MRK,2025-09-17,2025-09-24,0.1,-0.01811688185988891,-0.019116881859888912,0.0022359671954810256,-0.021352849055369938
MRK,2025-10-08,2025-10-15,0.05,-0.026504575891518,-0.027504575891518,-0.0045013678841805405,-0.02300320800733746
MRK,2025-10-16,2025-10-23,0.05,0.0388465574736383,0.0378465574736383,0.025311131729125247,0.012535425744513051
MRK,2025-12-03,2025-12-10,0.1,-0.045467844273220814,-0.046467844273220815,0.010314252782180011,-0.056782097055400826
MRK,2026-04-16,2026-04-23,0.1,-0.007275186514019372,-0.008275186514019373,0.0134191174139906,-0.021694303928009973
MRK,2026-04-24,2026-05-01,0.1,0.002323582525206147,0.001323582525206147,0.020284619750177146,-0.018961037224971
MRK,2026-06-01,2026-06-08,0.1,0.03777022705828004,0.036770227058280036,-0.01853485754701567,0.05530508460529571
MRK,2026-07-10,2026-07-17,0.1,0.03205443986916312,0.03105443986916312,8.66672711774541e-05,0.030967772597985666
MRK,2026-08-04,2026-08-11,0.1,0.018906255948806683,0.017906255948806682,-0.00044609192351074967,0.01835234787231743
CRM,2015-12-24,2016-01-04,0.1,-0.014390170221761034,-0.015390170221761035,-0.022221867000190243,0.006831696778429208
CRM,2016-01-27,2016-02-03,0.1,-0.03099512465780241,-0.03199512465780241,0.015158408706276827,-0.047153533364079236
CRM,2016-02-05,2016-02-12,0.05,0.019996646008524133,0.018996646008524132,0.004471516168553569,0.014525129839970563
CRM,2016-03-21,2016-03-29,0.1,0.0006921670089656828,-0.0003078329910343172,-0.0029048616447887587,0.0025970286537544416
CRM,2016-06-06,2016-06-13,0.1,-0.016177587472974375,-0.017177587472974376,-0.01782129742134686,0.000643709948372484
CRM,2016-06-22,2016-06-29,0.1,-0.02009436133087239,-0.02109436133087239,-0.005126250302150415,-0.015968111028721976
CRM,2016-07-18,2016-07-25,0.1,0.006860381376131874,0.005860381376131874,0.0065853973470841876,-0.0007250159709523132
CRM,2016-08-15,2016-08-22,0.05,-0.021160782579808468,-0.02216078257980847,-0.003448865893482145,-0.018711916686326324
CRM,2016-09-01,2016-09-09,0.05,-0.02252662088498214,-0.02352662088498214,-0.021258306157538653,-0.002268314727443488
CRM,2016-09-23,2016-09-30,0.05,0.013354205216026704,0.012354205216026704,0.009400041252625169,0.002954163963401535
CRM,2016-10-05,2016-10-12,0.05,0.055685644648970856,0.054685644648970855,-0.020345600507938877,0.07503124515690973
CRM,2016-11-14,2016-11-21,0.1,0.046591580600866545,0.045591580600866544,0.012465313149067514,0.03312626745179903
CRM,2016-11-25,2016-12-02,0.1,-0.07215488585461038,-0.07315488585461039,-0.016406298697185906,-0.05674858715742448
CRM,2016-12-12,2016-12-19,0.05,-0.012361409723905425,-0.013361409723905426,-0.0034868500464503294,-0.009874559677455097
CRM,2017-06-02,2017-06-09,0.1,-0.03951151589168411,-0.04051151589168411,-0.00101477323586463,-0.03949674265581948
CRM,2017-06-12,2017-06-19,0.05,0.015780952771899726,0.014780952771899725,-0.0002222599966351657,0.01500321276853489
CRM,2017-07-19,2017-07-26,0.1,0.01686053921083497,0.015860539210834967,-0.004738795474404589,0.020599334685239556
CRM,2017-08-10,2017-08-17,0.1,0.037087827627776404,0.0360878276277764,0.007207199484380755,0.028880628143395648
CRM,2017-09-12,2017-09-19,0.1,-0.015487706242310773,-0.016487706242310773,0.0062842801652136515,-0.022771986407524425
CRM,2017-09-25,2017-10-02,0.05,0.015897001863083515,0.014897001863083514,0.016159555453978403,-0.0012625535908948882
CRM,2017-11-28,2017-12-05,0.1,-0.05419867225423847,-0.05519867225423847,0.0015852212143649957,-0.056783893468603464
CRM,2018-03-22,2018-03-29,0.1,-0.014740830091701906,-0.015740830091701907,-0.004530286385477589,-0.011210543706224319
CRM,2018-05-14,2018-05-21,0.1,-0.010337292136065046,-0.011337292136065047,0.010774809104310057,-0.022112101240375104
CRM,2018-05-22,2018-05-30,0.05,0.0307715984875363,0.0297715984875363,0.003711786621718227,0.026059811865818072
CRM,2018-07-27,2018-08-03,0.1,-0.019943243439785152,-0.020943243439785153,-0.002412174350788332,-0.01853106908899682
CRM,2018-09-20,2018-09-27,0.1,0.03170396803103048,0.030703968031030482,-0.003665277183899307,0.03436924521492979
CRM,2018-10-04,2018-10-11,0.1,-0.1010973299732838,-0.1020973299732838,-0.06245745991604024,-0.039639870057243565
CRM,2018-11-01,2018-11-08,0.05,0.01633343548553645,0.01533343548553645,0.02598302746864789,-0.01064959198311144
CRM,2018-11-14,2018-11-21,0.1,-0.044530398336964705,-0.045530398336964706,-0.020014664176136177,-0.02551573416082853
CRM,2019-03-27,2019-04-03,0.05,0.04834981352831225,0.047349813528312246,0.02770035590872255,0.019649457619589694
CRM,2019-04-08,2019-04-15,0.1,0.010222703608223194,0.009222703608223193,-0.003519745727579071,0.012742449335802264
CRM,2019-05-07,2019-05-14,0.1,0.007457002635981702,0.006457002635981702,-0.013816284300215198,0.0202732869361969
CRM,2019-06-03,2019-06-10,0.05,0.05299769878088867,0.05199769878088867,0.055445527932008076,-0.003447829151119408
CRM,2019-06-11,2019-06-18,0.1,0.0029302297932309873,0.0019302297932309873,0.00855481123217805,-0.006624581438947063
CRM,2019-06-26,2019-07-03,0.05,0.0439480812485642,0.042948081248564196,0.02800553073425127,0.014942550514312924
CRM,2019-07-29,2019-08-05,0.1,-0.08571787505900585,-0.08671787505900586,-0.06527873357411973,-0.021439141484886126
CRM,2019-08-07,2019-08-14,0.05,-0.013555490318306829,-0.01455549031830683,-0.011351608835983296,-0.003203881482323534
CRM,2019-09-03,2019-09-10,0.05,-0.020166439739791375,-0.021166439739791376,0.029194858761683484,-0.05036129850147486
CRM,2019-09-30,2019-10-07,0.1,0.0024250120365407746,0.0014250120365407746,-0.0172805845753089,0.018705596611849673
CRM,2019-10-16,2019-10-23,0.1,-0.012519524891399625,-0.013519524891399626,-0.00040210416887020983,-0.013117420722529416
CRM,2019-11-27,2019-12-05,0.05,-0.020370309750020188,-0.02137030975002019,-0.015423219083410822,-0.005947090666609367
CRM,2019-12-06,2019-12-13,0.05,0.019745681705432894,0.018745681705432893,0.010227112493437218,0.008518569211995675
CRM,2020-02-11,2020-02-19,0.1,0.019882659418349213,0.018882659418349212,0.006292490643729165,0.012590168774620047
CRM,2020-03-03,2020-03-10,0.1,-0.047410906982921164,-0.048410906982921165,-0.022993390384065115,-0.02541751659885605
CRM,2020-03-16,2020-03-23,0.1,0.13049063758146828,0.12949063758146828,-0.04159592294469738,0.17108656052616567
CRM,2020-03-31,2020-04-07,0.1,0.007570810770879399,0.006570810770879399,0.03847414931149595,-0.031903338540616555
CRM,2020-04-24,2020-05-01,0.1,0.01552150184014689,0.014521501840146889,-0.0062192327519901,0.02074073459213699
CRM,2020-05-29,2020-06-05,0.05,-0.005206195408121395,-0.006206195408121395,0.056099971860457565,-0.06230616726857896
CRM,2020-07-13,2020-07-20,0.05,0.035839420150429735,0.034839420150429734,0.027902352599755043,0.0069370675506746915
CRM,2020-08-10,2020-08-17,0.1,-0.0021301312379471415,-0.0031301312379471416,0.005668022195835842,-0.008798153433782985
CRM,2020-09-04,2020-09-14,0.05,-0.03164500044049412,-0.03264500044049412,-0.0007652970833025297,-0.03187970335719159
CRM,2020-09-17,2020-09-24,0.05,-0.02854460376924628,-0.02954460376924628,-0.03531911782156183,0.005774514052315549
CRM,2020-10-16,2020-10-23,0.1,-0.031057826705126357,-0.03205782670512636,-0.009329546333450178,-0.02272828037167618
CRM,2020-10-26,2020-11-02,0.1,-0.03938333034515684,-0.04038333034515684,-0.016714013228901203,-0.02366931711625564
CRM,2020-11-03,2020-11-10,0.05,0.04440597016178183,0.043405970161781826,0.06882068200505964,-0.025414711843277815
CRM,2020-11-12,2020-11-19,0.1,0.06106153023967642,0.06006153023967642,0.026155523161143,0.03390600707853342
CRM,2020-11-25,2020-12-03,0.05,-0.10473221595600213,-0.10573221595600213,0.004992778918762264,-0.11072499487476439
CRM,2020-12-04,2020-12-11,0.05,-0.015230764792700136,-0.016230764792700136,-0.010148201395997702,-0.006082563396702434
CRM,2020-12-30,2021-01-07,0.1,-0.019874041526833586,-0.020874041526833587,0.02867087422677561,-0.0495449157536092
CRM,2021-01-15,2021-01-25,0.1,0.059960467453791244,0.05896046745379124,0.005437650091677515,0.05352281736211373
CRM,2021-02-25,2021-03-04,0.1,-0.11143303372883939,-0.1124330337288394,-0.018657375655563135,-0.09377565807327626
CRM,2021-03-25,2021-04-01,0.1,0.06464176488598383,0.06364176488598383,0.034982007929305725,0.028659756956678106
CRM,2021-05-03,2021-05-10,0.1,-0.04410994441485139,-0.04510994441485139,0.018075835324701917,-0.0631857797395533
CRM,2021-06-25,2021-07-02,0.1,0.026171161620181405,0.025171161620181404,0.014977124721291757,0.010194036898889647
CRM,2021-07-12,2021-07-19,0.1,-0.022065804548567214,-0.023065804548567215,-0.023783663267780253,0.0007178587192130381
CRM,2021-07-30,2021-08-06,0.1,0.03579552948441833,0.03479552948441833,0.0072313463539259715,0.02756418313049236
CRM,2021-09-02,2021-09-10,0.1,-0.026310925087051573,-0.027310925087051574,-0.02042900498535838,-0.006881920101693195
CRM,2021-11-24,2021-12-02,0.05,-0.0967250988140379,-0.0977250988140379,-0.03573048955700542,-0.061994609257032485
CRM,2021-12-03,2021-12-10,0.05,0.029846317748599693,0.028846317748599692,0.038793844072765094,-0.009947526324165401
CRM,2021-12-14,2021-12-21,0.1,-0.011894027275400343,-0.012894027275400344,-0.0034711945621908047,-0.009422832713209539
CRM,2022-01-04,2022-01-11,0.1,-0.05394192664906794,-0.05494192664906794,-0.003811480867857986,-0.051130445781209954
CRM,2022-01-26,2022-02-02,0.1,0.06639819312451944,0.06539819312451944,0.05307056601563209,0.012327627108887351
CRM,2022-02-17,2022-02-25,0.05,0.04029410129905364,0.03929410129905364,0.005674867991709354,0.03361923330734429
CRM,2022-03-25,2022-04-01,0.05,0.0057813034688409815,0.004781303468840981,-0.007637607598000584,0.012418911066841565
CRM,2022-04-08,2022-04-18,0.1,-0.05152908098985187,-0.05252908098985187,-0.014344889227856261,-0.03818419176199561
CRM,2022-04-19,2022-04-26,0.1,-0.11134319192932907,-0.11234319192932907,-0.048987956615557327,-0.06335523531377174
CRM,2022-05-05,2022-05-12,0.1,-0.06894958966463716,-0.06994958966463716,-0.03229392537928244,-0.03765566428535472
CRM,2022-05-17,2022-05-24,0.1,-0.04153191052885763,-0.04253191052885763,-0.04669235467423749,0.00416044414537986
CRM,2022-05-31,2022-06-07,0.1,0.16793556147988964,0.16693556147988964,0.010544236370941817,0.15639132510894782
CRM,2022-06-30,2022-07-08,0.05,0.06337855520656444,0.062378555206564434,0.021588568410149556,0.04078998679641488
CRM,2022-07-12,2022-07-19,0.05,0.0449709037756143,0.0439709037756143,0.034604488377760756,0.009366415397853545
CRM,2022-08-11,2022-08-18,0.1,0.006426307279567389,0.005426307279567389,0.017282447983531846,-0.011856140703964457
CRM,2022-08-25,2022-09-01,0.05,-0.11718687898805624,-0.11818687898805624,-0.052073861207949435,-0.06611301778010681
CRM,2022-09-02,2022-09-12,0.05,0.07768879377235849,0.07668879377235849,0.04439964836518917,0.03228914540716932
CRM,2022-09-21,2022-09-28,0.1,0.01720494008590623,0.016204940085906228,-0.017234734739804414,0.03343967482571064
CRM,2022-10-27,2022-11-03,0.1,-0.08400635085711361,-0.08500635085711361,-0.0001681883371597026,-0.08483816251995391
CRM,2022-11-04,2022-11-11,0.05,0.12849672415832125,0.12749672415832125,0.06488066495882916,0.06261605919949209
CRM,2022-11-21,2022-11-29,0.05,0.047152010979205405,0.046152010979205405,0.00970524264075201,0.036446768338453395
CRM,2022-12-05,2022-12-12,0.05,-0.006122504663109596,-0.007122504663109596,0.005112468863464947,-0.012234973526574544
CRM,2023-02-16,2023-02-24,0.05,-0.035155704759197604,-0.036155704759197604,-0.025824975273991746,-0.010330729485205858
CRM,2023-04-10,2023-04-17,0.05,0.029192155787645113,0.028192155787645112,0.010837046671175576,0.017355109116469536
CRM,2023-06-07,2023-06-14,0.05,0.017839021374959074,0.016839021374959073,0.02196063002345805,-0.0051216086484989765
CRM,2023-06-27,2023-07-05,0.1,0.023943937497640455,0.022943937497640454,0.004217779997401028,0.018726157500239426
CRM,2023-07-24,2023-07-31,0.1,-0.002880410589436777,-0.003880410589436777,0.0014620077111411334,-0.0053424183005779105
CRM,2023-08-09,2023-08-16,0.1,0.005489286788532333,0.004489286788532333,-0.013172084891643454,0.017661371680175786
CRM,2023-09-19,2023-09-26,0.1,-0.06124238608211996,-0.06224238608211996,-0.03801332967852111,-0.024229056403598848
CRM,2023-12-08,2023-12-15,0.05,0.043020801933192576,0.042020801933192575,0.03803795494701023,0.003982846986182342
CRM,2023-12-29,2024-01-08,0.1,-0.008627002558784125,-0.009627002558784126,0.0034631656942956113,-0.013090168253079737
CRM,2024-03-07,2024-03-14,0.1,0.004286067165730989,0.003286067165730989,-0.0018772251132656015,0.0051632922789965905
CRM,2024-04-15,2024-04-22,0.05,0.0033344961238104265,0.0023344961238104265,-0.004516227004920714,0.006850723128731141
CRM,2024-04-30,2024-05-07,0.1,0.030638634117114316,0.029638634117114315,0.012010937538424082,0.017627696578690233
CRM,2024-05-30,2024-06-06,0.05,0.11352701569306656,0.11252701569306656,0.022818454632150598,0.08970856106091596
CRM,2024-06-13,2024-06-21,0.05,0.06999088744018844,0.06899088744018844,0.014737774706681472,0.05425311273350697
CRM,2024-07-10,2024-07-17,0.1,-0.0054238811357517625,-0.0064238811357517625,0.018331747177873225,-0.02475562831362499
CRM,2024-08-30,2024-09-09,0.1,-0.028232504231101907,-0.029232504231101908,-0.0268451788626628,-0.0023873253684391083
CRM,2024-11-20,2024-11-27,0.1,0.013232968657222344,0.012232968657222343,0.022553966561338123,-0.01032099790411578
CRM,2025-01-02,2025-01-10,0.1,-0.03874064991732207,-0.03974064991732207,0.0030364632030861483,-0.04277711312040822
CRM,2025-02-20,2025-02-27,0.1,-0.07389393651404452,-0.07489393651404452,-0.026057786096653324,-0.0488361504173912
CRM,2025-03-03,2025-03-10,0.1,-0.06879140642734449,-0.0697914064273445,-0.029317675074648664,-0.04047373135269583
CRM,2025-04-01,2025-04-08,0.1,-0.09700216892576885,-0.09800216892576885,-0.12454850499343506,0.02654633606766621
CRM,2025-04-21,2025-04-28,0.05,0.1243545602579681,0.1233545602579681,0.060968191302213315,0.06238636895575478
CRM,2025-05-23,2025-06-02,0.1,-0.04214117560072428,-0.04314117560072428,0.017440365195043883,-0.06058154079576816
CRM,2025-06-03,2025-06-10,0.05,0.014179167910135737,0.013179167910135736,0.027499603857238597,-0.01432043594710286
CRM,2025-06-13,2025-06-23,0.05,0.02100512387860065,0.02000512387860065,0.0050050098748724015,0.015000114003728249
CRM,2025-07-11,2025-07-18,0.05,0.016700795473374663,0.015700795473374662,-0.015598176997193125,0.03129897247056779
CRM,2025-08-01,2025-08-08,0.1,-0.040799295854959006,-0.04179929585495901,0.024240624234030284,-0.06603992008898929
CRM,2025-08-11,2025-08-18,0.05,0.04852156574025801,0.04752156574025801,0.017366510912995903,0.030155054827262107
CRM,2025-09-10,2025-09-17,0.1,0.00025463962678107244,-0.0007453603732189276,0.007487676970927115,-0.008233037344146044
CRM,2025-09-30,2025-10-07,0.1,0.011561156777955217,0.010561156777955216,0.011156555237603616,-0.0005953984596483997
CRM,2025-11-06,2025-11-13,0.05,0.004848055002676821,0.003848055002676821,0.011018984992227532,-0.007170929989550711
CRM,2026-01-02,2026-01-09,0.05,0.02491917428653445,0.02391917428653445,0.0369724364776689,-0.013053262191134452
CRM,2026-01-13,2026-01-21,0.1,-0.08080979322296689,-0.08180979322296689,0.004067132087484326,-0.08587692531045121
CRM,2026-01-29,2026-02-05,0.1,-0.1126214018641487,-0.11362140186414871,0.006906847394245963,-0.12052824925839467
CRM,2026-02-06,2026-02-13,0.1,-0.008518404180197114,-0.009518404180197115,0.009411075552985482,-0.018929479733182597
CRM,2026-02-17,2026-02-24,0.1,0.006131693524365822,0.005131693524365822,-0.006290511372837648,0.01142220489720347
CRM,2026-03-13,2026-03-20,0.1,0.013224104345966659,0.012224104345966658,-0.021995241467840043,0.0342193458138067
CRM,2026-03-24,2026-03-31,0.1,0.019943139760380424,0.018943139760380423,0.0012148774295552833,0.01772826233082514
CRM,2026-04-08,2026-04-15,0.1,0.009492529096583935,0.008492529096583934,0.013260743756339233,-0.004768214659755299
CRM,2026-04-23,2026-04-30,0.1,0.018638150866221004,0.017638150866221003,0.01826036927069996,-0.000622218404478958
CRM,2026-05-12,2026-05-19,0.05,0.04734110522396584,0.04634110522396584,0.0018644767230440173,0.04447662850092182
CRM,2026-06-08,2026-06-15,0.1,-0.09627670546027178,-0.09727670546027178,0.01798063222809465,-0.11525733768836643
CRM,2026-06-16,2026-06-24,0.1,-0.05534607246378864,-0.05634607246378864,-0.017744349750281052,-0.03860172271350759
CRM,2026-07-23,2026-07-30,0.05,0.15153262523106692,0.15053262523106692,0.011970262112223073,0.13856236311884385
CRM,2026-08-17,2026-08-24,0.1,0.09472690088095104,0.09372690088095104,0.012243325510060687,0.08148357537089035
CRM,2026-09-09,2026-09-16,0.05,0.026130318911669947,0.025130318911669947,-0.017210665927912094,0.04234098483958204
XOM,2015-07-16,2015-07-23,0.1,-0.021348253036627574,-0.022348253036627574,-0.01716392968889202,-0.005184323347735553
XOM,2015-07-31,2015-08-07,0.1,-0.03004664989050232,-0.03104664989050232,-0.010906388793789024,-0.020140261096713297
XOM,2015-12-02,2015-12-09,0.05,-0.04927723144307583,-0.05027723144307583,-0.022784415271776104,-0.027492816171299728
XOM,2015-12-31,2016-01-08,0.1,-0.04182193044193183,-0.04282193044193183,-0.060478252952190115,0.017656322510258282
XOM,2016-03-01,2016-03-08,0.1,0.016609572448438303,0.015609572448438302,0.006009218141013406,0.009600354307424896
XOM,2016-03-14,2016-03-21,0.1,0.014682906334563928,0.013682906334563927,0.02246795013438807,-0.008785043799824144
XOM,2016-04-01,2016-04-08,0.05,0.003013693439853915,0.002013693439853915,-0.010644462224426166,0.01265815566428008
XOM,2016-05-26,2016-06-03,0.1,-0.015924134949598212,-0.016924134949598213,0.003396242336501265,-0.020320377286099478
XOM,2016-07-08,2016-07-15,0.1,0.01689134269271908,0.01589134269271908,0.018840199778352718,-0.0029488570856336382
XOM,2016-07-20,2016-07-27,0.1,-0.03215173610668609,-0.03315173610668609,0.0005230734567467366,-0.03367480956343283
XOM,2016-07-29,2016-08-05,0.1,-0.015626743617514594,-0.016626743617514594,0.010071613495226783,-0.026698357112741378
XOM,2016-09-15,2016-09-22,0.1,-0.018100717836502578,-0.01910071783650258,0.010000551245980205,-0.029101269082482784
XOM,2016-09-23,2016-09-30,0.1,0.045895886088227034,0.04489588608822703,0.009400041252625169,0.035495844835601864
XOM,2016-10-31,2016-11-07,0.1,0.02556397573645164,0.024563975736451638,0.008989955431555563,0.015574020304896075
XOM,2017-01-05,2017-01-12,0.1,-0.024957785958365286,-0.025957785958365287,0.005818798188251151,-0.03177658414661644
XOM,2017-01-13,2017-01-23,0.1,-0.015981457659055787,-0.016981457659055788,-0.014975981141946537,-0.0020054765171092503
XOM,2017-02-21,2017-02-28,0.1,-0.0069602572664899665,-0.007960257266489967,-0.006557793523998878,-0.001402463742491089
XOM,2017-04-18,2017-04-25,0.1,0.008389649575326397,0.007389649575326397,0.02283347467839647,-0.015443825103070075
XOM,2017-05-30,2017-06-06,0.1,0.0013567753851828623,0.0003567753851828623,0.00920231320262066,-0.008845537817437799
XOM,2017-07-18,2017-07-25,0.1,-0.004094298322307455,-0.005094298322307455,0.001304723034577071,-0.006399021356884526
XOM,2017-08-15,2017-08-22,0.1,-0.0166583015739169,-0.0176583015739169,-0.0003278707445804052,-0.017330430829336496
XOM,2017-08-31,2017-09-08,0.05,0.03262160817377446,0.03162160817377446,0.00792200799356424,0.023699600180210223
XOM,2017-11-17,2017-11-27,0.1,0.010842431450162504,0.009842431450162503,0.007126040205082118,0.002716391245080385
XOM,2018-02-06,2018-02-13,0.1,-0.01620614495378958,-0.01720614495378958,-0.013239999863394969,-0.003966145090394613
XOM,2018-02-16,2018-02-26,0.1,0.03004932017054851,0.02904932017054851,0.019609924792063582,0.009439395378484927
XOM,2018-03-13,2018-03-20,0.1,-0.00724532597595462,-0.00824532597595462,-0.019459540885390147,0.011214214909435527
XOM,2018-05-24,2018-06-01,0.1,0.019434409689258247,0.018434409689258247,0.0015203909542249594,0.016914018735033287
XOM,2018-07-09,2018-07-16,0.05,-0.004945814641417967,-0.005945814641417967,0.008015697930344734,-0.013961512571762702
XOM,2018-08-02,2018-08-09,0.1,0.005131009910287698,0.004131009910287698,0.012839884069011376,-0.008708874158723678
XOM,2018-10-17,2018-10-24,0.1,-0.04760728265355041,-0.04860728265355041,-0.0631566076844311,0.014549325030880689
XOM,2018-12-18,2018-12-26,0.1,-0.046666918082226005,-0.047666918082226006,-0.026377687030596286,-0.02128923105162972
XOM,2019-03-14,2019-03-21,0.1,0.016782888641917904,0.015782888641917903,0.023734927712161236,-0.007952039070243333
XOM,2019-05-02,2019-05-09,0.1,-0.006728064952981949,-0.007728064952981949,-0.02407939638082257,0.01635133142784062
XOM,2019-07-02,2019-07-10,0.05,0.023639764913073735,0.022639764913073734,0.0009663925840459608,0.021673372329027774
XOM,2019-07-18,2019-07-25,0.05,0.0012025313693582174,0.00020253136935821734,0.017819301905766416,-0.0176167705364082
XOM,2019-07-26,2019-08-02,0.1,-0.04090338132478255,-0.04190338132478255,-0.03791523511672468,-0.0039881462080578745
XOM,2019-08-16,2019-08-23,0.1,-0.011859428985772413,-0.012859428985772414,-0.005796478654745529,-0.007062950331026885
XOM,2019-09-23,2019-09-30,0.1,-0.021072948394922908,-0.02207294839492291,-0.009128207780043751,-0.012944740614879158
XOM,2019-10-02,2019-10-09,0.1,0.0043185741305376,0.0033185741305376,0.008987295064557088,-0.005668720934019488
XOM,2019-11-12,2019-11-19,0.05,-0.0223438223646778,-0.023343822364677802,0.002428746648479141,-0.025772569013156943
XOM,2019-11-29,2019-12-06,0.05,0.020255332327522968,0.019255332327522967,0.0006886519314004413,0.018566680396122526
XOM,2019-12-26,2020-01-03,0.1,0.002851690051004052,0.0018516900510040521,-0.007768460239461983,0.009620150290466034
XOM,2020-01-14,2020-01-22,0.05,-0.029046436973171663,-0.030046436973171664,0.007095695740514607,-0.03714213271368627
XOM,2020-01-23,2020-01-30,0.05,-0.029653641987381407,-0.030653641987381408,-0.025696271157956252,-0.004957370829425156
XOM,2020-02-04,2020-02-11,0.1,0.02382835382584103,0.02282835382584103,0.021662725511222947,0.0011656283146180835
XOM,2020-02-12,2020-02-20,0.1,-0.023013033759321067,-0.024013033759321067,-0.0036255499753203857,-0.02038748378400068
XOM,2020-02-24,2020-03-02,0.1,-0.04400281661768457,-0.04500281661768457,-0.037220217563857294,-0.007782599053827277
XOM,2020-03-06,2020-03-13,0.05,-0.2006711342347116,-0.2016711342347116,-0.07860731177665425,-0.12306382245805736
XOM,2020-04-16,2020-04-23,0.1,0.10983391659599606,0.10883391659599606,-0.00447159173289291,0.11330550832888897
XOM,2020-05-29,2020-06-05,0.1,0.16736316070844137,0.16636316070844137,0.056099971860457565,0.1102631888479838
XOM,2020-06-12,2020-06-19,0.05,-0.025228109590421544,-0.026228109590421544,0.024250256376301405,-0.05047836596672295
XOM,2020-06-22,2020-06-29,0.1,-0.04523927294289576,-0.04623927294289576,-0.01518323917337372,-0.03105603376952204
XOM,2020-06-30,2020-07-08,0.1,-0.03533092156918993,-0.03633092156918993,0.010286441813054603,-0.04661736338224454
XOM,2020-07-09,2020-07-16,0.05,0.07059914368888909,0.06959914368888909,0.030045832560077645,0.03955331112881144
XOM,2020-07-20,2020-07-27,0.1,0.03694117903060112,0.03594117903060112,0.005075385883567707,0.030865793147033416
XOM,2020-08-19,2020-08-26,0.1,-0.046472890421735524,-0.047472890421735525,0.026441401098762807,-0.07391429152049833
XOM,2020-08-27,2020-09-03,0.05,-0.015852919302577817,-0.016852919302577818,-0.0033215078807489196,-0.013531411421828898
XOM,2020-09-14,2020-09-21,0.05,-0.0062736686534159425,-0.0072736686534159425,-0.015566233085603565,0.008292564432187621
XOM,2020-09-23,2020-09-30,0.1,-0.0017445547617505053,-0.0027445547617505053,0.02801547671133342,-0.030760031473083926
XOM,2020-10-01,2020-10-08,0.05,0.06429241964312182,0.06329241964312182,0.03297783084382355,0.03031458879929827
XOM,2020-10-15,2020-10-22,0.05,0.011901173826716516,0.010901173826716515,-0.0018509279033859238,0.012752101730102439
XOM,2020-11-05,2020-11-12,0.05,0.08772918699047771,0.08672918699047771,0.02033500545089173,0.06639418153958598
XOM,2020-12-22,2020-12-30,0.05,0.008729598448399711,0.007729598448399711,0.007887786643802075,-0.00015818819540236364
XOM,2021-01-22,2021-01-29,0.05,-0.054606677059315434,-0.055606677059315435,-0.026280734678633566,-0.02932594238068187
XOM,2021-03-16,2021-03-23,0.1,-0.06580960193083107,-0.06680960193083108,-0.007820787747078839,-0.058988814183752236
XOM,2021-03-24,2021-03-31,0.1,-0.009051913892813235,-0.010051913892813236,0.029913980048425604,-0.03996589394123884
XOM,2021-04-05,2021-04-12,0.05,-0.017699251430905227,-0.018699251430905228,0.006552171227157455,-0.025251422658062683
XOM,2021-04-21,2021-04-28,0.05,0.03767845010644999,0.03667845010644999,-0.002808675063936339,0.03948712517038633
XOM,2021-05-19,2021-05-26,0.05,-0.0006782955894826248,-0.0016782955894826248,0.010214592805630973,-0.011892888395113599
XOM,2021-06-29,2021-07-07,0.1,-0.03529222952273359,-0.03629222952273359,0.011928166680699626,-0.04822039620343321
XOM,2021-07-08,2021-07-15,0.1,-0.019786961698726957,-0.020786961698726958,0.010655055968418203,-0.03144201766714516
XOM,2021-07-16,2021-07-23,0.05,-0.0048846890890041905,-0.0058846890890041905,0.01434689200927508,-0.020231581098279272
XOM,2021-08-04,2021-08-11,0.1,0.026565925174016014,0.025565925174016013,0.005207982957954549,0.020357942216061464
XOM,2021-08-19,2021-08-26,0.05,0.037549983789507246,0.036549983789507245,0.01037178526458482,0.026178198524922425
XOM,2021-08-31,2021-09-08,0.1,-0.008620836276394983,-0.009620836276394984,-0.010643359021339394,0.0010225227449444096
XOM,2021-11-19,2021-11-29,0.1,0.015164034744083787,0.014164034744083787,-0.010714167041882328,0.024878201785966114
XOM,2021-12-30,2022-01-06,0.1,0.12386883824932027,0.12286883824932027,0.0031601114861132817,0.11970872676320699
XOM,2022-03-14,2022-03-21,0.1,0.003907912564004912,0.0029079125640049117,0.0602295153297665,-0.05732160276576159
XOM,2022-04-25,2022-05-02,0.05,0.05044975629864279,0.04944975629864279,-0.02065010928800537,0.07009986558664816
XOM,2022-06-17,2022-06-27,0.05,0.03379031846873959,0.03279031846873959,0.05620309505219789,-0.023412776583458306
XOM,2022-07-05,2022-07-12,0.1,-0.0036551216955258425,-0.0046551216955258426,0.0010172174965059622,-0.005672339192031805
XOM,2022-08-04,2022-08-11,0.05,0.07920003142582588,0.07820003142582588,0.011200410742345568,0.06699962068348031
XOM,2022-09-12,2022-09-19,0.1,-0.04517993409213894,-0.04617993409213894,-0.05602007099825668,0.009840136906117736
XOM,2022-09-23,2022-09-30,0.1,0.01819233736830994,0.01719233736830994,-0.025562449493699457,0.0427547868620094
XOM,2022-11-10,2022-11-17,0.05,0.031404003603718866,0.030404003603718865,-0.0029086444274468715,0.03331264803116574
XOM,2022-11-25,2022-12-02,0.1,-0.02959114910138827,-0.03059114910138827,-0.0016089070816363016,-0.02898224201975197
XOM,2023-01-04,2023-01-11,0.05,0.04259484271089686,0.04159484271089686,0.030611749263841137,0.010983093447055725
XOM,2023-02-02,2023-02-09,0.1,0.02878981297155425,0.02778981297155425,-0.021827893791488195,0.049617706763042446
XOM,2023-02-17,2023-02-27,0.05,-0.00655988313226874,-0.00755988313226874,-0.02505482475476728,0.01749494162249854
XOM,2023-03-15,2023-03-22,0.1,0.029226343504009877,0.028226343504009876,0.01157072262978609,0.016655620874223787
XOM,2023-05-02,2023-05-09,0.1,-0.008719269976265154,-0.009719269976265155,-0.01114525822481005,0.001425988248544896
XOM,2023-05-15,2023-05-22,0.1,-0.0009517861077037448,-0.0019517861077037449,0.005326257050392691,-0.007278043158096436
XOM,2023-06-01,2023-06-08,0.1,0.046730078751952675,0.045730078751952674,0.016510311999792693,0.02921976675215998
XOM,2023-06-14,2023-06-22,0.1,-0.017687294807781195,-0.018687294807781196,-0.0030013417227759964,-0.0156859530850052
XOM,2023-07-06,2023-07-13,0.1,0.015740357830779317,0.014740357830779316,0.031114668542701063,-0.016374310711921747
XOM,2023-07-14,2023-07-21,0.05,0.029225107406724682,0.02822510740672468,0.019893402152690864,0.008331705254033817
XOM,2023-10-04,2023-10-11,0.05,-0.044932833665988436,-0.04593283366598844,0.012296197222652294,-0.05822903088864073
XOM,2023-10-12,2023-10-19,0.1,0.06151970269959506,0.06051970269959506,-0.0031459449131057138,0.06366564761270077
XOM,2023-10-27,2023-11-03,0.1,0.02112719423496312,0.02012719423496312,0.05981728611838388,-0.039690091883420764
XOM,2023-11-06,2023-11-13,0.05,-0.009729315412923545,-0.010729315412923546,-0.008908141086344967,-0.0018211743265785785
XOM,2023-11-29,2023-12-06,0.1,-0.03156132677642731,-0.03256132677642731,0.016517383193816793,-0.049078709970244105
XOM,2023-12-07,2023-12-14,0.05,0.03210740508496168,0.03110740508496168,0.03929651690343161,-0.00818911181846993
XOM,2023-12-27,2024-01-04,0.1,0.006492266376771916,0.005492266376771916,-0.009459583857559628,0.014951850234331543
XOM,2024-01-09,2024-01-17,0.1,-0.02698906382691979,-0.02798906382691979,-0.01029073097094324,-0.01769833285597655
XOM,2024-01-22,2024-01-29,0.1,0.0651724988370932,0.0641724988370932,0.0021860462028755467,0.06198645263421765
XOM,2024-05-02,2024-05-09,0.1,0.01892644985180958,0.01792644985180958,0.025470142210832103,-0.007543692359022525
XOM,2024-06-07,2024-06-14,0.1,-0.0322837954415639,-0.0332837954415639,-0.0013126166489995095,-0.03197117879256439
XOM,2024-06-17,2024-06-25,0.1,0.055463134402855996,0.054463134402855995,0.006648402402939624,0.04781473199991637
XOM,2024-07-08,2024-07-15,0.1,0.027010260492735583,0.026010260492735582,0.018596282120697527,0.007413978372038055
XOM,2024-08-19,2024-08-26,0.1,0.002362212613821413,0.0013622126138214128,0.01266176368129468,-0.011299551067473268
XOM,2024-09-10,2024-09-17,0.05,0.030319269853612996,0.029319269853612995,0.03038434327476791,-0.0010650734211549162
XOM,2024-09-26,2024-10-03,0.1,0.08670211269992478,0.08570211269992478,-0.00843383871463299,0.09413595141455777
XOM,2024-10-11,2024-10-18,0.05,-0.029123811966805246,-0.030123811966805247,0.002080755888707042,-0.03220456785551229
XOM,2024-11-01,2024-11-08,0.1,0.05358860789367004,0.052588607893670036,0.05003612431385718,0.0025524835798128587
XOM,2024-11-27,2024-12-05,0.1,-0.024477466283098437,-0.025477466283098438,-0.0013919226291092546,-0.024085543653989183
XOM,2025-01-23,2025-01-30,0.1,-0.0052655245187704924,-0.0062655245187704925,-0.0022207382401191467,-0.004044786278651346
XOM,2025-04-09,2025-04-16,0.1,-0.015217392618812164,-0.016217392618812165,-0.0427689649219376,0.026551572303125437
XOM,2025-04-30,2025-05-07,0.1,-0.0096563408558491,-0.0106563408558491,0.005633904766309428,-0.016290245622158528
XOM,2025-05-20,2025-05-28,0.05,-0.027060472860668927,-0.028060472860668928,-0.016473488040433915,-0.011586984820235013
XOM,2025-06-24,2025-07-01,0.05,0.008307238976284603,0.007307238976284603,0.02236761632418438,-0.015060377347899778
XOM,2025-07-18,2025-07-25,0.1,0.024403732671195666,0.023403732671195665,0.005108423760975311,0.018295308910220354
XOM,2025-09-09,2025-09-16,0.1,0.03642128313392856,0.03542128313392856,0.01767147175023709,0.01774981138369147
XOM,2025-10-02,2025-10-09,0.05,0.014556642358215965,0.013556642358215965,0.0006572123211274761,0.012899430037088488
XOM,2025-11-25,2025-12-03,0.1,0.02873116107676532,0.02773116107676532,0.022537781869531148,0.005193379207234172
XOM,2026-04-02,2026-04-10,0.05,-0.05090549712398784,-0.05190549712398784,0.01851491954067419,-0.07042041666466203
XOM,2026-04-13,2026-04-20,0.05,-0.032494865302573395,-0.033494865302573396,0.021868342559675513,-0.05536320786224891
XOM,2026-05-07,2026-05-14,0.1,0.04229767579921728,0.04129767579921728,0.017964341100601633,0.02333333469861565
XOM,2026-05-26,2026-06-02,0.1,-0.0016687196764172407,-0.0026687196764172407,0.01433158351867303,-0.01700030319509027
XOM,2026-06-18,2026-06-26,0.1,-0.009215669580311281,-0.010215669580311282,-0.005466759563909518,-0.004748910016401764
XOM,2026-08-07,2026-08-14,0.1,0.04613178146459895,0.04513178146459895,0.020523350841305188,0.024608430623293764
XOM,2026-08-26,2026-09-02,0.05,0.03767615755164866,0.03667615755164866,-0.002017300027858715,0.03869345757950737
ORCL,2015-07-17,2015-07-24,0.1,-0.03465335345857168,-0.03565335345857168,-0.02799343397028531,-0.007659919488286371
ORCL,2015-08-27,2015-09-03,0.1,0.002172896708184213,0.0011728967081842132,-0.01551035892274244,0.016683255630926652
ORCL,2015-09-17,2015-09-24,0.1,-0.018508729944529678,-0.01950872994452968,-0.03583152832104708,0.0163227983765174
ORCL,2015-11-13,2015-11-20,0.1,0.054691472161321864,0.05369147216132186,0.02999795699434804,0.023693515166973822
ORCL,2015-12-03,2015-12-10,0.1,0.010050173253720596,0.009050173253720595,-0.008991770290672219,0.018041943544392813
ORCL,2015-12-18,2015-12-28,0.1,0.012104613102372763,0.011104613102372762,0.026027117990242044,-0.014922504887869281
ORCL,2016-02-16,2016-02-23,0.1,0.02380940180479274,0.02280940180479274,0.010763475401458722,0.012045926403334017
ORCL,2016-04-27,2016-05-04,0.1,-0.03818884785225074,-0.03918884785225074,-0.04349548066047659,0.004306632808225852
ORCL,2016-06-02,2016-06-09,0.05,0.010088012403420166,0.009088012403420165,0.005229719612673822,0.0038582927907463427
ORCL,2016-07-11,2016-07-18,0.05,0.021088735554487092,0.02008873555448709,0.016532487467624257,0.0035562480868628343
ORCL,2016-07-22,2016-07-29,0.1,-0.0009736556657197193,-0.0019736556657197193,-0.002984198873659194,0.0010105432079394747
ORCL,2016-09-19,2016-09-26,0.1,-0.005098081939386878,-0.006098081939386878,-0.0014661535154808503,-0.004631928423906028
ORCL,2016-12-16,2016-12-23,0.05,-0.008184039391169073,-0.009184039391169074,0.004151665641527913,-0.013335705032696987
ORCL,2017-03-30,2017-04-06,0.05,-0.011190788805237495,-0.012190788805237496,-0.006698960561962064,-0.005491828243275432
ORCL,2017-06-12,2017-06-19,0.1,0.01962089196782113,0.01862089196782113,-0.0002222599966351657,0.018843151964456295
ORCL,2017-07-03,2017-07-11,0.1,0.010534599474586459,0.009534599474586458,-0.004262738645172459,0.013797338119758917
ORCL,2017-08-02,2017-08-09,0.1,-0.014265569890983154,-0.015265569890983155,-0.0029906867304995144,-0.01227488316048364
ORCL,2017-08-10,2017-08-17,0.05,0.009355547793529206,0.008355547793529206,0.007207199484380755,0.0011483483091484503
ORCL,2017-09-15,2017-09-22,0.05,-0.011899914002710954,-0.012899914002710955,0.0027376352893890843,-0.01563754929210004
ORCL,2017-12-15,2017-12-22,0.05,-0.019461667718358,-0.020461667718358,0.003551896236026586,-0.024013563954384587
ORCL,2018-01-02,2018-01-09,0.05,0.05620958854168845,0.05520958854168845,0.025097090357085072,0.030112498184603376
ORCL,2018-03-20,2018-03-27,0.05,-0.03549424468216056,-0.03649424468216056,-0.04622095871401544,0.009726714031854877
ORCL,2018-06-14,2018-06-21,0.1,-0.06100240968649484,-0.06200240968649484,-0.018404842132389576,-0.043597567554105265
ORCL,2018-06-22,2018-06-29,0.05,-0.0009071223708762011,-0.001907122370876201,-0.01855767675637876,0.01665055438550256
ORCL,2018-08-30,2018-09-07,0.1,-0.01178144384901536,-0.012781443849015361,-0.003931133040880219,-0.008850310808135142
ORCL,2018-10-02,2018-10-09,0.05,-0.027075278468882802,-0.028075278468882803,-0.026155897064266798,-0.0019193814046160051
ORCL,2018-11-27,2018-12-04,0.1,0.027613718010897736,0.026613718010897736,0.01065486089479828,0.015958857116099456
ORCL,2018-12-28,2019-01-07,0.1,0.05867950891151952,0.05767950891151952,0.029727363445320565,0.027952145466198952
ORCL,2019-03-15,2019-03-22,0.05,-0.0032110601467523203,-0.00421106014675232,-0.001863870819678315,-0.0023471893270740054
ORCL,2019-05-31,2019-06-07,0.1,0.052569129079332866,0.051569129079332865,0.056699280049954615,-0.00513015097062175
ORCL,2019-06-18,2019-06-25,0.05,0.05992458388720778,0.05892458388720778,0.003180468834842909,0.05574411505236487
ORCL,2019-07-18,2019-07-25,0.1,0.002924853975156738,0.0019248539751567382,0.017819301905766416,-0.01589444793060968
ORCL,2019-08-29,2019-09-06,0.1,0.019171782926291403,0.018171782926291402,0.021873791056908676,-0.0037020081306172736
ORCL,2019-09-16,2019-09-23,0.1,0.016559958038776745,0.015559958038776744,0.001103707802872833,0.014456250235903911
ORCL,2019-10-17,2019-10-24,0.05,-0.014529637582106125,-0.015529637582106126,-0.0061150229433099,-0.009414614638796226
ORCL,2019-12-06,2019-12-13,0.1,-0.0058363725119797705,-0.0068363725119797705,0.010227112493437218,-0.01706348500541699
ORCL,2019-12-16,2019-12-23,0.05,-0.005186192546445589,-0.006186192546445589,0.01005693802810459,-0.01624313057455018
ORCL,2019-12-26,2020-01-03,0.05,0.0035467429153381858,0.0025467429153381857,-0.007768460239461983,0.010315203154800168
ORCL,2020-03-04,2020-03-11,0.05,-0.11515635647656008,-0.11615635647656009,-0.1061066280123445,-0.01004972846421559
ORCL,2020-06-01,2020-06-08,0.1,0.03844723034636721,0.03744723034636721,0.0778990493256233,-0.04045181897925609
ORCL,2020-07-16,2020-07-23,0.1,-0.0010749530371860772,-0.002074953037186077,0.005640107738489553,-0.00771506077567563
ORCL,2020-11-05,2020-11-12,0.1,-0.003706585845347332,-0.004706585845347332,0.02033500545089173,-0.025041591296239063
ORCL,2020-11-20,2020-11-30,0.1,0.0362657837149285,0.0352657837149285,0.01807781094033012,0.01718797277459838
ORCL,2021-01-14,2021-01-22,0.05,-0.02012983838914817,-0.02112983838914817,-0.0002477354142820243,-0.020882102974866146
ORCL,2021-03-12,2021-03-19,0.05,-0.013401197618727267,-0.014401197618727268,-0.0001178455885388896,-0.014283352030188379
ORCL,2021-04-22,2021-04-29,0.1,0.013356358884817343,0.012356358884817342,0.018170052487627153,-0.005813693602809811
ORCL,2021-06-15,2021-06-22,0.1,-0.03625660828986499,-0.03725660828986499,-0.011260323180519505,-0.025996285109345485
ORCL,2021-07-29,2021-08-05,0.1,0.02054089314248353,0.01954089314248353,0.0019231474865570863,0.017617745655926442
ORCL,2021-09-16,2021-09-23,0.1,0.024870989563923862,0.02387098956392386,-0.000640312114401187,0.024511301678325048
ORCL,2021-10-20,2021-10-27,0.1,-0.006311719745437316,-0.007311719745437316,0.005753010078079823,-0.01306472982351714
ORCL,2021-11-12,2021-11-19,0.1,0.004596831873454388,0.003596831873454388,-0.007574096528828678,0.011170928402283065
ORCL,2021-12-06,2021-12-13,0.1,0.13435980420630167,0.13335980420630167,0.02458522757792636,0.10877457662837531
ORCL,2021-12-17,2021-12-27,0.1,-0.073276900117619,-0.074276900117619,0.022212489888636888,-0.09648939000625589
ORCL,2021-12-28,2022-01-04,0.05,0.0021429481656636273,0.0011429481656636273,0.011955084139309236,-0.010812135973645609
ORCL,2022-01-31,2022-02-07,0.1,-0.005175380575724531,-0.006175380575724531,-0.007694665529766387,0.001519284954041856
ORCL,2022-02-17,2022-02-25,0.1,0.010856678603885062,0.00985667860388506,0.005674867991709354,0.004181810612175707
ORCL,2022-04-22,2022-04-29,0.1,-0.03687151145660372,-0.037871511456603724,-0.02237030280610275,-0.015501208650500975
ORCL,2022-05-16,2022-05-23,0.1,0.004733886347592087,0.0037338863475920867,-0.02294725964939004,0.026681145996982125
ORCL,2022-09-15,2022-09-22,0.1,-0.059937194337194355,-0.060937194337194356,-0.03778218412648815,-0.023155010210706206
ORCL,2022-09-27,2022-10-04,0.1,0.05238698103150652,0.05138698103150652,0.044546671756353406,0.006840309275153111
ORCL,2023-06-23,2023-06-30,0.1,0.0037929000115319855,0.0027929000115319855,0.019904725067301454,-0.01711182505576947
ORCL,2023-07-10,2023-07-17,0.1,0.04307790666067546,0.04207790666067546,0.02264464444125469,0.019433262219420766
ORCL,2023-07-21,2023-07-28,0.1,-0.014109705609627876,-0.015109705609627877,-0.002294030633255617,-0.01281567497637226
ORCL,2023-09-12,2023-09-19,0.05,0.028829473756468493,0.027829473756468492,-0.0030007591220049257,0.030830232878473418
ORCL,2023-09-26,2023-10-03,0.1,-0.003432559807927338,-0.004432559807927338,-0.015824434680737354,0.011391874872810015
ORCL,2023-10-20,2023-10-27,0.1,-0.008443713025557575,-0.009443713025557576,-0.02408264216839251,0.014638929142834933
ORCL,2023-12-06,2023-12-13,0.1,-0.08069274624524869,-0.08169274624524869,0.02956676661326707,-0.11125951285851576
ORCL,2023-12-14,2023-12-21,0.05,0.05532860917105875,0.05432860917105875,0.008014284205986266,0.046314324965072484
ORCL,2024-02-14,2024-02-22,0.1,-0.02844373710044812,-0.02944373710044812,0.02629912203516671,-0.05574285913561483
ORCL,2024-02-23,2024-03-01,0.05,0.016346640428705372,0.015346640428705371,0.014623014153682723,0.0007236262750226485
ORCL,2024-03-28,2024-04-05,0.1,-0.005652409566661465,-0.006652409566661465,-0.012455237858230328,0.005802828291568863
ORCL,2024-04-23,2024-04-30,0.1,-0.011642992613390968,-0.012642992613390969,-0.0021696244019566713,-0.010473368211434297
ORCL,2024-05-13,2024-05-20,0.05,0.07003520580709033,0.06903520580709033,0.022311102597659893,0.046724103209430434
ORCL,2024-05-30,2024-06-06,0.1,0.05474424356619734,0.053744243566197336,0.022818454632150598,0.03092578893404674
ORCL,2024-07-09,2024-07-16,0.1,0.016581313063380954,0.015581313063380953,0.032375514856197274,-0.01679420179281632
ORCL,2024-09-23,2024-09-30,0.05,0.026815233193447696,0.025815233193447695,0.020993656783587333,0.004821576409860362
ORCL,2024-10-31,2024-11-07,0.1,0.11040255443796432,0.10940255443796432,0.05144227429419357,0.05796028014377075
ORCL,2024-11-27,2024-12-05,0.05,0.01937610242944965,0.018376102429449648,-0.0013919226291092546,0.019768025058558902
ORCL,2024-12-11,2024-12-18,0.1,-0.07374842430183981,-0.07474842430183981,-0.037399479917528344,-0.03734894438431147
ORCL,2025-01-10,2025-01-17,0.05,0.04226548292774668,0.04126548292774668,0.03734305523207593,0.003922427695670749
ORCL,2025-01-29,2025-02-05,0.1,0.05949873006545725,0.05849873006545725,-0.0013427995523482839,0.05984152961780553
ORCL,2025-03-04,2025-03-11,0.1,-0.08439717961799309,-0.08539717961799309,-0.02648019409374014,-0.05891698552425295
ORCL,2025-03-28,2025-04-04,0.05,-0.08944409798965636,-0.09044409798965636,-0.10053351110333297,0.010089413113676615
ORCL,2025-04-17,2025-04-25,0.1,0.07673775660721005,0.07573775660721005,0.038914702138077795,0.036823054469132255
ORCL,2025-06-23,2025-06-30,0.05,0.05597958351323129,0.05497958351323129,0.025433289112491986,0.029546294400739304
ORCL,2025-08-13,2025-08-20,0.1,-0.0373494453346469,-0.0383494453346469,-0.0015495638826170666,-0.03679988145202984
ORCL,2025-08-22,2025-08-29,0.05,-0.04332191011646769,-0.04432191011646769,-0.006035571357689062,-0.038286338758778626
ORCL,2025-09-02,2025-09-09,0.1,0.07194859710688517,0.07094859710688517,0.0014346425279412323,0.06951395457894394
ORCL,2025-09-17,2025-09-24,0.05,0.023389957627526492,0.02238995762752649,0.0022359671954810256,0.020153990432045465
ORCL,2025-09-26,2025-10-03,0.05,0.009454640721692664,0.008454640721692663,0.022227729997750245,-0.013773089276057582
ORCL,2025-10-20,2025-10-27,0.05,0.015224887262067055,0.014224887262067054,0.02314948421809704,-0.008924596956029984
ORCL,2025-10-30,2025-11-06,0.05,-0.05095567796183764,-0.05195567796183764,-0.0032091893895064283,-0.048746488572331215
ORCL,2025-11-07,2025-11-14,0.05,-0.06858643955343169,-0.06958643955343169,0.008376488193733156,-0.07796292774716485
ORCL,2025-11-17,2025-11-24,0.05,-0.0890566748501096,-0.0900566748501096,-0.006145668974671947,-0.08391100587543765
ORCL,2025-11-25,2025-12-03,0.05,0.0543064503101407,0.053306450310140696,0.022537781869531148,0.030768668440609548
ORCL,2025-12-11,2025-12-18,0.05,-0.09464416938120845,-0.09564416938120845,-0.017496291802838515,-0.07814787757836994
ORCL,2026-01-07,2026-01-14,0.1,0.0066469200124692485,0.0056469200124692484,0.014118395476519163,-0.008471475464049916
ORCL,2026-01-20,2026-01-27,0.1,-0.02790136728741255,-0.02890136728741255,0.01009284315771608,-0.03899421044512863
ORCL,2026-01-30,2026-02-06,0.1,-0.13221522958729492,-0.13321522958729493,0.025300965586120272,-0.1585161951734152
ORCL,2026-02-20,2026-02-27,0.05,-0.01809838826713006,-0.019098388267130062,-0.002640257120876899,-0.016458131146253163
ORCL,2026-03-26,2026-04-02,0.1,0.02499814940100853,0.02399814940100853,0.012991400079316984,0.011006749321691545
ORCL,2026-04-09,2026-04-16,0.1,0.29363123329116436,0.29263123329116436,0.012503508166397337,0.280127725124767
ORCL,2026-04-28,2026-05-05,0.05,0.11683532853913148,0.11583532853913148,0.0332621755984317,0.08257315294069978
ORCL,2026-06-08,2026-06-15,0.05,-0.09054860124641917,-0.09154860124641917,0.01798063222809465,-0.10952923347451382
ORCL,2026-06-16,2026-06-24,0.05,-0.16354273165682964,-0.16454273165682964,-0.017744349750281052,-0.1467983819065486
ORCL,2026-06-25,2026-07-02,0.05,-0.07995537602318936,-0.08095537602318936,-0.011707915712033001,-0.06924746031115636
ORCL,2026-07-13,2026-07-20,0.05,-0.07723883648537433,-0.07823883648537433,-0.0012049029758286478,-0.07703393350954568
ORCL,2026-07-22,2026-07-29,0.05,-0.06436744047871668,-0.06536744047871668,-0.0034463349054032477,-0.06192110557331343
ORCL,2026-08-19,2026-08-26,0.05,0.03518529757663136,0.03418529757663136,0.003778438705043019,0.030406858871588338
ORCL,2026-09-14,2026-09-21,0.1,0.02603774050193297,0.02503774050193297,0.0006247254278299863,0.024413015074102984
TXN,2015-07-10,2015-07-17,0.1,0.007141612333519509,0.006141612333519509,0.021559467217146633,-0.015417854883627125
TXN,2015-08-17,2015-08-24,0.1,-0.11807451584349571,-0.11907451584349571,-0.09806380040350371,-0.021010715439992
TXN,2015-11-02,2015-11-09,0.1,0.0038604356464768674,0.0028604356464768674,-0.020591383131857932,0.0234518187783348
TXN,2015-11-25,2015-12-03,0.1,0.0073337368314994045,0.0063337368314994045,-0.01328978416943305,0.019623521000932453
TXN,2015-12-22,2015-12-30,0.1,0.009889849318278854,0.008889849318278853,0.011026346533402176,-0.002136497215123323
TXN,2015-12-31,2016-01-08,0.05,-0.0811896955442366,-0.08218969554423661,-0.060478252952190115,-0.021711442592046493
TXN,2016-02-05,2016-02-12,0.1,0.025260928062872834,0.024260928062872833,0.004471516168553569,0.019789411894319264
TXN,2016-04-19,2016-04-26,0.1,0.01677526968410703,0.01577526968410703,0.0031106273610648216,0.012664642323042208
TXN,2016-08-16,2016-08-23,0.1,0.0022918719007543054,0.0012918719007543053,0.0028800777711168735,-0.0015882058703625681
TXN,2016-09-09,2016-09-16,0.1,0.04034770652557351,0.03934770652557351,0.002814343972182387,0.036533362553391124
TXN,2016-11-04,2016-11-11,0.1,0.0332843764453854,0.0322843764453854,0.042389777776994375,-0.010105401331608976
TXN,2016-12-05,2016-12-12,0.1,0.017302343087243877,0.016302343087243876,0.028739378788720238,-0.012437035701476362
TXN,2017-04-28,2017-05-05,0.1,0.005682741934312396,0.004682741934312396,0.009191038063641077,-0.004508296129328681
TXN,2017-05-23,2017-05-31,0.05,0.035136213868840915,0.034136213868840914,0.016651769527872284,0.01748444434096863
TXN,2017-06-13,2017-06-20,0.1,-0.017533633922630854,-0.018533633922630854,-0.008652457190064577,-0.009881176732566277
TXN,2017-06-26,2017-07-03,0.1,-0.024262450332489194,-0.025262450332489195,-0.009704593725099797,-0.015557856607389398
TXN,2017-09-13,2017-09-20,0.1,0.037847453968474554,0.03684745396847455,0.003802214015626193,0.03304523995284836
TXN,2018-01-24,2018-01-31,0.05,0.005259164042232589,0.004259164042232589,-0.005145222849078812,0.0094043868913114
TXN,2018-02-13,2018-02-21,0.1,0.026539732770644475,0.025539732770644474,0.011094984636294436,0.014444748134350038
TXN,2018-04-03,2018-04-10,0.1,0.0017616588830065005,0.0007616588830065005,0.013293011643697783,-0.012531352760691283
TXN,2018-04-19,2018-04-26,0.1,0.014117870679301703,0.013117870679301702,-0.009894963479133989,0.02301283415843569
TXN,2018-06-08,2018-06-15,0.1,0.0012961062001060064,0.0002961062001060064,-0.008112985207051171,0.008409091407157177
TXN,2018-07-25,2018-08-01,0.1,-0.01417972279211177,-0.015179722792111772,-0.010280291502875682,-0.004899431289236089
TXN,2018-08-13,2018-08-20,0.1,-0.008277344925777697,-0.009277344925777697,0.015124901441137206,-0.024402246366914904
TXN,2018-09-04,2018-09-11,0.05,-0.05766862216100643,-0.058668622161006434,-0.0017677039162792285,-0.056900918244727205
TXN,2018-09-12,2018-09-19,0.1,0.027071498952938144,0.026071498952938144,0.011242474112844292,0.014829024840093852
TXN,2018-10-01,2018-10-08,0.05,-0.0539262865376261,-0.0549262865376261,-0.01796766399153693,-0.03695862254608917
TXN,2018-10-25,2018-11-01,0.1,0.07268738663787455,0.07168738663787455,0.029489411117160858,0.04219797552071369
TXN,2019-01-03,2019-01-10,0.1,0.0994598205463677,0.0984598205463677,0.0530382677594452,0.0454215527869225
TXN,2019-01-23,2019-01-30,0.1,0.07782963707040014,0.07682963707040014,0.021451914028558505,0.05537772304184163
TXN,2019-01-31,2019-02-07,0.1,0.03158510187180852,0.030585101871808518,0.00998589823917162,0.020599203632636898
TXN,2019-03-29,2019-04-05,0.1,0.0712736079051115,0.0702736079051115,0.01858129189725788,0.05169231600785362
TXN,2019-05-17,2019-05-24,0.1,-0.01619998355766228,-0.01719998355766228,-0.012676330262202495,-0.004523653295459784
TXN,2019-06-17,2019-06-24,0.1,0.05631538792335844,0.05531538792335844,0.026555150470588318,0.02876023745277012
TXN,2019-07-05,2019-07-12,0.1,0.02220309950790811,0.021203099507908107,0.009331165169190081,0.011871934338718027
TXN,2019-10-23,2019-10-30,0.05,-0.002287181910257674,-0.003287181910257674,0.01605230077681563,-0.019339482687073306
TXN,2019-11-01,2019-11-08,0.05,0.017536477204544765,0.016536477204544764,0.027739149007984576,-0.011202671803439812
TXN,2020-02-24,2020-03-02,0.05,-0.020339303465438996,-0.021339303465438997,-0.037220217563857294,0.015880914098418297
TXN,2020-04-14,2020-04-21,0.1,-0.037043797634641384,-0.038043797634641385,-0.03608567850981503,-0.001958119124826352
TXN,2020-05-28,2020-06-04,0.1,0.10969204336911154,0.10869204336911154,0.03408800830448455,0.07460403506462698
TXN,2020-07-23,2020-07-30,0.05,0.0057136464116973595,0.0047136464116973595,0.007403001568820011,-0.0026893551571226517
TXN,2020-10-21,2020-10-28,0.1,-0.021419131149929438,-0.02241913114992944,-0.05176817413156454,0.0293490429816351
TXN,2021-04-13,2021-04-20,0.1,-0.031217411277107532,-0.03221741127710753,0.00021232885258992695,-0.03242974012969746
TXN,2021-04-28,2021-05-05,0.1,0.004579490530700836,0.003579490530700836,0.01778105332335933,-0.014201562792658495
TXN,2021-05-18,2021-05-25,0.1,0.0549559138393807,0.0539559138393807,0.013116565345653086,0.04083934849372761
TXN,2021-06-03,2021-06-10,0.1,0.010752764822868466,0.009752764822868465,0.0025725670182701332,0.007180197804598332
TXN,2021-07-22,2021-07-29,0.1,0.03794629317803788,0.03694629317803788,0.0066608751731558336,0.030285418004882048
TXN,2021-10-26,2021-11-02,0.1,-0.0328654072611545,-0.0338654072611545,0.0075582487451031355,-0.041423656006257636
TXN,2021-11-12,2021-11-19,0.05,0.026725779265571736,0.025725779265571735,-0.007574096528828678,0.03329987579440041
TXN,2021-12-14,2021-12-21,0.05,-0.020497143899317116,-0.021497143899317117,-0.0034711945621908047,-0.018025949337126312
TXN,2022-02-15,2022-02-23,0.1,-0.0031895840765232553,-0.004189584076523255,-0.048053611067504276,0.04386402699098102
TXN,2022-06-06,2022-06-13,0.05,-0.08482367026879811,-0.08582367026879811,-0.07659803543783306,-0.009225634830965057
TXN,2022-08-17,2022-08-24,0.05,-0.025578721047469943,-0.026578721047469944,-0.028342602490616264,0.0017638814431463201
TXN,2022-10-14,2022-10-21,0.1,0.07671581707834974,0.07571581707834973,0.051709169778137776,0.02400664730021196
TXN,2023-02-13,2023-02-21,0.1,-0.033670917427399694,-0.034670917427399695,-0.036573478985910124,0.0019025615585104294
TXN,2023-04-10,2023-04-17,0.1,0.003511486834110844,0.002511486834110844,0.010837046671175576,-0.008325559837064733
TXN,2023-04-26,2023-05-03,0.1,-0.006749456747163762,-0.007749456747163762,-0.0014372261004074183,-0.006312230646756344
TXN,2023-06-06,2023-06-13,0.1,0.04138294070679449,0.04038294070679449,0.0211084273384341,0.01927451336836039
TXN,2023-07-20,2023-07-27,0.1,-0.012227507028399254,-0.013227507028399255,-0.00015638347999935576,-0.013071123548399899
TXN,2023-08-01,2023-08-08,0.1,-0.06525754639507753,-0.06625754639507753,-0.024432076670811487,-0.04182546972426604
TXN,2023-10-16,2023-10-23,0.1,-0.05171733820444446,-0.052717338204444464,-0.02906327986222168,-0.023654058342222783
TXN,2023-10-25,2023-11-01,0.05,0.018988647243718626,0.017988647243718625,0.014428995475827877,0.003559651767890748
TXN,2023-11-27,2023-12-04,0.1,0.03158587537402102,0.03058587537402102,0.023612785131618352,0.006973090242402669
TXN,2024-01-17,2024-01-24,0.1,0.04710022944325298,0.04610022944325298,0.0062569461449777375,0.039843283298275245
TXN,2024-01-29,2024-02-05,0.1,-0.03545013356412141,-0.03645013356412141,-0.022059947327312868,-0.014390186236808544
TXN,2024-06-20,2024-06-27,0.1,0.0034757830152236657,0.0024757830152236657,-0.008477960522555672,0.010953743537779337
TXN,2024-09-06,2024-09-13,0.1,0.012560171462893788,0.011560171462893787,0.03415022429273851,-0.02259005282984472
TXN,2024-09-16,2024-09-23,0.1,0.027107424292192928,0.026107424292192927,0.011369504530399643,0.014737919761793283
TXN,2024-10-16,2024-10-23,0.1,0.005232059713244697,0.004232059713244697,-0.02576847787270997,0.030000537585954667
TXN,2024-11-05,2024-11-12,0.1,0.050973032186751865,0.049973032186751865,0.03059456389956372,0.019378468287188144
TXN,2024-11-15,2024-11-22,0.1,-0.01551302336491589,-0.01651302336491589,0.01769522097482401,-0.0342082443397399
TXN,2025-01-16,2025-01-24,0.1,-0.009873390449695152,-0.010873390449695153,0.03339042494326283,-0.044263815392957984
TXN,2025-01-27,2025-02-03,0.1,-0.025407514026328126,-0.026407514026328127,-0.01072222155092517,-0.015685292475402957
TXN,2025-03-12,2025-03-19,0.1,0.034376890409039795,0.033376890409039794,0.014026563832161942,0.019350326576877852
TXN,2025-04-02,2025-04-09,0.1,-0.04876829244894487,-0.04976829244894487,-0.05396270941497028,0.004194416966025405
TXN,2025-04-14,2025-04-22,0.1,-0.02795072923280051,-0.02895072923280051,-0.008824782163637912,-0.020125947069162597
TXN,2025-05-23,2025-06-02,0.05,0.04486681412431026,0.04386681412431026,0.017440365195043883,0.026426448929266377
TXN,2025-07-23,2025-07-30,0.05,0.017557218886276926,0.016557218886276925,-0.013020505086827061,0.029577723973103986
TXN,2025-09-03,2025-09-10,0.05,-0.05992652386446917,-0.06092652386446917,0.025427669189982627,-0.0863541930544518
TXN,2025-09-11,2025-09-18,0.05,-0.014808794707259265,-0.015808794707259266,-0.0014556861537721177,-0.014353108553487148
TXN,2025-10-06,2025-10-13,0.1,-0.036851483883432845,-0.037851483883432846,-0.010564210822626263,-0.027287273060806583
TXN,2025-10-24,2025-10-31,0.05,-0.03682874557872995,-0.03782874557872995,-0.005196703543525194,-0.032632042035204756
TXN,2025-12-30,2026-01-07,0.1,0.05865926160672119,0.05765926160672119,0.025596346542794413,0.03206291506392678
TXN,2026-02-24,2026-03-03,0.1,-0.050058538110752226,-0.05105853811075223,-0.009172164312257203,-0.041886373798495025
TXN,2026-03-04,2026-03-11,0.1,-0.018380366795427094,-0.019380366795427095,-0.01798746816673502,-0.0013928986286920741
TXN,2026-06-02,2026-06-09,0.1,-0.06325456979037924,-0.06425456979037925,-0.021108786045021866,-0.04314578374535738
TXN,2026-07-21,2026-07-28,0.05,-0.048849947150029216,-0.04984994715002922,0.009737576793579006,-0.05958752394360822
TXN,2026-08-13,2026-08-20,0.1,-0.028636165680441694,-0.029636165680441695,-0.005680990198460356,-0.02395517548198134
TXN,2026-08-21,2026-08-28,0.1,-0.021637051823551245,-0.022637051823551246,0.004467478244114309,-0.027104530067665555
COST,2015-10-05,2015-10-12,0.1,0.03754965182061598,0.03654965182061598,0.018195931761124884,0.018353720059491097
COST,2015-12-01,2015-12-08,0.1,0.04699674655542552,0.045996746555425516,-0.0208156350901747,0.06681238164560022
COST,2016-02-04,2016-02-11,0.05,0.026295317760381742,0.02529531776038174,-0.032506709406644574,0.057802027167026315
COST,2016-02-18,2016-02-25,0.05,0.040834231137542476,0.039834231137542475,0.018574375322686576,0.0212598558148559
COST,2016-03-02,2016-03-09,0.05,0.0017015195620655454,0.0007015195620655454,0.002715766053536406,-0.0020142464914708605
COST,2016-03-22,2016-03-30,0.05,0.03527603921304712,0.034276039213047116,0.0028265015629551637,0.03144953765009195
COST,2016-04-08,2016-04-15,0.05,0.01002282193536197,0.009022821935361969,0.019732260002500057,-0.010709438067138088
COST,2016-04-22,2016-04-29,0.1,-0.009017353464977118,-0.010017353464977119,-0.023995933622592447,0.013978580157615328
COST,2016-05-11,2016-05-18,0.1,-0.03962733519489281,-0.04062733519489281,-0.011654960601907738,-0.028972374592985073
COST,2016-07-01,2016-07-11,0.1,0.06796525827740196,0.06696525827740196,0.023306611868723737,0.043658646408678226
COST,2016-08-31,2016-09-08,0.1,-0.05318001022763219,-0.05418001022763219,-0.003273307590376251,-0.05090670263725594
COST,2016-09-12,2016-09-19,0.1,0.0006589694023382275,-0.0003410305976617725,-0.010757673019824332,0.010416642422162559
COST,2016-11-04,2016-11-11,0.05,0.05005647537453384,0.04905647537453384,0.042389777776994375,0.0066666975975394616
COST,2016-11-30,2016-12-07,0.1,0.024915118803684688,0.023915118803684687,0.015055701265047627,0.00885941753863706
COST,2017-03-03,2017-03-10,0.1,-0.028720986308351737,-0.029720986308351738,-0.0036377267516169987,-0.02608325955673474
COST,2017-05-10,2017-05-17,0.1,-0.012838934253949108,-0.013838934253949109,-0.01993826070938831,0.006099326455439202
COST,2017-06-16,2017-06-23,0.1,-0.059720733959618966,-0.06072073395961897,0.012087104721330233,-0.0728078386809492
COST,2017-06-28,2017-07-06,0.1,-0.01922935576339091,-0.02022935576339091,-0.01857985616085145,-0.0016494996025394615
COST,2017-07-07,2017-07-14,0.1,-0.007202819211181044,-0.008202819211181045,0.01705946537978309,-0.025262284590964135
COST,2017-08-09,2017-08-16,0.05,0.021744132422052864,0.020744132422052863,0.008392709191574088,0.012351423230478775
COST,2017-08-24,2017-08-31,0.05,0.03575025678583499,0.03475025678583499,0.022139967851048103,0.012610288934786884
COST,2017-09-11,2017-09-18,0.1,0.022559948696316612,0.02155994869631661,0.012776180822067218,0.008783767874249393
COST,2017-10-06,2017-10-13,0.1,0.017569068967562274,0.016569068967562273,0.006933948214846941,0.009635120752715332
COST,2017-12-22,2018-01-02,0.1,0.009055676632759635,0.008055676632759634,0.009959568421650244,-0.0019038917888906104
COST,2018-01-05,2018-01-12,0.05,0.021784421482358818,0.020784421482358817,0.0223412374594254,-0.0015568159770665835
COST,2018-03-14,2018-03-21,0.1,0.007799502455888341,0.006799502455888341,-0.016354211559483356,0.023153714015371696
COST,2018-07-09,2018-07-16,0.1,0.018535857864445893,0.017535857864445892,0.008015697930344734,0.009520159934101158
COST,2018-08-09,2018-08-16,0.1,0.02268140989097378,0.02168140989097378,-0.0031707443221326015,0.02485215421310638
COST,2018-09-14,2018-09-21,0.1,-0.0026343509618989014,-0.0036343509618989014,0.013705529979564535,-0.017339880941463437
COST,2018-10-05,2018-10-12,0.05,0.03715383370494041,0.03615383370494041,-0.04032970488904719,0.0764835385939876
COST,2018-11-21,2018-11-29,0.1,0.05686953421074081,0.05586953421074081,0.0362978780665677,0.01957165614417311
COST,2018-12-14,2018-12-21,0.05,-0.06056203455616571,-0.06156203455616571,-0.06502642331180675,0.0034643887556410347
COST,2019-02-07,2019-02-14,0.1,0.02291286043467422,0.02191286043467422,0.019428792844598863,0.002484067590075356
COST,2019-07-01,2019-07-09,0.1,0.02435998555165697,0.02335998555165697,-0.001671559749881757,0.025031545301538727
COST,2019-09-12,2019-09-19,0.1,-0.0071060233425837005,-0.008106023342583701,-0.005891119327369965,-0.0022149040152137367
COST,2020-03-27,2020-04-03,0.1,0.015193673922935247,0.014193673922935246,-0.013640523916393477,0.027834197839328723
COST,2020-04-09,2020-04-17,0.1,0.05969818030316687,0.05869818030316687,0.027922682237347285,0.030775498065819584
COST,2020-04-23,2020-04-30,0.05,-0.005591831570229577,-0.006591831570229577,0.04305682055648896,-0.04964865212671854
COST,2020-06-08,2020-06-15,0.1,-0.03258596626503507,-0.03358596626503507,-0.0611508052041817,0.02756483893914663
COST,2020-09-16,2020-09-23,0.1,0.0026183162559745288,0.0016183162559745288,-0.0379108603150341,0.03952917657100863
COST,2020-11-09,2020-11-16,0.05,0.04052073166422021,0.03952073166422021,0.02739782579281491,0.012122905871405298
COST,2020-12-09,2020-12-16,0.05,-0.01295769956950188,-0.01395769956950188,-0.005409532590882948,-0.008548166978618932
COST,2020-12-21,2020-12-29,0.05,0.021234601214904725,0.020234601214904724,-0.0003646004570521111,0.020599201671956835
COST,2021-01-11,2021-01-19,0.1,-0.026208065057865215,-0.027208065057865216,0.006636457496805193,-0.03384452255467041
COST,2021-02-24,2021-03-03,0.05,-0.04925170135166734,-0.050251701351667344,-0.024494760894486878,-0.025756940457180466
COST,2021-08-27,2021-09-03,0.1,0.027113048549693097,0.026113048549693096,0.002950594626607961,0.023162453923085136
COST,2022-01-07,2022-01-14,0.1,-0.061900878053600894,-0.0629008780536009,-0.0029333924409560286,-0.059967485612644866
COST,2022-01-18,2022-01-25,0.1,-0.022025501950796667,-0.023025501950796667,-0.03220084847356797,0.0091753465227713
COST,2022-04-27,2022-05-04,0.1,-0.015817739850108814,-0.016817739850108815,0.03457070842559906,-0.051388448275707876
COST,2022-05-05,2022-05-12,0.05,-0.060195000244097296,-0.0611950002440973,-0.03229392537928244,-0.028901074864814857
COST,2022-05-17,2022-05-24,0.05,-0.1075703685794287,-0.1085703685794287,-0.04669235467423749,-0.06187801390519121
COST,2022-08-12,2022-08-19,0.1,0.03224058933800955,0.03124058933800955,-0.012784639531799202,0.04402522886980875
COST,2022-10-04,2022-10-11,0.1,-0.029025181259299204,-0.030025181259299205,-0.04149184593456057,0.011466664675261362
COST,2022-12-01,2022-12-08,0.1,-0.04453599577452805,-0.04553599577452805,-0.02278809560820727,-0.022747900166320778
COST,2023-01-03,2023-01-10,0.1,0.06203661872833255,0.06103661872833255,0.03908302811626929,0.021953590612063256
COST,2023-03-30,2023-04-06,0.1,-0.011190753517872354,-0.012190753517872355,0.0056437332459515765,-0.01783448676382393
COST,2023-08-24,2023-08-31,0.1,0.03304446103538572,0.03204446103538572,0.029511634745134963,0.002532826290250756
COST,2023-11-17,2023-11-27,0.1,0.03075440412504471,0.02975440412504471,0.006764347340406207,0.022990056784638502
COST,2023-12-26,2024-01-03,0.1,-0.0226343067409579,-0.0236343067409579,-0.00895442445630723,-0.01467988228465067
COST,2024-03-08,2024-03-15,0.1,9.639378893022688e-05,-0.0009036062110697731,0.002198564691699323,-0.003102170902769096
COST,2024-04-01,2024-04-08,0.1,-0.013074800801513797,-0.014074800801513798,-0.016126291249226488,0.0020514904477126894
COST,2024-07-12,2024-07-19,0.05,-0.005659124978886321,-0.006659124978886321,-0.01092583704710226,0.00426671206821594
COST,2024-09-17,2024-09-24,0.05,0.004758828070332344,0.0037588280703323438,0.01105073769957654,-0.007291909629244197
COST,2024-09-27,2024-10-04,0.1,-0.0028341346984596116,-0.0038341346984596117,-0.0011063105115000083,-0.0027278241869596034
COST,2024-10-16,2024-10-23,0.05,0.013286279527422229,0.012286279527422228,-0.02576847787270997,0.0380547574001322
COST,2024-12-26,2025-01-03,0.1,-0.041374748084169966,-0.042374748084169966,-0.01420141884610604,-0.028173329238063927
COST,2025-02-20,2025-02-27,0.05,-0.012678303514312761,-0.013678303514312762,-0.026057786096653324,0.012379482582340562
COST,2025-03-07,2025-03-14,0.1,-0.06262507607497925,-0.06362507607497925,-0.02818559442584101,-0.03543948164913824
COST,2025-03-19,2025-03-26,0.1,0.028427689434519676,0.027427689434519675,-0.004241290455519353,0.03166897989003903
COST,2025-04-25,2025-05-02,0.1,0.03321215571059932,0.03221215571059932,0.020620637248518037,0.011591518462081285
COST,2025-06-06,2025-06-13,0.05,-0.02436598875783058,-0.025365988757830582,0.01683026406454724,-0.04219625282237782
COST,2025-06-30,2025-07-08,0.1,-0.0041416438212396045,-0.0051416438212396045,0.017739006368930665,-0.02288065019017027
COST,2025-08-27,2025-09-04,0.05,0.006719147173976037,0.005719147173976037,-0.011283726190257082,0.017002873364233118
COST,2025-09-24,2025-10-01,0.1,-0.0295470696282103,-0.0305470696282103,0.0008188744178065921,-0.03136594404601689
COST,2025-12-10,2025-12-17,0.1,-0.013449055311640312,-0.014449055311640313,-0.019662757426687993,0.00521370211504768
COST,2025-12-19,2025-12-29,0.1,0.014282062220505098,0.013282062220505098,0.01529252969730277,-0.0020104674767976727
COST,2026-05-26,2026-06-02,0.05,-0.04851778818147423,-0.04951778818147423,0.01433158351867303,-0.06384937170014726
COST,2026-08-05,2026-08-12,0.1,0.008057438968730679,0.007057438968730679,0.013726047164881017,-0.006668608196150338
QCOM,2015-08-14,2015-08-21,0.1,-0.06945539040459814,-0.07045539040459814,-0.05898196461119898,-0.011473425793399161
QCOM,2015-09-08,2015-09-15,0.1,-0.005978220278355373,-0.006978220278355373,0.0019423794419450857,-0.00892059972030046
QCOM,2015-11-05,2015-11-12,0.05,0.02956728889683191,0.02856728889683191,-0.025792223390600832,0.05435951228743274
QCOM,2015-11-18,2015-11-25,0.05,0.022916363032131182,0.02191636303213118,0.005205666844567469,0.01671069618756371
QCOM,2015-12-09,2015-12-16,0.1,-0.010701434942802401,-0.011701434942802402,0.006943040549585167,-0.01864447549238757
QCOM,2016-01-11,2016-01-19,0.1,0.00043393160087656923,-0.0005660683991234308,-0.023052408873248442,0.02248634047412501
QCOM,2016-01-29,2016-02-05,0.1,-0.029113289942204967,-0.030113289942204968,-0.012640748051458539,-0.01747254189074643
QCOM,2016-03-09,2016-03-16,0.1,-0.012511832301256964,-0.013511832301256965,0.014269567909594327,-0.027781400210851293
QCOM,2016-03-17,2016-03-24,0.1,-0.01012038916317326,-0.011120389163173261,0.00022514414319441123,-0.011345533306367672
QCOM,2016-03-28,2016-04-04,0.1,0.00916547100224463,0.008165471002244629,0.015013059245363669,-0.0068475882431190405
QCOM,2016-04-18,2016-04-25,0.1,0.017070647179386667,0.016070647179386666,-0.00013731528712979113,0.016207962466516457
QCOM,2016-06-01,2016-06-08,0.1,0.0027377707144617958,0.0017377707144617957,0.006996602520455308,-0.005258831805993513
QCOM,2016-06-30,2016-07-08,0.1,0.011573823016952423,0.010573823016952422,0.014503363374733569,-0.003929540357781147
QCOM,2016-09-09,2016-09-16,0.05,0.04081283029342364,0.03981283029342364,0.002814343972182387,0.03699848632124125
QCOM,2016-12-20,2016-12-28,0.1,-0.01733650381457319,-0.01833650381457319,-0.009636168202058037,-0.008700335612515153
QCOM,2016-12-30,2017-01-09,0.1,0.00690206966278506,0.00590206966278506,0.01762900875200124,-0.011726939089216182
QCOM,2017-01-20,2017-01-27,0.1,-0.1374044657953407,-0.13840446579534071,-0.0007554595542552667,-0.13764900624108545
QCOM,2017-03-22,2017-03-29,0.1,0.005610234050673624,0.004610234050673624,0.006843731651639207,-0.002233497600965583
QCOM,2017-04-04,2017-04-11,0.05,-0.023464985030204777,-0.024464985030204778,-0.004198809654581859,-0.02026617537562292
QCOM,2017-04-12,2017-04-20,0.1,-0.013673289516295206,-0.014673289516295207,0.010373483698208119,-0.025046773214503326
QCOM,2017-05-30,2017-06-06,0.05,0.01499851890357462,0.01399851890357462,0.00920231320262066,0.004796205700953959
QCOM,2017-06-09,2017-06-16,0.1,-0.0040314800745472334,-0.0050314800745472335,-0.006225758254160385,0.0011942781796131516
QCOM,2017-07-20,2017-07-27,0.05,-0.027422190281984338,-0.02842219028198434,-0.006661869807406684,-0.021760320474577655
QCOM,2017-08-21,2017-08-28,0.1,0.0077700117689454284,0.006770011768945428,0.004618257458258279,0.0021517543106871493
QCOM,2017-09-05,2017-09-12,0.05,0.01738966047631707,0.01638966047631707,0.027283644459434653,-0.010893983983117583
QCOM,2017-10-18,2017-10-25,0.05,0.031219924183488068,0.030219924183488067,0.01350530643706449,0.016714617746423577
QCOM,2017-12-01,2017-12-08,0.1,-0.01908690794160095,-0.02008690794160095,0.0004570310188720672,-0.020543938960473018
QCOM,2018-01-11,2018-01-19,0.1,0.03988989996519998,0.03888989996519998,0.021486225010309612,0.01740367495489037
QCOM,2018-02-20,2018-02-27,0.05,0.045622708354782215,0.044622708354782215,0.01723088656988314,0.027391821784899073
QCOM,2018-03-06,2018-03-13,0.05,-0.039266162280032435,-0.040266162280032436,0.013720364759214787,-0.05398652703924722
QCOM,2018-03-14,2018-03-21,0.05,-0.05505647962228699,-0.05605647962228699,-0.016354211559483356,-0.039702268062803636
QCOM,2018-03-23,2018-04-02,0.1,0.0027951949196929338,0.0017951949196929337,-0.002852493849253679,0.004647688768946613
QCOM,2018-04-04,2018-04-11,0.1,0.00036366714100521946,-0.0006363328589947806,-0.006487198799461913,0.005850865940467132
QCOM,2018-04-19,2018-04-26,0.05,-0.03994680405503459,-0.04094680405503459,-0.009894963479133989,-0.031051840575900602
QCOM,2018-06-27,2018-07-05,0.1,0.0400584153760184,0.039058415376018396,0.013123498239378195,0.0259349171366402
QCOM,2018-09-21,2018-09-28,0.05,-0.022659500860436776,-0.023659500860436777,-0.004338037156025321,-0.019321463704411457
QCOM,2018-10-11,2018-10-18,0.1,0.013377083501842302,0.012377083501842301,0.01129451702585782,0.001082566475984481
QCOM,2018-11-07,2018-11-14,0.05,-0.1466544962482249,-0.1476544962482249,-0.03540420760205887,-0.11225028864616604
QCOM,2019-01-07,2019-01-14,0.1,0.015237505494292813,0.014237505494292813,0.0024043134297755397,0.011833192064517273
QCOM,2019-01-17,2019-01-25,0.1,-0.06335574545495981,-0.06435574545495981,0.017334538893075457,-0.08169028434803527
QCOM,2019-01-28,2019-02-04,0.05,-0.018760024720848367,-0.019760024720848368,0.035320404324046484,-0.05508042904489485
QCOM,2019-04-11,2019-04-18,0.05,0.42915901268017076,0.42815901268017076,0.023574006340554288,0.40458500633961647
QCOM,2019-05-20,2019-05-28,0.05,-0.14682827337959126,-0.14782827337959126,-0.018196654048728056,-0.1296316193308632
QCOM,2019-05-29,2019-06-05,0.05,0.02847615778571755,0.027476157785717548,0.030989556161201692,-0.0035133983754841447
QCOM,2019-06-07,2019-06-14,0.1,0.00043688097349336985,-0.0005631190265066302,-0.0016941034449804437,0.0011309844184738136
QCOM,2019-07-23,2019-07-30,0.05,0.009309098230763091,0.00830909823076309,0.012210846845329693,-0.0039017486145666025
QCOM,2019-07-31,2019-08-07,0.1,-0.05139409816049534,-0.05239409816049534,-0.035863867365176216,-0.016530230795319123
QCOM,2019-08-28,2019-09-05,0.1,0.06240772479358769,0.06140772479358769,0.03434994299881877,0.02705778179476892
QCOM,2019-09-24,2019-10-01,0.1,0.003190379799723031,0.002190379799723031,-0.015122883531392017,0.017313263331115047
QCOM,2019-11-15,2019-11-22,0.05,-0.06519092300964957,-0.06619092300964957,-0.005421958062841625,-0.060768964946807946
QCOM,2019-11-25,2019-12-03,0.05,-0.05522352831185717,-0.056223528311857174,-0.018050528352556605,-0.03817299995930057
QCOM,2020-01-27,2020-02-03,0.05,-0.006547846302525695,-0.007547846302525695,-0.017240434938164295,0.0096925886356386
QCOM,2020-02-21,2020-02-28,0.1,-0.10030991445571846,-0.10130991445571846,-0.11001621480850665,0.008706300352788188
QCOM,2020-05-28,2020-06-04,0.05,0.1100494782875272,0.1090494782875272,0.03408800830448455,0.07496146998304265
QCOM,2020-07-15,2020-07-22,0.1,0.0005402264394238632,-0.00045977356057613685,0.008722235713118476,-0.009182009273694614
QCOM,2020-07-24,2020-07-31,0.1,0.18809782666765074,0.18709782666765074,0.012666663976851344,0.1744311626907994
QCOM,2020-09-08,2020-09-15,0.1,0.06203885910603324,0.06103885910603324,0.027727093022726024,0.033311766083307215
QCOM,2020-09-18,2020-09-25,0.05,0.03442026957075228,0.03342026957075228,-0.020216774943707994,0.053637044514460275
QCOM,2020-11-24,2020-12-02,0.1,0.03218863728097143,0.031188637280971432,-0.004143741668303669,0.0353323789492751
QCOM,2020-12-11,2020-12-18,0.05,0.021763076435739048,0.020763076435739047,0.00244487720215969,0.018318199233579358
QCOM,2021-02-04,2021-02-11,0.1,-0.016287301494357642,-0.017287301494357643,0.014483323571624629,-0.03177062506598227
QCOM,2021-02-22,2021-03-01,0.05,0.00021491002831575123,-0.0007850899716842488,-7.579650852740372e-05,-0.0007092934631568451
QCOM,2021-03-05,2021-03-12,0.1,0.0017726534104132163,0.0007726534104132163,0.014875549846796954,-0.014102896436383738
QCOM,2021-03-29,2021-04-06,0.1,0.05172527842885244,0.05072527842885244,0.016048882900208117,0.03467639552864432
QCOM,2021-04-14,2021-04-21,0.1,0.010686484862337586,0.009686484862337585,0.010537017306619267,-0.000850532444281682
QCOM,2021-05-06,2021-05-13,0.1,-0.06536761444185879,-0.06636761444185879,-0.013079612704459342,-0.05328800173739945
QCOM,2021-05-14,2021-05-21,0.1,0.010065131670294436,0.009065131670294435,0.004276822996190699,0.004788308674103736
QCOM,2021-08-06,2021-08-13,0.05,0.016133569962297534,0.015133569962297533,0.0004450469582450989,0.014688523004052434
QCOM,2021-08-20,2021-08-27,0.1,0.019423864570718985,0.018423864570718984,0.011363871771816081,0.007059992798902903
QCOM,2021-09-15,2021-09-22,0.1,-0.03783245195086815,-0.03883245195086815,-0.01785833540950954,-0.02097411654135861
QCOM,2021-09-23,2021-09-30,0.05,-0.036815988087112395,-0.037815988087112395,-0.024192444631039978,-0.013623543456072418
QCOM,2021-10-07,2021-10-14,0.1,0.006414181045374834,0.005414181045374834,0.013292743914391059,-0.007878562869016226
QCOM,2022-01-20,2022-01-27,0.05,-0.031831856223647814,-0.032831856223647815,-0.01799358122004857,-0.014838275003599244
QCOM,2022-02-11,2022-02-18,0.05,0.018221818852956595,0.017221818852956594,-0.017310289058740436,0.03453210791169703
QCOM,2022-03-09,2022-03-16,0.1,-0.042390682241810085,-0.043390682241810086,0.013247328790243929,-0.056638011032054014
QCOM,2022-03-17,2022-03-24,0.1,0.036838129818156595,0.035838129818156594,0.010373042654002296,0.0254650871641543
QCOM,2022-03-30,2022-04-06,0.1,-0.08806397805885635,-0.08906397805885635,-0.025422645072509686,-0.06364133298634667
QCOM,2022-04-07,2022-04-14,0.1,-0.016592295457961814,-0.017592295457961815,-0.014301614276406305,-0.0032906811815555104
QCOM,2022-05-09,2022-05-16,0.1,-0.00748582597138614,-0.00848582597138614,0.007448666747489785,-0.015934492718875926
QCOM,2022-07-06,2022-07-13,0.1,0.06752702049996429,0.06652702049996428,-0.005121932111155969,0.07164895261112025
QCOM,2022-07-28,2022-08-04,0.05,0.031137061719512804,0.030137061719512803,0.024608632885769754,0.005528428833743049
QCOM,2022-09-02,2022-09-12,0.1,0.035180657827176054,0.03418065782717605,0.04439964836518917,-0.010218990538013117
QCOM,2022-09-29,2022-10-06,0.05,0.09090932218678804,0.08990932218678804,0.038943450593485585,0.05096587159330246
QCOM,2022-10-12,2022-10-19,0.05,0.038751967660259456,0.037751967660259456,0.03531614874915001,0.002435818911109444
QCOM,2022-11-02,2022-11-09,0.1,-0.018400128275493755,-0.019400128275493755,0.021561826495394287,-0.04096195477088804
QCOM,2022-11-28,2022-12-05,0.1,0.038030481645415115,0.037030481645415114,-0.006833668741608512,0.043864150387023626
QCOM,2022-12-12,2022-12-19,0.1,-0.07095123108370804,-0.07195123108370804,-0.034604163819103695,-0.03734706726460435
QCOM,2022-12-20,2022-12-28,0.05,-0.04576280680008482,-0.04676280680008482,-0.005104614762353021,-0.0416581920377318
QCOM,2022-12-29,2023-01-06,0.05,0.050072799813388524,0.049072799813388523,0.03377749563265953,0.015295304180728997
QCOM,2023-02-10,2023-02-17,0.1,-0.009845715117619003,-0.010845715117619004,-0.006140029209518727,-0.004705685908100277
QCOM,2023-02-22,2023-03-01,0.1,0.0039169273858423725,0.0029169273858423725,-0.0038933626995323323,0.006810290085374705
QCOM,2023-03-09,2023-03-16,0.1,0.028066928629637333,0.027066928629637332,-0.0017018880118730983,0.02876881664151043
QCOM,2023-04-06,2023-04-14,0.1,-0.023089412541257626,-0.024089412541257627,0.013503505986234732,-0.03759291852749236
QCOM,2023-04-17,2023-04-24,0.05,-0.01700453131897184,-0.01800453131897184,0.0004999756049368642,-0.018504506923908703
QCOM,2023-05-04,2023-05-11,0.1,-0.0236442173806668,-0.0246442173806668,0.003355635905794241,-0.02799985328646104
QCOM,2023-05-12,2023-05-19,0.1,0.021617410024125316,0.020617410024125316,0.016527202436209754,0.004090207587915562
QCOM,2023-06-21,2023-06-28,0.05,0.015376654841662285,0.014376654841662284,0.003421181505756321,0.010955473335905963
QCOM,2023-07-05,2023-07-12,0.1,0.013233264571067105,0.012233264571067104,0.01152107380833356,0.0007121907627335444
QCOM,2023-07-20,2023-07-27,0.05,0.042494968219602525,0.041494968219602524,-0.00015638347999935576,0.04165135169960188
QCOM,2023-08-03,2023-08-10,0.1,-0.026031834888760264,-0.027031834888760264,-0.008788827201707594,-0.01824300768705267
QCOM,2023-08-11,2023-08-18,0.1,-0.03935071333709228,-0.04035071333709228,-0.019487698419351385,-0.020863014917740896
QCOM,2023-09-07,2023-09-14,0.05,0.07180446816263553,0.07080446816263553,0.01694328746534235,0.053861180697293176
QCOM,2023-09-20,2023-09-27,0.05,-0.0002745889409508928,-0.0012745889409508928,-0.0323164562960323,0.03104186735508141
QCOM,2023-11-22,2023-11-30,0.1,0.018594081984232513,0.017594081984232512,0.01464669539050445,0.002947386593728063
QCOM,2024-01-03,2024-01-10,0.05,0.012427407765488896,0.011427407765488895,0.010421143295113566,0.0010062644703753287
QCOM,2024-02-01,2024-02-08,0.1,0.05010267551731351,0.04910267551731351,0.002610804831514102,0.04649187068579941
QCOM,2024-02-23,2024-03-01,0.1,0.05815252234599666,0.05715252234599666,0.014623014153682723,0.042529508192313936
QCOM,2024-03-19,2024-03-26,0.1,0.018098706216496785,0.017098706216496784,0.013306330094262186,0.0037923761222345975
QCOM,2024-04-22,2024-04-29,0.1,0.056311522799394664,0.05531152279939466,0.013946284853422641,0.04136523794597202
QCOM,2024-06-24,2024-07-01,0.05,-0.004032975477238909,-0.005032975477238909,-0.015396566305275416,0.010363590828036506
QCOM,2024-07-17,2024-07-24,0.1,-0.05495840381339323,-0.05595840381339323,-0.02799244624878816,-0.02796595756460507
QCOM,2024-07-29,2024-08-05,0.1,-0.11581947232578149,-0.11681947232578149,-0.05033208115953214,-0.06648739116624935
QCOM,2024-08-26,2024-09-03,0.1,-0.03687532020813722,-0.03787532020813722,-0.015440429524536614,-0.022434890683600606
QCOM,2024-09-09,2024-09-16,0.1,0.03632504669567771,0.03532504669567771,0.0326981641472297,0.0026268825484480063
QCOM,2024-11-05,2024-11-12,0.05,-0.015068444230772582,-0.016068444230772583,0.03059456389956372,-0.0466630081303363
QCOM,2024-11-21,2024-11-29,0.1,0.019747786247466648,0.018747786247466647,0.01611456433708658,0.002633221910380068
QCOM,2025-02-24,2025-03-03,0.05,-0.046430987338943686,-0.047430987338943686,-0.0020292330757971655,-0.04540175426314652
QCOM,2025-04-03,2025-04-10,0.1,-0.03600641178020492,-0.03700641178020492,-0.04043260161091433,0.003426189830709414
QCOM,2025-05-01,2025-05-08,0.05,0.0731453399472406,0.0721453399472406,0.018758083186369623,0.05338725676087097
QCOM,2025-05-27,2025-06-03,0.1,0.002085723876920742,0.001085723876920742,0.009222405494413,-0.008136681617492258
QCOM,2025-06-18,2025-06-26,0.05,0.029681581451463934,0.028681581451463933,0.022207291272771323,0.00647429017869261
QCOM,2025-07-10,2025-07-17,0.1,-0.040731676624029545,-0.041731676624029546,-0.01811483449632645,-0.023616842127703097
QCOM,2025-07-31,2025-08-07,0.1,-0.00586003795682144,-0.00686003795682144,0.0010092201570390813,-0.007869258113860522
QCOM,2025-10-10,2025-10-17,0.05,0.06419691259951232,0.06319691259951232,0.029858853109609784,0.03333805948990254
QCOM,2025-11-20,2025-11-28,0.1,0.05326137349653948,0.052261373496539476,0.04947521657621401,0.0027861569203254666
QCOM,2025-12-22,2025-12-30,0.1,-0.0032717747009383125,-0.0042717747009383125,0.006050980539269668,-0.010322755240207981
QCOM,2025-12-31,2026-01-08,0.1,0.06325634028427096,0.06225634028427096,0.042390479813939175,0.019865860470331786
QCOM,2026-01-12,2026-01-20,0.1,-0.08979745759740232,-0.09079745759740232,-0.014598915425533487,-0.07619854217186883
QCOM,2026-02-09,2026-02-17,0.1,0.02663220130312638,0.02563220130312638,0.001035722138311268,0.02459647916481511
QCOM,2026-03-16,2026-03-23,0.05,-0.008037709483078581,-0.009037709483078582,-0.02268945615133744,0.013651746668258857
QCOM,2026-04-02,2026-04-10,0.1,0.009936829112539458,0.008936829112539457,0.01851491954067419,-0.009578090428134733
QCOM,2026-05-15,2026-05-22,0.05,0.18199415653340334,0.18099415653340334,0.028601104873012373,0.15239305166039097
QCOM,2026-06-05,2026-06-12,0.05,-0.01954247455407332,-0.02054247455407332,0.01119078965064313,-0.03173326420471645
QCOM,2026-06-23,2026-06-30,0.1,-0.09474358963759888,-0.09574358963759888,-0.0042253126618212455,-0.09151827697577763
QCOM,2026-07-01,2026-07-09,0.1,0.05051673699606152,0.04951673699606152,0.007633927622388459,0.04188280937367306
QCOM,2026-07-21,2026-07-28,0.1,-0.06121038501639453,-0.06221038501639453,0.009737576793579006,-0.07194796180997354
QCOM,2026-07-29,2026-08-05,0.1,0.011883319666472714,0.010883319666472713,0.030336618781802827,-0.019453299115330114
MU,2015-07-10,2015-07-17,0.05,0.14513356322678495,0.14413356322678494,0.021559467217146633,0.12257409600963831
MU,2015-07-21,2015-07-28,0.1,0.04608073120495515,0.04508073120495515,-0.008262063845950518,0.05334279505090567
MU,2015-08-05,2015-08-12,0.1,-0.038074889718838545,-0.039074889718838546,-0.007234459951042882,-0.031840429767795664
MU,2015-08-13,2015-08-20,0.05,-0.16723176422160035,-0.16823176422160036,-0.03152806567559374,-0.1367036985460066
MU,2015-08-21,2015-08-28,0.05,0.09841723114797984,0.09741723114797984,0.013207052233018768,0.08421017891496108
MU,2015-09-14,2015-09-21,0.05,-0.05688638955549019,-0.05788638955549019,0.0011586518900208453,-0.05904504144551104
MU,2015-09-22,2015-09-29,0.05,-0.06683979815711427,-0.06783979815711427,-0.02630457914880291,-0.041535219008311364
MU,2015-10-01,2015-10-08,0.1,0.26743407639815797,0.26643407639815797,0.06271581026981132,0.20371826612834665
MU,2015-10-13,2015-10-20,0.1,-0.05995594204145971,-0.06095594204145971,0.004980954984588948,-0.06593689702604866
MU,2015-10-21,2015-10-28,0.05,0.029823871335335372,0.02882387133533537,0.038031301892273994,-0.009207430556938623
MU,2015-10-29,2015-11-05,0.05,0.018507420687934317,0.017507420687934316,-0.0003113789704235481,0.017818799658357865
MU,2015-11-09,2015-11-16,0.1,-0.05997479947193485,-0.06097479947193485,-0.011899344666805756,-0.04907545480512909
MU,2015-11-27,2015-12-04,0.05,-0.003855895309312296,-0.004855895309312296,0.003565630621650717,-0.008421525930963014
MU,2015-12-07,2015-12-14,0.05,-0.08013484010063876,-0.08113484010063876,-0.03993718400642787,-0.04119765609421089
MU,2015-12-28,2016-01-05,0.05,0.04439743415143549,0.04339743415143549,-0.016346208316466493,0.05974364246790198
MU,2016-01-11,2016-01-19,0.05,-0.13806860493913786,-0.13906860493913786,-0.023052408873248442,-0.11601619606588942
MU,2016-01-20,2016-01-27,0.05,0.033830664702253266,0.032830664702253265,0.009733512865563565,0.0230971518366897
MU,2016-01-28,2016-02-04,0.1,0.13549026415516763,0.13449026415516763,0.03334589837972879,0.10114436577543884
MU,2016-02-09,2016-02-17,0.1,0.1452906942787784,0.1442906942787784,0.046032086366903924,0.09825860791187446
MU,2016-02-23,2016-03-01,0.1,0.055290645736252975,0.054290645736252974,0.03255067464442796,0.021739971091825017
MU,2016-03-08,2016-03-15,0.05,0.0178236366765665,0.0168236366765665,0.013457478400033418,0.003366158276533082
MU,2016-03-16,2016-03-23,0.1,-0.0065300892899256,-0.0075300892899256,0.01273968194461994,-0.02026977123454554
MU,2016-03-24,2016-04-01,0.05,0.05047591779222427,0.04947591779222427,0.020422059696659334,0.029053858095564933
MU,2016-04-12,2016-04-19,0.1,0.05408062655972312,0.05308062655972312,0.026456679259387883,0.026623947300335238
MU,2016-04-20,2016-04-27,0.1,0.07534880352709572,0.07434880352709572,0.008044922840215074,0.06630388068688065
MU,2016-05-04,2016-05-11,0.1,0.010000044987537482,0.009000044987537481,0.002806956186292453,0.006193088801245028
MU,2016-05-12,2016-05-19,0.05,0.045690609103856694,0.04469060910385669,-0.012488217825490366,0.05717882692934706
MU,2016-06-08,2016-06-15,0.05,-0.04451494921487542,-0.04551494921487542,-0.02430779904762559,-0.021207150167249833
MU,2016-07-01,2016-07-11,0.05,0.011199939536756798,0.010199939536756797,0.023306611868723737,-0.01310667233196694
MU,2016-08-02,2016-08-09,0.05,0.08059702930437473,0.07959702930437473,0.015337831413300362,0.06425919789107437
MU,2016-10-11,2016-10-18,0.1,0.032622068682765404,0.0316220686827654,0.002465595964148415,0.029156472718616988
MU,2016-11-02,2016-11-09,0.05,0.03117513362932578,0.03017513362932578,0.03270416950009403,-0.002529035870768248
MU,2016-12-01,2016-12-08,0.1,0.1179655095476817,0.1169655095476817,0.028994122016551938,0.08797138753112976
MU,2016-12-14,2016-12-21,0.1,0.02797187766236009,0.02697187766236009,-0.000956498825300911,0.027928376487661
MU,2016-12-30,2017-01-09,0.05,0.019160390414236783,0.018160390414236782,0.01762900875200124,0.0005313816622355416
MU,2017-01-17,2017-01-24,0.1,0.05105810070904737,0.05005810070904737,-0.003356793679747616,0.05341489438879499
MU,2017-02-08,2017-02-15,0.1,-0.049153188299959294,-0.050153188299959295,0.02291455982738233,-0.07306774812734163
MU,2017-02-16,2017-02-24,0.05,0.011314381891201153,0.010314381891201152,0.007590515796992214,0.0027238660942089377
MU,2017-04-10,2017-04-18,0.05,-0.01808984132432012,-0.019089841324320123,-0.009411260078495798,-0.009678581245824325
MU,2017-04-24,2017-05-01,0.05,0.06473476888185159,0.06373476888185159,0.010304762335797246,0.05343000654605434
MU,2017-05-17,2017-05-24,0.05,0.07370379549256678,0.07270379549256678,0.019503579787645053,0.05320021570492173
MU,2017-06-14,2017-06-21,0.1,0.030586023194169476,0.029586023194169475,-0.007279567774582496,0.03686559096875197
MU,2017-06-30,2017-07-10,0.05,0.02143324053238027,0.02043324053238027,-0.0033241622391865233,0.023757402771566793
MU,2017-07-25,2017-08-01,0.05,-0.052173898253460416,-0.05317389825346042,0.0032602731646187433,-0.05643417141807916
MU,2017-08-02,2017-08-09,0.05,-0.0017464445134772744,-0.0027464445134772744,-0.0029906867304995144,0.00024424221702224
MU,2017-09-26,2017-10-03,0.05,0.18109956039101283,0.18009956039101283,0.01986636113826501,0.16023319925274782
MU,2017-10-17,2017-10-24,0.05,0.029958116169033877,0.028958116169033876,0.02024576675541656,0.008712349413617315
MU,2017-11-29,2017-12-06,0.05,-0.04938280217356095,-0.05038280217356095,-0.00159958119704251,-0.04878322097651844
MU,2017-12-14,2017-12-21,0.1,0.051610280195097946,0.050610280195097945,0.012868697681879926,0.03774158251321802
MU,2017-12-26,2018-01-03,0.05,0.06461549088110496,0.06361549088110496,0.020379695884757965,0.043235794996347
MU,2018-01-09,2018-01-17,0.05,0.03002085255590603,0.02902085255590603,0.03466106528599555,-0.005640212730089522
MU,2018-01-24,2018-01-31,0.1,0.014856277234116977,0.013856277234116976,-0.005145222849078812,0.019001500083195788
MU,2018-03-26,2018-04-03,0.1,-0.07217431511312611,-0.07317431511312611,-0.015202326809682143,-0.057971988303443966
MU,2018-04-05,2018-04-12,0.05,0.05517636429382744,0.05417636429382744,0.0051354856213639,0.04904087867246354
MU,2018-04-20,2018-04-27,0.1,-0.061240494832842884,-0.062240494832842885,-0.0043377524283939595,-0.057902742404448926
MU,2018-04-30,2018-05-07,0.1,0.05437129972933641,0.05337129972933641,-0.0034082851555827798,0.05677958488491919
MU,2018-05-31,2018-06-07,0.05,0.03542289988766112,0.03442289988766112,0.033705030294988614,0.0007178695926725043
MU,2018-06-15,2018-06-22,0.05,-0.019406083630061355,-0.020406083630061356,-0.016310403789791983,-0.004095679840269373
MU,2018-06-25,2018-07-02,0.05,0.024830638146061013,0.02383063814606101,-0.0033071007229458216,0.027137738869006833
MU,2018-07-03,2018-07-11,0.1,0.052447699379079005,0.051447699379079004,0.026935362554067144,0.02451233682501186
MU,2018-07-20,2018-07-27,0.1,-0.01926565642539424,-0.02026565642539424,0.01901292365590357,-0.03927858008129781
MU,2018-08-09,2018-08-16,0.05,-0.09873722166309173,-0.09973722166309174,-0.0031707443221326015,-0.09656647734095913
MU,2018-08-17,2018-08-24,0.05,0.07620457381230805,0.07520457381230805,0.01893948957639524,0.05626508423591281
MU,2018-09-05,2018-09-12,0.05,-0.15744833137222058,-0.15844833137222059,-0.001101541369672221,-0.15734679000254836
MU,2018-10-09,2018-10-16,0.05,0.02223791818258558,0.02123791818258558,-0.022876147071906328,0.04411406525449191
MU,2018-10-18,2018-10-25,0.1,-0.10944310262208368,-0.11044310262208368,-0.03556025821594555,-0.07488284440613813
MU,2018-10-26,2018-11-02,0.05,0.13898283545185053,0.13798283545185053,0.04047997847418627,0.09750285697766425
MU,2018-11-09,2018-11-16,0.1,0.008437267130446902,0.0074372671304469016,-0.0031661242143625756,0.010603391344809476
MU,2018-11-23,2018-11-30,0.1,0.059340877826498106,0.058340877826498105,0.0564343658063553,0.0019065120201428032
MU,2018-12-10,2018-12-17,0.05,-0.026437088611949155,-0.027437088611949156,-0.035326373845539716,0.00788928523359056
MU,2018-12-19,2018-12-27,0.05,0.016555337919995416,0.015555337919995416,0.005320536328309977,0.010234801591685438
MU,2019-01-16,2019-01-24,0.05,0.08963663979709069,0.08863663979709069,0.012207910970032376,0.07642872882705831
MU,2019-02-08,2019-02-15,0.1,0.0883874636409856,0.0873874636409856,0.03025374505677325,0.057133718584212345
MU,2019-02-27,2019-03-06,0.1,-0.08204238019858967,-0.08304238019858967,-0.010318367745562274,-0.0727240124530274
MU,2019-03-07,2019-03-14,0.1,0.015331612746844803,0.014331612746844802,0.02811224901520415,-0.013780636268359348
MU,2019-03-28,2019-04-04,0.05,0.09023899351056142,0.08923899351056142,0.02480613739403581,0.0644328561165256
MU,2019-04-10,2019-04-17,0.05,0.023239191507346435,0.022239191507346434,0.016581364633243334,0.0056578268741031
MU,2019-05-08,2019-05-15,0.1,-0.03371066278245949,-0.03471066278245949,-0.00983966638882261,-0.02487099639363688
MU,2019-05-16,2019-05-23,0.1,-0.09354050608450781,-0.09454050608450781,-0.02165936753483999,-0.07288113854966782
MU,2019-05-24,2019-06-03,0.1,-0.03852952868358517,-0.03952952868358517,-0.019168562413091506,-0.020360966270493663
MU,2019-06-05,2019-06-12,0.05,-0.011397602275930008,-0.012397602275930009,0.018202696034067323,-0.03060029830999733
MU,2019-06-14,2019-06-21,0.1,0.01806478389149513,0.017064783891495128,0.028542227617861515,-0.011477443726366388
MU,2019-06-25,2019-07-02,0.1,0.21175009764934116,0.21075009764934116,0.029704526551949773,0.1810455710973914
MU,2019-07-31,2019-08-07,0.05,-0.06994853014353031,-0.07094853014353031,-0.035863867365176216,-0.03508466277835409
MU,2019-08-09,2019-08-16,0.05,0.04889214383008533,0.04789214383008533,0.000538977536250318,0.047353166293835014
MU,2019-08-27,2019-09-04,0.05,0.10296878460929682,0.10196878460929681,0.02616488469926459,0.07580389991003222
MU,2019-09-20,2019-09-27,0.1,-0.12103336202580928,-0.12203336202580928,-0.014028122060297576,-0.1080052399655117
MU,2019-09-30,2019-10-07,0.05,0.030571626393105067,0.029571626393105066,-0.0172805845753089,0.046852210968413965
MU,2019-10-18,2019-10-25,0.1,0.10489970330489862,0.10389970330489862,0.004594223379870366,0.09930547992502825
MU,2019-11-08,2019-11-15,0.1,0.011019225969113755,0.010019225969113754,0.004003523211902893,0.006015702757210861
MU,2019-11-22,2019-12-02,0.1,0.011336410536927799,0.010336410536927798,-0.0031770886725844827,0.01351349920951228
MU,2019-12-03,2019-12-10,0.1,0.049303493000333765,0.048303493000333764,0.014811928676434327,0.033491564323899436
MU,2019-12-27,2020-01-06,0.05,-0.008513635493807348,-0.009513635493807349,-0.004935700489845374,-0.004577935003961975
MU,2020-01-29,2020-02-05,0.1,0.026582223052560527,0.025582223052560527,0.012061064747385108,0.013521158305175418
MU,2020-02-21,2020-02-28,0.05,-0.07773321099338015,-0.07873321099338015,-0.11001621480850665,0.0312830038151265
MU,2020-03-11,2020-03-18,0.1,-0.2065417052725107,-0.2075417052725107,-0.08627653355588227,-0.12126517171662843
MU,2020-04-20,2020-04-27,0.1,0.04331801239279964,0.04231801239279964,0.022150925658287024,0.020167086734512618
MU,2020-05-15,2020-05-22,0.1,0.011934426368137574,0.010934426368137573,0.028959110424813694,-0.01802468405667612
MU,2020-06-03,2020-06-10,0.05,0.07256732236230845,0.07156732236230845,0.02298371336406313,0.04858360899824532
MU,2020-07-08,2020-07-15,0.1,0.016093096285346498,0.015093096285346497,0.02397119584336993,-0.008878099558023433
MU,2020-07-29,2020-08-05,0.1,0.013097726623074957,0.012097726623074956,0.022472338202307762,-0.010374611579232806
MU,2020-08-06,2020-08-13,0.1,-0.052566695295462984,-0.053566695295462985,0.017506186130867185,-0.07107288142633017
MU,2020-08-14,2020-08-21,0.05,-0.06447372179947042,-0.06547372179947042,-0.00114818160670338,-0.06432554019276704
MU,2020-08-24,2020-08-31,0.1,0.03999084229682426,0.03899084229682426,0.026671078963388384,0.012319763333435874
MU,2020-09-30,2020-10-07,0.05,0.03087732357986961,0.029877323579869608,0.02128496009779912,0.008592363482070486
MU,2020-11-02,2020-11-09,0.1,0.12572915423931708,0.12472915423931707,0.08062146007683557,0.0441076941624815
MU,2020-12-23,2020-12-31,0.1,0.07476723426139875,0.07376723426139875,0.016012259529602613,0.05775497473179614
MU,2021-01-26,2021-02-02,0.1,0.026537659413214953,0.025537659413214953,0.003730590512950549,0.021807068900264404
MU,2021-03-08,2021-03-15,0.1,0.044679500347315715,0.043679500347315714,0.021128418585500297,0.022551081761815417
MU,2021-03-23,2021-03-30,0.05,0.013349034918681557,0.012349034918681556,0.02961000572321759,-0.017260970804536035
MU,2021-04-14,2021-04-21,0.05,-0.013014611236121465,-0.014014611236121466,0.010537017306619267,-0.024551628542740733
MU,2021-04-22,2021-04-29,0.05,0.03954666901140991,0.038546669011409906,0.018170052487627153,0.020376616523782753
MU,2021-05-04,2021-05-11,0.1,-0.04418924149611181,-0.04518924149611181,0.008220416832072752,-0.05340965832818456
MU,2021-05-12,2021-05-19,0.05,0.040755179296607214,0.03975517929660721,0.02457752177134842,0.015177657525258792
MU,2021-06-08,2021-06-15,0.05,0.02048898856161263,0.01948898856161263,0.004059738702443028,0.015429249859169603
MU,2021-06-21,2021-06-28,0.1,0.08187371257332443,0.08087371257332443,0.014150300833787766,0.06672341173953666
MU,2021-07-02,2021-07-12,0.1,-0.00958554266763012,-0.010585542667630121,0.00565607219056985,-0.01624161485819997
MU,2021-07-13,2021-07-20,0.05,-0.03900599444736219,-0.04000599444736219,-0.0060978258624450055,-0.03390816858491719
MU,2021-07-21,2021-07-28,0.1,-0.021246216005882057,-0.022246216005882058,-0.005726367328479642,-0.016519848677402416
MU,2021-08-10,2021-08-17,0.05,-0.06758007226741536,-0.06858007226741536,0.004393981395476088,-0.07297405366289145
MU,2021-08-18,2021-08-25,0.05,0.04842819770562623,0.04742819770562623,0.010889201090751977,0.03653899661487425
MU,2021-09-29,2021-10-06,0.1,-0.022364903575960104,-0.023364903575960105,-0.004778357851958459,-0.018586545724001646
MU,2021-10-08,2021-10-15,0.1,-0.03479725261507538,-0.03579725261507538,0.020066923170649176,-0.05586417578572456
MU,2021-12-31,2022-01-07,0.1,0.013955832824262826,0.012955832824262825,0.002725347565814884,0.010230485258447941
MU,2022-01-20,2022-01-27,0.1,-0.07464425050745993,-0.07564425050745993,-0.01799358122004857,-0.05765066928741136
MU,2022-01-28,2022-02-04,0.1,0.02396893488356988,0.02296893488356988,0.012289126147968288,0.010679808735601592
MU,2022-02-24,2022-03-03,0.1,0.003939941871294428,0.002939941871294428,0.028514624270343125,-0.025574682399048698
MU,2022-03-04,2022-03-11,0.1,-0.11097541674880906,-0.11197541674880906,-0.030272151930778923,-0.08170326481803014
MU,2022-03-14,2022-03-21,0.05,0.12896260221848488,0.12796260221848488,0.0602295153297665,0.06773308688871837
MU,2022-03-23,2022-03-30,0.05,0.04639794852050061,0.04539794852050061,0.027408089986316275,0.017989858534184333
MU,2022-04-27,2022-05-04,0.05,0.10756716997366533,0.10656716997366533,0.03457070842559906,0.07199646154806627
MU,2022-05-25,2022-06-02,0.05,0.11050543227615406,0.10950543227615406,0.05028794368362255,0.05921748859253151
MU,2022-06-07,2022-06-14,0.05,-0.1704353760633761,-0.1714353760633761,-0.08408528679511529,-0.08735008926826082
MU,2022-06-15,2022-06-23,0.05,-0.04905267039365835,-0.05005267039365835,-0.00834007012429705,-0.0417126002693613
MU,2022-07-01,2022-07-11,0.1,0.0796492818963439,0.0786492818963439,0.01010297148746564,0.06854631040887826
MU,2022-07-25,2022-08-01,0.1,0.039733992381954186,0.038733992381954185,0.03328900189959305,0.005444990482361134
MU,2022-08-09,2022-08-16,0.05,0.07962803811938568,0.07862803811938568,0.04639503192245109,0.03223300619693459
MU,2022-08-19,2022-08-26,0.05,-0.04759546716447871,-0.04859546716447871,-0.044669914995962845,-0.003925552168515867
MU,2022-09-13,2022-09-20,0.05,-0.0525923902431098,-0.0535923902431098,-0.030436378200545122,-0.023156012042564678
MU,2022-10-18,2022-10-25,0.05,0.06317802983190934,0.06217802983190934,0.04219622369910225,0.01998180613280709
MU,2022-10-27,2022-11-03,0.05,0.02432486960669178,0.023324869606691778,-0.0001681883371597026,0.02349305794385148
MU,2022-11-18,2022-11-28,0.1,-0.048310047738599704,-0.049310047738599705,0.006065843787358638,-0.05537589152595834
MU,2022-11-29,2022-12-06,0.05,-0.026124927315357094,-0.027124927315357095,-0.018452027879729993,-0.008672899435627102
MU,2022-12-15,2022-12-22,0.05,-0.05015358144776383,-0.05115358144776383,-0.014549866867590633,-0.0366037145801732
MU,2022-12-23,2023-01-03,0.05,0.005669734651346348,0.0046697346513463476,0.0036195441025965724,0.0010501905487497751
MU,2023-01-31,2023-02-07,0.1,0.030348349347693926,0.029348349347693925,0.0008512805710536586,0.028497068776640266
MU,2023-02-22,2023-03-01,0.05,0.00631795977845373,0.00531795977845373,-0.0038933626995323323,0.009211322477986061
MU,2023-03-02,2023-03-09,0.1,-0.014708587916132498,-0.0157085879161325,-0.0218411832754547,0.006132595359322202
MU,2023-03-31,2023-04-10,0.05,0.05067724582632804,0.04967724582632804,0.0009504322942044396,0.0487268135321236
MU,2023-04-19,2023-04-26,0.05,0.006100502950594278,0.005100502950594278,-0.03220794193259324,0.03730844488318752
MU,2023-06-05,2023-06-12,0.05,-0.004721900886157648,-0.005721900886157648,0.014050763841533032,-0.01977266472769068
MU,2023-06-22,2023-06-29,0.1,-0.028980845647512354,-0.029980845647512355,0.0038851082142243865,-0.03386595386173674
MU,2023-06-30,2023-07-10,0.05,-0.00811955124499586,-0.00911955124499586,-0.013021208036836818,0.0039016567918409573
MU,2023-08-10,2023-08-17,0.05,-0.02872871941797739,-0.02972871941797739,-0.018344097334799803,-0.011384622083177587
MU,2023-08-21,2023-08-28,0.1,0.021106810783753538,0.020106810783753537,0.005977072435974229,0.014129738347779308
MU,2023-10-19,2023-10-26,0.05,-0.04442492666290532,-0.04542492666290532,-0.026873351034569337,-0.01855157562833598
MU,2023-11-28,2023-12-05,0.05,-0.03192324095111043,-0.03292324095111043,0.020654994035051555,-0.05357823498616199
MU,2023-12-06,2023-12-13,0.05,0.09107091477647788,0.09007091477647788,0.02956676661326707,0.060504148163210814
MU,2024-01-02,2024-01-09,0.05,0.012023472463665197,0.011023472463665196,0.002565048888332422,0.008458423575332774
MU,2024-02-12,2024-02-20,0.1,-0.058226248292857496,-0.0592262482928575,-0.0016048743826054812,-0.057621373910252016
MU,2024-03-14,2024-03-21,0.05,0.20146553395750955,0.20046553395750955,0.02220916013194829,0.17825637382556125
MU,2024-04-10,2024-04-17,0.1,-0.04803588760223321,-0.04903588760223321,-0.029127647201466433,-0.019908240400766775
MU,2024-04-18,2024-04-25,0.05,-0.0031270466537511865,-0.0041270466537511865,0.01670467515509766,-0.020831721808848846
MU,2024-06-21,2024-06-28,0.1,-0.05740271506070016,-0.05840271506070016,-0.009225354407152997,-0.049177360653547164
MU,2024-07-02,2024-07-10,0.05,0.029559441163294675,0.028559441163294674,0.009341384457892232,0.019218056705402442
MU,2024-07-11,2024-07-18,0.05,-0.0981340724869868,-0.0991340724869868,0.004913696375825838,-0.10404776886281264
MU,2024-07-19,2024-07-26,0.05,-0.04244703644932957,-0.04344703644932957,0.012387312238193227,-0.055834348687522795
MU,2024-07-30,2024-08-06,0.1,-0.13221541269267367,-0.13321541269267367,-0.040344646324181554,-0.09287076636849212
MU,2024-08-07,2024-08-14,0.05,0.15679714019507962,0.15579714019507962,0.03560334348810579,0.12019379670697383
MU,2024-08-22,2024-08-29,0.1,-0.08334930638893012,-0.08434930638893012,0.011399289864475026,-0.09574859625340515
MU,2024-08-30,2024-09-09,0.05,-0.1035951246424962,-0.1045951246424962,-0.0268451788626628,-0.07774994577983341
MU,2024-09-18,2024-09-25,0.05,0.09639383897319509,0.09539383897319509,0.014599770457896177,0.08079406851529891
MU,2024-10-03,2024-10-10,0.05,0.03917709255273305,0.03817709255273305,0.02291925068184586,0.01525784187088719
MU,2024-10-31,2024-11-07,0.05,0.1380833823547971,0.1370833823547971,0.05144227429419357,0.08564110806060354
MU,2024-11-13,2024-11-20,0.1,-0.01551231952992882,-0.01651231952992882,-0.017696326109015392,0.0011840065790865717
MU,2024-11-29,2024-12-06,0.05,0.03287397080694743,0.03187397080694743,-0.006669160277089303,0.03854313108403673
MU,2024-12-19,2024-12-27,0.1,0.017682750772223477,0.016682750772223476,0.0179462906929877,-0.0012635399207642228
MU,2024-12-30,2025-01-07,0.05,0.19458447756600705,0.19358447756600705,0.011117598203317813,0.18246687936268924
MU,2025-01-27,2025-02-03,0.05,-0.013061219137344926,-0.014061219137344927,-0.01072222155092517,-0.0033389975864197563
MU,2025-02-25,2025-03-04,0.05,-0.02166931736527733,-0.02266931736527733,-0.02194854009825331,-0.0007207772670240198
MU,2025-03-21,2025-03-28,0.05,-0.06630070169475022,-0.06730070169475022,-0.01312074037558042,-0.0541799613191698
MU,2025-03-31,2025-04-07,0.05,-0.21314310518320445,-0.21414310518320445,-0.10640305213924839,-0.10774005304395606
MU,2025-04-08,2025-04-15,0.05,0.08391821887938189,0.08291821887938189,0.058156864195317404,0.024761354684064485
MU,2025-04-16,2025-04-24,0.1,0.11668822417335667,0.11568822417335667,0.04671049835419083,0.06897772581916584
MU,2025-07-01,2025-07-09,0.05,0.012118993801022215,0.011118993801022214,0.0076480157171572305,0.003470978083864984
MU,2025-07-16,2025-07-23,0.1,-0.05668629769109301,-0.057686297691093014,0.0002836892692457127,-0.057969986960338726
MU,2025-08-19,2025-08-26,0.1,-0.04547310953628425,-0.04647310953628425,0.0005063574426902306,-0.04697946697897448
MU,2025-09-25,2025-10-02,0.1,0.1716507129240421,0.1706507129240421,0.02054157287646241,0.1501091400475797
MU,2025-11-19,2025-11-26,0.05,0.019210320791291036,0.018210320791291035,0.0197406334928254,-0.0015303127015343643
MU,2025-12-15,2025-12-22,0.1,0.16458942004258637,0.16358942004258636,0.009880873494666043,0.15370854654792032
MU,2026-02-04,2026-02-11,0.1,0.08154978556219672,0.08054978556219672,0.020991513997062228,0.05955827156513449
MU,2026-02-27,2026-03-06,0.1,-0.10202003156065598,-0.10302003156065598,-0.03917631819800227,-0.06384371336265371
MU,2026-03-23,2026-03-30,0.05,-0.20382053051848115,-0.20482053051848115,-0.019615486042782404,-0.18520504447569874
MU,2026-03-31,2026-04-08,0.05,0.2039130556159614,0.2029130556159614,0.02973845938470676,0.17317459623125464
MU,2026-05-18,2026-05-26,0.05,0.3144936950015558,0.31349369500155577,0.035449366553451434,0.27804432844810434
MU,2026-06-05,2026-06-12,0.1,0.13610952790434605,0.13510952790434605,0.01119078965064313,0.12391873825370292
MU,2026-07-02,2026-07-10,0.05,0.003988081684152656,0.0029880816841526556,0.001987804717025421,0.0010002769671272347
MU,2026-07-13,2026-07-20,0.1,-0.0763500299117863,-0.0773500299117863,-0.0012049029758286478,-0.07614512693595765
MU,2026-07-28,2026-08-04,0.05,0.08791872452870386,0.08691872452870386,0.02296996156928488,0.06394876295941898
MU,2026-08-24,2026-08-31,0.05,0.05305184163695409,0.05205184163695409,0.005445118408305305,0.04660672322864878
MU,2026-09-14,2026-09-21,0.05,0.1297900802335219,0.1287900802335219,0.0006247254278299863,0.1281653548056919
HON,2015-10-15,2015-10-22,0.1,0.04142106307031246,0.04042106307031246,0.019182127954872508,0.02123893511543995
HON,2016-02-25,2016-03-03,0.1,0.036375636575809,0.035375636575809,0.018625418616920575,0.016750217958888425
HON,2016-07-15,2016-07-22,0.1,-0.030361427650364092,-0.03136142765036409,0.006378424967239615,-0.03773985261760371
HON,2016-07-25,2016-08-01,0.05,0.003376741370177294,0.002376741370177294,-0.00700033302567582,0.009377074395853113
HON,2016-10-07,2016-10-14,0.05,0.019263253992660045,0.018263253992660045,-0.011352305767358017,0.029615559760018062
HON,2017-06-05,2017-06-12,0.1,-0.0017229824093872859,-0.002722982409387286,0.0007841856100814226,-0.0035071680194687085
HON,2018-01-03,2018-01-10,0.05,0.03050412986133222,0.029504129861332218,0.01765705389612604,0.011847075965206177
HON,2018-03-01,2018-03-08,0.05,0.027308153256674128,0.026308153256674127,0.023220690801190047,0.00308746245548408
HON,2018-06-22,2018-06-29,0.1,0.0003472158067099329,-0.0006527841932900671,-0.01855767675637876,0.017904892563088692
HON,2018-07-11,2018-07-18,0.05,0.03203730182563813,0.03103730182563813,0.019916733653900565,0.011120568171737566
HON,2018-08-07,2018-08-14,0.1,-0.014262132189524657,-0.015262132189524658,-0.006385021313342731,-0.008877110876181926
HON,2018-11-28,2018-12-06,0.1,-0.018988744592217888,-0.01998874459221789,-0.015350513682987454,-0.004638230909230434
HON,2019-07-17,2019-07-24,0.1,0.031669053463723174,0.030669053463723173,0.026134204571817587,0.004534848891905585
HON,2019-08-21,2019-08-28,0.1,-0.025886766459848443,-0.026886766459848443,-0.007600149801736622,-0.01928661665811182
HON,2019-12-27,2020-01-06,0.1,0.0058363084994614844,0.004836308499461484,-0.004935700489845374,0.009772008989306857
HON,2020-03-17,2020-03-24,0.1,-0.0932472309245651,-0.0942472309245651,-0.028048184530346965,-0.06619904639421814
HON,2020-04-17,2020-04-24,0.1,-0.020242884269343397,-0.0212428842693434,-0.018917019255113576,-0.002325865014229822
HON,2020-05-05,2020-05-12,0.1,-0.05397802582862399,-0.05497802582862399,-0.0008963331743372382,-0.05408169265428675
HON,2020-05-13,2020-05-20,0.05,0.11436083581147827,0.11336083581147827,0.050730317853832085,0.06263051795764618
HON,2020-06-11,2020-06-18,0.05,0.033394036376061864,0.03239403637606186,0.03249036750884726,-9.633113278539884e-05
HON,2020-06-24,2020-07-01,0.1,0.04163319516228836,0.04063319516228836,0.01948698371900104,0.02114621144328732
HON,2020-08-05,2020-08-12,0.1,0.06133156573977483,0.06033156573977483,0.02216799803996805,0.03816356769980678
HON,2021-01-13,2021-01-21,0.1,-0.008646486760624184,-0.009646486760624184,0.006739268216566119,-0.016385754977190303
HON,2021-04-26,2021-05-03,0.1,0.0075838597934347884,0.006583859793434788,0.011547968466303571,-0.0049641086728687825
HON,2021-05-18,2021-05-25,0.05,0.00773631747394421,0.00673631747394421,0.013116565345653086,-0.0063802478717088764
HON,2021-06-07,2021-06-14,0.1,-0.021999221851329964,-0.022999221851329965,-0.0012382684645501074,-0.021760953386779858
HON,2021-06-16,2021-06-23,0.1,-0.019772701425518124,-0.020772701425518125,-0.003817110295898707,-0.01695559112961942
HON,2021-08-09,2021-08-16,0.1,0.028225486910570696,0.027225486910570695,0.010202826537127674,0.01702266037344302
HON,2021-09-07,2021-09-14,0.1,-0.012291102142677923,-0.013291102142677924,-0.013393080917330047,0.0001019787746521228
HON,2021-10-22,2021-10-29,0.05,0.005611661768302634,0.004611661768302634,0.009715617732392934,-0.0051039559640903
HON,2021-11-16,2021-11-23,0.1,-0.02425801737369837,-0.02525801737369837,-0.007424748191090291,-0.01783326918260808
HON,2022-02-03,2022-02-10,0.05,5.214913052209447e-05,-0.0009478508694779056,-0.010232186155241796,0.00928433528576389
HON,2022-05-26,2022-06-03,0.1,0.008907376326372063,0.007907376326372062,0.015309329948646644,-0.007401953622274582
HON,2022-06-24,2022-07-01,0.1,-0.027274418489687813,-0.028274418489687814,-0.0234789939884561,-0.004795424501231715
HON,2022-09-14,2022-09-21,0.05,-0.03150521357893721,-0.03250521357893721,-0.044225875526388236,0.011720661947451028
HON,2023-01-04,2023-01-11,0.1,0.010759882805243315,0.009759882805243314,0.030611749263841137,-0.020851866458597823
HON,2023-01-23,2023-01-30,0.1,0.006455941644876173,0.005455941644876173,0.0028961154478770457,0.0025598261969991274
HON,2023-07-19,2023-07-26,0.1,0.015060490438475682,0.014060490438475681,0.007473240658042668,0.006587249780433013
HON,2023-07-27,2023-08-03,0.1,-0.03003913479677378,-0.031039134796773782,-0.018877301525132117,-0.012161833271641664
HON,2023-10-02,2023-10-09,0.1,0.021411600437915235,0.020411600437915234,0.001774161899674942,0.018637438538240292
HON,2024-01-08,2024-01-16,0.1,-0.024129126333353068,-0.02512912633335307,-0.007440362699746017,-0.017688763633607052
HON,2024-02-06,2024-02-13,0.1,0.0019109437154471998,0.0009109437154471997,0.0010045895819095207,-9.3645866462321e-05
HON,2024-02-27,2024-03-05,0.1,0.0012853147435076817,0.0002853147435076817,0.011740725187320944,-0.011455410443813263
HON,2024-07-26,2024-08-02,0.1,0.004685946677636554,0.0036859466776365543,-0.029594695666123716,0.03328064234376027
HON,2024-10-25,2024-11-01,0.1,0.005721338314128133,0.004721338314128133,-0.008723985805669132,0.013445324119797264
HON,2025-01-06,2025-01-14,0.05,-0.014611558864765284,-0.015611558864765285,0.005424696097511061,-0.021036254962276346
HON,2025-02-06,2025-02-13,0.1,-0.02168522145357621,-0.02268522145357621,0.012216740034882045,-0.034901961488458255
HON,2025-06-11,2025-06-18,0.1,-0.01749184143304927,-0.018491841433049272,0.0006865378847802361,-0.019178379317829508
HON,2025-07-25,2025-08-01,0.1,-0.029120528830197667,-0.030120528830197668,-0.03847453896639552,0.008354010136197854
HON,2025-10-09,2025-10-16,0.1,-0.005190234886103484,-0.006190234886103484,0.0003445817684177843,-0.0065348166545212685
HON,2026-04-22,2026-04-29,0.1,-0.043960564506187794,-0.044960564506187795,0.007953731610188308,-0.0529142961163761
HON,2026-06-04,2026-06-11,0.05,0.006800213301635383,0.005800213301635383,-0.018215498605581804,0.024015711907217185
HON,2026-08-11,2026-08-18,0.1,-0.007503643914470004,-0.008503643914470005,0.0081875696054996,-0.016691213519969605
HON,2026-08-19,2026-08-26,0.1,-0.004780578086044263,-0.005780578086044263,0.003778438705043019,-0.009559016791087283
HON,2026-09-02,2026-09-10,0.05,-0.018877151017504312,-0.019877151017504313,-0.017730518610609702,-0.0021466324068946108
APD,2015-07-22,2015-07-29,0.1,0.010090393891338811,0.00909039389133881,0.004661101030756676,0.004429292860582135
APD,2015-09-10,2015-09-17,0.1,0.01846003424698983,0.01746003424698983,0.01660237106385365,0.0008576631831361814
APD,2015-09-24,2015-10-01,0.1,0.005032034513865247,0.004032034513865247,-0.0024944990015934865,0.006526533515458733
APD,2015-10-21,2015-10-28,0.1,0.04862051845936466,0.04762051845936466,0.038031301892273994,0.009589216567090664
APD,2015-11-27,2015-12-04,0.1,0.003915831450624685,0.002915831450624685,0.003565630621650717,-0.0006497991710260323
APD,2016-01-07,2016-01-14,0.05,-0.010531485253299833,-0.011531485253299834,-0.012960435715313356,0.001428950462013523
APD,2016-02-12,2016-02-22,0.1,0.019715932688654014,0.018715932688654013,0.04150432083369737,-0.02278838814504336
APD,2016-09-12,2016-09-19,0.05,-0.02510267217367379,-0.02610267217367379,-0.010757673019824332,-0.015344999153849459
APD,2017-01-30,2017-02-06,0.05,-0.013759560010917271,-0.014759560010917272,-0.0016168281953996555,-0.013142731815517616
APD,2017-02-27,2017-03-06,0.1,-0.0005022966672422191,-0.0015022966672422191,-0.005544900611600734,0.004042603944358515
APD,2017-03-14,2017-03-21,0.05,0.0019828053652464206,0.0009828053652464206,-0.0035805864939645327,0.004563391859210953
APD,2017-03-24,2017-03-31,0.1,0.009605593825251502,0.0086055938252515,0.00969466933351626,-0.0010890755082647585
APD,2017-08-31,2017-09-08,0.1,-0.002751462921337211,-0.003751462921337211,0.00792200799356424,-0.011673470914901452
APD,2018-01-16,2018-01-23,0.1,0.01709169764615881,0.01609169764615881,0.01683218508506279,-0.0007404874389039806
APD,2018-02-01,2018-02-08,0.1,-0.08387783898296974,-0.08487783898296974,-0.08856428976070219,0.003686450777732442
APD,2018-05-30,2018-06-06,0.1,0.028829090849226136,0.027829090849226135,0.020605120796542975,0.00722397005268316
APD,2018-06-19,2018-06-26,0.05,-0.023127612427013222,-0.024127612427013223,-0.019851285822489073,-0.00427632660452415
APD,2018-07-13,2018-07-20,0.1,-0.018940940529053374,-0.019940940529053375,-0.0026916101782488155,-0.01724933035080456
APD,2018-08-24,2018-08-31,0.1,0.0019277510400075304,0.0009277510400075304,0.007172847955864148,-0.0062450969158566174
APD,2018-11-29,2018-12-07,0.1,-0.01287622194939797,-0.013876221949397971,-0.03919638453040586,0.025320162581007888
APD,2019-01-09,2019-01-16,0.05,-0.013840305758975435,-0.014840305758975436,-0.004707764497777656,-0.01013254126119778
APD,2019-03-19,2019-03-26,0.1,0.01222277296217733,0.01122277296217733,-0.006029617672045573,0.017252390634222903
APD,2019-06-13,2019-06-20,0.1,0.008492947889972013,0.007492947889972013,0.023072917777562818,-0.015579969887590805
APD,2019-07-24,2019-07-31,0.05,0.015164756247983524,0.014164756247983523,-0.017602546533934116,0.03176730278191764
APD,2019-08-22,2019-08-29,0.05,-0.0037286019529879644,-0.004728601952987964,0.00417375002795195,-0.008902351980939915
APD,2019-09-05,2019-09-12,0.05,-0.017366479845431937,-0.018366479845431938,0.00909889287116239,-0.027465372716594327
APD,2019-11-25,2019-12-03,0.1,-0.021513074261991783,-0.022513074261991783,-0.018050528352556605,-0.004462545909435178
APD,2020-01-03,2020-01-10,0.05,0.026548728550358947,0.025548728550358946,0.012200476410166194,0.013348252140192751
APD,2020-05-27,2020-06-03,0.1,0.05655737277886885,0.05555737277886885,0.028661213067416202,0.02689615971145265
APD,2020-08-03,2020-08-10,0.1,0.01016556055363238,0.00916556055363238,0.025229461793053964,-0.016063901239421585
APD,2020-09-18,2020-09-25,0.1,-0.017241059268010117,-0.018241059268010118,-0.020216774943707994,0.0019757156756978755
APD,2020-10-09,2020-10-16,0.1,-0.008183569015537184,-0.009183569015537185,0.004329519700130513,-0.013513088715667698
APD,2020-11-11,2020-11-18,0.05,-0.046788404227310676,-0.04778840422731068,0.006263254236945404,-0.05405165846425608
APD,2020-12-03,2020-12-10,0.1,0.005874460541607451,0.004874460541607451,0.010386956890991117,-0.005512496349383666
APD,2021-01-25,2021-02-01,0.1,-0.03609085111938659,-0.03709085111938659,-0.01492850285452596,-0.022162348264860632
APD,2021-02-04,2021-02-11,0.05,0.0038565174135996028,0.0028565174135996027,0.014483323571624629,-0.011626806158025027
APD,2021-04-12,2021-04-19,0.1,0.00537346772137437,0.00437346772137437,0.004793288044651289,-0.00041982032327691956
APD,2021-05-20,2021-05-27,0.1,0.004106877667374054,0.0031068776673740537,0.005674967814487175,-0.0025680901471131215
APD,2021-06-23,2021-06-30,0.1,-0.005657597376236612,-0.006657597376236612,0.018805071271451812,-0.025462668647688425
APD,2021-08-09,2021-08-16,0.05,0.021033467726372823,0.020033467726372822,0.010202826537127674,0.009830641189245148
APD,2021-08-23,2021-08-30,0.05,-0.0010718687552561112,-0.0020718687552561113,0.006433170542113231,-0.008505039297369343
APD,2021-09-22,2021-09-29,0.1,0.008839464981446055,0.007839464981446054,0.005058897650099148,0.002780567331346906
APD,2021-11-15,2021-11-22,0.05,-0.02067145033498896,-0.021671450334988962,-0.006569584020752139,-0.015101866314236823
APD,2022-02-04,2022-02-11,0.1,-0.07104282346277302,-0.07204282346277302,-0.021852274812524386,-0.050190548650248634
APD,2022-02-16,2022-02-24,0.1,-0.04161574001739399,-0.04261574001739399,-0.03982957372150275,-0.0027861662958912348
APD,2022-02-28,2022-03-07,0.05,-0.06263200317340134,-0.06363200317340134,-0.034824214453362146,-0.028807788720039196
APD,2022-07-07,2022-07-14,0.1,-0.058688916198745944,-0.059688916198745945,-0.01899530751547851,-0.040693608683267435
APD,2022-07-18,2022-07-25,0.05,0.05211143871672519,0.05111143871672519,0.037820616100253,0.013290822616472187
APD,2023-02-02,2023-02-09,0.05,-0.029136828900213074,-0.030136828900213075,-0.021827893791488195,-0.00830893510872488
APD,2023-02-15,2023-02-23,0.1,-0.016663134128706014,-0.017663134128706015,-0.030341749410817687,0.012678615282111672
APD,2023-03-21,2023-03-28,0.05,-0.018901419642025408,-0.01990141964202541,-0.005469053034372284,-0.014432366607653124
APD,2023-03-29,2023-04-05,0.1,0.03379024605438352,0.03279024605438352,0.011133470604180129,0.02165677545020339
APD,2023-05-09,2023-05-16,0.1,-0.015539184734535305,-0.016539184734535306,-0.010534546505185372,-0.0060046382293499345
APD,2023-07-11,2023-07-18,0.1,0.033293071434479904,0.0322930714344799,0.013730595730343298,0.018562475704136605
APD,2023-08-03,2023-08-10,0.05,0.015932079111223407,0.014932079111223406,-0.008788827201707594,0.023720906312931
APD,2023-09-20,2023-09-27,0.1,-0.03242661150651571,-0.03342661150651571,-0.0323164562960323,-0.00111015521048341
APD,2023-11-07,2023-11-14,0.05,0.05482207374182768,0.05382207374182768,0.023186951421655166,0.030635122320172514
APD,2023-11-29,2023-12-06,0.05,-0.01951357633032691,-0.02051357633032691,0.016517383193816793,-0.0370309595241437
APD,2023-12-08,2023-12-15,0.1,0.028829514478688312,0.02782951447868831,0.03803795494701023,-0.010208440468321922
APD,2024-01-11,2024-01-19,0.1,-0.014928642336521136,-0.015928642336521137,0.009573827685669611,-0.02550247002219075
APD,2024-02-05,2024-02-12,0.05,0.020961306260099066,0.019961306260099065,0.02324247867422513,-0.0032811724141260656
APD,2024-03-20,2024-03-27,0.1,0.017367592297661938,0.016367592297661937,0.01538809812905817,0.0009794941686037673
APD,2024-06-20,2024-06-27,0.05,-0.033079711634647846,-0.03407971163464785,-0.008477960522555672,-0.025601751112092175
APD,2024-07-01,2024-07-09,0.05,0.02975661854270739,0.02875661854270739,0.0032639589377114753,0.025492659604995915
APD,2024-08-14,2024-08-21,0.1,-0.0035083306303741457,-0.004508330630374146,0.030445983379652874,-0.03495431401002702
APD,2024-10-04,2024-10-11,0.1,0.10914167955975773,0.10814167955975773,0.021626700438817092,0.08651497912094064
APD,2024-10-28,2024-11-04,0.1,-0.0382391800609001,-0.0392391800609001,-0.010480011135582279,-0.028759168925317824
APD,2024-12-09,2024-12-16,0.05,-0.031267575504543954,-0.032267575504543955,-0.014350125108241185,-0.01791745039630277
APD,2024-12-24,2025-01-02,0.1,-0.03712785347558156,-0.03812785347558156,-0.018801364564488,-0.019326488911093564
APD,2025-01-03,2025-01-13,0.1,0.06280151780325927,0.061801517803259265,0.0029036323238018635,0.0588978854794574
APD,2025-02-10,2025-02-18,0.1,0.020769581545831528,0.019769581545831527,0.026625268132113966,-0.006855686586282439
APD,2025-03-14,2025-03-21,0.1,-0.0009250155971409768,-0.0019250155971409768,0.0010609363948343997,-0.0029859519919753766
APD,2025-06-20,2025-06-27,0.1,0.04380776111720097,0.04280776111720097,0.02906209133979698,0.01374566977740399
APD,2025-09-23,2025-09-30,0.1,-0.013956271361697636,-0.014956271361697637,-0.008794707900885657,-0.006161563460811981
APD,2025-10-14,2025-10-21,0.1,-0.027824468919856016,-0.028824468919856017,0.026222407800465808,-0.055046876720321825
APD,2025-10-31,2025-11-07,0.1,0.07069529202501124,0.06969529202501124,-0.005856380660893001,0.07555167268590424
APD,2025-12-08,2025-12-15,0.05,0.03795801093899165,0.03695801093899165,0.007255994442623814,0.029702016496367833
APD,2026-02-19,2026-02-26,0.05,-0.01599459233542133,-0.016994592335421332,0.0008425836482202076,-0.01783717598364154
APD,2026-05-20,2026-05-28,0.1,-0.019156957529326557,-0.020156957529326558,0.03818004977244405,-0.058337007301770605
APD,2026-07-09,2026-07-16,0.1,0.004867339569708973,0.0038673395697089727,0.007896616921497124,-0.004029277351788151
MMM,2015-07-23,2015-07-30,0.05,0.013846224850198041,0.01284622485019804,0.01570606970037769,-0.002859844850179649
MMM,2015-12-15,2015-12-22,0.1,0.0056700859421674465,0.0046700859421674465,0.003244556164713863,0.0014255297774535833
MMM,2016-04-26,2016-05-03,0.1,0.010771531530866518,0.009771531530866517,-0.031215824740788323,0.04098735627165484
MMM,2016-10-04,2016-10-11,0.1,-0.011649491261834677,-0.012649491261834678,-0.018590727329164114,0.005941236067329436
MMM,2016-10-26,2016-11-02,0.1,-0.004684342079079751,-0.005684342079079751,-0.020050208226515043,0.014365866147435291
MMM,2017-03-29,2017-04-05,0.1,-0.0023078010086646783,-0.0033078010086646783,-0.004830003202437982,0.001522202193773304
MMM,2017-07-25,2017-08-01,0.1,0.019008052526631847,0.018008052526631846,0.0032602731646187433,0.014747779362013103
MMM,2018-03-28,2018-04-05,0.1,0.009836025023498784,0.008836025023498784,0.02004298107428748,-0.011206956050788697
MMM,2018-04-12,2018-04-19,0.1,0.011228118174233748,0.010228118174233747,0.012763169487414405,-0.0025350513131806585
MMM,2018-04-26,2018-05-03,0.05,-0.0071540873947867345,-0.008154087394786735,-0.028482567811586312,0.020328480416799577
MMM,2018-05-16,2018-05-23,0.05,-0.0009052314265366457,-0.0019052314265366457,0.007374195547018347,-0.009279426973554994
MMM,2018-08-10,2018-08-17,0.1,0.01391380831159883,0.012913808311598829,0.008620584932169661,0.004293223379429167
MMM,2019-03-18,2019-03-25,0.1,-0.025325096912274025,-0.026325096912274026,-0.012479831265332253,-0.013845265646941773
MMM,2019-04-25,2019-05-02,0.05,-0.031302544301898605,-0.032302544301898606,0.0015875849729656277,-0.033890129274864234
MMM,2019-05-03,2019-05-10,0.1,-0.050534281091222155,-0.051534281091222156,-0.02775421668901723,-0.023780064402204926
MMM,2019-07-08,2019-07-15,0.1,0.021573362742371982,0.02057336274237198,0.015636262854753946,0.004937099887618035
MMM,2019-08-08,2019-08-15,0.05,-0.03620039222861471,-0.03720039222861471,-0.02473925335580962,-0.012461138872805089
MMM,2019-09-20,2019-09-27,0.05,-0.013372313053762408,-0.014372313053762409,-0.014028122060297576,-0.0003441909934648324
MMM,2019-10-01,2019-10-08,0.1,-0.04823844980113656,-0.04923844980113656,-0.021168729933049746,-0.028069719868086818
MMM,2019-10-09,2019-10-16,0.05,0.07411063735311552,0.07311063735311552,0.03197689766454559,0.041133739688569926
MMM,2019-11-11,2019-11-18,0.1,0.0025274077344272783,0.0015274077344272783,0.006466481458964335,-0.004939073724537057
MMM,2019-12-05,2019-12-12,0.1,0.025491424554813458,0.024491424554813457,0.02684092224378487,-0.0023494976889714136
MMM,2019-12-13,2019-12-20,0.1,0.03898332605783317,0.03798332605783317,0.013697633137263354,0.024285692920569812
MMM,2020-01-28,2020-02-04,0.05,-0.05036843444111072,-0.05136843444111072,-0.009347359282975032,-0.04202107515813569
MMM,2020-05-05,2020-05-12,0.05,-0.040086867018388705,-0.041086867018388706,-0.0008963331743372382,-0.04019053384405147
MMM,2020-05-14,2020-05-21,0.05,0.08284562284161145,0.08184562284161145,0.022547561801740335,0.05929806103987112
MMM,2020-07-30,2020-08-06,0.05,0.025506090836774797,0.024506090836774796,0.01856120771575731,0.005944883121017486
MMM,2020-10-27,2020-11-03,0.1,0.02782117584618571,0.026821175846185707,0.005249505059122805,0.021571670787062902
MMM,2020-11-04,2020-11-11,0.1,0.05650595440995576,0.05550595440995576,0.05775028376375513,-0.002244329353799368
MMM,2021-01-13,2021-01-21,0.05,0.02640130584384659,0.02540130584384659,0.006739268216566119,0.01866203762728047
MMM,2021-02-03,2021-02-10,0.05,0.03191256262418651,0.030912562624186513,0.014639063145868603,0.01627349947831791
MMM,2021-04-01,2021-04-09,0.05,0.027503464145308687,0.026503464145308686,0.019534706067589003,0.006968758077719683
MMM,2021-09-07,2021-09-14,0.05,-0.017027803021986587,-0.018027803021986588,-0.013393080917330047,-0.004634722104656541
MMM,2021-10-22,2021-10-29,0.1,-0.011725646343688112,-0.012725646343688113,0.009715617732392934,-0.022441264076081047
MMM,2021-12-13,2021-12-20,0.1,-0.01111226890077388,-0.012112268900773882,-0.024122920018155747,0.012010651117381865
MMM,2022-01-28,2022-02-04,0.05,-0.014530940097954081,-0.015530940097954082,0.012289126147968288,-0.02782006624592237
MMM,2022-02-18,2022-02-28,0.1,0.006977126790855825,0.005977126790855825,0.008776472172318694,-0.002799345381462869
MMM,2022-05-26,2022-06-03,0.05,-0.007277061827593023,-0.008277061827593024,0.015309329948646644,-0.023586391776239668
MMM,2022-06-21,2022-06-28,0.1,0.0024613349210360624,0.0014613349210360624,0.016249919162415027,-0.014788584241378966
MMM,2022-07-08,2022-07-15,0.1,0.010953850066292015,0.009953850066292014,0.0019893338591829846,0.00796451620710903
MMM,2022-08-16,2022-08-23,0.1,-0.04695409147816065,-0.047954091478160654,-0.04160990626101024,-0.006344185217150411
MMM,2022-08-26,2022-09-02,0.05,-0.05799897643573526,-0.05899897643573526,-0.026799106893304225,-0.03219986954243104
MMM,2022-09-06,2022-09-13,0.05,0.033190423340000885,0.032190423340000884,0.008977348562183796,0.02321307477781709
MMM,2022-10-06,2022-10-13,0.1,0.028257763927185486,0.027257763927185485,-0.011147852091244137,0.03840561601842962
MMM,2022-12-29,2023-01-06,0.1,0.05100782298412443,0.05000782298412443,0.03377749563265953,0.0162303273514649
MMM,2023-01-18,2023-01-25,0.1,-0.07999970672524526,-0.08099970672524526,0.017583374392877493,-0.09858308111812275
MMM,2023-01-26,2023-02-02,0.05,0.05935703033918971,0.05835703033918971,0.01640807339268613,0.04194895694650358
MMM,2023-03-08,2023-03-15,0.1,-0.04087343613461292,-0.04187343613461292,-0.03330052700453201,-0.008572909130080908
MMM,2023-03-27,2023-04-03,0.1,0.03034824063920394,0.029348240639203937,0.03352266093305567,-0.004174420293851733
MMM,2023-04-04,2023-04-12,0.1,0.020733418377535617,0.019733418377535616,0.0018522827004403553,0.01788113567709526
MMM,2023-05-31,2023-06-07,0.1,0.08241349638344997,0.08141349638344997,0.019776293421364777,0.06163720296208519
MMM,2023-06-27,2023-07-05,0.05,0.0037655558693063806,0.0027655558693063806,0.004217779997401028,-0.001452224128094647
MMM,2023-09-13,2023-09-20,0.1,-0.020386297025897226,-0.021386297025897227,-0.007948310955976923,-0.013437986069920305
MMM,2023-09-25,2023-10-02,0.05,-0.04821188001903287,-0.04921188001903287,-0.019146064262466456,-0.030065815756566416
MMM,2023-10-03,2023-10-10,0.05,0.020835753532598256,0.019835753532598255,0.018240441059300228,0.0015953124732980273
MMM,2024-01-23,2024-01-30,0.05,-0.0036420133992879355,-0.004642013399287936,-0.0010845182222861682,-0.0035574951770017673
MMM,2024-03-26,2024-04-03,0.1,0.08599070980201717,0.08499070980201717,0.012985000217443643,0.07200570958457353
MMM,2024-05-08,2024-05-15,0.1,0.050752342378650894,0.04975234237865089,0.030997057909340153,0.01875528446931074
MMM,2024-10-10,2024-10-17,0.1,0.016633793369474903,0.015633793369474902,0.013006874038619776,0.0026269193308551264
MMM,2024-10-24,2024-10-31,0.1,0.015814061968148163,0.014814061968148162,-0.016320404530683508,0.03113446649883167
MMM,2025-04-21,2025-04-28,0.1,0.0939012597954243,0.0929012597954243,0.060968191302213315,0.03193306849321098
MMM,2025-06-05,2025-06-12,0.05,-0.010187254323768213,-0.011187254323768214,0.03850493860520232,-0.049692192928970536
MMM,2025-10-09,2025-10-16,0.05,-0.009615405141139344,-0.010615405141139345,0.0003445817684177843,-0.010959986909557129
MMM,2025-12-19,2025-12-29,0.05,-0.0014818551565406457,-0.0024818551565406457,0.01529252969730277,-0.017774384853843417
MMM,2026-02-18,2026-02-25,0.1,0.00834490941008359,0.00734490941008359,-0.007198893357665992,0.01454380276774958
MMM,2026-03-17,2026-03-24,0.1,-0.016033711668091977,-0.017033711668091978,-0.024502125244923456,0.0074684135768314786
MMM,2026-05-01,2026-05-08,0.1,0.005543798625260665,0.004543798625260665,0.032242965380498756,-0.02769916675523809
MMM,2026-09-01,2026-09-09,0.1,-0.03430457829087763,-0.03530457829087763,-0.003433753451316801,-0.03187082483956083
ABT,2015-08-25,2015-09-01,0.05,0.015617507498550509,0.014617507498550508,0.02442368079460966,-0.00980617329605915
ABT,2015-09-04,2015-09-14,0.1,0.0023216415045044236,0.0013216415045044236,0.015303317703389885,-0.013981676198885462
ABT,2015-09-25,2015-10-02,0.1,0.012726362592385465,0.011726362592385464,0.017668263713125354,-0.00594190112073989
ABT,2015-10-06,2015-10-13,0.1,0.03177810081530841,0.030778100815308407,0.015153582229736395,0.015624518585572011
ABT,2015-11-30,2015-12-07,0.05,0.01424742445463778,0.01324742445463778,-0.0008081729257199965,0.014055597380357776
ABT,2016-01-04,2016-01-11,0.1,-0.05124624984265069,-0.052246249842650694,-0.04710108010937275,-0.005145169733277943
ABT,2016-02-03,2016-02-10,0.05,-0.021304310377329272,-0.022304310377329273,-0.016165417699086304,-0.006138892678242969
ABT,2016-03-03,2016-03-10,0.1,0.005409602733819074,0.004409602733819074,0.002109215314799462,0.0023003874190196125
ABT,2016-04-28,2016-05-05,0.05,-0.047500983792442164,-0.048500983792442165,-0.02994468636312808,-0.018556297429314084
ABT,2016-06-07,2016-06-14,0.1,-0.0326223694411365,-0.0336223694411365,-0.020887629257289708,-0.012734740183846793
ABT,2016-06-17,2016-06-24,0.1,0.013907564196693256,0.012907564196693255,-0.008486647903907962,0.021394212100601218
ABT,2016-08-23,2016-08-30,0.1,-0.024373491414192427,-0.02537349141419243,-0.006409644831648298,-0.01896384658254413
ABT,2016-10-14,2016-10-21,0.1,-0.007109820299765923,-0.008109820299765924,0.005753782231665339,-0.013863602531431263
ABT,2016-10-25,2016-11-01,0.1,-0.028364838498386113,-0.029364838498386114,-0.012817736265952395,-0.01654710223243372
ABT,2016-11-22,2016-11-30,0.05,-0.0007871934807961445,-0.0017871934807961445,0.0014460102194506774,-0.003233203700246822
ABT,2017-03-16,2017-03-23,0.1,-0.0046684318710357164,-0.0056684318710357165,-0.012533728641802466,0.00686529677076675
ABT,2017-03-30,2017-04-06,0.1,-0.019753249703486908,-0.02075324970348691,-0.006698960561962064,-0.014054289141524845
ABT,2017-04-10,2017-04-18,0.1,0.0024238256038755512,0.0014238256038755512,-0.009411260078495798,0.010835085682371348
ABT,2017-04-27,2017-05-04,0.1,0.021535018513070048,0.020535018513070047,0.0034311392985975075,0.01710387921447254
ABT,2017-08-01,2017-08-08,0.1,-0.005493009412460004,-0.006493009412460004,-0.0025066297156663975,-0.003986379696793606
ABT,2017-12-07,2017-12-14,0.1,0.0007316857375414543,-0.00026831426245854575,0.00322247834307543,-0.0034907926055339758
ABT,2018-03-29,2018-04-06,0.1,-0.039218781208541054,-0.040218781208541055,-0.016246987743225527,-0.023971793465315527
ABT,2018-04-12,2018-04-19,0.05,0.01784802442961997,0.016848024429619968,0.012763169487414405,0.0040848549422055624
ABT,2018-06-12,2018-06-19,0.1,-0.009218193767919769,-0.01021819376791977,-0.01667488941726003,0.0064566956493402605
ABT,2019-01-03,2019-01-10,0.05,0.043189322943193886,0.042189322943193885,0.0530382677594452,-0.010848944816251316
ABT,2019-04-04,2019-04-11,0.05,-0.001399236096933043,-0.002399236096933043,-0.003675228514535167,0.001275992417602124
ABT,2019-04-16,2019-04-24,0.1,0.004844113235108249,0.0038441132351082494,0.018925099851402116,-0.015080986616293868
ABT,2019-07-16,2019-07-23,0.1,0.0670994442749977,0.0660994442749977,0.00798367810057532,0.05811576617442238
ABT,2019-08-20,2019-08-27,0.1,-0.010527464997633351,-0.011527464997633352,0.0021430265717454766,-0.013670491569378829
ABT,2019-09-19,2019-09-26,0.1,-0.006848380631930384,-0.007848380631930385,-0.008556319677295088,0.0007079390453647028
ABT,2019-10-10,2019-10-17,0.1,0.03207204289564425,0.031072042895644247,0.029147831215313724,0.0019242116803305231
ABT,2019-12-09,2019-12-16,0.1,0.030165546452044723,0.02916554645204472,0.017416014119472134,0.011749532332572588
ABT,2020-03-24,2020-03-31,0.1,0.132300205866682,0.131300205866682,0.040365357363940646,0.09093484850274136
ABT,2020-04-27,2020-05-04,0.1,-0.053923102957525115,-0.054923102957525116,-0.02416385103736096,-0.030759251920164155
ABT,2020-05-18,2020-05-26,0.1,-0.008751429174220782,-0.009751429174220783,0.00829382299693715,-0.018045252171157933
ABT,2020-06-04,2020-06-11,0.1,-0.0053260399893252375,-0.0063260399893252375,-0.04045501807295637,0.034128978083631134
ABT,2020-09-03,2020-09-11,0.05,-0.007864894130624078,-0.00886489413062408,-0.018029868708548835,0.009164974577924756
ABT,2020-10-08,2020-10-15,0.1,-0.00794446540268312,-0.008944465402683122,0.006146734349625316,-0.015091199752308437
ABT,2020-11-19,2020-11-27,0.1,-0.03045059300652686,-0.03145059300652686,0.016373216358076315,-0.047823809364603176
ABT,2020-11-30,2020-12-07,0.1,-0.009610250892367,-0.010610250892367001,0.020043509142574578,-0.03065376003494158
ABT,2021-02-23,2021-03-02,0.1,0.014321008294808424,0.013321008294808423,-0.003316800712153345,0.016637809006961768
ABT,2021-03-09,2021-03-16,0.1,0.013024783981334886,0.012024783981334886,0.012195655481861856,-0.0001708715005269701
ABT,2021-04-01,2021-04-09,0.1,0.01647895920203668,0.01547895920203668,0.019534706067589003,-0.004055746865552323
ABT,2021-05-05,2021-05-12,0.1,-0.018226410122182735,-0.019226410122182735,-0.019059003907786365,-0.0001674062143963706
ABT,2021-05-17,2021-05-24,0.1,0.004711459185827049,0.0037114591858270493,0.011010616786192307,-0.007299157600365257
ABT,2021-06-01,2021-06-08,0.05,0.01994526805829744,0.018945268058297438,0.007974690087532377,0.01097057797076506
ABT,2021-09-24,2021-10-01,0.1,-0.05757007611956855,-0.05857007611956855,-0.01708188926987919,-0.04148818684968936
ABT,2021-11-05,2021-11-12,0.1,0.03280514027657877,0.03180514027657877,0.010746246849978602,0.021058893426600167
ABT,2022-01-03,2022-01-10,0.1,-0.027186455810322085,-0.028186455810322086,-0.004559703474841581,-0.023626752335480505
ABT,2022-01-13,2022-01-21,0.1,-0.02946391599128151,-0.03046391599128151,-0.05064752239086112,0.020183606399579612
ABT,2022-02-18,2022-02-28,0.05,0.03279380012674249,0.03179380012674249,0.008776472172318694,0.023017327954423794
ABT,2022-03-23,2022-03-30,0.1,0.02959286845344633,0.02859286845344633,0.027408089986316275,0.0011847784671300543
ABT,2022-04-18,2022-04-25,0.1,0.031988979528282835,0.030988979528282834,-0.009261377771573653,0.04025035729985649
ABT,2022-10-19,2022-10-26,0.05,0.0031597700339671686,0.0021597700339671686,0.05217354310883526,-0.050013773074868095
ABT,2023-01-30,2023-02-06,0.1,0.008560114377825556,0.007560114377825556,0.0062673505070502955,0.0012927638707752606
ABT,2023-02-14,2023-02-22,0.1,-0.04260686504678546,-0.04360686504678546,-0.03364991284435859,-0.009956952202426872
ABT,2023-02-24,2023-03-03,0.05,0.039717342721827364,0.038717342721827364,0.016955510179518463,0.0217618325423089
ABT,2023-05-23,2023-05-31,0.1,-0.035369466978089625,-0.036369466978089626,-0.0023602248119654057,-0.03400924216612422
ABT,2023-07-03,2023-07-11,0.1,0.002611585637747771,0.0016115856377477708,-0.003815676638575183,0.005427262276322954
ABT,2023-07-31,2023-08-07,0.1,-0.02586896369206315,-0.026868963692063152,-0.02084515610890647,-0.006023807583156682
ABT,2023-08-29,2023-09-06,0.05,-0.02223933275590495,-0.02323933275590495,-0.004149483698964729,-0.019089849056940222
ABT,2023-10-11,2023-10-18,0.1,0.0372300627154718,0.0362300627154718,-0.004238858181472516,0.040468920896944316
ABT,2024-03-15,2024-03-22,0.05,-0.04260108380231664,-0.04360108380231664,0.020135186997259913,-0.06373627079957656
ABT,2024-03-25,2024-04-02,0.1,0.018270928071262516,0.017270928071262515,0.005834410404013335,0.01143651766724918
ABT,2024-05-09,2024-05-16,0.05,0.0019108146900210787,0.0009108146900210787,0.02830379365003899,-0.02739297896001791
ABT,2024-06-14,2024-06-24,0.1,0.01562502531182819,0.014625025311828188,0.02047274497256968,-0.0058477196607414905
ABT,2024-09-18,2024-09-25,0.1,-0.01975973878429771,-0.02075973878429771,0.014599770457896177,-0.03535950924219389
ABT,2024-11-08,2024-11-15,0.05,-0.005918211872650625,-0.006918211872650625,-0.02621018721933399,0.019291975346683365
ABT,2025-03-17,2025-03-24,0.1,-0.0033688720150778506,-0.004368872015077851,0.0017164783928096394,-0.00608535040788749
ABT,2025-04-24,2025-05-01,0.1,0.011593779909322643,0.010593779909322643,0.0038216571131890475,0.006772122796133595
ABT,2025-07-02,2025-07-10,0.1,-0.003802814447514402,-0.004802814447514402,0.004979725241237576,-0.009782539688751979
ABT,2025-07-17,2025-07-24,0.05,0.04256916136595179,0.04156916136595179,-0.007814415007007303,0.04938357637295909
ABT,2025-08-14,2025-08-21,0.1,0.021039690866651473,0.02003969086665147,-0.003080089447515255,0.023119780314166727
ABT,2025-10-16,2025-10-23,0.1,-0.010107286523248549,-0.01110728652324855,0.025311131729125247,-0.036418418252373796
ABT,2025-12-08,2025-12-15,0.1,0.052256535695083484,0.05125653569508348,0.007255994442623814,0.04400054125245967
ABT,2025-12-24,2026-01-02,0.1,-0.004967491915007005,-0.005967491915007005,0.002670675210183271,-0.008638167125190277
ABT,2026-01-22,2026-01-29,0.05,-0.023202311702531286,-0.024202311702531287,-0.0038315993199139475,-0.02037071238261734
ABT,2026-04-06,2026-04-13,0.1,-0.01573793924631217,-0.016737939246312172,0.025791472058888765,-0.04252941130520094
ABT,2026-04-16,2026-04-23,0.05,-0.03131866796363991,-0.03231866796363991,0.0134191174139906,-0.04573778537763051
ABT,2026-05-04,2026-05-11,0.1,-0.05688828000455726,-0.05788828000455726,0.04571409609804,-0.10360237610259726
ABT,2026-05-14,2026-05-21,0.1,0.033804416914263724,0.03280441691426372,0.006028236850695645,0.026776180063568078
ABT,2026-07-14,2026-07-21,0.1,0.12838215898127325,0.12738215898127325,0.01981496695913565,0.1075671920221376
ABT,2026-08-28,2026-09-04,0.1,-0.03680981012460738,-0.03780981012460738,0.0013365413814949711,-0.03914635150610235
ABT,2026-09-08,2026-09-15,0.1,-0.033074279518552796,-0.0340742795185528,-0.013974664666982606,-0.02009961485157019
TGT,2015-07-24,2015-07-31,0.1,0.02044655182690036,0.01944655182690036,0.021551009941562338,-0.002104458114661978
TGT,2015-10-05,2015-10-12,0.05,-0.0037729630168193973,-0.004772963016819397,0.018195931761124884,-0.022968894777944282
TGT,2015-10-14,2015-10-21,0.05,0.002625011562775059,0.0016250115627750592,0.002284755337758737,-0.0006597437749836779
TGT,2015-11-17,2015-11-24,0.05,-0.00027467590847052303,-0.001274675908470523,0.010940108308053142,-0.012214784216523666
TGT,2016-01-14,2016-01-22,0.1,-0.009800240022694418,-0.010800240022694418,-0.01790972101896282,0.0071094809962684025
TGT,2016-02-04,2016-02-11,0.1,-0.028412088541832192,-0.029412088541832193,-0.032506709406644574,0.0030946208648123807
TGT,2016-03-22,2016-03-30,0.1,0.02325604027799577,0.02225604027799577,0.0028265015629551637,0.019429538715040606
TGT,2016-04-04,2016-04-11,0.1,-0.03074136934141014,-0.03174136934141014,-0.00986017410937734,-0.021881195232032802
TGT,2016-05-11,2016-05-18,0.05,-0.0948562874297012,-0.0958562874297012,-0.011654960601907738,-0.08420132682779347
TGT,2016-05-19,2016-05-26,0.05,0.027587136912757604,0.026587136912757603,0.03420502253181268,-0.007617885619055076
TGT,2016-07-05,2016-07-12,0.1,0.054201631537227124,0.05320163153722712,0.04621393122806272,0.006987700309164402
TGT,2016-08-09,2016-08-16,0.05,0.047819353652348795,0.046819353652348794,0.007111245535331934,0.03970810811701686
TGT,2016-08-17,2016-08-24,0.1,0.015574013332154024,0.014574013332154023,-0.0018236439833785312,0.016397657315532554
TGT,2016-09-26,2016-10-03,0.1,0.021719971213499,0.020719971213499,0.01160288240954599,0.00911708880395301
TGT,2016-10-18,2016-10-25,0.1,0.00875868387004819,0.0077586838700481895,0.00880843247004015,-0.0010497485999919611
TGT,2016-11-08,2016-11-15,0.1,0.07450910388598286,0.07350910388598286,0.024477652541269324,0.04903145134471354
TGT,2016-12-09,2016-12-16,0.05,-0.008270119309170543,-0.009270119309170544,-0.005795607430861605,-0.003474511878308939
TGT,2016-12-23,2017-01-03,0.1,-0.010203958976831795,-0.011203958976831796,-0.002413747859768667,-0.00879021111706313
TGT,2017-01-06,2017-01-13,0.1,-0.017497277856506455,-0.018497277856506456,0.0014607564863324818,-0.019958034342838937
TGT,2017-01-18,2017-01-25,0.05,-0.0276740847668433,-0.0286740847668433,0.003001600029945095,-0.031675684796788395
TGT,2017-02-16,2017-02-24,0.1,0.020091797169529135,0.019091797169529134,0.007590515796992214,0.01150128137253692
TGT,2017-02-28,2017-03-07,0.05,-0.061766366400342054,-0.06276636640034206,0.0021886163973414696,-0.06495498279768352
TGT,2017-03-08,2017-03-15,0.1,-0.008178733380208025,-0.009178733380208026,0.005233084671545596,-0.014411818051753622
TGT,2017-03-17,2017-03-24,0.05,-0.021551083333061438,-0.02255108333306144,-0.010617199550815415,-0.011933883782246024
TGT,2017-04-05,2017-04-12,0.05,0.01232228888444209,0.011322288884442089,-0.00859891318308914,0.01992120206753123
TGT,2017-05-11,2017-05-18,0.05,0.006722131555953581,0.005722131555953581,-0.011185208990911355,0.016907340546864935
TGT,2017-05-24,2017-06-01,0.05,0.02826552886303113,0.02726552886303113,0.020606668625970492,0.0066588602370606376
TGT,2017-06-06,2017-06-13,0.05,0.051300594336769034,0.05030059433676903,0.007775168548151079,0.042525425788617954
TGT,2017-06-16,2017-06-23,0.05,-0.03516445707362048,-0.03616445707362048,0.012087104721330233,-0.048251561794950715
TGT,2017-07-10,2017-07-17,0.1,0.07074528703929817,0.06974528703929816,0.014873532847673232,0.05487175419162493
TGT,2017-08-11,2017-08-18,0.1,0.01126653684737744,0.010266536847377439,0.0020704371442765712,0.008196099703100868
TGT,2017-08-28,2017-09-05,0.05,0.053453781665423916,0.052453781665423915,0.017239196059504414,0.0352145856059195
TGT,2017-09-22,2017-09-29,0.1,0.00033884420894847445,-0.0006611557910515256,0.009118166483972345,-0.009779322275023872
TGT,2017-10-05,2017-10-12,0.1,0.031003709591944872,0.03000370959194487,-0.0006572872890807657,0.030660996881025637
TGT,2017-11-15,2017-11-22,0.05,0.06148463555770278,0.06048463555770278,0.019220740485675902,0.04126389507202688
TGT,2017-11-27,2017-12-04,0.05,0.12034398409492497,0.11934398409492497,0.014322584841792274,0.1050213992531327
TGT,2017-12-12,2017-12-19,0.1,0.04981990652530022,0.048819906525300216,0.0074361766929365025,0.041383729832363714
TGT,2018-01-26,2018-02-02,0.1,-0.05198177459572606,-0.05298177459572606,-0.05007615995809622,-0.0029056146376298386
TGT,2018-03-06,2018-03-13,0.1,-0.008636397940601226,-0.009636397940601227,0.013720364759214787,-0.023356762699816014
TGT,2018-04-13,2018-04-20,0.05,-0.016778373016547055,-0.017778373016547055,0.007620789665413463,-0.02539916268196052
TGT,2018-05-09,2018-05-16,0.1,0.08501729778737865,0.08401729778737865,0.028078527530097874,0.05593877025728078
TGT,2018-05-23,2018-05-31,0.05,0.024167471271985486,0.023167471271985485,-0.00882663920258131,0.031994110474566795
TGT,2018-07-12,2018-07-19,0.05,0.025620696676129873,0.024620696676129872,0.0027491485585444675,0.021871548117585404
TGT,2018-10-03,2018-10-10,0.1,-0.008956182586198902,-0.009956182586198903,-0.0509989144735804,0.0410427318873815
TGT,2018-11-05,2018-11-12,0.1,0.0014059005481343867,0.0004059005481343867,-0.006900848511138369,0.0073067490592727555
TGT,2018-11-15,2018-11-23,0.05,-0.15912950142258908,-0.16012950142258908,-0.040096002183335644,-0.12003349923925344
TGT,2018-11-26,2018-12-03,0.05,0.04462092583562094,0.04362092583562094,0.05237516726203029,-0.008754241426409348
TGT,2018-12-04,2018-12-12,0.1,-0.02193029347211739,-0.02293029347211739,-0.020384455602181495,-0.0025458378699358963
TGT,2019-01-15,2019-01-23,0.1,0.030933597488046694,0.029933597488046693,0.007619542296854798,0.022314055191191895
TGT,2019-02-01,2019-02-08,0.1,-0.004074972078784045,-0.005074972078784045,0.0027032712761587696,-0.0077782433549428145
TGT,2019-02-11,2019-02-19,0.1,0.05416636705087763,0.05316636705087763,0.026893562211283806,0.026272804839593822
TGT,2019-03-13,2019-03-20,0.05,0.005446251181745465,0.004446251181745465,0.005028383870548714,-0.0005821326888032488
TGT,2019-04-02,2019-04-09,0.1,0.015101966662124822,0.01410196666212482,0.001100836704849284,0.013001129957275537
TGT,2019-05-01,2019-05-08,0.1,-0.00343585396769841,-0.00443585396769841,-0.018684076536043204,0.014248222568344793
TGT,2019-05-15,2019-05-22,0.1,0.0953254620746482,0.0943254620746482,-0.009370967471339697,0.1036964295459879
TGT,2019-06-19,2019-06-26,0.05,-0.006616107392853232,-0.007616107392853232,0.009047951695918544,-0.016664059088771777
TGT,2019-07-15,2019-07-22,0.1,0.004838440015169532,0.0038384400151695317,-0.005683741213581506,0.009522181228751037
TGT,2019-07-26,2019-08-02,0.05,-0.06363422674354724,-0.06463422674354724,-0.03791523511672468,-0.026718991626822564
TGT,2019-10-25,2019-11-01,0.1,-0.01100718358205055,-0.012007183582050551,0.01697920918175866,-0.02898639276380921
TGT,2019-11-04,2019-11-11,0.05,0.015445476231551236,0.014445476231551235,0.0099179129665945,0.0045275632649567354
TGT,2019-11-29,2019-12-06,0.1,0.0001598775551097109,-0.0008401224448902891,0.0006886519314004413,-0.0015287743762907305
TGT,2020-01-02,2020-01-09,0.1,-0.020385490359606795,-0.021385490359606796,0.00716674902951886,-0.028552239389125655
TGT,2020-01-15,2020-01-23,0.05,-0.01256386132746734,-0.013563861327467341,0.008374789647231484,-0.021938650974698826
TGT,2020-03-04,2020-03-11,0.1,-0.02077516891392306,-0.02177516891392306,-0.1061066280123445,0.08433145909842144
TGT,2020-03-25,2020-04-01,0.1,0.04646312661510121,0.04546312661510121,0.005612242943463741,0.03985088367163747
TGT,2020-04-23,2020-04-30,0.1,0.056614850159336205,0.055614850159336204,0.04305682055648896,0.012558029602847243
TGT,2020-05-26,2020-06-02,0.05,0.032400964791428954,0.031400964791428954,0.031639947270639235,-0.00023898247921028126
TGT,2020-06-10,2020-06-17,0.05,-0.014416715033679472,-0.015416715033679473,-0.0301592601311772,0.014742545097497728
TGT,2020-06-18,2020-06-25,0.1,0.021398048614255094,0.020398048614255093,-0.009387839779690377,0.02978588839394547
TGT,2020-07-06,2020-07-13,0.1,-0.004277302111225678,-0.005277302111225678,-0.009185343893498676,0.003908041782272998
TGT,2020-08-27,2020-09-03,0.1,-0.0284744853015505,-0.0294744853015505,-0.0033215078807489196,-0.026152977420801582
TGT,2020-10-22,2020-10-29,0.1,-0.03352143356631465,-0.03452143356631465,-0.05336009814295528,0.01883866457664063
TGT,2020-11-04,2020-11-11,0.05,0.01960152501091117,0.01860152501091117,0.05775028376375513,-0.03914875875284396
TGT,2020-12-04,2020-12-11,0.1,-0.018968459316985653,-0.019968459316985654,-0.010148201395997702,-0.009820257920987951
TGT,2021-01-19,2021-01-26,0.1,-0.0024446600668344143,-0.0034446600668344143,-0.009625793511452208,0.006181133444617793
TGT,2021-03-02,2021-03-09,0.1,0.032797419934505134,0.03179741993450513,0.011454859788336158,0.020342560146168975
TGT,2021-05-17,2021-05-24,0.05,0.07676500705666944,0.07576500705666944,0.011010616786192307,0.06475439027047714
TGT,2021-08-17,2021-08-24,0.1,-0.015707673289078072,-0.016707673289078073,-0.00593695823626883,-0.010770715052809243
TGT,2021-08-30,2021-09-07,0.1,-0.026628049713987467,-0.027628049713987468,-0.009718884653180604,-0.017909165060806864
TGT,2021-09-24,2021-10-01,0.05,-0.053926450785195645,-0.054926450785195646,-0.01708188926987919,-0.037844561515316455
TGT,2021-11-08,2021-11-15,0.1,0.04342155486714128,0.042421554867141276,0.005258878967264069,0.03716267589987721
TGT,2021-11-22,2021-11-30,0.05,-0.0029850826517827667,-0.003985082651782767,-0.03558062922735039,0.031595546575567623
TGT,2021-12-09,2021-12-16,0.05,-0.05379697148881912,-0.054796971488819124,0.015800376580752395,-0.07059734806957152
TGT,2021-12-17,2021-12-27,0.05,0.003537762217785012,0.002537762217785012,0.022212489888636888,-0.019674727670851877
TGT,2022-01-12,2022-01-20,0.1,-0.012251127693362451,-0.013251127693362452,-0.048239019602941524,0.03498789190957907
TGT,2022-02-24,2022-03-03,0.05,0.16857230264696565,0.16757230264696565,0.028514624270343125,0.13905767837662253
TGT,2022-03-11,2022-03-18,0.1,0.09218724206889783,0.09118724206889783,0.05607539899559533,0.03511184307330251
TGT,2022-03-25,2022-04-01,0.1,-0.036915142261041756,-0.03791514226104176,-0.007637607598000584,-0.030277534663041172
TGT,2022-04-28,2022-05-05,0.1,-0.02381667891303174,-0.024816678913031742,-0.02444108024563596,-0.0003755986673957823
TGT,2022-05-18,2022-05-25,0.05,-0.032113980387092234,-0.033113980387092234,0.013424134016644551,-0.046538114403736786
TGT,2022-06-06,2022-06-13,0.1,-0.09306692245900994,-0.09406692245900994,-0.07659803543783306,-0.017468887021176882
TGT,2022-06-30,2022-07-08,0.1,0.04786500844664143,0.04686500844664143,0.021588568410149556,0.025276440036491876
TGT,2022-08-23,2022-08-30,0.05,-0.007347081659983323,-0.008347081659983324,-0.03732422020994941,0.028977138549966086
TGT,2022-11-09,2022-11-16,0.1,0.02258437464267682,0.021584374642676818,0.04631089208909578,-0.02472651744641896
TGT,2022-11-21,2022-11-29,0.1,0.052841248847829814,0.05184124884782981,0.00970524264075201,0.0421360062070778
TGT,2022-12-08,2022-12-15,0.1,-0.04286377811691333,-0.04386377811691333,-0.01780872103299358,-0.026055057083919753
TGT,2022-12-21,2022-12-29,0.05,0.042656142127504015,0.041656142127504014,-0.0021120135280852104,0.043768155655589225
TGT,2023-02-23,2023-03-02,0.05,0.0026585745743594735,0.0016585745743594735,0.000978659292343087,0.0006799152820163865
TGT,2023-03-24,2023-03-31,0.1,0.06023561298152891,0.05923561298152891,0.03477499305471832,0.02446061992681059
TGT,2023-04-14,2023-04-21,0.1,0.007328933023270867,0.006328933023270867,0.005472677055688102,0.000856255967582765
TGT,2023-05-18,2023-05-25,0.1,-0.08710599848550837,-0.08810599848550837,-0.019121821440377884,-0.06898417704513049
TGT,2023-05-26,2023-06-05,0.05,-0.059958139914710884,-0.060958139914710885,0.0050897484091043665,-0.06604788832381525
TGT,2023-06-09,2023-06-16,0.1,0.05370511281552659,0.05270511281552659,0.026878117128938728,0.02582699568658786
TGT,2023-08-15,2023-08-22,0.1,-0.0008796748131354448,-0.0018796748131354448,-0.01653127429385015,0.014651599480714705
TGT,2023-08-23,2023-08-30,0.1,0.03035477348856097,0.02935477348856097,0.017601635446191644,0.011753138042369327
TGT,2023-09-21,2023-09-28,0.1,-0.0661437695395064,-0.0671437695395064,-0.014293699836974816,-0.05285006970253159
TGT,2023-10-02,2023-10-09,0.05,-0.008716881688083378,-0.009716881688083379,0.001774161899674942,-0.01149104358775832
TGT,2023-11-02,2023-11-09,0.1,-0.03853423147280666,-0.03953423147280666,-0.014928424509182525,-0.024605806963624133
TGT,2024-01-18,2024-01-25,0.1,0.03478900519629269,0.03378900519629269,0.009243573265395932,0.024545431930896755
TGT,2024-03-12,2024-03-19,0.1,0.0038192041021494205,0.0028192041021494205,-0.006560966186536454,0.009380170288685874
TGT,2024-04-26,2024-05-03,0.1,-0.04067027439891446,-0.041670274398914464,-0.00598122419660041,-0.035689050202314054
TGT,2024-05-06,2024-05-13,0.1,0.016103443626482417,0.015103443626482416,0.021527627839514674,-0.006424184213032258
TGT,2024-05-15,2024-05-22,0.05,-0.0904068199281659,-0.0914068199281659,0.0002693043475503476,-0.09167612427571625
TGT,2024-05-23,2024-05-31,0.05,0.08136547061902832,0.08036547061902832,-0.0025091062671566133,0.08287457688618494
TGT,2024-06-06,2024-06-13,0.1,-0.0031007915262741825,-0.0041007915262741826,0.009259043366853126,-0.01335983489312731
TGT,2024-06-18,2024-06-26,0.1,0.03248199890945935,0.03148199890945935,-0.001146253502449679,0.03262825241190903
TGT,2024-08-06,2024-08-13,0.1,0.02099392474218975,0.01999392474218975,0.02195569957755117,-0.0019617748353614184
TGT,2024-08-29,2024-09-06,0.1,-0.013948592415470307,-0.014948592415470308,-0.028733015774978665,0.013784423359508358
TGT,2024-10-01,2024-10-08,0.1,-0.005781814714982847,-0.006781814714982847,0.01199782943256067,-0.018779644147543517
TGT,2024-10-22,2024-10-29,0.1,-0.008446051616208927,-0.009446051616208928,-0.008659701584603718,-0.0007863500316052097
TGT,2024-11-20,2024-11-27,0.05,0.0687642892716831,0.0677642892716831,0.022553966561338123,0.045210322710344975
TGT,2025-01-15,2025-01-23,0.05,0.020218481950676326,0.019218481950676325,0.04041332122484387,-0.021194839274167543
TGT,2025-02-03,2025-02-10,0.1,-0.021466905296980365,-0.022466905296980366,-0.008489493143619908,-0.013977412153360458
TGT,2025-03-04,2025-03-11,0.05,-0.03739108588608331,-0.03839108588608331,-0.02648019409374014,-0.01191089179234317
TGT,2025-03-13,2025-03-20,0.1,-0.002870713433877903,-0.003870713433877903,0.024099530389595225,-0.02797024382347313
TGT,2025-04-11,2025-04-21,0.1,0.010778187386202731,0.00977818738620273,-0.02354066506386332,0.03331885245006605
TGT,2025-06-03,2025-06-10,0.1,0.05209861179449793,0.05109861179449793,0.027499603857238597,0.02359900793725933
TGT,2025-06-17,2025-06-25,0.05,0.017680420985889622,0.01668042098588962,0.01587161580799057,0.0008088051778990524
TGT,2025-08-15,2025-08-22,0.1,-0.036691804989084975,-0.037691804989084976,0.012781168036009705,-0.05047297302509468
TGT,2025-08-25,2025-09-02,0.05,-0.048285808203987646,-0.04928580820398765,-0.0026594973224309815,-0.046626310881556665
TGT,2025-09-05,2025-09-12,0.1,-0.03445307576215739,-0.03545307576215739,0.022368876355224332,-0.057821952117381725
TGT,2025-09-19,2025-09-26,0.1,-0.0031771358631821345,-0.0041771358631821345,-0.01439967278529275,0.010222536922110614
TGT,2025-11-03,2025-11-10,0.1,-0.007873058840216385,-0.008873058840216386,0.0009054925227756083,-0.009778551362991994
TGT,2025-12-23,2025-12-31,0.05,0.036585275623064906,0.035585275623064905,-0.0007862991379682382,0.03637157476103314
TGT,2026-01-26,2026-02-02,0.1,0.0535783109880168,0.052578310988016796,0.009190361823631976,0.04338794916438482
TGT,2026-05-11,2026-05-18,0.05,0.05172140741345976,0.05072140741345976,-0.0015896378669266742,0.05231104528038644
TGT,2026-07-06,2026-07-13,0.1,0.06875500197137185,0.06775500197137185,-0.003888580137386022,0.07164358210875788
TGT,2026-08-31,2026-09-08,0.1,0.01137494887812629,0.010374948878126289,-0.005254623210600995,0.015629572088727284
BLK,2015-07-28,2015-08-04,0.1,-0.013062742886974399,-0.0140627428869744,0.002118769776976448,-0.016181512663950848
BLK,2015-08-13,2015-08-20,0.1,-0.027154480384431356,-0.028154480384431357,-0.03152806567559374,0.0033735852911623843
BLK,2015-08-31,2015-09-08,0.1,-0.0034385318589948977,-0.004438531858994898,0.00028940138683175576,-0.0047279332458266534
BLK,2015-12-11,2015-12-18,0.05,-0.004057972265129495,-0.005057972265129495,-0.002269564988867101,-0.0027884072762623937
BLK,2016-01-08,2016-01-15,0.05,-0.03638942874402418,-0.03738942874402418,-0.021130191980264224,-0.016259236763759954
BLK,2016-01-21,2016-01-28,0.1,0.03197652433236908,0.030976524332369082,-0.007477836412658867,0.03845436074502795
BLK,2016-02-24,2016-03-02,0.1,0.060880863575172306,0.059880863575172305,0.03340732008705083,0.026473543488121476
BLK,2016-03-24,2016-04-01,0.1,0.024679806361970202,0.0236798063619702,0.020422059696659334,0.0032577466653108678
BLK,2016-04-07,2016-04-14,0.1,0.08082323862592378,0.07982323862592378,0.022885052494555858,0.05693818613136792
BLK,2016-06-10,2016-06-17,0.1,-0.014669705027270719,-0.01566970502727072,-0.008128917215002751,-0.007540787812267968
BLK,2016-06-27,2016-07-05,0.05,0.05176153506444803,0.05076153506444803,0.035237258927477866,0.015524276136970161
BLK,2016-08-12,2016-08-19,0.05,0.014867097402997409,0.013867097402997408,0.0016467148612711036,0.012220382541726305
BLK,2016-10-21,2016-10-28,0.05,-0.01695840757956424,-0.01795840757956424,-0.00525006183352128,-0.01270834574604296
BLK,2016-12-28,2017-01-05,0.1,0.003962971947985894,0.002962971947985894,0.007549085939152711,-0.004586113991166817
BLK,2017-03-22,2017-03-29,0.05,0.010493793890751224,0.009493793890751223,0.006843731651639207,0.0026500622391120165
BLK,2017-07-17,2017-07-24,0.05,0.008689830948111599,0.007689830948111599,0.0005629992369429182,0.0071268317111686805
BLK,2017-08-21,2017-08-28,0.05,-0.0024797632649717904,-0.0034797632649717905,0.004618257458258279,-0.00809802072323007
BLK,2017-10-19,2017-10-26,0.1,-0.006942088878768682,-0.007942088878768683,0.011857195400151399,-0.019799284278920082
BLK,2018-01-29,2018-02-05,0.1,-0.08608708477699123,-0.08708708477699123,-0.0827318530615988,-0.004355231715392427
BLK,2018-04-11,2018-04-18,0.1,-0.003978619119542226,-0.004978619119542226,0.03303469194992226,-0.038013311069464484
BLK,2018-06-13,2018-06-20,0.05,-0.010504213223736403,-0.011504213223736404,-0.017684321758013488,0.0061801085342770845
BLK,2018-07-05,2018-07-12,0.1,0.029859068773588238,0.028859068773588237,0.027237255252247072,0.0016218135213411644
BLK,2018-08-01,2018-08-08,0.1,0.015851460784024773,0.014851460784024773,0.01911033631945558,-0.004258875535430806
BLK,2018-09-28,2018-10-05,0.1,-0.0009975584509991364,-0.0019975584509991364,-0.01251269047953607,0.010515132028536933
BLK,2018-10-10,2018-10-17,0.1,-0.034937740021556585,-0.035937740021556586,0.005123455054186099,-0.041061195075742685
BLK,2018-10-18,2018-10-25,0.05,-0.019781521829329796,-0.020781521829329797,-0.03556025821594555,0.014778736386615754
BLK,2018-12-06,2018-12-13,0.1,-0.032381363596322155,-0.033381363596322156,-0.02075208544968954,-0.012629278146632616
BLK,2019-03-12,2019-03-19,0.1,0.015730152137264364,0.014730152137264363,0.021473291101406167,-0.006743138964141804
BLK,2019-03-21,2019-03-28,0.1,-0.012524564277570316,-0.013524564277570317,-0.0201391339343171,0.006614569656746783
BLK,2019-08-09,2019-08-16,0.1,-0.01611430037008077,-0.01711430037008077,0.000538977536250318,-0.01765327790633109
BLK,2019-08-26,2019-09-03,0.1,0.025525948768920115,0.024525948768920114,0.014794055788368565,0.009731892980551549
BLK,2019-10-03,2019-10-10,0.1,0.0018352560378382954,0.0008352560378382954,0.006633206735626729,-0.0057979506977884334
BLK,2019-12-23,2019-12-31,0.1,0.006084220391161077,0.005084220391161077,-0.005729561210121692,0.010813781601282768
BLK,2020-03-02,2020-03-09,0.1,-0.134752017542209,-0.135752017542209,-0.09756520502093946,-0.03818681252126954
BLK,2020-05-12,2020-05-19,0.05,0.10289584737369628,0.10189584737369628,0.012965242561544743,0.08893060481215154
BLK,2020-09-10,2020-09-17,0.1,0.009386936322233863,0.008386936322233862,0.027149129231412772,-0.01876219290917891
BLK,2020-12-09,2020-12-16,0.1,-0.004717444727241005,-0.005717444727241005,-0.005409532590882948,-0.0003079121363580564
BLK,2021-01-19,2021-01-26,0.05,-0.016084377487324608,-0.01708437748732461,-0.009625793511452208,-0.0074585839758724015
BLK,2021-07-14,2021-07-21,0.1,0.0026807754595052913,0.0016807754595052913,0.0016328619372802944,4.7913522224996875e-05
BLK,2021-07-23,2021-07-30,0.05,-0.0020486768421147383,-0.0030486768421147383,-0.0018729074838224058,-0.0011757693582923326
BLK,2021-09-16,2021-09-23,0.05,-0.016025760822016122,-0.017025760822016123,-0.000640312114401187,-0.016385448707614936
BLK,2021-10-04,2021-10-11,0.1,0.01716410460836637,0.01616410460836637,0.010476156174176188,0.005687948434190182
BLK,2021-11-17,2021-11-24,0.1,-0.0008802403425983707,-0.0018802403425983707,-0.001608286134029191,-0.00027195420856917975
BLK,2021-12-29,2022-01-05,0.1,-0.019731120423551962,-0.020731120423551963,-0.00025462424427369346,-0.02047649617927827
BLK,2022-01-19,2022-01-26,0.1,-0.036377921522524836,-0.03737792152252484,-0.02697512670401614,-0.010402794818508698
BLK,2022-01-27,2022-02-03,0.1,0.022602855033338143,0.021602855033338142,0.03492722338214227,-0.013324368348804128
BLK,2022-02-14,2022-02-22,0.05,-0.01950538121944001,-0.02050538121944001,-0.018075572963446418,-0.002429808255993593
BLK,2022-04-13,2022-04-21,0.05,-0.047894359614565785,-0.048894359614565785,0.003479876194737219,-0.052374235809303005
BLK,2022-04-26,2022-05-03,0.1,-0.02471250684595261,-0.02571250684595261,0.005159938523567442,-0.030872445369520052
BLK,2022-07-15,2022-07-22,0.1,0.0554158351143792,0.054415835114379196,0.028532884618962973,0.025882950495416224
BLK,2022-08-19,2022-08-26,0.1,-0.05240587231292215,-0.053405872312922154,-0.044669914995962845,-0.008735957316959309
BLK,2022-09-13,2022-09-20,0.1,-0.03504350555004743,-0.03604350555004743,-0.030436378200545122,-0.0056071273495023055
BLK,2022-09-30,2022-10-07,0.05,0.00021824750487331457,-0.0007817524951266855,0.024404669589130235,-0.02518642208425692
BLK,2022-10-10,2022-10-17,0.1,0.04346144055884138,0.04246144055884138,0.02190577693075535,0.02055566362808603
BLK,2022-11-17,2022-11-25,0.05,0.022833560793236174,0.021833560793236173,0.02669761184882735,-0.004864051055591179
BLK,2022-11-30,2022-12-07,0.1,-0.002725095904018704,-0.003725095904018704,-0.040788860520484804,0.0370637646164661
BLK,2023-02-09,2023-02-16,0.05,-0.004148083980700101,-0.005148083980700101,-0.0025167284658919042,-0.002631355514808197
BLK,2023-02-21,2023-02-28,0.1,-0.009083636437530518,-0.010083636437530519,-0.006290586154427791,-0.003793050283102728
BLK,2023-03-10,2023-03-17,0.05,0.0026455776709657375,0.0016455776709657375,-0.0013821519461170162,0.0030277296170827537
BLK,2023-04-24,2023-05-01,0.1,-0.01664239147930613,-0.01764239147930613,-0.011805626066956454,-0.005836765412349676
BLK,2023-10-13,2023-10-20,0.1,-0.020441149317834806,-0.021441149317834807,-0.015278275811733466,-0.006162873506101341
BLK,2023-12-22,2024-01-02,0.1,-0.002641892035443516,-0.003641892035443516,0.005766835633979062,-0.009408727669422579
BLK,2024-03-18,2024-03-25,0.1,0.019943904999951245,0.018943904999951244,0.019337986263192164,-0.00039408126324091963
BLK,2024-04-04,2024-04-11,0.1,-0.007739024683629636,-0.008739024683629637,0.003970558548670011,-0.012709583232299648
BLK,2024-04-12,2024-04-19,0.1,-0.01757947552625183,-0.018579475526251832,-0.01973747243012758,0.0011579969038757465
BLK,2025-01-07,2025-01-15,0.05,0.03305589869901571,0.032055898699015706,0.01852509613062514,0.013530802568390565
BLK,2025-02-14,2025-02-24,0.1,-0.021685522865843243,-0.022685522865843244,-0.0011840133571677791,-0.021501509508675465
BLK,2025-10-21,2025-10-28,0.1,-0.004469135546382064,-0.005469135546382064,0.009167225245477972,-0.014636360791860037
BLK,2026-01-09,2026-01-16,0.1,0.07194754794174374,0.07094754794174374,0.002247997619970743,0.068699550321773
BLK,2026-03-09,2026-03-16,0.1,-0.015046948111826164,-0.016046948111826165,-0.002270510110813362,-0.013776438001012803
BLK,2026-03-31,2026-04-08,0.1,0.04141575573631284,0.04041575573631284,0.02973845938470676,0.01067729635160608
BLK,2026-05-21,2026-05-29,0.1,-0.015858875701964203,-0.016858875701964204,0.03780807158852695,-0.05466694729049115
BLK,2026-06-02,2026-06-09,0.05,-0.0012732851337694528,-0.002273285133769453,-0.021108786045021866,0.018835500911252412
BLK,2026-06-25,2026-07-02,0.1,0.0244978802769944,0.0234978802769944,-0.011707915712033001,0.0352057959890274
BLK,2026-07-22,2026-07-29,0.1,0.02135090566703357,0.02035090566703357,-0.0034463349054032477,0.023797240572436817
BLK,2026-09-04,2026-09-14,0.1,-0.04564025250195147,-0.046640252501951474,-0.019755438059126273,-0.0268848144428252
CVS,2015-08-07,2015-08-14,0.1,-0.0006497231595187225,-0.0016497231595187225,0.0021645959190388364,-0.003814319078557559
CVS,2015-09-01,2015-09-09,0.1,-0.000398929714123919,-0.001398929714123919,0.014074537535020859,-0.015473467249144779
CVS,2015-10-30,2015-11-06,0.05,-0.0008100321679616052,-0.0018100321679616052,0.005972001023251572,-0.007782033191213177
CVS,2015-11-12,2015-11-19,0.1,-0.0067654178223586214,-0.0077654178223586215,0.01747662765635294,-0.02524204547871156
CVS,2015-11-23,2015-12-01,0.1,0.04248574224301804,0.04148574224301804,0.007861207563174766,0.033624534679843276
CVS,2016-02-08,2016-02-16,0.1,0.08131652917712429,0.08031652917712429,0.03410129113010396,0.046215238047020324
CVS,2016-04-08,2016-04-15,0.1,0.007588373215839717,0.0065883732158397166,0.019732260002500057,-0.013143886786660341
CVS,2016-05-20,2016-05-27,0.1,-0.02533690590301718,-0.026336905903017183,0.027566233954299246,-0.05390313985731643
CVS,2016-05-31,2016-06-07,0.05,0.001762590628509031,0.0007625906285090309,0.006907746831964046,-0.006145156203455015
CVS,2016-06-20,2016-06-27,0.05,0.00010710476132702595,-0.0008928952386729741,-0.03629562979615697,0.035402734557483995
CVS,2016-07-12,2016-07-19,0.1,0.008988139091866243,0.007988139091866242,0.002719891516161921,0.005268247575704321
CVS,2016-07-26,2016-08-02,0.1,0.04485870576948803,0.04385870576948803,-0.015098354993422491,0.05895706076291052
CVS,2016-08-09,2016-08-16,0.1,0.0011290111957700244,0.00012901119577002438,0.007111245535331934,-0.006982234339561909
CVS,2016-08-25,2016-09-01,0.05,-0.004371977912361769,-0.005371977912361769,-0.006325980870682146,0.0009540029583203777
CVS,2016-09-14,2016-09-21,0.1,0.009167897156201477,0.008167897156201476,0.01773244416395303,-0.009564547007751556
CVS,2016-09-30,2016-10-07,0.1,-0.029104249804030702,-0.030104249804030703,-0.015807957870250466,-0.014296291933780236
CVS,2016-10-19,2016-10-26,0.1,0.018551771166226416,0.017551771166226415,0.01198801114702941,0.005563760019197006
CVS,2016-10-28,2016-11-04,0.05,-0.012595818134808479,-0.01359581813480848,-0.014052720177248235,0.0004569020424397552
CVS,2016-11-08,2016-11-15,0.05,0.020535997462733935,0.019535997462733934,0.024477652541269324,-0.00494165507853539
CVS,2016-11-17,2016-11-25,0.05,-0.002827514647333107,-0.003827514647333107,0.010485578260807982,-0.01431309290814109
CVS,2016-12-13,2016-12-20,0.1,-0.0038675710151492293,-0.004867571015149229,-0.006417541105322666,0.0015499700901734368
CVS,2017-01-25,2017-02-01,0.1,-0.019122062309233412,-0.020122062309233413,-0.01553792547975097,-0.004584136829482444
CVS,2017-02-03,2017-02-10,0.1,0.040683773671845946,0.039683773671845946,0.005339653822638457,0.03434411984920749
CVS,2017-03-15,2017-03-22,0.05,-0.015928829123901478,-0.01692882912390148,-0.009113578313781012,-0.007815250810120467
CVS,2017-04-03,2017-04-10,0.1,-0.0030750745516501254,-0.0040750745516501255,-0.001483176569369471,-0.0025918979822806545
CVS,2017-05-02,2017-05-09,0.05,0.026582277663083742,0.02558227766308374,0.008414781004202565,0.017167496658881176
CVS,2017-05-17,2017-05-24,0.1,0.0011794366858979277,0.0001794366858979277,0.019503579787645053,-0.019324143101747127
CVS,2017-05-25,2017-06-02,0.1,0.040816587145673155,0.039816587145673155,0.018181157451284236,0.02163542969438892
CVS,2017-07-12,2017-07-19,0.1,-0.0007745031276717995,-0.0017745031276717995,0.011396012130643562,-0.013170515258315363
CVS,2017-08-18,2017-08-25,0.05,-0.02974501289218101,-0.030745012892181012,0.0037825643613806914,-0.0345275772535617
CVS,2017-09-20,2017-09-27,0.1,0.009541735745466573,0.008541735745466572,0.0034322123147343397,0.005109523430732232
CVS,2017-10-03,2017-10-10,0.05,-0.07662838299153751,-0.07762838299153751,0.0027330422348674777,-0.08036142522640499
CVS,2017-10-11,2017-10-18,0.05,0.002705919937629586,0.0017059199376295861,0.003638406235654701,-0.0019324862980251148
CVS,2017-10-27,2017-11-03,0.05,0.003768439786030253,0.002768439786030253,0.001914974932184288,0.0008534648538459652
CVS,2017-12-06,2017-12-13,0.1,0.0033624534199436784,0.0023624534199436784,0.01414511026031784,-0.011782656840374162
CVS,2017-12-18,2017-12-26,0.1,0.028045312873700157,0.027045312873700156,-0.0038087462126412674,0.030854059086341423
CVS,2017-12-29,2018-01-08,0.1,0.07268961146095321,0.0716896114609532,0.0374443854857911,0.03424522597516211
CVS,2018-02-02,2018-02-09,0.1,-0.09234787779172993,-0.09334787779172993,-0.052427187641062245,-0.04092069015066768
CVS,2018-02-12,2018-02-20,0.1,0.011306763783410556,0.010306763783410555,0.0207761499510426,-0.010469386167632044
CVS,2018-02-21,2018-02-28,0.1,-0.014979279860828698,-0.0159792798608287,0.012994549226310825,-0.028973829087139524
CVS,2018-03-15,2018-03-22,0.05,-0.061797919822134784,-0.06279791982213478,-0.04106207241312976,-0.021735847409005027
CVS,2018-04-13,2018-04-20,0.1,0.034497099269038545,0.033497099269038544,0.007620789665413463,0.02587630960362508
CVS,2018-05-03,2018-05-10,0.1,0.002729950311360918,0.001729950311360918,0.04128060084127627,-0.039550650529915354
CVS,2018-05-21,2018-05-29,0.05,-0.010686840351689542,-0.011686840351689542,-0.013142221356154948,0.0014553810044654059
CVS,2018-06-04,2018-06-11,0.1,0.04430587251897977,0.04330587251897977,0.019465953231229127,0.023839919287750644
CVS,2018-06-28,2018-07-06,0.1,0.010641577699147753,0.009641577699147752,0.01961971477706248,-0.009978137077914728
CVS,2018-07-19,2018-07-26,0.05,0.010641059480641868,0.009641059480641867,0.022605194502596238,-0.01296413502195437
CVS,2018-08-06,2018-08-13,0.05,0.06857318435610149,0.06757318435610149,-0.004990566180409384,0.07256375053651087
CVS,2018-10-16,2018-10-23,0.1,-0.010434808787496141,-0.011434808787496142,-0.029338271826530482,0.01790346303903434
CVS,2018-12-03,2018-12-11,0.05,-0.07683567690792903,-0.07783567690792903,-0.06143843467572485,-0.01639724223220418
CVS,2018-12-12,2018-12-19,0.1,-0.07932905967986592,-0.08032905967986592,-0.05757635627434654,-0.02275270340551938
CVS,2018-12-21,2018-12-31,0.1,0.028571151754947177,0.027571151754947176,0.042029969404319356,-0.01445881764937218
CVS,2019-01-02,2019-01-09,0.1,0.007014281909407227,0.006014281909407227,0.026593301607561903,-0.020579019698154677
CVS,2019-01-10,2019-01-17,0.05,-0.03325718776799991,-0.03425718776799991,0.0015357754117935052,-0.03579296317979341
CVS,2019-02-05,2019-02-12,0.1,0.02040531565790027,0.01940531565790027,0.01420769193266258,0.005197623725237688
CVS,2019-02-20,2019-02-27,0.1,-0.08906862518387026,-0.09006862518387027,0.0004111376056237237,-0.09047976278949399
CVS,2019-02-28,2019-03-07,0.05,-0.09458767912741162,-0.09558767912741162,-0.016953965755394318,-0.0786337133720173
CVS,2019-03-08,2019-03-15,0.05,0.050444085719027365,0.049444085719027364,0.030982928812101074,0.01846115690692629
CVS,2019-03-26,2019-04-02,0.05,-0.05885544852251223,-0.05985544852251223,0.014524169777615725,-0.07437961830012796
CVS,2019-04-03,2019-04-10,0.05,0.020458292191360083,0.019458292191360083,-0.00032994908349393004,0.019788241274854013
CVS,2019-05-14,2019-05-21,0.1,0.010383322110413262,0.009383322110413261,-0.004898772335439672,0.014282094445852933
CVS,2019-06-07,2019-06-14,0.05,0.004636741134917077,0.0036367411349170773,-0.0016941034449804437,0.005330844579897521
CVS,2019-06-20,2019-06-27,0.1,0.016150117230486094,0.015150117230486093,0.001887580221239471,0.013262537009246622
CVS,2019-07-22,2019-07-29,0.1,0.02315016110082113,0.02215016110082113,0.02198244400587135,0.00016771709494978193
CVS,2019-08-27,2019-09-04,0.1,0.041730154306104605,0.040730154306104605,0.02616488469926459,0.014565269606840014
CVS,2019-09-26,2019-10-03,0.1,-0.006007396722953584,-0.007007396722953584,-0.026081110471933955,0.01907371374898037
CVS,2019-12-10,2019-12-17,0.1,0.0023232765882232886,0.0013232765882232886,0.020370416591392937,-0.01904714000316965
CVS,2020-01-10,2020-01-17,0.05,0.054222939400224934,0.05322293940022493,0.017305778298386087,0.035917161101838846
CVS,2020-01-24,2020-01-31,0.1,-0.05053897331491308,-0.051538973314913084,-0.0403683605049574,-0.011170612809955682
CVS,2020-02-19,2020-02-26,0.1,-0.12719407135069039,-0.1281940713506904,-0.0779659410339848,-0.05022813031670559
CVS,2020-02-27,2020-03-05,0.05,0.08477983220303864,0.08377983220303864,0.024126876683527643,0.059652955519511
CVS,2020-04-06,2020-04-14,0.1,0.09498400994858436,0.09398400994858436,0.056438110764403415,0.03754589918418094
CVS,2020-06-15,2020-06-22,0.1,0.015477087013227031,0.01447708701322703,0.012378823618960144,0.002098263394266886
CVS,2020-07-09,2020-07-16,0.1,0.06054172081666964,0.05954172081666964,0.030045832560077645,0.029495888256591996
CVS,2020-08-26,2020-09-02,0.1,-0.028548738730916456,-0.029548738730916457,0.030831732535688383,-0.06038047126660484
CVS,2020-09-03,2020-09-11,0.1,-0.050455035502096734,-0.051455035502096735,-0.018029868708548835,-0.0334251667935479
CVS,2020-09-14,2020-09-21,0.1,0.015525156308070942,0.014525156308070941,-0.015566233085603565,0.030091389393674506
CVS,2020-10-13,2020-10-20,0.1,0.005243758379466001,0.004243758379466001,-0.0067839837290051275,0.011027742108471128
CVS,2020-11-17,2020-11-24,0.1,0.01921361493119078,0.01821361493119078,0.021862906764223977,-0.003649291833033197
CVS,2020-12-11,2020-12-18,0.1,-0.028359950874525697,-0.029359950874525698,0.00244487720215969,-0.03180482807668539
CVS,2021-01-25,2021-02-01,0.05,-0.02390349509934686,-0.024903495099346862,-0.01492850285452596,-0.009974992244820902
CVS,2021-02-02,2021-02-09,0.05,0.02310998560180688,0.02210998560180688,0.01403329927410124,0.00807668632770564
CVS,2021-02-16,2021-02-23,0.1,-0.01261891408317073,-0.01361891408317073,-0.007400621251816175,-0.006218292831354555
CVS,2021-04-06,2021-04-13,0.1,-0.00804092606858997,-0.009040926068589972,0.00745980392490031,-0.016500729993490282
CVS,2021-06-02,2021-06-09,0.1,-0.012094762501073442,-0.013094762501073443,-0.001509496963032042,-0.0115852655380414
CVS,2021-07-01,2021-07-09,0.1,-0.010946158265840444,-0.011946158265840445,0.012171916504959412,-0.024118074770799858
CVS,2021-08-05,2021-08-12,0.05,0.06358530745997504,0.06258530745997504,0.0012133513659897677,0.06137195609398527
CVS,2021-08-24,2021-08-31,0.1,0.030783679219281046,0.029783679219281045,0.008806992661450463,0.02097668655783058
CVS,2021-10-06,2021-10-13,0.1,0.00011989590825689511,-0.0008801040917431049,0.003094852953811955,-0.00397495704555506
CVS,2021-11-10,2021-11-17,0.1,-0.002474116028692741,-0.003474116028692741,0.004976515011200666,-0.008450631039893408
CVS,2022-02-14,2022-02-22,0.1,-0.010485595287340277,-0.011485595287340278,-0.018075572963446418,0.00658997767610614
CVS,2022-03-22,2022-03-29,0.05,-0.02378069939530192,-0.02478069939530192,0.017963344634239764,-0.042744044029541683
CVS,2022-03-30,2022-04-06,0.05,-0.014389270084832928,-0.015389270084832929,-0.025422645072509686,0.010033374987676758
CVS,2022-05-03,2022-05-10,0.05,0.022713069165262834,0.021713069165262833,-0.02429187478858541,0.04600494395384824
CVS,2022-06-03,2022-06-10,0.05,-0.01822982215427038,-0.019229822154270382,-0.04897621472258207,0.029746392568311686
CVS,2022-10-07,2022-10-14,0.05,0.011897828106104624,0.010897828106104623,-0.005221089104071708,0.01611891721017633
CVS,2022-10-26,2022-11-02,0.1,0.043890966989331925,0.042890966989331925,-0.0029482398051544623,0.04583920679448639
CVS,2022-11-10,2022-11-17,0.1,-0.049844982654323244,-0.050844982654323245,-0.0029086444274468715,-0.047936338226876374
CVS,2022-12-13,2022-12-20,0.1,-0.06117222668867672,-0.062172226688676724,-0.044359931362285665,-0.01781229532639106
CVS,2022-12-21,2022-12-29,0.1,-0.00711856204265271,-0.00811856204265271,-0.0021120135280852104,-0.0060065485145675
CVS,2023-01-05,2023-01-12,0.1,-0.014040831199084947,-0.015040831199084947,0.04183375820463886,-0.05687458940372381
CVS,2023-01-17,2023-01-24,0.1,-0.030836805432405412,-0.03183680543240541,0.003429367228923841,-0.035266172661329254
CVS,2023-01-25,2023-02-01,0.1,0.02029152762728037,0.01929152762728037,0.031694101068607594,-0.012402573441327225
CVS,2023-02-07,2023-02-14,0.1,0.029541640639918265,0.028541640639918264,-0.01004148521278081,0.038583125852699074
CVS,2023-02-28,2023-03-07,0.1,-0.036988232247217256,-0.03798823224721726,0.00596004129673644,-0.0439482735439537
CVS,2023-03-08,2023-03-15,0.05,-0.05525637776421355,-0.05625637776421355,-0.03330052700453201,-0.02295585075968154
CVS,2023-03-20,2023-03-27,0.1,-0.01880526136755989,-0.01980526136755989,0.006660708280350258,-0.026465969647910148
CVS,2023-03-28,2023-04-04,0.1,0.04280608356065474,0.04180608356065474,0.025352671228147772,0.016453412332506967
CVS,2023-04-13,2023-04-20,0.05,-0.02078908159860382,-0.02178908159860382,0.004388784344680596,-0.026177865943284417
CVS,2023-05-08,2023-05-15,0.1,-0.011911741596847825,-0.012911741596847826,-0.003872265325999269,-0.009039476270848557
CVS,2023-05-16,2023-05-23,0.1,0.03830108888869743,0.03730108888869743,0.0064443181719362475,0.030856770716761184
CVS,2023-06-14,2023-06-22,0.05,0.04141025259433628,0.04041025259433628,-0.0030013417227759964,0.04341159431711228
CVS,2023-08-17,2023-08-24,0.05,-0.004640694818413782,-0.005640694818413782,-0.00936830930670185,0.0037276144882880677
CVS,2023-08-29,2023-09-06,0.1,-0.024131994789525102,-0.025131994789525103,-0.004149483698964729,-0.020982511090560374
CVS,2023-11-14,2023-11-21,0.1,-0.006131314896791973,-0.007131314896791973,0.021424957252372145,-0.02855627214916412
CVS,2023-11-30,2023-12-07,0.05,0.0891833539052731,0.0881833539052731,0.007392923160943754,0.08079043074432934
CVS,2023-12-15,2023-12-22,0.1,0.058175455382866614,0.05717545538286661,0.011902232481743047,0.045273222901123567
CVS,2024-01-10,2024-01-18,0.1,-0.06764249559352675,-0.06864249559352675,-0.0028442495559649617,-0.06579824603756179
CVS,2024-01-19,2024-01-26,0.05,-0.0030046078230243634,-0.004004607823024363,-0.002237610125420564,-0.0017669976976037996
CVS,2024-02-26,2024-03-04,0.05,-0.03323310786176603,-0.03423310786176603,0.016780620019654302,-0.051013727881420334
CVS,2024-03-05,2024-03-12,0.1,0.02035007075563411,0.019350070755634108,0.028866830810340582,-0.009516760054706475
CVS,2024-04-02,2024-04-09,0.05,-0.006231496951889848,-0.007231496951889848,-0.003218734361613129,-0.004012762590276719
CVS,2024-04-10,2024-04-17,0.05,-0.035840018713748756,-0.03684001871374876,-0.029127647201466433,-0.007712371512282323
CVS,2024-04-25,2024-05-02,0.05,-0.18090003335426086,-0.18190003335426086,-0.00571753608533021,-0.17618249726893065
CVS,2024-05-03,2024-05-10,0.05,-0.0014310086932084465,-0.0024310086932084465,0.028130432474688938,-0.030561441167897385
CVS,2024-05-28,2024-06-04,0.1,0.12362470207424714,0.12262470207424714,-0.001502015602191653,0.12412671767643879
CVS,2024-07-01,2024-07-09,0.1,-0.009114276862355664,-0.010114276862355664,0.0032639589377114753,-0.01337823580006714
CVS,2024-08-12,2024-08-19,0.05,0.05357456044924569,0.05257456044924569,0.03939105107269625,0.01318350937654944
CVS,2024-08-27,2024-09-04,0.1,0.03202229406930157,0.03102229406930157,-0.013341760825022475,0.044364054894324045
CVS,2024-09-11,2024-09-18,0.05,0.04116908248495621,0.04016908248495621,0.02109779318835825,0.01907128929659796
CVS,2024-10-15,2024-10-22,0.1,-0.11563820537647418,-0.11663820537647418,-0.011853372535853501,-0.10478483284062068
CVS,2024-10-23,2024-10-30,0.05,-0.006868674499605931,-0.007868674499605932,-0.006126890616709457,-0.001741783882896475
CVS,2024-11-04,2024-11-11,0.05,0.021225905444589355,0.020225905444589354,0.051996508876857916,-0.03177060343226856
CVS,2024-11-13,2024-11-20,0.05,0.04717166534648709,0.04617166534648709,-0.017696326109015392,0.06386799145550248
CVS,2024-12-05,2024-12-12,0.1,-0.12803370963087202,-0.12903370963087202,-0.014622522709969887,-0.11441118692090213
CVS,2024-12-13,2024-12-20,0.05,-0.10147860783304374,-0.10247860783304374,-0.030650810766983394,-0.07182779706606035
CVS,2024-12-23,2024-12-31,0.1,0.01699131647980079,0.015991316479800788,-0.009170484796810818,0.025161801276611606
CVS,2025-02-21,2025-02-28,0.1,0.03528669102728066,0.03428669102728066,0.00551106448975891,0.028775626537521748
CVS,2025-04-15,2025-04-23,0.1,-0.038798783539877535,-0.039798783539877536,0.005248635884806507,-0.04504741942468404
CVS,2025-04-24,2025-05-01,0.05,0.053549778917227675,0.052549778917227674,0.0038216571131890475,0.04872812180403863
CVS,2025-05-12,2025-05-19,0.05,-0.03132238864629866,-0.03232238864629866,0.009888310164986702,-0.04221069881128536
CVS,2025-07-03,2025-07-11,0.1,-0.03930008408195773,-0.04030008408195773,-0.007460229118005479,-0.03283985496395225
CVS,2025-07-14,2025-07-21,0.1,-0.04226224550479907,-0.04326224550479907,-0.017489862847171578,-0.02577238265762749
CVS,2025-07-24,2025-07-31,0.1,0.05702131274287492,0.05602131274287492,-0.021639487799048562,0.07766080054192348
CVS,2025-12-03,2025-12-10,0.05,0.052933335068382714,0.05193333506838271,0.010314252782180011,0.0416190822862027
CVS,2026-01-27,2026-02-03,0.1,0.06708343049194232,0.06608343049194232,0.016135975070634467,0.04994745542130785
CVS,2026-03-19,2026-03-26,0.05,-0.009462753870548624,-0.010462753870548624,-0.01321048802307645,0.0027477341525278254
CVS,2026-04-15,2026-04-22,0.05,0.019202638848686338,0.018202638848686337,0.011579386479178666,0.006623252369507671
CVS,2026-05-21,2026-05-29,0.05,-0.02507498326598734,-0.02607498326598734,0.03780807158852695,-0.06388305485451429
CVS,2026-08-04,2026-08-11,0.05,-0.10457765141192021,-0.10557765141192021,-0.00044609192351074967,-0.10513155948840947
CVS,2026-08-12,2026-08-19,0.1,-0.011296449335247094,-0.012296449335247095,0.012385337469340785,-0.02468178680458788
AXP,2015-07-28,2015-08-04,0.05,0.008120601741252953,0.007120601741252953,0.002118769776976448,0.005001831964276505
AXP,2015-10-02,2015-10-09,0.1,0.04317550515033153,0.04217550515033153,0.04372488595091295,-0.0015493808005814236
AXP,2015-10-22,2015-10-29,0.1,0.02372438710606728,0.02272438710606728,0.0049732751374496065,0.017751111968617672
AXP,2016-01-06,2016-01-13,0.05,-0.02437116666825645,-0.02537116666825645,-0.04996106173658932,0.024589895068332868
AXP,2016-01-22,2016-01-29,0.05,-0.028332805568062724,-0.029332805568062725,0.011147273687011738,-0.040480079255074464
AXP,2016-03-15,2016-03-22,0.1,0.023299188010199146,0.022299188010199145,0.027927599641943912,-0.0056284116317447674
AXP,2016-04-07,2016-04-14,0.05,0.06201148105248144,0.06101148105248144,0.022885052494555858,0.038126428557925585
AXP,2016-06-14,2016-06-21,0.1,0.019976829479840363,0.018976829479840363,0.01253689986465134,0.006439929615189022
AXP,2016-06-24,2016-07-01,0.1,0.015575759893125207,0.014575759893125206,0.024393753100947713,-0.009817993207822506
AXP,2016-08-15,2016-08-22,0.1,-0.004114112239368861,-0.005114112239368861,-0.003448865893482145,-0.0016652463458867164
AXP,2017-03-21,2017-03-28,0.05,0.014317150429371317,0.013317150429371316,0.00794015091432998,0.005376999515041336
AXP,2017-04-28,2017-05-05,0.05,-0.011734980286916108,-0.012734980286916109,0.009191038063641077,-0.021926018350557186
AXP,2017-05-08,2017-05-15,0.1,0.002175194143896775,0.0011751941438967748,0.0016153527501019393,-0.0004401586062051646
AXP,2017-08-22,2017-08-29,0.1,0.0014067159563742049,0.00040671595637420486,-0.0008886430420838032,0.001295358998458008
AXP,2017-09-07,2017-09-14,0.1,0.02108739689751249,0.02008739689751249,0.01818718911005912,0.0019002077874533674
AXP,2017-10-20,2017-10-27,0.1,0.040177653390077284,0.03917765339007728,0.0009846562150288563,0.038192997175048427
AXP,2017-11-10,2017-11-17,0.1,0.0018181576509703756,0.0008181576509703756,0.00040695341662688733,0.0004112042343434883
AXP,2017-12-13,2017-12-20,0.1,0.007465789869836703,0.006465789869836703,0.008591514309912451,-0.0021257244400757483
AXP,2018-01-17,2018-01-24,0.1,-0.014490066375641097,-0.015490066375641098,0.0018353648383830912,-0.01732543121402419
AXP,2018-02-08,2018-02-15,0.1,0.09304920138052819,0.09204920138052819,0.05503254473779595,0.03701665664273224
AXP,2018-03-05,2018-03-12,0.1,0.010448789688710436,0.009448789688710435,0.023795467095408585,-0.01434667740669815
AXP,2018-05-30,2018-06-06,0.05,0.020002329951178455,0.019002329951178454,0.020605120796542975,-0.0016027908453645212
AXP,2018-07-10,2018-07-17,0.1,0.012411099199669984,0.011411099199669983,0.006410850328343098,0.0050002488713268844
AXP,2018-07-31,2018-08-07,0.1,0.024618506792994488,0.023618506792994487,0.007866651072151232,0.015751855720843255
AXP,2018-09-26,2018-10-03,0.1,0.004073711687206716,0.003073711687206716,0.007512623892754977,-0.004438912205548261
AXP,2018-12-03,2018-12-11,0.1,-0.0619434965502802,-0.0629434965502802,-0.06143843467572485,-0.0015050618745553468
AXP,2018-12-21,2018-12-31,0.05,0.04368763302602896,0.04268763302602896,0.042029969404319356,0.0006576636217096032
AXP,2019-03-20,2019-03-27,0.1,-0.016159487111930826,-0.017159487111930827,-0.007453492486349189,-0.009705994625581638
AXP,2019-06-04,2019-06-11,0.1,0.05459976995122018,0.05359976995122018,0.026473713974201507,0.02712605597701867
AXP,2019-07-30,2019-08-06,0.1,-0.030995472869938756,-0.03199547286993876,-0.05686109212796242,0.024865619258023663
AXP,2019-08-20,2019-08-27,0.05,-0.030225565555921263,-0.031225565555921264,0.0021430265717454766,-0.03336859212766674
AXP,2019-09-03,2019-09-10,0.1,-0.002465714610469738,-0.003465714610469738,0.029194858761683484,-0.03266057337215322
AXP,2020-02-25,2020-03-03,0.1,-0.10661699015500903,-0.10761699015500903,-0.03147844725104598,-0.07613854290396305
AXP,2020-03-05,2020-03-12,0.1,-0.24707055306165848,-0.24807055306165848,-0.16456260295059444,-0.08350795011106404
AXP,2020-03-18,2020-03-25,0.05,0.2226443149921591,0.22164431499215909,0.012135541616141055,0.20950877337601803
AXP,2020-04-01,2020-04-08,0.05,0.18951034643711084,0.18851034643711084,0.11346414347077682,0.07504620296633402
AXP,2020-04-15,2020-04-22,0.1,-0.014918418040943626,-0.015918418040943627,0.009227555430676437,-0.025145973471620064
AXP,2020-05-06,2020-05-13,0.05,-0.0710714565028322,-0.0720714565028322,-0.015983638781646103,-0.056087817721186095
AXP,2020-05-15,2020-05-22,0.05,0.08647553983409484,0.08547553983409484,0.028959110424813694,0.056516429409281144
AXP,2020-06-11,2020-06-18,0.1,0.03610555161547713,0.035105551615477126,0.03249036750884726,0.0026151841066298642
AXP,2020-06-19,2020-06-26,0.1,-0.07449971411768086,-0.07549971411768086,-0.02880929317580716,-0.0466904209418737
AXP,2020-06-29,2020-07-07,0.05,-0.011510768627080448,-0.012510768627080449,0.02360368056807971,-0.03611444919516016
AXP,2020-08-17,2020-08-24,0.1,0.0182471236414945,0.0172471236414945,0.01079385186433024,0.00645327177716426
AXP,2020-09-21,2020-09-28,0.05,0.0066212806085783615,0.0056212806085783615,0.009370420745508756,-0.0037491401369303947
AXP,2020-10-23,2020-10-30,0.05,-0.09645465140246645,-0.09745465140246645,-0.0563544321129531,-0.04110021928951335
AXP,2021-01-26,2021-02-02,0.05,0.039173426603664074,0.038173426603664073,0.003730590512950549,0.034442836090713524
AXP,2021-03-15,2021-03-22,0.1,-0.04789444806457577,-0.04889444806457577,0.0025648298412104253,-0.051459277905786194
AXP,2021-08-03,2021-08-10,0.05,0.002662267220683745,0.001662267220683745,-0.00421967964069947,0.005881946861383215
AXP,2021-08-16,2021-08-23,0.1,-0.03197578098089726,-0.03297578098089726,-0.00964444677132914,-0.023331334209568122
AXP,2021-09-02,2021-09-10,0.05,-0.020549004759519485,-0.021549004759519486,-0.02042900498535838,-0.0011199997741611067
AXP,2021-10-29,2021-11-05,0.05,0.01674547871981491,0.01574547871981491,0.021128237939505468,-0.005382759219690558
AXP,2021-11-22,2021-11-30,0.1,-0.10883561689861332,-0.10983561689861332,-0.03558062922735039,-0.07425498767126293
AXP,2021-12-01,2021-12-08,0.1,0.12574943952707618,0.12474943952707618,0.03381731029170121,0.09093212923537497
AXP,2021-12-15,2021-12-22,0.05,0.0014175823277462474,0.00041758232774624735,-0.016868193016250976,0.017285775343997223
AXP,2022-01-19,2022-01-26,0.05,0.08631264640057656,0.08531264640057656,-0.02697512670401614,0.1122877731045927
AXP,2022-03-01,2022-03-08,0.05,-0.101145806461434,-0.10214580646143401,-0.024535885539505364,-0.07760992092192864
AXP,2022-05-02,2022-05-09,0.05,-0.06176448006641666,-0.06276448006641666,-0.02386265341974192,-0.03890182664667474
AXP,2022-05-12,2022-05-19,0.05,0.004762539573238911,0.003762539573238911,-0.027419208807518247,0.031181748380757157
AXP,2022-06-13,2022-06-21,0.1,-0.010458616112326347,-0.011458616112326347,-0.0031354981787325986,-0.008323117933593749
AXP,2022-06-27,2022-07-05,0.1,-0.028535171415968508,-0.02953517141596851,-0.0182964836363374,-0.011238687779631107
AXP,2022-09-22,2022-09-29,0.1,-0.036635688294747615,-0.037635688294747616,-0.0270101756664195,-0.010625512628328115
AXP,2022-10-24,2022-10-31,0.1,0.048153406512579267,0.047153406512579266,0.033255204333476174,0.013898202179103092
AXP,2022-12-19,2022-12-27,0.1,0.009516715034253664,0.008516715034253663,0.0029935380939043466,0.005523176940349317
AXP,2023-03-10,2023-03-17,0.1,-0.05540154181053836,-0.05640154181053836,-0.0013821519461170162,-0.05501938986442134
AXP,2023-03-28,2023-04-04,0.05,0.02104092416873793,0.020040924168737928,0.025352671228147772,-0.005311747059409844
AXP,2023-07-21,2023-07-28,0.05,-0.028140342318350053,-0.029140342318350054,-0.002294030633255617,-0.026846311685094437
AXP,2023-09-22,2023-09-29,0.1,-0.02541162686430376,-0.02641162686430376,-0.010672778013162798,-0.015738848851140963
AXP,2023-10-03,2023-10-10,0.1,0.04481281410551974,0.04381281410551974,0.018240441059300228,0.02557237304621951
AXP,2023-10-20,2023-10-27,0.05,-0.0018365738272891896,-0.0028365738272891896,-0.02408264216839251,0.02124606834110332
AXP,2023-12-11,2023-12-18,0.05,0.08533755173721347,0.08433755173721347,0.030066135236885394,0.054271416500328074
AXP,2024-01-12,2024-01-22,0.1,0.016315010376467542,0.015315010376467542,0.008106767487799482,0.007208242888668059
AXP,2024-06-10,2024-06-17,0.1,-0.01794027303995327,-0.01894027303995327,0.0037453456093914372,-0.022685618649344708
AXP,2024-09-10,2024-09-17,0.1,0.08141147361447754,0.08041147361447754,0.03038434327476791,0.050027130339709625
AXP,2025-03-07,2025-03-14,0.05,-0.027744250480084776,-0.028744250480084776,-0.02818559442584101,-0.0005586560542437669
AXP,2025-05-21,2025-05-29,0.05,0.03279730361199995,0.03179730361199995,0.006048136991351649,0.0257491666206483
AXP,2025-06-13,2025-06-23,0.1,0.04114128266008743,0.04014128266008743,0.0050050098748724015,0.03513627278521503
AXP,2025-07-21,2025-07-28,0.05,0.025646228162595097,0.024646228162595096,0.007084845717101551,0.017561382445493545
AXP,2025-10-02,2025-10-09,0.1,-0.018276437084076558,-0.01927643708407656,0.0006572123211274761,-0.019933649405204035
AXP,2025-11-14,2025-11-21,0.1,-0.012010715316269849,-0.01301071531626985,-0.024589396972138577,0.011578681655868728
AXP,2025-12-30,2026-01-07,0.05,0.01518568600368364,0.01418568600368364,0.025596346542794413,-0.011410660539110773
AXP,2026-01-12,2026-01-20,0.05,-0.0205789780248965,-0.0215789780248965,-0.014598915425533487,-0.006980062599363013
AXP,2026-02-12,2026-02-20,0.1,0.009624326369225278,0.008624326369225277,0.0024670877442340977,0.006157238624991179
AXP,2026-02-24,2026-03-03,0.05,-0.03950318286230492,-0.04050318286230492,-0.009172164312257203,-0.03133101855004772
AXP,2026-03-05,2026-03-12,0.1,-0.01731704641041587,-0.01831704641041587,-0.017740115028011094,-0.0005769313824047773
AXP,2026-04-29,2026-05-06,0.1,0.01980042041756147,0.01880042041756147,0.046168397423769436,-0.027367977006207966
AXP,2026-07-23,2026-07-30,0.1,-0.009740662363249997,-0.010740662363249998,0.011970262112223073,-0.02271092447547307
