stock,selloff_date,entry_date,exit_date,branch,z,spy_z,vr,ret,ret_net,bench_ret,excess_ret
KO,2016-01-04,2016-01-07,2016-01-14,market_wide,-3.173300904768397,-2.871076117671153,1.5609402461736142,0.0062466163468437585,0.0052466163468437585,-0.012960508498789602,0.01820712484563336
KO,2016-01-14,2016-01-20,2016-01-27,market_wide,-2.5561435405172266,-2.4188164125712546,1.0500159520142447,0.01715809217812181,0.016158092178121808,0.009733505953459565,0.006424586224662243
KO,2016-04-13,2016-04-18,2016-04-25,idiosyncratic,-4.304972707090445,0.9762264027954044,1.1067216483120406,-0.032669789267324445,-0.033669789267324446,-0.00013728139960700325,-0.03353250786771744
KO,2016-05-17,2016-05-20,2016-05-27,market_wide,-3.2909573260948086,-3.2854945487990936,1.87243581836611,0.01888506398531753,0.01788506398531753,0.02756614651442124,-0.009681082529103713
KO,2016-06-17,2016-06-22,2016-06-29,market_wide,-3.2372564162538335,-2.678445190032804,2.0111376508082577,-0.009362344155740887,-0.010362344155740888,-0.0051262150472466406,-0.005236129108494247
KO,2016-07-27,2016-08-01,2016-08-08,market_wide,-9.3045500993726,-1.0808806034970995,4.058465758648634,-0.00023007487057458142,-0.0012300748705745814,0.01034755093756945,-0.011577625808144032
KO,2016-08-08,2016-08-11,2016-08-18,idiosyncratic,-2.8975344286330693,-0.19154065560893546,0.5750070051715721,0.00799985809564352,0.0069998580956435194,0.005332758561081619,0.0016670995345619008
KO,2016-08-25,2016-08-30,2016-09-07,market_wide,-3.4703220718451786,-3.465031047852498,0.9748910216109434,0.009250721846734367,0.008250721846734366,-0.0046931264255770655,0.012943848272311431
KO,2016-09-13,2016-09-16,2016-09-23,market_wide,-2.6851000099699753,-3.378605952590239,1.1390743258146068,0.014238186984977919,0.013238186984977918,0.005004006904600011,0.008234180080377906
KO,2016-09-26,2016-09-29,2016-10-06,market_wide,-2.901913586265587,-1.7188455169335175,1.3295111508813007,-0.007613926919096792,-0.008613926919096793,0.00046664779374938625,-0.009080574712846179
KO,2016-10-04,2016-10-07,2016-10-14,market_wide,-3.4578401688625147,-2.189271681976996,1.1318933219063345,-0.001438412160484237,-0.002438412160484237,-0.011352373982761343,0.008913961822277106
KO,2016-10-13,2016-10-18,2016-10-25,market_wide,-2.542053270263981,-3.3190515030853467,1.5654223216051084,0.013581700093988847,0.012581700093988846,0.008808527108869368,0.0037731729851194773
KO,2016-11-10,2016-11-15,2016-11-22,idiosyncratic,-6.1559083949871205,0.2178760923223697,2.397473406077354,-0.0016894520758384823,-0.0026894520758384824,0.008261859092565382,-0.010951311168403866
KO,2016-11-18,2016-11-23,2016-12-01,idiosyncratic,-2.9027722529041564,-0.15889798349119974,0.9631584653858574,-0.014844465918598782,-0.015844465918598782,-0.01364641565971636,-0.0021980502588824224
KO,2016-12-01,2016-12-06,2016-12-13,market_wide,-3.973550585796279,-1.6770417911966697,1.4961481875699605,0.029331609364097178,0.028331609364097177,0.03199823161747384,-0.0036666222533766613
KO,2016-12-30,2017-01-05,2017-01-12,market_wide,-3.0107446887950755,-4.183739230699825,1.1016528346176122,-0.019161930439864583,-0.020161930439864584,0.005818854153281983,-0.025980784593146566
KO,2017-01-11,2017-01-17,2017-01-24,idiosyncratic,-3.1837470589156998,-0.09002097212983588,0.8218556009766974,0.016496979870306294,0.015496979870306293,-0.003356733800495282,0.018853713670801575
KO,2017-02-01,2017-02-06,2017-02-13,market_wide,-2.787745262443135,-1.5016188111954303,0.9014997336649164,-0.02261829277773897,-0.02361829277773897,0.014669435804462116,-0.038287728582201086
KO,2017-02-09,2017-02-14,2017-02-22,idiosyncratic,-3.138006503582652,1.5849894637362452,2.2327327807298594,0.026400428728608816,0.025400428728608815,0.010841816481283795,0.01455861224732502
KO,2017-06-27,2017-06-30,2017-07-10,market_wide,-3.330431936924947,-5.685558648487389,0.9919092096187133,-0.010479507003145705,-0.011479507003145706,-0.0033240842034935048,-0.008155422799652201
KO,2017-07-06,2017-07-11,2017-07-18,market_wide,-4.322641413264533,-3.7089769085961857,1.5102027654227717,0.0076692139207288346,0.0066692139207288345,0.014315494499797854,-0.007646280579069019
KO,2017-08-09,2017-08-14,2017-08-21,market_wide,-2.7129441322843313,-1.9439396236215194,0.8709781227231885,-0.0026200877230080355,-0.0036200877230080355,-0.00874325619705274,0.0051231684740447045
KO,2017-08-23,2017-08-28,2017-09-05,market_wide,-2.8633722709849265,-1.492609990343383,0.7068098821730907,0.011008104642525218,0.010008104642525217,0.017239175782274074,-0.007231071139748857
KO,2017-09-20,2017-09-25,2017-10-02,idiosyncratic,-2.8901189222683024,0.05070493464914102,1.0587077478480866,-0.01947959434210511,-0.020479594342105112,0.01615954044081458,-0.03663913478291969
KO,2017-09-28,2017-10-03,2017-10-10,idiosyncratic,-2.7454360353973493,0.6304333922745415,0.8544968632639748,0.01504685779067394,0.014046857790673939,0.0027330934646123684,0.01131376432606157
KO,2017-10-25,2017-10-30,2017-11-06,market_wide,-2.9300023227095306,-2.380136374430871,1.4625289598829412,-0.008504197197071406,-0.009504197197071407,0.007175617138192036,-0.016679814335263443
KO,2017-11-02,2017-11-07,2017-11-14,idiosyncratic,-2.9135417341980996,-0.14491506464046455,0.9534748563391325,0.03243283374362016,0.03143283374362016,0.005635119556482104,0.025797714187138054
KO,2017-11-17,2017-11-22,2017-11-30,market_wide,-3.134693153588785,-1.6708089233780752,2.0985786146254672,0.006658658483775781,0.005658658483775781,0.01982844639293191,-0.014169787909156129
KO,2017-11-28,2017-12-01,2017-12-08,idiosyncratic,-2.542800276921261,1.9505978514106077,0.7268270441579665,-0.014357368397573511,-0.015357368397573512,0.0004571149482492931,-0.015814483345822805
KO,2017-12-08,2017-12-13,2017-12-20,idiosyncratic,-2.7247315318206664,0.30975032252986573,1.1857051885461662,0.003921806502978464,0.0029218065029784643,0.00859159525085973,-0.005669788747881265
KO,2018-01-02,2018-01-05,2018-01-12,idiosyncratic,-3.097854426015598,1.160308594133458,1.226592837786307,0.0017365693408759597,0.0007365693408759597,0.022341264065718347,-0.021604694724842388
KO,2018-02-28,2018-03-05,2018-03-12,market_wide,-3.413174004397438,-1.8859379218040615,0.9150867266629642,0.014582137983713661,0.01358213798371366,0.023795506989232162,-0.010213369005518502
KO,2018-03-16,2018-03-21,2018-03-28,market_wide,-2.61123700880571,-1.1868453502627911,2.2159740246758917,0.007441961898995375,0.006441961898995375,-0.04281739030754783,0.049259352206543205
KO,2018-03-26,2018-03-29,2018-04-06,market_wide,-2.5136284134220315,-2.0848494147662118,0.7922815764549157,0.011282459277747181,0.01028245927774718,-0.016247000662396482,0.026529459940143663
KO,2018-04-24,2018-04-27,2018-05-04,market_wide,-4.884636593775763,-3.344711084408708,1.8562603027311946,-0.021935160871321857,-0.022935160871321858,-0.013878013848010351,-0.009057147023311507
KO,2018-05-02,2018-05-07,2018-05-14,market_wide,-3.396174926710603,-3.162366047565518,1.0208534609610727,-0.002372985476995604,-0.003372985476995604,0.03948436090088836,-0.042857346377883965
KO,2018-05-14,2018-05-17,2018-05-24,idiosyncratic,-2.734972791797975,0.03709173447790227,0.9039854491708018,0.00047284867591268487,-0.0005271513240873152,0.007406085096663073,-0.00793323642075039
KO,2018-06-21,2018-06-26,2018-07-03,market_wide,-3.241782155437812,-4.86306051391326,0.8253833049403748,0.01523166377653351,0.01423166377653351,-0.00923093439684386,0.02346259817337737
KO,2018-08-10,2018-08-15,2018-08-22,market_wide,-2.8842484278150105,-1.1540619861316839,0.7556308305080157,-0.0032555453636909926,-0.004255545363690993,0.02457865691705896,-0.028834202280749954
KO,2018-08-22,2018-08-27,2018-09-04,idiosyncratic,-2.8162756886872953,-0.11072530600538034,0.8152934571307856,-0.02035450700196495,-0.02135450700196495,-0.0007512953728742167,-0.020603211629090734
KO,2018-10-11,2018-10-16,2018-10-23,market_wide,-6.397015406499252,-4.84868148400939,1.765415516130804,0.019125413579855755,0.018125413579855754,-0.02933826573325704,0.047463679313112794
KO,2018-11-20,2018-11-26,2018-12-03,market_wide,-2.754200749671431,-4.144082376798257,1.2725929022646334,0.024819148783794986,0.023819148783794986,0.052375147721283044,-0.02855599893748806
KO,2018-12-12,2018-12-17,2018-12-24,market_wide,-2.7890044397357103,-2.5389949036302193,0.7933882274582706,-0.049037849752162854,-0.050037849752162855,-0.07021729160293178,0.02017944185076892
KO,2019-01-03,2019-01-08,2019-01-15,market_wide,-2.6370936525483892,-1.7060277225716938,0.8987638515449107,0.0018954066657979052,0.0008954066657979052,0.0011369851795022257,-0.0002415785137043205
KO,2019-02-15,2019-02-21,2019-02-28,idiosyncratic,-3.6779279268852973,1.2703787470102335,2.1321427313017374,-0.011338896513284902,-0.012338896513284903,0.003604427587144965,-0.015943324100429868
KO,2019-05-07,2019-05-10,2019-05-17,market_wide,-2.9983139488214055,-6.097424121685358,0.9943963426918737,0.020958501181481015,0.019958501181481014,-0.018682096092299205,0.03864059727378022
KO,2019-09-10,2019-09-13,2019-09-20,idiosyncratic,-3.645841643581274,-0.01654897748897844,1.1134656064346475,-0.006450166468508489,-0.007450166468508489,-0.0076451827585167775,0.00019501629000828833
KO,2019-09-18,2019-09-23,2019-09-30,idiosyncratic,-2.573423057941467,-0.08542621650141952,0.8626756962261718,0.005541065981466753,0.004541065981466753,-0.009128283721249741,0.013669349702716493
KO,2019-10-11,2019-10-16,2019-10-23,idiosyncratic,-2.7245927641851653,-0.17231160998328862,0.8569400436784965,0.021499340882108475,0.020499340882108474,-0.00040214433149632356,0.020901485213604798
KO,2019-10-29,2019-11-01,2019-11-08,idiosyncratic,-2.7385701787286507,-0.0565254497369622,0.7148933964607875,-0.03135462302943037,-0.032354623029430374,0.027739139032032956,-0.06009376206146333
KO,2019-11-06,2019-11-11,2019-11-18,idiosyncratic,-2.652092765201777,-0.10340703150294464,1.1500791448034016,0.02295512651743059,0.02195512651743059,0.006466465576498326,0.015488660940932264
KO,2020-04-21,2020-04-24,2020-05-01,market_wide,-3.8917442764150216,-1.8933396670365221,1.3924614249045213,0.003741828043605233,0.002741828043605233,-0.00621927032753411,0.008961098371139342
KO,2020-05-01,2020-05-06,2020-05-13,market_wide,-2.62480707010908,-1.744309811023709,0.7628695262707508,-0.018100693638661514,-0.019100693638661514,-0.015983636376021293,-0.0031170572626402215
KO,2020-08-20,2020-08-25,2020-09-01,idiosyncratic,-2.6598818433621383,-0.19591445156568976,0.9693924785011864,0.02525585688692833,0.02425585688692833,0.026598851408480284,-0.0023429945215519554
KO,2020-09-21,2020-09-24,2020-10-01,market_wide,-3.5168685328796685,-4.0252783612876435,1.0681840359094457,0.009856170828944633,0.008856170828944632,0.02634421732627179,-0.01748804649732716
KO,2020-10-28,2020-11-02,2020-11-09,market_wide,-8.488041979623102,-6.301408518172243,1.5320517314568212,0.08124213311136308,0.08024213311136308,0.08062151643131532,-0.0003793833199522423
KO,2020-11-27,2020-12-02,2020-12-09,idiosyncratic,-2.669838924684658,0.13186835990085452,0.5987256659610515,0.023411738214460076,0.022411738214460075,0.013949097322115911,0.008462640892344164
KO,2020-12-21,2020-12-24,2021-01-04,market_wide,-3.6406796556075034,-1.1768549721099721,0.9032016807129476,-0.012724492463681014,-0.013724492463681015,0.0034250065566461263,-0.01714949902032714
KO,2021-01-06,2021-01-11,2021-01-19,idiosyncratic,-4.902127387812488,-0.1428884436581367,3.3721685609688983,-0.03366534793642939,-0.03466534793642939,0.006636462748536465,-0.041301810684965856
KO,2021-01-15,2021-01-21,2021-01-28,market_wide,-3.632324327957266,-1.3372690118260693,0.9123924559161463,0.004085934170003913,0.003085934170003913,-0.01906697646416855,0.022152910634172462
KO,2021-01-27,2021-02-01,2021-02-08,market_wide,-2.6609054374584726,-3.1893048925278236,0.9976091082128612,0.02970264074441631,0.028702640744416308,0.03062982923182722,-0.0019271884874109135
KO,2021-05-19,2021-05-24,2021-06-01,market_wide,-2.579263135108903,-2.368986117830025,1.1744003229851279,0.008758874623468582,0.007758874623468582,-0.0008997517928759358,0.008658626416344517
KO,2021-06-16,2021-06-21,2021-06-28,market_wide,-4.3250735620886855,-1.5855782281048285,1.1923170378034347,-0.0018397499092525083,-0.0028397499092525083,0.014150224314520177,-0.016989974223772686
KO,2021-06-29,2021-07-02,2021-07-12,idiosyncratic,-3.4109030687526847,0.06406351290424338,0.8243919046616957,0.005537176950450862,0.004537176950450862,0.005656094768358821,-0.0011189178179079598
KO,2021-08-20,2021-08-25,2021-09-01,market_wide,-2.621756369175585,-1.4532875081347556,1.1235002024593483,0.011057663199760093,0.010057663199760092,0.004150789275328526,0.005906873924431566
KO,2021-09-17,2021-09-22,2021-09-29,market_wide,-4.590068121672429,-3.276858177342188,2.263342415135342,-0.02161470859076875,-0.02261470859076875,0.005058848670836946,-0.027673557261605697
KO,2021-09-28,2021-10-01,2021-10-08,market_wide,-3.9836578757947962,-2.8177769508530273,1.1511735255682178,0.020746965032914844,0.019746965032914843,0.007715694598681377,0.012031270434233465
KO,2021-11-16,2021-11-19,2021-11-29,idiosyncratic,-2.6856814839150576,0.1478599413636922,1.303922525779401,-0.009976573439148373,-0.010976573439148374,-0.010714219485494336,-0.0002623539536540376
KO,2021-11-26,2021-12-01,2021-12-08,market_wide,-5.168735802934807,-6.272952383598714,1.141189337359462,0.05162549291953655,0.05062549291953655,0.033817250332826676,0.016808242586709876
KO,2022-01-21,2022-01-26,2022-02-02,market_wide,-2.8244582496861566,-4.096457016615061,1.4482416359686099,0.02651029826263618,0.025510298262636177,0.053070466446527575,-0.027560168183891398
KO,2022-02-11,2022-02-16,2022-02-24,market_wide,-3.986291266579688,-3.571302204354869,1.1231576637981397,-0.006403946770461744,-0.007403946770461744,-0.03982949276100067,0.03242554599053893
KO,2022-03-08,2022-03-11,2022-03-18,market_wide,-5.7227075870269415,-3.355194252451035,1.3980157321321587,0.045581076757557515,0.044581076757557514,0.0560753631577362,-0.011494286400178688
KO,2022-06-14,2022-06-17,2022-06-27,market_wide,-4.822906962769172,-3.2548172651759395,1.3578369029405828,0.05855620637379566,0.05755620637379566,0.056203059514208675,0.0013531468595869844
KO,2022-07-11,2022-07-14,2022-07-21,market_wide,-2.634094728733372,-1.2828064357616353,0.8982856189154746,-0.013187576806889978,-0.014187576806889979,0.054068056088470096,-0.06825563289536007
KO,2022-07-20,2022-07-25,2022-08-01,idiosyncratic,-3.780801099857768,0.5375883388027687,0.7958479009290254,0.03746598200132767,0.03646598200132767,0.03328890783673666,0.0031770741645910094
KO,2022-08-29,2022-09-01,2022-09-09,market_wide,-3.9932646606561284,-3.20395527533587,1.0673131186350981,0.005161310898736948,0.004161310898736948,0.021938635803300244,-0.017777324904563296
KO,2022-09-13,2022-09-16,2022-09-23,market_wide,-4.29287391078585,-2.8536227396088387,1.4649902058897464,-0.015787556158524785,-0.016787556158524786,-0.04652467698804508,0.02973712082952029
KO,2022-09-27,2022-09-30,2022-10-07,market_wide,-5.372114139218765,-2.95568940984695,1.6182051045243167,-0.026954763382335822,-0.027954763382335823,0.024404610523131254,-0.05235937390546708
KO,2022-10-07,2022-10-12,2022-10-19,market_wide,-4.172658766563393,-2.287080506859787,0.6516855846113235,0.014871163687039335,0.013871163687039334,0.03531612897898273,-0.021444965291943396
KO,2022-12-15,2022-12-20,2022-12-28,market_wide,-3.5158483400899603,-3.414287458755162,0.9921084955936257,0.012422347618459284,0.011422347618459283,-0.005104580893686594,0.016526928512145878
KO,2023-01-05,2023-01-10,2023-01-18,market_wide,-4.176598776840061,-2.698454849188692,1.070354367375605,-0.037340973291883905,-0.038340973291883906,-0.017079904014194347,-0.02126106927768956
KO,2023-01-19,2023-01-24,2023-01-31,market_wide,-3.670432769884933,-1.5498172938709813,1.1502103963358836,0.012716865309992054,0.011716865309992053,0.020386057958650783,-0.00866919264865873
KO,2023-02-07,2023-02-10,2023-02-17,idiosyncratic,-2.615651144672687,-0.2826174525387337,1.117510588968302,0.008386578704340453,0.007386578704340453,-0.006140030941574115,0.013526609645914567
KO,2023-02-16,2023-02-22,2023-03-01,market_wide,-3.9090123817522984,-2.7748600131744334,1.1294947962090423,-0.018672955105961675,-0.019672955105961676,-0.003893344276597821,-0.015779610829363855
KO,2023-02-28,2023-03-03,2023-03-10,market_wide,-2.9326810469016125,-2.5396344315512653,1.1428624218831056,-0.0038696056595166617,-0.004869605659516662,-0.04218125382685667,0.037311648167340006
KO,2023-05-03,2023-05-08,2023-05-15,market_wide,-2.8094271694308683,-2.1131338205390264,0.9051527382981208,0.000312935212697818,-0.000687064787302182,-0.0038722309582632786,0.0031851661709610965
KO,2023-05-16,2023-05-19,2023-05-26,market_wide,-3.7323067601590556,-1.0859175587923855,0.9517435496481627,-0.040904143358504896,-0.0419041433585049,-0.00579926484207649,-0.03610487851642841
KO,2023-05-24,2023-05-30,2023-06-06,market_wide,-3.4227275470041447,-2.4991213938743773,0.9715076629275493,0.008865890607738791,0.00786589060773879,0.010318265611566124,-0.002452375003827334
KO,2023-06-29,2023-07-05,2023-07-12,market_wide,-4.076180702170478,-1.037656599622745,1.0888638905844967,-0.019498736187937293,-0.020498736187937294,0.011521088499006904,-0.0320198246869442
KO,2023-08-03,2023-08-08,2023-08-15,market_wide,-3.8601407274192403,-3.5811217210546196,0.6568907574014018,-0.007386638781081811,-0.008386638781081812,-0.010465088597643168,0.0020784498165613563
KO,2023-08-15,2023-08-18,2023-08-25,market_wide,-3.5215774163669717,-4.153668296444291,0.8545136783536041,-0.00918792055282125,-0.01018792055282125,-0.0023145787581448918,-0.007873341794676358
KO,2023-08-23,2023-08-28,2023-09-05,market_wide,-2.5913476180746553,-1.1661238886516267,0.8706168634200486,-0.02873186833418817,-0.029731868334188172,0.010415826610313816,-0.04014769494450199
KO,2023-08-31,2023-09-06,2023-09-13,idiosyncratic,-4.365292367695695,-0.1266844770570544,1.6248923738044765,-0.005784085482181456,-0.006784085482181456,0.0014297407001051532,-0.00821382618228661
KO,2023-09-12,2023-09-15,2023-09-22,market_wide,-2.5318822902140403,-1.8087457738312913,1.0000244053236147,-0.005868190864131595,-0.006868190864131595,-0.029931864944729436,0.02306367408059784
KO,2023-09-21,2023-09-26,2023-10-03,market_wide,-3.5784739470590528,-6.543499589528678,0.8853388010067509,-0.029188017789872567,-0.030188017789872568,-0.015824495007049966,-0.014363522782822602
KO,2023-09-29,2023-10-04,2023-10-11,market_wide,-2.5542140058952674,-2.2613329885562354,0.6952712422429574,-0.024164151881442164,-0.025164151881442165,0.012296200225896836,-0.037460352107339
KO,2023-12-15,2023-12-20,2023-12-28,idiosyncratic,-2.9755737011543464,-0.1326070993643402,4.466074501041189,0.019788224248398656,0.018788224248398655,0.030712524332507707,-0.011924300084109052
KO,2024-01-19,2024-01-24,2024-01-31,idiosyncratic,-2.556142515405662,1.6385297555288036,1.2427673042865568,0.009845609249073739,0.008845609249073738,-0.004195618405449908,0.013041227654523646
KO,2024-02-09,2024-02-14,2024-02-22,idiosyncratic,-2.9954728284031864,0.6099683463039446,0.9857462667253293,0.03137117011031787,0.03037117011031787,0.026299057311761187,0.004072112798556682
KO,2024-03-05,2024-03-08,2024-03-15,market_wide,-2.8727772024278,-1.055146975501401,0.9701912482601972,0.014095369442666428,0.013095369442666427,0.00219855143787151,0.010896818004794917
KO,2024-04-02,2024-04-05,2024-04-12,market_wide,-3.122014418252129,-1.289389090854779,0.9639481196521069,-0.020668612480813975,-0.021668612480813976,-0.01957022904013761,-0.0020983834406763657
KO,2024-04-10,2024-04-15,2024-04-22,market_wide,-3.212697186747592,-3.087223969651033,0.961154042804208,0.041451773381324664,0.04045177338132466,-0.004516244949059445,0.04496801833038411
KO,2024-05-20,2024-05-23,2024-05-31,idiosyncratic,-2.8421140181517104,0.05385392770179317,1.1035861609579147,0.0135287190859128,0.012528719085912798,-0.0025091325448042268,0.015037851630717025
KO,2024-05-29,2024-06-03,2024-06-10,market_wide,-2.9992975976967005,-2.224256413688834,1.1737499876309878,0.010487872172175727,0.009487872172175726,0.016156306962320732,-0.006668434790145006
KO,2024-07-08,2024-07-11,2024-07-18,idiosyncratic,-2.601917302217665,0.17225093867494756,0.8861704997373456,0.033122057914537706,0.032122057914537705,0.004913730719722231,0.027208327194815474
KO,2024-09-19,2024-09-24,2024-10-01,idiosyncratic,-2.70633887390623,0.9776929938104362,1.018501020697032,0.005327131862207013,0.004327131862207013,0.007794256405669664,-0.003467124543462651
KO,2024-10-07,2024-10-10,2024-10-17,market_wide,-5.012597074756967,-2.997737981524974,1.1723221462413713,0.009386118317097347,0.008386118317097346,0.013006901581443575,-0.004620783264346229
KO,2024-10-23,2024-10-28,2024-11-04,market_wide,-5.211672112028181,-2.201960059472237,2.1864987127653066,-0.023398741610179852,-0.024398741610179853,-0.010480005862483877,-0.013918735747695976
KO,2024-10-31,2024-11-05,2024-11-12,market_wide,-2.9369182009550734,-7.226437898494814,0.8624974061342829,-0.03319569851705639,-0.034195698517056394,0.03059458645781965,-0.06479028497487604
KO,2024-11-08,2024-11-13,2024-11-20,idiosyncratic,-2.801201105386902,0.29438075659993007,1.0849332314194506,-0.00015866634216266107,-0.001158666342162661,-0.017696301078062304,0.016537634735899642
KO,2024-12-04,2024-12-09,2024-12-16,idiosyncratic,-2.8277379461332757,0.7340254043752357,1.492089265412092,-0.0007986584482273518,-0.0017986584482273518,-0.014350134729813169,0.012551476281585816
KO,2024-12-19,2024-12-24,2025-01-02,market_wide,-3.3080191560755345,-3.4553813042023402,1.0384584445500749,-0.01591343722152838,-0.016913437221528382,-0.018801358943922097,0.001887921722393715
KO,2024-12-30,2025-01-03,2025-01-13,market_wide,-4.119822085982525,-2.187546180824139,0.5009256757209439,-0.0016194986627579011,-0.002619498662757901,0.002903593299557583,-0.005523091962315484
KO,2025-01-10,2025-01-15,2025-01-23,market_wide,-2.6051880333165314,-3.5252444779569942,1.9798702158654482,-0.0038852403255603685,-0.0048852403255603685,0.04041336693220643,-0.0452986072577668
KO,2025-03-05,2025-03-10,2025-03-17,market_wide,-3.0989618128866474,-2.6506827186770994,1.2293550272698042,-0.011372140575337641,-0.012372140575337642,0.005244837444026373,-0.017616978019364016
KO,2025-03-13,2025-03-18,2025-03-25,market_wide,-3.619491095171543,-3.367039265279697,0.6776864341348832,-0.00821555662939466,-0.009215556629394661,0.0025438279254395013,-0.011759384554834162
KO,2025-03-21,2025-03-26,2025-04-02,market_wide,-3.1687541550208502,-1.50462815026083,2.499399885030606,0.018709034186152884,0.017709034186152883,-0.0036739766892361914,0.021383010875389075
KO,2025-04-28,2025-05-01,2025-05-08,idiosyncratic,-2.6997179351445286,0.019387785175953864,0.9629559180179752,-0.001683444998097916,-0.002683444998097916,0.018758101880659073,-0.02144154687875699
KO,2025-06-03,2025-06-06,2025-06-13,idiosyncratic,-2.8256589097806577,0.24170425007902688,1.557250798736867,0.002451915552062589,0.001451915552062589,0.01683025474895139,-0.015378339196888802
KO,2025-06-17,2025-06-23,2025-06-30,market_wide,-4.381335665318341,-1.7341194586582835,1.107818744577343,0.014482343882476378,0.013482343882476377,0.025433326299546977,-0.0119509824170706
KO,2025-07-09,2025-07-14,2025-07-21,idiosyncratic,-3.0807415484472735,-0.20977628461834072,2.114030878658726,0.008636631852178223,0.007636631852178223,-0.017489892527323025,0.025126524379501247
KO,2025-07-23,2025-07-28,2025-08-04,idiosyncratic,-3.660536932594263,2.2470138464319898,1.1909966767624824,0.01277740338998301,0.01177740338998301,-0.027767402903924987,0.039544806293908
KO,2025-07-31,2025-08-05,2025-08-12,market_wide,-3.8305808000528203,-1.320022145755903,1.0613150914593685,0.024040419441775374,0.023040419441775373,0.021051094092136458,0.001989325349638915
KO,2025-08-26,2025-08-29,2025-09-08,idiosyncratic,-3.057008758232441,-0.046407672538542645,1.4315974358402213,-0.02261168968267513,-0.02361168968267513,-0.0073101751500683765,-0.016301514532606753
KO,2025-09-04,2025-09-09,2025-09-16,idiosyncratic,-2.928254939237595,0.048980393639755704,0.9747523077272534,-0.016386426347145266,-0.017386426347145267,0.0176714764735999,-0.03505790282074517
KO,2025-09-12,2025-09-17,2025-09-24,idiosyncratic,-3.4107656998864253,-0.04613613076379101,0.9506425285575304,-0.00880072508721863,-0.009800725087218631,0.002235967653556381,-0.012036692740775012
KO,2025-09-22,2025-09-25,2025-10-02,idiosyncratic,-2.6099095356377617,0.5829887026538749,0.7130463782818085,0.0018186926850947138,0.0008186926850947138,0.02054154878899528,-0.019722856103900566
KO,2025-12-04,2025-12-09,2025-12-16,idiosyncratic,-2.609370323704216,0.04442850322524817,0.9728657791303535,0.003994987013684614,0.0029949870136846144,-0.003041938025396651,0.006036925039081265
KO,2026-03-04,2026-03-09,2026-03-16,market_wide,-4.452385970474293,-2.1897360906413748,1.1666028171516454,0.007134683967159772,0.006134683967159772,-0.0022705097761438475,0.008405193743303618
KO,2026-03-18,2026-03-23,2026-03-30,market_wide,-4.272185644422033,-3.356418439449131,0.8082020080447315,0.015443903072130505,0.014443903072130504,-0.019615511456172685,0.03405941452830319
KO,2026-04-14,2026-04-17,2026-04-24,idiosyncratic,-3.0388979904308218,0.4991644900802748,0.8940922953989325,0.011750804496511558,0.010750804496511557,0.0029882005698314007,0.007762603926680156
KO,2026-05-29,2026-06-03,2026-06-10,idiosyncratic,-5.322220451417175,0.2886678006294963,2.3365857659428433,0.06132539806380177,0.06032539806380177,-0.03230690294704608,0.09263230101084785
KO,2026-06-22,2026-06-25,2026-07-02,market_wide,-2.5298062883440413,-1.026823179364274,1.0216515412769693,0.04625709264445477,0.045257092644454766,-0.01170791571203289,0.056965008356487656
KO,2026-07-17,2026-07-22,2026-07-29,market_wide,-4.253956582115616,-3.337467148049722,2.083678998304078,0.0836983666705291,0.0826983666705291,-0.0034463349054032477,0.08614470157593235
KO,2026-08-11,2026-08-14,2026-08-21,idiosyncratic,-2.9886970606044065,-0.16615898980505697,0.8720173771973281,0.03865006109484903,0.03765006109484903,0.0039640153195052985,0.03368604577534373
KO,2026-09-01,2026-09-04,2026-09-14,market_wide,-3.4483500371156457,-3.5570295969259753,0.9882173343510534,0.014533895225445015,0.013533895225445014,-0.019755438059126385,0.0332893332845714
GILD,2015-12-07,2015-12-10,2015-12-17,market_wide,-2.5993126189816382,-1.7669730858791663,0.7494759041754016,0.0017725822874972152,0.0007725822874972152,-0.011171864717281266,0.01194444700477848
GILD,2016-01-07,2016-01-12,2016-01-20,market_wide,-3.918178868544571,-4.912734125741212,1.6631120749907495,-0.06745593993181398,-0.06845593993181398,-0.0469445270320219,-0.02151141289979208
GILD,2016-01-20,2016-01-25,2016-02-01,market_wide,-2.9028548789130726,-3.5432833822384526,1.5159450705570914,-0.07239808164002803,-0.07339808164002803,0.03165317536525647,-0.1050512570052845
GILD,2016-02-26,2016-03-02,2016-03-09,idiosyncratic,-2.6495123724603604,-0.11677963710253435,1.1184868669096393,-0.010924007244188405,-0.011924007244188406,0.0027157172381175876,-0.014639724482305994
GILD,2016-05-04,2016-05-09,2016-05-16,market_wide,-2.657866553133293,-3.9414096148142868,0.9586110451297072,-0.024045485934608313,-0.025045485934608314,0.0013763374318709332,-0.026421823366479247
GILD,2016-05-12,2016-05-17,2016-05-24,market_wide,-3.81920442082683,-1.6023362177214784,0.9602436869318358,0.04180773217672562,0.04080773217672562,0.01989649427758211,0.02091123789914351
GILD,2016-06-10,2016-06-15,2016-06-22,market_wide,-3.882647134763175,-2.2876437004963797,0.9983902515015665,-0.007105054256736021,-0.008105054256736022,0.013485865796307506,-0.021590920053043527
GILD,2016-06-21,2016-06-24,2016-07-01,market_wide,-3.2562571041954826,-1.5215188715600283,1.006358530180587,0.0545543917654856,0.0535543917654856,0.024393752949229297,0.0291606388162563
GILD,2016-07-29,2016-08-03,2016-08-10,idiosyncratic,-3.2774136064086736,-0.28395741350393994,1.3499697628743579,-0.014858357762253971,-0.015858357762253972,0.010009686131648765,-0.025868043893902737
GILD,2016-08-08,2016-08-11,2016-08-18,idiosyncratic,-3.291503095991648,-0.19154065560893546,0.5623646797425501,0.012818775085054579,0.011818775085054578,0.005332758561081619,0.0064860165239729595
GILD,2016-08-29,2016-09-01,2016-09-09,market_wide,-4.776878992681594,-1.2247061888884905,1.7704589371146704,0.008137732107954543,0.007137732107954543,-0.021258396773716326,0.028396128881670868
GILD,2016-09-29,2016-10-04,2016-10-11,market_wide,-2.9660004390673977,-1.752284897137684,0.7346974987728683,-0.044277619645320065,-0.045277619645320066,-0.018590718685323693,-0.026686900959996374
GILD,2016-10-11,2016-10-14,2016-10-21,market_wide,-3.7232267060713014,-4.844426378310692,1.2676578026413263,0.02116867783744758,0.02016867783744758,0.005753755160749607,0.014414922676697972
GILD,2016-11-22,2016-11-28,2016-12-05,idiosyncratic,-2.900648354702515,0.2529865410058516,0.5281694466136122,-0.02924608436525533,-0.030246084365255332,-0.0066919115022863185,-0.023554172862969014
GILD,2016-12-01,2016-12-06,2016-12-13,market_wide,-4.770606973595868,-1.6770417911966697,1.0896509380389656,0.03935210055536609,0.03835210055536609,0.03199823161747384,0.006353868937892249
GILD,2016-12-28,2017-01-03,2017-01-10,market_wide,-3.655109338769232,-3.3707915918422944,0.6910047999065333,0.01146157065515263,0.01046157065515263,0.0045030091335618305,0.0059585615215907994
GILD,2017-01-19,2017-01-24,2017-01-31,market_wide,-2.9069834289788377,-3.9162980245388543,0.9483574428596976,0.03131679232679607,0.03031679232679607,-0.0044263856829998005,0.03474317800979587
GILD,2017-03-07,2017-03-10,2017-03-17,market_wide,-2.707266990160964,-2.413774646772849,1.0816169840248562,0.020551150574505517,0.019551150574505516,0.005254755633985697,0.014296394940519819
GILD,2017-03-23,2017-03-28,2017-04-04,market_wide,-3.015381734572316,-2.9069192475077505,0.640079692507992,-0.001788572109293507,-0.002788572109293507,-0.0013926706141212941,-0.0013959014951722129
GILD,2017-04-03,2017-04-06,2017-04-13,market_wide,-3.627475076855592,-1.2498071278435154,1.2447482784079271,0.0004511318550102228,-0.0005488681449897772,-0.017145613821651362,0.016596745676661584
GILD,2017-04-11,2017-04-17,2017-04-24,market_wide,-3.7775087072673297,-3.1717983799480116,0.9884718296182811,-0.006746267103020065,-0.007746267103020065,0.014197523544027035,-0.0219437906470471
GILD,2017-05-10,2017-05-15,2017-05-22,idiosyncratic,-3.172397349054961,0.30680389359541693,0.8238852828113273,-0.024108968266817632,-0.025108968266817633,-0.0026045921367922054,-0.022504376130025427
GILD,2017-05-18,2017-05-23,2017-05-31,market_wide,-3.3073569062034838,-2.766727603440966,1.1061675189245919,0.003091843051676424,0.002091843051676424,0.01665174415384918,-0.014559901102172756
GILD,2017-07-07,2017-07-12,2017-07-19,market_wide,-4.353444747407034,-1.399151159676709,0.52621408937862,0.04183379583433111,0.04083379583433111,0.011395999326808903,0.029437796507522207
GILD,2017-08-04,2017-08-09,2017-08-16,idiosyncratic,-3.164577796577243,-0.10956043957248772,1.592647436108979,-0.007442279595922141,-0.008442279595922142,0.00839277842793229,-0.016835058023854432
GILD,2017-08-17,2017-08-22,2017-08-29,market_wide,-3.535588453307024,-3.4367620105350833,1.067498489788853,0.03272437589030286,0.03172437589030286,-0.0008888307866611322,0.03261320667696399
GILD,2017-09-15,2017-09-20,2017-09-27,idiosyncratic,-2.6444811534916934,0.16008596217609325,0.951168070191585,0.014762956909291747,0.013762956909291746,0.0034322567629943013,0.010330700146297445
GILD,2017-10-13,2017-10-18,2017-10-25,idiosyncratic,-2.6916720526826126,-0.05627326832444492,0.7883161254614082,-0.00149942129625813,-0.00249942129625813,0.013505306498811986,-0.016004727795070117
GILD,2017-11-02,2017-11-07,2017-11-14,idiosyncratic,-3.045549049514313,-0.14491506464046455,0.6635558965214076,-0.028138121973850017,-0.029138121973850017,0.005635119556482104,-0.03477324153033212
GILD,2017-11-14,2017-11-17,2017-11-27,market_wide,-4.587669826147174,-2.1997950391359162,1.380797292395732,-0.01021562247270702,-0.01121562247270702,0.007126038266054291,-0.018341660738761312
GILD,2018-02-28,2018-03-05,2018-03-12,market_wide,-4.275773029503798,-1.8859379218040615,1.0844942923995737,0.040297790417828105,0.039297790417828105,0.023795506989232162,0.015502283428595942
GILD,2018-03-27,2018-04-02,2018-04-09,market_wide,-2.6752163816187906,-2.649722923725449,0.8529721276840727,0.009023756514686676,0.008023756514686675,0.010445534716903015,-0.0024217782022163403
GILD,2018-04-20,2018-04-25,2018-05-02,market_wide,-2.6723830762745515,-1.0473585674308417,1.0046507854960387,-0.08696245806599567,-0.08796245806599567,-0.012874977219347605,-0.07508748084664807
GILD,2018-05-03,2018-05-08,2018-05-15,market_wide,-4.2360247214778175,-3.3262877668247834,1.9379353206623628,0.027138967015036375,0.026138967015036374,0.03382006646288094,-0.007681099447844564
GILD,2018-07-27,2018-08-01,2018-08-08,market_wide,-3.660339696585378,-1.6107743439814257,1.4514579201689701,-0.01270856519404795,-0.01370856519404795,0.019110340498030842,-0.03281890569207879
GILD,2018-08-08,2018-08-13,2018-08-20,idiosyncratic,-2.711314961434095,-0.06618952152645508,0.6426954477077887,-0.06233002556341871,-0.06333002556341871,0.015124955257645789,-0.0784549808210645
GILD,2018-09-06,2018-09-11,2018-09-18,market_wide,-3.4974300702251164,-1.75514533656924,1.1275618345071599,0.02785712144628416,0.02685712144628416,0.010082190668974311,0.01677493077730985
GILD,2018-11-20,2018-11-26,2018-12-03,market_wide,-3.8167062566036574,-4.144082376798257,1.326347580674067,0.05855988178089433,0.05755988178089433,0.052375147721283044,0.0051847340596112845
GILD,2018-12-10,2018-12-13,2018-12-20,market_wide,-2.545158764119838,-2.9069362406551438,1.1584603865254623,-0.04528574809685604,-0.04628574809685604,-0.06726651509101267,0.02098076699415663
GILD,2019-02-05,2019-02-08,2019-02-15,idiosyncratic,-2.609310089912664,0.3357416454982687,1.9510403323896968,0.0017785971035566561,0.0007785971035566561,0.030253743403501066,-0.02947514629994441
GILD,2019-02-25,2019-02-28,2019-03-07,idiosyncratic,-2.6340165962680526,0.12223185614899855,1.0048353405003698,-0.038295927304576316,-0.03929592730457632,-0.016953940153963898,-0.02234198715061242
GILD,2019-03-25,2019-03-28,2019-04-04,market_wide,-2.8000031315522023,-2.5738673543697286,1.0252839711680566,0.049458342943490496,0.048458342943490496,0.02480617741200719,0.023652165531483305
GILD,2019-04-18,2019-04-24,2019-05-01,idiosyncratic,-3.2839044673199544,-0.12663399628144903,1.886865486378781,0.03296176514149929,0.03196176514149929,-0.011030344918754098,0.042992110060253386
GILD,2019-05-29,2019-06-03,2019-06-10,market_wide,-3.9561030034791034,-4.158101661443817,1.151502345839676,0.03913260744071323,0.03813260744071323,0.055445559020322666,-0.017312951579609437
GILD,2019-08-06,2019-08-09,2019-08-16,market_wide,-3.0378143185397057,-2.492352934057153,1.0656936733269058,-0.032188841693961745,-0.033188841693961746,0.0005389363117700441,-0.03372777800573179
GILD,2019-08-14,2019-08-19,2019-08-26,market_wide,-3.196495592490778,-3.3374649653533885,0.9667446270926618,-0.017314077797646932,-0.018314077797646933,-0.008097859827938425,-0.010216217969708508
GILD,2019-08-23,2019-08-28,2019-09-05,market_wide,-3.818753645640644,-2.357182222410041,1.3718754809066327,0.0065995763949076025,0.0055995763949076025,0.03434988092514879,-0.02875030453024119
GILD,2019-09-26,2019-10-01,2019-10-08,market_wide,-4.1298959237501,-2.2672133027074075,1.1646583421311296,-0.024200869728161267,-0.025200869728161268,-0.02116874651161993,-0.004032123216541339
GILD,2019-10-04,2019-10-09,2019-10-16,market_wide,-2.5830626840763795,-1.133745769796911,0.7853472755004417,0.054372436839327465,0.053372436839327464,0.03197689850047847,0.021395538338848996
GILD,2019-10-25,2019-10-30,2019-11-06,idiosyncratic,-4.39606602673145,0.8198480536253744,2.1765090567862946,0.03578788241874542,0.03478788241874542,0.02070769114206783,0.01408019127667759
GILD,2019-12-13,2019-12-18,2019-12-26,idiosyncratic,-2.500866190446064,0.08830005696837179,1.5678351792926202,0.010810072991046527,0.009810072991046526,0.014131675435039348,-0.0043216024439928225
GILD,2020-01-13,2020-01-16,2020-01-24,idiosyncratic,-4.081610832187265,0.7346400085083645,1.124655345178762,-0.0007913080995349819,-0.001791308099534982,-0.007552237760211633,0.005760929660676651
GILD,2020-01-24,2020-01-29,2020-02-05,market_wide,-2.7680351719687613,-1.3484514100365803,1.9902580664402851,0.024417012547819805,0.023417012547819804,0.012060976355410702,0.011356036192409102
GILD,2020-05-20,2020-05-26,2020-06-02,idiosyncratic,-3.1464427127202046,0.44069005992795107,1.056842622169024,0.0010932566047328063,9.325660473280626e-05,0.031640029598452024,-0.03154677299371922
GILD,2020-07-24,2020-07-29,2020-08-05,market_wide,-6.338164133378287,-1.6507540112830004,1.2143492599011414,-0.054923656809862886,-0.05592365680986289,0.022472369019584937,-0.07839602582944782
GILD,2020-08-05,2020-08-10,2020-08-17,idiosyncratic,-3.4880059473753247,0.6640299666212771,1.3704477178562255,0.009341633857390397,0.008341633857390396,0.005668023370503983,0.002673610486886413
GILD,2020-08-13,2020-08-18,2020-08-25,idiosyncratic,-2.888426514845166,-0.14364464151583034,0.694147784203609,-0.043584962844914865,-0.044584962844914866,0.014637130092745698,-0.059222092937660564
GILD,2020-09-01,2020-09-04,2020-09-14,idiosyncratic,-2.988743934647541,0.39906566673358806,0.9112044970801725,0.015529138632466521,0.01452913863246652,-0.0007652923178039783,0.015294430950270499
GILD,2020-09-22,2020-09-25,2020-10-02,market_wide,-2.6515820612434675,-2.2105052628246176,0.6900521820816699,-0.0012851256792831833,-0.0022851256792831834,0.009801195392647344,-0.012086321071930528
GILD,2020-10-19,2020-10-22,2020-10-29,market_wide,-4.715359967110291,-1.9646474965133787,1.1477743394429898,-0.03527285250675949,-0.03627285250675949,-0.05336012871844442,0.017087276211684932
GILD,2020-10-28,2020-11-02,2020-11-09,market_wide,-3.8716558589491057,-6.301408518172243,1.0008442780598903,0.008884393937669488,0.007884393937669487,0.08062151643131532,-0.07273712249364583
GILD,2020-12-14,2020-12-17,2020-12-24,market_wide,-3.3270406312905436,-2.3711501888124364,1.4753912506512803,-0.033858057917645956,-0.03485805791764596,-0.00831030876347405,-0.026547749154171907
GILD,2020-12-22,2020-12-28,2021-01-05,market_wide,-5.594185915666146,-1.4318965794767187,1.475722180802594,0.05466686979484048,0.05366686979484048,0.011543286871379399,0.04212358292346108
GILD,2021-02-16,2021-02-19,2021-02-26,idiosyncratic,-2.763667764558753,-0.06441128668462093,1.2703748888405697,-0.04613950582206838,-0.047139505822068384,-0.020503089062466673,-0.02663641675960171
GILD,2021-04-12,2021-04-15,2021-04-22,idiosyncratic,-2.7965411732615215,0.02402118213009401,0.7171364211399739,-0.001976408720842482,-0.002976408720842482,-0.010471470010874007,0.007495061290031525
GILD,2021-04-27,2021-04-30,2021-05-07,idiosyncratic,-3.4671558368043645,-0.0386242807005952,1.1788056945726642,0.0483692734581771,0.0473692734581771,0.03425719069818056,0.013112082759996535
GILD,2021-05-25,2021-05-28,2021-06-07,idiosyncratic,-4.105089286426606,-0.23871613837154892,1.39117842955351,0.019815069949739472,0.01881506994973947,0.008559947858103545,0.010255122091635926
GILD,2021-06-18,2021-06-23,2021-06-30,market_wide,-2.8891107240537526,-7.107473890306415,1.5192032216728792,0.033158216615527536,0.032158216615527535,0.018805090928809998,0.013353125686717537
GILD,2021-07-14,2021-07-19,2021-07-26,idiosyncratic,-2.5614804684640453,-0.2592339826007388,1.075983246648968,0.007621348007076367,0.006621348007076367,0.0269236631786125,-0.020302315171536134
GILD,2021-09-09,2021-09-14,2021-09-21,market_wide,-4.3282499843967885,-2.0173485448585704,1.22375127154206,0.01816896009006541,0.01716896009006541,-0.015745111320572658,0.03291407141063807
GILD,2021-10-01,2021-10-06,2021-10-13,market_wide,-4.590972776234983,-1.890675267023815,1.4016573209844319,0.0022225950977941,0.0012225950977941,0.003094704347120336,-0.0018721092493262361
GILD,2021-10-12,2021-10-15,2021-10-22,market_wide,-2.917370542211447,-1.581852441722301,1.4437161017708997,-0.005766417203098562,-0.006766417203098562,0.02114338366437929,-0.027909800867477852
GILD,2022-01-04,2022-01-07,2022-01-14,idiosyncratic,-2.7978509832225944,-0.020874862106843278,1.1879296638334682,0.007157016286054141,0.006157016286054141,-0.0029333539967291156,0.009090370282783256
GILD,2022-01-19,2022-01-24,2022-01-31,market_wide,-5.583551291605998,-4.779679301327939,1.0321850514855315,0.0016042603384569531,0.0006042603384569531,0.01871760872370709,-0.01811334838525014
GILD,2022-02-10,2022-02-15,2022-02-23,market_wide,-3.1616899974897397,-1.0673860039951817,1.2141502245424036,0.00032601658718833804,-0.000673983412811662,-0.048053649259810816,0.04737966584699915
GILD,2022-02-18,2022-02-24,2022-03-03,market_wide,-2.5194173682743117,-3.81340117620813,0.869647299622932,0.018148758172134016,0.017148758172134015,0.028514444075409928,-0.011365685903275913
GILD,2022-03-09,2022-03-14,2022-03-21,market_wide,-3.8741664522364267,-1.3162903850136203,1.0449347927696195,0.02596722441981858,0.02496722441981858,0.06022962766373463,-0.03526240324391605
GILD,2022-06-13,2022-06-16,2022-06-24,market_wide,-3.808249789014219,-5.1556009534844405,1.2955245369481219,0.09286204081931393,0.09186204081931393,0.05600932441612194,0.035852716403191986
GILD,2022-07-14,2022-07-19,2022-07-26,market_wide,-3.4883991139723656,-2.8706857636660073,0.9090277180742771,-0.024146769810424185,-0.025146769810424185,0.0011139095746746097,-0.026260679385098795
GILD,2022-07-28,2022-08-02,2022-08-09,idiosyncratic,-3.258046962542894,0.6738442633393152,1.194250075790632,0.04131666811778256,0.04031666811778256,0.010968039794942097,0.029348628322840464
GILD,2022-08-26,2022-08-31,2022-09-08,market_wide,-3.187253739096467,-3.5200621453769902,0.9494805842585705,0.02568137467833198,0.02468137467833198,0.012434848808956511,0.012246525869375469
GILD,2022-09-21,2022-09-26,2022-10-03,market_wide,-3.9485031272581614,-3.8528337839937374,0.9135763402402034,-0.0003209383293059087,-0.0013209383293059087,0.01171169103552927,-0.01303262936483518
GILD,2022-12-19,2022-12-22,2022-12-30,market_wide,-3.282420510753903,-3.8965898611957286,0.593041007116736,0.006683985396885639,0.005683985396885639,0.008844265192032408,-0.003160279795146769
GILD,2022-12-28,2023-01-03,2023-01-10,market_wide,-2.8834368497528744,-3.2524859217367434,0.3668040083990181,0.02049421754515346,0.01949421754515346,0.03908302622646076,-0.0195888086813073
GILD,2023-01-19,2023-01-24,2023-01-31,market_wide,-3.6107265866622145,-1.5498172938709813,1.2052776273659396,-0.0009519604612308052,-0.0019519604612308053,0.020386057958650783,-0.02233801841988159
GILD,2023-02-24,2023-03-01,2023-03-08,market_wide,-4.485718916698613,-3.093083892837976,1.0609623215002582,0.00766403477656219,0.00666403477656219,0.007543321166147532,-0.0008792863895853422
GILD,2023-03-07,2023-03-10,2023-03-17,market_wide,-2.647581478132172,-1.904525066905258,1.1848213541535426,-0.018287133465067718,-0.01928713346506772,-0.001382198617382202,-0.017904934847685516
GILD,2023-05-03,2023-05-08,2023-05-15,market_wide,-3.455456393682157,-2.1131338205390264,0.7889133449495288,-0.0026720393201650205,-0.0036720393201650206,-0.0038722309582632786,0.000200191638098258
GILD,2023-05-11,2023-05-16,2023-05-23,market_wide,-2.6934462071987872,-1.1744240770210543,0.8713909600522477,0.003319523907198363,0.002319523907198363,0.00644424727007431,-0.0041247233628759475
GILD,2023-05-25,2023-05-31,2023-06-07,market_wide,-4.773671868857909,-1.3450288400856287,1.7145747619731517,-0.011177499433285498,-0.012177499433285499,0.01977632578446764,-0.03195382521775314
GILD,2023-06-23,2023-06-28,2023-07-06,market_wide,-2.5294897217822365,-1.780881658976514,0.7232348294154046,0.0007873189516554024,-0.00021268104834459758,-0.0075337797126533435,0.007321098664308746
GILD,2023-07-27,2023-08-01,2023-08-08,market_wide,-3.1460882389148903,-1.2633440477551992,0.9386431023544816,0.05813966108582824,0.05713966108582824,-0.02443197821042753,0.08157163929625577
GILD,2023-08-17,2023-08-22,2023-08-29,market_wide,-2.7355625377446486,-4.502880049037374,1.0702328668043635,0.024361307564225276,0.023361307564225275,0.023972393118979696,-0.0006110855547544203
GILD,2023-09-22,2023-09-27,2023-10-04,market_wide,-3.686753454496616,-3.806335552145672,0.7723379559789727,-0.010721078256989536,-0.011721078256989537,-0.012204236839282512,0.00048315858229297515
GILD,2023-10-02,2023-10-05,2023-10-12,market_wide,-4.917095761115124,-2.455570010640935,1.0543756347047946,0.0275769157455652,0.0265769157455652,0.009514289112735552,0.017062626632829647
GILD,2023-11-10,2023-11-15,2023-11-22,idiosyncratic,-2.5358218345630026,0.338247873189978,0.8449885685623386,0.00879529049378891,0.00779529049378891,0.011085251630299942,-0.0032899611365110317
GILD,2023-11-21,2023-11-27,2023-12-04,idiosyncratic,-3.134356884397091,-0.13714810283247209,0.6861553511246307,0.04564858974976027,0.04464858974976027,0.02361277220711555,0.02103581754264472
GILD,2024-01-23,2024-01-26,2024-02-02,idiosyncratic,-3.0789806115198126,0.397061597802136,0.9752577011711654,-0.032193232546994244,-0.033193232546994245,-0.0068958606700010305,-0.026297371876993214
GILD,2024-02-07,2024-02-12,2024-02-20,idiosyncratic,-5.077108445315397,1.0054095585696465,1.6868299146816177,-0.03237073488491915,-0.03337073488491915,-0.001604929459974147,-0.031765805424945004
GILD,2024-02-21,2024-02-26,2024-03-04,market_wide,-2.7099912668273345,-1.7242191790416619,0.6930632521814931,-0.009595668712260252,-0.010595668712260253,0.016780618203175335,-0.027376286915435588
GILD,2024-03-21,2024-03-26,2024-04-03,idiosyncratic,-3.0726930052322063,0.5240788762134222,0.685470753960285,-0.020991679826273923,-0.021991679826273924,0.012985033244639732,-0.034976713070913656
GILD,2024-04-04,2024-04-09,2024-04-16,market_wide,-5.438396407764016,-5.997931447679934,1.1655862146709663,-0.03760374542019429,-0.03860374542019429,-0.03352075465344351,-0.005082990766750783
GILD,2024-04-12,2024-04-17,2024-04-24,market_wide,-2.927222673881085,-3.97944114045583,0.9185923030492784,0.0022410407071289384,0.0012410407071289384,0.014806553799162625,-0.013565513092033687
GILD,2024-04-25,2024-04-30,2024-05-07,market_wide,-4.737984211577219,-2.2458266878290285,2.292791880627329,0.003987734008755073,0.0029877340087550728,0.012010955460884487,-0.009023221452129415
GILD,2024-05-03,2024-05-08,2024-05-15,idiosyncratic,-2.8442390830338193,0.28105342759109647,0.9136480165380955,0.0321936077796674,0.0311936077796674,0.0309970945075837,0.00019651327208369818
GILD,2024-05-29,2024-06-03,2024-06-10,market_wide,-3.4180876125279878,-2.224256413688834,1.0361744887102495,0.028692946823542176,0.027692946823542175,0.016156306962320732,0.011536639861221443
GILD,2024-08-09,2024-08-14,2024-08-21,market_wide,-3.1204223533216,-1.4757264565649026,1.5400464348580898,0.013353081251804344,0.012353081251804343,0.030446006994479635,-0.018092925742675292
GILD,2024-11-15,2024-11-20,2024-11-27,market_wide,-3.0552483824228585,-1.118398216021193,1.3814516790405758,0.04264941684473733,0.04164941684473733,0.02255391683116814,0.01909550001356919
GILD,2025-01-07,2025-01-13,2025-01-21,market_wide,-3.2664446542396317,-2.21605064635646,1.013426563671555,0.03357801881983913,0.03257801881983913,0.04722186927843208,-0.014643850458592955
GILD,2025-03-19,2025-03-24,2025-03-31,market_wide,-4.3324772139934975,-1.635284071268952,1.150267344214206,0.049747211858359064,0.04874721185835906,-0.0204633051567662,0.06921051701512526
GILD,2025-04-08,2025-04-11,2025-04-21,market_wide,-3.817574284699055,-3.0602918051123287,1.2578030072692565,0.006754863277402379,0.005754863277402379,-0.0235406582288461,0.02929552150624848
GILD,2025-04-17,2025-04-23,2025-04-30,market_wide,-2.6732099522422748,-1.2681438550450612,0.7228442771691646,0.0015040198490972045,0.0005040198490972045,0.032480034221312515,-0.03197601437221531
GILD,2025-06-17,2025-06-23,2025-06-30,market_wide,-2.991196672207356,-1.7341194586582835,0.9909649036584037,0.04407198955014313,0.04307198955014313,0.025433326299546977,0.017638663250596154
GILD,2025-07-15,2025-07-18,2025-07-25,market_wide,-4.13189230558916,-1.2080083880179073,0.8261260869419751,0.07373858927832444,0.07273858927832444,0.0051084367282285825,0.06763015255009586
GILD,2025-08-22,2025-08-27,2025-09-04,idiosyncratic,-4.4034809457364466,0.09738798574253729,0.7968400919130156,-0.010094801981686108,-0.011094801981686109,-0.011283720945236442,0.000188918963550333
GILD,2025-09-15,2025-09-18,2025-09-25,idiosyncratic,-2.6496643895222403,0.5884972741465543,0.9140153765688827,-0.023147361636602137,-0.024147361636602138,-0.017466280882576735,-0.006681080754025404
GILD,2025-09-25,2025-09-30,2025-10-07,market_wide,-3.686779088387356,-2.405970271580298,1.2013434204888878,0.0520720899021383,0.051072089902138296,0.011156539839860091,0.039915550062278204
GILD,2025-10-28,2025-10-31,2025-11-07,idiosyncratic,-2.9037191561795175,0.24465433142843251,0.7005779935303881,-0.007930589136471267,-0.008930589136471268,-0.005856401730932492,-0.0030741874055387752
GILD,2025-12-05,2025-12-10,2025-12-17,idiosyncratic,-4.16557479652018,0.11607380433364665,1.556002682763246,0.006770633163893036,0.005770633163893036,-0.01966276554449986,0.025433398708392896
GILD,2026-03-20,2026-03-25,2026-04-01,market_wide,-5.2066235067911375,-4.1101855485777214,2.867061824535868,0.0147548508735309,0.0137548508735309,0.0009195873041074609,0.012835263569423438
GILD,2026-05-14,2026-05-19,2026-05-27,idiosyncratic,-2.5284929010448005,0.6305832625312362,0.6686244172103087,0.024444610144135126,0.023444610144135125,0.03580788667942647,-0.012363276535291345
GILD,2026-06-02,2026-06-05,2026-06-12,idiosyncratic,-3.8600091792343982,0.1257343597320598,1.1978427981380129,-0.027640182132494306,-0.028640182132494307,0.011190803575380714,-0.03983098570787502
GILD,2026-06-12,2026-06-17,2026-06-25,market_wide,-2.5521881860741833,-1.4660363060024446,0.4990706906749408,-0.012833796814729959,-0.01383379681472996,0.009860612179309003,-0.023694408994038962
EMR,2015-12-02,2015-12-07,2015-12-14,market_wide,-2.9130148785857264,-1.605867068221937,1.2285294555505308,-0.07256234516749138,-0.07356234516749138,-0.039937277890163436,-0.03362506727732795
EMR,2015-12-11,2015-12-16,2015-12-23,market_wide,-4.034114938709241,-4.705087951252978,1.4113149200635384,0.04837335840257051,0.04737335840257051,-0.0011802516877561509,0.04855361009032666
EMR,2016-01-07,2016-01-12,2016-01-20,market_wide,-5.110739499830909,-4.912734125741212,1.5090513694604444,-0.03573087680936371,-0.03673087680936371,-0.0469445270320219,0.010213650222658188
EMR,2016-01-15,2016-01-21,2016-01-28,market_wide,-2.7782557534622394,-3.1614013929474543,1.3807811794005929,0.03865838468751304,0.037658384687513036,-0.007477918073151124,0.04513630276066416
EMR,2016-04-05,2016-04-08,2016-04-15,market_wide,-5.128213784663936,-2.0146973148261615,0.9067330341881553,0.02748888152102036,0.026488881521020358,0.01973224227381154,0.006756639247208818
EMR,2016-04-28,2016-05-03,2016-05-10,market_wide,-2.979699537155573,-3.618661903809322,1.0551374596836123,-0.021401011424681204,-0.022401011424681205,0.003181497646655984,-0.02558250907133719
EMR,2016-05-06,2016-05-11,2016-05-18,market_wide,-2.5513537123698407,-2.192814713366111,0.5865114060111577,-0.038970613727424386,-0.03997061372742439,-0.011654925816638406,-0.02831568791078598
EMR,2016-05-18,2016-05-23,2016-05-31,market_wide,-5.6324868728868225,-3.048003308127319,1.8923641852566802,0.02623830464479937,0.02523830464479937,0.028040099285307152,-0.002801794640507782
EMR,2016-06-13,2016-06-16,2016-06-23,market_wide,-3.0613326504289073,-4.3252193384523805,1.2623727939355072,0.02973911182732958,0.028739111827329578,0.02818467683992565,0.0005544349874039289
EMR,2016-08-02,2016-08-05,2016-08-12,market_wide,-12.344753572273666,-4.7571918837533875,2.4067484857133796,0.012195920620652778,0.011195920620652777,0.003293921878642081,0.007901998742010696
EMR,2016-08-19,2016-08-24,2016-08-31,market_wide,-3.476373294776855,-1.260391470616125,2.9665838491054233,-0.022453490154343614,-0.023453490154343615,-0.0034804493850189022,-0.019973040769324713
EMR,2016-08-31,2016-09-06,2016-09-13,market_wide,-3.4888691588444187,-3.001286009657195,1.2837326323906442,-0.02568454515727392,-0.02668454515727392,-0.027864218988282508,0.0011796738310085875
EMR,2016-09-13,2016-09-16,2016-09-23,market_wide,-3.229094870992406,-3.378605952590239,1.0730108763888346,0.016245444347253724,0.015245444347253723,0.005004006904600011,0.010241437442653711
EMR,2016-10-11,2016-10-14,2016-10-21,market_wide,-4.308958244668844,-4.844426378310692,1.1863189161924075,0.0046110967636108224,0.0036110967636108224,0.005753755160749607,-0.002142658397138785
EMR,2016-10-21,2016-10-26,2016-11-02,market_wide,-2.648067606414476,-2.013732695608525,0.8336714557090427,-0.007929961357744153,-0.008929961357744154,-0.020050138596203748,0.011120177238459594
EMR,2016-11-02,2016-11-07,2016-11-14,market_wide,-2.693071851279125,-4.5573899088294425,1.3255698770879143,0.11220165365554369,0.11120165365554369,0.018681246380458205,0.09252040727508548
EMR,2017-02-23,2017-02-28,2017-03-07,idiosyncratic,-4.004745099643484,-0.020454768703758976,1.0413074022674935,0.0019969098761680737,0.0009969098761680737,0.00218869058280613,-0.0011917807066380562
EMR,2017-03-07,2017-03-10,2017-03-17,market_wide,-2.817839910509555,-2.413774646772849,0.8712552450964447,0.018145306113255932,0.01714530611325593,0.005254755633985697,0.011890550479270234
EMR,2017-03-21,2017-03-24,2017-03-31,market_wide,-3.2192748710806693,-5.436602080457501,1.127325352666779,0.02202490883308883,0.02102490883308883,0.00969468857972089,0.01133022025336794
EMR,2017-04-12,2017-04-18,2017-04-25,market_wide,-9.929079954464138,-5.573527785844102,1.2881307973866643,0.04810813389473623,0.047108133894736226,0.022833412620020033,0.024274721274716193
EMR,2017-05-04,2017-05-09,2017-05-16,idiosyncratic,-3.5053886530954443,-0.006650255447094768,0.9934936841748789,0.003940427665145796,0.002940427665145796,-0.0005168324605790975,0.0034572601257248934
EMR,2017-06-21,2017-06-26,2017-07-03,market_wide,-2.61873335925015,-2.353679200696334,0.8123380583788032,0.021359764135280068,0.020359764135280067,-0.009704548950484115,0.030064313085764183
EMR,2017-07-26,2017-07-31,2017-08-07,idiosyncratic,-3.1009820179475365,0.008500182084876044,0.7337873976266087,0.021808440382641958,0.020808440382641957,0.004676606854374432,0.016131833528267525
EMR,2017-08-10,2017-08-15,2017-08-22,market_wide,-2.632160960179505,-13.126097139995936,0.663460537276135,-0.009931019695438636,-0.010931019695438637,-0.0003276886698840853,-0.010603331025554552
EMR,2017-08-18,2017-08-23,2017-08-30,market_wide,-3.7011518217622363,-2.9772141444217755,0.9342176747555233,0.003422971569864819,0.002422971569864819,0.008262581767731092,-0.005839610197866273
EMR,2017-11-01,2017-11-06,2017-11-13,idiosyncratic,-3.4596555280681387,-0.2767126542090002,1.5645258654628487,-0.04851210544627349,-0.04951210544627349,0.010380467378016123,-0.059892572824289614
EMR,2017-11-15,2017-11-20,2017-11-28,market_wide,-3.6515676841268485,-4.931771150406744,1.084955680370996,0.06455368144696072,0.06355368144696072,0.016265879576713438,0.04728780187024728
EMR,2018-01-24,2018-01-29,2018-02-05,idiosyncratic,-2.5187226666994755,-0.03497513846314203,1.0265362255422892,-0.062337475939077014,-0.06333747593907701,-0.08273194375927462,0.019394467820197603
EMR,2018-03-01,2018-03-06,2018-03-13,market_wide,-4.1985078445070645,-3.9812862610788233,1.1879441313403578,0.010784916369251496,0.009784916369251495,0.013720401678839922,-0.003935485309588427
EMR,2018-03-28,2018-04-03,2018-04-10,market_wide,-3.228440513742422,-2.4364087369057903,0.719655907019389,-0.004274230935965573,-0.005274230935965573,0.013292979728045218,-0.01856721066401079
EMR,2018-04-06,2018-04-11,2018-04-18,market_wide,-3.6202191974604947,-2.0742392276147457,1.3881488144162026,0.05277276118535612,0.05177276118535612,0.0330345887248511,0.01873817246050502
EMR,2018-05-29,2018-06-01,2018-06-08,market_wide,-4.729559906765417,-5.575878054324283,1.211426060206548,0.024940560814495694,0.023940560814495693,0.027552185963856557,-0.003611625149360864
EMR,2018-06-19,2018-06-22,2018-06-29,market_wide,-6.584310190194728,-1.9886710835197519,1.3516238236644007,-0.010448195042474295,-0.011448195042474296,-0.018557634880931873,0.007109439838457576
EMR,2018-06-27,2018-07-02,2018-07-10,market_wide,-2.775511840514333,-3.612512546452834,0.9083935327394457,0.022321092809711507,0.021321092809711506,0.029655452217843603,-0.008334359408132097
EMR,2018-09-07,2018-09-12,2018-09-19,market_wide,-2.889525974706429,-2.3535132433985386,0.8834184093528734,0.0038907751489698494,0.0028907751489698494,0.01124248996081434,-0.00835171481184449
EMR,2018-09-26,2018-10-01,2018-10-08,market_wide,-3.9183761538821567,-1.6008657076262898,0.8029175196799808,0.0033486164780760497,0.0023486164780760497,-0.017967657397675363,0.02031627387575141
EMR,2018-10-24,2018-10-29,2018-11-05,market_wide,-5.539733727207167,-5.515119565730182,1.420072404916927,0.060606232150287154,0.05960623215028715,0.04429575222163207,0.015310479928655085
EMR,2019-03-05,2019-03-08,2019-03-15,market_wide,-3.0999869261393047,-1.6062968480630322,0.9323008747075945,0.010961048346392666,0.009961048346392665,0.03098291600618075,-0.021021867659788085
EMR,2019-03-22,2019-03-27,2019-04-03,market_wide,-2.9912902801994337,-1.697478798554304,0.8109933463286033,0.053909109624686646,0.052909109624686645,0.02770033577715414,0.025208773847532506
EMR,2019-04-29,2019-05-02,2019-05-09,idiosyncratic,-3.846873875320854,0.32268081672061316,1.3994846596879182,-0.047075270212881604,-0.048075270212881605,-0.024079420030477805,-0.0239958501824038
EMR,2019-05-07,2019-05-10,2019-05-17,market_wide,-5.598138199935228,-6.097424121685358,2.0589095941531057,-0.024231292020660766,-0.025231292020660767,-0.018682096092299205,-0.006549195928361562
EMR,2019-05-17,2019-05-22,2019-05-30,market_wide,-2.769434173746468,-2.0839677975084787,0.863586146652279,-0.05365695253978109,-0.05465695253978109,-0.02402906967563978,-0.03062788286414131
EMR,2019-05-28,2019-05-31,2019-06-07,market_wide,-4.243278992762679,-3.5447686046909417,1.4305062410776384,0.057105059934018376,0.056105059934018375,0.05669939466216389,-0.000594334728145518
EMR,2020-01-27,2020-01-30,2020-02-06,market_wide,-9.430852484632094,-3.875698890988621,1.3347506793529116,0.019233805891334832,0.01823380589133483,0.015274406725703793,0.002959399165631038
EMR,2020-02-18,2020-02-21,2020-02-28,idiosyncratic,-3.7774244954881664,-0.20679046069461032,1.3682220826785583,-0.1106952314029187,-0.1116952314029187,-0.1100163056671496,-0.00167892573576911
EMR,2020-06-18,2020-06-23,2020-06-30,market_wide,-2.6883346929154914,-1.5147055237232248,0.8245468111652029,0.003397065932940535,0.002397065932940535,-0.0015603984840728558,0.003957464417013391
EMR,2020-09-08,2020-09-11,2020-09-18,market_wide,-4.928706622211575,-5.182753072355893,1.1457358064053578,-0.001030880217403607,-0.002030880217403607,0.014086453166432422,-0.01611733338383603
EMR,2020-09-21,2020-09-24,2020-10-01,market_wide,-7.101696617735369,-4.0252783612876435,1.1040061909871672,0.003727113780670477,0.002727113780670477,0.02634421732627179,-0.023617103545601315
EMR,2020-12-22,2020-12-28,2021-01-05,market_wide,-4.590393929021227,-1.4318965794767187,0.8407520507402063,-0.0063852573277459745,-0.0073852573277459746,0.011543286871379399,-0.018928544199125374
EMR,2021-01-27,2021-02-01,2021-02-08,market_wide,-5.886917929320998,-3.1893048925278236,2.0680791733670922,0.07052734856813236,0.06952734856813236,0.03062982923182722,0.03889751933630514
EMR,2021-03-19,2021-03-24,2021-03-31,market_wide,-3.4452949176958767,-1.197282380337258,3.703442786743662,0.024528702647521605,0.023528702647521604,0.029913981904399645,-0.00638527925687804
EMR,2021-04-20,2021-04-23,2021-04-30,market_wide,-2.7729144753286543,-1.3421732008663652,0.998626398783905,-0.02130689714456324,-0.022306897144563242,0.0032204670153368475,-0.02552736415990009
EMR,2021-04-30,2021-05-05,2021-05-12,market_wide,-4.29612615494909,-1.1251456614869821,1.1414140959851045,0.027065550271936356,0.026065550271936355,-0.019059042513491886,0.04512459278542824
EMR,2021-06-17,2021-06-22,2021-06-29,market_wide,-8.945267387935887,-1.787820025443486,1.3573708857981623,-0.0009495007240690745,-0.0019495007240690745,0.01166391580250381,-0.013613416526572886
EMR,2021-09-13,2021-09-16,2021-09-23,market_wide,-3.092361704100217,-2.885068192893429,1.5011381334611238,-0.018424742654817416,-0.019424742654817417,-0.0006403231002821697,-0.018784419554535248
EMR,2021-09-22,2021-09-27,2021-10-04,market_wide,-2.7349621131277204,-2.1670758696049988,0.8559466875735006,-0.03194478209655138,-0.032944782096551384,-0.0240901980034961,-0.008854584093055284
EMR,2021-09-30,2021-10-05,2021-10-12,market_wide,-3.3350171052815316,-3.442419606146765,1.0243464731888412,-0.03309622997276407,-0.03409622997276407,-0.0003655997755553919,-0.03373063019720868
EMR,2021-11-18,2021-11-23,2021-12-01,idiosyncratic,-3.0407566907566177,0.2292061951445056,2.0457547037264514,-0.08129564544150869,-0.08229564544150869,-0.051622088912403274,-0.030673556529105417
EMR,2021-12-17,2021-12-22,2021-12-30,market_wide,-3.1506371750589204,-1.6724394249107395,2.4168957669549385,0.03104490468661436,0.03004490468661436,0.01818759736750719,0.011857307319107169
EMR,2022-01-19,2022-01-24,2022-01-31,market_wide,-3.5315433860290657,-4.779679301327939,0.7474857298178853,-0.011715622913681223,-0.012715622913681224,0.01871760872370709,-0.031433231637388315
EMR,2022-04-08,2022-04-13,2022-04-21,market_wide,-3.862049163402671,-3.0430305705799348,1.4584030600047813,0.03643772682418622,0.03543772682418622,0.0034798384713661257,0.031957888352820096
EMR,2022-04-27,2022-05-02,2022-05-09,market_wide,-2.9224602489433025,-2.988422973268775,0.7696141497734043,-0.06657092156944788,-0.06757092156944788,-0.023862662817161318,-0.043708258752286566
EMR,2022-05-09,2022-05-12,2022-05-19,market_wide,-6.019944584659022,-4.410257474264372,1.3418890412234428,0.006646756225616057,0.005646756225616057,-0.02741915488792157,0.03306591111353763
EMR,2022-05-18,2022-05-23,2022-05-31,market_wide,-2.5663948912619,-3.3149081983909676,0.878742283038835,0.043427144468029644,0.04242714446802964,0.03744935318060194,0.004977791287427702
EMR,2022-06-17,2022-06-23,2022-06-30,market_wide,-3.685696083511545,-2.576322607108142,2.514602313740026,0.022496302398481882,0.02149630239848188,0.002197635000253495,0.019298667398228386
EMR,2022-06-30,2022-07-06,2022-07-13,market_wide,-2.6136621663808004,-1.5648272248643045,0.7399868612308027,-0.013918316753275595,-0.014918316753275596,-0.0051218201802136765,-0.009796496573061919
EMR,2022-07-12,2022-07-15,2022-07-22,market_wide,-3.518361623795814,-2.012121077367344,1.077705100416243,0.04396995970521589,0.04296995970521589,0.028532909168148324,0.014437050537067564
EMR,2022-08-22,2022-08-25,2022-09-01,market_wide,-3.0238762197583267,-2.49353665269633,0.8895095440556455,-0.06775046722507472,-0.06875046722507472,-0.052073904579273744,-0.016676562645800974
EMR,2022-08-30,2022-09-02,2022-09-12,market_wide,-3.536250030348432,-3.35286161379406,1.0075115300343906,0.04660542962853875,0.04560542962853875,0.04439960319871106,0.0012058264298276944
EMR,2022-09-23,2022-09-28,2022-10-05,market_wide,-3.463797191110547,-3.7871101313952855,1.224463719315124,0.06331652081106642,0.06231652081106642,0.030669859849870473,0.03164666096119595
EMR,2022-12-06,2022-12-09,2022-12-16,market_wide,-2.935886719756745,-2.75684144631924,1.0528207201483677,0.00817494420583853,0.00717494420583853,-0.01818559515488405,0.025360539360722578
EMR,2023-02-08,2023-02-13,2023-02-21,market_wide,-6.216321113707567,-1.0802784174391555,1.8795018493322404,-0.05023806527314201,-0.05123806527314201,-0.036573528036995095,-0.014664537236146913
EMR,2023-02-21,2023-02-24,2023-03-03,market_wide,-4.219000803356651,-5.481920981569055,1.0861277824794056,0.04088571016335796,0.03988571016335796,0.01695547339166037,0.022930236771697587
EMR,2023-03-10,2023-03-15,2023-03-22,market_wide,-2.827413962009146,-4.723587465033564,1.1409175451341893,0.0356391577093893,0.0346391577093893,0.011570691541282319,0.023068466168106982
EMR,2023-04-26,2023-05-01,2023-05-08,market_wide,-4.569265561068666,-3.62059098966387,0.7405145982286476,0.005518934069022041,0.004518934069022041,-0.017821644830167127,0.022340578899189167
EMR,2023-05-11,2023-05-16,2023-05-23,market_wide,-2.7741754166766635,-1.1744240770210543,0.562630678578217,-0.0004929772417310296,-0.0014929772417310297,0.00644424727007431,-0.00793722451180534
EMR,2023-05-24,2023-05-30,2023-06-06,market_wide,-6.702915648609229,-2.4991213938743773,1.0002444428673938,0.05294013151705124,0.051940131517051236,0.010318265611566124,0.04162186590548511
EMR,2023-08-21,2023-08-24,2023-08-31,market_wide,-4.565110387995868,-2.249920307699953,0.8753996038399969,0.026109745231913006,0.025109745231913005,0.029511706224867096,-0.00440196099295409
EMR,2023-09-13,2023-09-18,2023-09-25,market_wide,-3.3650820994680553,-1.9711247504264893,0.9330498436197999,-0.015158966887419356,-0.016158966887419357,-0.025835687470907365,0.009676720583488008
EMR,2023-09-21,2023-09-26,2023-10-03,market_wide,-4.614295307637642,-6.543499589528678,0.7332569138869374,-0.007845079204188199,-0.0088450792041882,-0.015824495007049966,0.006979415802861766
EMR,2023-10-03,2023-10-06,2023-10-13,market_wide,-3.8371329144941737,-3.784257763071307,1.2842095407518375,-0.002945952672653851,-0.003945952672653851,0.0011168478527736614,-0.005062800525427512
EMR,2023-10-23,2023-10-26,2023-11-02,market_wide,-3.895921104924446,-3.2720621759946344,1.024518999563144,0.02889372515171762,0.02789372515171762,0.039116581082780266,-0.011222855931062647
EMR,2023-11-07,2023-11-10,2023-11-17,idiosyncratic,-4.8048545507981615,0.1385769574643203,2.9190600061206715,0.03819083170103199,0.03719083170103199,0.040953418287093424,-0.003762586586061434
EMR,2023-12-05,2023-12-08,2023-12-15,market_wide,-2.851036367832897,-1.529745759512834,1.1789276034931713,0.06811833283648094,0.06711833283648094,0.038037942622445975,0.029080390214034968
EMR,2024-01-03,2024-01-08,2024-01-16,market_wide,-3.0280840067546917,-3.083655025253418,1.2359556877005828,-0.02620858843669449,-0.027208588436694492,-0.007440412061395452,-0.01976817637529904
EMR,2024-04-17,2024-04-22,2024-04-29,market_wide,-4.368314820836323,-3.1284092158096364,1.2248662705879865,0.010402269623383642,0.009402269623383641,0.01394627176529939,-0.004544002141915748
EMR,2024-04-30,2024-05-03,2024-05-10,market_wide,-4.621694721092093,-1.8016589161570329,1.9914770871337182,0.08456913444563274,0.08356913444563274,0.028130435877039117,0.055438698568593625
EMR,2024-05-23,2024-05-29,2024-06-05,market_wide,-3.2438338750868416,-1.1904007195120496,1.1789925451373864,-0.023800915444538884,-0.024800915444538885,0.016383515577246488,-0.04118443102178537
EMR,2024-06-04,2024-06-07,2024-06-14,market_wide,-4.638546398645427,-1.1363271776549888,1.284418922893939,-0.014076573892387034,-0.015076573892387035,-0.0013126023440103163,-0.013763971548376719
EMR,2024-09-05,2024-09-10,2024-09-17,market_wide,-3.974227540462526,-3.3104113217069813,1.630341706478823,0.0484358593649743,0.0474358593649743,0.030384316933595112,0.017051542431379185
EMR,2024-10-23,2024-10-28,2024-11-04,market_wide,-4.020994975501138,-2.201960059472237,1.9868069817919367,0.01058348542637022,0.00958348542637022,-0.010480005862483877,0.020063491288854096
EMR,2024-12-10,2024-12-13,2024-12-20,market_wide,-4.357194198331836,-1.4089443072090828,0.9818769263765268,-0.04692765443996538,-0.047927654439965384,-0.030650758045605353,-0.01727689639436003
EMR,2024-12-18,2024-12-23,2024-12-31,market_wide,-6.644470213063022,-11.988315503919603,1.494113424264178,0.0,-0.001,-0.009170491242484813,0.008170491242484812
EMR,2024-12-31,2025-01-06,2025-01-14,market_wide,-2.521409580600244,-2.456444949681699,0.6377061841289978,-0.018838481128578666,-0.019838481128578667,0.005424660262126846,-0.025263141390705512
EMR,2025-02-12,2025-02-18,2025-02-25,market_wide,-3.0189303388935085,-1.1273914296855514,0.6387242727518627,-0.042316672518440956,-0.04331667251844096,-0.009598361520921528,-0.03371831099751943
EMR,2025-02-21,2025-02-26,2025-03-05,market_wide,-4.285682813237132,-3.303537264498875,1.0146130709181633,-0.03353910386584302,-0.034539103865843024,-0.009479179560645923,-0.0250599243051971
EMR,2025-03-11,2025-03-14,2025-03-21,market_wide,-3.580136170096057,-3.5297509621731855,1.5855825576582547,0.01054230283228974,0.00954230283228974,0.0010609416897324753,0.008481361142557264
EMR,2025-08-07,2025-08-12,2025-08-19,market_wide,-3.497727805171703,-1.0428757182233825,1.0924816265908683,-0.006324717765233578,-0.0073247177652335784,0.004315899360633368,-0.011640617125866948
EMR,2025-08-15,2025-08-20,2025-08-27,idiosyncratic,-2.516856775205025,-0.19975826392311943,0.7069376409548049,0.01955842513814976,0.01855842513814976,0.0057996970104658985,0.01275872812768386
EMR,2025-09-25,2025-09-30,2025-10-07,market_wide,-2.943903747805579,-2.405970271580298,0.5144230486030525,0.002363164315061006,0.001363164315061006,0.011156539839860091,-0.009793375524799086
EMR,2025-10-13,2025-10-16,2025-10-23,market_wide,-2.530008823228167,-1.7524692409386786,0.8188172997756001,0.03336170125779825,0.03236170125779825,0.025311139671407634,0.0070505615863906135
EMR,2025-11-06,2025-11-11,2025-11-18,market_wide,-3.0953209982489156,-3.26191724380625,1.1695407754462404,-0.01721616174572349,-0.01821616174572349,-0.021605373073850243,0.003389211328126751
EMR,2025-11-14,2025-11-19,2025-11-26,market_wide,-2.7225404868466834,-2.119706238734498,0.574594434176542,0.02551288141443786,0.02451288141443786,0.01974058606472484,0.004772295349713018
EMR,2025-12-16,2025-12-19,2025-12-29,market_wide,-2.7165793762907593,-3.827721286911332,1.4512865787489195,0.016844549997760305,0.015844549997760304,0.015292519432370533,0.0005520305653897717
EMR,2026-03-06,2026-03-11,2026-03-18,market_wide,-4.226439231664695,-5.199373025321597,0.7235239185232515,-0.0694274230330233,-0.0704274230330233,-0.017639716068212352,-0.05278770696481094
EMR,2026-03-18,2026-03-23,2026-03-30,market_wide,-3.1974510012337762,-3.356418439449131,0.6746555794607484,-0.050296549146193525,-0.051296549146193526,-0.019615511456172685,-0.03168103769002084
EMR,2026-07-09,2026-07-14,2026-07-21,idiosyncratic,-2.715436458629478,0.058813652706855284,0.7927033642663922,0.02329341351048808,0.02229341351048808,0.01981496695913587,0.002478446551352209
EMR,2026-08-20,2026-08-25,2026-09-01,market_wide,-2.9839853177417868,-4.5878613929962135,0.7064517630268526,-0.04730253945193419,-0.04830253945193419,-0.00309211581644786,-0.04521042363548633
UPS,2015-12-03,2015-12-08,2015-12-15,market_wide,-4.686195263880876,-7.871476563291662,1.6715890714103327,-0.022340765981484267,-0.02334076598148427,-0.018059525014780253,-0.005281240966704015
UPS,2015-12-18,2015-12-23,2015-12-31,market_wide,-2.8708375639618007,-3.472266601426323,1.8679622037902142,-0.01038603388736492,-0.011386033887364921,-0.009041209737620681,-0.00234482414974424
UPS,2015-12-31,2016-01-06,2016-01-13,market_wide,-3.3780552885823596,-1.5025208991745262,0.6582071965920421,-0.04035163487350257,-0.041351634873502574,-0.049961152765703565,0.00860951789220099
UPS,2016-01-11,2016-01-14,2016-01-22,market_wide,-2.854132567376382,-2.9246089182965673,1.33423712196934,-0.013713683140035848,-0.01471368314003585,-0.017909720011046293,0.0031960368710104436
UPS,2016-01-20,2016-01-25,2016-02-01,market_wide,-3.8080049713423634,-3.5432833822384526,1.2582135443492375,0.05211383470300279,0.05111383470300279,0.03165317536525647,0.019460659337746322
UPS,2016-04-05,2016-04-08,2016-04-15,market_wide,-5.177430359767445,-2.0146973148261615,0.8877832516329882,0.011791527675328428,0.010791527675328427,0.01973224227381154,-0.008940714598483113
UPS,2016-04-28,2016-05-03,2016-05-10,market_wide,-2.9561762242889618,-3.618661903809322,1.9809340974751324,-0.0069936341176343175,-0.007993634117634318,0.003181497646655984,-0.011175131764290303
UPS,2016-05-06,2016-05-11,2016-05-18,market_wide,-3.3067552781639233,-2.192814713366111,1.3420369174785773,-0.003639111681905449,-0.004639111681905449,-0.011654925816638406,0.007015814134732957
UPS,2016-05-17,2016-05-20,2016-05-27,market_wide,-3.001982271145625,-3.2854945487990936,0.8768322917296549,0.014481168648109444,0.013481168648109443,0.02756614651442124,-0.014084977866311799
UPS,2016-07-27,2016-08-01,2016-08-08,market_wide,-5.749928669586468,-1.0808806034970995,2.761287031723674,0.008795410206397403,0.007795410206397403,0.01034755093756945,-0.002552140731172047
UPS,2016-08-25,2016-08-30,2016-09-07,market_wide,-3.432196325540712,-3.465031047852498,0.9570246647820111,0.0009135288139467956,-8.647118605320438e-05,-0.0046931264255770655,0.004606655239523861
UPS,2016-09-09,2016-09-14,2016-09-21,market_wide,-8.360177496915657,-8.791347982996637,1.7831479724683608,0.026202472250316022,0.02520247225031602,0.01773251294335476,0.00746995930696126
UPS,2016-10-04,2016-10-07,2016-10-14,market_wide,-2.6057070055208165,-2.189271681976996,0.6974695707879565,-0.0034928558045358438,-0.004492855804535844,-0.011352373982761343,0.0068595181782255
UPS,2016-10-13,2016-10-18,2016-10-25,market_wide,-3.0019694116755544,-3.3190515030853467,1.0616635066512816,-0.0026819648410438823,-0.0036819648410438824,0.008808527108869368,-0.012490491949913252
UPS,2016-10-21,2016-10-26,2016-11-02,market_wide,-3.8974804988403697,-2.013732695608525,1.6352266987162738,-0.015744004433283387,-0.016744004433283388,-0.020050138596203748,0.00330613416292036
UPS,2016-11-01,2016-11-04,2016-11-11,market_wide,-3.9890794370449516,-5.1879093859661,1.207797118672944,0.07565828413272468,0.07465828413272468,0.04238968937872034,0.03226859475400434
UPS,2016-12-23,2016-12-29,2017-01-06,market_wide,-2.53553790871577,-1.1851696965830583,0.38508025375592586,0.0036530029474008963,0.0026530029474008962,0.013131044825341887,-0.010478041877940991
UPS,2017-01-04,2017-01-09,2017-01-17,idiosyncratic,-2.6150012525688884,0.19810602826650753,0.9852439431283702,-0.006099412501188839,-0.007099412501188839,-0.002204979084201364,-0.004894433416987475
UPS,2017-02-01,2017-02-06,2017-02-13,market_wide,-5.066043993477271,-1.5016188111954303,4.603524919588947,0.0230059428275442,0.0220059428275442,0.014669435804462116,0.007336507023082084
UPS,2017-02-23,2017-02-28,2017-03-07,idiosyncratic,-2.8883386946287453,-0.020454768703758976,1.005316956870201,-0.0011350908140865812,-0.002135090814086581,0.00218869058280613,-0.004323781396892711
UPS,2017-03-07,2017-03-10,2017-03-17,market_wide,-2.805346221219483,-2.413774646772849,0.6544016856118424,0.013304601104787706,0.012304601104787705,0.005254755633985697,0.0070498454708020075
UPS,2017-03-23,2017-03-28,2017-04-04,market_wide,-3.5416112875586205,-2.9069192475077505,0.8480250100988812,0.004143614215343483,0.003143614215343483,-0.0013926706141212941,0.004536284829464777
UPS,2017-04-07,2017-04-12,2017-04-20,market_wide,-2.9531599567745603,-1.3138079556418387,1.3280193815916224,0.012472389502905079,0.011472389502905078,0.010373481354313707,0.001098908148591371
UPS,2017-05-10,2017-05-15,2017-05-22,idiosyncratic,-5.6374207391837805,0.30680389359541693,1.3775027545603276,-0.014341574250613442,-0.015341574250613443,-0.0026045921367922054,-0.012736982113821238
UPS,2017-05-18,2017-05-23,2017-05-31,market_wide,-2.784571393043226,-2.766727603440966,1.1214692224433505,0.016986708553631713,0.015986708553631712,0.01665174415384918,-0.0006650356002174673
UPS,2017-07-06,2017-07-11,2017-07-18,market_wide,-2.758297764336721,-3.7089769085961857,0.6991472043933706,0.015989468605345447,0.014989468605345446,0.014315494499797854,0.0006739741055475923
UPS,2017-10-06,2017-10-11,2017-10-18,idiosyncratic,-3.2046600723571355,-0.1478857750385028,1.1721336952692762,-0.006475053823212784,-0.007475053823212784,0.0036384792084886985,-0.011113533031701484
UPS,2017-10-17,2017-10-20,2017-10-27,idiosyncratic,-2.5337781337652197,0.22535022342829727,0.6629212479568414,0.008266560432384384,0.007266560432384384,0.00098463513165159,0.006281925300732794
UPS,2017-10-30,2017-11-02,2017-11-09,market_wide,-2.858066971050028,-1.1764371394255655,1.4103204975866392,-0.03696419960592967,-0.03796419960592967,0.0042258306183933225,-0.042190030224322994
UPS,2017-11-07,2017-11-10,2017-11-17,idiosyncratic,-3.3595587276693752,-0.1591431067809678,0.8851714971146988,-0.00256093000268387,-0.00356093000268387,0.00040702319864327485,-0.003967953201327145
UPS,2017-12-13,2017-12-18,2017-12-26,idiosyncratic,-3.054578711408044,-0.02211561904309017,0.7584191868837931,-0.004629451644301841,-0.005629451644301841,-0.003808720287453049,-0.0018207313568487917
UPS,2018-02-09,2018-02-14,2018-02-22,market_wide,-3.017885548242755,-2.540611304848514,1.5695087692658112,-0.005907163290420181,-0.006907163290420181,0.0007830846568872563,-0.007690247947307437
UPS,2018-02-28,2018-03-05,2018-03-12,market_wide,-3.2560661348636395,-1.8859379218040615,0.7180832115410907,0.029298109011594464,0.028298109011594463,0.023795506989232162,0.004502602022362301
UPS,2018-03-26,2018-03-29,2018-04-06,market_wide,-2.6369222507428725,-2.0848494147662118,1.1135527094968825,0.006401644195758394,0.005401644195758394,-0.016247000662396482,0.021648644858154875
UPS,2018-06-19,2018-06-22,2018-06-29,market_wide,-6.180026627484444,-1.9886710835197519,0.9948459786647489,-0.06569911495784331,-0.06669911495784331,-0.018557634880931873,-0.048141480076911436
UPS,2018-06-28,2018-07-03,2018-07-11,market_wide,-3.5898263781249096,-2.358838702602538,2.0742259034626436,0.014844781299370613,0.013844781299370612,0.026935318338156655,-0.013090537038786043
UPS,2018-09-14,2018-09-19,2018-09-26,idiosyncratic,-3.0601051556594894,0.04651374681481462,1.4309385907713552,-0.01310771664339383,-0.01410771664339383,0.0024139939842140468,-0.016521710627607877
UPS,2018-09-26,2018-10-01,2018-10-08,market_wide,-3.46630578948227,-1.6008657076262898,0.7402937705442689,0.01123795249156001,0.01023795249156001,-0.017967657397675363,0.028205609889235372
UPS,2018-10-18,2018-10-23,2018-10-30,market_wide,-2.7732813725461303,-2.0661777140722566,0.7162216311553254,-0.06276246002038888,-0.06376246002038888,-0.012849978957629404,-0.050912481062759474
UPS,2018-10-26,2018-10-31,2018-11-07,market_wide,-3.5204704605417954,-3.352799473626367,1.2915834698683726,0.043082414515676515,0.042082414515676514,0.043839359320483995,-0.001756944804807481
UPS,2019-03-06,2019-03-11,2019-03-18,market_wide,-4.325632227539003,-3.9426974192253095,0.8648514308215686,0.017090914485134112,0.01609091448513411,0.021872134500624973,-0.005781220015490862
UPS,2019-03-22,2019-03-27,2019-04-03,market_wide,-2.5609368235127787,-1.697478798554304,0.9016718560974158,0.04927486922128188,0.04827486922128188,0.02770033577715414,0.02057453344412774
UPS,2019-05-07,2019-05-10,2019-05-17,market_wide,-3.2407505687778375,-6.097424121685358,0.9902908521952901,-0.002773662112725672,-0.0037736621127256722,-0.018682096092299205,0.014908433979573532
UPS,2019-05-17,2019-05-22,2019-05-30,market_wide,-2.833644188892815,-2.0839677975084787,0.7742425920217398,-0.017948323456039805,-0.018948323456039806,-0.02402906967563978,0.005080746219599974
UPS,2019-05-28,2019-05-31,2019-06-07,market_wide,-4.076503134849186,-3.5447686046909417,1.1845396651789653,0.05714639736764626,0.05614639736764626,0.05669939466216389,-0.000552997294517632
UPS,2019-08-12,2019-08-15,2019-08-22,market_wide,-2.6922646711400624,-2.3472974936174604,0.45044927350684166,0.020187719944682492,0.01918771994468249,0.041248750569639725,-0.022061030624957234
UPS,2019-09-19,2019-09-24,2019-10-01,idiosyncratic,-4.099151535715646,-0.14306436452374602,1.3771900704511084,-0.018476179675760207,-0.019476179675760208,-0.015122851413079008,-0.0043533282626812
UPS,2019-10-01,2019-10-04,2019-10-11,market_wide,-4.895805978864921,-4.151687520980794,1.3584029800246016,-0.01251182623956315,-0.013511826239563152,0.007575005106212451,-0.021086831345775603
UPS,2019-10-09,2019-10-14,2019-10-21,market_wide,-2.691840532415768,-1.831035086209742,0.8537874025227057,0.02287057459131492,0.021870574591314917,0.01558201631644529,0.006288558274869627
UPS,2019-11-19,2019-11-22,2019-12-02,idiosyncratic,-3.1411728985485463,-0.05329759580623741,1.7233206068949856,-0.00921897028062868,-0.01021897028062868,-0.0031771243888750744,-0.007041845891753606
UPS,2019-12-03,2019-12-06,2019-12-13,market_wide,-4.616533681977951,-3.4212527892535185,0.8516384738237188,0.009273959174508128,0.008273959174508128,0.010227082943461419,-0.001953123768953291
UPS,2019-12-20,2019-12-26,2020-01-03,idiosyncratic,-2.7869736218860717,0.5125496532449296,2.186712846347607,-0.019489130751768613,-0.020489130751768614,-0.007768483462652687,-0.012720647289115927
UPS,2020-01-02,2020-01-07,2020-01-14,idiosyncratic,-3.1201243341016593,1.0942380639463256,1.442397416373835,0.010948107338057511,0.00994810733805751,0.013310560995873244,-0.003362453657815734
UPS,2020-01-13,2020-01-16,2020-01-24,idiosyncratic,-2.5439987122344268,0.7346400085083645,0.718761315511894,-0.016440642210981737,-0.01744064221098174,-0.007552237760211633,-0.009888404450770105
UPS,2020-02-12,2020-02-18,2020-02-25,idiosyncratic,-2.545444961168567,0.4596515296698229,0.4834759541829309,-0.10890411605679828,-0.10990411605679828,-0.07165730210458299,-0.0382468139522153
UPS,2020-05-01,2020-05-06,2020-05-13,market_wide,-3.8573882439458074,-1.744309811023709,0.950825889094893,-0.023566329099904637,-0.024566329099904638,-0.015983636376021293,-0.008582692723883345
UPS,2020-09-03,2020-09-09,2020-09-16,market_wide,-3.1829684942226186,-2.053109603240459,1.43268209139861,0.00043802876417742276,-0.0005619712358225773,0.013431368130902843,-0.013993339366725421
UPS,2020-12-08,2020-12-11,2020-12-18,idiosyncratic,-3.254597595443608,0.08668675838053315,1.0355057186036531,0.04026147399330848,0.03926147399330848,0.0024448616796743927,0.03681661231363409
UPS,2021-01-05,2021-01-08,2021-01-15,market_wide,-3.7327366546619656,-1.1156502713643492,1.2282798508849064,0.0032198816184603185,0.0022198816184603185,-0.002390967109336839,0.0046108487277971575
UPS,2021-01-15,2021-01-21,2021-01-28,market_wide,-3.3490120446409106,-1.3372690118260693,1.1316813443988083,-0.017676543461532024,-0.018676543461532025,-0.01906697646416855,0.00039043300263652547
UPS,2021-01-27,2021-02-01,2021-02-08,market_wide,-2.6003392629833786,-3.1893048925278236,0.822630727291281,0.046013186357767744,0.04501318635776774,0.03062982923182722,0.014383357125940521
UPS,2021-02-17,2021-02-22,2021-03-01,idiosyncratic,-2.6365977304576655,-0.06243974203400985,0.7573938666375641,-0.0008043441713500021,-0.0018043441713500022,-7.56982814437146e-05,-0.0017286458899062876
UPS,2021-03-17,2021-03-22,2021-03-29,idiosyncratic,-2.537882335119136,0.12249979969860657,1.2142345434250204,0.04395847707073841,0.04295847707073841,0.024176721167452175,0.018781755903286235
UPS,2021-06-02,2021-06-07,2021-06-14,idiosyncratic,-3.0135357886789875,0.08594672412580268,0.9310059433082544,-0.05556095510075876,-0.05656095510075876,-0.0012383772519503067,-0.05532257784880845
UPS,2021-06-10,2021-06-15,2021-06-22,idiosyncratic,-2.9485979835952034,0.6930575458088026,1.3373893502151333,0.015123367664362952,0.014123367664362951,-0.011260370620845506,0.025383738285208457
UPS,2021-07-16,2021-07-21,2021-07-28,market_wide,-2.8177317178976025,-2.61682634481491,1.6619062592806106,-0.09606964852875455,-0.09706964852875455,-0.005726332939284595,-0.09134331558946995
UPS,2021-07-29,2021-08-03,2021-08-10,idiosyncratic,-2.7547907301378456,-0.0746053015703108,0.8090886676734367,-0.01823327344715875,-0.01923327344715875,-0.004219606323620839,-0.01501366712353791
UPS,2021-08-09,2021-08-12,2021-08-19,idiosyncratic,-3.2815821934530227,-0.22276183823110468,0.5139022005941867,0.0021688854744379427,0.0011688854744379426,-0.014448715939524126,0.015617601413962068
UPS,2021-09-14,2021-09-17,2021-09-24,market_wide,-2.816285283686039,-3.3808065960903617,0.797272455757331,-0.010577459233080067,-0.011577459233080067,0.01145815185670318,-0.023035611089783248
UPS,2021-09-22,2021-09-27,2021-10-04,market_wide,-4.295801049367028,-2.1670758696049988,1.6216008986317334,-0.045065453936029565,-0.046065453936029566,-0.0240901980034961,-0.021975255932533466
UPS,2021-10-01,2021-10-06,2021-10-13,market_wide,-3.4386304730240416,-1.890675267023815,1.0459024356394422,0.01859417188433632,0.017594171884336318,0.003094704347120336,0.014499467537215982
UPS,2021-11-09,2021-11-12,2021-11-19,idiosyncratic,-2.7975277936266685,-0.29505996245530497,0.5734363344977585,-0.01730845441907536,-0.01830845441907536,-0.0075740425906655195,-0.01073441182840984
UPS,2022-01-10,2022-01-13,2022-01-21,market_wide,-4.159203553913442,-2.629144102366106,1.4260301216258082,-0.04048075344041213,-0.04148075344041213,-0.050647499657918815,0.009166746217506683
UPS,2022-01-19,2022-01-24,2022-01-31,market_wide,-3.3402794294471705,-4.779679301327939,0.7351009970106959,-0.009405796459635019,-0.01040579645963502,0.01871760872370709,-0.02912340518334211
UPS,2022-02-24,2022-03-01,2022-03-08,market_wide,-2.9583770173826034,-2.84207089069059,1.1016500064183374,-0.010555555761965096,-0.011555555761965097,-0.02453580463066707,0.012980248868701971
UPS,2022-03-08,2022-03-11,2022-03-18,market_wide,-2.5466750635267004,-3.355194252451035,1.2790552701488769,0.07788135736869317,0.07688135736869317,0.0560753631577362,0.02080599421095697
UPS,2022-04-06,2022-04-11,2022-04-19,market_wide,-3.597958148161671,-3.0247881167096997,1.3263731829633423,-0.0007860591371420256,-0.0017860591371420256,0.015583066440431503,-0.01736912557757353
UPS,2022-04-14,2022-04-20,2022-04-27,market_wide,-2.968771048026246,-3.251856925341065,0.6934337428986657,-0.02116260353529631,-0.02216260353529631,-0.0514015052515685,0.029238901716272192
UPS,2022-05-20,2022-05-25,2022-06-02,market_wide,-2.6735337815036173,-2.9995467131040088,0.9059415597081887,0.05872563815608722,0.05772563815608722,0.05028794732561437,0.007437690830472854
UPS,2022-06-10,2022-06-15,2022-06-23,market_wide,-4.068388926689618,-5.689130211273002,0.8992748504047379,0.015635831828449298,0.014635831828449297,-0.008340036659086114,0.02297586848753541
UPS,2022-07-12,2022-07-15,2022-07-22,market_wide,-3.217312410257625,-2.012121077367344,1.7015873015873015,0.029519601898266412,0.02851960189826641,0.028532909168148324,-1.3307269881912553e-05
UPS,2022-08-29,2022-09-01,2022-09-09,market_wide,-4.126057847117465,-3.20395527533587,0.8687228242503435,0.010579330305815704,0.009579330305815703,0.021938635803300244,-0.01235930549748454
UPS,2022-09-16,2022-09-21,2022-09-28,market_wide,-5.409633869717961,-3.4521985262216734,4.652454742081716,-0.03860098991865635,-0.03960098991865635,-0.017234726785267496,-0.022366263133388853
UPS,2022-09-27,2022-09-30,2022-10-07,market_wide,-2.646335007285026,-2.95568940984695,0.7617188382612783,-0.014856943434637171,-0.015856943434637172,0.024404610523131254,-0.040261553957768426
UPS,2022-10-07,2022-10-12,2022-10-19,market_wide,-3.931713170179969,-2.287080506859787,1.085533578156241,0.03956624934735564,0.03856624934735564,0.03531612897898273,0.0032501203683729107
UPS,2022-12-20,2022-12-23,2023-01-03,market_wide,-3.154970188366311,-3.0774221540359177,0.7122024737069788,-0.009773351558776011,-0.010773351558776012,0.0036195683514668175,-0.01439291991024283
UPS,2022-12-29,2023-01-04,2023-01-11,market_wide,-2.615844618598161,-2.4312890845607744,0.4309983914681709,0.028908664715433963,0.027908664715433962,0.0306118583335806,-0.0027031936181466376
UPS,2023-02-21,2023-02-24,2023-03-03,market_wide,-6.213985664196174,-5.481920981569055,1.8017725458358704,0.030696606146410232,0.02969660614641023,0.01695547339166037,0.012741132754749862
UPS,2023-03-10,2023-03-15,2023-03-22,market_wide,-2.7083814803124953,-4.723587465033564,1.300984449105304,0.006400562986068392,0.005400562986068392,0.011570691541282319,-0.0061701285552139265
UPS,2023-05-04,2023-05-09,2023-05-16,market_wide,-2.509137502268955,-2.8559462270296283,0.7436667787276959,-0.027739349426412208,-0.02873934942641221,-0.010534542152976112,-0.018204807273436097
UPS,2023-05-12,2023-05-17,2023-05-24,market_wide,-3.2478866914547213,-1.3436748954343063,1.0791480579784918,-0.02124179747066346,-0.02224179747066346,-0.01625838237598287,-0.005983415094680589
UPS,2023-08-02,2023-08-07,2023-08-14,market_wide,-3.802479770560064,-3.791203054352872,0.526517226825771,-0.027721534637567546,-0.028721534637567547,-0.005798480254842753,-0.022923054382724795
UPS,2023-08-15,2023-08-18,2023-08-25,market_wide,-4.3789037383496945,-4.153668296444291,0.6041735444776946,-0.013840136045426,-0.014840136045426,-0.0023145787581448918,-0.012525557287281108
UPS,2023-09-13,2023-09-18,2023-09-25,market_wide,-2.731045769363147,-1.9711247504264893,1.0705074782252064,-0.026066687216675155,-0.027066687216675156,-0.025835687470907365,-0.0012309997457677913
UPS,2023-09-22,2023-09-27,2023-10-04,market_wide,-3.6693278811661227,-3.806335552145672,0.8940332718015068,0.008595102029173018,0.0075951020291730184,-0.012204236839282512,0.01979933886845553
UPS,2024-01-04,2024-01-09,2024-01-17,market_wide,-3.3066666953277872,-3.157059435870309,0.9551270282228088,-0.03363731106161061,-0.03463731106161061,-0.010290670429074056,-0.024346640632536554
UPS,2024-01-31,2024-02-05,2024-02-12,market_wide,-4.150143666925867,-1.3929166199700809,2.2388032128349185,0.06018125223491522,0.059181252234915216,0.023242526116578732,0.035938726118336484
UPS,2024-03-27,2024-04-02,2024-04-09,idiosyncratic,-2.5177773412976645,0.231464722774793,1.1914303458931603,0.009520899178621312,0.00852089917862131,-0.0032187569934761795,0.01173965617209749
UPS,2024-04-12,2024-04-17,2024-04-24,market_wide,-4.657456376424716,-3.97944114045583,1.0560887914609411,0.030720423507462513,0.029720423507462512,0.014806553799162625,0.014913869708299887
UPS,2024-06-04,2024-06-07,2024-06-14,market_wide,-2.8879727456805715,-1.1363271776549888,1.0887236128945246,-0.014457999026166846,-0.015457999026166847,-0.0013126023440103163,-0.01414539668215653
UPS,2024-06-13,2024-06-18,2024-06-26,idiosyncratic,-4.30145849779575,0.19444997733517283,1.392116725842374,0.029433816160856052,0.02843381616085605,-0.0011461815143142262,0.029579997675170278
UPS,2024-07-02,2024-07-08,2024-07-15,idiosyncratic,-2.5989419654997556,2.0361872668403405,0.6672809785051881,0.06360212813381261,0.0626021281338126,0.018596318810359058,0.04400580932345355
UPS,2024-07-23,2024-07-26,2024-08-02,market_wide,-4.158528525557898,-2.356083862885772,7.2127094848897775,-0.005976958058664494,-0.006976958058664494,-0.02959470267690678,0.022617744618242286
UPS,2024-08-06,2024-08-09,2024-08-16,market_wide,-4.391104860289918,-3.1272661927140133,0.6648844101956135,0.030440222002171335,0.029440222002171335,0.0291753530996679,0.00026486890250343453
UPS,2024-08-29,2024-09-04,2024-09-11,market_wide,-2.6991479066555812,-1.2240931407396085,0.8571851121518363,-0.0032578152659062942,-0.004257815265906294,0.0013961609122687957,-0.00565397617817509
UPS,2024-11-08,2024-11-13,2024-11-20,idiosyncratic,-4.1147134577020905,0.29438075659993007,0.9143318886358628,0.00026705119278869205,-0.000732948807211308,-0.017696301078062304,0.016963352270850995
UPS,2024-12-18,2024-12-23,2024-12-31,market_wide,-5.120818564724529,-11.988315503919603,0.9229586292083081,0.002783280970648505,0.001783280970648505,-0.009170491242484813,0.010953772213133317
UPS,2025-01-02,2025-01-07,2025-01-15,market_wide,-2.5541870916772775,-2.4673325611951102,0.6785267039906401,0.019923161972509096,0.018923161972509095,0.01852509819435988,0.0003980637781492158
UPS,2025-02-03,2025-02-06,2025-02-13,market_wide,-3.070313594442752,-3.170079001406855,1.407423414432016,0.019124030407924986,0.018124030407924985,0.012216698324269304,0.005907332083655681
UPS,2025-03-11,2025-03-14,2025-03-21,market_wide,-3.235618430598781,-3.5297509621731855,1.1394669056081699,-0.014217284549277176,-0.015217284549277177,0.0010609416897324753,-0.016278226239009652
UPS,2025-03-25,2025-03-28,2025-04-04,idiosyncratic,-6.951728024011476,0.20340366020674602,1.68094627540644,-0.10897325443394423,-0.10997325443394423,-0.10053349223709585,-0.009439762196848389
UPS,2025-04-30,2025-05-05,2025-05-12,idiosyncratic,-2.9807842631976067,0.016266066031562054,1.5668677630149972,0.059125228727484824,0.05812522872748482,0.04612780119864368,0.011997427528841142
UPS,2025-06-25,2025-06-30,2025-07-08,idiosyncratic,-3.1006962413007435,0.08693968065524464,1.1766933868903215,0.014265873427848241,0.01326587342784824,0.01773900604374057,-0.004473132615892328
UPS,2025-07-14,2025-07-17,2025-07-24,idiosyncratic,-3.2893717518915895,-0.2797446408402476,0.7948819588655587,0.03045212108314832,0.02945212108314832,-0.007814428361435088,0.03726654944458341
UPS,2025-07-31,2025-08-05,2025-08-12,market_wide,-3.1696954817395344,-1.320022145755903,1.826857185190673,0.007490231264135838,0.006490231264135838,0.021051094092136458,-0.01456086282800062
UPS,2025-09-02,2025-09-05,2025-09-12,market_wide,-4.772834924864458,-2.1021889429338323,1.3862619658602602,-0.00811389861517986,-0.00911389861517986,0.02236887662196696,-0.03148277523714682
UPS,2025-09-10,2025-09-15,2025-09-22,idiosyncratic,-2.771366373952945,0.6164459746422224,0.8062749676747013,0.002499544701594303,0.0014995447015943028,0.012038899582780482,-0.01053935488118618
UPS,2025-09-24,2025-09-29,2025-10-06,market_wide,-2.9335537788192085,-1.2107435296898814,0.7926663279009837,0.025088812873457433,0.024088812873457432,0.021155949000323693,0.0029328638731337398
UPS,2025-10-10,2025-10-15,2025-10-22,market_wide,-3.321531686130677,-5.683885993533175,1.2085648115258378,0.035557194533000436,0.034557194533000435,0.017082919752264836,0.0174742747807356
UPS,2026-02-19,2026-02-24,2026-03-03,market_wide,-2.580087923022981,-1.7098212818675906,0.5723053843200171,-0.018549002938573644,-0.019549002938573645,-0.009172173643475445,-0.0103768292950982
UPS,2026-03-12,2026-03-17,2026-03-24,market_wide,-2.7216145549574176,-4.342100124093434,0.8537885584849789,0.00685281021084605,0.00585281021084605,-0.024502131865785537,0.030354942076631586
UPS,2026-05-14,2026-05-19,2026-05-27,idiosyncratic,-2.538514941649071,0.6305832625312362,0.7722885771884253,0.07890120817087287,0.07790120817087287,0.03580788667942647,0.0420933214914464
UPS,2026-07-28,2026-07-31,2026-08-07,market_wide,-6.794473733229527,-2.340572443531929,2.8962979026109443,0.0026866098336584265,0.0016866098336584265,0.02855226186689075,-0.026865652033232323
UPS,2026-08-06,2026-08-11,2026-08-18,idiosyncratic,-2.8630099098963124,-0.19572674708174592,1.4847978771156232,-0.008377177079997189,-0.00937717707999719,0.0081875696054996,-0.01756474668549679
UPS,2026-08-18,2026-08-21,2026-08-28,market_wide,-2.970177177322511,-3.6749454467996285,0.7222534402984182,0.03254582516712912,0.031545825167129116,0.004467478244114531,0.027078346923014585
UPS,2026-09-08,2026-09-11,2026-09-18,market_wide,-3.8698719006476905,-2.0201104005350623,0.9022367796218053,-0.012165947701975877,-0.013165947701975877,-0.00460473119975624,-0.008561216502219637
MRK,2015-12-09,2015-12-14,2015-12-21,market_wide,-3.2938629436787754,-3.669077576225415,1.0401061598893862,-0.006322195828573074,-0.007322195828573074,0.005148062199785475,-0.01247025802835855
MRK,2015-12-22,2015-12-28,2016-01-05,market_wide,-2.7010876374725252,-1.494938556496036,1.1031005903065474,0.005866750421288813,0.004866750421288813,-0.01634621856059071,0.02121296898187952
MRK,2016-01-07,2016-01-12,2016-01-20,market_wide,-3.5178818876744384,-4.912734125741212,1.4241186768982679,-0.023376917343717274,-0.024376917343717275,-0.0469445270320219,0.022567609688304624
MRK,2016-01-15,2016-01-21,2016-01-28,market_wide,-2.5330240466460223,-3.1614013929474543,1.176290110663491,-0.033778717148786774,-0.034778717148786775,-0.007477918073151124,-0.02730079907563565
MRK,2016-02-08,2016-02-11,2016-02-19,market_wide,-2.97934024177887,-3.7394044544060874,0.8905163625476624,0.025998254229829154,0.024998254229829153,0.0544151332362548,-0.029416879006425645
MRK,2016-04-28,2016-05-03,2016-05-10,market_wide,-4.227703896243689,-3.618661903809322,1.1252001543766406,-0.007261976629673428,-0.008261976629673429,0.003181497646655984,-0.011443474276329413
MRK,2016-05-12,2016-05-17,2016-05-24,market_wide,-2.5293288795586064,-1.6023362177214784,0.9150694119894979,0.023564019986349383,0.022564019986349382,0.01989649427758211,0.002667525708767271
MRK,2016-07-28,2016-08-02,2016-08-09,market_wide,-2.8121794254511174,-1.0717276144078676,0.9715960237747564,0.07131837505577088,0.07031837505577088,0.015337802086165864,0.05498057296960501
MRK,2016-08-24,2016-08-29,2016-09-06,market_wide,-2.922945809859402,-2.793936962646599,1.0153381190122504,0.0036503776575758096,0.0026503776575758095,-0.006372124492958209,0.009022502150534017
MRK,2016-09-09,2016-09-14,2016-09-21,market_wide,-2.8193283042597854,-8.791347982996637,1.6497724764194541,0.02200499873232098,0.02100499873232098,0.01773251294335476,0.0032724857889662173
MRK,2016-10-11,2016-10-14,2016-10-21,market_wide,-3.6493950922011553,-4.844426378310692,1.2743319131558661,-0.015126928637782755,-0.016126928637782756,0.005753755160749607,-0.021880683798532363
MRK,2016-10-19,2016-10-24,2016-10-31,market_wide,-2.925602763304844,-1.4076227994896078,0.4491727216660744,-0.03341557211921187,-0.03441557211921187,-0.011196871254046559,-0.02321870086516531
MRK,2016-10-28,2016-11-02,2016-11-09,market_wide,-6.48374562201333,-3.3475981863872866,2.035848100997197,0.09075458921661328,0.08975458921661328,0.032704106988164394,0.057050482228448884
MRK,2016-11-22,2016-11-28,2016-12-05,idiosyncratic,-2.523014548344564,0.2529865410058516,0.8073889317018967,-0.025080653508279482,-0.026080653508279483,-0.0066919115022863185,-0.019388742005993165
MRK,2016-12-01,2016-12-06,2016-12-13,market_wide,-4.1314778830261965,-1.6770417911966697,0.977382249636107,0.03291568129297828,0.03191568129297828,0.03199823161747384,-8.25503244955561e-05
MRK,2016-12-22,2016-12-28,2017-01-05,market_wide,-2.7512125994176935,-1.3118765239702739,0.946461205445067,0.014172124261662145,0.013172124261662144,0.0075490608414521265,0.005623063420210017
MRK,2017-03-09,2017-03-14,2017-03-21,market_wide,-2.5327159022157177,-2.677431313401952,0.9290922938559424,-0.004517147625933027,-0.005517147625933027,-0.003580581725119769,-0.0019365659008132577
MRK,2017-03-17,2017-03-22,2017-03-29,market_wide,-3.0107611822827303,-1.1073282423520467,1.587138773124647,0.0022048472462263824,0.0012048472462263824,0.006843716643052167,-0.005638869396825784
MRK,2017-03-27,2017-03-30,2017-04-06,market_wide,-3.221989762434915,-2.6252089542980928,0.7502201454433457,-0.0033097928908913943,-0.004309792890891394,-0.006698925702856351,0.0023891328119649566
MRK,2017-04-07,2017-04-12,2017-04-20,market_wide,-2.9592050770868927,-1.3138079556418387,1.0071376880979113,-0.007930160127564867,-0.008930160127564868,0.010373481354313707,-0.019303641481878575
MRK,2017-04-18,2017-04-21,2017-04-28,market_wide,-3.322671020994673,-1.7571608789116808,1.048202113269741,0.007109290046976691,0.006109290046976691,0.018355232418606704,-0.012245942371630014
MRK,2017-05-17,2017-05-22,2017-05-30,market_wide,-4.149238503264954,-7.704275345697817,0.7509145743466077,0.013117200737877921,0.01211720073787792,0.015040942185524653,-0.0029237414476467327
MRK,2017-06-13,2017-06-16,2017-06-23,idiosyncratic,-2.579184935439769,0.3982178674252094,1.3914382743321791,0.050659022001894094,0.04965902200189409,0.012087102568662855,0.03757191943323124
MRK,2017-07-06,2017-07-11,2017-07-18,market_wide,-3.7053763917410274,-3.7089769085961857,1.2744306708010433,0.0011229971741635314,0.00012299717416353138,0.014315494499797854,-0.014192497325634323
MRK,2017-07-18,2017-07-21,2017-07-28,idiosyncratic,-2.969580577199134,0.06096060603476785,0.8518946629211429,0.023630742723090847,0.022630742723090846,-0.005541588401309916,0.028172331124400762
MRK,2017-08-10,2017-08-15,2017-08-22,market_wide,-3.114742040007864,-13.126097139995936,0.8285592999804199,-0.0012798247606271573,-0.0022798247606271574,-0.0003276886698840853,-0.001952136090743072
MRK,2017-08-18,2017-08-23,2017-08-30,market_wide,-4.545017298671879,-2.9772141444217755,1.2547023749215505,0.015607116703142854,0.014607116703142853,0.008262581767731092,0.006344534935411761
MRK,2017-09-26,2017-09-29,2017-10-06,market_wide,-2.935306294055031,-2.1124745393403517,0.8340915984574117,0.008121090827171162,0.007121090827171162,0.0056175598971590635,0.001503530930012099
MRK,2017-10-11,2017-10-16,2017-10-23,idiosyncratic,-4.491034860697054,0.20808879026912397,1.4061208447836722,0.0009471158836664717,-5.288411633352832e-05,0.013739994116731546,-0.013792878233065076
MRK,2017-10-30,2017-11-02,2017-11-09,market_wide,-5.507927647761435,-1.1764371394255655,3.365059763508823,0.015170507168507541,0.01417050716850754,0.0042258306183933225,0.009944676550114218
MRK,2017-11-10,2017-11-15,2017-11-22,market_wide,-2.7876414429630856,-1.3130329818345698,0.9415137782719412,-0.007846715819678995,-0.008846715819678996,0.019220769182384245,-0.02806748500206324
MRK,2017-11-20,2017-11-24,2017-12-01,market_wide,-4.3447386059919415,-1.0749457117942791,1.333145571753929,0.027967160977415917,0.026967160977415916,0.017341256636331126,0.00962590434108479
MRK,2018-01-03,2018-01-08,2018-01-16,idiosyncratic,-2.8583334745075297,2.9016122136060933,1.1776062975220485,0.09548230766266275,0.09448230766266275,0.024162747511257576,0.07031956015140517
MRK,2018-02-06,2018-02-09,2018-02-16,market_wide,-3.719327906124629,-2.6785073384130977,2.4502307614646877,0.025879213201543294,0.024879213201543293,0.04287000986070644,-0.017990796659163144
MRK,2018-02-28,2018-03-05,2018-03-12,market_wide,-3.1301136961606923,-1.8859379218040615,0.9727441713210571,0.01764692720971417,0.01664692720971417,0.023795506989232162,-0.007148579779517994
MRK,2018-03-22,2018-03-27,2018-04-04,market_wide,-4.064728120927097,-5.30851494109199,1.1562882335760634,0.014697966396252315,0.013697966396252315,0.019879531803801864,-0.00618156540754955
MRK,2018-05-01,2018-05-04,2018-05-11,market_wide,-4.184264733090618,-2.1159291419148376,1.0288261585076863,0.03359299850094177,0.03259299850094177,0.0330145810928526,-0.0004215825919108296
MRK,2018-06-26,2018-06-29,2018-07-09,market_wide,-3.2279942068961427,-3.0240754713525444,1.0981236333301732,0.021746280553390784,0.020746280553390783,0.02748238556361149,-0.006736105010220705
MRK,2018-12-18,2018-12-21,2018-12-31,market_wide,-4.053039066281231,-3.7937118136032395,1.1425136540457854,0.048148519989609895,0.047148519989609894,0.04202997785947793,0.0051185421301319645
MRK,2019-01-24,2019-01-29,2019-02-05,market_wide,-3.4516926035376745,-1.0144843947520479,1.5498758534174375,0.0535299596123584,0.0525299596123584,0.03449776609560806,0.01803219351675034
MRK,2019-04-04,2019-04-09,2019-04-16,idiosyncratic,-3.5763484922304842,0.2561347900809228,1.1953986171010382,-0.040098897841846615,-0.041098897841846616,0.020160720738837234,-0.06125961858068385
MRK,2019-07-11,2019-07-16,2019-07-23,idiosyncratic,-5.724518442455749,0.16899211155772806,1.6388252710362259,0.005392937908427653,0.004392937908427653,0.007983744378952107,-0.003590806470524454
MRK,2019-09-10,2019-09-13,2019-09-20,idiosyncratic,-5.214463632018911,-0.01654897748897844,2.4769725930699504,0.030867851433028504,0.029867851433028503,-0.0076451827585167775,0.03751303419154528
MRK,2019-10-22,2019-10-25,2019-11-01,idiosyncratic,-7.1153923094719636,-0.2573785228601242,2.970872479948486,0.03257986706236338,0.031579867062363376,0.016979162667086545,0.014600704395276831
MRK,2020-01-07,2020-01-10,2020-01-17,market_wide,-8.667338489548577,-1.6258873172937838,1.7065604406557653,0.016084121884144986,0.015084121884144985,0.017305767008556572,-0.0022216451244115865
MRK,2020-01-24,2020-01-29,2020-02-05,market_wide,-5.992651496563834,-1.3484514100365803,1.6156058064260965,-0.016162558336672128,-0.01716255833667213,0.012060976355410702,-0.02922353469208283
MRK,2020-02-05,2020-02-10,2020-02-18,idiosyncratic,-2.83210407989278,0.34687333444420376,2.656284303003596,-0.03735700080445781,-0.03835700080445781,0.0033452656532046987,-0.04170226645766251
MRK,2020-02-13,2020-02-19,2020-02-26,idiosyncratic,-4.664802266187085,-0.07051191978396629,1.3582014613282571,-0.02512216295201075,-0.026122162952010752,-0.07796599362057177,0.05184383066856102
MRK,2020-05-01,2020-05-06,2020-05-13,market_wide,-3.5361086929728915,-1.744309811023709,0.725806154600482,0.009984342355119136,0.008984342355119135,-0.015983636376021293,0.024967978731140428
MRK,2020-06-24,2020-06-29,2020-07-07,market_wide,-2.95713436921658,-2.622538455154364,0.5865643643325961,0.034157056240090355,0.033157056240090355,0.02360381682867896,0.009553239411411396
MRK,2020-09-08,2020-09-11,2020-09-18,market_wide,-5.811470927611251,-5.182753072355893,1.0465162476001446,0.023130777205883968,0.022130777205883967,0.014086453166432422,0.008044324039451545
MRK,2020-09-21,2020-09-24,2020-10-01,market_wide,-2.5193621765328085,-4.0252783612876435,1.140588971032873,-0.01815998216440673,-0.01915998216440673,0.02634421732627179,-0.04550419949067852
MRK,2020-09-29,2020-10-02,2020-10-09,market_wide,-2.9807830473741967,-1.170013562731302,0.7646176799330218,-0.0054456882554648756,-0.006445688255464876,0.04659311081606732,-0.053038799071532194
MRK,2020-10-07,2020-10-12,2020-10-19,idiosyncratic,-2.7132145503271645,0.17894734585240318,1.2451587580812364,-0.021030267034691463,-0.022030267034691464,-0.015644546559126393,-0.006385720475565071
MRK,2020-10-19,2020-10-22,2020-10-29,market_wide,-4.212718445360257,-1.9646474965133787,0.9820105936634729,-0.04191376640332822,-0.042913766403328224,-0.05336012871844442,0.010446362315116198
MRK,2020-10-28,2020-11-02,2020-11-09,market_wide,-5.195905746087206,-6.301408518172243,0.9942419713333469,0.049406810386049216,0.048406810386049215,0.08062151643131532,-0.032214706045266106
MRK,2020-11-24,2020-11-30,2020-12-07,idiosyncratic,-2.5628503148769926,0.22932807146468145,1.5572667130252826,0.026371466956656375,0.025371466956656374,0.02004356886849612,0.0053278980881602545
MRK,2020-12-14,2020-12-17,2020-12-24,market_wide,-2.6150322564449344,-2.3711501888124364,1.5005750854970792,0.004008972602288274,0.0030089726022882743,-0.00831030876347405,0.011319281365762324
MRK,2021-01-21,2021-01-26,2021-02-02,idiosyncratic,-4.357065580604344,0.1251509646880569,0.858215223337218,-0.030903728479923953,-0.031903728479923954,0.0037304936173072623,-0.035634222097231216
MRK,2021-01-29,2021-02-03,2021-02-10,market_wide,-3.01183071313596,-3.725709904689809,1.0017886081628236,-0.03142779865194567,-0.03242779865194567,0.014639130375708742,-0.047066929027654414
MRK,2021-02-08,2021-02-11,2021-02-19,idiosyncratic,-3.604806863071795,0.49720758824031785,1.4111402682306444,-0.005753443344790554,-0.006753443344790554,0.000535199157986721,-0.007288642502777275
MRK,2021-02-19,2021-02-24,2021-03-03,market_wide,-3.26137848700323,-1.2726063860538381,1.0004299082575698,-0.017030971068820344,-0.018030971068820345,-0.024494738737557142,0.006463767668736797
MRK,2021-03-02,2021-03-05,2021-03-12,market_wide,-2.563776006780066,-1.4046790643193645,1.377424034081148,0.029063965993479712,0.02806396599347971,0.014875648624752769,0.013188317368726943
MRK,2021-04-06,2021-04-09,2021-04-16,idiosyncratic,-3.7211314892820386,-0.04272722660086801,1.2477607685276693,0.015201173233823528,0.014201173233823527,0.010137687911195847,0.00406348532262768
MRK,2021-05-27,2021-06-02,2021-06-09,idiosyncratic,-4.430003961222018,0.036793741508467356,1.7732376699321721,0.022722112161069452,0.02172211216106945,-0.0015095416779947746,0.023231653839064226
MRK,2021-07-19,2021-07-22,2021-07-29,market_wide,-4.229053761476938,-5.9524530987722075,1.2856020055736535,0.005226983970707533,0.004226983970707533,0.006660903111645355,-0.0024339191409378227
MRK,2021-08-03,2021-08-06,2021-08-13,idiosyncratic,-2.624510203998753,0.041748400503854366,1.078930479428294,0.016967158975858876,0.015967158975858875,0.0004450024459834445,0.01552215652987543
MRK,2021-08-27,2021-09-01,2021-09-09,idiosyncratic,-3.140610707939795,0.40318238277249563,0.7707499743510824,-0.03097937196899847,-0.03197937196899847,-0.015905264064931868,-0.016074107904066604
MRK,2021-09-09,2021-09-14,2021-09-21,market_wide,-5.924187289917335,-2.0173485448585704,1.7713657438520396,-0.0019413975818769469,-0.002941397581876947,-0.015745111320572658,0.01280371373869571
MRK,2021-09-17,2021-09-22,2021-09-29,market_wide,-2.780085686819464,-3.276858177342188,3.7762043085681576,0.04233753320948663,0.04133753320948663,0.005058848670836946,0.036278684538649686
MRK,2021-11-29,2021-12-02,2021-12-09,market_wide,-5.930891579200698,-1.6448316226097637,3.021835404163106,-0.013939551481572887,-0.014939551481572888,0.018632827468132884,-0.03357237894970577
MRK,2021-12-07,2021-12-10,2021-12-17,idiosyncratic,-2.677728448088236,-0.17504362453353364,0.986638633271269,0.052163273595771775,0.051163273595771774,-0.0157539136494107,0.06691718724518247
MRK,2022-01-21,2022-01-26,2022-02-02,market_wide,-2.5027278996410858,-4.096457016615061,1.4421276532588225,0.03626488488856294,0.03526488488856294,0.053070466446527575,-0.017805581557964634
MRK,2022-02-07,2022-02-10,2022-02-17,market_wide,-3.3060271990642796,-1.1370345834877966,1.6194318379752113,-0.002612091425040375,-0.003612091425040375,-0.02914438426037469,0.025532292835334314
MRK,2022-02-16,2022-02-22,2022-03-01,market_wide,-2.772152125273344,-1.801665235810927,0.6967393633692663,0.005134765713776801,0.004134765713776801,0.001484549165971849,0.002650216547804952
MRK,2022-04-22,2022-04-27,2022-05-04,market_wide,-5.118668135233031,-5.348694359449569,0.6592302649499246,0.04869085978778398,0.04769085978778398,0.03457074991645315,0.013120109871330832
MRK,2022-06-02,2022-06-07,2022-06-14,idiosyncratic,-4.286506891372093,0.21811672279278305,0.8834104487382132,-0.05844890178217399,-0.05944890178217399,-0.08408527321099879,0.0246363714288248
MRK,2022-06-13,2022-06-16,2022-06-24,market_wide,-4.642357142178294,-5.1556009534844405,1.12973618397548,0.09706660976836656,0.09606660976836656,0.05600932441612194,0.04005728535224462
MRK,2022-07-20,2022-07-25,2022-08-01,idiosyncratic,-6.2656911121994945,0.5375883388027687,1.4374327189493779,-0.022092026279560084,-0.023092026279560085,0.03328890783673666,-0.056380934116296744
MRK,2022-07-29,2022-08-03,2022-08-10,idiosyncratic,-3.4770548038421194,0.8292017747710897,1.7236302547381197,0.017918490994558667,0.016918490994558666,0.0133827032673568,0.0035357877272018667
MRK,2022-08-30,2022-09-02,2022-09-12,market_wide,-4.1347920492484995,-3.35286161379406,1.0564432243886035,0.022381879383047032,0.02138187938304703,0.04439960319871106,-0.023017723815664026
MRK,2022-09-20,2022-09-23,2022-09-30,market_wide,-2.5502505976197516,-3.2554797861055476,0.6495866548216459,-0.0076053176453820814,-0.008605317645382082,-0.02556238893622642,0.01695707129084434
MRK,2023-01-09,2023-01-12,2023-01-20,idiosyncratic,-3.4041508912280847,-0.07293797999100139,1.8884228582170215,-0.016372758569542678,-0.01737275856954268,-0.01943540137416222,0.002062642804619541
MRK,2023-01-19,2023-01-24,2023-01-31,market_wide,-2.854638941620753,-1.5498172938709813,0.7187542117199098,-0.01022848265870735,-0.01122848265870735,0.020386057958650783,-0.03161454061735813
MRK,2023-01-27,2023-02-01,2023-02-08,idiosyncratic,-4.302974686843056,0.19910231153914199,0.9497683804197579,-0.003178229197788429,-0.004178229197788429,-0.020831749128731092,0.016653519930942662
MRK,2023-02-28,2023-03-03,2023-03-10,market_wide,-3.757408624551597,-2.5396344315512653,1.4896612701784693,0.007578478497361596,0.006578478497361596,-0.04218125382685667,0.04875973232421826
MRK,2023-03-17,2023-03-22,2023-03-29,market_wide,-3.754365129866732,-1.8785147387108885,2.5731486011566553,0.004980844186860178,0.003980844186860178,0.0240046913684846,-0.02002384718162442
MRK,2023-05-16,2023-05-19,2023-05-26,market_wide,-3.995983774479097,-1.0859175587923855,0.7355762948494873,-0.038271719612484434,-0.039271719612484435,-0.00579926484207649,-0.033472454770407944
MRK,2023-05-26,2023-06-01,2023-06-08,idiosyncratic,-3.992938856093717,0.2386570117060621,1.0389572310980217,-0.005499087801162372,-0.006499087801162372,0.016510269616526685,-0.023009357417689058
MRK,2023-06-06,2023-06-09,2023-06-16,idiosyncratic,-2.718820029110442,0.02040827956170295,0.9729728218476447,-0.005957913524799685,-0.006957913524799685,0.02687812455402394,-0.03383603807882363
MRK,2023-06-14,2023-06-20,2023-06-27,idiosyncratic,-2.844322712360923,0.09721273360185455,0.7527686229680718,0.02803222419487228,0.02703222419487228,-0.0012243959716918829,0.02825662016656416
MRK,2023-07-07,2023-07-12,2023-07-19,market_wide,-6.098736042372574,-1.2262684957811356,1.4588755805993758,-0.01414349211938637,-0.01514349211938637,0.014009644387398934,-0.029153136506785304
MRK,2023-07-27,2023-08-01,2023-08-08,market_wide,-3.3701063689736244,-1.2633440477551992,1.3205216363912837,0.01073341483533019,0.00973341483533019,-0.02443197821042753,0.03416539304575772
MRK,2023-08-04,2023-08-09,2023-08-16,market_wide,-3.255566018122116,-3.6684031849884837,0.8501559936714401,0.02478808557306378,0.023788085573063777,-0.013172058544573928,0.036960144117637705
MRK,2023-09-21,2023-09-26,2023-10-03,market_wide,-3.3796047137587166,-6.543499589528678,0.9353962329242991,-0.03434861990579796,-0.03534861990579796,-0.015824495007049966,-0.019524124898747997
MRK,2023-09-29,2023-10-04,2023-10-11,market_wide,-3.5731940957850674,-2.2613329885562354,1.2757659675797717,0.01262603367662396,0.01162603367662396,0.012296200225896836,-0.000670166549272877
MRK,2023-10-18,2023-10-23,2023-10-30,market_wide,-3.9631713217503335,-1.3786315573832417,1.1727836108732772,-0.006482888037558032,-0.007482888037558032,-0.0072742478347359585,-0.00020864020282207376
MRK,2023-11-10,2023-11-15,2023-11-22,idiosyncratic,-4.04717973007166,0.338247873189978,1.1103379302011742,0.0032560806417167854,0.0022560806417167853,0.011085251630299942,-0.008829170988583157
MRK,2023-11-22,2023-11-28,2023-12-05,idiosyncratic,-3.143223743537955,0.10517036446140685,0.7853844940073955,0.060391350747247774,0.05939135074724777,0.020654967097108345,0.03873638365013943
MRK,2024-03-04,2024-03-07,2024-03-14,idiosyncratic,-6.001802496944129,-0.10427364150204614,2.0275128492761163,-0.0219016860149166,-0.0229016860149166,-0.0018772193080611732,-0.021024466706855427
MRK,2024-03-12,2024-03-15,2024-03-22,idiosyncratic,-2.707844887103944,0.6773834049568379,1.3908911933841173,0.01917388192852476,0.01817388192852476,0.020135176207515038,-0.0019612942789902776
MRK,2024-04-11,2024-04-16,2024-04-23,market_wide,-2.688198972907239,-1.5237572454077575,0.8231227899328698,0.014552929543502957,0.013552929543502956,0.006320893783648529,0.007232035759854427
MRK,2024-07-03,2024-07-09,2024-07-16,idiosyncratic,-2.5533271886539146,1.4603755742296314,0.2779050841055041,-0.004760350091058796,-0.005760350091058796,0.03237551176358333,-0.03813586185464213
MRK,2024-07-16,2024-07-19,2024-07-26,idiosyncratic,-3.221070600756986,0.6290672503223912,1.2486191044330366,-0.004055124028542689,-0.005055124028542689,0.012387275463802805,-0.017442399492345495
MRK,2024-07-30,2024-08-02,2024-08-09,market_wide,-12.90446761004945,-2.8413902084435354,5.065397656839544,-0.005642350824834441,-0.006642350824834441,-0.0037021260152182434,-0.002940224809616198
MRK,2024-08-12,2024-08-15,2024-08-22,market_wide,-3.0485261013331946,-1.5147530196010752,0.4504280996565279,0.028594047376048648,0.027594047376048647,0.006277534439873778,0.02131651293617487
MRK,2024-09-09,2024-09-12,2024-09-19,market_wide,-3.3634283237717333,-2.3475921303729566,1.9128089633434628,0.023985523489790994,0.022985523489790993,0.028158960191627003,-0.0051734367018360095
MRK,2024-09-26,2024-10-01,2024-10-08,idiosyncratic,-3.4609505927648336,0.18897685265491035,1.1416484632187798,-0.0542095393900488,-0.0552095393900488,0.011997801048868828,-0.06720734043891763
MRK,2024-10-07,2024-10-10,2024-10-17,market_wide,-3.509384923885187,-2.997737981524974,0.9096938502013355,0.003199200043654482,0.002199200043654482,0.013006901581443575,-0.010807701537789094
MRK,2024-10-21,2024-10-24,2024-10-31,idiosyncratic,-5.541618180616863,-0.18109195883098914,1.3506824871185426,-0.03362317284344141,-0.03462317284344141,-0.016320431892280385,-0.018302740951161023
MRK,2024-10-29,2024-11-01,2024-11-08,market_wide,-3.0162916516994747,-1.2573144761473376,1.0095084616186538,0.010208176517724654,0.009208176517724653,0.05003620791104679,-0.04082803139332214
MRK,2024-11-15,2024-11-20,2024-11-27,market_wide,-4.083015559715649,-1.118398216021193,1.7614290421557592,0.058292239266472645,0.057292239266472644,0.02255391683116814,0.0347383224353045
MRK,2024-12-10,2024-12-13,2024-12-20,market_wide,-2.517229216693756,-1.4089443072090828,0.8232869146997815,-0.031030763039638698,-0.0320307630396387,-0.030650758045605353,-0.0013800049940333459
MRK,2024-12-18,2024-12-23,2024-12-31,market_wide,-3.5194646808877312,-11.988315503919603,0.913211621530456,0.0011067690653006057,0.00010676906530060568,-0.009170491242484813,0.009277260307785418
MRK,2024-12-30,2025-01-03,2025-01-13,market_wide,-3.177027013817059,-2.187546180824139,0.6098781615050197,0.01855946772699646,0.01755946772699646,0.002903593299557583,0.014655874427438875
MRK,2025-01-10,2025-01-15,2025-01-23,market_wide,-2.616945923709969,-3.5252444779569942,1.6189445884649574,-0.034569010235249165,-0.035569010235249165,0.04041336693220643,-0.0759823771674556
MRK,2025-01-21,2025-01-24,2025-01-31,idiosyncratic,-5.048375566356165,0.9160815917190464,1.7889754354784595,0.03422278936860401,0.03322278936860401,-0.0006292010806073778,0.03385199044921139
MRK,2025-02-07,2025-02-12,2025-02-20,market_wide,-2.870335793622923,-2.296413480972153,0.891632411782515,0.023462181443887786,0.022462181443887785,0.02757113218162721,-0.005108950737739426
MRK,2025-03-25,2025-03-28,2025-04-04,idiosyncratic,-7.835836814787642,0.20340366020674602,1.0666659776126346,-0.08696620546898182,-0.08796620546898182,-0.10053349223709585,0.012567286768114028
MRK,2025-04-17,2025-04-23,2025-04-30,market_wide,-2.974976188104092,-1.2681438550450612,1.128470072477323,0.08204228995135265,0.08104228995135265,0.032480034221312515,0.04856225573004014
MRK,2025-09-03,2025-09-08,2025-09-15,market_wide,-2.7547214583524835,-1.232364889778801,1.0582264237000638,-0.02699114631095345,-0.027991146310953452,0.02025336326258076,-0.04824450957353421
MRK,2025-09-12,2025-09-17,2025-09-24,idiosyncratic,-4.134260765612222,-0.04613613076379101,0.8206297205095096,-0.018116785071333186,-0.019116785071333187,0.002235967653556381,-0.021352752724889568
MRK,2025-10-14,2025-10-17,2025-10-24,market_wide,-2.754120664538854,-1.8769892220026356,0.680571666130885,0.03184346132311533,0.03084346132311533,0.020218529426539567,0.010624931896575762
MRK,2026-01-23,2026-01-28,2026-02-04,market_wide,-2.7180216908160912,-1.1439667907235105,0.8235410498646863,0.106922453783038,0.105922453783038,0.02154656435161928,0.08437588943141872
MRK,2026-03-05,2026-03-10,2026-03-17,market_wide,-4.638021415965401,-3.2099350754786293,1.4073678362737523,-0.0030896759507907934,-0.004089675950790793,0.00036885973498446134,-0.004458535685775255
MRK,2026-03-13,2026-03-18,2026-03-25,market_wide,-2.9310999545239276,-3.756088396027698,0.6725494646842961,0.042532743875172585,0.041532743875172584,-0.008141420746130668,0.04967416462130325
MRK,2026-04-24,2026-04-29,2026-05-06,idiosyncratic,-3.0472859777964474,0.25404218404261025,0.7144071432619061,0.0235240940793775,0.0225240940793775,0.04616837333914203,-0.023644279259764533
MRK,2026-08-06,2026-08-11,2026-08-18,idiosyncratic,-2.507362515099552,-0.19572674708174592,0.7973635677997053,0.03642076207869338,0.03542076207869338,0.0081875696054996,0.02723319247319378
CRM,2015-12-15,2015-12-18,2015-12-28,market_wide,-2.746026533998863,-2.0012171289944103,0.9701978992149216,0.015188835190222072,0.014188835190222071,0.02602722925270773,-0.011838394062485658
CRM,2016-01-07,2016-01-12,2016-01-20,market_wide,-5.138346285808417,-4.912734125741212,2.7093760686417756,-0.05546592921767801,-0.05646592921767801,-0.0469445270320219,-0.009521402185656114
CRM,2016-01-15,2016-01-21,2016-01-28,market_wide,-3.658255642698092,-3.1614013929474543,2.3105220344547086,-0.05495626134069842,-0.05595626134069842,-0.007477918073151124,-0.0484783432675473
CRM,2016-05-03,2016-05-06,2016-05-13,market_wide,-3.933809074674031,-3.4528283839999694,1.1208018299364453,0.02855236158122043,0.02755236158122043,-0.009475706596540179,0.03702806817776061
CRM,2016-06-09,2016-06-14,2016-06-21,idiosyncratic,-2.7344459709425415,-0.2870472378730579,0.5212308488962435,0.00665936240445042,0.00565936240445042,0.012536830719246383,-0.006877468314795964
CRM,2016-06-17,2016-06-22,2016-06-29,market_wide,-3.75078456836566,-2.678445190032804,1.94146903910706,-0.02009436133087239,-0.02109436133087239,-0.0051262150472466406,-0.01596814628362575
CRM,2016-07-27,2016-08-01,2016-08-08,market_wide,-2.588942026895575,-1.0808806034970995,1.3448173246795319,0.001851442581144891,0.0008514425811448909,0.01034755093756945,-0.00949610835642456
CRM,2016-08-04,2016-08-09,2016-08-16,market_wide,-2.717615248747743,-1.6622944779702673,0.7825736695708436,-0.03966515418292926,-0.040665154182929264,0.007111133560870231,-0.047776287743799495
CRM,2016-09-01,2016-09-07,2016-09-14,market_wide,-3.2688723268172324,-2.6645898524348968,5.318940499099882,-0.01586446200056424,-0.01686446200056424,-0.026479225607167756,0.009614763606603516
CRM,2016-09-13,2016-09-16,2016-09-23,market_wide,-2.9277710313117895,-3.378605952590239,0.8292727673002128,-0.039568794471902424,-0.040568794471902425,0.005004006904600011,-0.045572801376502436
CRM,2016-11-10,2016-11-15,2016-11-22,idiosyncratic,-3.7014810091917916,0.2178760923223697,2.0714977650602044,0.020940195943218498,0.019940195943218497,0.008261859092565382,0.011678336850653115
CRM,2016-11-23,2016-11-29,2016-12-06,idiosyncratic,-2.5054176053630934,0.07884702016678533,0.8323241553736452,-0.03167446622692327,-0.03267446622692327,-0.003180876618253503,-0.029493589608669768
CRM,2016-12-27,2016-12-30,2017-01-09,idiosyncratic,-2.5859229325370685,-0.25941842803881776,0.6114260993273627,0.08033891275258953,0.07933891275258953,0.017629032497203045,0.061709880255386484
CRM,2017-03-21,2017-03-24,2017-03-31,market_wide,-7.778236355682721,-5.436602080457501,1.0201448410677298,0.010782830585202907,0.009782830585202906,0.00969468857972089,8.8142005482017e-05
CRM,2017-09-14,2017-09-19,2017-09-26,idiosyncratic,-2.9878392930608006,-0.05105518500915426,1.1535099830440012,-0.03156805248311645,-0.03256805248311645,-0.002856392728598278,-0.02971165975451817
CRM,2017-09-25,2017-09-28,2017-10-05,market_wide,-5.470001288425536,-1.8090843524228026,1.323395345347735,0.03380127717223602,0.03280127717223602,0.016043043820828995,0.016758233351407026
CRM,2018-05-21,2018-05-24,2018-06-01,idiosyncratic,-2.7161735065729005,0.17221670828309546,0.7377954043666693,0.01382627523151636,0.01282627523151636,0.0015203007961928083,0.011305974435323551
CRM,2018-06-25,2018-06-28,2018-07-06,market_wide,-3.382749753386242,-5.61282195145944,1.278050998815431,0.046477167085839266,0.045477167085839265,0.019619701676563794,0.02585746540927547
CRM,2018-11-12,2018-11-15,2018-11-23,market_wide,-3.0680418340506117,-1.5620206351479455,1.2744583148170592,-0.0789493266129998,-0.0799493266129998,-0.04009599304761147,-0.03985333356538834
CRM,2019-01-24,2019-01-29,2019-02-05,market_wide,-2.8443354850572593,-1.0144843947520479,1.3665139457590527,0.09512349881387494,0.09412349881387494,0.03449776609560806,0.05962573271826688
CRM,2019-03-04,2019-03-07,2019-03-14,market_wide,-2.9430120871509367,-1.0396849889441055,3.4049880353400077,0.03258331510329571,0.031583315103295706,0.028112209101518015,0.0034711060017776907
CRM,2019-05-07,2019-05-10,2019-05-17,market_wide,-4.452051236823945,-6.097424121685358,1.8544640199566282,-0.0335752990770094,-0.0345752990770094,-0.018682096092299205,-0.015893202984710197
CRM,2019-05-17,2019-05-22,2019-05-30,market_wide,-2.76933085362202,-2.0839677975084787,1.0626554788548757,-0.012560311561935933,-0.013560311561935934,-0.02402906967563978,0.010468758113703847
CRM,2019-06-25,2019-06-28,2019-07-08,market_wide,-2.8878513401175243,-1.2396517386033572,0.9209894272290133,0.007118009597332442,0.006118009597332442,0.008604928667176548,-0.002486919069844106
CRM,2019-08-05,2019-08-08,2019-08-15,market_wide,-3.8406542606106373,-5.832836851481704,1.562674484363212,-0.011751111789635615,-0.012751111789635616,-0.02473930765939103,0.011988195869755414
CRM,2019-11-25,2019-11-29,2019-12-06,idiosyncratic,-3.654482353845039,1.0146237533220037,1.133572833592586,-0.029958898100606368,-0.03095889810060637,0.0006886536087220563,-0.031647551709328425
CRM,2019-12-04,2019-12-09,2019-12-16,market_wide,-7.322178031759391,-2.0438586608703355,3.4198247760718106,0.028448118043170156,0.027448118043170155,0.017416006528092387,0.010032111515077768
CRM,2020-06-02,2020-06-05,2020-06-12,idiosyncratic,-3.115559757634272,0.5277497445751544,1.1237607796763933,0.00707382040764859,0.00607382040764859,-0.057008614937337665,0.06308243534498625
CRM,2020-09-10,2020-09-15,2020-09-22,market_wide,-2.55228744765282,-3.446308599011274,0.28309645136574396,-0.01549583623774975,-0.01649583623774975,-0.0158545097139855,-0.0006413265237642518
CRM,2020-12-09,2020-12-14,2020-12-21,market_wide,-2.9418743311465483,-1.095271352112119,0.7963991632918999,0.023500673635425295,0.022500673635425295,0.004325132050130742,0.018175541585294552
CRM,2020-12-29,2021-01-04,2021-01-11,idiosyncratic,-2.7322959803445874,-0.2990936355687072,0.6870848385478565,-0.009350307730172647,-0.010350307730172648,0.03239581086216936,-0.04274611859234201
CRM,2021-01-07,2021-01-12,2021-01-20,idiosyncratic,-3.208641189653998,2.185543651030708,1.1164680726707246,0.036748252167033035,0.035748252167033034,0.011505828597750734,0.0242424235692823
CRM,2021-03-24,2021-03-29,2021-04-06,market_wide,-3.3113439239410702,-3.1995398310602776,0.784911984878669,0.04896316806438117,0.04796316806438117,0.016048864393894302,0.031914303670486865
CRM,2021-05-04,2021-05-07,2021-05-14,market_wide,-5.03472486694502,-1.7774317783131148,1.5047541507952662,0.005357990903525067,0.004357990903525067,-0.007711055582815374,0.01206904648634044
CRM,2021-06-25,2021-06-30,2021-07-08,idiosyncratic,-2.6735301190306355,0.5365268436255424,2.8306198438955215,0.006263576562566264,0.005263576562566264,-0.0013000601810388979,0.006563636743605162
CRM,2021-07-16,2021-07-21,2021-07-28,market_wide,-3.2746594489454046,-2.61682634481491,1.3344966683817618,0.007641191617663301,0.006641191617663301,-0.005726332939284595,0.012367524556947895
CRM,2021-09-10,2021-09-15,2021-09-22,market_wide,-4.745955139505812,-3.727233378136798,0.7511361131063715,0.011750462447423837,0.010750462447423836,-0.017858286169730397,0.028608748617154234
CRM,2021-12-14,2021-12-17,2021-12-27,market_wide,-3.371141455120126,-1.0000151264444281,0.755606436031741,0.021231434253040415,0.020231434253040415,0.022212470690486708,-0.001981036437446293
CRM,2022-01-05,2022-01-10,2022-01-18,market_wide,-11.63482891849357,-1.8299927411605221,4.574725564920764,-0.015546697890983951,-0.016546697890983952,-0.016226077565049346,-0.0003206203259346063
CRM,2022-04-08,2022-04-13,2022-04-21,market_wide,-3.5244359675798105,-3.0430305705799348,0.6608096813187372,-0.09447168013037532,-0.09547168013037532,0.0034798384713661257,-0.09895151860174145
CRM,2022-04-22,2022-04-27,2022-05-04,market_wide,-4.269972994312751,-5.348694359449569,1.4948059806437002,0.06182742861008883,0.06082742861008883,0.03457074991645315,0.026256678693635682
CRM,2022-05-18,2022-05-23,2022-05-31,market_wide,-3.848955735910566,-3.3149081983909676,0.9549271417133707,-0.0004991311761541883,-0.0014991311761541884,0.03744935318060194,-0.03894848435675613
CRM,2022-08-22,2022-08-25,2022-09-01,market_wide,-5.0137168871545175,-2.49353665269633,1.3506843460403832,-0.11718705781714245,-0.11818705781714245,-0.052073904579273744,-0.0661131532378687
CRM,2022-09-01,2022-09-07,2022-09-14,market_wide,-3.1259205130078827,-2.9669441989466567,1.096430414122342,0.04566780938653481,0.04466780938653481,-0.008130516693741874,0.05279832608027668
CRM,2022-09-20,2022-09-23,2022-09-30,market_wide,-3.266938412072387,-3.2554797861055476,0.8534672251347857,-0.021563322075276337,-0.022563322075276337,-0.02556238893622642,0.0029990668609500837
CRM,2022-12-15,2022-12-20,2022-12-28,market_wide,-2.862263192734002,-3.414287458755162,0.6818963346959945,0.00015556136102756746,-0.0008444386389724326,-0.005104580893686594,0.004260142254714162
CRM,2023-02-21,2023-02-24,2023-03-03,market_wide,-4.978933714597832,-5.481920981569055,0.6616998121873758,0.1493833702128491,0.1483833702128491,0.01695547339166037,0.13142789682118872
CRM,2023-04-10,2023-04-13,2023-04-20,idiosyncratic,-2.6723345340687725,-0.2176979808447117,0.8673471909834647,0.01798774635622613,0.01698774635622613,0.004388723483697454,0.012599022872528676
CRM,2023-06-05,2023-06-08,2023-06-15,idiosyncratic,-2.6851988782593614,-0.1763586563216734,0.8254911812147976,0.011406412366564922,0.010406412366564921,0.03336132538085468,-0.022954913014289757
CRM,2023-06-13,2023-06-16,2023-06-26,idiosyncratic,-2.9115651292546545,0.5887013971725427,1.0568379326667703,-0.02077811662019491,-0.02177811662019491,-0.01593292720268924,-0.0058451894175056696
CRM,2023-06-23,2023-06-28,2023-07-06,market_wide,-2.502768274892756,-1.780881658976514,1.5559592676873761,-0.00956787746034038,-0.01056787746034038,-0.0075337797126533435,-0.0030340977476870368
CRM,2023-07-26,2023-07-31,2023-08-07,idiosyncratic,-3.5360919026058757,0.023186940070505382,0.906625100337882,-0.03977603623049841,-0.040776036230498414,-0.020845216245024112,-0.019930819985474302
CRM,2023-08-03,2023-08-08,2023-08-15,market_wide,-5.922810391919276,-3.5811217210546196,1.2066660686429165,-0.01323381221971287,-0.014233812219712871,-0.010465088597643168,-0.003768723622069703
CRM,2023-08-16,2023-08-21,2023-08-28,market_wide,-3.0130778766303545,-4.628470541961457,0.5990574331878166,0.012869008535100868,0.011869008535100867,0.005977070195769318,0.005891938339331548
CRM,2023-09-15,2023-09-20,2023-09-27,market_wide,-4.593736128591374,-2.69956811203052,1.6183290130130652,-0.04834993417693434,-0.04934993417693434,-0.032316445235896274,-0.017033488941038066
CRM,2023-09-25,2023-09-28,2023-10-05,market_wide,-3.3310255956313006,-2.6731244787200277,0.867089484623994,-0.0058563052909924584,-0.0068563052909924585,-0.019003614430256555,0.012147309139264095
CRM,2023-10-25,2023-10-30,2023-11-06,market_wide,-5.177618181871574,-3.0174754311022283,1.0880680854363662,0.040899281170628354,0.03989928117062835,0.045058334653010235,-0.005159053482381881
CRM,2024-01-02,2024-01-05,2024-01-12,market_wide,-4.757114556938096,-1.3831750277221635,0.9125728495430784,0.08286871536573837,0.08186871536573836,0.005960743083091469,0.0759079722826469
CRM,2024-04-15,2024-04-18,2024-04-25,market_wide,-8.665623068723296,-5.114489765868604,4.540601882985878,0.004486576080754867,0.003486576080754867,0.01670468180285245,-0.013218105722097584
CRM,2024-04-25,2024-04-30,2024-05-07,market_wide,-2.672671483008535,-2.2458266878290285,0.7371125176929063,0.030638865094962497,0.029638865094962497,0.012010955460884487,0.01762790963407801
CRM,2024-05-31,2024-06-05,2024-06-12,market_wide,-2.564399418309112,-1.5136422225723192,3.070463822109068,-0.0030862622984164645,-0.0040862622984164645,0.010624919105129749,-0.014711181403546214
CRM,2024-07-17,2024-07-22,2024-07-29,market_wide,-3.0730969795568517,-1.6219068860118777,0.966840430852682,0.01775046711354067,0.016750467113540668,0.0038960441911977117,0.012854422922342956
CRM,2024-09-03,2024-09-06,2024-09-13,market_wide,-4.254750130740845,-5.290765469699626,0.8895594881411707,0.04344794208559599,0.04244794208559599,0.03415017219440708,0.00829776989118891
CRM,2024-12-18,2024-12-23,2024-12-31,market_wide,-5.179554492744871,-11.988315503919603,0.9903091179175214,-0.02499276646468085,-0.02599276646468085,-0.009170491242484813,-0.016822275222196037
CRM,2024-12-30,2025-01-03,2025-01-13,market_wide,-2.995065080083402,-2.187546180824139,0.5454967056866884,-0.041544096607255776,-0.04254409660725578,0.002903593299557583,-0.04544768990681336
CRM,2025-01-10,2025-01-15,2025-01-23,market_wide,-4.272249492845829,-3.5252444779569942,1.7175858201997547,0.04203523950698318,0.04103523950698318,0.04041336693220643,0.0006218725747767495
CRM,2025-02-07,2025-02-12,2025-02-20,market_wide,-3.915377466026091,-2.296413480972153,0.9780574796817828,-0.02358021627384488,-0.02458021627384488,0.02757113218162721,-0.05215134845547209
CRM,2025-02-21,2025-02-26,2025-03-05,market_wide,-6.014933872067507,-3.303537264498875,1.1346322690948032,-0.04997869104123065,-0.05097869104123065,-0.009479179560645923,-0.04149951148058473
CRM,2025-03-04,2025-03-07,2025-03-14,market_wide,-3.437618927588292,-3.470752062328047,1.0761719073500495,-0.012336858644661941,-0.013336858644661942,-0.028185562576570344,0.014848703931908402
CRM,2025-03-28,2025-04-02,2025-04-09,market_wide,-5.408116696796336,-3.8459175142391007,0.8605972303214564,-0.023458893831611705,-0.024458893831611705,-0.05396271065861025,0.02950381682699854
CRM,2025-05-30,2025-06-04,2025-06-11,market_wide,-3.1715358539548952,-1.0264247965860334,1.357121808487913,0.01041155406295724,0.00941155406295724,0.027181276679428157,-0.017769722616470918
CRM,2025-06-17,2025-06-23,2025-06-30,market_wide,-2.565483579757291,-1.7341194586582835,1.2504031854048943,0.03523020449448011,0.03423020449448011,0.025433326299546977,0.008796878194933133
CRM,2025-07-14,2025-07-17,2025-07-24,idiosyncratic,-2.832344170537463,-0.2797446408402476,0.8040614709110867,0.030090701075562665,0.029090701075562664,-0.007814428361435088,0.03690512943699775
CRM,2025-08-01,2025-08-06,2025-08-13,market_wide,-5.294186002186277,-4.433723883950224,1.4018199883409288,-0.04872186352995789,-0.04972186352995789,0.027168163197940354,-0.07689002672789824
CRM,2025-08-11,2025-08-14,2025-08-21,idiosyncratic,-3.5432273337023745,-0.27360065037693687,1.6675206031586334,0.05339173118265217,0.05239173118265217,-0.0030800378541397944,0.05547176903679196
CRM,2025-09-10,2025-09-15,2025-09-22,idiosyncratic,-3.1272252709014907,0.6164459746422224,0.9060075742475583,0.031357387660874814,0.030357387660874813,0.012038899582780482,0.01831848807809433
CRM,2025-09-25,2025-09-30,2025-10-07,market_wide,-2.858645292709613,-2.405970271580298,0.963523214811678,0.01156122245777813,0.01056122245777813,0.011156539839860091,-0.0005953173820819613
CRM,2025-11-19,2025-11-24,2025-12-02,market_wide,-4.700755408671576,-2.70412897689789,1.5430194921273543,0.034785281130648826,0.033785281130648825,0.020811596356058448,0.012973684774590377
CRM,2026-02-17,2026-02-20,2026-02-27,market_wide,-3.515368365432022,-2.0820287867991976,0.8542515122477091,0.05200908827731543,0.05100908827731543,-0.002640249893192892,0.05364933817050832
XOM,2015-12-08,2015-12-11,2015-12-18,market_wide,-4.194794500872673,-2.8121781583966805,1.7211013581844632,0.03954760511137989,0.03854760511137989,-0.0022697061380902994,0.04081731124947019
XOM,2016-01-04,2016-01-07,2016-01-14,market_wide,-2.8350722584339327,-2.871076117671153,1.5257818471742508,0.037911627156782535,0.036911627156782534,-0.012960508498789602,0.049872135655572136
XOM,2016-04-01,2016-04-06,2016-04-13,idiosyncratic,-4.71038236194683,0.8744130373631545,1.028255966007456,0.0182449847757018,0.0172449847757018,0.010745722710850059,0.006499262064851741
XOM,2016-05-31,2016-06-03,2016-06-10,idiosyncratic,-4.3609299790890566,-0.18097725953366076,1.2854945361507542,0.018218803075140233,0.017218803075140232,-0.0018457480793818704,0.019064551154522102
XOM,2016-08-02,2016-08-05,2016-08-12,market_wide,-2.7169329626340915,-4.7571918837533875,1.5820991128330222,0.011868128000736444,0.010868128000736443,0.003293921878642081,0.007574206122094362
XOM,2016-08-25,2016-08-30,2016-09-07,market_wide,-2.7347191950428034,-3.465031047852498,0.8290696173175408,0.008226125464425804,0.007226125464425804,-0.0046931264255770655,0.011919251890002869
XOM,2016-09-13,2016-09-16,2016-09-23,market_wide,-5.174711601904489,-3.378605952590239,1.4347104315433699,-0.006902070110571534,-0.007902070110571535,0.005004006904600011,-0.012906077015171546
XOM,2016-09-22,2016-09-27,2016-10-04,idiosyncratic,-2.7481010257672027,-0.1316615092712107,0.8161939073330902,0.03616015401015038,0.03516015401015038,-0.001263227417913293,0.03642338142806367
XOM,2016-10-13,2016-10-18,2016-10-25,market_wide,-3.008402352788197,-3.3190515030853467,0.9787666528779221,-0.00057614577707088,-0.00157614577707088,0.008808527108869368,-0.01038467288594025
XOM,2016-10-21,2016-10-26,2016-11-02,market_wide,-2.970798258392823,-2.013732695608525,1.3259282312723537,-0.04179574950131748,-0.04279574950131748,-0.020050138596203748,-0.022745610905113733
XOM,2016-10-31,2016-11-03,2016-11-10,market_wide,-5.537190354637737,-3.0076339818314257,1.8213574872309983,0.0497347450763681,0.0487347450763681,0.043032999591826604,0.005701745484541498
XOM,2016-12-27,2016-12-30,2017-01-09,idiosyncratic,-2.7864863332873493,-0.25941842803881776,0.4172477428449826,-0.035674932658246616,-0.03667493265824662,0.017629032497203045,-0.05430396515544966
XOM,2017-01-19,2017-01-24,2017-01-31,market_wide,-4.028865082499809,-3.9162980245388543,1.3372027535950348,-0.014102351032978189,-0.01510235103297819,-0.0044263856829998005,-0.010675965349978389
XOM,2017-01-31,2017-02-03,2017-02-10,market_wide,-4.372686105928468,-1.4905808352357084,1.523197423764877,-0.0031773053957091513,-0.004177305395709151,0.005339624788915698,-0.00951693018462485
XOM,2017-02-09,2017-02-14,2017-02-22,idiosyncratic,-2.6075041805721146,1.5849894637362452,0.7540488015547397,-0.0228206925080503,-0.0238206925080503,0.010841816481283795,-0.034662508989334095
XOM,2017-02-17,2017-02-23,2017-03-02,idiosyncratic,-2.6093249074856053,0.07056675105034864,1.428018589979957,0.01858668528694518,0.01758668528694518,0.004185622231842823,0.013401063055102358
XOM,2017-03-08,2017-03-13,2017-03-20,market_wide,-2.660060470056755,-2.877000351689056,1.2496925499369496,0.007123850022105804,0.006123850022105804,0.002998454487768809,0.0031253955343369952
XOM,2017-03-24,2017-03-29,2017-04-05,market_wide,-2.501967204658826,-2.6907128803910063,0.7995189835944678,0.0062181766775062375,0.0052181766775062375,-0.004830062420542625,0.010048239098048861
XOM,2017-04-13,2017-04-19,2017-04-26,market_wide,-3.9146956041425303,-6.369588210209182,0.5920033548154442,0.011305978028801844,0.010305978028801843,0.026787796717263168,-0.016481818688461325
XOM,2017-05-25,2017-05-31,2017-06-07,idiosyncratic,-3.0400329411316283,0.7268525815551287,1.2848811545432357,0.005092675587289097,0.004092675587289097,0.0066196217239873345,-0.0025269461366982373
XOM,2017-06-05,2017-06-08,2017-06-15,idiosyncratic,-2.5465149159393907,-0.10386116847740397,1.0296126057002903,0.020342517505509417,0.019342517505509416,0.0015789922789861688,0.017763525226523247
XOM,2017-06-22,2017-06-27,2017-07-05,market_wide,-2.9259667543086954,-2.5537041779333087,0.5217005081835563,-0.0032053862218300866,-0.004205386221830087,-0.001569017621452229,-0.0026363686003778577
XOM,2017-06-30,2017-07-06,2017-07-13,market_wide,-3.1890381074384293,-2.926654891906915,0.9983819774104365,0.010609386962133982,0.009609386962133981,0.01652605778599381,-0.006916670823859827
XOM,2017-07-18,2017-07-21,2017-07-28,idiosyncratic,-2.5046705669764973,0.06096060603476785,0.9596867400039837,-0.0064899884164439925,-0.0074899884164439925,-0.005541588401309916,-0.0019484000151340766
XOM,2017-08-08,2017-08-11,2017-08-18,market_wide,-2.5994066348216025,-1.888026190337841,0.7792837777534178,-0.020074353964228187,-0.021074353964228187,0.002070416900743277,-0.023144770864971465
XOM,2017-08-17,2017-08-22,2017-08-29,market_wide,-4.543755992219379,-3.4367620105350833,1.4174107851163618,-0.0037788048085346526,-0.004778804808534653,-0.0008888307866611322,-0.0038899740218735204
XOM,2017-08-29,2017-09-01,2017-09-11,market_wide,-2.82823413163198,-1.4423939220521516,0.7234876276278738,0.03500097101867916,0.03400097101867916,0.015355485488616205,0.018645485530062955
XOM,2017-11-03,2017-11-08,2017-11-15,idiosyncratic,-2.906501476862346,0.8833528328264467,0.727449947312961,-0.01807136840147161,-0.01907136840147161,-0.01017963556732282,-0.008891732834148791
XOM,2017-11-15,2017-11-20,2017-11-28,market_wide,-6.751978854223402,-4.931771150406744,1.127033239759889,0.013904552659769198,0.012904552659769197,0.016265879576713438,-0.0033613269169442406
XOM,2018-02-07,2018-02-12,2018-02-20,market_wide,-3.110243626393474,-2.5752672929896114,1.2035992238127082,-0.008767208389100611,-0.009767208389100612,0.02077614972401398,-0.030543358113114594
XOM,2018-02-15,2018-02-21,2018-02-28,market_wide,-2.856417082573454,-1.25042322374563,0.6010972886815501,0.01134989457946367,0.01034989457946367,0.012994556386616285,-0.002644661807152615
XOM,2018-02-28,2018-03-05,2018-03-12,market_wide,-2.7850690109865566,-1.8859379218040615,1.2089768715376288,-0.01350476531688194,-0.01450476531688194,0.023795506989232162,-0.0383002723061141
XOM,2018-03-08,2018-03-13,2018-03-20,market_wide,-3.555533884648596,-1.2925061684124048,1.2040964659714446,-0.007245548455154904,-0.008245548455154905,-0.0194595671386516,0.011214018683496696
XOM,2018-03-20,2018-03-23,2018-04-02,market_wide,-3.011178078584772,-2.833385027269339,0.7211744041653656,0.004527512032359127,0.0035275120323591267,-0.0028524829208242952,0.006379994953183422
XOM,2018-04-27,2018-05-02,2018-05-09,market_wide,-3.5719766615249364,-1.5256074639971358,1.3418208831484377,0.04075538682851043,0.03975538682851043,0.023853513568623752,0.01590187325988668
XOM,2018-06-15,2018-06-20,2018-06-27,idiosyncratic,-3.1743116018585895,-0.2920984932884861,1.9983406991400354,0.01566162989862896,0.014661629898628958,-0.024289924277823505,0.03895155417645246
XOM,2018-07-18,2018-07-23,2018-07-30,idiosyncratic,-3.0248049973611617,0.1878343628379631,1.0321838426778323,0.004176960636507854,0.0031769606365078537,0.011418105212581908,-0.008241144576074055
XOM,2018-07-31,2018-08-03,2018-08-10,market_wide,-2.890206821943634,-1.8183225942660488,1.10823572142014,0.0004886016039733487,-0.0005113983960266513,-0.0009767109164205978,0.00046531252039394653
XOM,2018-08-09,2018-08-14,2018-08-21,idiosyncratic,-3.0637719618271424,-0.25780182666518836,0.9137936965574565,0.006640587809744414,0.005640587809744414,0.013170235688208853,-0.00752964787846444
XOM,2018-10-11,2018-10-16,2018-10-23,market_wide,-7.732849562035069,-4.84868148400939,1.9459466188865064,-0.01674877388739726,-0.017748773887397262,-0.02933826573325704,0.011589491845859778
XOM,2018-10-24,2018-10-29,2018-11-05,market_wide,-5.774576932225634,-5.515119565730182,1.1557097552459108,0.05957171559415686,0.05857171559415686,0.04429575222163207,0.014275963372524791
XOM,2018-11-13,2018-11-16,2018-11-26,market_wide,-3.400650741396967,-2.1073336619729557,1.040081115906272,-0.025075988256720083,-0.026075988256720084,-0.0320756336682827,0.005999645411562615
XOM,2018-12-10,2018-12-13,2018-12-20,market_wide,-2.897225973921848,-2.9069362406551438,1.211459662339591,-0.1084699629280299,-0.1094699629280299,-0.06726651509101267,-0.04220344783701724
XOM,2019-01-23,2019-01-28,2019-02-04,market_wide,-3.958741022304769,-1.0100644697503711,1.074782084248532,0.050252365944913224,0.04925236594491322,0.03532033854189587,0.013932027403017355
XOM,2019-03-25,2019-03-28,2019-04-04,market_wide,-3.0045381778293203,-2.5738673543697286,0.8881559333310319,0.016225116788847194,0.015225116788847193,0.02480617741200719,-0.009581060623159998
XOM,2019-04-12,2019-04-17,2019-04-25,idiosyncratic,-3.0959330988424876,0.726214607919308,1.7617641889216187,0.009701824690040661,0.00870182469004066,0.008825994128471404,-0.00012416943843074346
XOM,2019-05-01,2019-05-06,2019-05-13,market_wide,-4.230492308439705,-1.2776318531189685,1.2554605647938886,-0.007159210908268432,-0.008159210908268433,-0.04482138406128133,0.0366621731530129
XOM,2019-05-09,2019-05-14,2019-05-21,market_wide,-2.844020361563739,-3.082950650855269,0.9970785062826444,0.005803973780525551,0.004803973780525551,-0.00489876836162173,0.00970274214214728
XOM,2019-05-29,2019-06-03,2019-06-10,market_wide,-3.2421686616530567,-4.158101661443817,1.407011755001031,0.04215368643122819,0.04115368643122819,0.055445559020322666,-0.014291872589094479
XOM,2019-07-02,2019-07-08,2019-07-15,idiosyncratic,-2.9255605605780093,0.43216385469586144,0.8402435209471328,0.007845217428799067,0.006845217428799067,0.015636258821415616,-0.00879104139261655
XOM,2019-07-17,2019-07-22,2019-07-29,market_wide,-3.044385736996573,-1.9903418181868664,0.9726963799694791,0.003596681318695172,0.002596681318695172,0.02198251578328647,-0.0193858344645913
XOM,2019-07-26,2019-07-31,2019-08-07,idiosyncratic,-2.9582821785145805,0.3950280236495046,0.8743699019860188,-0.05190986811595866,-0.05290986811595866,-0.03586400408179968,-0.017045864034158975
XOM,2019-08-23,2019-08-28,2019-09-05,market_wide,-2.865138064754642,-2.357182222410041,1.3010186808945705,0.03826826502299219,0.037268265022992186,0.03434988092514879,0.002918384097843396
XOM,2019-09-24,2019-09-27,2019-10-04,market_wide,-4.340371859023192,-4.080596332006881,1.1312579167056303,-0.03511481488167645,-0.03611481488167645,-0.004367568344942674,-0.031747246536733775
XOM,2019-10-03,2019-10-08,2019-10-15,market_wide,-2.6957471369116877,-2.79690093470794,1.00059172585471,0.04077921305930854,0.03977921305930854,0.048696832668198686,-0.008917619608890148
XOM,2019-11-18,2019-11-21,2019-11-29,idiosyncratic,-2.8413426942377202,0.1622872472316469,0.7957825636627628,-0.022103789138767427,-0.023103789138767428,0.00855326489643815,-0.03165705403520558
XOM,2020-01-14,2020-01-17,2020-01-27,idiosyncratic,-2.72953859299858,-0.22690962762383438,1.1210377441088815,-0.05571779819408751,-0.05671779819408751,-0.028458956594235918,-0.028258841599851592
XOM,2020-01-27,2020-01-30,2020-02-06,market_wide,-4.257699639256947,-3.875698890988621,1.3791253262520349,-0.044914224472408004,-0.045914224472408005,0.015274406725703793,-0.0611886311981118
XOM,2020-02-18,2020-02-21,2020-02-28,idiosyncratic,-2.5342576688130776,-0.20679046069461032,0.9284452578170744,-0.13005249765669902,-0.13105249765669902,-0.1100163056671496,-0.021036191989549424
XOM,2020-06-17,2020-06-22,2020-06-29,market_wide,-2.718827894863053,-1.532376128691712,0.6431071313727296,-0.04523886388335063,-0.046238863883350634,-0.015183259515197167,-0.031055604368153467
XOM,2020-06-29,2020-07-02,2020-07-10,market_wide,-2.866503794765192,-1.9836234314319026,0.658962839072882,-0.03244093301605955,-0.03344093301605955,0.0068639140698942835,-0.04030484708595383
XOM,2020-08-26,2020-08-31,2020-09-08,idiosyncratic,-3.9905818281790904,1.3522733248815357,1.4315862584815944,-0.044065840225262165,-0.045065840225262166,-0.03310510047018467,-0.011960739755077499
XOM,2020-09-10,2020-09-15,2020-09-22,market_wide,-4.438838599047342,-3.446308599011274,1.2094315483173552,-0.020402659752341235,-0.021402659752341235,-0.0158545097139855,-0.005548150038355737
XOM,2020-09-25,2020-09-30,2020-10-07,market_wide,-2.5432953643357794,-1.757463997552958,0.7832948678610974,-0.024177272253410376,-0.025177272253410377,0.021284958410993537,-0.046462230664403914
XOM,2020-12-22,2020-12-28,2021-01-05,market_wide,-3.7995687917706302,-1.4318965794767187,0.677611691552653,0.04216574202986956,0.041165742029869556,0.011543286871379399,0.029622455158490157
XOM,2021-01-27,2021-02-01,2021-02-08,market_wide,-3.903626039083,-3.1893048925278236,1.1032978120795864,0.15983995283927266,0.15883995283927266,0.03062982923182722,0.12821012360744544
XOM,2021-04-08,2021-04-13,2021-04-20,idiosyncratic,-2.8134218175331065,0.2833222011766561,0.8856076528597382,-0.007538900594293518,-0.00853890059429352,0.00021233681990584508,-0.008751237414199364
XOM,2021-04-20,2021-04-23,2021-04-30,market_wide,-3.52000912697578,-1.3421732008663652,0.9986410987844161,0.030051961620902068,0.029051961620902067,0.0032204670153368475,0.02583149460556522
XOM,2021-05-19,2021-05-24,2021-06-01,market_wide,-3.4824896736307944,-2.368986117830025,1.0018052732287621,0.014259317071524391,0.01325931707152439,-0.0008997517928759358,0.014159068864400326
XOM,2021-07-07,2021-07-12,2021-07-19,idiosyncratic,-4.302118522109387,0.1976140949242075,1.0778042859721917,-0.09514447465988773,-0.09614447465988774,-0.023783626169632366,-0.07236084849025537
XOM,2021-08-05,2021-08-10,2021-08-17,idiosyncratic,-2.5479273878309145,0.35233665445755186,0.8122219059461565,-0.030578499877425558,-0.03157849987742556,0.004393934763666119,-0.03597243464109168
XOM,2021-12-17,2021-12-22,2021-12-30,market_wide,-4.38111691423843,-1.6724394249107395,2.2669223752883623,-0.0032792995100906497,-0.00427929951009065,0.01818759736750719,-0.02246689687759784
XOM,2022-02-15,2022-02-18,2022-02-28,market_wide,-3.6692782549338894,-1.8516603885120768,0.6838909215376371,0.013702158678328136,0.012702158678328135,0.008776435477433342,0.003925723200894793
XOM,2022-07-05,2022-07-08,2022-07-15,market_wide,-3.0352981481770653,-1.1648348050854862,1.00867038201702,-0.01789048421674222,-0.01889048421674222,0.0019893676526108184,-0.02087985186935304
XOM,2022-09-01,2022-09-07,2022-09-14,market_wide,-2.802485165878832,-2.9669441989466567,0.9120954981703108,0.03749742693702207,0.03649742693702207,-0.008130516693741874,0.044627943630763944
XOM,2022-11-28,2022-12-01,2022-12-08,market_wide,-4.5861633239003,-2.106157566315576,1.4424562399683625,-0.0575813215992681,-0.0585813215992681,-0.022788105102002132,-0.03579321649726597
XOM,2022-12-06,2022-12-09,2022-12-16,market_wide,-4.7692335291725225,-2.75684144631924,1.2697680548234054,0.011203334992740954,0.010203334992740953,-0.01818559515488405,0.028388930147625002
XOM,2023-02-17,2023-02-23,2023-03-02,market_wide,-2.6887427322170048,-2.9029443403467265,1.2770259837012057,0.005960023984217688,0.004960023984217688,0.0009786777228741883,0.0039813462613435
XOM,2023-03-15,2023-03-20,2023-03-27,market_wide,-4.944683007246494,-2.263360515929084,1.7908613446109158,0.03269862049495442,0.03169862049495442,0.006660788792835826,0.025037831702118596
XOM,2023-05-03,2023-05-08,2023-05-15,market_wide,-4.492151413032658,-2.1131338205390264,0.9652821605915906,-0.028670648365469176,-0.029670648365469177,-0.0038722309582632786,-0.025798417407205898
XOM,2023-05-30,2023-06-02,2023-06-09,idiosyncratic,-2.6750895462660313,0.04559181583061793,0.863544365694908,0.015411987477714995,0.014411987477714994,-0.0017355747723453163,0.01614756225006031
XOM,2023-06-21,2023-06-26,2023-07-03,market_wide,-2.776820758572846,-1.0560278989028933,0.7585491435155316,0.030395915836487042,0.02939591583648704,0.019624296837657207,0.009771618998829834
XOM,2023-07-14,2023-07-19,2023-07-26,idiosyncratic,-3.902336468117678,-0.07802202573889776,1.8515508485155086,0.03414667763173007,0.03314667763173007,0.007473276386179339,0.02567340124555073
XOM,2023-08-23,2023-08-28,2023-09-05,market_wide,-2.7303352648714156,-1.1661238886516267,0.7836542480945901,0.04003286998146782,0.03903286998146782,0.010415826610313816,0.028617043371154005
XOM,2023-09-21,2023-09-26,2023-10-03,market_wide,-2.534025269641015,-6.543499589528678,0.8791516052090004,-0.0049824578254416,-0.0059824578254416,-0.015824495007049966,0.009842037181608365
XOM,2023-10-05,2023-10-10,2023-10-17,market_wide,-4.541891660074403,-2.381721667663049,1.276952893298611,0.00851059612821392,0.007510596128213921,0.004753566411892729,0.002757029716321192
XOM,2023-10-26,2023-10-31,2023-11-07,market_wide,-2.6325282408190573,-3.475915426069298,0.8397321919934999,-0.01549337696931441,-0.01649337696931441,0.02205810312544254,-0.03855148009475695
XOM,2023-11-07,2023-11-10,2023-11-17,idiosyncratic,-3.4960434212011515,0.1385769574643203,0.8965796630213795,0.020913583072224906,0.019913583072224905,0.040953418287093424,-0.02103983521486852
XOM,2023-11-29,2023-12-04,2023-12-11,idiosyncratic,-3.8208530873614595,-0.27258403109937085,1.468642822817195,-0.027433385471736904,-0.028433385471736905,0.011316418399009986,-0.03974980387074689
XOM,2024-01-10,2024-01-16,2024-01-23,idiosyncratic,-3.659156908268742,-0.03588534868197597,0.9555367661299085,0.002251892547992407,0.0012518925479924068,0.010089417787074284,-0.008837525239081878
XOM,2024-02-09,2024-02-14,2024-02-22,idiosyncratic,-3.11893845028935,0.6099683463039446,1.0951160950221996,0.03887350245251642,0.03787350245251642,0.026299057311761187,0.01157444514075523
XOM,2024-04-16,2024-04-19,2024-04-26,market_wide,-3.3327630903183,-3.2282951377104703,1.0056343150978622,-0.016015954238515206,-0.017015954238515207,0.018393604579368228,-0.035409558817883435
XOM,2024-05-01,2024-05-06,2024-05-13,market_wide,-4.156667117380928,-2.159519023821398,1.5961645208409232,0.00993575244494238,0.00893575244494238,0.021527597481408867,-0.012591845036466487
XOM,2024-05-22,2024-05-28,2024-06-04,idiosyncratic,-3.49094124252662,-0.29427109646813,1.150169219160202,-0.019066701257506535,-0.020066701257506536,-0.0015019973997832947,-0.01856470385772324
XOM,2024-06-04,2024-06-07,2024-06-14,market_wide,-3.0919123297087765,-1.1363271776549888,1.1886791297479011,-0.03228372271557112,-0.03328372271557112,-0.0013126023440103163,-0.0319711203715608
XOM,2024-06-13,2024-06-18,2024-06-26,idiosyncratic,-4.2969176798464845,0.19444997733517283,0.874987827986619,0.04598666927250905,0.04498666927250905,-0.0011461815143142262,0.046132850786823276
XOM,2024-09-04,2024-09-09,2024-09-16,market_wide,-2.778649431305197,-3.816950454211339,1.0298789419353787,-0.01999833648966498,-0.02099833648966498,0.03269818889331577,-0.05369652538298075
XOM,2024-10-18,2024-10-23,2024-10-30,idiosyncratic,-2.9076814684099643,0.05253503624141843,1.0304099799247959,-0.029766360971267947,-0.030766360971267948,-0.006126853593516057,-0.02463950737775189
XOM,2024-10-28,2024-10-31,2024-11-07,market_wide,-3.984490122982618,-1.5507710554306007,1.1128973761009646,0.03742088006926547,0.03642088006926547,0.051442278252884055,-0.015021398183618584
XOM,2024-11-26,2024-12-02,2024-12-09,idiosyncratic,-3.812273143698934,0.7651301964421838,0.9822116438778126,-0.0420025767166764,-0.0430025767166764,-0.00585301273184935,-0.03714956398482705
XOM,2024-12-05,2024-12-10,2024-12-17,idiosyncratic,-3.106280504287941,-0.19015207882360766,1.084514043903292,-0.041359554936321485,-0.042359554936321486,-0.014952138049718178,-0.02740741688660331
XOM,2024-12-18,2024-12-23,2024-12-31,market_wide,-3.68341149568699,-11.988315503919603,0.9118099757003401,0.011947271705671225,0.010947271705671224,-0.009170491242484813,0.020117762948156037
XOM,2024-12-30,2025-01-03,2025-01-13,market_wide,-3.172384010709616,-2.187546180824139,0.6501828653978063,0.0132579375806825,0.012257937580682499,0.002903593299557583,0.009354344281124916
XOM,2025-03-04,2025-03-07,2025-03-14,market_wide,-3.7737076175531414,-3.470752062328047,1.2678103928957802,0.026417275997919543,0.02541727599791954,-0.028185562576570344,0.053602838574489886
XOM,2025-05-22,2025-05-28,2025-06-04,market_wide,-3.2598959997049963,-1.058964771343312,0.9049070031252993,0.0018607305386861839,0.0008607305386861839,0.013597954094160869,-0.012737223555474686
XOM,2025-06-25,2025-06-30,2025-07-08,idiosyncratic,-2.5261548696960143,0.08693968065524464,0.7457684957684958,0.05927643869334953,0.05827643869334953,0.01773900604374057,0.04053743264960896
XOM,2025-08-04,2025-08-07,2025-08-14,market_wide,-3.6239290424091775,-1.250613586507374,1.2982910026014007,0.013496911043065829,0.012496911043065828,0.02519063745812855,-0.012693726415062723
XOM,2025-08-12,2025-08-15,2025-08-22,idiosyncratic,-2.5080066020703904,1.2249496714855495,0.8654326826057808,0.04498074268565588,0.04398074268565588,0.012781167908544555,0.031199574777111327
XOM,2025-09-30,2025-10-03,2025-10-10,idiosyncratic,-3.0867679652366125,-0.21798631608442842,0.9395470826076041,-0.022337992164734644,-0.023337992164734644,-0.025749821818965124,0.0024118296542304796
XOM,2025-10-10,2025-10-15,2025-10-22,market_wide,-3.9992198722298857,-5.683885993533175,0.9478170822007397,0.027775319827062273,0.02677531982706227,0.017082919752264836,0.009692400074797436
XOM,2025-11-24,2025-11-28,2025-12-05,market_wide,-3.8136837481549053,-1.3392567978404428,1.1627662578641087,0.00534861857900415,0.00434861857900415,0.00777695169593251,-0.0034283331169283606
XOM,2026-04-14,2026-04-17,2026-04-24,idiosyncratic,-3.343666350127737,0.4991644900802748,0.702817422309888,0.016867059498278048,0.015867059498278047,0.0029882005698314007,0.012878858928446646
XOM,2026-05-27,2026-06-01,2026-06-08,idiosyncratic,-3.2431194140848705,-0.02579880473789056,0.934533567564675,0.015865466763635983,0.014865466763635982,-0.018534850644637668,0.03340031740827365
XOM,2026-06-22,2026-06-25,2026-07-02,market_wide,-2.711888556618604,-1.026823179364274,0.7680542605933317,-0.003344281828512541,-0.004344281828512541,-0.01170791571203289,0.007363633883520349
ORCL,2015-12-17,2015-12-22,2015-12-30,market_wide,-3.5713551538099506,-1.9848253265410742,2.2973167727553023,0.009018743249548988,0.008018743249548987,0.011026397367404073,-0.0030076541178550853
ORCL,2016-01-04,2016-01-07,2016-01-14,market_wide,-4.462998260913635,-2.871076117671153,1.174696779720903,-0.007134746386165625,-0.008134746386165626,-0.012960508498789602,0.004825762112623977
ORCL,2016-01-15,2016-01-21,2016-01-28,market_wide,-3.3488521757514187,-3.1614013929474543,1.257373624678053,0.035463024448113556,0.034463024448113555,-0.007477918073151124,0.04194094252126468
ORCL,2016-02-09,2016-02-12,2016-02-22,market_wide,-2.636251799784471,-3.189753398238568,1.0206696515765858,0.04417543475751362,0.04317543475751362,0.04150432400494153,0.0016711107525720914
ORCL,2016-04-05,2016-04-08,2016-04-15,market_wide,-3.5104679742497824,-2.0146973148261615,0.7318754141815772,0.020141574950573116,0.019141574950573115,0.01973224227381154,-0.0005906673232384252
ORCL,2016-04-28,2016-05-03,2016-05-10,market_wide,-4.321932484081249,-3.618661903809322,0.908416562384404,0.0085688365857024,0.0075688365857024,0.003181497646655984,0.0043873389390464155
ORCL,2016-06-10,2016-06-15,2016-06-22,market_wide,-2.70109494156055,-2.2876437004963797,0.6157835483998426,0.04084341480422293,0.03984341480422293,0.013485865796307506,0.026357549007915426
ORCL,2016-07-27,2016-08-01,2016-08-08,market_wide,-2.8192801314534863,-1.0808806034970995,0.9088162845773204,0.00024345732651576135,-0.0007565426734842387,0.01034755093756945,-0.01110409361105369
ORCL,2016-08-24,2016-08-29,2016-09-06,market_wide,-3.242870120735881,-2.793936962646599,1.0268379891302646,-0.0014525130201367142,-0.0024525130201367143,-0.006372124492958209,0.0039196114728214946
ORCL,2016-09-01,2016-09-07,2016-09-14,market_wide,-2.694823805398176,-2.6645898524348968,1.177719894483373,-0.024242476299787374,-0.025242476299787375,-0.026479225607167756,0.0012367493073803804
ORCL,2016-09-16,2016-09-21,2016-09-28,market_wide,-4.908900626113437,-1.8598558118925486,3.962483266111228,-0.0017712409919039551,-0.002771240991903955,-0.0038310030260467753,0.0010597620341428202
ORCL,2016-09-26,2016-09-29,2016-10-06,market_wide,-2.6356281264646837,-1.7188455169335175,0.5601914495506639,-0.006390833627407444,-0.007390833627407444,0.00046664779374938625,-0.007857481421156831
ORCL,2016-10-04,2016-10-07,2016-10-14,market_wide,-3.2910769386340686,-2.189271681976996,0.8560554245008678,-0.007750084396139667,-0.008750084396139668,-0.011352373982761343,0.0026022895866216755
ORCL,2016-10-12,2016-10-17,2016-10-24,market_wide,-3.5520391200812536,-3.0486688749181856,0.8658888261823702,-0.0005225317776519356,-0.0015225317776519356,0.01774697080489429,-0.019269502582546227
ORCL,2016-10-21,2016-10-26,2016-11-02,market_wide,-3.118187037938757,-2.013732695608525,1.2583646906624113,-0.00730886213064863,-0.008308862130648631,-0.020050138596203748,0.011741276465555117
ORCL,2016-12-01,2016-12-06,2016-12-13,market_wide,-7.417841049544089,-1.6770417911966697,2.074761938215702,0.03268290485548375,0.03168290485548375,0.03199823161747384,-0.0003153267619900868
ORCL,2016-12-20,2016-12-23,2017-01-03,idiosyncratic,-2.5559910548107854,-0.01516562502367279,0.7884098172963371,-0.0020375519342522574,-0.0030375519342522575,-0.0024137205412952945,-0.000623831392956963
ORCL,2016-12-29,2017-01-04,2017-01-11,market_wide,-2.5893298490892294,-3.144049900659517,0.35057698079554056,0.009550568234477197,0.008550568234477196,0.006782353297053012,0.001768214937424184
ORCL,2017-03-08,2017-03-13,2017-03-20,market_wide,-2.616651013674111,-2.877000351689056,0.7995395562633967,0.06223563663790954,0.06123563663790954,0.002998454487768809,0.05823718215014073
ORCL,2017-04-03,2017-04-06,2017-04-13,market_wide,-3.0570173009330346,-1.2498071278435154,1.1535118400988131,0.00021674781198099957,-0.0007832521880190004,-0.017145613821651362,0.01636236163363236
ORCL,2017-04-13,2017-04-19,2017-04-26,market_wide,-2.6669382294081556,-6.369588210209182,1.0416600673656646,0.01131515716541287,0.01031515716541287,0.026787796717263168,-0.0164726395518503
ORCL,2017-05-17,2017-05-22,2017-05-30,market_wide,-5.822451196656802,-7.704275345697817,2.0488736801978704,0.017700903296399506,0.016700903296399505,0.015040942185524653,0.0016599611108748524
ORCL,2017-06-13,2017-06-16,2017-06-23,idiosyncratic,-2.8925243718840914,0.3982178674252094,0.9689892310393703,0.12996222111396127,0.12896222111396127,0.012087102568662855,0.11687511854529842
ORCL,2017-08-02,2017-08-07,2017-08-14,idiosyncratic,-3.0999990007152682,0.04026022738338152,0.9044961883524348,-0.01591467281353831,-0.016914672813538312,-0.0013050386616351162,-0.015609634151903196
ORCL,2017-08-10,2017-08-15,2017-08-22,market_wide,-4.914809260286859,-13.126097139995936,1.266763849775473,0.008805997198521931,0.007805997198521931,-0.0003276886698840853,0.008133685868406015
ORCL,2017-09-15,2017-09-20,2017-09-27,idiosyncratic,-4.229143806284659,0.16008596217609325,4.706349127556947,0.00396048583631714,0.0029604858363171402,0.0034322567629943013,-0.00047177092667716105
ORCL,2017-09-28,2017-10-03,2017-10-10,idiosyncratic,-3.159376533963017,0.6304333922745415,0.5373768310738152,-0.005952934669028798,-0.006952934669028798,0.0027330934646123684,-0.009686028133641167
ORCL,2017-11-10,2017-11-15,2017-11-22,market_wide,-3.312774746555863,-1.3130329818345698,0.8603551575714317,-0.0049160783655195495,-0.0059160783655195495,0.019220769182384245,-0.025136847547903796
ORCL,2017-11-21,2017-11-27,2017-12-04,idiosyncratic,-3.1594197516975617,1.2237577487477649,1.8553869471568356,-0.009819557262672918,-0.010819557262672919,0.014322530120725707,-0.025142087383398626
ORCL,2017-12-18,2017-12-21,2017-12-29,idiosyncratic,-2.7808505583366836,1.04833299213567,1.1410459587955626,0.0,-0.001,-0.005767570575798464,0.004767570575798464
ORCL,2017-12-29,2018-01-04,2018-01-11,market_wide,-3.358423559092994,-1.2468337831352165,0.4517178482292892,0.019938323949682646,0.018938323949682645,0.019693939846967323,-0.0007556158972846783
ORCL,2018-04-24,2018-04-27,2018-05-04,market_wide,-2.7861110543944516,-3.344711084408708,1.0346082942169756,0.0039532265698831726,0.0029532265698831725,-0.013878013848010351,0.016831240417893523
ORCL,2018-05-02,2018-05-07,2018-05-14,market_wide,-2.956036473944073,-3.162366047565518,0.8518879519930547,0.016279818853402128,0.015279818853402127,0.03948436090088836,-0.024204542047486233
ORCL,2018-06-14,2018-06-19,2018-06-26,idiosyncratic,-4.482321515960382,-0.07340880452810306,2.7136701833129817,-0.04019862523734741,-0.04119862523734741,-0.019851135476624537,-0.02134748976072287
ORCL,2018-07-30,2018-08-02,2018-08-09,market_wide,-6.760968096908216,-2.6341665226025697,1.1253232180182955,0.013361297875311706,0.012361297875311705,0.012839876418713203,-0.00047857854340149775
ORCL,2018-09-05,2018-09-10,2018-09-17,market_wide,-3.9209118027555734,-1.1829729925646948,1.1560368830178753,0.006549520794829622,0.005549520794829622,0.0011902537016925674,0.0043592670931370545
ORCL,2018-10-04,2018-10-09,2018-10-16,market_wide,-3.203635878657638,-3.825707735694612,0.8082782916511315,-0.009122429515223796,-0.010122429515223796,-0.022876095072408287,0.01275366555718449
ORCL,2018-11-20,2018-11-26,2018-12-03,market_wide,-3.6933905063984076,-4.144082376798257,1.1868729995207112,0.03253245173692698,0.03153245173692698,0.052375147721283044,-0.020842695984356063
ORCL,2018-12-06,2018-12-11,2018-12-18,market_wide,-4.970389288158256,-1.731586651754415,1.9300203664410611,-0.013129656147807589,-0.01412965614780759,-0.031183386687096637,0.017053730539289047
ORCL,2018-12-14,2018-12-19,2018-12-27,market_wide,-2.637181091928915,-3.373927731538377,0.8778907652787061,-0.03186192384315978,-0.03286192384315978,0.005320602738904778,-0.03818252658206456
ORCL,2019-05-07,2019-05-10,2019-05-17,market_wide,-5.6524810620554575,-6.097424121685358,1.303651926137818,-0.0027448316900503533,-0.0037448316900503533,-0.018682096092299205,0.014937264402248851
ORCL,2019-05-20,2019-05-23,2019-05-31,market_wide,-2.802603385410557,-2.790710336783429,0.948911527880714,-0.046721756918488455,-0.047721756918488456,-0.025351395147510614,-0.022370361770977842
ORCL,2019-07-17,2019-07-22,2019-07-29,market_wide,-3.5498311685044635,-1.9903418181868664,0.6954700996588785,0.007986212753422928,0.006986212753422928,0.02198251578328647,-0.014996303029863545
ORCL,2019-08-05,2019-08-08,2019-08-15,market_wide,-4.76031923701818,-5.832836851481704,1.7896262068264799,-0.037694270506717364,-0.038694270506717365,-0.02473930765939103,-0.013954962847326335
ORCL,2019-08-23,2019-08-28,2019-09-05,market_wide,-4.283345261885815,-2.357182222410041,1.286207629610197,0.03638112138233063,0.03538112138233063,0.03434988092514879,0.0010312404571818368
ORCL,2019-09-17,2019-09-20,2019-09-27,idiosyncratic,-2.6812506754585685,-0.11180322358877297,0.71505703647168,0.01159512287647635,0.010595122876476348,-0.014028173718574455,0.024623296595050803
ORCL,2019-10-22,2019-10-25,2019-11-01,idiosyncratic,-2.831036012501587,-0.2573785228601242,0.6485348321352925,0.015322034918518135,0.014322034918518134,0.016979162667086545,-0.002657127748568411
ORCL,2019-12-02,2019-12-05,2019-12-12,market_wide,-7.136777180719658,-2.224981856788815,1.854272378803208,0.03273581278030879,0.03173581278030879,0.026840916461945863,0.004894896318362929
ORCL,2019-12-17,2019-12-20,2019-12-30,idiosyncratic,-4.281760125474906,0.02332011444132353,1.468172667509932,-0.0167908406042504,-0.017790840604250402,-0.0067826658042825505,-0.011008174799967851
ORCL,2019-12-27,2020-01-02,2020-01-09,idiosyncratic,-2.969817790975692,-0.032759745312994006,0.4820367946345362,0.01245700994688459,0.011457009946884589,0.007166744868317254,0.004290265078567335
ORCL,2020-01-27,2020-01-30,2020-02-06,market_wide,-6.878842220636006,-3.875698890988621,0.9025648311058171,0.02626125090112752,0.02526125090112752,0.015274406725703793,0.009986844175423726
ORCL,2020-05-01,2020-05-06,2020-05-13,market_wide,-2.857322507102496,-1.744309811023709,0.8223154552670371,-0.00404944562575571,-0.00504944562575571,-0.015983636376021293,0.010934190750265582
ORCL,2020-07-20,2020-07-23,2020-07-30,idiosyncratic,-2.576243683044316,0.8196372331252376,0.8520822684750436,-0.00914652235858715,-0.010146522358587151,0.007403040747300693,-0.017549563105887844
ORCL,2020-07-28,2020-07-31,2020-08-07,market_wide,-2.8258019007417325,-2.450752518070149,1.1021227753657574,-0.003967745423077429,-0.004967745423077429,0.02954559380747468,-0.03451333923055211
ORCL,2020-08-06,2020-08-11,2020-08-18,idiosyncratic,-2.7266585702391866,0.5827520506003382,0.8952466322504008,0.016767861101718795,0.015767861101718794,0.006742413740818076,0.009025447360900718
ORCL,2020-10-19,2020-10-22,2020-10-29,market_wide,-2.5014958379136876,-1.9646474965133787,1.0930205031760853,-0.06148445846685724,-0.06248445846685724,-0.05336012871844442,-0.009124329748412818
ORCL,2020-10-28,2020-11-02,2020-11-09,market_wide,-4.306449137525346,-6.301408518172243,1.4199720509289646,0.006908672582917275,0.005908672582917275,0.08062151643131532,-0.07471284384839805
ORCL,2020-11-06,2020-11-11,2020-11-18,idiosyncratic,-2.5876742285708825,-0.00967866736803622,0.6211783232717729,-0.01660840309297207,-0.01760840309297207,0.0062632623390102005,-0.02387166543198227
ORCL,2020-11-18,2020-11-23,2020-12-01,market_wide,-3.547847607835105,-1.129576864537089,1.0989894055506366,0.04743202966366544,0.04643202966366544,0.013252809890700767,0.033179219772964674
ORCL,2021-01-04,2021-01-07,2021-01-14,market_wide,-3.154600779955232,-2.2523413268300128,0.8746522740383793,-0.02330733665014484,-0.02430733665014484,0.008712741723780226,-0.033020078373925066
ORCL,2021-01-15,2021-01-21,2021-01-28,market_wide,-3.320604449759169,-1.3372690118260693,0.8799396287072039,0.00016343623611181357,-0.0008365637638881864,-0.01906697646416855,0.018230412700280363
ORCL,2021-04-22,2021-04-27,2021-05-04,market_wide,-3.007963535472134,-1.8239837809716604,1.1855955091132762,0.04400418263960626,0.04300418263960626,0.007920415040863604,0.035083767598742654
ORCL,2021-06-16,2021-06-21,2021-06-28,market_wide,-5.272567051348384,-1.5855782281048285,2.927140536468162,0.006539315613251384,0.005539315613251384,0.014150224314520177,-0.008610908701268793
ORCL,2021-08-18,2021-08-23,2021-08-30,market_wide,-3.7482790597298905,-3.3817276171115336,1.131961527217102,0.0037027451945723655,0.0027027451945723655,0.006433123782631611,-0.0037303785880592457
ORCL,2021-08-31,2021-09-03,2021-09-13,idiosyncratic,-2.5806771550919927,-0.15606884272395538,1.1538751448868283,-0.01233328022397695,-0.013333280223976951,-0.01583255270238526,0.00249927247840831
ORCL,2021-09-14,2021-09-17,2021-09-24,market_wide,-8.346610594172901,-3.3808065960903617,2.3126946616260398,0.04109291133156079,0.04009291133156079,0.01145815185670318,0.028634759474857607
ORCL,2021-10-29,2021-11-03,2021-11-10,idiosyncratic,-2.663759253970868,0.24086086048660374,1.197389272380543,-0.024129143280369747,-0.025129143280369748,0.009424002944291576,-0.034553146224661324
ORCL,2021-11-08,2021-11-11,2021-11-18,idiosyncratic,-2.830925945312092,0.08090756012114236,0.8130423806621848,0.00659303423140245,0.00559303423140245,0.0007512367441495638,0.004841797487252887
ORCL,2021-12-01,2021-12-06,2021-12-13,market_wide,-3.9381620543546703,-3.915709824408554,1.3141817533297955,0.13436019455740378,0.13336019455740378,0.024585198620513005,0.10877499593689077
ORCL,2021-12-28,2021-12-31,2022-01-07,idiosyncratic,-2.568613576317347,-0.06305839126820947,0.40335480772618026,0.007167757169715516,0.006167757169715516,0.002725328394495685,0.003442428775219831
ORCL,2022-01-19,2022-01-24,2022-01-31,market_wide,-4.930145060285203,-4.779679301327939,1.2503586723705,-0.0152877042715025,-0.0162877042715025,0.01871760872370709,-0.03500531299520959
ORCL,2022-01-27,2022-02-01,2022-02-08,market_wide,-2.7817692913600354,-2.902614392025674,1.013692635842211,-0.0030848100800059397,-0.00408481008000594,-0.013508933980289295,0.009424123900283354
ORCL,2022-02-11,2022-02-16,2022-02-24,market_wide,-3.9674168145417936,-3.571302204354869,0.9897355500932252,-0.05530990022257354,-0.05630990022257354,-0.03982949276100067,-0.016480407461572866
ORCL,2022-04-08,2022-04-13,2022-04-21,market_wide,-3.242246841800702,-3.0430305705799348,0.9538642882158996,-0.0033855351389318056,-0.004385535138931806,0.0034798384713661257,-0.007865373610297932
ORCL,2022-04-27,2022-05-02,2022-05-09,market_wide,-2.9397943595552105,-2.988422973268775,1.1000938507365243,-0.03324347176581255,-0.03424347176581255,-0.023862662817161318,-0.010380808948651232
ORCL,2022-05-05,2022-05-10,2022-05-17,market_wide,-3.542803803517238,-2.870580424096613,1.0195836213833198,-0.008961780644641482,-0.009961780644641482,0.02568284508989427,-0.03564462573453575
ORCL,2022-08-22,2022-08-25,2022-09-01,market_wide,-2.5958522340737495,-2.49353665269633,1.1427227512513447,-0.020678904033657575,-0.021678904033657576,-0.052073904579273744,0.03039500054561617
ORCL,2022-08-30,2022-09-02,2022-09-12,market_wide,-2.7647763941401142,-3.35286161379406,1.0858598226967724,0.03213722435661959,0.031137224356619586,0.04439960319871106,-0.013262378842091471
ORCL,2022-12-05,2022-12-08,2022-12-15,market_wide,-3.157526061103523,-1.5350371199806812,1.521760935634974,0.0,-0.001,-0.017808736177241657,0.016808736177241657
ORCL,2023-02-07,2023-02-10,2023-02-17,idiosyncratic,-2.779867364878947,-0.2826174525387337,1.4757774784775786,0.0016065188636409378,0.0006065188636409377,-0.006140030941574115,0.006746549805215053
ORCL,2023-03-10,2023-03-15,2023-03-22,market_wide,-5.163970271698227,-4.723587465033564,2.4167227025054805,0.05929148754214775,0.058291487542147746,0.011570691541282319,0.04672079600086543
ORCL,2023-04-25,2023-04-28,2023-05-05,market_wide,-2.976098132910324,-4.058077416827051,0.9045891182106421,0.02375409585137933,0.02275409585137933,-0.018363286067404783,0.04111738191878411
ORCL,2023-06-29,2023-07-05,2023-07-12,market_wide,-2.5319929286422966,-1.037656599622745,0.562219629923676,0.0040287069479907345,0.0030287069479907345,0.011521088499006904,-0.00849238155101617
ORCL,2023-07-26,2023-07-31,2023-08-07,idiosyncratic,-3.5931556590639486,0.023186940070505382,0.9501320404085568,-0.00963925943789512,-0.010639259437895121,-0.020845216245024112,0.01020595680712899
ORCL,2023-08-03,2023-08-08,2023-08-15,market_wide,-3.4069661588833147,-3.5811217210546196,0.6852919134023665,0.017877200346787747,0.016877200346787746,-0.010465088597643168,0.027342288944430915
ORCL,2023-09-13,2023-09-18,2023-09-25,market_wide,-3.0109316095348806,-1.9711247504264893,1.6381759940383924,-0.034845362320586104,-0.035845362320586105,-0.025835687470907365,-0.01000967484967874
ORCL,2023-09-26,2023-09-29,2023-10-06,market_wide,-4.36066550870499,-3.51921671083322,0.6568226966577078,0.038141957578542884,0.037141957578542883,-0.010137919250681082,0.047279876829223966
ORCL,2023-10-20,2023-10-25,2023-11-01,market_wide,-13.288477309940891,-4.616353173979987,3.4569445610056957,0.042590969400866374,0.04159096940086637,0.014429028229371976,0.027161941171494397
ORCL,2024-03-27,2024-04-02,2024-04-09,idiosyncratic,-2.5245264918077925,0.231464722774793,0.7086933894054447,-0.005728817186337998,-0.006728817186337998,-0.0032187569934761795,-0.0035100601928618183
ORCL,2024-04-08,2024-04-11,2024-04-18,market_wide,-3.204955047008104,-1.5036065278207527,0.9445090149119192,-0.05874711034332758,-0.05974711034332758,-0.038705785421550454,-0.021041324921777127
ORCL,2024-04-18,2024-04-23,2024-04-30,market_wide,-4.334989241525174,-2.8228707565783475,1.1167056646530744,-0.011643059761456409,-0.01264305976145641,-0.002169606383642164,-0.010473453377814246
ORCL,2024-04-30,2024-05-03,2024-05-10,market_wide,-3.4985178574913935,-1.8016589161570329,0.9469701572334687,0.007512758042370837,0.006512758042370837,0.028130435877039117,-0.02161767783466828
ORCL,2024-07-17,2024-07-22,2024-07-29,market_wide,-3.8964882024691936,-1.6219068860118777,1.2607720490540424,-0.013269688314294759,-0.01426968831429476,0.0038960441911977117,-0.01816573250549247
ORCL,2024-07-25,2024-07-30,2024-08-06,market_wide,-2.8919112417202113,-3.9507134516598716,1.095906493030501,-0.05498626672349405,-0.05598626672349405,-0.04034462266332306,-0.01564164406017099
ORCL,2024-08-05,2024-08-08,2024-08-15,market_wide,-5.826660741323499,-5.457427897078208,1.5978927259232054,0.06180181900332271,0.06080181900332271,0.028024733179720096,0.032777085823602614
ORCL,2024-10-23,2024-10-28,2024-11-04,market_wide,-4.110292308453202,-2.201960059472237,0.8298187777764416,-0.016413325037257898,-0.0174133250372579,-0.010480005862483877,-0.006933319174774022
ORCL,2024-12-19,2024-12-24,2025-01-02,market_wide,-2.5742541557449314,-3.4553813042023402,0.6954727595998196,-0.031386813012651005,-0.032386813012651006,-0.018801358943922097,-0.013585454068728908
ORCL,2024-12-30,2025-01-03,2025-01-13,market_wide,-2.9879273779790885,-2.187546180824139,0.6979209001729263,-0.07228040239506173,-0.07328040239506173,0.002903593299557583,-0.07618399569461931
ORCL,2025-08-20,2025-08-25,2025-09-02,market_wide,-3.4960069797745277,-1.401325154024432,1.0345090622015989,-0.04294639081194007,-0.04394639081194007,-0.002659538035094222,-0.04128685277684585
ORCL,2025-09-26,2025-10-01,2025-10-08,market_wide,-4.0712190391373015,-1.4675622811789144,0.6670708166816084,-0.001314884931014948,-0.002314884931014948,0.010126570601941998,-0.012441455532956947
ORCL,2025-10-20,2025-10-23,2025-10-30,idiosyncratic,-3.8914282387701133,-0.295517981524528,1.3499007035708452,-0.08276504102079074,-0.08376504102079074,-0.00888464867234684,-0.0748803923484439
ORCL,2025-11-14,2025-11-19,2025-11-26,market_wide,-2.9361757909569177,-2.119706238734498,1.8431574432451694,-0.09120738852549459,-0.0922073885254946,0.01974058606472484,-0.11194797459021943
ORCL,2026-08-19,2026-08-24,2026-08-31,market_wide,-2.768397467939581,-2.702984055426597,1.0473549976057437,0.046823434972545375,0.045823434972545374,0.005445118408305527,0.04037831656423985
TXN,2015-12-09,2015-12-14,2015-12-21,market_wide,-4.373174041217824,-3.669077576225415,0.9298287093276373,-0.0071148854498260805,-0.008114885449826081,0.005148062199785475,-0.013262947649611556
TXN,2016-04-29,2016-05-04,2016-05-11,market_wide,-6.224139065973825,-4.541947163371555,1.998330814099057,0.021265495073741425,0.020265495073741424,0.0028068613219589533,0.01745863375178247
TXN,2016-08-25,2016-08-30,2016-09-07,market_wide,-2.799575588516257,-3.465031047852498,0.7540128669278352,0.002597211142813416,0.001597211142813416,-0.0046931264255770655,0.006290337568390481
TXN,2016-09-09,2016-09-14,2016-09-21,market_wide,-11.547683031356334,-8.791347982996637,1.7279870368860861,0.026109903301968496,0.025109903301968495,0.01773251294335476,0.0073773903586137335
TXN,2016-10-11,2016-10-14,2016-10-21,market_wide,-4.025572321164487,-4.844426378310692,1.22902969848107,0.021609354998785246,0.020609354998785245,0.005753755160749607,0.014855599838035638
TXN,2016-11-01,2016-11-04,2016-11-11,market_wide,-2.570372237699069,-5.1879093859661,1.2281706746420964,0.03328384635456394,0.03228384635456394,0.04238968937872034,-0.010105843024156402
TXN,2016-12-01,2016-12-06,2016-12-13,market_wide,-3.541013570972246,-1.6770417911966697,1.9257963248085421,0.025640887954095914,0.024640887954095914,0.03199823161747384,-0.007357343663377924
TXN,2016-12-30,2017-01-05,2017-01-12,market_wide,-3.46181987250074,-4.183739230699825,1.1975525689416222,0.026467793787412486,0.025467793787412485,0.005818854153281983,0.019648939634130502
TXN,2017-02-09,2017-02-14,2017-02-22,idiosyncratic,-3.1678419622315186,1.5849894637362452,0.9927966712993845,0.021020633223306717,0.020020633223306716,0.010841816481283795,0.009178816742022922
TXN,2017-04-03,2017-04-06,2017-04-13,market_wide,-2.6763414810931065,-1.2498071278435154,1.1663191143549327,-0.02821502275022636,-0.02921502275022636,-0.017145613821651362,-0.012069408928574998
TXN,2017-04-11,2017-04-17,2017-04-24,market_wide,-5.515099295417964,-3.1717983799480116,1.5390288555257017,0.029979640797191065,0.028979640797191064,0.014197523544027035,0.014782117253164029
TXN,2017-05-02,2017-05-05,2017-05-12,idiosyncratic,-2.675015928707011,0.04222893694927765,1.039944754238094,0.013311380921746885,0.012311380921746884,-0.005161367883672052,0.017472748805418936
TXN,2017-05-18,2017-05-23,2017-05-31,market_wide,-2.7464905877352574,-2.766727603440966,1.2636917667440632,0.03513633722889997,0.03413633722889997,0.01665174415384918,0.01748459307505079
TXN,2017-06-13,2017-06-16,2017-06-23,idiosyncratic,-3.3494351219525313,0.3982178674252094,0.9318219523703846,-0.0015055439998811204,-0.0025055439998811204,0.012087102568662855,-0.014592646568543977
TXN,2017-06-21,2017-06-26,2017-07-03,market_wide,-3.126286734567161,-2.353679200696334,0.9244924346865554,-0.02426238147400428,-0.02526238147400428,-0.009704548950484115,-0.015557832523520165
TXN,2017-06-29,2017-07-05,2017-07-12,market_wide,-3.674723656551015,-3.9837806720868163,1.4609970558422511,0.04693776313142273,0.045937763131422726,0.0025969541414263553,0.04334080898999637
TXN,2017-08-17,2017-08-22,2017-08-29,market_wide,-3.264394428779082,-3.4367620105350833,1.0900302209992623,0.003466982323556911,0.002466982323556911,-0.0008888307866611322,0.003355813110218043
TXN,2017-11-29,2017-12-04,2017-12-11,idiosyncratic,-2.795254971987699,-0.08831914155539698,1.8208662061740923,0.02980078249639284,0.02880078249639284,0.0101926003013455,0.01860818219504734
TXN,2018-03-27,2018-04-02,2018-04-09,market_wide,-2.653210320595555,-2.649722923725449,0.9472908417012119,-0.008345787549160932,-0.009345787549160933,0.010445534716903015,-0.01979132226606395
TXN,2018-06-19,2018-06-22,2018-06-29,market_wide,-3.175102833783233,-1.9886710835197519,0.7511725962584646,-0.018953531143397595,-0.019953531143397596,-0.018557634880931873,-0.0013958962624657234
TXN,2018-06-27,2018-07-02,2018-07-10,market_wide,-4.139303717742314,-3.612512546452834,1.047543387631375,0.031658418899510155,0.030658418899510154,0.029655452217843603,0.0010029666816665506
TXN,2018-07-27,2018-08-01,2018-08-08,market_wide,-3.554747030898015,-1.6107743439814257,0.9528875746654177,0.046486303073745905,0.045486303073745904,0.019110340498030842,0.026375962575715062
TXN,2018-08-10,2018-08-15,2018-08-22,market_wide,-3.205217396798553,-1.1540619861316839,1.8337662586625003,0.023631585057255267,0.022631585057255266,0.02457865691705896,-0.0019470718598036951
TXN,2018-09-11,2018-09-14,2018-09-21,market_wide,-3.643782505819204,-2.011943352597361,1.5984558856635014,0.04451388444734983,0.043513884447349827,0.01370553767488869,0.029808346772461136
TXN,2018-10-10,2018-10-15,2018-10-22,market_wide,-3.8766376078697666,-7.928389192617845,1.952095642043748,0.002917103965074608,0.0019171039650746078,-0.0015189622710246597,0.0034360662360992675
TXN,2018-10-18,2018-10-23,2018-10-30,market_wide,-3.0878912695467116,-2.0661777140722566,1.3073874292946845,-0.0644309068487996,-0.0654309068487996,-0.012849978957629404,-0.05258092789117019
TXN,2018-12-11,2018-12-14,2018-12-21,market_wide,-2.5558599633888455,-2.965357004989829,1.4399507585357907,-0.04084462585296267,-0.04184462585296267,-0.06502646547391777,0.023181839620955103
TXN,2019-02-27,2019-03-04,2019-03-11,idiosyncratic,-4.634865508909045,-0.1556855419726989,1.0217420611492565,-0.008845415185632088,-0.00984541518563209,-0.0008193712597027725,-0.009026043925929317
TXN,2019-03-07,2019-03-12,2019-03-19,market_wide,-3.7014295246674274,-5.750098745252852,1.2719684478752904,0.03285741780818485,0.03185741780818485,0.021473290486595298,0.010384127321589554
TXN,2019-05-07,2019-05-10,2019-05-17,market_wide,-4.959411236567574,-6.097424121685358,1.0896962210531347,-0.051598937590704,-0.052598937590704,-0.018682096092299205,-0.03391684149840479
TXN,2019-05-17,2019-05-22,2019-05-30,market_wide,-3.329236557927702,-2.0839677975084787,1.4215496610922431,-0.012549244245867563,-0.013549244245867564,-0.02402906967563978,0.010479825429772216
TXN,2019-05-29,2019-06-03,2019-06-10,market_wide,-2.7710210691949646,-4.158101661443817,0.9921808875095723,0.07093283574145182,0.06993283574145182,0.055445559020322666,0.01448727672112915
TXN,2019-09-20,2019-09-25,2019-10-02,market_wide,-3.057127447960949,-1.1986738232391592,2.2274991726814957,-0.007045379630207793,-0.008045379630207794,-0.038732877306349334,0.03068749767614154
TXN,2019-10-23,2019-10-28,2019-11-04,idiosyncratic,-9.590091108848835,-0.038566491945813616,5.114954797106793,0.015682451628081573,0.014682451628081572,0.020030145528162624,-0.005347693900081052
TXN,2019-11-05,2019-11-08,2019-11-15,idiosyncratic,-2.5782336235982597,-0.12670675593892547,0.6076421900979194,-0.017567400099738784,-0.018567400099738784,0.004003633463930845,-0.02257103356366963
TXN,2019-11-14,2019-11-19,2019-11-26,idiosyncratic,-3.088606143542424,0.2565401426717751,1.0104081885417036,0.010946932254583652,0.009946932254583651,0.009865343484127376,8.158877045627566e-05
TXN,2020-01-27,2020-01-30,2020-02-06,market_wide,-4.966217525722961,-3.875698890988621,1.01104600672097,0.06510247071787756,0.06410247071787756,0.015274406725703793,0.048828063992173765
TXN,2020-06-24,2020-06-29,2020-07-07,market_wide,-3.4904575621788596,-2.622538455154364,0.9612958489175272,0.03069666135932292,0.029696661359322918,0.02360381682867896,0.006092844530643959
TXN,2020-07-24,2020-07-29,2020-08-05,market_wide,-2.7595506057241823,-1.6507540112830004,0.932580719819843,0.014991763857193252,0.013991763857193251,0.022472369019584937,-0.008480605162391686
TXN,2020-12-14,2020-12-17,2020-12-24,market_wide,-2.8985307210696383,-2.3711501888124364,1.3112308402403625,-0.0064539575519085846,-0.007453957551908585,-0.00831030876347405,0.0008563512115654657
TXN,2020-12-23,2020-12-29,2021-01-06,market_wide,-2.778587246619194,-1.3243564550015088,0.4170310473024781,0.018860651584077903,0.017860651584077902,0.0259729987084103,-0.008112347124332397
TXN,2021-04-20,2021-04-23,2021-04-30,market_wide,-4.028963063494955,-1.3421732008663652,1.0352438434482039,-0.03873350321356828,-0.03973350321356828,0.0032204670153368475,-0.042953970228905125
TXN,2021-04-30,2021-05-05,2021-05-12,market_wide,-3.327536526338165,-1.1251456614869821,1.257926014387671,-0.0278007406289994,-0.0288007406289994,-0.019059042513491886,-0.009741698115507513
TXN,2021-06-08,2021-06-11,2021-06-18,idiosyncratic,-2.9983315616444224,-0.22384023408412984,0.689513923742947,-0.029681306594798507,-0.030681306594798508,-0.027734033378379097,-0.0029472732164194104
TXN,2021-08-12,2021-08-17,2021-08-24,idiosyncratic,-3.6465227507924376,0.6589414359341262,1.341617101066269,0.008050678293778146,0.007050678293778146,-0.005936998810714078,0.012987677104492223
TXN,2021-08-20,2021-08-25,2021-09-01,market_wide,-2.9280648331624484,-1.4532875081347556,1.3215754833401891,0.0013825088099768124,0.00038250880997681234,0.004150789275328526,-0.0037682804653517135
TXN,2021-09-29,2021-10-04,2021-10-11,market_wide,-2.7522925458070677,-2.3822598329087787,0.9299758089393275,0.015598714651508416,0.014598714651508415,0.010476168981281786,0.004122545670226629
TXN,2021-10-28,2021-11-02,2021-11-09,idiosyncratic,-3.1262341936030023,0.5272831018794789,1.2209508783553509,0.0076581987669179785,0.0066581987669179785,0.02003640742459334,-0.013378208657675361
TXN,2021-11-10,2021-11-15,2021-11-22,market_wide,-2.5548208867061635,-1.047668326669642,0.8475590786836312,0.01728046366868008,0.01628046366868008,-0.006569602476004799,0.022850066144684877
TXN,2021-12-17,2021-12-22,2021-12-30,market_wide,-4.174050627662059,-1.6724394249107395,1.68382250104893,0.013266845962095264,0.012266845962095263,0.01818759736750719,-0.005920751405411928
TXN,2022-01-21,2022-01-26,2022-02-02,market_wide,-2.636212460451299,-4.096457016615061,2.010712965094781,0.060303035855326925,0.059303035855326924,0.053070466446527575,0.006232569408799349
TXN,2022-02-15,2022-02-18,2022-02-28,market_wide,-2.8764345897657186,-1.8516603885120768,0.8808512144137222,0.019491200851812218,0.018491200851812217,0.008776435477433342,0.009714765374378875
TXN,2022-04-05,2022-04-08,2022-04-18,market_wide,-4.2258044131498105,-2.074940226600409,1.5189594259986288,0.014071441204379642,0.013071441204379641,-0.014344886015520197,0.02741632721989984
TXN,2022-05-06,2022-05-11,2022-05-18,market_wide,-2.819340441401785,-2.592934110299432,0.7021727024965104,0.03406399977220098,0.03306399977220098,-0.0124529292863087,0.04551692905850968
TXN,2022-06-13,2022-06-16,2022-06-24,market_wide,-3.5522988855929567,-5.1556009534844405,1.3399181726725715,0.03025706339463463,0.02925706339463463,0.05600932441612194,-0.02675226102148731
TXN,2022-08-29,2022-09-01,2022-09-09,market_wide,-3.3832638751559547,-3.20395527533587,1.0102624917827994,0.027563894285799195,0.026563894285799194,0.021938635803300244,0.004625258482498951
TXN,2022-09-13,2022-09-16,2022-09-23,market_wide,-2.9936530339433474,-2.8536227396088387,1.5018013205896057,-0.024022954911032568,-0.02502295491103257,-0.04652467698804508,0.02150172207701251
TXN,2022-09-21,2022-09-26,2022-10-03,market_wide,-2.6416931205373984,-3.8528337839937374,1.0437836410282206,-0.003864013702470026,-0.004864013702470026,0.01171169103552927,-0.016575704737999297
TXN,2022-10-17,2022-10-20,2022-10-27,market_wide,-2.5385392922033954,-1.3771210535532468,0.8774385611196022,0.019775852941809058,0.018775852941809057,0.05307504983262534,-0.034299196890816286
TXN,2022-12-09,2022-12-14,2022-12-21,market_wide,-2.5307658938608144,-2.4737800879296645,0.8698712747527466,-0.040325200266167815,-0.041325200266167816,-0.02892195588057367,-0.012403244385594148
TXN,2022-12-19,2022-12-22,2022-12-30,market_wide,-3.3915949459074004,-3.8965898611957286,0.8308002558577224,0.0031573015461305864,0.0021573015461305864,0.008844265192032408,-0.006686963645901821
TXN,2023-02-21,2023-02-24,2023-03-03,market_wide,-4.628327219937161,-5.481920981569055,1.5398110690826579,0.038666075991061755,0.037666075991061754,0.01695547339166037,0.020710602599401384
TXN,2023-04-19,2023-04-24,2023-05-01,idiosyncratic,-2.9039180939980134,-0.027391009622792444,0.8512798500994659,-0.05241597558562394,-0.05341597558562394,-0.011805632186992154,-0.04161034339863179
TXN,2023-05-02,2023-05-05,2023-05-12,market_wide,-2.759617112177149,-1.333026781728339,1.3387892602458829,-0.02376062129508638,-0.024760621295086382,-0.015027736046241968,-0.009732885248844414
TXN,2023-06-21,2023-06-26,2023-07-03,market_wide,-2.6021634718008015,-1.0560278989028933,0.8240294782079407,0.06524419592586916,0.06424419592586916,0.019624296837657207,0.044619899088211956
TXN,2023-07-27,2023-08-01,2023-08-08,market_wide,-2.9225065575505416,-1.2633440477551992,1.2636655801696275,-0.06525781995495705,-0.06625781995495705,-0.02443197821042753,-0.041825841744529524
TXN,2023-08-04,2023-08-09,2023-08-16,market_wide,-3.6724271118221052,-3.6684031849884837,0.805885971289114,-0.009266362675075634,-0.010266362675075635,-0.013172058544573928,0.0029056958694982926
TXN,2023-08-15,2023-08-18,2023-08-25,market_wide,-2.781902227743698,-4.153668296444291,0.7610442546583851,0.007928533743554844,0.006928533743554844,-0.0023145787581448918,0.009243112501699735
TXN,2023-09-07,2023-09-12,2023-09-19,market_wide,-4.100159741302527,-1.2537103399295066,1.4598263225392007,-0.0021408476601443294,-0.0031408476601443294,-0.003000671247515241,-0.00014017641262908855
TXN,2023-09-15,2023-09-20,2023-09-27,market_wide,-3.1455118591006053,-2.69956811203052,2.3764380274447725,-0.024429350669065486,-0.025429350669065487,-0.032316445235896274,0.006887094566830787
TXN,2023-09-25,2023-09-28,2023-10-05,market_wide,-2.6369768666700626,-2.6731244787200277,0.7155191865792951,-0.02501728348096366,-0.02601728348096366,-0.019003614430256555,-0.007013669050707105
TXN,2023-10-03,2023-10-06,2023-10-13,market_wide,-3.557733714026977,-3.784257763071307,0.9036550836550836,-0.02706974851739674,-0.028069748517396742,0.0011168478527736614,-0.029186596370170403
TXN,2023-10-25,2023-10-30,2023-11-06,market_wide,-4.178197985284825,-3.0174754311022283,2.326587362892013,0.049822116220685775,0.048822116220685774,0.045058334653010235,0.0037637815676755393
TXN,2024-01-12,2024-01-18,2024-01-25,idiosyncratic,-2.893230813068452,-0.002707388892335431,0.8867435529209817,0.0030555535265262,0.0020555535265262,0.009243517541398738,-0.007187964014872538
TXN,2024-01-31,2024-02-05,2024-02-12,market_wide,-2.8835751983750706,-1.3929166199700809,1.0531061965939212,0.013719531797560913,0.012719531797560912,0.023242526116578732,-0.01052299431901782
TXN,2024-04-12,2024-04-17,2024-04-24,market_wide,-3.478472818414882,-3.97944114045583,1.2489817339615967,0.05497907791287382,0.05397907791287382,0.014806553799162625,0.039172524113711193
TXN,2024-05-30,2024-06-04,2024-06-11,market_wide,-2.6462517592072334,-5.073673263843472,0.8479717640935558,0.02141749638905255,0.020417496389052547,0.011136628774177648,0.0092808676148749
TXN,2024-06-14,2024-06-20,2024-06-27,idiosyncratic,-2.9149902582776774,0.06251995499007597,0.6933779229553513,0.0034757830152236657,0.0024757830152236657,-0.00847802138513798,0.010953804400361644
TXN,2024-07-23,2024-07-26,2024-08-02,market_wide,-3.0602795086938612,-2.356083862885772,1.2669213018885215,-0.06589230313838912,-0.06689230313838912,-0.02959470267690678,-0.03729760046148234
TXN,2024-09-10,2024-09-13,2024-09-20,market_wide,-2.6906689553465784,-1.978303156753722,0.8854349826444248,0.016856015025708437,0.015856015025708436,0.015797534688027248,5.848033768118821e-05
TXN,2024-10-01,2024-10-04,2024-10-11,market_wide,-2.5718687437100973,-1.114088200153844,1.7085718713794036,0.011839549759836254,0.010839549759836253,0.021626744070149195,-0.010787194310312942
TXN,2024-11-19,2024-11-22,2024-12-02,market_wide,-2.8614303108268944,-1.2121034585476373,1.073601488590986,0.01909092174151672,0.01809092174151672,0.004332249885691475,0.013758671855825244
TXN,2024-12-04,2024-12-09,2024-12-16,idiosyncratic,-3.2549669122904485,0.7340254043752357,1.1285871183155058,-0.020625473299197172,-0.021625473299197173,-0.014350134729813169,-0.0072753385693840045
TXN,2024-12-17,2024-12-20,2024-12-30,market_wide,-3.6238338851404563,-1.9214581322245534,0.9390503980556869,0.005832901928501721,0.004832901928501721,-0.007603516384072528,0.012436418312574249
TXN,2025-02-03,2025-02-06,2025-02-13,market_wide,-2.632514127947555,-3.170079001406855,0.7122085970568288,-0.013531289023596349,-0.01453128902359635,0.012216698324269304,-0.026747987347865654
TXN,2025-03-28,2025-04-02,2025-04-09,market_wide,-3.2906410674716127,-3.8459175142391007,0.9577836273529858,-0.04876820756138078,-0.049768207561380784,-0.05396271065861025,0.004194503097229463
TXN,2025-04-16,2025-04-22,2025-04-29,market_wide,-3.0367922175249578,-1.8091178467900584,0.778629740681352,0.09546209309418807,0.09446209309418807,0.03847368382985672,0.05598840926433135
TXN,2025-07-23,2025-07-28,2025-08-04,idiosyncratic,-15.689908027629748,2.2470138464319898,5.157401553808978,-0.027472817696736263,-0.028472817696736263,-0.027767402903924987,-0.0007054147928112764
TXN,2025-08-04,2025-08-07,2025-08-14,market_wide,-2.5110231530082237,-1.250613586507374,0.4404208672981369,0.04195579441907449,0.04095579441907449,0.02519063745812855,0.015765156960945936
TXN,2025-09-04,2025-09-09,2025-09-16,idiosyncratic,-5.44695936078011,0.048980393639755704,2.003687127928845,-0.03999357700065387,-0.04099357700065387,0.0176714764735999,-0.05866505347425377
TXN,2025-09-15,2025-09-18,2025-09-25,idiosyncratic,-3.400401741282982,0.5884972741465543,1.5722363748909332,0.0023124090580861623,0.0013124090580861622,-0.017466280882576735,0.018778689940662896
TXN,2025-10-14,2025-10-17,2025-10-24,market_wide,-2.647577487080773,-1.8769892220026356,1.5358936205462972,-0.042190393061413145,-0.043190393061413146,0.020218529426539567,-0.06340892248795271
TXN,2025-10-29,2025-11-03,2025-11-10,idiosyncratic,-4.408504629521483,0.03792707405114992,1.210706369368731,-0.005450398005226731,-0.006450398005226731,0.0009054982000362699,-0.007355896205263001
TXN,2025-11-17,2025-11-20,2025-11-28,market_wide,-5.7344081316539475,-3.224979013582032,0.965063528026452,0.09743704996387015,0.09643704996387015,0.04947522146689631,0.046961828496973834
TXN,2025-12-18,2025-12-23,2025-12-31,market_wide,-2.635487280384821,-2.537636144864876,1.351517614704724,-0.02027331145619704,-0.02127331145619704,-0.0007862870610091388,-0.020487024395187903
TXN,2026-02-24,2026-02-27,2026-03-06,market_wide,-4.155092978883646,-1.367926083771844,1.4080941349556406,-0.0890104544192003,-0.0900104544192003,-0.039176310341929366,-0.05083414407727094
TXN,2026-03-13,2026-03-18,2026-03-25,market_wide,-3.0949952482046004,-3.756088396027698,0.5270242079062204,0.031397379993815644,0.030397379993815643,-0.008141420746130668,0.03853880073994631
TXN,2026-08-26,2026-08-31,2026-09-08,market_wide,-2.5944777766518112,-2.2329001030612625,0.6504321526362082,-0.007627113588761114,-0.008627113588761115,-0.005254623210601217,-0.003372490378159898
COST,2015-12-09,2015-12-14,2015-12-21,market_wide,-3.288797304531178,-3.669077576225415,3.961001164144354,-0.015138269085068323,-0.016138269085068324,0.005148062199785475,-0.0212863312848538
COST,2015-12-17,2015-12-22,2015-12-30,market_wide,-2.5894983701232057,-1.9848253265410742,0.4915644437264156,0.009179682645838128,0.008179682645838127,0.011026397367404073,-0.002846714721565946
COST,2016-01-07,2016-01-12,2016-01-20,market_wide,-5.772769142884565,-4.912734125741212,2.4410473662719476,-0.04639258700856774,-0.047392587008567744,-0.0469445270320219,-0.00044805997654584484
COST,2016-01-15,2016-01-21,2016-01-28,market_wide,-3.255592210399826,-3.1614013929474543,1.2156100111943653,-0.005253295186862461,-0.006253295186862461,-0.007477918073151124,0.001224622886288663
COST,2016-01-26,2016-01-29,2016-02-05,market_wide,-3.2988939811710725,-1.3163608633204555,1.1587683937993642,-0.047181421734777795,-0.048181421734777796,-0.01264093379139708,-0.035540487943380716
COST,2016-04-07,2016-04-12,2016-04-19,market_wide,-2.6028103030662764,-2.039656655206109,2.044493129663096,0.020994084959645498,0.019994084959645497,0.026456574133421062,-0.006462489173775565
COST,2016-05-05,2016-05-10,2016-05-17,market_wide,-3.590342896338378,-2.950720475148698,2.2045500848896435,-0.039850542075608786,-0.04085054207560879,-0.019871097097494905,-0.02097944497811388
COST,2016-05-17,2016-05-20,2016-05-27,market_wide,-3.400100036049321,-3.2854945487990936,1.0119265611288082,0.044782337898785274,0.04378233789878527,0.02756614651442124,0.01621619138436403
COST,2016-06-27,2016-06-30,2016-07-08,market_wide,-3.7649388494355134,-5.930550808625208,1.0783950044823643,0.05349009478782851,0.05249009478782851,0.014503333509875205,0.03798676127795331
COST,2016-07-27,2016-08-01,2016-08-08,market_wide,-3.414627639584101,-1.0808806034970995,0.8750341810226961,-0.000955068026979311,-0.001955068026979311,0.01034755093756945,-0.012302618964548762
COST,2016-08-25,2016-08-30,2016-09-07,market_wide,-8.067750204428586,-3.465031047852498,1.4355892178775362,-0.03902188281691488,-0.04002188281691488,-0.0046931264255770655,-0.03532875639133781
COST,2016-09-09,2016-09-14,2016-09-21,market_wide,-3.5079698173949603,-8.791347982996637,1.1087574021472244,0.013338594685550875,0.012338594685550874,0.01773251294335476,-0.005393918257803887
COST,2016-10-14,2016-10-19,2016-10-26,market_wide,-2.828878930671747,-2.664466530220895,0.6204378264409625,0.01023707244939609,0.009237072449396089,0.011988041453166343,-0.002750969003770254
COST,2016-11-03,2016-11-08,2016-11-15,market_wide,-3.819152029444428,-3.886559824068,0.9581933887219374,0.034636232200161654,0.03363623220016165,0.024477630587843358,0.009158601612318296
COST,2016-12-30,2017-01-05,2017-01-12,market_wide,-2.958180989087585,-4.183739230699825,0.7753681194834742,-0.00638418496881854,-0.00738418496881854,0.005818854153281983,-0.013203039122100524
COST,2017-03-06,2017-03-09,2017-03-16,market_wide,-4.941207635558857,-1.5362796768875138,1.8041628778914065,0.00778147770615889,0.00678147770615889,0.009330237678666142,-0.002548759972507252
COST,2017-05-12,2017-05-17,2017-05-24,market_wide,-2.966510934971071,-1.4736279505000955,0.5390916163575644,0.022820086584702803,0.021820086584702802,0.019503576378915533,0.00231651020578727
COST,2017-06-22,2017-06-27,2017-07-05,market_wide,-2.5806992272664524,-2.5537041779333087,1.3376763339176483,-0.007786052260982168,-0.008786052260982169,-0.001569017621452229,-0.00721703463952994
COST,2017-07-10,2017-07-13,2017-07-20,market_wide,-4.913649374153925,-1.1585007885273146,1.6795497213751713,-0.01699203460910015,-0.01799203460910015,0.008238990937486923,-0.026231025546587072
COST,2017-07-18,2017-07-21,2017-07-28,idiosyncratic,-2.558086843632805,0.06096060603476785,0.6037725355702832,0.01628600174035255,0.01528600174035255,-0.005541588401309916,0.020827590141662466
COST,2017-08-24,2017-08-29,2017-09-06,market_wide,-6.280183258167047,-1.835790235331393,4.455328645198121,0.03451460020378616,0.03351460020378616,0.019007705246260498,0.014506894957525662
COST,2017-10-06,2017-10-11,2017-10-18,idiosyncratic,-6.014994961569405,-0.1478857750385028,7.798804263062126,-0.0020266737609485608,-0.003026673760948561,0.0036384792084886985,-0.006665152969437259
COST,2018-03-08,2018-03-13,2018-03-20,market_wide,-3.722021008518715,-1.2925061684124048,2.5663008687700044,-0.0005868999632698824,-0.0015868999632698824,-0.0194595671386516,0.017872667175381718
COST,2018-03-19,2018-03-22,2018-03-29,market_wide,-2.999260158787141,-3.1478760250324975,0.7858464428565575,0.031701960916183936,0.030701960916183935,-0.004530309149629486,0.03523227006581342
COST,2018-05-03,2018-05-08,2018-05-15,market_wide,-2.6365450079863777,-3.3262877668247834,0.9923910310371593,0.008073088066056222,0.007073088066056222,0.03382006646288094,-0.026746978396824717
COST,2018-06-01,2018-06-06,2018-06-13,idiosyncratic,-2.806996009341257,0.17477277633753469,1.9849091318346854,0.03263190542857619,0.03163190542857619,0.0008223252992947128,0.030809580129281477
COST,2018-07-03,2018-07-09,2018-07-16,market_wide,-3.296713558770391,-2.234021590443333,0.425580302318177,0.01853593850562074,0.01753593850562074,0.008015766071560293,0.009520172434060448
COST,2018-08-09,2018-08-14,2018-08-21,idiosyncratic,-2.660090849468832,-0.25780182666518836,2.236274986012137,0.029459573359487568,0.028459573359487567,0.013170235688208853,0.015289337671278713
COST,2018-09-17,2018-09-20,2018-09-27,market_wide,-2.987168420552584,-1.338468234471924,1.2375052553003458,0.00034187637393423564,-0.0006581236260657644,-0.0036653795955065016,0.0030072559694407372
COST,2018-09-27,2018-10-02,2018-10-09,market_wide,-2.864884574512641,-1.235680265375244,0.6054642574181511,-0.05153361107740817,-0.05253361107740817,-0.026155955575038692,-0.02637765550236948
COST,2018-10-08,2018-10-11,2018-10-18,market_wide,-2.5230310942798426,-3.2258644717396683,1.5874613766353296,0.03047498854282038,0.02947498854282038,0.01129451554182137,0.01818047300099901
COST,2018-11-20,2018-11-26,2018-12-03,market_wide,-5.465865502798029,-4.144082376798257,1.6581924949871096,0.05755280974299004,0.05655280974299004,0.052375147721283044,0.004177662021706996
COST,2019-01-25,2019-01-30,2019-02-06,idiosyncratic,-3.450849169558652,-0.24738936465985442,1.1250418337937131,0.0011827636092303084,0.0001827636092303084,0.029798919619909325,-0.029616156010679018
COST,2019-05-01,2019-05-06,2019-05-13,market_wide,-5.037610957488361,-1.2776318531189685,0.9612824692658689,-0.006783341063853143,-0.007783341063853143,-0.04482138406128133,0.03703804299742819
COST,2019-05-29,2019-06-03,2019-06-10,market_wide,-4.099001715168811,-4.158101661443817,1.5285157216403755,0.06545812902840553,0.06445812902840553,0.055445559020322666,0.009012570008082865
COST,2019-09-11,2019-09-16,2019-09-23,idiosyncratic,-3.7187818805871746,0.4905079865633286,1.6412835612750005,-0.003879638786471684,-0.004879638786471684,0.0011037426193620803,-0.0059833814058337645
COST,2019-09-19,2019-09-24,2019-10-01,idiosyncratic,-3.318414353319905,-0.14306436452374602,1.1581929614925028,-0.013823490282209194,-0.014823490282209195,-0.015122851413079008,0.000299361130869813
COST,2019-09-27,2019-10-02,2019-10-09,market_wide,-3.1386119304261713,-3.2828287020650637,0.7033565026522773,0.04135224263445503,0.04035224263445503,0.008987275555289775,0.03136496707916525
COST,2019-10-23,2019-10-28,2019-11-04,idiosyncratic,-2.520753938079425,-0.038566491945813616,1.04061926884159,-0.004934642734069072,-0.005934642734069072,0.020030145528162624,-0.025964788262231697
COST,2019-11-01,2019-11-06,2019-11-13,idiosyncratic,-2.759578704714617,0.9387296080145305,0.7940710910402943,0.004410735361214613,0.0034107353612146127,0.005619964466438088,-0.002209229105223475
COST,2019-11-21,2019-11-26,2019-12-04,market_wide,-2.840020606291714,-1.1521973084605426,0.8067363257418567,-0.015668509881104464,-0.016668509881104465,-0.012588074200915567,-0.004080435680188899
COST,2019-12-02,2019-12-05,2019-12-12,market_wide,-3.926630321422993,-2.224981856788815,1.579549634231068,0.014466088149729162,0.01346608814972916,0.026840916461945863,-0.013374828312216702
COST,2019-12-13,2019-12-18,2019-12-26,idiosyncratic,-4.402422257727031,0.08830005696837179,2.7677391860217346,0.013225469588312055,0.012225469588312055,0.014131675435039348,-0.0019062058467272935
COST,2020-01-02,2020-01-07,2020-01-14,idiosyncratic,-3.6755585607511976,1.0942380639463256,1.0430436485702528,0.0288315029051065,0.027831502905106498,0.013310560995873244,0.014520941909233254
COST,2020-05-13,2020-05-18,2020-05-26,market_wide,-3.1445362373925065,-2.951747993120203,1.1191743206135782,0.006737645811802029,0.005737645811802029,0.008293848422602057,-0.0025562026108000282
COST,2020-06-11,2020-06-16,2020-06-23,market_wide,-5.639531819759602,-3.0340846759540794,0.9886377014675943,-0.00023205225351541348,-0.0012320522535154135,-0.0027545691857577825,0.001522516932242369
COST,2020-06-19,2020-06-24,2020-07-01,market_wide,-2.5282736827526384,-1.7531653322623688,1.0933932081136264,0.022582234926210365,0.021582234926210364,0.019486945945085488,0.0020952889811248765
COST,2020-09-10,2020-09-15,2020-09-22,market_wide,-3.7950300470963994,-3.446308599011274,0.903328708206757,0.0015702645188209186,0.0005702645188209185,-0.0158545097139855,0.016424774232806416
COST,2020-10-26,2020-10-29,2020-11-05,market_wide,-4.844485988329844,-3.910775993064799,1.1721375526642221,0.055829627118205494,0.05482962711820549,0.06595145590754692,-0.011121828789341426
COST,2020-12-04,2020-12-09,2020-12-16,idiosyncratic,-2.6292801457804678,0.7534642708132707,1.2032321212172572,-0.012957697326442807,-0.013957697326442808,-0.005409564004543732,-0.008548133321899076
COST,2020-12-14,2020-12-17,2020-12-24,market_wide,-2.5560033305095864,-2.3711501888124364,0.9383411517171738,-0.015420392639659886,-0.016420392639659886,-0.00831030876347405,-0.008110083876185836
COST,2021-01-20,2021-01-25,2021-02-01,idiosyncratic,-2.5059161944790818,0.8602510137500207,1.0242819070180633,-0.03139199199607823,-0.03239199199607823,-0.014928462838315504,-0.017463529157762725
COST,2021-01-28,2021-02-02,2021-02-09,market_wide,-2.6974682433322372,-1.812652153103453,0.8752434903984105,0.013189897423955266,0.012189897423955265,0.01403342222978421,-0.0018435248058289444
COST,2021-02-25,2021-03-02,2021-03-09,market_wide,-4.064952818356367,-5.263366279357462,1.5536527866642047,-0.0294710113228438,-0.0304710113228438,0.011454877166872102,-0.0419258884897159
COST,2021-05-28,2021-06-03,2021-06-10,idiosyncratic,-4.013293792560269,0.2510113815158538,2.4129026272247907,-0.0022405178892637156,-0.0032405178892637157,0.002572482183080149,-0.005813000072343865
COST,2021-06-16,2021-06-21,2021-06-28,market_wide,-3.3203974609364266,-1.5855782281048285,1.08480597284523,0.025181262685635364,0.024181262685635363,0.014150224314520177,0.010031038371115186
COST,2021-09-20,2021-09-23,2021-09-30,market_wide,-5.192252919101245,-5.35372012231539,1.5595873866422119,-0.007575356166985903,-0.008575356166985904,-0.02419239204565149,0.015617035878665586
COST,2021-09-28,2021-10-01,2021-10-08,market_wide,-3.6529999332241725,-2.8177769508530273,1.218944171273532,0.007851379170156214,0.006851379170156214,0.007715694598681377,-0.0008643154285251633
COST,2021-12-01,2021-12-06,2021-12-13,market_wide,-2.518059121252505,-3.915709824408554,1.2766627766117473,0.04504840866967608,0.044048408669676076,0.024585198620513005,0.01946321004916307
COST,2022-01-10,2022-01-13,2022-01-21,market_wide,-4.642762127369831,-2.629144102366106,2.393197338512234,-0.06823646350349866,-0.06923646350349866,-0.050647499657918815,-0.018588963845579842
COST,2022-01-19,2022-01-24,2022-01-31,market_wide,-3.2069530640329464,-4.779679301327939,0.933693108783828,0.0331970410618172,0.0321970410618172,0.01871760872370709,0.013479432338110109
COST,2022-02-14,2022-02-17,2022-02-25,market_wide,-2.9591858886957674,-3.6430201044096755,0.7633874226075422,0.004815517166472549,0.0038155171664725493,0.005674827893279222,-0.0018593107268066724
COST,2022-05-11,2022-05-16,2022-05-23,market_wide,-3.320734281098527,-3.5950604774589703,0.9571518978634419,-0.1315389876854388,-0.1325389876854388,-0.02294727801747909,-0.10959170966795972
COST,2022-06-13,2022-06-16,2022-06-24,market_wide,-4.357581258352836,-5.1556009534844405,0.9627563515820201,0.07218422558333137,0.07118422558333137,0.05600932441612194,0.015174901167209431
COST,2022-08-26,2022-08-31,2022-09-08,market_wide,-3.9495740920268707,-3.5200621453769902,1.097959801217369,0.013445646859149507,0.012445646859149506,0.012434848808956511,1.0798050192994957e-05
COST,2022-09-13,2022-09-16,2022-09-23,market_wide,-4.215060974635596,-2.8536227396088387,1.5466368940585398,-0.07486020677890737,-0.07586020677890737,-0.04652467698804508,-0.02933552979086229
COST,2022-09-26,2022-09-29,2022-10-06,market_wide,-3.1840888800965943,-3.933576425358542,1.5979858964837044,0.007328009535463531,0.006328009535463531,0.038943387138688834,-0.032615377603225304
COST,2022-10-07,2022-10-12,2022-10-19,market_wide,-3.189912649303045,-2.287080506859787,0.9460778715550365,0.010828009528824012,0.009828009528824011,0.03531612897898273,-0.02548811945015872
COST,2022-12-05,2022-12-08,2022-12-15,market_wide,-3.5342756985725075,-1.5350371199806812,1.0117230154315264,-0.036371537953227895,-0.037371537953227896,-0.017808736177241657,-0.019562801775986238
COST,2022-12-15,2022-12-20,2022-12-28,market_wide,-5.572940325466425,-3.414287458755162,1.0647484242640113,-0.010549900869271212,-0.011549900869271212,-0.005104580893686594,-0.006445319975584618
COST,2022-12-28,2023-01-03,2023-01-10,market_wide,-3.213977228323942,-3.2524859217367434,0.5787074470177401,0.062036689185818616,0.061036689185818616,0.03908302622646076,0.021953662959357856
COST,2023-02-09,2023-02-14,2023-02-22,market_wide,-2.7110222407371407,-1.9514113291161586,0.7848441743178586,-0.011585462856239181,-0.012585462856239182,-0.033649953261493004,0.021064490405253822
COST,2023-02-23,2023-02-28,2023-03-07,market_wide,-4.49654911833395,-2.489174072130514,1.017992455413866,0.002003439943124574,0.0010034399431245742,0.005960060038177284,-0.00495662009505271
COST,2023-03-09,2023-03-14,2023-03-21,market_wide,-2.734386249440744,-3.959712510227801,0.6975529564874908,0.0185299780523831,0.0175299780523831,0.01530609383050896,0.0022238842218741395
COST,2023-05-01,2023-05-04,2023-05-11,idiosyncratic,-3.094493346760434,-0.11398323039541138,1.4275902287306421,0.02355521642961378,0.022555216429613778,0.003355635143752922,0.019199581285860856
COST,2023-05-22,2023-05-25,2023-06-02,idiosyncratic,-4.172326973493648,-0.14255379047220984,1.319413805040625,0.05351988436573629,0.05251988436573629,0.02826813130722372,0.02425175305851257
COST,2023-08-02,2023-08-07,2023-08-14,market_wide,-3.2647654563742337,-3.791203054352872,0.8641009650448699,0.005480261872970127,0.004480261872970127,-0.005798480254842753,0.010278742127812879
COST,2023-08-17,2023-08-22,2023-08-29,market_wide,-5.101991144930065,-4.502880049037374,1.6215877681561213,0.01007739230218374,0.00907739230218374,0.023972393118979696,-0.014895000816795956
COST,2023-08-25,2023-08-30,2023-09-07,market_wide,-2.599477111981299,-1.989341158738112,1.01987112445599,0.011728176435286564,0.010728176435286563,-0.0109810786952248,0.021709255130511362
COST,2023-10-20,2023-10-25,2023-11-01,market_wide,-3.6108263131831566,-4.616353173979987,1.2393432355529639,0.01238218059775531,0.01138218059775531,0.014429028229371976,-0.003046847631616667
COST,2024-04-02,2024-04-05,2024-04-12,market_wide,-5.3736404180044115,-1.289389090854779,1.4785371588345566,0.02464573613354859,0.02364573613354859,-0.01957022904013761,0.0432159651736862
COST,2024-07-12,2024-07-17,2024-07-24,idiosyncratic,-2.5328813843497073,-0.23630802628929176,1.5708717086406543,-0.0182682987292212,-0.0192682987292212,-0.02799239034951506,0.008724091620293861
COST,2024-07-24,2024-07-29,2024-08-05,market_wide,-4.117180458507968,-4.904497663686219,1.02138511095204,-0.016835088675019705,-0.017835088675019706,-0.05033207137466633,0.032496982699646626
COST,2024-09-03,2024-09-06,2024-09-13,market_wide,-2.834489655086436,-5.290765469699626,1.1304639831716605,0.04485103675949054,0.043851036759490536,0.03415017219440708,0.009700864565083456
COST,2024-09-27,2024-10-02,2024-10-09,idiosyncratic,-4.027777940912959,-0.16421133291451862,1.6697479762312768,0.03479660685163233,0.03379660685163233,0.019810457733197007,0.01398614911843532
COST,2024-10-21,2024-10-24,2024-10-31,idiosyncratic,-2.5349036442603246,-0.18109195883098914,0.7221873457222787,-0.021535325659976512,-0.022535325659976513,-0.016320431892280385,-0.006214893767696128
COST,2024-10-29,2024-11-01,2024-11-08,market_wide,-2.9142336185304067,-1.2573144761473376,0.9313380161275981,0.07578840688575816,0.07478840688575816,0.05003620791104679,0.02475219897471137
COST,2024-12-18,2024-12-23,2024-12-31,market_wide,-6.761601149225458,-11.988315503919603,1.306784943658595,-0.035413858975139156,-0.03641385897513916,-0.009170491242484813,-0.027243367732654344
COST,2024-12-30,2025-01-03,2025-01-13,market_wide,-3.9611783157637865,-2.187546180824139,0.7837843468116577,0.00885902488199597,0.007859024881995968,0.002903593299557583,0.0049554315824383854
COST,2025-02-21,2025-02-26,2025-03-05,market_wide,-3.303500145770804,-3.303537264498875,1.021926147648439,0.015291191526631165,0.014291191526631164,-0.009479179560645923,0.023770371087277087
COST,2025-03-18,2025-03-21,2025-03-28,market_wide,-2.57275785355761,-2.1390318155383783,0.6943118612139957,0.02243574033840523,0.02143574033840523,-0.013120758075254035,0.034556498413659265
COST,2025-06-13,2025-06-18,2025-06-26,market_wide,-2.7851696510213877,-1.4127947666186713,0.7367014255543822,0.00821603290171491,0.007216032901714909,0.022207336504748376,-0.014991303603033468
COST,2025-07-09,2025-07-14,2025-07-21,idiosyncratic,-3.476533591498021,-0.20977628461834072,1.523036275424325,-0.0339989617632952,-0.0349989617632952,-0.017489892527323025,-0.017509069235972174
COST,2025-07-17,2025-07-22,2025-07-29,idiosyncratic,-3.1674835402483716,1.0639919574641743,1.1111056977905531,-0.007476579378100756,-0.008476579378100757,-0.002334762264160295,-0.006141817113940462
COST,2025-07-25,2025-07-30,2025-08-06,idiosyncratic,-3.0774920873624714,0.6392916580771247,0.8767334877942312,0.04570501545938854,0.04470501545938854,-0.01416064372486825,0.05886565918425679
COST,2025-08-22,2025-08-27,2025-09-04,idiosyncratic,-4.427205483979042,0.09738798574253729,1.568392098024506,0.006719147173976037,0.005719147173976037,-0.011283720945236442,0.017002868119212478
COST,2025-09-18,2025-09-23,2025-09-30,idiosyncratic,-3.321348925670505,0.25744623205587547,1.0528966114257585,-0.019044110107672818,-0.02004411010767282,-0.008794708159306053,-0.011249401948366766
COST,2025-09-26,2025-10-01,2025-10-08,market_wide,-5.856163469873994,-1.4675622811789144,1.9335593819552135,-0.002768877744551146,-0.003768877744551146,0.010126570601941998,-0.013895448346493144
COST,2025-10-27,2025-10-30,2025-11-06,idiosyncratic,-3.055984175236021,1.5101853900863984,0.969863067716908,0.0051148936300806636,0.0041148936300806635,-0.003209193145293887,0.007324086775374551
COST,2025-11-18,2025-11-21,2025-12-01,market_wide,-4.870615728127242,-3.8735445739502197,1.2375199018176994,0.014404701044149926,0.013404701044149925,0.023568199827993963,-0.010163498783844038
COST,2025-12-08,2025-12-11,2025-12-18,idiosyncratic,-2.76897235227916,-0.2445555361722186,0.9852613833513372,-0.030402055276804396,-0.0314020552768044,-0.01749628465274211,-0.013905770624062286
COST,2025-12-16,2025-12-19,2025-12-29,market_wide,-3.2405772031034794,-3.827721286911332,1.262474295887999,0.014282062220505098,0.013282062220505098,0.015292519432370533,-0.002010457211865435
COST,2026-03-18,2026-03-23,2026-03-30,market_wide,-3.6750120330277993,-3.356418439449131,0.7926482209070362,0.03194481934593996,0.030944819345939956,-0.019615511456172685,0.05056033080211264
COST,2026-04-13,2026-04-16,2026-04-23,idiosyncratic,-3.1815977546961283,0.36507462002096414,1.2109807037701203,0.02752196460547429,0.02652196460547429,0.013419122259093585,0.013102842346380705
COST,2026-05-29,2026-06-03,2026-06-10,idiosyncratic,-4.051401242297113,0.2886678006294963,3.0447308567096285,0.022394799717903258,0.021394799717903257,-0.03230690294704608,0.053701702664949336
COST,2026-06-17,2026-06-23,2026-06-30,market_wide,-2.808821067660506,-1.584296781505904,0.941893753602939,-0.02319152605925212,-0.024191526059252122,-0.0042253126618212455,-0.019966213397430876
COST,2026-07-09,2026-07-14,2026-07-21,idiosyncratic,-4.680001528954871,0.058813652706855284,1.5313139072222952,0.008104136502643966,0.007104136502643966,0.01981496695913587,-0.012710830456491906
COST,2026-08-11,2026-08-14,2026-08-21,idiosyncratic,-3.1331102237664905,-0.16615898980505697,0.9000609567207283,-0.013900723848648044,-0.014900723848648045,0.0039640153195052985,-0.018864739168153344
COST,2026-08-27,2026-09-01,2026-09-09,market_wide,-3.6297252120909516,-1.2911161730283152,1.3271074556465472,-0.039746420606604826,-0.04074642060660483,-0.003433753451316912,-0.037312667155287915
COST,2026-09-08,2026-09-11,2026-09-18,market_wide,-3.5954981849524814,-2.0201104005350623,1.193790092753685,-0.010455719982363387,-0.011455719982363388,-0.00460473119975624,-0.006850988782607148
QCOM,2015-12-11,2015-12-16,2015-12-23,market_wide,-2.982843829115948,-4.705087951252978,0.799789970085528,0.020178871116438124,0.019178871116438123,-0.0011802516877561509,0.020359122804194274
QCOM,2016-01-07,2016-01-12,2016-01-20,market_wide,-6.756169848124312,-4.912734125741212,1.9404504136886982,-0.012682951598891323,-0.013682951598891324,-0.0469445270320219,0.033261575433130575
QCOM,2016-03-16,2016-03-21,2016-03-29,idiosyncratic,-4.108198586335608,0.37753108401969343,1.7862306420903658,-0.029113008839899646,-0.030113008839899646,-0.0029047146674339164,-0.02720829417246573
QCOM,2016-03-28,2016-03-31,2016-04-07,market_wide,-4.08394621646561,-1.0893251594803577,0.7133745531178856,-0.021704818369799872,-0.022704818369799873,-0.006785573894070529,-0.015919244475729344
QCOM,2016-04-05,2016-04-08,2016-04-15,market_wide,-3.4845308042860803,-2.0146973148261615,0.8093762308750032,0.009889382761565146,0.008889382761565146,0.01973224227381154,-0.010842859512246394
QCOM,2016-04-29,2016-05-04,2016-05-11,market_wide,-3.9261692564535204,-4.541947163371555,1.1472851109929683,0.032877494123369155,0.031877494123369154,0.0028068613219589533,0.0290706328014102
QCOM,2016-06-13,2016-06-16,2016-06-23,market_wide,-6.531258132047247,-4.3252193384523805,1.2588297322486834,0.03987312380927399,0.03887312380927399,0.02818467683992565,0.010688446969348342
QCOM,2016-10-13,2016-10-18,2016-10-25,market_wide,-3.4933221983225176,-3.3190515030853467,0.48845878920052893,0.024357289430242623,0.023357289430242623,0.008808527108869368,0.014548762321373254
QCOM,2016-11-10,2016-11-15,2016-11-22,idiosyncratic,-3.7973397685212027,0.2178760923223697,1.2895989157571452,0.023064688934302913,0.022064688934302912,0.008261859092565382,0.01380282984173753
QCOM,2016-12-20,2016-12-23,2017-01-03,idiosyncratic,-2.8533927307911697,-0.01516562502367279,0.8125310681865416,-0.021836597874349994,-0.022836597874349995,-0.0024137205412952945,-0.0204228773330547
QCOM,2016-12-29,2017-01-04,2017-01-11,market_wide,-3.2393121179661115,-3.144049900659517,0.5026833412794465,0.009622502242849995,0.008622502242849994,0.006782353297053012,0.0018401489457969822
QCOM,2017-01-26,2017-01-31,2017-02-07,idiosyncratic,-2.694909838517397,-0.23013406193657107,1.4986703563634811,-0.0029944803795699526,-0.003994480379569953,0.007668170262319807,-0.01166265064188976
QCOM,2017-02-03,2017-02-08,2017-02-15,idiosyncratic,-3.3116728900091625,-0.2096777010167352,0.3592497144755491,0.06806618465414638,0.06706618465414638,0.02291472506749148,0.044151459586654895
QCOM,2017-03-21,2017-03-24,2017-03-31,market_wide,-3.2042136727466275,-5.436602080457501,1.0323062367351115,0.007378603912634452,0.006378603912634452,0.00969468857972089,-0.0033160846670864377
QCOM,2017-04-03,2017-04-06,2017-04-13,market_wide,-3.728247946293806,-1.2498071278435154,1.5930315839734857,-0.06615934607378293,-0.06715934607378293,-0.017145613821651362,-0.05001373225213157
QCOM,2017-04-12,2017-04-18,2017-04-25,market_wide,-6.696343921830954,-5.573527785844102,3.0599019488196015,0.006265586444809124,0.005265586444809124,0.022833412620020033,-0.01756782617521091
QCOM,2017-04-25,2017-04-28,2017-05-05,idiosyncratic,-2.5590434156718502,1.0879003069309792,0.7857701302883203,0.02214402486716116,0.02114402486716116,0.009191162930849872,0.011952861936311288
QCOM,2017-06-15,2017-06-20,2017-06-27,market_wide,-2.898652872029015,-1.7301147319574077,0.5711273137530907,-0.023947941551413887,-0.024947941551413888,0.006008928021345339,-0.030956869572759227
QCOM,2017-06-27,2017-06-30,2017-07-10,market_wide,-5.218508403969462,-5.685558648487389,0.8285639594618419,0.0076057577416503985,0.0066057577416503985,-0.0033240842034935048,0.009929841945143902
QCOM,2017-07-06,2017-07-11,2017-07-18,market_wide,-3.0067100665760926,-3.7089769085961857,0.7463984921775119,0.01735035684245756,0.01635035684245756,0.014315494499797854,0.0020348623426597046
QCOM,2017-07-20,2017-07-25,2017-08-01,idiosyncratic,-4.199125710228567,0.053503855339966655,5.95330294618427,0.002627693024679356,0.0016276930246793561,0.0032602080801764632,-0.001632515055497107
QCOM,2017-08-02,2017-08-07,2017-08-14,idiosyncratic,-3.036235428973061,0.04026022738338152,1.8959416795066806,0.016128935495425933,0.015128935495425933,-0.0013050386616351162,0.01643397415706105
QCOM,2017-08-17,2017-08-22,2017-08-29,market_wide,-3.1074609712192767,-3.4367620105350833,0.7986928849256324,0.0006471443697788626,-0.00035285563022113744,-0.0008888307866611322,0.0005359751564399948
QCOM,2017-08-25,2017-08-30,2017-09-07,market_wide,-2.7085131504374473,-1.4928156761035427,1.363454392170346,-0.03338430523774394,-0.03438430523774394,0.01860505679626101,-0.05298936203400495
QCOM,2017-09-05,2017-09-08,2017-09-15,market_wide,-8.152596389009823,-1.164815451322936,3.087659140709511,0.05136967283900784,0.05036967283900784,0.02192730294746159,0.02844236989154625
QCOM,2017-12-01,2017-12-06,2017-12-13,idiosyncratic,-2.8130837743529926,-0.24061691460600101,1.1552808340184366,-0.0012311693311535254,-0.0022311693311535255,0.014145063112639855,-0.01637623244379338
QCOM,2017-12-12,2017-12-15,2017-12-22,idiosyncratic,-2.8659961400369234,0.39382864977935983,0.559276792307196,-0.00046327532041978703,-0.001463275320419787,0.0035518948659598593,-0.005015170186379646
QCOM,2018-01-30,2018-02-02,2018-02-09,market_wide,-3.896356900336608,-1.6685858046402642,0.744447472093034,-0.03148194117902747,-0.032481941179027474,-0.05242723135659111,0.019945290177563635
QCOM,2018-03-06,2018-03-09,2018-03-16,market_wide,-2.738574625365256,-1.6637854051828154,1.5736992037687607,-0.03823572494813832,-0.03923572494813832,-0.0064893273081338965,-0.03274639764000442
QCOM,2018-03-27,2018-04-02,2018-04-09,market_wide,-2.514454388607884,-2.649722923725449,0.673661598834826,-0.007061902311581991,-0.008061902311581992,0.010445534716903015,-0.018507437028485008
QCOM,2018-04-23,2018-04-26,2018-05-03,market_wide,-3.710850620009443,-1.3072648115878798,1.1349846342453385,-0.003170172581207664,-0.004170172581207664,-0.02848258894861,0.024312416367402334
QCOM,2018-06-19,2018-06-22,2018-06-29,market_wide,-3.7912675288524764,-1.9886710835197519,0.9049229912046802,-0.040683896589735036,-0.04168389658973504,-0.018557634880931873,-0.023126261708803164
QCOM,2018-06-27,2018-07-02,2018-07-10,market_wide,-4.410849348245572,-3.612512546452834,1.3833320668026725,0.0389818779915021,0.0379818779915021,0.029655452217843603,0.008326425773658497
QCOM,2018-09-26,2018-10-01,2018-10-08,market_wide,-3.229065587836663,-1.6008657076262898,0.7155356549530877,-0.023002448768347783,-0.024002448768347784,-0.017967657397675363,-0.006034791370672421
QCOM,2018-10-24,2018-10-29,2018-11-05,market_wide,-4.293567610175437,-5.515119565730182,1.4974721196732808,0.02091062117788911,0.01991062117788911,0.04429575222163207,-0.024385131043742958
QCOM,2018-11-12,2018-11-15,2018-11-23,market_wide,-3.6747611002144485,-1.5620206351479455,1.4744048627775463,-0.002527660471098536,-0.0035276604710985362,-0.04009599304761147,0.03656833257651293
QCOM,2018-11-21,2018-11-27,2018-12-04,market_wide,-2.8654839659700144,-3.0652116285599953,0.5228437590761025,0.03886968476955199,0.03786968476955199,0.010654941357606695,0.027214743411945297
QCOM,2019-01-15,2019-01-18,2019-01-28,idiosyncratic,-2.974018255283441,0.2814169519512627,1.5119491834290772,-0.08377045378744874,-0.08477045378744874,-0.010351382413984478,-0.07441907137346426
QCOM,2019-01-29,2019-02-01,2019-02-08,market_wide,-3.328402648764325,-1.1563437200997124,1.2187184493407768,0.01370726308452741,0.01270726308452741,0.0027034283228526412,0.010003834761674768
QCOM,2019-04-10,2019-04-15,2019-04-23,idiosyncratic,-3.4170416983748755,-0.15526550433944017,1.511985440876273,0.5166141595357878,0.5156141595357878,0.03166063736771618,0.48395352216807164
QCOM,2019-05-07,2019-05-10,2019-05-17,market_wide,-3.5428276208928904,-6.097424121685358,0.7771543032765483,-0.05055936748579981,-0.05155936748579981,-0.018682096092299205,-0.03287727139350061
QCOM,2019-05-24,2019-05-30,2019-06-06,market_wide,-2.990830937514286,-2.275324268534357,0.8611463779990367,0.024295055176555058,0.023295055176555057,0.032470772814118254,-0.009175717637563197
QCOM,2019-09-20,2019-09-25,2019-10-02,market_wide,-5.289579558745251,-1.1986738232391592,1.5826035059473413,-0.042325082558734906,-0.043325082558734906,-0.038732877306349334,-0.004592205252385573
QCOM,2019-11-21,2019-11-26,2019-12-04,market_wide,-4.00904097161216,-1.1521973084605426,0.6680534684261987,-0.02261099560047819,-0.02361099560047819,-0.012588074200915567,-0.011022921399562624
QCOM,2020-12-22,2020-12-28,2021-01-05,market_wide,-2.566022174718359,-1.4318965794767187,0.5733239631772804,0.03174492284158492,0.03074492284158492,0.011543286871379399,0.01920163597020552
QCOM,2021-02-04,2021-02-09,2021-02-17,idiosyncratic,-4.093518282567827,0.3686724177251583,5.762337214704251,-0.009308166308661048,-0.010308166308661049,0.003655222414308712,-0.01396338872296976
QCOM,2021-06-18,2021-06-23,2021-06-30,market_wide,-3.4726574386318374,-7.107473890306415,1.84656816256796,0.05467825744373278,0.05367825744373278,0.018805090928809998,0.03487316651492278
QCOM,2021-07-16,2021-07-21,2021-07-28,market_wide,-2.6995854714201766,-2.61682634481491,0.8584089035449299,0.0018990514840400152,0.0008990514840400152,-0.005726332939284595,0.00662538442332461
QCOM,2021-08-18,2021-08-23,2021-08-30,market_wide,-5.17161246572277,-3.3817276171115336,1.1475444319598092,0.012487585808504065,0.011487585808504064,0.006433123782631611,0.005054462025872453
QCOM,2021-09-09,2021-09-14,2021-09-21,market_wide,-3.2190479288315705,-2.0173485448585704,0.9951182816094079,-0.06652957801548331,-0.06752957801548332,-0.015745111320572658,-0.05178446669491066
QCOM,2021-09-17,2021-09-22,2021-09-29,market_wide,-4.876214838212676,-3.276858177342188,2.236027230956003,-0.02804287430365071,-0.029042874303650712,0.005058848670836946,-0.03410172297448766
QCOM,2021-09-28,2021-10-01,2021-10-08,market_wide,-3.635970655248876,-2.8177769508530273,1.1836988499598824,-0.016782022835446164,-0.017782022835446165,0.007715694598681377,-0.025497717434127543
QCOM,2021-12-01,2021-12-06,2021-12-13,market_wide,-3.416639519687554,-3.915709824408554,0.6877248195625021,0.04485642293438863,0.04385642293438863,0.024585198620513005,0.019271224313875623
QCOM,2022-05-11,2022-05-16,2022-05-23,market_wide,-3.2852460413374414,-3.5950604774589703,0.8495644203962065,-0.013367395422287154,-0.014367395422287155,-0.02294727801747909,0.008579882595191934
QCOM,2022-05-19,2022-05-24,2022-06-01,market_wide,-2.855899260938403,-3.0755066891598606,0.8081817422630241,0.09513009224304891,0.09413009224304891,0.03778659224291214,0.05634350000013677
QCOM,2022-09-02,2022-09-08,2022-09-15,market_wide,-3.345244942968633,-3.0906714673107865,0.9316632168513332,-0.03003485049658472,-0.03103485049658472,-0.029072455814880716,-0.001962394681704005
QCOM,2022-09-15,2022-09-20,2022-09-27,market_wide,-3.0825725777497786,-3.2124712535337285,1.043728408984381,-0.03550527324254238,-0.03650527324254238,-0.047549033351234504,0.011043760108692124
QCOM,2022-09-23,2022-09-28,2022-10-05,market_wide,-3.6288053440972323,-3.7871101313952855,1.3512251894394616,0.0501134160545027,0.0491134160545027,0.030669859849870473,0.018443556204632228
QCOM,2022-12-19,2022-12-22,2022-12-30,market_wide,-3.74713601552294,-3.8965898611957286,0.9417496572217641,-0.006685975578682779,-0.007685975578682779,0.008844265192032408,-0.016530240770715188
QCOM,2023-02-09,2023-02-14,2023-02-22,market_wide,-3.7016356335819154,-1.9514113291161586,0.6083585862884966,-0.0633973573236366,-0.0643973573236366,-0.033649953261493004,-0.030747404062143602
QCOM,2023-02-22,2023-02-27,2023-03-06,market_wide,-3.6825522310420036,-3.5539899389317955,0.9126470203922308,-0.0021251091923456533,-0.0031251091923456533,0.019469415642905608,-0.022594524835251262
QCOM,2023-03-10,2023-03-15,2023-03-22,market_wide,-3.899499126579698,-4.723587465033564,0.9685810839329076,0.05610890200835139,0.05510890200835139,0.011570691541282319,0.04353821046706907
QCOM,2023-04-17,2023-04-20,2023-04-27,idiosyncratic,-3.6469739391202207,0.25120720846527916,1.0949499810925092,-0.039784187014572425,-0.040784187014572426,-0.016013049450589234,-0.024771137563983192
QCOM,2023-08-15,2023-08-18,2023-08-25,market_wide,-3.331212491653014,-4.153668296444291,0.648705830162603,0.001998192992827663,0.0009981929928276631,-0.0023145787581448918,0.003312771750972555
QCOM,2024-01-03,2024-01-08,2024-01-16,market_wide,-3.920492620278181,-3.083655025253418,1.335703669641904,0.015032853826213888,0.014032853826213887,-0.007440412061395452,0.02147326588760934
QCOM,2024-10-01,2024-10-04,2024-10-11,market_wide,-3.352606026654766,-1.114088200153844,0.851782831187995,0.006394247289743582,0.005394247289743582,0.021626744070149195,-0.016232496780405614
QCOM,2024-10-31,2024-11-05,2024-11-12,market_wide,-4.66249217304641,-7.226437898494814,1.5173274500641758,-0.015068538782964436,-0.016068538782964437,0.03059458645781965,-0.04666312524078409
QCOM,2024-11-12,2024-11-15,2024-11-22,idiosyncratic,-2.9613836460264253,-0.15621710994264656,0.8305235745614035,-0.023115311601616728,-0.02411531160161673,0.017695238739072083,-0.04181055034068881
QCOM,2025-02-12,2025-02-18,2025-02-25,market_wide,-2.559999509252757,-1.1273914296855514,0.6554888575109116,-0.07152734067537625,-0.07252734067537625,-0.009598361520921528,-0.06292897915445472
QCOM,2025-02-27,2025-03-04,2025-03-11,market_wide,-3.6813027315093807,-3.784725336594829,1.4074752260553265,-0.003460279665848609,-0.004460279665848609,-0.026480194463662232,0.022019914797813622
QCOM,2025-03-28,2025-04-02,2025-04-09,market_wide,-5.663855764454806,-3.8459175142391007,1.4390300182500892,-0.06808152571415182,-0.06908152571415183,-0.05396271065861025,-0.015118815055541579
QCOM,2025-07-14,2025-07-17,2025-07-24,idiosyncratic,-5.064491573705254,-0.2797446408402476,0.8995853372927144,0.040823023825346416,0.039823023825346415,-0.007814428361435088,0.047637452186781504
QCOM,2025-07-31,2025-08-05,2025-08-12,market_wide,-5.479537434741679,-1.320022145755903,3.06819422945831,0.04784936982587307,0.046849369825873066,0.021051094092136458,0.02579827573373661
QCOM,2025-09-30,2025-10-03,2025-10-10,idiosyncratic,-2.5560052287874444,-0.21798631608442842,0.6560101521890072,-0.09215034033541603,-0.09315034033541603,-0.025749821818965124,-0.0674005185164509
QCOM,2025-11-06,2025-11-11,2025-11-18,market_wide,-2.5318002875367718,-3.26191724380625,0.8817150642871269,-0.05127020797625503,-0.052270207976255034,-0.021605373073850243,-0.03066483490240479
QCOM,2025-12-17,2025-12-22,2025-12-30,market_wide,-3.3914662730758267,-5.767986102723443,1.089226117648566,-0.0032717747009383125,-0.0042717747009383125,0.006050952654527375,-0.010322727355465688
QCOM,2026-01-21,2026-01-26,2026-02-02,market_wide,-2.536791957011014,-1.9742233874507564,0.8852822868338135,-0.012296194650600722,-0.013296194650600723,0.00919037299305736,-0.022486567643658084
QCOM,2026-03-03,2026-03-06,2026-03-13,market_wide,-4.076367599915236,-3.939636472308216,1.082152578463991,-0.043260373644815275,-0.044260373644815276,-0.0014540210561320155,-0.04280635258868326
QCOM,2026-03-12,2026-03-17,2026-03-24,market_wide,-4.260373060353038,-4.342100124093434,0.9303421211613538,-0.022190036857404505,-0.023190036857404506,-0.024502131865785537,0.0013120950083810312
QCOM,2026-03-20,2026-03-25,2026-04-01,market_wide,-2.8188538362967073,-4.1101855485777214,8.087529118213514,-0.02355190895333903,-0.02455190895333903,0.0009195873041074609,-0.02547149625744649
QCOM,2026-03-30,2026-04-02,2026-04-10,market_wide,-3.243793268565044,-3.587352868335035,0.6945745063225099,0.009936829112539458,0.008936829112539457,0.018514909302425275,-0.009578080189885818
QCOM,2026-07-16,2026-07-21,2026-07-28,market_wide,-4.114949491123857,-1.1252079830920616,1.1431306886546164,-0.06121038501639453,-0.06221038501639453,0.009737576793579006,-0.07194796180997354
QCOM,2026-08-18,2026-08-21,2026-08-28,market_wide,-2.6960227347058994,-3.6749454467996285,1.2459521609298128,0.021399736549911008,0.020399736549911007,0.004467478244114531,0.015932258305796476
MU,2015-12-15,2015-12-18,2015-12-28,market_wide,-2.6572308671122613,-2.0012171289944103,1.2785947337312138,-0.011838378029495944,-0.012838378029495945,0.02602722925270773,-0.038865607282203674
MU,2016-03-28,2016-03-31,2016-04-07,market_wide,-3.212623154436752,-1.0893251594803577,1.0649703141408495,0.0038200443037708087,0.0028200443037708087,-0.006785573894070529,0.009605618197841337
MU,2016-05-04,2016-05-09,2016-05-16,market_wide,-3.4507074497175205,-3.9414096148142868,1.4566519233079207,-0.019250247470058324,-0.020250247470058325,0.0013763374318709332,-0.021626584901929258
MU,2016-05-12,2016-05-17,2016-05-24,market_wide,-3.7441122503030067,-1.6023362177214784,1.471019554323336,0.18821086311095048,0.18721086311095048,0.01989649427758211,0.16731436883336837
MU,2016-06-10,2016-06-15,2016-06-22,market_wide,-2.650713282633654,-2.2876437004963797,0.7313697597385541,0.058236036775344724,0.05723603677534472,0.013485865796307506,0.04375017097903722
MU,2016-10-11,2016-10-14,2016-10-21,market_wide,-6.8869060216323845,-4.844426378310692,1.1263982635746255,-0.01109142317017664,-0.01209142317017664,0.005753755160749607,-0.017845178330926248
MU,2017-02-14,2017-02-17,2017-02-27,idiosyncratic,-5.436035509884816,0.5366683033835574,2.3735242524215265,0.017558749754560177,0.016558749754560176,0.0075016160187357794,0.009057133735824396
MU,2017-04-11,2017-04-17,2017-04-24,market_wide,-4.811135805189382,-3.1717983799480116,1.676070684419508,-0.02064110583460299,-0.02164110583460299,0.014197523544027035,-0.03583862937863003
MU,2017-08-01,2017-08-04,2017-08-11,idiosyncratic,-2.64311872991836,-0.22008887631148635,0.9891594689124664,0.003223302946061102,0.0022233029460611018,-0.01125878785197254,0.013482090798033641
MU,2017-12-12,2017-12-15,2017-12-22,idiosyncratic,-2.8501554049080884,0.39382864977935983,0.5279432498481984,0.04056600892535789,0.03956600892535789,0.0035518948659598593,0.03601411405939803
MU,2018-04-30,2018-05-03,2018-05-10,market_wide,-3.5000896743055745,-2.40396445387288,1.2186276364850577,0.12955820529817985,0.12855820529817985,0.041280587003438285,0.08727761829474157
MU,2018-06-15,2018-06-20,2018-06-27,idiosyncratic,-3.3663174255164767,-0.2920984932884861,0.9561503013115916,-0.1134861141028699,-0.11448611410286991,-0.024289924277823505,-0.0901961898250464
MU,2018-07-24,2018-07-27,2018-08-03,idiosyncratic,-3.9998621836349693,0.4864932083127101,1.1787575569323145,-0.021311989903721296,-0.022311989903721297,-0.0024122953176944906,-0.019899694586026806
MU,2018-08-03,2018-08-08,2018-08-15,idiosyncratic,-2.813679464110294,-0.28723977716772936,0.706297298960192,-0.11050762348556276,-0.11150762348556276,-0.015092557725679634,-0.09641506575988312
MU,2018-08-15,2018-08-20,2018-08-27,market_wide,-6.2883030421918225,-2.426630810763209,2.129473109714724,0.08321186618542598,0.08221186618542597,0.022348481187355107,0.05986338499807087
MU,2018-10-09,2018-10-12,2018-10-19,market_wide,-4.226044420566356,-2.955184916962741,1.0392138987503328,-0.04756304844685455,-0.04856304844685455,-0.005293618010629664,-0.04326943043622489
MU,2018-11-19,2018-11-23,2018-11-30,market_wide,-3.5226390571860353,-3.2661267906342677,1.3108779842977265,0.05934099805283255,0.05834099805283255,0.05643439136973538,0.0019066066830971673
MU,2019-05-28,2019-05-31,2019-06-07,market_wide,-3.1517842185589253,-3.5447686046909417,0.9730688192798423,0.04231831747606285,0.04131831747606285,0.05669939466216389,-0.015381077186101044
MU,2019-08-05,2019-08-08,2019-08-15,market_wide,-3.758770684036761,-5.832836851481704,1.1571300408893475,-0.00914846018111004,-0.010148460181110042,-0.02473930765939103,0.014590847478280988
MU,2019-09-20,2019-09-25,2019-10-02,market_wide,-2.5683523086442364,-1.1986738232391592,1.2161737741655223,-0.15140492479857204,-0.15240492479857204,-0.038732877306349334,-0.1136720474922227
MU,2019-11-08,2019-11-13,2019-11-20,idiosyncratic,-4.019098731838511,0.3341679880522447,1.1241876883758624,-0.01576663561037861,-0.01676663561037861,0.003732319906436743,-0.020498955516815354
MU,2020-01-27,2020-01-30,2020-02-06,market_wide,-3.714455420772941,-3.875698890988621,1.1936853359068937,0.06632744060813023,0.06532744060813023,0.015274406725703793,0.050053033882426434
MU,2020-06-24,2020-06-29,2020-07-07,market_wide,-3.3768336222568474,-2.622538455154364,0.937373116798924,-0.0012207859623463158,-0.0022207859623463158,0.02360381682867896,-0.025824602791025275
MU,2020-08-06,2020-08-11,2020-08-18,idiosyncratic,-4.703671486104099,0.5827520506003382,1.7479612356608039,-0.07035155381639702,-0.07135155381639702,0.006742413740818076,-0.0780939675572151
MU,2020-10-28,2020-11-02,2020-11-09,market_wide,-4.773104059823284,-6.301408518172243,1.0293405010477323,0.1257292626179598,0.1247292626179598,0.08062151643131532,0.04410774618664448
MU,2020-12-22,2020-12-28,2021-01-05,market_wide,-3.003259314569824,-1.4318965794767187,0.7299233770882508,0.0934047901505013,0.09240479015050129,0.011543286871379399,0.0808615032791219
MU,2021-04-30,2021-05-05,2021-05-12,market_wide,-2.507944055869755,-1.1251456614869821,0.7804912855216858,-0.09806241548398997,-0.09906241548398997,-0.019059042513491886,-0.08000337297049809
MU,2021-07-07,2021-07-12,2021-07-19,idiosyncratic,-3.116337445549126,0.1976140949242075,0.9459083647548913,-0.0625943017757129,-0.0635943017757129,-0.023783626169632366,-0.03981067560608054
MU,2021-08-12,2021-08-17,2021-08-24,idiosyncratic,-4.481790916533315,0.6589414359341262,3.418262887730592,0.016953961906423176,0.015953961906423175,-0.005936998810714078,0.021890960717137253
MU,2021-09-29,2021-10-04,2021-10-11,market_wide,-3.6935379003890967,-2.3822598329087787,2.0893702089085564,-0.019824567129321014,-0.020824567129321014,0.010476168981281786,-0.0313007361106028
MU,2021-10-12,2021-10-15,2021-10-22,market_wide,-6.1741841956104455,-1.581852441722301,1.905047239486079,-0.0025117500911401303,-0.0035117500911401303,0.02114338366437929,-0.02465513375551942
MU,2022-01-21,2022-01-26,2022-02-02,market_wide,-4.377827561337558,-4.096457016615061,1.5522294660491103,0.030986861730585513,0.029986861730585512,0.053070466446527575,-0.023083604715942063
MU,2022-04-07,2022-04-12,2022-04-20,market_wide,-3.6012224448031547,-2.8915072270898188,0.6961084030022374,0.01723177515249863,0.01623177515249863,0.023663162910129376,-0.0074313877576307474
MU,2022-05-09,2022-05-12,2022-05-19,market_wide,-2.6633443282779177,-4.410257474264372,1.2688964204845155,0.024959418340676942,0.02395941834067694,-0.02741915488792157,0.05137857322859851
MU,2022-06-17,2022-06-23,2022-06-30,market_wide,-2.5613383417864037,-2.576322607108142,1.209142878895874,-0.01672006978855134,-0.01772006978855134,0.002197635000253495,-0.019917704788804835
MU,2022-08-29,2022-09-01,2022-09-09,market_wide,-2.9482311445047706,-3.20395527533587,0.945245069417809,0.0022680796898146838,0.0012680796898146838,0.021938635803300244,-0.02067055611348556
MU,2022-09-13,2022-09-16,2022-09-23,market_wide,-4.31731677395278,-2.8536227396088387,1.5843252281358047,-0.052033963827936014,-0.053033963827936015,-0.04652467698804508,-0.006509286839890938
MU,2022-09-22,2022-09-27,2022-10-04,market_wide,-3.186810379684157,-3.5997052206994846,1.0894691463584787,0.06682481087825476,0.06582481087825476,0.04454661953055705,0.021278191347697706
MU,2022-12-02,2022-12-07,2022-12-14,idiosyncratic,-2.8721536846595996,-0.14892069025210308,1.157138316723484,0.014306819143892646,0.013306819143892645,0.017946536796040746,-0.004639717652148101
MU,2022-12-22,2022-12-28,2023-01-05,market_wide,-3.109655625316295,-2.6425753311099216,2.612437646257436,0.11633764364501098,0.11533764364501098,0.018258186233608198,0.09707945741140278
MU,2023-02-08,2023-02-13,2023-02-21,market_wide,-2.97888136704648,-1.0802784174391555,0.6253118998291167,-0.04191618193539837,-0.04291618193539837,-0.036573528036995095,-0.006342653898403272
MU,2023-02-21,2023-02-24,2023-03-03,market_wide,-4.221827262960015,-5.481920981569055,1.118934302855568,-0.024063236806962207,-0.025063236806962208,0.01695547339166037,-0.04201871019862258
MU,2023-03-01,2023-03-06,2023-03-13,market_wide,-2.683245796596161,-2.8261278613722327,0.7852829248597617,-0.05155731592983137,-0.05255731592983137,-0.047991849158757205,-0.004565466771074167
MU,2023-03-10,2023-03-15,2023-03-22,market_wide,-3.585759468176582,-4.723587465033564,1.2030082204331634,0.07463495169412515,0.07363495169412515,0.011570691541282319,0.06206426015284283
MU,2023-06-21,2023-06-26,2023-07-03,market_wide,-2.6821670529048016,-1.0560278989028933,0.6409394281752232,-0.023682323838950303,-0.024682323838950304,0.019624296837657207,-0.04430662067660751
MU,2023-08-16,2023-08-21,2023-08-28,market_wide,-2.9897160066831203,-4.628470541961457,0.7493988768937745,0.021107113598928473,0.020107113598928472,0.005977070195769318,0.014130043403159154
MU,2023-09-15,2023-09-20,2023-09-27,market_wide,-3.404630747548059,-2.69956811203052,1.3977513165569004,-0.021096506383468272,-0.022096506383468273,-0.032316445235896274,0.010219938852428001
MU,2023-10-19,2023-10-24,2023-10-31,market_wide,-6.014205979187049,-2.6638377653192538,1.589315754418203,-0.017628732596115637,-0.018628732596115638,-0.00342054223974797,-0.015208190356367668
MU,2023-11-28,2023-12-01,2023-12-08,idiosyncratic,-2.5887890972037444,-0.08127222780900122,1.8888706585802695,-0.012774878371683784,-0.013774878371683785,0.0005888945517973365,-0.014363772923481122
MU,2024-02-06,2024-02-09,2024-02-16,idiosyncratic,-3.52816698775655,-0.10129481799041465,0.974998142367457,-0.07082741704726425,-0.07182741704726425,0.0021245080516374415,-0.0739519250989017
MU,2024-05-30,2024-06-04,2024-06-11,market_wide,-2.706528757334282,-5.073673263843472,0.8419315861062004,0.06656678479603118,0.06556678479603117,0.011136628774177648,0.054430156021853526
MU,2024-06-27,2024-07-02,2024-07-10,idiosyncratic,-4.8427942683647816,-0.14672826417879803,2.1063313807464157,0.02955955707085378,0.02855955707085378,0.009341403930156478,0.019218153140697303
MU,2024-12-20,2024-12-26,2025-01-03,market_wide,-3.0319200866308,-1.7862741088426322,1.451551655738689,0.001856651732741188,0.000856651732741188,-0.014201389241079942,0.01505804097382113
MU,2025-02-27,2025-03-04,2025-03-11,market_wide,-3.0377675153069625,-3.784725336594829,1.1408613066371491,-0.023574383456740344,-0.024574383456740345,-0.026480194463662232,0.001905811006921887
MU,2025-03-28,2025-04-02,2025-04-09,market_wide,-3.1361281555998968,-3.8459175142391007,0.6349545483376676,-0.12110605572580302,-0.12210605572580302,-0.05396271065861025,-0.06814334506719277
MU,2025-07-01,2025-07-07,2025-07-14,idiosyncratic,-2.5298607660386603,-0.0236424007624147,0.8185893085954219,-0.010923938092777474,-0.011923938092777475,0.0017978622198491223,-0.013721800312626597
MU,2025-07-23,2025-07-28,2025-08-04,idiosyncratic,-2.9270915342186994,2.2470138464319898,0.7313744871446869,-0.03128099371956783,-0.03228099371956783,-0.027767402903924987,-0.004513590815642843
MU,2025-08-21,2025-08-26,2025-09-03,market_wide,-2.6108445510294627,-2.188760384382058,0.6330084585946866,0.01905575701133566,0.01805575701133566,-0.010508292654402562,0.028564049665738223
HON,2015-12-02,2015-12-07,2015-12-14,market_wide,-2.711388495235064,-1.605867068221937,0.8050123158726097,-0.049913736896321836,-0.05091373689632184,-0.039937277890163436,-0.010976459006158401
HON,2016-01-07,2016-01-12,2016-01-20,market_wide,-6.059138126765016,-4.912734125741212,1.489375574983607,-0.02954526010453884,-0.03054526010453884,-0.0469445270320219,0.016399266927483058
HON,2016-01-15,2016-01-21,2016-01-28,market_wide,-2.640220748982852,-3.1614013929474543,1.4833016192626984,0.014391962964814375,0.013391962964814375,-0.007477918073151124,0.0208698810379655
HON,2016-04-07,2016-04-12,2016-04-19,market_wide,-2.5586971477131613,-2.039656655206109,1.1270013876941722,0.024506754962838828,0.023506754962838827,0.026456574133421062,-0.002949819170582235
HON,2016-05-04,2016-05-09,2016-05-16,market_wide,-4.138131826183669,-3.9414096148142868,1.0244932981804564,0.014846295277934463,0.013846295277934462,0.0013763374318709332,0.012469957846063529
HON,2016-05-13,2016-05-18,2016-05-25,market_wide,-2.6942899415322534,-3.2720799817894277,0.9098709915887044,0.018014286238656307,0.017014286238656307,0.02997246095291639,-0.012958174714260084
HON,2016-06-24,2016-06-29,2016-07-07,market_wide,-5.389059055722148,-5.882161727551639,1.4418916477902228,0.014415173764209088,0.013415173764209087,0.011229538436141606,0.002185635328067481
HON,2016-07-22,2016-07-27,2016-08-03,idiosyncratic,-11.388104695620175,0.10621816323211675,3.8078981625531103,0.00913330110674182,0.00813330110674182,-0.008921839095132111,0.01705514020187393
HON,2016-08-04,2016-08-09,2016-08-16,market_wide,-2.701869750565373,-1.6622944779702673,0.34460939058298984,-0.0002577316043744782,-0.0012577316043744782,0.007111133560870231,-0.00836886516524471
HON,2016-09-01,2016-09-07,2016-09-14,market_wide,-2.5544024906180156,-2.6645898524348968,1.5047982433717295,-0.0018381946676518934,-0.0028381946676518935,-0.026479225607167756,0.02364103093951586
HON,2016-10-07,2016-10-12,2016-10-19,market_wide,-20.438967898081756,-2.088532084189559,7.255128956993157,0.0078188497840046,0.0068188497840046,0.0020918741230169235,0.0047269756609876765
HON,2016-10-20,2016-10-25,2016-11-01,market_wide,-2.7734787567503885,-1.8394717735056196,0.5986494565328428,0.0007333778194817953,-0.00026662218051820476,-0.012817884451904349,0.012551262271386143
HON,2016-12-28,2017-01-03,2017-01-10,market_wide,-4.149117061423262,-3.3707915918422944,0.7446026375770367,0.01437410647251891,0.01337410647251891,0.0045030091335618305,0.008871097338957079
HON,2017-01-23,2017-01-26,2017-02-02,market_wide,-3.1961557928014517,-2.6067583388035525,0.72649921641017,0.00016955744756308455,-0.0008304425524369155,-0.009150867086911818,0.008320424534474902
HON,2017-03-21,2017-03-24,2017-03-31,market_wide,-3.3724167851307345,-5.436602080457501,0.8550946527231116,0.0008016963270538469,-0.00019830367294615316,0.00969468857972089,-0.009892992252667043
HON,2017-04-03,2017-04-06,2017-04-13,market_wide,-3.913852743252309,-1.2498071278435154,1.333838520168516,-0.010740634474028954,-0.011740634474028955,-0.017145613821651362,0.005404979347622407
HON,2017-04-12,2017-04-18,2017-04-25,market_wide,-3.850465960231385,-5.573527785844102,1.273290508460853,0.050536213282342146,0.049536213282342145,0.022833412620020033,0.026702800662322113
HON,2017-05-17,2017-05-22,2017-05-30,market_wide,-3.826495016539057,-7.704275345697817,1.1251157072311413,0.008267260498871831,0.007267260498871831,0.015040942185524653,-0.007773681686652822
HON,2017-06-23,2017-06-28,2017-07-06,market_wide,-2.702371105067042,-2.1724482368484486,2.546667618535016,-0.00447877804772856,-0.00547877804772856,-0.018579750445957832,0.013100972398229271
HON,2017-08-11,2017-08-16,2017-08-23,market_wide,-2.620829099683541,-3.2748650852016152,0.7801002622238417,-0.012094293819240098,-0.0130942938192401,-0.010756248572911242,-0.002338045246328857
HON,2017-12-29,2018-01-04,2018-01-11,market_wide,-2.9327733586062052,-1.2468337831352165,0.5440931581523867,0.022135897031495322,0.02113589703149532,0.019693939846967323,0.0014419571845279977
HON,2018-01-30,2018-02-02,2018-02-09,market_wide,-2.6540937499874593,-1.6685858046402642,1.0920068778113527,-0.055857348509152915,-0.056857348509152916,-0.05242723135659111,-0.004430117152561808
HON,2018-02-09,2018-02-14,2018-02-22,market_wide,-2.8454519629402637,-2.540611304848514,1.3362485788119747,0.02443850533498315,0.02343850533498315,0.0007830846568872563,0.022655420678095894
HON,2018-03-01,2018-03-06,2018-03-13,market_wide,-4.890132131996726,-3.9812862610788233,1.441870666499305,0.014531480424093246,0.013531480424093245,0.013720401678839922,-0.00018892125474667676
HON,2018-03-27,2018-04-02,2018-04-09,market_wide,-2.679116804579261,-2.649722923725449,1.184205978911972,0.002808532447415857,0.0018085324474158568,0.010445534716903015,-0.00863700226948716
HON,2018-04-26,2018-05-01,2018-05-08,market_wide,-2.6507259736097364,-1.6180269512111007,0.7676860383552956,-0.001937642326905853,-0.002937642326905853,-0.0035839230160824576,0.0006462806891766046
HON,2018-06-20,2018-06-25,2018-07-02,market_wide,-3.7884759360357783,-2.486688643231638,0.8389075828905065,0.0053459571906324665,0.0043459571906324665,-0.0033070660986881384,0.007653023289320605
HON,2018-06-28,2018-07-03,2018-07-11,market_wide,-2.6311132378966104,-2.358838702602538,1.0019492129757404,-0.002897684326436556,-0.003897684326436556,0.026935318338156655,-0.030833002664593212
HON,2018-08-08,2018-08-13,2018-08-20,idiosyncratic,-2.562326626609326,-0.06618952152645508,0.5548001465150828,0.02546633425387612,0.02446633425387612,0.015124955257645789,0.009341378996230332
HON,2018-09-27,2018-10-02,2018-10-09,market_wide,-3.1484023007878355,-1.235680265375244,0.7533257083145692,-0.030657231596434298,-0.0316572315964343,-0.026155955575038692,-0.005501276021395607
HON,2018-10-10,2018-10-15,2018-10-22,market_wide,-6.417240088640877,-7.928389192617845,1.8216756592295285,-0.023045441727084004,-0.024045441727084005,-0.0015189622710246597,-0.022526479456059345
HON,2018-10-24,2018-10-29,2018-11-05,market_wide,-5.310781686601366,-5.515119565730182,1.0565226717285936,0.0433854730973815,0.0423854730973815,0.04429575222163207,-0.001910279124250569
HON,2018-11-20,2018-11-26,2018-12-03,market_wide,-5.087262258338299,-4.144082376798257,1.3479714400757734,0.04021790588248364,0.03921790588248364,0.052375147721283044,-0.013157241838799405
HON,2018-12-07,2018-12-12,2018-12-19,market_wide,-4.6257385222920675,-3.122144043623378,0.9397087057157818,-0.03637268627756851,-0.03737268627756851,-0.057576336723023536,0.020203650445455024
HON,2019-03-07,2019-03-12,2019-03-19,market_wide,-3.899562304682634,-5.750098745252852,1.2244647264585744,0.024364894435983997,0.023364894435983996,0.021473290486595298,0.0018916039493886982
HON,2019-05-07,2019-05-10,2019-05-17,market_wide,-3.5346540960042296,-6.097424121685358,1.3029981079496828,-0.009788680253359772,-0.010788680253359773,-0.018682096092299205,0.007893415838939433
HON,2019-05-23,2019-05-29,2019-06-05,market_wide,-3.1872558873153523,-2.7436613977979483,1.066294707938492,0.030662765899034383,0.029662765899034382,0.030989671413936826,-0.0013269055149024434
HON,2019-07-10,2019-07-15,2019-07-22,idiosyncratic,-2.5069215683929555,-0.059583489358007585,1.0563025875106435,-0.008170793161929701,-0.009170793161929702,-0.005683770073107608,-0.0034870230888220943
HON,2019-08-06,2019-08-09,2019-08-16,market_wide,-2.5444849633766204,-2.492352934057153,1.6842816360514956,-0.004865436331384698,-0.005865436331384698,0.0005389363117700441,-0.006404372643154742
HON,2019-08-14,2019-08-19,2019-08-26,market_wide,-2.716794183587675,-3.3374649653533885,0.91945907736345,-0.053961154345640416,-0.05496115434564042,-0.008097859827938425,-0.04686329451770199
HON,2019-08-23,2019-08-28,2019-09-05,market_wide,-6.848687615870699,-2.357182222410041,2.173014263081069,0.06781553037557608,0.06681553037557608,0.03434988092514879,0.03246564945042729
HON,2019-09-23,2019-09-26,2019-10-03,market_wide,-2.5846237421751135,-1.4355283367893803,0.7194076464034984,-0.032987947884751456,-0.03398794788475146,-0.02608118008790916,-0.007906767796842296
HON,2019-10-01,2019-10-04,2019-10-11,market_wide,-4.959884525554124,-4.151687520980794,1.1492047699730277,-0.0006113049826038663,-0.0016113049826038664,0.007575005106212451,-0.009186310088816318
HON,2019-11-21,2019-11-26,2019-12-04,market_wide,-4.056081155653936,-1.1521973084605426,1.2969427610991675,-0.029744380074979704,-0.030744380074979705,-0.012588074200915567,-0.018156305874064138
HON,2019-12-02,2019-12-05,2019-12-12,market_wide,-4.202993551994052,-2.224981856788815,1.1138467678163746,0.019424437708550846,0.018424437708550845,0.026840916461945863,-0.008416478753395018
HON,2020-01-28,2020-01-31,2020-02-07,market_wide,-2.8095952594460933,-1.8965473605181433,0.9226560944399852,0.011892088518619781,0.01089208851861978,0.030841835958467234,-0.019949747439847454
HON,2020-07-30,2020-08-04,2020-08-11,market_wide,-3.12466800470755,-1.3900336996830587,0.7800900447390742,0.08789811611334564,0.08689811611334564,0.018437141980155003,0.06846097413319063
HON,2020-09-09,2020-09-14,2020-09-21,market_wide,-2.789271638000717,-2.7327229151571126,0.5563878451966342,-0.04214375625803124,-0.04314375625803124,-0.015566238980057046,-0.027577517277974195
HON,2020-09-21,2020-09-24,2020-10-01,market_wide,-4.117472132157593,-4.0252783612876435,1.5609929246594372,0.03099007009089627,0.02999007009089627,0.02634421732627179,0.00364585276462448
HON,2020-12-21,2020-12-24,2021-01-04,market_wide,-2.7171641310987797,-1.1768549721099721,0.781742669095601,-0.0075406684765064735,-0.008540668476506474,0.0034250065566461263,-0.0119656750331526
HON,2021-01-05,2021-01-08,2021-01-15,market_wide,-3.00477867198869,-1.1156502713643492,0.9629979440526748,-0.019330519724613526,-0.020330519724613527,-0.002390967109336839,-0.017939552615276688
HON,2021-01-15,2021-01-21,2021-01-28,market_wide,-3.2096938478348935,-1.3372690118260693,1.540470386038273,-0.011645577998020906,-0.012645577998020907,-0.01906697646416855,0.006421398466147643
HON,2021-04-23,2021-04-28,2021-05-05,idiosyncratic,-4.848260532275574,-0.23382071616039532,1.9844916489630022,0.01489667591841437,0.01389667591841437,0.017781067895959568,-0.0038843919775451985
HON,2021-05-19,2021-05-24,2021-06-01,market_wide,-2.656395146718411,-2.368986117830025,1.1669912052925495,0.03533344962138307,0.03433344962138307,-0.0008997517928759358,0.03523320141425901
HON,2021-06-10,2021-06-15,2021-06-22,idiosyncratic,-2.815381686267039,0.6930575458088026,0.8991108952798911,-0.031505616405860026,-0.03250561640586003,-0.011260370620845506,-0.02124524578501452
HON,2021-06-18,2021-06-23,2021-06-30,market_wide,-3.8238661659250996,-7.107473890306415,2.5385723020429314,0.021848422259763467,0.020848422259763466,0.018805090928809998,0.0020433313309534684
HON,2021-08-19,2021-08-24,2021-08-31,market_wide,-2.770511481919064,-3.143896056130632,1.0236022558515891,0.0063793507671123795,0.0053793507671123795,0.00880700970749726,-0.0034276589403848803
HON,2021-09-09,2021-09-14,2021-09-21,market_wide,-2.8451508672091723,-2.0173485448585704,0.9990361774371146,-0.02402475011706795,-0.02502475011706795,-0.015745111320572658,-0.009279638796495293
HON,2021-09-17,2021-09-22,2021-09-29,market_wide,-3.5570852211810116,-3.276858177342188,1.905249329908864,-0.009676377519435841,-0.010676377519435842,0.005058848670836946,-0.01573522619027279
HON,2021-09-28,2021-10-01,2021-10-08,market_wide,-3.2107312602004354,-2.8177769508530273,0.9942981430971448,0.00950596222937694,0.00850596222937694,0.007715694598681377,0.0007902676306955625
HON,2021-11-30,2021-12-03,2021-12-10,market_wide,-3.7278901092789227,-4.358170009636211,2.2967132418498495,0.031007348980522043,0.03000734898052204,0.038793846132754384,-0.008786497152232342
HON,2022-01-24,2022-01-27,2022-02-03,market_wide,-3.300740425960733,-2.866778112035094,1.6862533981218453,-0.04440556626554304,-0.04540556626554304,0.03492718663190164,-0.08033275289744468
HON,2022-02-03,2022-02-08,2022-02-15,market_wide,-6.1859649848158895,-1.21470816658342,2.3844372580265967,-0.025853263910108226,-0.026853263910108227,-0.01510131033976403,-0.011751953570344198
HON,2022-02-11,2022-02-16,2022-02-24,market_wide,-3.2183500648031513,-3.571302204354869,1.3374687750212388,-0.030233765681468405,-0.031233765681468406,-0.03982949276100067,0.008595727079532267
HON,2022-04-05,2022-04-08,2022-04-18,market_wide,-2.513432875032625,-2.074940226600409,0.8964149336123711,0.010044193739753293,0.009044193739753292,-0.014344886015520197,0.02338907975527349
HON,2022-05-11,2022-05-16,2022-05-23,market_wide,-2.6920000197844307,-3.5950604774589703,0.662045965117042,-0.02258198561097069,-0.02358198561097069,-0.02294727801747909,-0.0006347075934916013
HON,2022-05-19,2022-05-24,2022-06-01,market_wide,-2.877391670274468,-3.0755066891598606,0.8454146363943625,0.010265285623036968,0.009265285623036967,0.03778659224291214,-0.028521306619875175
HON,2022-06-10,2022-06-15,2022-06-23,market_wide,-5.694503493311764,-5.689130211273002,1.29699814358012,-0.0562253025023457,-0.0572253025023457,-0.008340036659086114,-0.048885265843259584
HON,2022-06-22,2022-06-27,2022-07-05,market_wide,-3.140379563504112,-2.2163583315285478,0.8925648421843475,-0.03477451001152554,-0.03577451001152554,-0.018296497154446367,-0.017478012857079173
HON,2022-06-30,2022-07-06,2022-07-13,market_wide,-3.3113202738803187,-1.5648272248643045,0.8305477622130066,-0.013509546301686881,-0.014509546301686882,-0.0051218201802136765,-0.009387726121473206
HON,2022-07-11,2022-07-14,2022-07-21,market_wide,-2.8444457962947256,-1.2828064357616353,1.1884391261630147,0.062061623433298685,0.061061623433298684,0.054068056088470096,0.0069935673448285884
HON,2022-08-26,2022-08-31,2022-09-08,market_wide,-4.440446226425141,-3.5200621453769902,1.5238840444093826,-0.008080409426778234,-0.009080409426778235,0.012434848808956511,-0.021515258235734747
HON,2022-09-14,2022-09-19,2022-09-26,market_wide,-4.840371571187466,-2.56099915166551,1.7199633340690423,-0.04792004360029123,-0.04892004360029123,-0.06149294612860223,0.012572902528311003
HON,2022-09-22,2022-09-27,2022-10-04,market_wide,-2.8716577610283127,-3.5997052206994846,0.6149428483264476,0.047744804353541115,0.046744804353541114,0.04454661953055705,0.0021981848229840617
HON,2022-12-06,2022-12-09,2022-12-16,market_wide,-4.224256571866299,-2.75684144631924,0.9207605219905189,-0.008930496439582991,-0.009930496439582992,-0.01818559515488405,0.008255098715301057
HON,2022-12-15,2022-12-20,2022-12-28,market_wide,-4.660475259315582,-3.414287458755162,1.1288661431118312,0.0033095465266292923,0.0023095465266292923,-0.005104580893686594,0.007414127420315887
HON,2023-02-08,2023-02-13,2023-02-21,market_wide,-3.484148451128666,-1.0802784174391555,1.0512834051595252,-0.03250252771998552,-0.03350252771998552,-0.036573528036995095,0.0030710003170095757
HON,2023-02-16,2023-02-22,2023-03-01,market_wide,-3.3057839312418174,-2.7748600131744334,0.7779083270543613,-0.008125091666059125,-0.009125091666059126,-0.003893344276597821,-0.005231747389461305
HON,2023-02-27,2023-03-02,2023-03-09,market_wide,-2.9738304272644536,-2.4707804711129175,1.1780882726697937,-0.008073944494673024,-0.009073944494673025,-0.021841202462695164,0.012767257968022139
HON,2023-03-15,2023-03-20,2023-03-27,market_wide,-5.336777812456565,-2.263360515929084,1.186096530445171,-0.009953638050860691,-0.010953638050860692,0.006660788792835826,-0.017614426843696518
HON,2023-05-11,2023-05-16,2023-05-23,market_wide,-4.181406346472971,-1.1744240770210543,1.1671249045926495,0.01753555691023312,0.016535556910233118,0.00644424727007431,0.010091309640158808
HON,2023-05-24,2023-05-30,2023-06-06,market_wide,-3.17921622228274,-2.4991213938743773,0.7858603583637975,0.009200787530573518,0.008200787530573517,0.010318265611566124,-0.0021174780809926075
HON,2023-07-27,2023-08-01,2023-08-08,market_wide,-8.159042276376047,-1.2633440477551992,2.19985679426734,-0.030132222813065712,-0.031132222813065713,-0.02443197821042753,-0.0067002446026381834
HON,2023-08-04,2023-08-09,2023-08-16,market_wide,-2.558788816907371,-3.6684031849884837,0.6322025625181849,-0.009138599710308504,-0.010138599710308505,-0.013172058544573928,0.0030334588342654234
HON,2023-08-15,2023-08-18,2023-08-25,market_wide,-2.600038169389566,-4.153668296444291,0.771949243791532,-0.0015004608778483863,-0.0025004608778483864,-0.0023145787581448918,-0.00018588211970349457
HON,2023-08-25,2023-08-30,2023-09-07,market_wide,-2.5828392792742005,-1.989341158738112,0.8793303511883308,-0.023547097155882102,-0.024547097155882103,-0.0109810786952248,-0.013566018460657303
HON,2023-09-26,2023-09-29,2023-10-06,market_wide,-3.6429923349392586,-3.51921671083322,0.9873972095861723,-0.0004329729048756503,-0.0014329729048756503,-0.010137919250681082,0.008704946345805431
HON,2023-10-20,2023-10-25,2023-11-01,market_wide,-3.5650088407759704,-4.616353173979987,1.2033196788392966,0.03312950471980236,0.03212950471980236,0.014429028229371976,0.017700476490430384
HON,2024-01-05,2024-01-10,2024-01-18,market_wide,-2.528330390459766,-2.4948631892705726,1.073426566788295,-0.011215395847703369,-0.01221539584770337,-0.002844200713414291,-0.009371195134289079
HON,2024-01-17,2024-01-22,2024-01-29,market_wide,-3.771661260254599,-1.1979815182849634,0.8504907827182032,0.009998001991510908,0.008998001991510907,0.0021860266965074704,0.006811975295003436
HON,2024-02-02,2024-02-07,2024-02-14,idiosyncratic,-4.333157549103416,0.9464482313770753,1.134421643142885,0.003967029164819058,0.002967029164819058,-0.004074978555234865,0.007042007720053923
HON,2024-03-15,2024-03-20,2024-03-27,market_wide,-2.772821971268546,-1.809426080832543,2.3789793516885145,0.019634171994568517,0.018634171994568516,0.015388039670214626,0.0032461323243538898
HON,2024-04-03,2024-04-08,2024-04-15,market_wide,-3.2480761269403744,-1.612209951957339,0.8926431894363246,-0.018810795310936435,-0.019810795310936435,-0.026200231143296948,0.006389435832360513
HON,2024-04-15,2024-04-18,2024-04-25,market_wide,-4.002445517825935,-5.114489765868604,1.1856319345838517,0.010152889521791275,0.009152889521791274,0.01670468180285245,-0.007551792281061176
HON,2024-05-23,2024-05-29,2024-06-05,market_wide,-3.507088492282138,-1.1904007195120496,1.0825749955440012,0.061906850946366276,0.060906850946366276,0.016383515577246488,0.04452333536911979
HON,2024-07-03,2024-07-09,2024-07-16,idiosyncratic,-2.539114260394544,1.4603755742296314,0.3267092424592238,0.03736917245959792,0.03636917245959792,0.03237551176358333,0.003993660696014589
HON,2024-07-25,2024-07-30,2024-08-06,market_wide,-8.764668860307811,-3.9507134516598716,2.6612910462705703,-0.018949934270150792,-0.019949934270150793,-0.04034462266332306,0.020394688393172267
HON,2024-08-05,2024-08-08,2024-08-15,market_wide,-2.7843903484500543,-5.457427897078208,1.0259279152149938,-0.006806087264982996,-0.007806087264982996,0.028024733179720096,-0.03583082044470309
HON,2024-10-24,2024-10-29,2024-11-05,market_wide,-4.691159968620337,-1.8606463091517316,2.276585856955034,0.013593489588695551,0.01259348958869555,0.00127697781292202,0.01131651177577353
HON,2024-12-03,2024-12-06,2024-12-13,idiosyncratic,-3.0164581231878027,0.051812722654063365,1.0788063222915818,0.005477317964451833,0.004477317964451833,-0.013267483379472478,0.01774480134392431
HON,2024-12-18,2024-12-23,2024-12-31,market_wide,-2.744658790787028,-11.988315503919603,1.598469285747377,-0.00550319251749376,-0.00650319251749376,-0.009170491242484813,0.0026672987249910527
HON,2024-12-30,2025-01-03,2025-01-13,market_wide,-3.04908631489507,-2.187546180824139,0.5199611166006781,-0.03275643658244487,-0.03375643658244487,0.002903593299557583,-0.036660029882002454
HON,2025-01-08,2025-01-14,2025-01-22,market_wide,-3.4661806089148914,-2.01597829302353,1.1410799757867647,0.02100690589190335,0.020006905891903348,0.043877717842667474,-0.023870811950764126
HON,2025-02-07,2025-02-12,2025-02-20,market_wide,-4.6154338944870545,-2.296413480972153,1.568301498826547,0.030925393498050013,0.029925393498050012,0.02757113218162721,0.002354261316422801
HON,2025-03-11,2025-03-14,2025-03-21,market_wide,-3.0197498478284497,-3.5297509621731855,1.1361765752363593,0.003103182703800833,0.002103182703800833,0.0010609416897324753,0.0010422410140683578
HON,2025-06-12,2025-06-17,2025-06-25,idiosyncratic,-2.6342460190255848,0.14181818398950738,0.4516627798217669,0.0,-0.001,0.015871611068933644,-0.016871611068933645
HON,2025-07-24,2025-07-29,2025-08-05,idiosyncratic,-11.19966365414806,0.06043179635477606,3.856765349385388,-0.002976696765678688,-0.003976696765678688,-0.018918482119588464,0.014941785353909776
HON,2025-08-01,2025-08-06,2025-08-13,market_wide,-3.014498949995438,-4.433723883950224,0.8387264167110419,0.002326365662738805,0.0013263656627388052,0.027168163197940354,-0.02584179753520155
HON,2025-08-11,2025-08-14,2025-08-21,idiosyncratic,-3.0735239339414715,-0.27360065037693687,0.6881072658239067,0.0016123458548202851,0.0006123458548202851,-0.0030800378541397944,0.0036923837089600795
HON,2025-09-03,2025-09-08,2025-09-15,market_wide,-3.760275591700951,-1.232364889778801,1.2279966670437508,-0.014016253817894064,-0.015016253817894065,0.02025336326258076,-0.035269617080474824
HON,2025-09-12,2025-09-17,2025-09-24,idiosyncratic,-3.4376124477813734,-0.04613613076379101,0.8450667693692403,-0.01455033133081729,-0.01555033133081729,0.002235967653556381,-0.017786298984373672
HON,2025-09-22,2025-09-25,2025-10-02,idiosyncratic,-3.200453562752625,0.5829887026538749,0.9898428998775464,0.015936344948037195,0.014936344948037195,0.02054154878899528,-0.005605203840958084
HON,2025-11-04,2025-11-07,2025-11-14,market_wide,-3.077972375244098,-1.7325092704645833,0.9987503674878703,0.03175225596568243,0.03075225596568243,0.008376501062675734,0.022375754903006695
HON,2025-11-18,2025-11-21,2025-12-01,market_wide,-3.657102317040742,-3.8735445739502197,1.5173360428490346,0.0010525177897080518,5.2517789708051744e-05,0.023568199827993963,-0.023515682038285912
HON,2026-03-05,2026-03-10,2026-03-17,market_wide,-3.6372645455371435,-3.2099350754786293,1.224397159653754,-0.03819460431297117,-0.03919460431297117,0.00036885973498446134,-0.03956346404795563
HON,2026-03-13,2026-03-18,2026-03-25,market_wide,-2.8790427494722617,-3.756088396027698,0.7223273252789729,-0.0179628168899032,-0.0189628168899032,-0.008141420746130668,-0.010821396143772533
HON,2026-03-23,2026-03-26,2026-04-02,market_wide,-3.1288719166123204,-2.36006797856016,0.8870316830768485,0.01900792512223415,0.018007925122234147,0.0129914095573469,0.005016515564887247
HON,2026-04-23,2026-04-28,2026-05-05,idiosyncratic,-4.023129295553904,-0.22840354162679558,2.358116390298668,-0.018174935902904532,-0.019174935902904533,0.03326218433726891,-0.05243712024017344
HON,2026-08-20,2026-08-25,2026-09-01,market_wide,-3.768193550377362,-4.5878613929962135,0.7794727857448835,-0.026428028291018424,-0.027428028291018425,-0.00309211581644786,-0.024335912474570565
HON,2026-09-01,2026-09-04,2026-09-14,market_wide,-4.232724392951992,-3.5570295969259753,0.8280434675158695,-0.0392633734248109,-0.0402633734248109,-0.019755438059126385,-0.020507935365684515
APD,2015-12-08,2015-12-11,2015-12-18,market_wide,-5.566146763653073,-2.8121781583966805,1.2133169680543832,-0.020156362616002177,-0.021156362616002178,-0.0022697061380902994,-0.01888665647791188
APD,2015-12-17,2015-12-22,2015-12-30,market_wide,-2.7612020936567965,-1.9848253265410742,1.3368248943610117,0.011548609483108319,0.010548609483108318,0.011026397367404073,-0.00047778788429575503
APD,2016-01-07,2016-01-12,2016-01-20,market_wide,-4.43207164379334,-4.912734125741212,4.421628431448791,-0.030113486180442517,-0.031113486180442518,-0.0469445270320219,0.01583104085157938
APD,2016-01-15,2016-01-21,2016-01-28,market_wide,-2.696569442755275,-3.1614013929474543,1.1210677760586054,0.01570356087010616,0.014703560870106158,-0.007477918073151124,0.022181478943257282
APD,2016-04-07,2016-04-12,2016-04-19,market_wide,-2.5432367041032733,-2.039656655206109,0.504352095786972,0.03445918792717739,0.03345918792717739,0.026456574133421062,0.007002613793756329
APD,2016-05-03,2016-05-06,2016-05-13,market_wide,-5.322221948644843,-3.4528283839999694,3.198540280336496,-0.018952488133290202,-0.019952488133290203,-0.009475706596540179,-0.010476781536750024
APD,2016-05-11,2016-05-16,2016-05-23,market_wide,-2.816360416068705,-1.904901710080714,0.4231629970925774,-0.013096902231436558,-0.014096902231436559,-0.004400496695206035,-0.009696405536230523
APD,2016-05-19,2016-05-24,2016-06-01,market_wide,-3.001682888427648,-3.6300344097849964,0.6549630816214982,0.004884931547997073,0.0038849315479970734,0.016721407884982442,-0.01283647633698537
APD,2016-06-17,2016-06-22,2016-06-29,market_wide,-2.6947622428981903,-2.678445190032804,1.4775269866044838,-0.023404218535419408,-0.02440421853541941,-0.0051262150472466406,-0.019278003488172768
APD,2016-08-02,2016-08-05,2016-08-12,market_wide,-3.4281497232095233,-4.7571918837533875,0.6736436595310784,0.004222403997518942,0.003222403997518942,0.003293921878642081,-7.151788112313897e-05
APD,2016-09-13,2016-09-16,2016-09-23,market_wide,-4.033035571373023,-3.378605952590239,1.8532436640870853,0.011385556285290921,0.01038555628529092,0.005004006904600011,0.005381549380690909
APD,2016-10-05,2016-10-10,2016-10-17,market_wide,-2.8503642017379422,-1.6685483288252836,0.983850796063371,-0.023042480646414898,-0.0240424806464149,-0.021260207508373652,-0.002782273138041247
APD,2016-10-13,2016-10-18,2016-10-25,market_wide,-3.2305596349976953,-3.3190515030853467,0.7599091139893878,-0.002316393417352236,-0.003316393417352236,0.008808527108869368,-0.012124920526221605
APD,2016-11-01,2016-11-04,2016-11-11,market_wide,-4.549605717230465,-5.1879093859661,1.0326368292519534,0.0387638149399665,0.0377638149399665,0.04238968937872034,-0.004625874438753841
APD,2016-12-22,2016-12-28,2017-01-05,market_wide,-3.8597820979350796,-1.3118765239702739,0.9358706092206367,-0.00720943547188535,-0.008209435471885351,0.0075490608414521265,-0.015758496313337478
APD,2017-01-03,2017-01-06,2017-01-13,market_wide,-3.0190161187901787,-1.2728908968039796,1.3647070274479267,0.006857790168466771,0.005857790168466771,0.001460667568846663,0.004397122599620108
APD,2017-01-30,2017-02-02,2017-02-09,market_wide,-4.092813951155603,-1.4692034830047078,1.5129591791409407,-0.00531315588436887,-0.00631315588436887,0.007261889990325621,-0.013575045874694491
APD,2017-03-02,2017-03-07,2017-03-14,market_wide,-2.5380474306485366,-1.044724962030454,1.061860161184927,-0.024778096514020742,-0.025778096514020743,-0.002493316567011794,-0.02328477994700895
APD,2017-03-10,2017-03-15,2017-03-22,market_wide,-3.47104562684317,-1.9812118167505446,1.215063326580694,-0.011449919396441022,-0.012449919396441023,-0.00911356824313736,-0.0033363511533036627
APD,2017-03-21,2017-03-24,2017-03-31,market_wide,-3.0296487442999895,-5.436602080457501,0.9900299931572115,0.009605235727452976,0.008605235727452976,0.00969468857972089,-0.0010894528522679137
APD,2017-04-03,2017-04-06,2017-04-13,market_wide,-2.889217191614153,-1.2498071278435154,1.1333472890935734,-0.006582940660680103,-0.007582940660680103,-0.017145613821651362,0.009562673160971258
APD,2017-04-13,2017-04-19,2017-04-26,market_wide,-4.9499967180424385,-6.369588210209182,0.4443042729469797,0.04905148488998612,0.04805148488998612,0.026787796717263168,0.02126368817272295
APD,2017-05-17,2017-05-22,2017-05-30,market_wide,-4.297019664061938,-7.704275345697817,0.8897120860577937,0.0046049242876315954,0.0036049242876315954,0.015040942185524653,-0.011436017897893058
APD,2017-06-21,2017-06-26,2017-07-03,market_wide,-2.7050692009637483,-2.353679200696334,0.6382236293383717,0.0022953481182315105,0.0012953481182315105,-0.009704548950484115,0.010999897068715625
APD,2017-06-29,2017-07-05,2017-07-12,market_wide,-4.399405031241575,-3.9837806720868163,0.618017243769233,0.007853703363058573,0.006853703363058573,0.0025969541414263553,0.0042567492216322176
APD,2017-07-26,2017-07-31,2017-08-07,idiosyncratic,-3.079273593463524,0.008500182084876044,0.9621095038810843,0.036229407053841145,0.035229407053841144,0.004676606854374432,0.030552800199466712
APD,2017-08-21,2017-08-24,2017-08-31,market_wide,-2.777667827267625,-2.543381734449978,1.3758942835312913,0.0009641004995311064,-3.5899500468893585e-05,0.022139975998618944,-0.022175875499087838
APD,2017-08-29,2017-09-01,2017-09-11,market_wide,-3.009933848699142,-1.4423939220521516,0.3627992342135658,0.024236271218890826,0.023236271218890825,0.015355485488616205,0.00788078573027462
APD,2017-11-27,2017-11-30,2017-12-07,idiosyncratic,-2.5625642902933645,-0.10925715784907326,0.9559080835180217,-0.012635102761812678,-0.013635102761812679,-0.006110633067233806,-0.0075244696945788725
APD,2017-12-15,2017-12-20,2017-12-28,idiosyncratic,-2.7385043983586312,0.7967986297362086,2.08863770874192,0.01099305091248004,0.00999305091248004,-0.003390569441651281,0.01338362035413132
APD,2018-01-18,2018-01-23,2018-01-30,idiosyncratic,-2.5593578497229155,-0.1668214881032412,1.2472970197755469,-0.007665043900561441,-0.008665043900561442,-0.007575826409970787,-0.0010892174905906549
APD,2018-02-28,2018-03-05,2018-03-12,market_wide,-2.592823704409233,-1.8859379218040615,0.8498677937165581,0.04654606724601873,0.04554606724601873,0.023795506989232162,0.021750560256786566
APD,2018-03-22,2018-03-27,2018-04-04,market_wide,-4.798869740419878,-5.30851494109199,0.7864173368951872,0.029221434968250914,0.028221434968250914,0.019879531803801864,0.00834190316444905
APD,2018-04-30,2018-05-03,2018-05-10,market_wide,-4.549224221062168,-2.40396445387288,1.1120766488413547,0.03216357453806862,0.031163574538068617,0.041280587003438285,-0.010117012465369668
APD,2018-05-29,2018-06-01,2018-06-08,market_wide,-6.130526925436454,-5.575878054324283,0.8480381980485779,0.030390022748097767,0.029390022748097766,0.027552185963856557,0.0018378367842412091
APD,2018-06-19,2018-06-22,2018-06-29,market_wide,-4.763670207487207,-1.9886710835197519,1.248195544457883,-0.00787156109980669,-0.00887156109980669,-0.018557634880931873,0.009686073781125182
APD,2018-06-27,2018-07-02,2018-07-10,market_wide,-2.633185582035108,-3.612512546452834,0.7462573845327605,0.026818417106369896,0.025818417106369895,0.029655452217843603,-0.003837035111473708
APD,2018-07-16,2018-07-19,2018-07-26,idiosyncratic,-2.878543445474908,-0.07190042721746764,0.8671954339190909,0.04630867724862009,0.04530867724862009,0.02260520270116806,0.02270347454745203
APD,2018-09-07,2018-09-12,2018-09-19,market_wide,-2.7726772741814343,-2.3535132433985386,0.9089362426098422,0.017625397868689552,0.01662539786868955,0.01124248996081434,0.005382907907875212
APD,2018-09-28,2018-10-03,2018-10-10,market_wide,-2.751596247556891,-1.2327547694673475,0.9573950025430974,-0.05379127834014075,-0.05479127834014075,-0.05099889603297292,-0.0037923823071678298
APD,2018-10-11,2018-10-16,2018-10-23,market_wide,-4.30614717484957,-4.84868148400939,1.2676139378574376,-0.04790525301252535,-0.04890525301252535,-0.02933826573325704,-0.01956698727926831
APD,2018-10-24,2018-10-29,2018-11-05,market_wide,-4.223452582930832,-5.515119565730182,1.783605226249354,0.04246142536073583,0.041461425360735826,0.04429575222163207,-0.0028343268608962413
APD,2018-11-20,2018-11-26,2018-12-03,market_wide,-3.0384280556103067,-4.144082376798257,1.1350547378979956,0.050700108244080555,0.049700108244080554,0.052375147721283044,-0.00267503947720249
APD,2018-12-07,2018-12-12,2018-12-19,market_wide,-3.048356942022142,-3.122144043623378,0.9884620261189299,-0.022889708954639265,-0.023889708954639266,-0.057576336723023536,0.03368662776838427
APD,2018-12-17,2018-12-20,2018-12-28,market_wide,-3.4473889198587417,-4.0503386889229835,1.3351378476604674,0.039860224972073866,0.038860224972073865,0.015300426951556867,0.023559798020516998
APD,2019-01-11,2019-01-16,2019-01-24,idiosyncratic,-2.590149422688687,0.0205347115846918,0.7388516159072149,0.012159152414086272,0.01115915241408627,0.012207948090145582,-0.001048795676059311
APD,2019-05-23,2019-05-29,2019-06-05,market_wide,-2.870317247391466,-2.7436613977979483,0.8931579873771027,0.07044998988744577,0.06944998988744577,0.030989671413936826,0.03846031847350895
APD,2019-07-17,2019-07-22,2019-07-29,market_wide,-2.6636067935317933,-1.9903418181868664,1.3010867304492513,0.02291917771100116,0.02191917771100116,0.02198251578328647,-6.333807228531274e-05
APD,2019-08-02,2019-08-07,2019-08-14,market_wide,-3.45553626291846,-4.003325667411513,0.7623801947048133,-0.003937919496163511,-0.004937919496163511,-0.011351466753232398,0.0064135472570688865
APD,2019-09-09,2019-09-12,2019-09-19,idiosyncratic,-5.831890486231189,0.033884774090412975,1.9819876321764107,0.007296112021153434,0.006296112021153434,-0.005891174288869427,0.01218728631002286
APD,2019-10-02,2019-10-07,2019-10-14,market_wide,-7.246337246808676,-5.84136577307817,1.9025875190258752,-0.000467383427580903,-0.001467383427580903,0.014460098437421687,-0.01592748186500259
APD,2019-10-23,2019-10-28,2019-11-04,idiosyncratic,-2.6413788819912325,-0.038566491945813616,1.5838792825690045,0.013902027550637852,0.012902027550637851,0.020030145528162624,-0.007128117977524773
APD,2019-11-25,2019-11-29,2019-12-06,idiosyncratic,-3.1900957585221406,1.0146237533220037,1.2922445694317657,-0.018194690437653538,-0.01919469043765354,0.0006886536087220563,-0.019883344046375595
APD,2019-12-04,2019-12-09,2019-12-16,market_wide,-3.6224442983629426,-2.0438586608703355,0.956068796068796,0.01568322833963154,0.014683228339631538,0.017416006528092387,-0.0027327781884608493
APD,2020-01-03,2020-01-08,2020-01-15,market_wide,-6.6751284855441435,-1.284061509098454,2.198429326101207,0.03231175134396591,0.03131175134396591,0.010524398357947273,0.020787352986018637
APD,2020-06-12,2020-06-17,2020-06-24,market_wide,-3.0141609022162745,-2.4297747518218893,0.8467218395361514,-0.01815109888774602,-0.01915109888774602,-0.019539682565569594,0.00038858367782357295
APD,2020-08-04,2020-08-07,2020-08-14,idiosyncratic,-3.11337196803615,0.503880154261924,1.7859582673965115,0.028861746857894444,0.027861746857894443,0.01191965616916435,0.015942090688730093
APD,2020-09-21,2020-09-24,2020-10-01,market_wide,-3.548746053343109,-4.0252783612876435,0.8174071493649178,0.02079330701997706,0.019793307019977058,0.02634421732627179,-0.006550910306294733
APD,2020-10-19,2020-10-22,2020-10-29,market_wide,-3.6811678002195487,-1.9646474965133787,0.9419557651285506,-0.052968284880103966,-0.05396828488010397,-0.05336012871844442,-0.0006081561616595454
APD,2020-11-12,2020-11-17,2020-11-24,idiosyncratic,-3.414718953819591,-0.299794250010845,3.7659210935073,0.06658172821932062,0.06558172821932062,0.02186291987337463,0.04371880834594599
APD,2020-12-07,2020-12-10,2020-12-17,idiosyncratic,-2.7802640792528965,-0.17302229413727305,0.8126262663097782,-0.0008184202214520653,-0.0018184202214520653,0.0023796295268423417,-0.004198049748294407
APD,2020-12-21,2020-12-24,2021-01-04,market_wide,-4.171146592179045,-1.1768549721099721,1.1028686830137073,0.004405452819509437,0.0034054528195094367,0.0034250065566461263,-1.955373713668964e-05
APD,2021-01-21,2021-01-26,2021-02-02,idiosyncratic,-3.25180124821881,0.1251509646880569,0.7177912192682202,-0.014532784638007112,-0.015532784638007113,0.0037304936173072623,-0.019263278255314376
APD,2021-02-04,2021-02-09,2021-02-17,idiosyncratic,-4.753267824958876,0.3686724177251583,5.789061564397115,0.021891202313609526,0.020891202313609525,0.003655222414308712,0.017235979899300813
APD,2021-06-18,2021-06-23,2021-06-30,market_wide,-5.895203250325982,-7.107473890306415,2.201270062985812,-0.005657298984560799,-0.006657298984560799,0.018805090928809998,-0.025462389913370798
APD,2021-06-28,2021-07-01,2021-07-09,idiosyncratic,-2.589788334740466,0.2690510069994336,0.955478102114064,0.009937611744652797,0.008937611744652796,0.01217183379113318,-0.003234222046480384
APD,2021-07-16,2021-07-21,2021-07-28,market_wide,-3.561974300028332,-2.61682634481491,2.041200545702592,0.003871437423842883,0.002871437423842883,-0.005726332939284595,0.008597770363127477
APD,2021-08-09,2021-08-12,2021-08-19,idiosyncratic,-12.747192617449441,-0.22276183823110468,3.570037688442211,-0.022405131403126943,-0.023405131403126944,-0.014448715939524126,-0.008956415463602818
APD,2021-08-18,2021-08-23,2021-08-30,market_wide,-3.5649840561764203,-3.3817276171115336,1.1032227408670374,-0.0010721883653072029,-0.002072188365307203,0.006433123782631611,-0.008505312147938815
APD,2021-08-31,2021-09-03,2021-09-13,idiosyncratic,-3.018365072526536,-0.15606884272395538,0.8222453514866803,0.004547330729053334,0.0035473307290533338,-0.01583255270238526,0.019379883431438594
APD,2021-09-09,2021-09-14,2021-09-21,market_wide,-3.1031650231187187,-2.0173485448585704,1.014502520419441,-0.04266115858763364,-0.04366115858763364,-0.015745111320572658,-0.027916047267060984
APD,2021-09-17,2021-09-22,2021-09-29,market_wide,-6.839712705147258,-3.276858177342188,1.9137051273405714,0.008839330209102325,0.007839330209102324,0.005058848670836946,0.002780481538265378
APD,2021-09-30,2021-10-05,2021-10-12,market_wide,-3.2960508494089256,-3.442419606146765,0.7435002242983363,0.059839645198332736,0.058839645198332735,-0.0003655997755553919,0.05920524497388813
APD,2021-11-18,2021-11-23,2021-12-01,idiosyncratic,-3.2104324616395954,0.2292061951445056,0.6213245820760742,-0.04702365867901126,-0.04802365867901126,-0.051622088912403274,0.0035984302333920137
APD,2021-11-30,2021-12-03,2021-12-10,market_wide,-4.568612395575065,-4.358170009636211,2.2370877992306832,0.023317960663985282,0.02231796066398528,0.038793846132754384,-0.016475885468769103
APD,2021-12-20,2021-12-23,2021-12-31,market_wide,-2.545023285055431,-3.581138745523857,0.7395458729089374,0.021000893244319974,0.020000893244319973,0.009569043267359856,0.010431849976960117
APD,2022-01-10,2022-01-13,2022-01-21,market_wide,-2.9852525037416973,-2.629144102366106,1.3124613641046776,-0.04016455480438241,-0.041164554804382414,-0.050647499657918815,0.009482944853536401
APD,2022-01-19,2022-01-24,2022-01-31,market_wide,-3.824948230931044,-4.779679301327939,0.7968653693757154,-0.0024397561478803897,-0.0034397561478803898,0.01871760872370709,-0.02215736487158748
APD,2022-02-07,2022-02-10,2022-02-17,market_wide,-4.7865659104349385,-1.1370345834877966,1.8630401634960043,-0.04663609890366327,-0.04763609890366327,-0.02914438426037469,-0.01849171464328858
APD,2022-02-22,2022-02-25,2022-03-04,market_wide,-3.44283068920239,-3.9326003490357513,0.6676382388385975,-0.04971312352845736,-0.05071312352845736,-0.009280195464584362,-0.041432928063873
APD,2022-04-12,2022-04-18,2022-04-25,market_wide,-4.459323662356603,-3.6526392561982766,1.1752466219016828,-0.013170976801461398,-0.014170976801461399,-0.0092613944820229,-0.004909582319438499
APD,2022-04-27,2022-05-02,2022-05-09,market_wide,-2.7816301465726827,-2.988422973268775,0.8878573775879067,-0.009260808244766383,-0.010260808244766384,-0.023862662817161318,0.013601854572394934
APD,2022-05-09,2022-05-12,2022-05-19,market_wide,-3.446211650913233,-4.410257474264372,1.013255841726046,0.012142839553046514,0.011142839553046513,-0.02741915488792157,0.038561994440968084
APD,2022-05-18,2022-05-23,2022-05-31,market_wide,-2.6191680011174925,-3.3149081983909676,0.7431932744536344,0.03450337218513644,0.03350337218513644,0.03744935318060194,-0.003945980995465503
APD,2022-06-14,2022-06-17,2022-06-27,market_wide,-3.6891638807854172,-3.2548172651759395,0.8435975258365669,0.04326803644653099,0.04226803644653099,0.056203059514208675,-0.013935023067677688
APD,2022-07-07,2022-07-12,2022-07-19,idiosyncratic,-4.04474251915446,-0.22581853287966652,0.9242658423493045,-0.008321410425044196,-0.009321410425044196,0.03460449172187752,-0.043925902146921714
APD,2022-09-01,2022-09-07,2022-09-14,market_wide,-3.884682135688094,-2.9669441989466567,1.1389264492438997,0.005516364591290124,0.004516364591290124,-0.008130516693741874,0.012646881285031997
APD,2022-09-15,2022-09-20,2022-09-27,market_wide,-2.92679134776707,-3.2124712535337285,0.7629945484967885,-0.05769930460627193,-0.05869930460627193,-0.047549033351234504,-0.011150271255037425
APD,2022-09-26,2022-09-29,2022-10-06,market_wide,-3.8522345164558605,-3.933576425358542,1.3769316646101417,0.03671675871380775,0.03571675871380775,0.038943387138688834,-0.003226628424881084
APD,2022-10-07,2022-10-12,2022-10-19,market_wide,-2.6449253105854402,-2.287080506859787,0.9180273242252582,0.05289538478423905,0.05189538478423905,0.03531612897898273,0.01657925580525632
APD,2022-12-19,2022-12-22,2022-12-30,market_wide,-2.5977639915564974,-3.8965898611957286,0.6577942276646848,-0.008726692391527457,-0.009726692391527458,0.008844265192032408,-0.018570957583559866
APD,2022-12-28,2023-01-03,2023-01-10,market_wide,-3.0874405302052264,-3.2524859217367434,0.3954705713052238,0.01989769655539053,0.01889769655539053,0.03908302622646076,-0.02018532967107023
APD,2023-02-06,2023-02-09,2023-02-16,market_wide,-3.384814728010979,-1.1939854180339171,0.9048080721031276,-0.021471392461390293,-0.022471392461390294,-0.002516746926730984,-0.01995464553465931
APD,2023-02-14,2023-02-17,2023-02-27,market_wide,-2.7950225770539308,-1.2288859634853502,1.0844247560349256,0.020414147968915275,0.019414147968915274,-0.02505480598718013,0.0444689539560954
APD,2023-03-10,2023-03-15,2023-03-22,market_wide,-3.056635429532301,-4.723587465033564,0.8967054485610424,-0.006064570254455948,-0.007064570254455948,0.011570691541282319,-0.018635261795738267
APD,2023-05-09,2023-05-12,2023-05-19,market_wide,-4.98186683542355,-1.186057813153371,2.404708737237489,0.0032733246683520623,0.0022733246683520622,0.016527255581574973,-0.014253930913222912
APD,2023-05-18,2023-05-23,2023-05-31,idiosyncratic,-2.589348605692526,1.5061667607408198,0.8239054812121972,-0.008692622320324195,-0.009692622320324196,-0.0023601912985810047,-0.007332431021743191
APD,2023-08-03,2023-08-08,2023-08-15,market_wide,-12.943071262716334,-3.5811217210546196,2.772655643624903,0.005642991929045493,0.004642991929045493,-0.010465088597643168,0.01510808052668866
APD,2023-08-15,2023-08-18,2023-08-25,market_wide,-2.5441638212566486,-4.153668296444291,0.6355927890145462,0.012218060456716584,0.011218060456716583,-0.0023145787581448918,0.013532639214861475
APD,2023-09-21,2023-09-26,2023-10-03,market_wide,-4.571239375190617,-6.543499589528678,1.0914127423822715,-0.011093263936401643,-0.012093263936401644,-0.015824495007049966,0.003731231070648322
APD,2023-09-29,2023-10-04,2023-10-11,market_wide,-2.621197177039565,-2.2613329885562354,0.9060337074258007,0.02109660609259878,0.02009660609259878,0.012296200225896836,0.007800405866701943
APD,2023-10-20,2023-10-25,2023-11-01,market_wide,-3.4375167020103947,-4.616353173979987,0.9079438301336409,0.032534107529593514,0.031534107529593514,0.014429028229371976,0.017105079300221537
APD,2023-12-05,2023-12-08,2023-12-15,market_wide,-4.83575345363973,-1.529745759512834,1.6677550648482824,0.028829827524514684,0.027829827524514683,0.038037942622445975,-0.010208115097931292
APD,2024-01-11,2024-01-17,2024-01-24,idiosyncratic,-3.834725267926658,-0.09171114981256501,1.18826950161283,-0.01145541167451436,-0.01245541167451436,0.006256876215491092,-0.018712287890005452
APD,2024-01-22,2024-01-25,2024-02-01,idiosyncratic,-2.5925191756052404,0.275984932179034,1.2515007003268193,-0.015512974882810893,-0.016512974882810894,-0.0046583277064161654,-0.011854647176394728
APD,2024-02-06,2024-02-09,2024-02-16,idiosyncratic,-3.3742919145966774,-0.10129481799041465,2.1898442134868494,0.031886977060353816,0.030886977060353815,0.0021245080516374415,0.028762469008716374
APD,2024-03-20,2024-03-25,2024-04-02,idiosyncratic,-4.325254539652391,1.8311372754022441,1.738127635167705,0.017002202142204714,0.016002202142204713,0.005834484234503501,0.010167717907701213
APD,2024-04-12,2024-04-17,2024-04-24,market_wide,-4.837133382048113,-3.97944114045583,1.2672569027611045,0.024758705556508165,0.023758705556508164,0.014806553799162625,0.008952151757345539
APD,2024-07-02,2024-07-08,2024-07-15,idiosyncratic,-2.6941237175209474,2.0361872668403405,1.0750463987368917,0.019380203334643742,0.01838020333464374,0.018596318810359058,-0.0002161154757153172
APD,2024-08-15,2024-08-20,2024-08-27,idiosyncratic,-3.7150214911714405,0.9573259679356436,0.6160206116537359,0.01642157706092351,0.015421577060923508,0.01595690609064837,-0.0005353290297248625
APD,2024-09-05,2024-09-10,2024-09-17,market_wide,-3.26048768676834,-3.3104113217069813,1.155864692670853,0.057769931277270814,0.05676993127727081,0.030384316933595112,0.0263856143436757
APD,2024-10-25,2024-10-30,2024-11-06,market_wide,-2.739850874778978,-2.3466798854271937,1.011033287263698,-0.01931109859292912,-0.020311098592929122,0.0368472502709134,-0.05715834886384252
APD,2024-12-10,2024-12-13,2024-12-20,market_wide,-2.9367385714020657,-1.4089443072090828,0.5441214209773803,-0.05542716463447661,-0.05642716463447661,-0.030650758045605353,-0.02577640658887126
APD,2024-12-18,2024-12-23,2024-12-31,market_wide,-4.60910822958338,-11.988315503919603,1.0299141080067133,-0.01195704778959128,-0.01295704778959128,-0.009170491242484813,-0.0037865565471064677
APD,2024-12-30,2025-01-03,2025-01-13,market_wide,-3.4471600675192273,-2.187546180824139,0.8826233195981095,0.06280162954118285,0.061801629541182845,0.002903593299557583,0.05889803624162526
APD,2025-02-07,2025-02-12,2025-02-20,market_wide,-6.3887066074666725,-2.296413480972153,1.4621762388805497,0.012662929899064368,0.011662929899064367,0.02757113218162721,-0.015908202282562844
APD,2025-03-12,2025-03-17,2025-03-24,market_wide,-3.7282621261209625,-2.793039339284413,0.6147189243312831,-0.007340448820857937,-0.008340448820857937,0.0017165112183719078,-0.010056960039229845
APD,2025-03-20,2025-03-25,2025-04-01,market_wide,-2.73470935537086,-1.3919381514632223,0.7094572314185847,0.00710186401070434,0.00610186401070434,-0.012161754700141914,0.018263618710846252
APD,2025-04-16,2025-04-22,2025-04-29,market_wide,-2.609173401647474,-1.8091178467900584,1.0663671048215302,0.02099038813895482,0.019990388138954818,0.03847368382985672,-0.018483295690901902
APD,2025-05-22,2025-05-28,2025-06-04,market_wide,-2.976814484238571,-1.058964771343312,1.0462675201185503,0.03109355471532793,0.03009355471532793,0.013597954094160869,0.01649560062116706
APD,2025-09-03,2025-09-08,2025-09-15,market_wide,-3.4045379335050847,-1.232364889778801,0.9237632656790048,0.0021114258066985414,0.0011114258066985414,0.02025336326258076,-0.01914193745588222
APD,2025-10-10,2025-10-15,2025-10-22,market_wide,-4.976877252829436,-5.683885993533175,0.7593424286077451,-0.016549479002137768,-0.01754947900213777,0.017082919752264836,-0.034632398754402605
APD,2025-10-21,2025-10-24,2025-10-31,idiosyncratic,-2.610275099120101,-0.29884408964405174,0.9336802187141723,-0.04833079949630148,-0.04933079949630148,-0.005196686389711491,-0.04413411310658999
APD,2026-02-24,2026-02-27,2026-03-06,market_wide,-2.5120728207417287,-1.367926083771844,0.8097508154291072,-0.012660160325937975,-0.013660160325937976,-0.039176310341929366,0.02551615001599139
APD,2026-03-04,2026-03-09,2026-03-16,market_wide,-2.7164877525654667,-2.1897360906413748,0.7346423369527846,0.05379022828945135,0.052790228289451346,-0.0022705097761438475,0.055060738065595194
APD,2026-04-17,2026-04-22,2026-04-29,idiosyncratic,-3.1632907665033327,0.5006557640233817,1.1027741131632953,0.019342215463714618,0.018342215463714617,0.007953735414538476,0.010388480049176141
APD,2026-05-18,2026-05-21,2026-05-29,market_wide,-3.0882139679817517,-1.0739521155016785,1.114453094283243,-0.03987041177045114,-0.04087041177045114,0.037808072300981044,-0.07867848407143219
APD,2026-05-28,2026-06-02,2026-06-09,idiosyncratic,-3.735655530930493,0.7329622131011647,0.8327407013906144,0.01321202492502982,0.012212024925029819,-0.02110879933706944,0.03332082426209926
APD,2026-07-15,2026-07-20,2026-07-27,idiosyncratic,-3.0170214744905035,-0.04121376431529086,0.5579981854749171,-0.013653434392609354,-0.014653434392609355,0.02099157491281156,-0.035645009305420916
APD,2026-07-23,2026-07-28,2026-08-04,market_wide,-3.240854698263415,-3.8690428833268244,1.2098302205546065,0.006351324271118619,0.005351324271118619,0.02296996156928488,-0.017618637298166262
APD,2026-08-20,2026-08-25,2026-09-01,market_wide,-2.746844260340243,-4.5878613929962135,2.2020174482006545,0.004837917364406197,0.0038379173644061968,-0.00309211581644786,0.006930033180854057
MMM,2015-12-02,2015-12-07,2015-12-14,market_wide,-3.4860677677526124,-1.605867068221937,1.0815047607077815,-0.000760359810648259,-0.001760359810648259,-0.039937277890163436,0.038176918079515176
MMM,2015-12-15,2015-12-18,2015-12-28,market_wide,-7.777189621384507,-2.0012171289944103,3.4905286482874054,0.02926773382821768,0.028267733828217678,0.02602722925270773,0.0022405045755099495
MMM,2016-01-07,2016-01-12,2016-01-20,market_wide,-4.484399665265951,-4.912734125741212,1.7071904810280099,-0.027687063562661596,-0.028687063562661597,-0.0469445270320219,0.018257463469360302
MMM,2016-01-15,2016-01-21,2016-01-28,market_wide,-3.0548631097672034,-3.1614013929474543,1.6581871604529241,0.06939645271543649,0.06839645271543648,-0.007477918073151124,0.07587437078858761
MMM,2016-04-28,2016-05-03,2016-05-10,market_wide,-2.6799107686310712,-3.618661903809322,0.9041482374367673,0.013633577347768933,0.012633577347768932,0.003181497646655984,0.009452079701112948
MMM,2016-06-13,2016-06-16,2016-06-23,market_wide,-3.590505197852864,-4.3252193384523805,1.2410700770304741,0.02459857789308173,0.02359857789308173,0.02818467683992565,-0.0045860989468439195
MMM,2016-07-27,2016-08-01,2016-08-08,market_wide,-2.622555930355207,-1.0808806034970995,1.311308543003466,0.0016264412883737478,0.0006264412883737478,0.01034755093756945,-0.009721109649195703
MMM,2016-08-04,2016-08-09,2016-08-16,market_wide,-2.694764831399325,-1.6622944779702673,0.5539333705971816,0.00482116614664152,0.00382116614664152,0.007111133560870231,-0.0032899674142287108
MMM,2016-08-31,2016-09-06,2016-09-13,market_wide,-2.8870662337691813,-3.001286009657195,1.4009727625066142,-0.0243268025303498,-0.0253268025303498,-0.027864218988282508,0.0025374164579327063
MMM,2016-09-09,2016-09-14,2016-09-21,market_wide,-10.193428823813269,-8.791347982996637,1.7087154516237697,0.02260570594146083,0.02160570594146083,0.01773251294335476,0.0038731929981060675
MMM,2016-10-03,2016-10-06,2016-10-13,market_wide,-3.23143911194565,-1.0580032532364632,0.9351091657931127,-0.009437803609529394,-0.010437803609529395,-0.021973293924537618,0.011535490315008223
MMM,2016-10-11,2016-10-14,2016-10-21,market_wide,-3.2056998789031965,-4.844426378310692,0.9036652872270088,-0.004872747845314329,-0.005872747845314329,0.005753755160749607,-0.011626503006063937
MMM,2016-10-19,2016-10-24,2016-10-31,market_wide,-2.681592605948,-1.4076227994896078,0.640927435716251,-0.034857089160056365,-0.035857089160056366,-0.011196871254046559,-0.024660217906009807
MMM,2016-10-27,2016-11-01,2016-11-08,market_wide,-3.3339132271581966,-2.3959758759739045,0.786271850780956,0.041278584060249424,0.04027858406024942,0.011472031634753854,0.02880655242549557
MMM,2017-01-05,2017-01-10,2017-01-18,idiosyncratic,-4.139147707392212,-0.18006736129007886,1.0663466584096604,0.010816653737480975,0.009816653737480974,0.0007190165096526702,0.009097637227828304
MMM,2017-01-24,2017-01-27,2017-02-03,idiosyncratic,-3.791734809009767,1.3137940952697647,2.1184763584915727,-0.013747885269357218,-0.01474788526935722,6.3330030317665376e-06,-0.014754218272388986
MMM,2017-02-02,2017-02-07,2017-02-14,market_wide,-3.101007408632854,-1.4248560560216899,1.4153987633569287,0.03322721154055963,0.03222721154055963,0.01244527476039381,0.01978193678016582
MMM,2017-03-27,2017-03-30,2017-04-06,market_wide,-2.9422328247779608,-2.6252089542980928,0.9632158016636944,-0.007266938690274172,-0.008266938690274173,-0.006698925702856351,-0.0015680129874178217
MMM,2017-04-05,2017-04-10,2017-04-18,market_wide,-2.9069590151366036,-1.6451524664235122,0.8514902215330712,0.0026882715538889546,0.0016882715538889545,-0.009411272512039881,0.011099544065928835
MMM,2017-04-13,2017-04-19,2017-04-26,market_wide,-4.4686016143085325,-6.369588210209182,0.8427622225741299,0.027234619328036835,0.026234619328036834,0.026787796717263168,-0.0005531773892263336
MMM,2017-05-17,2017-05-22,2017-05-30,market_wide,-3.2902692050284403,-7.704275345697817,1.0688098587786938,0.01979727471967263,0.01879727471967263,0.015040942185524653,0.003756332534147977
MMM,2017-06-29,2017-07-05,2017-07-12,market_wide,-4.411098433554873,-3.9837806720868163,0.997360264788129,0.00734150564181979,0.00634150564181979,0.0025969541414263553,0.0037445515003934346
MMM,2017-07-25,2017-07-28,2017-08-04,idiosyncratic,-15.08212165562293,0.20105508539103958,4.586498541407671,0.039705573753504586,0.038705573753504585,0.0035706049701595965,0.03513496878334499
MMM,2017-08-17,2017-08-22,2017-08-29,market_wide,-3.746175018476452,-3.4367620105350833,0.9145682569828744,-0.006681924777485526,-0.007681924777485526,-0.0008888307866611322,-0.006793093990824394
MMM,2017-08-25,2017-08-30,2017-09-07,market_wide,-2.7835814082675245,-1.4928156761035427,0.8330643687215376,0.0037795484347424857,0.0027795484347424857,0.01860505679626101,-0.015825508361518525
MMM,2017-09-27,2017-10-02,2017-10-09,idiosyncratic,-2.851009116019432,-0.02270785543967588,1.0276601577899185,0.01842444928816689,0.017424449288166888,-0.002120233955714257,0.019544683243881145
MMM,2017-11-07,2017-11-10,2017-11-17,idiosyncratic,-3.1038220873714386,-0.1591431067809678,0.585030220376624,0.008397677725739072,0.007397677725739072,0.00040702319864327485,0.006990654527095797
MMM,2017-11-15,2017-11-20,2017-11-28,market_wide,-3.0579996309607043,-4.931771150406744,1.0073483257232843,0.023019158619890456,0.022019158619890455,0.016265879576713438,0.0057532790431770175
MMM,2017-12-12,2017-12-15,2017-12-22,idiosyncratic,-3.234590264104312,0.39382864977935983,1.323101096114032,-0.01373941660421496,-0.014739416604214961,0.0035518948659598593,-0.01829131147017482
MMM,2018-03-01,2018-03-06,2018-03-13,market_wide,-3.299168071196157,-3.9812862610788233,1.5061702437396782,0.016733599257618303,0.015733599257618303,0.013720401678839922,0.0020131975787783807
MMM,2018-03-26,2018-03-29,2018-04-06,market_wide,-2.6269764477341355,-2.0848494147662118,1.3003882482005482,-0.03311761626539966,-0.034117616265399664,-0.016247000662396482,-0.01787061560300318
MMM,2018-04-09,2018-04-12,2018-04-19,market_wide,-2.7909716443336223,-1.63525699196799,0.7196327587787621,0.011228231934554467,0.010228231934554466,0.012763171863913403,-0.002534939929358937
MMM,2018-04-26,2018-05-01,2018-05-08,market_wide,-3.0093680075634937,-1.6180269512111007,1.201523127782518,0.03445782685807153,0.03345782685807153,-0.0035839230160824576,0.037041749874153984
MMM,2018-05-23,2018-05-29,2018-06-05,idiosyncratic,-2.7176060807050626,-0.008859046798405809,0.9988579735296104,0.027894433362086746,0.026894433362086745,0.02401192095784377,0.002882512404242976
MMM,2018-06-19,2018-06-22,2018-06-29,market_wide,-5.125702485546047,-1.9886710835197519,1.2471270605806601,0.0011192291630632845,0.00011922916306328444,-0.018557634880931873,0.018676864043995156
MMM,2018-06-27,2018-07-02,2018-07-10,market_wide,-2.504939404375529,-3.612512546452834,1.0342519086527988,0.030482453224728756,0.029482453224728755,0.029655452217843603,-0.0001729989931148479
MMM,2018-08-10,2018-08-15,2018-08-22,market_wide,-4.830655987079431,-1.1540619861316839,1.0418854835991869,0.014250781112058242,0.01325078111205824,0.02457865691705896,-0.01132787580500072
MMM,2018-09-12,2018-09-17,2018-09-24,market_wide,-4.233528585323407,-1.9543712719334143,2.248055678921418,0.018995186547093867,0.017995186547093867,0.017411313304705578,0.0005838732423882886
MMM,2018-10-24,2018-10-29,2018-11-05,market_wide,-5.8468662670527936,-5.515119565730182,1.5432136683632722,0.04015270620926681,0.03915270620926681,0.04429575222163207,-0.00514304601236526
MMM,2018-12-07,2018-12-12,2018-12-19,market_wide,-2.7330771321718395,-3.122144043623378,1.0090589882069092,-0.04929677231126384,-0.05029677231126384,-0.057576336723023536,0.007279564411759698
MMM,2019-03-05,2019-03-08,2019-03-15,market_wide,-5.940982406412601,-1.6062968480630322,1.5292505171272441,0.03579091482078356,0.03479091482078356,0.03098291600618075,0.0038079988146028088
MMM,2019-05-09,2019-05-14,2019-05-21,market_wide,-3.4985009605528212,-3.082950650855269,0.9003173145938919,-0.04514549423033998,-0.04614549423033998,-0.00489876836162173,-0.04124672586871825
MMM,2019-05-17,2019-05-22,2019-05-30,market_wide,-3.8040968027528574,-2.0839677975084787,0.9825178044500622,-0.045870296305162706,-0.046870296305162706,-0.02402906967563978,-0.022841226629522926
MMM,2019-05-29,2019-06-03,2019-06-10,market_wide,-3.6221937581883563,-4.158101661443817,0.9227124616303451,0.05154959014335958,0.05054959014335958,0.055445559020322666,-0.004895968876963086
MMM,2019-08-05,2019-08-08,2019-08-15,market_wide,-5.4763400931450885,-5.832836851481704,0.9127686918789221,-0.03620038446063745,-0.03720038446063745,-0.02473930765939103,-0.012461076801246418
MMM,2019-08-23,2019-08-28,2019-09-05,market_wide,-3.537033134939631,-2.357182222410041,1.5869775323756317,0.04239927645156283,0.04139927645156283,0.03434988092514879,0.007049395526414037
MMM,2019-09-23,2019-09-26,2019-10-03,market_wide,-2.6792118921967543,-1.4355283367893803,0.6946023370269188,-0.05249340233015243,-0.05349340233015243,-0.02608118008790916,-0.027412222242243267
MMM,2019-10-01,2019-10-04,2019-10-11,market_wide,-6.048363912004268,-4.151687520980794,1.26017404040459,0.014632379778239724,0.013632379778239723,0.007575005106212451,0.006057374672027271
MMM,2020-01-22,2020-01-27,2020-02-03,idiosyncratic,-3.0436240974805333,-0.20195983206217993,0.9142040537024951,-0.10840977225916659,-0.1094097722591666,-0.017240399965797626,-0.09216937229336897
MMM,2020-07-30,2020-08-04,2020-08-11,market_wide,-4.700366468472408,-1.3900336996830587,1.028074712408015,0.08048395667940977,0.07948395667940977,0.018437141980155003,0.06104681469925477
MMM,2020-09-08,2020-09-11,2020-09-18,market_wide,-3.221310220932965,-5.182753072355893,0.9912191252902671,0.02034062557085803,0.019340625570858028,0.014086453166432422,0.0052541724044256055
MMM,2020-09-21,2020-09-24,2020-10-01,market_wide,-3.7571088185711075,-4.0252783612876435,1.4651604070248256,-0.010160848683709367,-0.011160848683709368,0.02634421732627179,-0.03750506600998116
MMM,2020-09-29,2020-10-02,2020-10-09,market_wide,-2.674479460734095,-1.170013562731302,0.7805315794536841,0.055749782138026394,0.05474978213802639,0.04659311081606732,0.008156671321959075
MMM,2020-10-27,2020-10-30,2020-11-06,market_wide,-5.913794555202268,-3.6602751071632658,1.9970460007688564,0.01912971250220097,0.018129712502200968,0.07742426061636887,-0.0592945481141679
MMM,2020-12-01,2020-12-04,2020-12-11,idiosyncratic,-2.603466865564457,0.7476920734198148,1.3836767709346711,0.009045482164983243,0.008045482164983242,-0.010148147906376748,0.01819363007135999
MMM,2020-12-29,2021-01-04,2021-01-11,idiosyncratic,-2.590630145989319,-0.2990936355687072,0.5581553342262723,-0.038808121394721895,-0.039808121394721896,0.03239581086216936,-0.07220393225689126
MMM,2021-01-08,2021-01-13,2021-01-21,idiosyncratic,-4.831714277935487,0.6616612556565821,2.108594009827781,0.02640137098607176,0.02540137098607176,0.006739228177781165,0.018662142808290594
MMM,2021-02-22,2021-02-25,2021-03-04,market_wide,-2.671708954012603,-3.842863883419482,1.1469209719078213,-0.006321650594636963,-0.007321650594636963,-0.018657389299502336,0.011335738704865372
MMM,2021-04-28,2021-05-03,2021-05-10,idiosyncratic,-2.767662816599772,-0.08837738353227054,1.0403635748950784,0.04390513080844105,0.04290513080844105,0.01807587509786468,0.02482925571057637
MMM,2021-06-10,2021-06-15,2021-06-22,idiosyncratic,-2.618263468892808,0.6930575458088026,1.0730376498998697,-0.027266560036623755,-0.028266560036623756,-0.011260370620845506,-0.01700618941577825
MMM,2021-06-18,2021-06-23,2021-06-30,market_wide,-4.375252702675924,-7.107473890306415,2.7003233883314155,0.0325952701284451,0.031595270128445097,0.018805090928809998,0.012790179199635099
MMM,2021-07-19,2021-07-22,2021-07-29,market_wide,-2.9377118137516605,-5.9524530987722075,1.470900428057149,-0.0045210519840089836,-0.005521051984008984,0.006660903111645355,-0.01218195509565434
MMM,2021-07-29,2021-08-03,2021-08-10,idiosyncratic,-2.874585937494318,-0.0746053015703108,0.9075848050567012,-0.008854012165997904,-0.009854012165997905,-0.004219606323620839,-0.005634405842377066
MMM,2021-08-18,2021-08-23,2021-08-30,market_wide,-3.177409323050453,-3.3817276171115336,1.2599661099118378,0.007653516496550106,0.006653516496550106,0.006433123782631611,0.00022039271391849444
MMM,2021-08-31,2021-09-03,2021-09-13,idiosyncratic,-2.7372672792578427,-0.15606884272395538,1.4840303832924082,-0.04712206494423932,-0.04812206494423932,-0.01583255270238526,-0.03228951224185406
MMM,2021-09-09,2021-09-14,2021-09-21,market_wide,-2.9671232947277217,-2.0173485448585704,1.249475709918597,-0.02192720767278855,-0.022927207672788552,-0.015745111320572658,-0.007182096352215894
MMM,2021-09-17,2021-09-22,2021-09-29,market_wide,-3.0175411312407334,-3.276858177342188,3.3658425767691837,0.005782924441700921,0.004782924441700921,0.005058848670836946,-0.00027592422913602557
MMM,2021-09-30,2021-10-05,2021-10-12,market_wide,-6.087913281784756,-3.442419606146765,0.9832678609609975,-0.013211067597563186,-0.014211067597563187,-0.0003655997755553919,-0.013845467822007795
MMM,2021-10-29,2021-11-03,2021-11-10,idiosyncratic,-2.717629617462811,0.24086086048660374,1.1740179079456057,0.0010421245859375539,4.212458593755384e-05,0.009424002944291576,-0.009381878358354023
MMM,2021-11-18,2021-11-23,2021-12-01,idiosyncratic,-2.763694888855158,0.2292061951445056,1.1892476894750585,-0.048646028185706514,-0.049646028185706514,-0.051622088912403274,0.00197606072669676
MMM,2021-11-30,2021-12-03,2021-12-10,market_wide,-5.212035277813563,-4.358170009636211,2.5741939319075104,0.026131270084353897,0.025131270084353896,0.038793846132754384,-0.013662576048400488
MMM,2021-12-20,2021-12-23,2021-12-31,market_wide,-4.635482836908376,-3.581138745523857,0.8176924504383805,0.01520249668141016,0.01420249668141016,0.009569043267359856,0.004633453414050304
MMM,2022-01-20,2022-01-25,2022-02-01,market_wide,-7.147082729861984,-4.025541845967729,1.2076541716507847,-0.036374008642403366,-0.03737400864240337,0.03636654921495053,-0.0737405578573539
MMM,2022-01-31,2022-02-03,2022-02-10,market_wide,-2.623302176992211,-1.3539032067520769,1.4085651083298145,-0.028286364096727135,-0.029286364096727135,-0.010232175202027793,-0.019054188894699342
MMM,2022-02-10,2022-02-15,2022-02-23,market_wide,-3.496556887029906,-1.0673860039951817,1.0721261972885192,-0.07349932188054253,-0.07449932188054254,-0.048053649259810816,-0.02644567262073172
MMM,2022-04-05,2022-04-08,2022-04-18,market_wide,-2.5039817364016583,-2.074940226600409,0.7970975359646416,-0.02423063967363115,-0.02523063967363115,-0.014344886015520197,-0.010885753658110953
MMM,2022-04-13,2022-04-19,2022-04-26,market_wide,-3.3384601288826063,-2.349025428369594,0.7857639888249485,-0.03917396832313347,-0.04017396832313347,-0.04898788479776872,0.008813916474635253
MMM,2022-05-20,2022-05-25,2022-06-02,market_wide,-4.001925423400199,-2.9995467131040088,1.4475480772545612,0.016393367721582175,0.015393367721582174,0.05028794732561437,-0.034894579604032194
MMM,2022-06-16,2022-06-22,2022-06-29,market_wide,-3.166187867915658,-2.9011143567475943,1.3816078981548368,-0.004831081607024279,-0.005831081607024279,0.015518758640824082,-0.021349840247848362
MMM,2022-06-29,2022-07-05,2022-07-12,market_wide,-2.5890950785760536,-1.1744947594946675,0.8253368366967163,0.007661872731835828,0.006661872731835828,0.0010171830882190758,0.005644689643616752
MMM,2022-07-11,2022-07-14,2022-07-21,market_wide,-2.87583201105644,-1.2828064357616353,0.8711063862182532,0.04395632014402828,0.04295632014402828,0.054068056088470096,-0.011111735944441814
MMM,2022-08-22,2022-08-25,2022-09-01,market_wide,-4.776364280107709,-2.49353665269633,2.349155164301849,-0.11999158395717491,-0.12099158395717491,-0.052073904579273744,-0.06891767937790116
MMM,2022-09-14,2022-09-19,2022-09-26,market_wide,-2.8195496295896043,-2.56099915166551,0.2211093640840297,-0.031207188815515763,-0.032207188815515764,-0.06149294612860223,0.02928575731308647
MMM,2022-09-22,2022-09-27,2022-10-04,market_wide,-3.224161056528458,-3.5997052206994846,0.34449395021034285,0.028556162199574908,0.027556162199574907,0.04454661953055705,-0.016990457330982145
MMM,2022-10-07,2022-10-12,2022-10-19,market_wide,-4.976262622100948,-2.287080506859787,1.3293955020784005,0.0481870722601474,0.0471870722601474,0.03531612897898273,0.01187094328116467
MMM,2022-11-28,2022-12-01,2022-12-08,market_wide,-4.7005972752771745,-2.106157566315576,1.1396789444567026,7.94796904759476e-05,-0.0009205203095240524,-0.022788105102002132,0.02186758479247808
MMM,2022-12-06,2022-12-09,2022-12-16,market_wide,-2.8804762514119124,-2.75684144631924,0.7927330176612332,-0.03236330607820459,-0.03336330607820459,-0.01818559515488405,-0.015177710923320542
MMM,2022-12-15,2022-12-20,2022-12-28,market_wide,-5.407429222060935,-3.414287458755162,1.2099552646441145,-0.02085923569453263,-0.02185923569453263,-0.005104580893686594,-0.016754654800846036
MMM,2022-12-23,2022-12-29,2023-01-06,market_wide,-2.925339476560656,-2.2449385520785117,0.7763186616978858,0.0510078273604988,0.0500078273604988,0.03377748267054281,0.01623034468995599
MMM,2023-01-24,2023-01-27,2023-02-03,idiosyncratic,-3.6394989375371103,-0.097230807495869,3.3582675400073723,0.019435960764017768,0.018435960764017767,0.005362608556692239,0.013073352207325528
MMM,2023-02-10,2023-02-15,2023-02-23,market_wide,-2.8844269786505206,-1.8290184335505537,0.6219136958267,-0.0386617292668725,-0.0396617292668725,-0.03034175779879522,-0.009319971468077282
MMM,2023-02-21,2023-02-24,2023-03-03,market_wide,-4.930165492981323,-5.481920981569055,1.5063464329554388,0.03209636780557168,0.03109636780557168,0.01695547339166037,0.014140894413911309
MMM,2023-03-10,2023-03-15,2023-03-22,market_wide,-4.058171093747096,-4.723587465033564,0.9610470550217921,-0.012064550485606729,-0.01306455048560673,0.011570691541282319,-0.024635242026889048
MMM,2023-03-22,2023-03-27,2023-04-03,market_wide,-4.157524909684068,-1.3447715136625742,0.6256564923819474,0.030348033341169867,0.029348033341169866,0.0335225727441264,-0.004174539402956534
MMM,2023-04-25,2023-04-28,2023-05-05,market_wide,-2.7338058438633057,-4.058077416827051,1.5951358486189493,-0.027019509155964294,-0.028019509155964295,-0.018363286067404783,-0.009656223088559512
MMM,2023-05-03,2023-05-08,2023-05-15,market_wide,-2.906340677077829,-2.1131338205390264,0.5797711297225807,-0.01807711131741596,-0.019077111317415962,-0.0038722309582632786,-0.015204880359152684
MMM,2023-05-24,2023-05-30,2023-06-06,market_wide,-3.50439414714292,-2.4991213938743773,1.3279563699919728,0.023214524260493308,0.022214524260493307,0.010318265611566124,0.011896258648927183
MMM,2023-06-27,2023-06-30,2023-07-10,market_wide,-4.46376250365003,-1.584530954223123,1.4146429869288757,-0.0289740267856623,-0.0299740267856623,-0.013021214515479662,-0.016952812270182638
MMM,2023-08-07,2023-08-10,2023-08-17,market_wide,-2.613687372253195,-1.891382586709633,0.5545450997834621,-0.02021188999498913,-0.02121188999498913,-0.018344022120164394,-0.0028678678748247366
MMM,2023-08-15,2023-08-18,2023-08-25,market_wide,-3.8959046953694223,-4.153668296444291,1.275250921872207,-0.010598997939942345,-0.011598997939942346,-0.0023145787581448918,-0.009284419181797454
MMM,2023-09-13,2023-09-18,2023-09-25,market_wide,-7.212191949112394,-1.9711247504264893,1.9970632007012343,-0.061856892372143424,-0.06285689237214342,-0.025835687470907365,-0.03702120490123606
MMM,2023-09-25,2023-09-28,2023-10-05,market_wide,-3.618178381422887,-2.6731244787200277,1.1036801249316541,-0.05822399260191702,-0.05922399260191702,-0.019003614430256555,-0.040220378171660465
MMM,2023-10-03,2023-10-06,2023-10-13,market_wide,-3.7402373773282913,-3.784257763071307,1.3961081873413868,0.003167677649877021,0.002167677649877021,0.0011168478527736614,0.0010508297971033595
MMM,2024-01-12,2024-01-18,2024-01-25,idiosyncratic,-2.7303919247019675,-0.002707388892335431,1.18295346423503,-0.09827121096798352,-0.09927121096798353,0.009243517541398738,-0.10851472850938226
MMM,2024-02-08,2024-02-13,2024-02-21,idiosyncratic,-2.5782136090922245,0.051587295682908804,0.9275104657125441,0.006187006370714121,0.005187006370714121,0.018668000510946303,-0.013480994140232183
MMM,2024-03-04,2024-03-07,2024-03-14,idiosyncratic,-2.8459969779079417,-0.10427364150204614,1.5224598227348487,0.11336642084824233,0.11236642084824233,-0.0018772193080611732,0.1142436401563035
MMM,2024-05-30,2024-06-04,2024-06-11,market_wide,-2.5075767707591092,-5.073673263843472,0.9828277469516968,0.02748200196037409,0.02648200196037409,0.011136628774177648,0.015345373186196443
MMM,2024-09-06,2024-09-11,2024-09-18,market_wide,-3.4069729893875245,-4.671356436735905,1.0439078997881237,0.024034371171728575,0.023034371171728574,0.021097775627148208,0.0019365955445803662
MMM,2024-10-03,2024-10-08,2024-10-15,market_wide,-2.9792797114313836,-3.308252616511124,0.6232443339727752,0.007721283483626884,0.006721283483626884,0.018151240567076066,-0.011429957083449183
MMM,2024-11-20,2024-11-25,2024-12-03,market_wide,-3.3207648912508265,-1.8254257356641135,0.5479990590631233,0.006368993689318758,0.005368993689318758,-0.008334328321464302,0.013703322010783059
MMM,2024-12-10,2024-12-13,2024-12-20,market_wide,-3.10644029147826,-1.4089443072090828,1.083791674926335,-0.004926002265651541,-0.005926002265651541,-0.030650758045605353,0.02472475577995381
MMM,2025-02-07,2025-02-12,2025-02-20,market_wide,-3.341178512051796,-2.296413480972153,0.8726215823447903,0.006350185720771728,0.005350185720771728,0.02757113218162721,-0.022220946460855484
MMM,2025-02-21,2025-02-26,2025-03-05,market_wide,-6.35194757461969,-3.303537264498875,1.6191780925601444,0.0012208966252897913,0.00022089662528979124,-0.009479179560645923,0.009700076185935713
MMM,2025-03-04,2025-03-07,2025-03-14,market_wide,-2.8133046841276115,-3.470752062328047,1.4599761668150864,0.028093122212850874,0.027093122212850873,-0.028185562576570344,0.05527868478942122
MMM,2025-06-04,2025-06-09,2025-06-16,idiosyncratic,-3.607627346817855,-0.030091496106054032,0.8090777775096442,0.00582404739253084,0.00482404739253084,0.018807601787584227,-0.013983554395053388
MMM,2025-06-12,2025-06-17,2025-06-25,idiosyncratic,-2.9712489323936646,0.14181818398950738,0.6724608486581324,0.03895655923724406,0.03795655923724406,0.015871611068933644,0.022084948168310414
MMM,2025-07-22,2025-07-25,2025-08-01,idiosyncratic,-3.7034665578889285,0.03371204861872804,1.1279605014683767,-0.045349362489713996,-0.046349362489714,-0.038474576114904346,-0.00787478637480965
MMM,2025-09-22,2025-09-25,2025-10-02,idiosyncratic,-2.813031784938418,0.5829887026538749,0.8224328761319706,0.03770513828348543,0.03670513828348543,0.02054154878899528,0.01616358949449015
MMM,2025-10-13,2025-10-16,2025-10-23,market_wide,-2.6676131905747935,-1.7524692409386786,1.1205606093007188,0.13334662156877686,0.13234662156877686,0.025311139671407634,0.10703548189736922
MMM,2025-12-16,2025-12-19,2025-12-29,market_wide,-3.3780786098284867,-3.827721286911332,1.0248366109225184,-0.0014817596146221579,-0.002481759614622158,0.015292519432370533,-0.01777427904699269
MMM,2025-12-24,2025-12-30,2026-01-07,idiosyncratic,-2.642435131919705,0.40597116758634255,0.3186003065185533,0.010796063119434152,0.00979606311943415,0.025596377055725483,-0.015800313936291333
MMM,2026-01-28,2026-02-02,2026-02-09,idiosyncratic,-2.5466071618333466,-0.013666952332430458,0.8060591482958646,0.10982212347084497,0.10882212347084497,0.01693364656236729,0.09188847690847768
MMM,2026-03-06,2026-03-11,2026-03-18,market_wide,-3.546717255592003,-5.199373025321597,1.3735793004845538,-0.06502548843400502,-0.06602548843400502,-0.017639716068212352,-0.04838577236579267
MMM,2026-03-30,2026-04-02,2026-04-10,market_wide,-2.55546727067659,-3.587352868335035,0.6003006820939463,0.04049287833710813,0.03949287833710813,0.018514909302425275,0.020977969034682853
MMM,2026-04-22,2026-04-27,2026-05-04,idiosyncratic,-4.897970404313865,0.0837514981734523,1.2933321292711284,-0.02888115294231286,-0.02988115294231286,0.013188109602270348,-0.04306926254458321
MMM,2026-07-09,2026-07-14,2026-07-21,idiosyncratic,-3.248395563036975,0.058813652706855284,1.147130003474427,0.09056072873760845,0.08956072873760845,0.01981496695913587,0.06974576177847258
MMM,2026-08-18,2026-08-21,2026-08-28,market_wide,-2.566203962248692,-3.6749454467996285,0.8592542629166096,-0.021551304443143682,-0.022551304443143683,0.004467478244114531,-0.027018782687258214
MMM,2026-09-01,2026-09-04,2026-09-14,market_wide,-3.6173186639445585,-3.5570295969259753,1.3179502760032986,-0.03879920135772086,-0.03979920135772086,-0.019755438059126385,-0.020043763298594475
ABT,2016-01-08,2016-01-13,2016-01-21,market_wide,-3.4959131684060614,-3.7418402145714538,1.353074758660623,-0.01986069713923977,-0.02086069713923977,-0.017129545247534628,-0.0037311518917051423
ABT,2016-01-20,2016-01-25,2016-02-01,market_wide,-3.2538771900003947,-3.5432833822384526,1.4941808557705298,-0.030509451934487175,-0.031509451934487176,0.03165317536525647,-0.06316262729974365
ABT,2016-01-29,2016-02-03,2016-02-10,idiosyncratic,-2.71121038357797,0.9493119362953634,1.6003791450378648,-0.021304612979234916,-0.022304612979234917,-0.016165454442779614,-0.0061391585364553025
ABT,2016-02-09,2016-02-12,2016-02-22,market_wide,-2.918296198679441,-3.189753398238568,0.8276555567934775,0.05467233678200145,0.05367233678200145,0.04150432400494153,0.012168012777059922
ABT,2016-05-02,2016-05-05,2016-05-12,market_wide,-2.8458057240011256,-1.8903915368603101,1.6463377388149658,-0.01298724195351808,-0.013987241953518081,0.0009636547974452014,-0.014950896750963283
ABT,2016-05-11,2016-05-16,2016-05-23,market_wide,-3.219697283265814,-1.904901710080714,0.5462081149653591,-0.02300679022731522,-0.024006790227315222,-0.004400496695206035,-0.019606293532109187
ABT,2016-05-19,2016-05-24,2016-06-01,market_wide,-4.766831852906964,-3.6300344097849964,0.748851168870206,0.040021333943618176,0.039021333943618175,0.016721407884982442,0.022299926058635733
ABT,2016-06-13,2016-06-16,2016-06-23,market_wide,-4.7167313242161715,-4.3252193384523805,1.006962169874761,0.05680013951646279,0.05580013951646279,0.02818467683992565,0.02761546267653714
ABT,2016-08-24,2016-08-29,2016-09-06,market_wide,-4.551272400567905,-2.793936962646599,1.0656577942704635,-0.025202104045573215,-0.026202104045573216,-0.006372124492958209,-0.019829979552615007
ABT,2016-09-01,2016-09-07,2016-09-14,market_wide,-2.6948568318479937,-2.6645898524348968,0.8352823410181404,-0.026014218667848366,-0.027014218667848366,-0.026479225607167756,-0.0005349930606806108
ABT,2016-09-12,2016-09-15,2016-09-22,market_wide,-2.824761387700461,-1.6139088843479001,0.7233169895039058,0.026751240419268685,0.025751240419268684,0.010000573904392684,0.015750666514876
ABT,2016-10-11,2016-10-14,2016-10-21,market_wide,-4.122718298758872,-4.844426378310692,3.5532283150785555,-0.007109258605087043,-0.008109258605087044,0.005753755160749607,-0.013863013765836651
ABT,2016-10-19,2016-10-24,2016-10-31,market_wide,-3.232038537816836,-1.4076227994896078,2.0858772376360575,-0.02895356204023325,-0.02995356204023325,-0.011196871254046559,-0.01875669078618669
ABT,2016-11-01,2016-11-04,2016-11-11,market_wide,-3.783664319353555,-5.1879093859661,0.8682339336150602,0.0268610766765347,0.0258610766765347,0.04238968937872034,-0.01652861270218564
ABT,2016-12-02,2016-12-07,2016-12-14,market_wide,-2.8280373136481862,-2.0156042863609374,0.8265449854356319,0.008835286827538757,0.007835286827538757,0.005095481835257543,0.002739804992281214
ABT,2016-12-20,2016-12-23,2017-01-03,idiosyncratic,-2.8807867772528732,-0.01516562502367279,0.7527049543828226,0.016397849302285605,0.015397849302285604,-0.0024137205412952945,0.0178115698435809
ABT,2017-01-23,2017-01-26,2017-02-02,market_wide,-2.9424739115664464,-2.6067583388035525,0.7966965684797757,0.04370102193708858,0.04270102193708858,-0.009150867086911818,0.0518518890240004
ABT,2017-03-07,2017-03-10,2017-03-17,market_wide,-2.5573252787418035,-2.413774646772849,0.7261590142814375,-0.011592802081095921,-0.012592802081095922,0.005254755633985697,-0.01784755771508162
ABT,2017-03-21,2017-03-24,2017-03-31,market_wide,-2.950432237971656,-5.436602080457501,0.8119531592971853,-0.007153846060023117,-0.008153846060023118,0.00969468857972089,-0.017848534639744007
ABT,2017-03-29,2017-04-03,2017-04-10,market_wide,-3.0192252984502157,-1.3836375604077689,0.6851224888196532,-0.019788582229943508,-0.02078858222994351,-0.0014831831771741077,-0.0193053990527694
ABT,2017-04-10,2017-04-13,2017-04-21,market_wide,-2.7725443292438188,-1.361726950426374,0.7136899718738801,0.020154323066450264,0.019154323066450263,0.013835062236505546,0.005319260829944716
ABT,2017-05-17,2017-05-22,2017-05-30,market_wide,-3.8381166513103153,-7.704275345697817,1.0367312319329767,0.029041789784719274,0.028041789784719273,0.015040942185524653,0.01300084759919462
ABT,2017-07-06,2017-07-11,2017-07-18,market_wide,-5.272833676324008,-3.7089769085961857,0.9027546501752032,0.017854900555637654,0.016854900555637653,0.014315494499797854,0.002539406055839799
ABT,2017-08-08,2017-08-11,2017-08-18,market_wide,-3.2092324871217555,-1.888026190337841,0.659881090233246,0.00412026195104187,0.0031202619510418703,0.002070416900743277,0.0010498450502985932
ABT,2017-10-30,2017-11-02,2017-11-09,market_wide,-4.0329210228314984,-1.1764371394255655,1.3378967571191895,0.019864134299291347,0.018864134299291346,0.0042258306183933225,0.014638303680898024
ABT,2018-02-09,2018-02-14,2018-02-22,market_wide,-2.5634700807741315,-2.540611304848514,0.8528013681532587,0.012182857336615172,0.01118285733661517,0.0007830846568872563,0.010399772679727914
ABT,2018-03-28,2018-04-03,2018-04-10,market_wide,-3.183688337162416,-2.4364087369057903,1.4391969051813425,0.0023729354401784697,0.0013729354401784697,0.013292979728045218,-0.011920044287866749
ABT,2018-04-09,2018-04-12,2018-04-19,market_wide,-2.8481356343410886,-1.63525699196799,0.8507662749653724,0.017848095690386367,0.016848095690386367,0.012763171863913403,0.004084923826472964
ABT,2018-04-30,2018-05-03,2018-05-10,market_wide,-3.4272214005027344,-2.40396445387288,0.8962454166678918,0.045399593635276014,0.04439959363527601,0.041280587003438285,0.0031190066318377285
ABT,2018-06-19,2018-06-22,2018-06-29,market_wide,-4.70728459517298,-1.9886710835197519,1.001314363194809,-0.015337211848479027,-0.016337211848479027,-0.018557634880931873,0.002220423032452845
ABT,2018-06-27,2018-07-02,2018-07-10,market_wide,-3.0676444690319724,-3.612512546452834,1.2141216416836529,0.029672029631075514,0.028672029631075513,0.029655452217843603,-0.0009834225867680901
ABT,2018-08-09,2018-08-14,2018-08-21,idiosyncratic,-2.860863049419223,-0.25780182666518836,0.5825723103618117,0.017601959387695487,0.016601959387695486,0.013170235688208853,0.003431723699486633
ABT,2018-10-10,2018-10-15,2018-10-22,market_wide,-5.044373913550036,-7.928389192617845,1.6554492078796572,-0.0026200435666062782,-0.0036200435666062783,-0.0015189622710246597,-0.0021010812955816185
ABT,2018-10-18,2018-10-23,2018-10-30,market_wide,-2.6426170519703347,-2.0661777140722566,1.3669075515798874,-0.008312460011925205,-0.009312460011925205,-0.012849978957629404,0.003537518945704199
ABT,2018-11-20,2018-11-26,2018-12-03,market_wide,-2.9937749101548525,-4.144082376798257,1.34392784876746,0.07934884639960837,0.07834884639960837,0.052375147721283044,0.02597369867832533
ABT,2018-12-17,2018-12-20,2018-12-28,market_wide,-3.2848162187003744,-4.0503386889229835,1.0008964280788857,0.03963170978636632,0.03863170978636632,0.015300426951556867,0.023331282834809453
ABT,2019-04-08,2019-04-11,2019-04-18,idiosyncratic,-2.6145774548249126,0.06349043377167538,1.1837702175125489,-0.05461070328092499,-0.05561070328092499,0.023574066477484612,-0.0791847697584096
ABT,2019-05-07,2019-05-10,2019-05-17,market_wide,-2.502755289302086,-6.097424121685358,0.9765499577088276,-0.006278459180220741,-0.007278459180220741,-0.018682096092299205,0.011403636912078463
ABT,2019-05-17,2019-05-22,2019-05-30,market_wide,-2.7152411796406004,-2.0839677975084787,1.0804376678615097,0.0034087954824326694,0.0024087954824326694,-0.02402906967563978,0.02643786515807245
ABT,2019-05-28,2019-05-31,2019-06-07,market_wide,-2.7447357125760314,-3.5447686046909417,1.1315222906925995,0.060554445281375324,0.05955444528137532,0.05669939466216389,0.00285505061921143
ABT,2019-08-14,2019-08-19,2019-08-26,market_wide,-2.572754980532924,-3.3374649653533885,0.7582226030179704,-0.02851817846695892,-0.029518178466958922,-0.008097859827938425,-0.021420318639020497
ABT,2019-09-17,2019-09-20,2019-09-27,idiosyncratic,-2.5767002290371215,-0.11180322358877297,0.8479403979630283,-0.020818721073433633,-0.021818721073433633,-0.014028173718574455,-0.007790547354859179
ABT,2019-09-25,2019-09-30,2019-10-07,market_wide,-2.999166635363061,-1.8724534949214933,0.7302697067791163,-0.03143274626444159,-0.03243274626444159,-0.017280565928601388,-0.015152180335840204
ABT,2019-10-09,2019-10-14,2019-10-21,market_wide,-2.692166277124979,-1.831035086209742,1.0090597632227483,0.02292661653428918,0.02192661653428918,0.01558201631644529,0.006344600217843888
ABT,2020-01-03,2020-01-08,2020-01-15,market_wide,-5.532506832448056,-1.284061509098454,1.1118606274388558,0.01787656375836777,0.01687656375836777,0.010524398357947273,0.006352165400420495
ABT,2020-05-15,2020-05-20,2020-05-28,market_wide,-3.1262894417789173,-1.6622598685138728,1.9801107223139653,0.022311086436821004,0.021311086436821003,0.026731530054705743,-0.00542044361788474
ABT,2020-08-10,2020-08-13,2020-08-20,idiosyncratic,-2.5988785764716176,0.21145823621287857,0.7256612186968261,0.005242511529878646,0.004242511529878646,-0.0024046071057465257,0.006647118635625172
ABT,2020-09-23,2020-09-28,2020-10-05,market_wide,-4.433480267612426,-4.0602107205718445,0.8955154406092901,0.039448399479424134,0.038448399479424133,0.01327321163334405,0.025175187846080083
ABT,2020-10-28,2020-11-02,2020-11-09,market_wide,-2.9488476389206677,-6.301408518172243,1.5366696658764902,0.01777063673188617,0.016770636731886168,0.08062151643131532,-0.06385087969942915
ABT,2020-11-18,2020-11-23,2020-12-01,market_wide,-3.1161262859213497,-1.129576864537089,0.8101841124993316,-0.007138292854880435,-0.008138292854880436,0.013252809890700767,-0.021391102745581203
ABT,2020-11-27,2020-12-02,2020-12-09,idiosyncratic,-2.5542614407208375,0.13186835990085452,0.4448330583565228,-0.016920708784429528,-0.01792070878442953,0.013949097322115911,-0.03186980610654544
ABT,2020-12-07,2020-12-10,2020-12-17,idiosyncratic,-3.099482275994574,-0.17302229413727305,1.5177837902969624,0.021216902838121943,0.020216902838121942,0.0023796295268423417,0.0178372733112796
ABT,2021-02-22,2021-02-25,2021-03-04,market_wide,-3.263828545532537,-3.842863883419482,1.0953933303622128,-0.04581341580756204,-0.04681341580756204,-0.018657389299502336,-0.028156026508059706
ABT,2021-03-04,2021-03-09,2021-03-16,market_wide,-5.334091982000371,-3.7014439114287767,1.3717444717444718,0.013025001760380572,0.012025001760380571,0.012195662214183223,-0.00017066045380265127
ABT,2021-05-04,2021-05-07,2021-05-14,market_wide,-4.211450528394164,-1.7774317783131148,1.7191700378441863,-0.005380421196208518,-0.006380421196208518,-0.007711055582815374,0.0013306343866068557
ABT,2021-05-12,2021-05-17,2021-05-24,market_wide,-4.200672740066757,-7.2504735500917405,0.9487906942336798,0.004711387223798269,0.003711387223798269,0.011010596342238221,-0.007299209118439952
ABT,2021-09-17,2021-09-22,2021-09-29,market_wide,-2.689033594458729,-3.276858177342188,2.605373524537228,-0.04163683350973513,-0.04263683350973513,0.005058848670836946,-0.047695682180572074
ABT,2021-09-28,2021-10-01,2021-10-08,market_wide,-4.236461908612362,-2.8177769508530273,1.1092440158755719,0.010067509143395048,0.009067509143395047,0.007715694598681377,0.0013518145447136698
ABT,2021-11-22,2021-11-26,2021-12-03,market_wide,-4.098304621914996,-1.005434468630341,0.8128418733208342,0.03487426428256013,0.03387426428256013,-0.014296344650496451,0.04817060893305658
ABT,2022-01-05,2022-01-10,2022-01-18,market_wide,-2.8671340949412256,-1.8299927411605221,1.2296961214604527,-0.06094612112434605,-0.061946121124346054,-0.016226077565049346,-0.04572004355929671
ABT,2022-01-18,2022-01-21,2022-01-28,market_wide,-4.0153959574982885,-4.361521609635247,0.866840723332879,-0.00381467424060411,-0.00481467424060411,0.007376828972009308,-0.01219150321261342
ABT,2022-02-14,2022-02-17,2022-02-25,market_wide,-4.823769008546991,-3.6430201044096755,1.4266687393367838,0.015176631289715026,0.014176631289715025,0.005674827893279222,0.008501803396435803
ABT,2022-03-08,2022-03-11,2022-03-18,market_wide,-3.5770832865985547,-3.355194252451035,1.0565075276555917,0.07393457812361715,0.07293457812361714,0.0560753631577362,0.016859214965880942
ABT,2022-04-12,2022-04-18,2022-04-25,market_wide,-2.837322184664977,-3.6526392561982766,0.8935782442940464,0.03198891032425788,0.03098891032425788,-0.0092613944820229,0.04025030480628078
ABT,2022-04-29,2022-05-04,2022-05-11,market_wide,-4.032335453038316,-3.1785109955321706,1.317064310241214,-0.085220270898132,-0.086220270898132,-0.06733220628791714,-0.01888806461021486
ABT,2022-05-09,2022-05-12,2022-05-19,market_wide,-4.651225226244472,-4.410257474264372,1.3156804445310977,0.0414002405169589,0.040400240516958896,-0.02741915488792157,0.06781939540488047
ABT,2022-06-14,2022-06-17,2022-06-27,market_wide,-3.80330089792372,-3.2548172651759395,1.2345966249342364,0.06388392466195514,0.06288392466195514,0.056203059514208675,0.006680865147746462
ABT,2022-08-22,2022-08-25,2022-09-01,market_wide,-3.5986700240701888,-2.49353665269633,1.0159327824843984,-0.009916091424297835,-0.010916091424297836,-0.052073904579273744,0.04115781315497591
ABT,2022-09-20,2022-09-23,2022-09-30,market_wide,-3.390760863851595,-3.2554797861055476,0.8530060560825017,-0.03893543111077491,-0.03993543111077491,-0.02556238893622642,-0.01437304217454849
ABT,2022-09-28,2022-10-03,2022-10-10,market_wide,-2.872858869446179,-2.0761791107234204,1.3408011430548812,0.01617761720782096,0.01517761720782096,-0.009234825586508122,0.02441244279432908
ABT,2023-01-25,2023-01-30,2023-02-06,idiosyncratic,-3.337201216286675,-0.06812827957059256,1.145408028497468,0.00856026438223667,0.007560264382236671,0.006267358580594351,0.0012929058016423198
ABT,2023-02-09,2023-02-14,2023-02-22,market_wide,-4.652629466179799,-1.9514113291161586,0.8840002440054856,-0.04260663893022931,-0.04360663893022931,-0.033649953261493004,-0.00995668566873631
ABT,2023-02-24,2023-03-01,2023-03-08,market_wide,-3.513510064524644,-3.093083892837976,1.1985897399422678,-0.014182344781478284,-0.015182344781478285,0.007543321166147532,-0.022725665947625817
ABT,2023-03-09,2023-03-14,2023-03-21,market_wide,-4.048807226083512,-3.959712510227801,0.9491452896866677,-0.0022324231523259686,-0.0032324231523259686,0.01530609383050896,-0.01853851698283493
ABT,2023-03-17,2023-03-22,2023-03-29,market_wide,-3.1499598950491268,-1.8785147387108885,1.889070379760943,0.018170486594979884,0.017170486594979883,0.0240046913684846,-0.006834204773504715
ABT,2023-05-11,2023-05-16,2023-05-23,market_wide,-2.6187401388126372,-1.1744240770210543,0.9611849179645496,-0.03336679484087557,-0.03436679484087557,0.00644424727007431,-0.04081104211094988
ABT,2023-05-25,2023-05-31,2023-06-07,market_wide,-4.134185380736859,-1.3450288400856287,1.818002667141785,-0.003333245332136525,-0.004333245332136525,0.01977632578446764,-0.024109571116604167
ABT,2023-06-06,2023-06-09,2023-06-16,idiosyncratic,-2.816870557685089,0.02040827956170295,0.8132940793204552,0.04435035275689625,0.04335035275689625,0.02687812455402394,0.016472228202872308
ABT,2023-07-07,2023-07-12,2023-07-19,market_wide,-4.514271741922293,-1.2262684957811356,1.0882237041854095,0.008839496985837414,0.007839496985837413,0.014009644387398934,-0.006170147401561521
ABT,2023-08-02,2023-08-07,2023-08-14,market_wide,-2.755988126140706,-3.791203054352872,0.9041706830438656,-0.02166893976852924,-0.02266893976852924,-0.005798480254842753,-0.016870459513686487
ABT,2023-08-10,2023-08-15,2023-08-22,market_wide,-2.9782030871779694,-2.7586469518263956,1.0456439276164418,0.0020009603928865527,0.0010009603928865527,-0.016531267442665087,0.01753222783555164
ABT,2023-08-18,2023-08-23,2023-08-30,market_wide,-3.637254053722663,-3.265292084226978,1.1392480020465108,-0.006848567448493825,-0.007848567448493826,0.017601624834355345,-0.02545019228284917
ABT,2023-08-28,2023-08-31,2023-09-08,market_wide,-4.332938490600638,-1.4476934763028557,1.5833297322991162,-0.02108834791472758,-0.02208834791472758,-0.005618009313488215,-0.016470338601239365
ABT,2023-09-07,2023-09-12,2023-09-19,market_wide,-3.4094345297207425,-1.2537103399295066,0.9637568355087215,-0.01689463418804593,-0.017894634188045933,-0.003000671247515241,-0.014893962940530692
ABT,2023-09-25,2023-09-28,2023-10-05,market_wide,-3.2560568142446877,-2.6731244787200277,0.9306430872550312,-0.019567848503390994,-0.020567848503390995,-0.019003614430256555,-0.0015642340731344406
ABT,2023-10-03,2023-10-06,2023-10-13,market_wide,-2.7278580421619965,-3.784257763071307,1.0125358434385034,-0.0568431108345937,-0.0578431108345937,0.0011168478527736614,-0.058959958687367364
ABT,2024-02-09,2024-02-14,2024-02-22,idiosyncratic,-2.8991928616327125,0.6099683463039446,1.0082319874418115,0.062109478386421335,0.061109478386421334,0.026299057311761187,0.03481042107466015
ABT,2024-03-20,2024-03-25,2024-04-02,idiosyncratic,-2.8814129737668717,1.8311372754022441,1.1883147313136855,0.018271075531536507,0.017271075531536506,0.005834484234503501,0.011436591297033005
ABT,2024-04-17,2024-04-22,2024-04-29,market_wide,-6.229522856816004,-3.1284092158096364,2.4468249923555194,0.0018679085527069095,0.0008679085527069095,0.01394627176529939,-0.013078363212592481
ABT,2024-04-30,2024-05-03,2024-05-10,market_wide,-3.100474428756723,-1.8016589161570329,0.8322071037749466,-0.010953805329223631,-0.011953805329223632,0.028130435877039117,-0.04008424120626275
ABT,2024-05-08,2024-05-13,2024-05-20,idiosyncratic,-3.9996348332931664,0.008607987241285347,1.4886631710648215,-0.014889701518161935,-0.015889701518161936,0.022311104880108568,-0.038200806398270504
ABT,2024-05-17,2024-05-22,2024-05-30,idiosyncratic,-3.1287661461967256,-0.058785947278153124,1.1657177853259286,-0.029383690113157224,-0.030383690113157225,-0.03147473688242308,0.0010910467692658576
ABT,2024-07-02,2024-07-08,2024-07-15,idiosyncratic,-3.120840364017518,2.0361872668403405,0.6066755079588249,0.013574444812631814,0.012574444812631813,0.018596318810359058,-0.006021873997727245
ABT,2024-09-20,2024-09-25,2024-10-02,idiosyncratic,-3.0759024932507324,-0.10613162355077195,1.652397563306447,0.009146677906407108,0.008146677906407107,0.01067463648262379,-0.0025279585762166823
ABT,2024-10-01,2024-10-04,2024-10-11,market_wide,-2.7429305134965714,-1.114088200153844,0.7777473780209758,0.030894930256506692,0.02989493025650669,0.021626744070149195,0.008268186186357496
ABT,2024-10-25,2024-10-30,2024-11-06,market_wide,-4.637751369132759,-2.3466798854271937,1.1107875991476592,0.020533061032404598,0.019533061032404597,0.0368472502709134,-0.017314189238508804
ABT,2024-12-03,2024-12-06,2024-12-13,idiosyncratic,-2.926756160817002,0.051812722654063365,0.9691894415775782,-0.019204116708104846,-0.020204116708104847,-0.013267483379472478,-0.006936633328632369
ABT,2024-12-11,2024-12-16,2024-12-23,idiosyncratic,-3.334546416157087,-0.11964019779742385,1.1498035910625457,0.015005997885183753,0.014005997885183752,-0.025279040937170816,0.03928503882235457
ABT,2025-01-10,2025-01-15,2025-01-23,market_wide,-3.3644707739424016,-3.5252444779569942,1.3428186917460034,0.10909105604926661,0.10809105604926661,0.04041336693220643,0.06767768911706018
ABT,2025-03-06,2025-03-11,2025-03-18,market_wide,-2.5762597040781734,-3.83282616761883,1.3570536736729342,-0.04794215767587551,-0.04894215767587551,0.011092680494298124,-0.06003483817017363
ABT,2025-03-14,2025-03-19,2025-03-26,market_wide,-3.8501545342016232,-2.235201698026661,1.1571849222246622,-0.006356944242928653,-0.007356944242928653,-0.004241338616674861,-0.0031156056262537915
ABT,2025-04-07,2025-04-10,2025-04-17,market_wide,-2.5405059118227937,-3.357055744331041,1.5170726070338292,0.05692122467394989,0.05592122467394989,0.0060924882675339465,0.04982873640641594
ABT,2025-06-17,2025-06-23,2025-06-30,market_wide,-3.765176032368228,-1.7341194586582835,1.0475569269879499,0.02063619602244504,0.01963619602244504,0.025433326299546977,-0.005797130277101936
ABT,2025-07-09,2025-07-14,2025-07-21,idiosyncratic,-2.8990191673773746,-0.20977628461834072,0.6927498280775618,-0.053408324015618125,-0.054408324015618126,-0.017489892527323025,-0.0369184314882951
ABT,2025-07-18,2025-07-23,2025-07-30,idiosyncratic,-2.6446225140243977,-0.19502954266287456,2.497167514711061,0.021616555287713446,0.020616555287713445,-0.013020510457921186,0.03363706574563463
ABT,2025-08-18,2025-08-21,2025-08-28,idiosyncratic,-2.739045319211968,-0.2625864327889848,0.619441413039085,-0.0047727359278503245,-0.0057727359278503245,0.012874041654376223,-0.018646777582226548
ABT,2025-10-01,2025-10-06,2025-10-13,idiosyncratic,-2.5394803089688534,0.5149211459801487,1.8460914984024392,-0.017646197081165327,-0.018646197081165328,-0.010564230020527643,-0.008081967060637685
ABT,2025-10-10,2025-10-15,2025-10-22,market_wide,-3.7464933409848182,-5.683885993533175,0.951556307272865,-0.011587495463058595,-0.012587495463058596,0.017082919752264836,-0.02967041521532343
ABT,2025-10-21,2025-10-24,2025-10-31,idiosyncratic,-2.986302158211571,-0.29884408964405174,0.7068768183309244,-0.02546319397463559,-0.02646319397463559,-0.005196686389711491,-0.0212665075849241
ABT,2025-10-29,2025-11-03,2025-11-10,idiosyncratic,-4.567751735234048,0.03792707405114992,0.727791611717136,0.016553672646097084,0.015553672646097083,0.0009054982000362699,0.014648174446060813
ABT,2025-12-08,2025-12-11,2025-12-18,idiosyncratic,-4.696115027241374,-0.2445555361722186,0.979190347654778,0.014925359021602747,0.013925359021602746,-0.01749628465274211,0.03142164367434486
ABT,2025-12-26,2025-12-31,2026-01-08,idiosyncratic,-2.523826892763,-0.010642682397591589,0.31843824562404555,0.007103476234413986,0.006103476234413986,0.04239052240560226,-0.036287046171188275
ABT,2026-01-12,2026-01-15,2026-01-23,idiosyncratic,-2.7990386936121268,0.2960734338070534,1.1004077502425187,-0.13041367814962412,-0.13141367814962412,0.00437415141575892,-0.13578782956538304
ABT,2026-01-22,2026-01-27,2026-02-03,market_wide,-9.306562377164111,-1.1940262971261595,4.890160732033312,0.006927177581482313,0.005927177581482313,0.01613597556127888,-0.010208797979796569
ABT,2026-03-05,2026-03-10,2026-03-17,market_wide,-3.557185404393768,-3.2099350754786293,1.0152073855389767,0.0014472961237950166,0.0004472961237950166,0.00036885973498446134,7.843638881055524e-05
ABT,2026-03-20,2026-03-25,2026-04-01,market_wide,-4.440360383663001,-4.1101855485777214,8.406216383947042,-0.023371218952176642,-0.024371218952176643,0.0009195873041074609,-0.025290806256284104
ABT,2026-03-30,2026-04-02,2026-04-10,market_wide,-3.522512709168135,-3.587352868335035,0.6531628839242017,-0.02498304323434075,-0.025983043234340752,0.018514909302425275,-0.04449795253676603
ABT,2026-04-10,2026-04-15,2026-04-22,idiosyncratic,-4.738202530251558,-0.028891976636979365,1.3426131995306114,-0.09708542549325694,-0.09808542549325694,0.011579395270138626,-0.10966482076339557
ABT,2026-04-22,2026-04-27,2026-05-04,idiosyncratic,-3.362104560199907,0.0837514981734523,0.8877201429656105,-0.056681092852956194,-0.057681092852956195,0.013188109602270348,-0.07086920245522654
ABT,2026-05-12,2026-05-15,2026-05-22,idiosyncratic,-2.8078865993877304,-0.1089709474896736,1.1870296777333,0.034805282698602724,0.03380528269860272,0.02860109726313631,0.005204185435466413
ABT,2026-08-31,2026-09-03,2026-09-11,market_wide,-2.9259351693978597,-1.7458727937871532,1.325844619522824,-0.06287346180460318,-0.06387346180460318,-0.016954668553613828,-0.046918793250989355
TGT,2015-12-09,2015-12-14,2015-12-21,market_wide,-3.4040250192866197,-3.669077576225415,0.7957835252389192,-0.013888627985023327,-0.014888627985023328,0.005148062199785475,-0.020036690184808803
TGT,2016-02-05,2016-02-10,2016-02-18,market_wide,-2.509922822211774,-2.809179441825968,0.7718190299463815,0.06358087846235105,0.06258087846235105,0.04548913051228198,0.01709174795006907
TGT,2016-04-08,2016-04-13,2016-04-20,market_wide,-4.706834851356354,-1.764696886197903,0.8471801325183625,0.016062004029017585,0.015062004029017584,0.010233097772048838,0.004828906256968746
TGT,2016-04-29,2016-05-04,2016-05-11,market_wide,-6.321122845059055,-4.541947163371555,1.9838074296687804,-0.0503075488426149,-0.0513075488426149,0.0028068613219589533,-0.054114410164573856
TGT,2016-05-18,2016-05-23,2016-05-31,market_wide,-4.702536599488059,-3.048003308127319,5.298612384620087,0.012512934242844276,0.011512934242844275,0.028040099285307152,-0.016527165042462877
TGT,2016-06-01,2016-06-06,2016-06-13,idiosyncratic,-2.974042492296788,0.012432278810867784,0.7805064804591351,-0.027902968057026967,-0.028902968057026968,-0.017821349923272334,-0.011081618133754634
TGT,2016-06-09,2016-06-14,2016-06-21,idiosyncratic,-5.063666229451386,-0.2870472378730579,0.8110005417354874,0.02337426744426363,0.02237426744426363,0.012536830719246383,0.009837436725017246
TGT,2016-08-02,2016-08-05,2016-08-12,market_wide,-3.1257972831865817,-4.7571918837533875,1.3279848762951112,0.011609294445924956,0.010609294445924955,0.003293921878642081,0.007315372567282874
TGT,2016-08-30,2016-09-02,2016-09-12,market_wide,-3.220953671428207,-1.8233037586169971,0.5437151395496866,-0.0213246610974418,-0.0223246610974418,-0.011476258072349976,-0.010848403025091824
TGT,2016-09-09,2016-09-14,2016-09-21,market_wide,-4.55714378868644,-8.791347982996637,1.0523464781534793,0.01862200894501642,0.01762200894501642,0.01773251294335476,-0.00011050399833834046
TGT,2016-09-19,2016-09-22,2016-09-29,market_wide,-2.5386104120444957,-1.815155671837536,0.6151102517464947,-0.012252127513411204,-0.013252127513411205,-0.01048110265419866,-0.0027710248592125453
TGT,2016-09-29,2016-10-04,2016-10-11,market_wide,-2.5468988103305485,-1.752284897137684,0.5603035066270788,-0.003787730735249184,-0.004787730735249184,-0.018590718685323693,0.013802987950074508
TGT,2016-10-17,2016-10-20,2016-10-27,market_wide,-4.002667929362208,-3.1039739045389743,1.0551144264382903,-0.0013294190595398714,-0.0023294190595398714,0.003174989253944327,-0.005504408313484198
TGT,2016-11-03,2016-11-08,2016-11-15,market_wide,-5.039716195914244,-3.886559824068,1.4813948798288405,0.07450967017977894,0.07350967017977894,0.024477630587843358,0.04903203959193558
TGT,2016-12-06,2016-12-09,2016-12-16,idiosyncratic,-2.7082288272133526,0.3027418070673739,1.3529574981472832,-0.008269790456320925,-0.009269790456320925,-0.0057956417694637885,-0.003474148686857137
TGT,2016-12-22,2016-12-28,2017-01-05,market_wide,-10.594910374437319,-1.3118765239702739,1.8579930381405099,-0.003707412560227441,-0.004707412560227441,0.0075490608414521265,-0.012256473401679568
TGT,2017-01-05,2017-01-10,2017-01-18,idiosyncratic,-2.7193688396264366,-0.18006736129007886,1.8991278190659449,-0.06411909041382657,-0.06511909041382657,0.0007190165096526702,-0.06583810692347924
TGT,2017-01-20,2017-01-25,2017-02-01,market_wide,-3.6628572860384363,-1.1405236445845495,1.8398644138890738,-0.020461686869212237,-0.021461686869212238,-0.015538125081671406,-0.005923561787540832
TGT,2017-01-30,2017-02-02,2017-02-09,market_wide,-2.572463257562207,-1.4692034830047078,0.6025396576240513,0.04287058484253414,0.04187058484253414,0.007261889990325621,0.03460869485220852
TGT,2017-03-06,2017-03-09,2017-03-16,market_wide,-2.563836990147262,-1.5362796768875138,0.9517720269848494,-0.011050803554796707,-0.012050803554796707,0.009330237678666142,-0.02138104123346285
TGT,2017-03-14,2017-03-17,2017-03-24,market_wide,-2.801344000526714,-2.8528840159872053,0.40512200721105157,-0.021551081324328702,-0.022551081324328703,-0.010617189837091479,-0.011933891487237225
TGT,2017-03-22,2017-03-27,2017-04-03,market_wide,-3.059981510020913,-3.0729529735652803,0.660974782950477,0.013125653526242509,0.012125653526242508,0.004123482136854761,0.008002171389387747
TGT,2017-04-05,2017-04-10,2017-04-18,market_wide,-2.850457703907027,-1.6451524664235122,1.0690449730965073,-0.0035323991245060915,-0.0045323991245060915,-0.009411272512039881,0.0048788733875337895
TGT,2017-05-12,2017-05-17,2017-05-24,market_wide,-2.7763888796927096,-1.4736279505000955,1.3102269967906242,-0.016533219780091812,-0.017533219780091813,0.019503576378915533,-0.037036796159007346
TGT,2017-05-23,2017-05-26,2017-06-05,idiosyncratic,-3.17240127605953,-0.16966771028095606,0.6358744074984853,0.02261024509707399,0.021610245097073988,0.01675986892775394,0.0048503761693200476
TGT,2017-06-20,2017-06-23,2017-06-30,market_wide,-3.2284356741076694,-2.1381067387800816,0.7180346257368806,0.030141804804195926,0.029141804804195925,-0.006313749434729621,0.035455554238925546
TGT,2017-08-10,2017-08-15,2017-08-22,market_wide,-3.646630332296907,-13.126097139995936,2.1099750957966137,0.040294746084108546,0.039294746084108545,-0.0003276886698840853,0.03962243475399263
TGT,2017-08-24,2017-08-29,2017-09-06,market_wide,-3.0778573227931947,-1.835790235331393,1.6160746175747247,0.06361157899684766,0.06261157899684766,0.019007705246260498,0.04360387375058716
TGT,2017-10-30,2017-11-02,2017-11-09,market_wide,-3.0047391157053185,-1.1764371394255655,1.1452094000018584,0.0018400320434646122,0.0008400320434646122,0.0042258306183933225,-0.0033857985749287103
TGT,2018-03-09,2018-03-14,2018-03-21,idiosyncratic,-2.8051325000064082,0.334818092539087,0.8606260729403651,-0.007218490461054494,-0.008218490461054495,-0.016354200196825874,0.00813570973577138
TGT,2018-03-27,2018-04-02,2018-04-09,market_wide,-2.7711823774456534,-2.649722923725449,1.3317177256620933,0.036242017604205534,0.03524201760420553,0.010445534716903015,0.024796482887302518
TGT,2018-04-20,2018-04-25,2018-05-02,market_wide,-4.053351547356688,-1.0473585674308417,0.9920515190939746,0.004357927942622464,0.0033579279426224637,-0.012874977219347605,0.016232905161970068
TGT,2018-05-07,2018-05-10,2018-05-17,idiosyncratic,-4.698454762115439,0.22352997404048863,1.577879816330605,0.08884445898435778,0.08784445898435778,0.015090056866575052,0.07275440211778272
TGT,2018-06-19,2018-06-22,2018-06-29,market_wide,-3.5079392329799117,-1.9886710835197519,0.7834847082109565,0.00105169540027239,5.1695400272389926e-05,-0.018557634880931873,0.01860933028120426
TGT,2018-06-28,2018-07-03,2018-07-11,market_wide,-2.739174035953466,-2.358838702602538,1.0367100155150255,0.01239718367452669,0.01139718367452669,0.026935318338156655,-0.015538134663629966
TGT,2018-09-17,2018-09-20,2018-09-27,market_wide,-3.699076957724092,-1.338468234471924,0.7037286065075131,0.0014874654638856732,0.0004874654638856732,-0.0036653795955065016,0.004152845059392175
TGT,2018-10-04,2018-10-09,2018-10-16,market_wide,-4.9977866554251476,-3.825707735694612,1.405579481806205,0.0017508201354026198,0.0007508201354026198,-0.022876095072408287,0.023626915207810906
TGT,2018-10-15,2018-10-18,2018-10-25,market_wide,-2.608025557914279,-2.4116623351462643,0.7523370685952402,0.005637654430225458,0.004637654430225458,-0.03556023858502688,0.04019789301525234
TGT,2018-12-07,2018-12-12,2018-12-19,market_wide,-2.935682195322358,-3.122144043623378,0.6297143698943245,-0.07316698761131513,-0.07416698761131513,-0.057576336723023536,-0.01659065088829159
TGT,2019-04-26,2019-05-01,2019-05-08,idiosyncratic,-6.995664654913163,0.3726732691116499,3.5962409604881627,-0.003436226366162698,-0.004436226366162698,-0.018684128951752088,0.01424790258558939
TGT,2019-05-07,2019-05-10,2019-05-17,market_wide,-2.780996262312099,-6.097424121685358,0.7496853220696937,-0.04168462571085396,-0.04268462571085396,-0.018682096092299205,-0.024002529618554758
TGT,2019-05-15,2019-05-20,2019-05-28,market_wide,-2.9980755721518335,-2.150916190194557,1.0727581088045042,0.12056039036019306,0.11956039036019306,-0.01819662793914567,0.13775701829933873
TGT,2019-06-25,2019-06-28,2019-07-08,market_wide,-3.1664896712655173,-1.2396517386033572,1.181712903512008,0.026555473688818054,0.025555473688818053,0.008604928667176548,0.016950545021641505
TGT,2019-07-10,2019-07-15,2019-07-22,idiosyncratic,-2.565902522038991,-0.059583489358007585,1.5813504751006855,0.004838654637242534,0.0038386546372425343,-0.005683770073107608,0.009522424710350141
TGT,2019-07-26,2019-07-31,2019-08-07,idiosyncratic,-3.0029364292582645,0.3950280236495046,1.3958245261170614,-0.039235918217384036,-0.04023591821738404,-0.03586400408179968,-0.004371914135584354
TGT,2019-09-17,2019-09-20,2019-09-27,idiosyncratic,-2.5780040757103566,-0.11180322358877297,1.071524999690368,-0.00515585727240786,-0.00615585727240786,-0.014028173718574455,0.007872316446166594
TGT,2019-09-25,2019-09-30,2019-10-07,market_wide,-2.5089008405157225,-1.8724534949214933,1.013958978747094,0.009727604086824826,0.008727604086824825,-0.017280565928601388,0.026008170015426213
TGT,2019-10-24,2019-10-29,2019-11-05,idiosyncratic,-3.3741060416668276,0.1785047867494146,1.0931081892735859,0.017660604328411766,0.016660604328411766,0.01977048930480363,-0.0031098849763918635
TGT,2020-01-02,2020-01-07,2020-01-14,idiosyncratic,-8.025208805002302,1.0942380639463256,1.4381662249602742,0.011793375220700009,0.010793375220700008,0.013310560995873244,-0.0025171857751732363
TGT,2020-01-21,2020-01-24,2020-01-31,idiosyncratic,-3.1479945551541517,-0.2177445817934077,1.1067661692887256,-0.03131545487910681,-0.03231545487910681,-0.04036840272419351,0.0080529478450867
TGT,2020-06-11,2020-06-16,2020-06-23,market_wide,-3.081220248120967,-3.0340846759540794,0.9906832113725389,0.019209896227097012,0.01820989622709701,-0.0027545691857577825,0.020964465412854794
TGT,2020-07-08,2020-07-13,2020-07-20,idiosyncratic,-3.1642953795555373,-0.16932114247441965,0.7579071310027731,0.009180721166856198,0.008180721166856197,0.027902317653361264,-0.019721596486505066
TGT,2020-09-03,2020-09-09,2020-09-16,market_wide,-5.631992184432671,-2.053109603240459,0.8822029794324017,0.0029821737700372886,0.0019821737700372885,0.013431368130902843,-0.011449194360865556
TGT,2020-10-22,2020-10-27,2020-11-03,market_wide,-5.372955215102884,-2.3054863968994144,1.377963316269669,-0.0019107893594328962,-0.002910789359432896,0.005249454390264141,-0.008160243749697038
TGT,2020-12-07,2020-12-10,2020-12-17,idiosyncratic,-2.738005994246396,-0.17302229413727305,0.7369490549704537,-0.006728497287295632,-0.007728497287295632,0.0023796295268423417,-0.010108126814137974
TGT,2020-12-16,2020-12-21,2020-12-29,idiosyncratic,-2.6478356827153267,0.0,0.684442558555298,0.019096340766481923,0.018096340766481922,-0.0003646712883638159,0.018461012054845738
TGT,2021-01-28,2021-02-02,2021-02-09,market_wide,-2.5642515533357404,-1.812652153103453,0.9392669586577569,0.04687722942378336,0.04587722942378336,0.01403342222978421,0.03184380719399915
TGT,2021-02-23,2021-02-26,2021-03-05,market_wide,-4.0079589928332355,-3.1668904018774673,1.0648728636461193,-0.05903822281681548,-0.06003822281681548,0.018939331866804743,-0.07897755468362022
TGT,2021-04-26,2021-04-29,2021-05-06,idiosyncratic,-3.7513841654635276,0.1534091926921762,0.9466913390674258,0.027100101409098354,0.026100101409098353,0.016729000483795664,0.009371100925302689
TGT,2021-08-30,2021-09-02,2021-09-10,idiosyncratic,-2.7675756592444647,0.5323465133450469,0.5033166418940694,-0.005166338067196796,-0.006166338067196796,-0.0204290237041308,0.014262685636934003
TGT,2021-09-13,2021-09-16,2021-09-23,market_wide,-3.0251133526649356,-2.885068192893429,1.0464107963944007,-0.017331328863976037,-0.018331328863976037,-0.0006403231002821697,-0.017691005763693868
TGT,2021-09-21,2021-09-24,2021-10-01,market_wide,-3.087450737342398,-3.545765233426071,0.7552425460107336,-0.053926319012505886,-0.054926319012505886,-0.01708190615650973,-0.03784441285599616
TGT,2021-09-30,2021-10-05,2021-10-12,market_wide,-4.285224023297607,-3.442419606146765,2.0995805018498164,0.011777218873200157,0.010777218873200156,-0.0003655997755553919,0.011142818648755548
TGT,2021-11-05,2021-11-10,2021-11-17,idiosyncratic,-3.7071467140638306,0.3557584750318441,1.770667527223092,0.00242926925542597,0.0014292692554259698,0.0049764585183602605,-0.0035471892629342907
TGT,2021-11-22,2021-11-26,2021-12-03,market_wide,-4.1774233508998195,-1.005434468630341,1.3112148674516673,0.004055593499721288,0.0030555934997212883,-0.014296344650496451,0.01735193815021774
TGT,2021-12-10,2021-12-15,2021-12-22,idiosyncratic,-2.9381806953602045,0.18724787334816934,0.599025066954394,-0.07990700891051972,-0.08090700891051972,-0.01686822774800556,-0.06403878116251416
TGT,2021-12-20,2021-12-23,2021-12-31,market_wide,-3.7295439027934445,-3.581138745523857,1.2691622103386808,0.04719267929259052,0.04619267929259052,0.009569043267359856,0.036623636025230666
TGT,2022-01-12,2022-01-18,2022-01-25,market_wide,-4.267126037400111,-1.3206033794854275,1.2114942134001854,-0.02422608199098697,-0.02522608199098697,-0.03220089359285405,0.006974811601867081
TGT,2022-01-25,2022-01-28,2022-02-04,market_wide,-3.801192554721868,-2.9991301439020366,1.0396642094050896,-0.016676770633849425,-0.017676770633849426,0.012289209718897132,-0.029965980352746557
TGT,2022-02-11,2022-02-16,2022-02-24,market_wide,-2.927496210621445,-3.571302204354869,0.7350428671928753,-0.07824438464847194,-0.07924438464847194,-0.03982949276100067,-0.03941489188747127
TGT,2022-03-31,2022-04-05,2022-04-12,market_wide,-4.660250042939616,-1.3900471777427985,1.4823486337534204,0.07705187952248282,0.07605187952248282,-0.010933580293623901,0.08698545981610672
TGT,2022-05-12,2022-05-17,2022-05-24,market_wide,-2.6984463844641344,-3.0600735040768985,1.0546720538960788,-0.3034653159016857,-0.3044653159016857,-0.04669233293840158,-0.2577729829632841
TGT,2022-06-13,2022-06-16,2022-06-24,market_wide,-4.659533714548235,-5.1556009534844405,0.7110060989972712,0.052698124333937724,0.05169812433393772,0.05600932441612194,-0.004311200082184219
TGT,2022-08-26,2022-08-31,2022-09-08,market_wide,-3.20017930707836,-3.5200621453769902,0.683603261497765,0.07209672525990607,0.07109672525990607,0.012434848808956511,0.05866187645094956
TGT,2022-12-05,2022-12-08,2022-12-15,market_wide,-3.8541944769955228,-1.5350371199806812,1.1132543203526293,-0.04286356210164455,-0.04386356210164455,-0.017808736177241657,-0.02605482592440289
TGT,2022-12-20,2022-12-23,2023-01-03,market_wide,-3.3582775591707006,-3.0774221540359177,0.7095707358494783,0.059937126333935,0.058937126333935,0.0036195683514668175,0.05531755798246818
TGT,2023-02-21,2023-02-24,2023-03-03,market_wide,-4.609750470112193,-5.481920981569055,1.7789560210190178,-0.005749803383695906,-0.006749803383695906,0.01695547339166037,-0.023705276775356277
TGT,2023-03-09,2023-03-14,2023-03-21,market_wide,-4.046994732615768,-3.959712510227801,0.4814152920454107,0.02740441633406565,0.02640441633406565,0.01530609383050896,0.01109832250355669
TGT,2023-03-22,2023-03-27,2023-04-03,market_wide,-2.62627714094274,-1.3447715136625742,0.8316899033377348,0.04191195291198513,0.04091195291198513,0.0335225727441264,0.007389380167858728
TGT,2023-04-17,2023-04-20,2023-04-27,idiosyncratic,-2.6919822203500225,0.25120720846527916,0.9463879434637835,-0.013289254842978493,-0.014289254842978494,-0.016013049450589234,0.0017237946076107402
TGT,2023-04-25,2023-04-28,2023-05-05,market_wide,-4.752806651333036,-4.058077416827051,1.059538492065036,-0.00919193739629487,-0.01019193739629487,-0.018363286067404783,0.008171348671109913
TGT,2023-05-03,2023-05-08,2023-05-15,market_wide,-3.151932479474284,-2.1131338205390264,0.8981053091248583,0.026006399746114184,0.025006399746114183,-0.0038722309582632786,0.02887863070437746
TGT,2023-06-01,2023-06-06,2023-06-13,idiosyncratic,-3.1147692466689274,0.540694631611234,1.663413631615366,-0.02999265284756525,-0.03099265284756525,0.02110840561967864,-0.05210105846724389
TGT,2023-06-29,2023-07-05,2023-07-12,market_wide,-2.8606461476249736,-1.037656599622745,0.8503037400894791,0.002716054038317761,0.0017160540383177611,0.011521088499006904,-0.009805034460689144
TGT,2023-07-14,2023-07-19,2023-07-26,idiosyncratic,-2.919401988070813,-0.07802202573889776,0.8852670847982965,0.01333826595293841,0.01233826595293841,0.007473276386179339,0.00486498956675907
TGT,2023-08-02,2023-08-07,2023-08-14,market_wide,-2.6084336516565765,-3.791203054352872,0.8543132905701097,-0.01909969364798836,-0.02009969364798836,-0.005798480254842753,-0.014301213393145606
TGT,2023-08-23,2023-08-28,2023-09-05,market_wide,-3.8020441883229266,-1.1661238886516267,0.6176622433595677,0.014259181491536488,0.013259181491536487,0.010415826610313816,0.0028433548812226705
TGT,2023-09-12,2023-09-15,2023-09-22,market_wide,-3.1197348395222417,-1.8087457738312913,0.7988485851281031,-0.08492484414993218,-0.08592484414993218,-0.029931864944729436,-0.05599297920520274
TGT,2023-09-26,2023-09-29,2023-10-06,market_wide,-3.5534984212118537,-3.51921671083322,1.401557907181873,-0.050285011912238775,-0.051285011912238776,-0.010137919250681082,-0.041147092661557694
TGT,2023-10-04,2023-10-09,2023-10-16,market_wide,-3.1845350571595743,-3.044178130175449,1.0878625650480005,0.05323368299039277,0.05223368299039277,0.005403940103635652,0.04682974288675712
TGT,2024-01-17,2024-01-22,2024-01-29,market_wide,-3.195566273855868,-1.1979815182849634,1.0535255870562552,0.008264462809917328,0.007264462809917328,0.0021860266965074704,0.0050784361134098574
TGT,2024-04-08,2024-04-11,2024-04-18,market_wide,-2.847932409314134,-1.5036065278207527,0.6134804445703123,-0.027724470440845694,-0.028724470440845695,-0.038705785421550454,0.009981314980704759
TGT,2024-05-01,2024-05-06,2024-05-13,market_wide,-5.762648745633733,-2.159519023821398,1.5424128297180464,0.01610333795876162,0.01510333795876162,0.021527597481408867,-0.0064242595226472465
TGT,2024-06-07,2024-06-12,2024-06-20,idiosyncratic,-2.6975825812863734,-0.17568062262591586,0.6399716921355156,-0.02316399967302729,-0.024163999673027292,0.00996298992741762,-0.03412698960044491
TGT,2024-07-24,2024-07-29,2024-08-05,market_wide,-3.447764392189973,-4.904497663686219,0.9089354399313535,-0.0882032822147587,-0.0892032822147587,-0.05033207137466633,-0.038871210840092374
TGT,2024-08-05,2024-08-08,2024-08-15,market_wide,-5.05491133831149,-5.457427897078208,1.9872072290408018,0.05740070079546533,0.05640070079546533,0.028024733179720096,0.028375967615745235
TGT,2024-10-01,2024-10-04,2024-10-11,market_wide,-3.1507683207862165,-1.114088200153844,1.1082779573547161,0.036499255411091,0.035499255411091,0.021626744070149195,0.013872511340941807
TGT,2024-10-21,2024-10-24,2024-10-31,idiosyncratic,-2.7415510781792007,-0.18109195883098914,1.4239324980823318,-0.0009321665989225902,-0.0019321665989225903,-0.016320431892280385,0.014388265293357794
TGT,2024-10-29,2024-11-01,2024-11-08,market_wide,-2.814485279305975,-1.2573144761473376,0.8763926019872806,-0.007027231890016417,-0.008027231890016417,0.05003620791104679,-0.05806343980106321
TGT,2025-02-03,2025-02-06,2025-02-13,market_wide,-3.1346340273744757,-3.170079001406855,1.318535520582526,-0.03715065754379265,-0.038150657543792654,0.012216698324269304,-0.05036735586806196
TGT,2025-02-13,2025-02-19,2025-02-26,idiosyncratic,-3.119935140673332,1.314031901113681,1.115960674533995,-0.05131927810797299,-0.05231927810797299,-0.018516092934977246,-0.03380318517299574
TGT,2025-03-06,2025-03-11,2025-03-18,market_wide,-3.589070842512529,-3.83282616761883,0.9087684907680715,-0.07245479807524058,-0.07345479807524058,0.011092680494298124,-0.0845474785695387
TGT,2025-03-14,2025-03-19,2025-03-26,market_wide,-3.377469742310297,-2.235201698026661,0.7819840678952453,0.010958595593313136,0.009958595593313135,-0.004241338616674861,0.014199934209987997
TGT,2025-03-25,2025-03-28,2025-04-04,idiosyncratic,-2.699265623064954,0.20340366020674602,0.6969855428785197,-0.07650748393837947,-0.07750748393837947,-0.10053349223709585,0.02302600829871637
TGT,2025-04-15,2025-04-21,2025-04-28,market_wide,-2.5957764138065036,-1.1371378281059812,0.5556424763337152,0.02761797059090032,0.02661797059090032,0.0609682143422543,-0.03435024375135398
TGT,2025-06-17,2025-06-23,2025-06-30,market_wide,-2.5288236575852845,-1.7341194586582835,1.0876761776923216,0.02196213615137821,0.020962136151378208,0.025433326299546977,-0.004471190148168769
TGT,2025-07-31,2025-08-05,2025-08-12,market_wide,-3.7343708638556117,-1.320022145755903,1.322647800343273,0.037391490457803656,0.036391490457803655,0.021051094092136458,0.015340396365667197
TGT,2025-08-20,2025-08-25,2025-09-02,market_wide,-7.609916329462108,-1.401325154024432,5.529533571638168,-0.048285730421351314,-0.049285730421351315,-0.002659538035094222,-0.04662619238625709
TGT,2025-09-02,2025-09-05,2025-09-12,market_wide,-3.7546882076937638,-2.1021889429338323,1.2367101179746338,-0.03445324323205179,-0.03545324323205179,0.02236887662196696,-0.05782211985401875
TGT,2025-09-12,2025-09-17,2025-09-24,idiosyncratic,-3.3492127924508637,-0.04613613076379101,0.8251281873151337,-0.0069717744095121326,-0.007971774409512133,0.002235967653556381,-0.010207742063068515
TGT,2026-03-18,2026-03-23,2026-03-30,market_wide,-3.032482539784716,-3.356418439449131,0.9061149643574712,0.033498631042184535,0.032498631042184534,-0.019615511456172685,0.05211414249835722
TGT,2026-06-02,2026-06-05,2026-06-12,idiosyncratic,-2.5729503720251,0.1257343597320598,0.4220000684360005,0.10328785646325378,0.10228785646325378,0.011190803575380714,0.09109705288787306
BLK,2016-01-08,2016-01-13,2016-01-21,market_wide,-4.2848548871582315,-3.7418402145714538,2.0529592884023264,-0.04829108862945819,-0.04929108862945819,-0.017129545247534628,-0.03216154338192356
BLK,2016-02-08,2016-02-11,2016-02-19,market_wide,-2.682040949516514,-3.7394044544060874,1.1049098653685252,0.06825075170926631,0.06725075170926631,0.0544151332362548,0.012835618473011512
BLK,2016-04-05,2016-04-08,2016-04-15,market_wide,-3.109317328932324,-2.0146973148261615,0.9308813077469794,0.07882987333132507,0.07782987333132507,0.01973224227381154,0.05809763105751353
BLK,2016-04-29,2016-05-04,2016-05-11,market_wide,-3.0028856158190824,-4.541947163371555,0.9208770855896156,0.004685128257601923,0.0036851282576019226,0.0028068613219589533,0.0008782669356429693
BLK,2016-05-11,2016-05-16,2016-05-23,market_wide,-2.9310411735912667,-1.904901710080714,0.916423122177098,0.005883350478646188,0.004883350478646188,-0.004400496695206035,0.009283847173852222
BLK,2016-06-13,2016-06-16,2016-06-23,market_wide,-3.9397247237876947,-4.3252193384523805,1.125,0.05122864875356159,0.05022864875356159,0.02818467683992565,0.02204397191363594
BLK,2016-08-12,2016-08-17,2016-08-24,idiosyncratic,-2.986451514197322,-0.1866204409874886,0.5794678028780449,-0.0026478198082129367,-0.0036478198082129367,-0.0018236266699387382,-0.0018241931382741985
BLK,2016-09-09,2016-09-14,2016-09-21,market_wide,-4.860987753200559,-8.791347982996637,1.439964456292347,0.026808992165432866,0.025808992165432865,0.01773251294335476,0.008076479222078103
BLK,2016-09-26,2016-09-29,2016-10-06,market_wide,-3.3215240238679047,-1.7188455169335175,0.7770119343927501,-0.001203647736507496,-0.002203647736507496,0.00046664779374938625,-0.0026702955302568823
BLK,2016-10-04,2016-10-07,2016-10-14,market_wide,-3.541166568079812,-2.189271681976996,1.314598229957689,-0.006438751723826797,-0.007438751723826797,-0.011352373982761343,0.003913622258934547
BLK,2016-10-12,2016-10-17,2016-10-24,market_wide,-3.751751109971682,-3.0486688749181856,0.7935677244397926,-0.032318349260349044,-0.033318349260349045,0.01774697080489429,-0.051065320065243336
BLK,2016-10-21,2016-10-26,2016-11-02,market_wide,-3.984841317298985,-2.013732695608525,1.3036166053357865,-0.0045271020351594915,-0.0055271020351594915,-0.020050138596203748,0.014523036561044256
BLK,2016-11-01,2016-11-04,2016-11-11,market_wide,-2.641180780301193,-5.1879093859661,0.9236160263625077,0.07342393081195664,0.07242393081195664,0.04238968937872034,0.030034241433236297
BLK,2016-12-22,2016-12-28,2017-01-05,market_wide,-3.9382486030212704,-1.3118765239702739,0.9359365334317311,0.003962768746188727,0.0029627687461887273,0.0075490608414521265,-0.004586292095263399
BLK,2017-01-05,2017-01-10,2017-01-18,idiosyncratic,-2.685921450977752,-0.18006736129007886,0.7745605476824368,-0.006073620670627777,-0.007073620670627777,0.0007190165096526702,-0.0077926371802804475
BLK,2017-01-19,2017-01-24,2017-01-31,market_wide,-2.7695847894450734,-3.9162980245388543,0.7522554468836073,-0.01940326606524667,-0.020403266065246672,-0.0044263856829998005,-0.015976880382246872
BLK,2017-01-30,2017-02-02,2017-02-09,market_wide,-3.388438447924898,-1.4692034830047078,0.9651798091820925,0.018647289970749936,0.017647289970749935,0.007261889990325621,0.010385399980424315
BLK,2017-03-06,2017-03-09,2017-03-16,market_wide,-2.5780569224271397,-1.5362796768875138,0.7189285784419613,0.01491126537211418,0.013911265372114179,0.009330237678666142,0.0045810276934480365
BLK,2017-03-14,2017-03-17,2017-03-24,market_wide,-3.1583396685501883,-2.8528840159872053,0.734154600411326,-0.022045321782562022,-0.023045321782562023,-0.010617189837091479,-0.012428131945470544
BLK,2017-03-22,2017-03-27,2017-04-03,market_wide,-3.5881288102224254,-3.0729529735652803,0.7254848171516597,0.018906596673832876,0.017906596673832875,0.004123482136854761,0.013783114536978114
BLK,2017-04-13,2017-04-19,2017-04-26,market_wide,-3.7127183376409976,-6.369588210209182,0.8360502496523107,0.031211489696104433,0.030211489696104432,0.026787796717263168,0.003423692978841264
BLK,2017-05-08,2017-05-11,2017-05-18,idiosyncratic,-3.1323782346138422,-0.06345275397321522,0.6881830252272495,0.014652893821690549,0.013652893821690548,-0.011185208219015141,0.02483810204070569
BLK,2017-07-17,2017-07-20,2017-07-27,idiosyncratic,-2.5417660487556106,-0.020583529597378688,2.603640462572538,-0.00414200859801217,-0.00514200859801217,-0.006661890892833533,0.0015198822948213628
BLK,2017-07-27,2017-08-01,2017-08-08,idiosyncratic,-2.6991822234869582,-0.2265878356991087,0.8495494215867304,-0.002698083302364096,-0.003698083302364096,-0.002506702261125149,-0.0011913810412389472
BLK,2017-08-10,2017-08-15,2017-08-22,market_wide,-3.822022336833013,-13.126097139995936,1.1409474397625559,-0.016065052095279753,-0.017065052095279754,-0.0003276886698840853,-0.016737363425395668
BLK,2017-08-18,2017-08-23,2017-08-30,market_wide,-4.447644765417933,-2.9772141444217755,2.3430827119739606,-0.004472702804023343,-0.005472702804023343,0.008262581767731092,-0.013735284571754436
BLK,2017-08-28,2017-08-31,2017-09-08,market_wide,-2.65666439721876,-1.4969964873229673,1.0726636166419659,-0.007302556421863726,-0.008302556421863727,0.007922016059168202,-0.01622457248103193
BLK,2017-10-25,2017-10-30,2017-11-06,market_wide,-5.422313528957203,-2.380136374430871,1.050999592003264,0.0070296003712826405,0.0060296003712826405,0.007175617138192036,-0.001146016766909396
BLK,2017-11-10,2017-11-15,2017-11-22,market_wide,-3.747172517312925,-1.3130329818345698,0.7836667354093627,0.017938132531568618,0.016938132531568617,0.019220769182384245,-0.002282636650815628
BLK,2018-04-23,2018-04-26,2018-05-03,market_wide,-3.44957419365926,-1.3072648115878798,0.7118540502793296,-0.021139351921319105,-0.022139351921319106,-0.02848258894861,0.006343237027290893
BLK,2018-06-14,2018-06-19,2018-06-26,idiosyncratic,-3.3548693301288246,-0.07340880452810306,1.9636053341800286,-0.02992696952390128,-0.030926969523901282,-0.019851135476624537,-0.011075834047276745
BLK,2018-06-27,2018-07-02,2018-07-10,market_wide,-4.6300582172657325,-3.612512546452834,0.8788060077458358,0.010830350105898168,0.009830350105898167,0.029655452217843603,-0.019825102111945436
BLK,2018-08-01,2018-08-06,2018-08-13,market_wide,-8.18899102059891,-2.1677121756623703,2.9614740946498506,-0.016692099647660164,-0.017692099647660164,-0.004990635554409817,-0.012701464093250348
BLK,2018-08-13,2018-08-16,2018-08-23,market_wide,-3.070789760887915,-1.7234358021737828,0.4429449414923784,-0.008743925328427382,-0.009743925328427383,0.01517154302404533,-0.024915468352472714
BLK,2018-09-11,2018-09-14,2018-09-21,market_wide,-2.7594532162055705,-2.011943352597361,0.8752804819873142,0.02426170520590709,0.02326170520590709,0.01370553767488869,0.0095561675310184
BLK,2018-09-28,2018-10-03,2018-10-10,market_wide,-2.7767472719540054,-1.2327547694673475,1.1584171346480345,-0.10036478829285911,-0.10136478829285911,-0.05099889603297292,-0.05036589225988619
BLK,2018-10-16,2018-10-19,2018-10-26,market_wide,-2.8127127740491034,-1.495992841964787,1.960718786999198,-0.03664851317376128,-0.03764851317376128,-0.048049065814338765,0.010400552640577487
BLK,2018-11-13,2018-11-16,2018-11-26,market_wide,-2.7272957053205134,-2.1073336619729557,0.6193486691813207,0.01822380823106462,0.01722380823106462,-0.0320756336682827,0.04929944189934732
BLK,2018-12-07,2018-12-12,2018-12-19,market_wide,-3.617089195014902,-3.122144043623378,1.2059357663507226,-0.04583784472085228,-0.046837844720852284,-0.057576336723023536,0.010738492002171252
BLK,2018-12-17,2018-12-20,2018-12-28,market_wide,-3.1930195546436346,-4.0503386889229835,1.0049342472482083,0.04455551919574341,0.04355551919574341,0.015300426951556867,0.02825509224418654
BLK,2019-03-06,2019-03-11,2019-03-18,market_wide,-3.3818205522407534,-3.9426974192253095,0.5291344082891903,0.028918467661261937,0.027918467661261936,0.021872134500624973,0.006046333160636963
BLK,2019-03-22,2019-03-27,2019-04-03,market_wide,-4.5699684769878255,-1.697478798554304,0.7905827052435368,0.04630157771498333,0.04530157771498333,0.02770033577715414,0.017601241937829193
BLK,2019-05-07,2019-05-10,2019-05-17,market_wide,-6.1004374832475206,-6.097424121685358,1.2993315630436773,-0.04630658068567994,-0.047306580685679944,-0.018682096092299205,-0.02862448459338074
BLK,2019-05-15,2019-05-20,2019-05-28,market_wide,-2.8403851773432933,-2.150916190194557,0.8523378006389519,-0.020041683634376195,-0.021041683634376196,-0.01819662793914567,-0.002845055695230525
BLK,2019-05-23,2019-05-29,2019-06-05,market_wide,-3.2631873067241366,-2.7436613977979483,1.2767180212638978,0.03171741412929352,0.03071741412929352,0.030989671413936826,-0.0002722572846433069
BLK,2019-07-17,2019-07-22,2019-07-29,market_wide,-2.807372388591568,-1.9903418181868664,1.238342094426007,0.010051612420217237,0.009051612420217237,0.02198251578328647,-0.012930903363069235
BLK,2019-08-05,2019-08-08,2019-08-15,market_wide,-4.176425481606187,-5.832836851481704,1.284640257086747,-0.06471365780934613,-0.06571365780934613,-0.02473930765939103,-0.0409743501499551
BLK,2019-08-23,2019-08-28,2019-09-05,market_wide,-3.3062666986000364,-2.357182222410041,1.441068684241636,0.03450012216962706,0.033500122169627056,0.03434988092514879,-0.0008497587555217345
BLK,2019-10-02,2019-10-07,2019-10-14,market_wide,-6.880214084505819,-5.84136577307817,1.1588959925152036,0.02608884795168631,0.02508884795168631,0.014460098437421687,0.010628749514264624
BLK,2019-11-21,2019-11-26,2019-12-04,market_wide,-2.8168326163804744,-1.1521973084605426,1.2938806593460583,-0.00855605091671241,-0.00955605091671241,-0.012588074200915567,0.003032023284203156
BLK,2020-09-10,2020-09-15,2020-09-22,market_wide,-3.516012758072912,-3.446308599011274,1.4136798514922175,0.0048159944260961485,0.0038159944260961485,-0.0158545097139855,0.019670504140081646
BLK,2020-12-11,2020-12-16,2020-12-23,market_wide,-2.749924378168325,-1.5141185855405408,0.832551554744401,0.007546512977604669,0.006546512977604669,-0.006521469138488278,0.013067982116092947
BLK,2021-02-19,2021-02-24,2021-03-03,market_wide,-2.785613085551579,-1.2726063860538381,1.2107434283821625,-0.014899740878342116,-0.015899740878342117,-0.024494738737557142,0.008594997859215026
BLK,2021-06-10,2021-06-15,2021-06-22,idiosyncratic,-3.034176499725989,0.6930575458088026,0.8548924568312632,-0.01844460835951134,-0.01944460835951134,-0.011260370620845506,-0.008184237738665834
BLK,2021-09-10,2021-09-15,2021-09-22,market_wide,-3.4377737586559625,-3.727233378136798,0.8759393539881345,-0.06442021510976947,-0.06542021510976948,-0.017858286169730397,-0.04756192894003908
BLK,2021-09-30,2021-10-05,2021-10-12,market_wide,-3.636037727691915,-3.442419606146765,0.8844285871461578,-0.0030878556038935745,-0.0040878556038935745,-0.0003655997755553919,-0.0037222558283381826
BLK,2021-11-18,2021-11-23,2021-12-01,idiosyncratic,-4.216276603278667,0.2292061951445056,1.5923745444350996,-0.03752292366948429,-0.03852292366948429,-0.051622088912403274,0.013099165242918986
BLK,2021-11-30,2021-12-03,2021-12-10,market_wide,-3.1726840056635353,-4.358170009636211,1.7485986408055956,0.03319032630160734,0.03219032630160734,0.038793846132754384,-0.006603519831147042
BLK,2021-12-20,2021-12-23,2021-12-31,market_wide,-3.000936998191898,-3.581138745523857,1.0447959843328136,0.0017945895885735919,0.0007945895885735918,0.009569043267359856,-0.008774453678786265
BLK,2022-01-10,2022-01-13,2022-01-21,market_wide,-4.17957480525239,-2.629144102366106,1.7370519683651664,-0.0768342213960096,-0.0778342213960096,-0.050647499657918815,-0.02718672173809078
BLK,2022-01-21,2022-01-26,2022-02-02,market_wide,-3.3754203638073292,-4.096457016615061,1.5111816057439673,0.03399242047203743,0.03299242047203743,0.053070466446527575,-0.020078045974490144
BLK,2022-02-11,2022-02-16,2022-02-24,market_wide,-3.931640557098717,-3.571302204354869,1.421705062428043,-0.06590320746021316,-0.06690320746021317,-0.03982949276100067,-0.027073714699212492
BLK,2022-02-22,2022-02-25,2022-03-04,market_wide,-3.2145026362235414,-3.9326003490357513,0.7490665161514415,-0.06611185157706767,-0.06711185157706767,-0.009280195464584362,-0.05783165611248331
BLK,2022-04-14,2022-04-20,2022-04-27,market_wide,-4.10854062294985,-3.251856925341065,1.4064749576362965,-0.0800858958556614,-0.0810858958556614,-0.0514015052515685,-0.029684390604092892
BLK,2022-05-09,2022-05-12,2022-05-19,market_wide,-3.9249001437434576,-4.410257474264372,1.1022608908767846,-0.012191801855302775,-0.013191801855302776,-0.02741915488792157,0.014227353032618795
BLK,2022-06-14,2022-06-17,2022-06-27,market_wide,-3.311151406948358,-3.2548172651759395,0.738568138422472,0.0938756132961347,0.0928756132961347,0.056203059514208675,0.03667255378192602
BLK,2022-07-06,2022-07-11,2022-07-18,market_wide,-2.6758734387853775,-1.3155316967063777,0.6906583342312251,-0.012347103687872396,-0.013347103687872397,-0.0008721001528514405,-0.012475003535020956
BLK,2022-08-26,2022-08-31,2022-09-08,market_wide,-3.1182826051567547,-3.5200621453769902,1.0322622715638805,0.0460683997822211,0.0450683997822211,0.012434848808956511,0.03263355097326459
BLK,2022-09-15,2022-09-20,2022-09-27,market_wide,-3.183125950635362,-3.2124712535337285,1.1110159083768887,-0.07023823679779084,-0.07123823679779084,-0.047549033351234504,-0.02368920344655634
BLK,2022-11-28,2022-12-01,2022-12-08,market_wide,-3.3966003824529256,-2.106157566315576,0.6333605973457165,-0.019234429500490813,-0.020234429500490814,-0.022788105102002132,0.0025536756015113182
BLK,2022-12-15,2022-12-20,2022-12-28,market_wide,-4.422214127255319,-3.414287458755162,0.6711369640678126,0.012681563674747931,0.01168156367474793,-0.005104580893686594,0.016786144568434525
BLK,2023-02-08,2023-02-13,2023-02-21,market_wide,-4.373063262572429,-1.0802784174391555,0.6895632943433428,-0.05585463615145625,-0.05685463615145625,-0.036573528036995095,-0.020281108114461155
BLK,2023-02-21,2023-02-24,2023-03-03,market_wide,-4.43834273915808,-5.481920981569055,1.1087668742173966,0.01728046564203778,0.016280465642037778,0.01695547339166037,-0.0006750077496225915
BLK,2023-03-10,2023-03-15,2023-03-22,market_wide,-5.107712813422457,-4.723587465033564,1.5467452192389415,0.02624507004257537,0.025245070042575368,0.011570691541282319,0.01367437850129305
BLK,2023-04-25,2023-04-28,2023-05-05,market_wide,-3.043948696908231,-4.058077416827051,0.8959340623681734,-0.03980925664206891,-0.040809256642068914,-0.018363286067404783,-0.02244597057466413
BLK,2023-05-03,2023-05-08,2023-05-15,market_wide,-3.3084534555912724,-2.1131338205390264,0.8058751988025072,0.0025033998758441367,0.0015033998758441367,-0.0038722309582632786,0.005375630834107415
BLK,2023-06-23,2023-06-28,2023-07-06,market_wide,-3.0546331560231144,-1.780881658976514,1.106630101629295,-0.006698546969539088,-0.007698546969539088,-0.0075337797126533435,-0.00016476725688574414
BLK,2023-07-27,2023-08-01,2023-08-08,market_wide,-2.8796696958627996,-1.2633440477551992,0.8126106874698125,-0.0481797084356026,-0.0491797084356026,-0.02443197821042753,-0.02474773022517507
BLK,2023-08-08,2023-08-11,2023-08-18,market_wide,-3.486823117500811,-2.36127980458306,1.3360307904865292,-0.036457446029485086,-0.037457446029485086,-0.01948765958052412,-0.017969786448960967
BLK,2023-08-16,2023-08-21,2023-08-28,market_wide,-3.4343476245762714,-4.628470541961457,0.9864996909087284,0.011033411748218036,0.010033411748218035,0.005977070195769318,0.004056341552448717
BLK,2023-09-26,2023-09-29,2023-10-06,market_wide,-3.4811452292545244,-3.51921671083322,0.8117084464534267,0.0027377653963975845,0.0017377653963975845,-0.010137919250681082,0.011875684647078666
BLK,2023-10-04,2023-10-09,2023-10-16,market_wide,-2.9161814680709135,-3.044178130175449,1.006851081071126,-0.012693838453558648,-0.013693838453558649,0.005403940103635652,-0.0190977785571943
BLK,2023-10-18,2023-10-23,2023-10-30,market_wide,-5.518885854533946,-1.3786315573832417,1.005112536302033,-0.012379421597314977,-0.013379421597314978,-0.0072742478347359585,-0.006105173762579019
BLK,2023-10-26,2023-10-31,2023-11-07,market_wide,-2.743821301581669,-3.475915426069298,1.1379521114034388,0.05930296515358635,0.05830296515358635,0.02205810312544254,0.03624486202814381
BLK,2024-01-03,2024-01-08,2024-01-16,market_wide,-3.7649253645194682,-3.083655025253418,1.3150363400522966,-0.0072881469631026485,-0.00828814696310265,-0.007440412061395452,-0.0008477349017071978
BLK,2024-01-23,2024-01-26,2024-02-02,idiosyncratic,-2.609289541762129,0.397061597802136,1.0956375838926173,0.0008891999991107458,-0.00011080000088925426,-0.0068958606700010305,0.006785060669111776
BLK,2024-01-31,2024-02-05,2024-02-12,market_wide,-4.768623005683329,-1.3929166199700809,1.0569399650000724,0.023736810583911527,0.022736810583911526,0.023242526116578732,-0.0005057155326672058
BLK,2024-03-15,2024-03-20,2024-03-27,market_wide,-3.7013916602855015,-1.809426080832543,2.9505773153433013,0.021066297751584973,0.02006629775158497,0.015388039670214626,0.004678258081370346
BLK,2024-04-04,2024-04-09,2024-04-16,market_wide,-5.308091724322675,-5.997931447679934,2.5004730170075895,-0.06745873000609037,-0.06845873000609037,-0.03352075465344351,-0.034937975352646866
BLK,2024-04-12,2024-04-17,2024-04-24,market_wide,-4.163856719978606,-3.97944114045583,2.158694328526664,0.01195287357814978,0.01095287357814978,0.014806553799162625,-0.003853680221012845
BLK,2024-04-25,2024-04-30,2024-05-07,market_wide,-2.5018617770856775,-2.2458266878290285,0.6572098536384251,0.03482447334833694,0.033824473348336936,0.012010955460884487,0.02181351788745245
BLK,2024-06-11,2024-06-14,2024-06-24,idiosyncratic,-2.7031242421563437,0.2919778001690941,0.7428248183875193,0.03850120647983579,0.03750120647983579,0.02047271044241361,0.01702849603742218
BLK,2024-10-25,2024-10-30,2024-11-06,market_wide,-4.172312726576923,-2.3466798854271937,0.7655629139072848,0.05097611544827663,0.049976115448276626,0.0368472502709134,0.013128865177363225
BLK,2024-11-20,2024-11-25,2024-12-03,market_wide,-3.193293057842613,-1.8254257356641135,0.8862384499410368,0.007280696159862821,0.006280696159862821,-0.008334328321464302,0.014615024481327121
BLK,2024-11-29,2024-12-04,2024-12-11,idiosyncratic,-2.5237137557026683,0.39547437647628886,0.5293949965385711,0.03433354032754088,0.03333354032754088,-0.0137908044800088,0.04712434480754968
BLK,2024-12-18,2024-12-23,2024-12-31,market_wide,-4.085670367677545,-11.988315503919603,1.0677514135453445,-0.01403270951865665,-0.01503270951865665,-0.009170491242484813,-0.005862218276171838
BLK,2025-02-07,2025-02-12,2025-02-20,market_wide,-3.2778388440164132,-2.296413480972153,0.8501121167408302,0.016093008818665044,0.015093008818665044,0.02757113218162721,-0.012478123362962168
BLK,2025-02-24,2025-02-27,2025-03-06,market_wide,-5.615398723529154,-3.415603235396186,1.4020930061168841,0.015610326625300708,0.014610326625300707,-0.011485908761755703,0.02609623538705641
BLK,2025-03-10,2025-03-13,2025-03-20,market_wide,-5.898654510826544,-4.126748398897943,1.1412991281520453,0.05964726130442255,0.05864726130442255,0.024099508696312277,0.03454775260811027
BLK,2025-06-13,2025-06-18,2025-06-26,market_wide,-2.9603459353231543,-1.4127947666186713,1.1864376957455045,0.05234207023732895,0.05134207023732895,0.022207336504748376,0.029134733732580576
BLK,2025-09-02,2025-09-05,2025-09-12,market_wide,-4.70144353970334,-2.1021889429338323,0.882120877386776,0.02207163970118331,0.02107163970118331,0.02236887662196696,-0.001297236920783651
BLK,2025-10-21,2025-10-24,2025-10-31,idiosyncratic,-3.705057357231309,-0.29884408964405174,1.376008789713942,-0.04735044891377671,-0.04835044891377671,-0.005196686389711491,-0.04315376252406522
BLK,2026-02-03,2026-02-06,2026-02-13,market_wide,-7.229533622579145,-1.0506956039601938,1.3823701109165207,0.014322581130128853,0.013322581130128852,0.009411080799722304,0.003911500330406548
BLK,2026-03-06,2026-03-11,2026-03-18,market_wide,-6.590251536631781,-5.199373025321597,2.4681158257800595,0.018019951584956395,0.017019951584956394,-0.017639716068212352,0.034659667653168746
BLK,2026-06-05,2026-06-10,2026-06-17,market_wide,-2.639683580989087,-3.955623403697969,0.9691494345178344,0.04620655625439585,0.04520655625439585,0.02234166928518322,0.022864886969212628
BLK,2026-06-26,2026-07-01,2026-07-09,market_wide,-3.0643655662220266,-3.449805193296743,1.639804546790149,0.040086450161217924,0.03908645016121792,0.007633927622388459,0.031452522538829464
BLK,2026-09-01,2026-09-04,2026-09-14,market_wide,-4.3507881597640985,-3.5570295969259753,0.9575229189890687,-0.04564025250195147,-0.046640252501951474,-0.019755438059126385,-0.02688481444282509
CVS,2016-01-07,2016-01-12,2016-01-20,market_wide,-4.238843808418874,-4.912734125741212,1.5570740422675629,-0.011990294791154432,-0.012990294791154433,-0.0469445270320219,0.033954232240867466
CVS,2016-01-15,2016-01-21,2016-01-28,market_wide,-2.958361162098625,-3.1614013929474543,1.3628190584742905,-0.010477971508717876,-0.011477971508717877,-0.007477918073151124,-0.004000053435566753
CVS,2016-04-07,2016-04-12,2016-04-19,market_wide,-2.863832886490544,-2.039656655206109,1.1953384405043512,0.02202877341183984,0.02102877341183984,0.026456574133421062,-0.005427800721581222
CVS,2016-05-23,2016-05-26,2016-06-03,market_wide,-3.6531023531729025,-2.554776850405866,1.3333719215202031,-0.007323848165567082,-0.008323848165567083,0.003396099709721101,-0.011719947875288184
CVS,2016-06-01,2016-06-06,2016-06-13,idiosyncratic,-2.6267078130928256,0.012432278810867784,0.7859709561404985,-0.005503466602183815,-0.006503466602183815,-0.017821349923272334,0.011317883321088518
CVS,2016-06-10,2016-06-15,2016-06-22,market_wide,-2.720307242468157,-2.2876437004963797,1.2861665977823618,-0.02384910645040672,-0.02484910645040672,0.013485865796307506,-0.03833497224671423
CVS,2016-06-20,2016-06-23,2016-06-30,market_wide,-5.451211907152859,-1.7735573310626018,1.5158571321801377,0.018293755477400753,0.017293755477400752,-0.008834588474677774,0.026128343952078525
CVS,2016-07-27,2016-08-01,2016-08-08,market_wide,-3.593673994279918,-1.0808806034970995,1.13347063773164,0.03946941061785458,0.03846941061785458,0.01034755093756945,0.028121859680285133
CVS,2016-08-19,2016-08-24,2016-08-31,market_wide,-2.7830750867578375,-1.260391470616125,0.9210996408491755,-0.03879803182120678,-0.03979803182120678,-0.0034804493850189022,-0.03631758243618788
CVS,2016-08-29,2016-09-01,2016-09-09,market_wide,-2.9455141484734733,-1.2247061888884905,1.4623300327815347,-0.019813803407577657,-0.020813803407577658,-0.021258396773716326,0.00044459336613866807
CVS,2016-09-13,2016-09-16,2016-09-23,market_wide,-4.0365861237755105,-3.378605952590239,0.8405453321225823,0.0053265802683797325,0.0043265802683797325,0.005004006904600011,-0.0006774266362202788
CVS,2016-09-26,2016-09-29,2016-10-06,market_wide,-2.652443298386092,-1.7188455169335175,0.7619092182286389,-0.03417130068730756,-0.03517130068730756,0.00046664779374938625,-0.03563794848105695
CVS,2016-10-04,2016-10-07,2016-10-14,market_wide,-4.0999872348125175,-2.189271681976996,1.1626420272931068,0.027777543988405595,0.026777543988405594,-0.011352373982761343,0.03812991797116694
CVS,2016-10-28,2016-11-02,2016-11-09,market_wide,-6.815023346303405,-3.3475981863872866,3.2470556709824367,-0.08802885687781836,-0.08902885687781836,0.032704106988164394,-0.12173296386598276
CVS,2016-11-09,2016-11-14,2016-11-21,idiosyncratic,-2.861682971015644,1.0987207417054894,1.645283489864131,-0.023684080416897957,-0.024684080416897958,0.012465274414397154,-0.03714935483129511
CVS,2016-11-17,2016-11-22,2016-11-30,idiosyncratic,-2.564426385081573,0.20057718707395822,0.5515207094186966,0.04484333940045415,0.04384333940045415,0.0014458839034783288,0.04239745549697582
CVS,2017-01-26,2017-01-31,2017-02-07,idiosyncratic,-3.705317649524377,-0.23013406193657107,1.1831065873947768,-0.031087058797147127,-0.03208705879714713,0.007668170262319807,-0.039755229059466934
CVS,2017-03-09,2017-03-14,2017-03-21,market_wide,-2.5136615240630817,-2.677431313401952,0.9538898987827047,-0.01602175392814087,-0.01702175392814087,-0.003580581725119769,-0.013441172203021101
CVS,2017-03-17,2017-03-22,2017-03-29,market_wide,-3.9795852664733213,-1.1073282423520467,3.3102360883968633,0.0038238059470701025,0.0028238059470701024,0.006843716643052167,-0.004019910695982064
CVS,2017-03-27,2017-03-30,2017-04-06,market_wide,-2.639011497807466,-2.6252089542980928,0.6570923383837651,-0.02333561747236701,-0.02433561747236701,-0.006698925702856351,-0.01763669176951066
CVS,2017-04-05,2017-04-10,2017-04-18,market_wide,-6.076360641521094,-1.6451524664235122,2.331081729887897,0.005654575124451666,0.004654575124451666,-0.009411272512039881,0.014065847636491546
CVS,2017-05-17,2017-05-22,2017-05-30,market_wide,-6.775739486699647,-7.704275345697817,2.46298389087137,0.005632749318215113,0.004632749318215113,0.015040942185524653,-0.01040819286730954
CVS,2017-05-25,2017-05-31,2017-06-07,idiosyncratic,-2.8737254247665374,0.7268525815551287,0.7318465278511785,0.01731091254429229,0.01631091254429229,0.0066196217239873345,0.009691290820304954
CVS,2017-06-16,2017-06-21,2017-06-28,market_wide,-4.017702981831464,-1.7014064418874042,2.894192652537122,0.039534406951893475,0.038534406951893474,0.012523039261852942,0.026011367690040532
CVS,2017-07-10,2017-07-13,2017-07-20,market_wide,-2.6644651240541473,-1.1585007885273146,0.675114114277049,-0.0033141210657833264,-0.0043141210657833265,0.008238990937486923,-0.01255311200327025
CVS,2017-07-18,2017-07-21,2017-07-28,idiosyncratic,-2.683852873857343,0.06096060603476785,1.123927728303298,0.035310926405832,0.034310926405832,-0.005541588401309916,0.039852514807141914
CVS,2017-08-18,2017-08-23,2017-08-30,market_wide,-3.951258785137274,-2.9772141444217755,1.0706005150449596,-0.01584817920452941,-0.016848179204529412,0.008262581767731092,-0.025110760972260504
CVS,2017-10-11,2017-10-16,2017-10-23,idiosyncratic,-2.67166410972714,0.20808879026912397,1.0329785326906793,0.05479676670581313,0.053796766705813126,0.013739994116731546,0.04005677258908158
CVS,2017-10-27,2017-11-01,2017-11-08,idiosyncratic,-4.16002199849927,0.925934703398575,3.687891218612056,-0.00014509594332334785,-0.0011450959433233479,0.01347948682952671,-0.014624582772850059
CVS,2018-02-08,2018-02-13,2018-02-21,market_wide,-3.5965303406022473,-3.6164602928886174,1.1472652500506353,-0.01925525345531931,-0.02025525345531931,0.01109499988083229,-0.0313502533361516
CVS,2018-02-23,2018-02-28,2018-03-07,idiosyncratic,-3.4546812636768416,0.31249316327486076,0.6234862081817527,-0.0032482916637063264,-0.004248291663706326,0.007365731470308834,-0.011614023134015161
CVS,2018-03-22,2018-03-27,2018-04-04,market_wide,-2.925616807242542,-5.30851494109199,1.015046389291943,0.06072619609018126,0.05972619609018126,0.019879531803801864,0.039846664286379396
CVS,2018-05-07,2018-05-10,2018-05-17,idiosyncratic,-3.1440154944082446,0.22352997404048863,1.0508956221846846,0.053170840722339685,0.052170840722339684,0.015090056866575052,0.03708078385576463
CVS,2018-05-31,2018-06-05,2018-06-12,market_wide,-5.877119796056879,-1.9281038828130967,2.33298636737081,0.047686530705510544,0.04668653070551054,0.017887106300571,0.028799424404939544
CVS,2018-06-29,2018-07-05,2018-07-12,market_wide,-4.02547298407873,-2.124658063400273,1.0585636794751032,0.044553800449027126,0.043553800449027125,0.027237267527867592,0.016316532921159532
CVS,2018-07-31,2018-08-03,2018-08-10,market_wide,-2.8194786141046597,-1.8183225942660488,1.640708750247824,0.0641084622917889,0.0631084622917889,-0.0009767109164205978,0.0640851732082095
CVS,2018-10-11,2018-10-16,2018-10-23,market_wide,-14.880896208734494,-4.84868148400939,2.6464564210774015,-0.01043474118801857,-0.011434741188018571,-0.02933826573325704,0.01790352454523847
CVS,2018-10-24,2018-10-29,2018-11-05,market_wide,-4.847619132651379,-5.515119565730182,0.7598742908595785,0.04465561130607587,0.04365561130607587,0.04429575222163207,-0.0006401409155561977
CVS,2018-12-07,2018-12-12,2018-12-19,market_wide,-3.051104830352787,-3.122144043623378,0.8288682297146626,-0.0793288728715803,-0.0803288728715803,-0.057576336723023536,-0.022752536148556768
CVS,2019-03-27,2019-04-01,2019-04-08,market_wide,-4.3687867410734595,-2.95498016384724,1.4780110230752759,-0.000738265238157787,-0.001738265238157787,0.00627286890959744,-0.008011134147755228
CVS,2019-04-04,2019-04-09,2019-04-16,idiosyncratic,-2.547933356611058,0.2561347900809228,0.7901845050092181,0.003350626989287786,0.002350626989287786,0.020160720738837234,-0.01781009374954945
CVS,2019-05-14,2019-05-17,2019-05-24,market_wide,-3.8974510152033104,-2.593850183219251,0.8643649350055402,0.0035929554763070026,0.0025929554763070026,-0.012676264015015537,0.015269219491322539
CVS,2019-05-23,2019-05-29,2019-06-05,market_wide,-2.537643728019678,-2.7436613977979483,0.9753211717275387,0.012376427105182053,0.011376427105182052,0.030989671413936826,-0.019613244308754774
CVS,2019-06-20,2019-06-25,2019-07-02,idiosyncratic,-2.5661745848498465,1.2141512508358492,1.831594715190442,0.020864485920532916,0.019864485920532915,0.02970461643081057,-0.009840130510277656
CVS,2019-07-25,2019-07-30,2019-08-06,market_wide,-2.5121316749127125,-1.0075863650327148,0.6225911517744783,-0.04316294057551939,-0.044162940575519394,-0.05686096704098176,0.012698026465462364
CVS,2019-09-25,2019-09-30,2019-10-07,market_wide,-4.050536327430404,-1.8724534949214933,0.8020602931481698,-0.017124184232978457,-0.018124184232978457,-0.017280565928601388,-0.0008436183043770695
CVS,2019-10-03,2019-10-08,2019-10-15,market_wide,-3.4404166304281487,-2.79690093470794,0.8898752355060234,0.07370009147456136,0.07270009147456136,0.048696832668198686,0.02400325880636267
CVS,2019-12-03,2019-12-06,2019-12-13,market_wide,-3.7689087740492453,-3.4212527892535185,0.930613744839524,-0.023487451217860555,-0.024487451217860556,0.010227082943461419,-0.034714534161321975
CVS,2019-12-17,2019-12-20,2019-12-30,idiosyncratic,-2.709579734481624,0.02332011444132353,1.3510851498963756,-0.01179936282170646,-0.012799362821706461,-0.0067826658042825505,-0.006016697017423911
CVS,2020-01-07,2020-01-10,2020-01-17,market_wide,-2.781731181592996,-1.6258873172937838,1.4628625871880132,0.054222483194697135,0.053222483194697134,0.017305767008556572,0.03591671618614056
CVS,2020-01-24,2020-01-29,2020-02-05,market_wide,-3.053127477026553,-1.3484514100365803,1.5404087270558813,-0.00014143532111421386,-0.0011414353211142139,0.012060976355410702,-0.013202411676524917
CVS,2020-06-23,2020-06-26,2020-07-06,market_wide,-2.561025278104235,-1.2050249467824843,0.5520862632818502,0.0233252654002436,0.0223252654002436,0.04644223208099496,-0.02411696668075136
CVS,2020-08-20,2020-08-25,2020-09-01,idiosyncratic,-4.277200957084154,-0.19591445156568976,0.9676876283684441,-0.05026027920707887,-0.051260279207078874,0.026598851408480284,-0.07785913061555916
CVS,2020-09-01,2020-09-04,2020-09-14,idiosyncratic,-5.097856470296633,0.39906566673358806,1.9836853684662898,-0.03768284294336499,-0.03868284294336499,-0.0007652923178039783,-0.037917550625561014
CVS,2020-09-10,2020-09-15,2020-09-22,market_wide,-3.6237034229943106,-3.446308599011274,1.1719680513627575,0.020000003248639153,0.019000003248639152,-0.0158545097139855,0.03485451296262465
CVS,2020-09-25,2020-09-30,2020-10-07,market_wide,-2.5595761729207145,-1.757463997552958,0.4620332888992161,0.01746557802840698,0.01646557802840698,0.021284958410993537,-0.004819380382586558
CVS,2020-12-16,2020-12-21,2020-12-29,idiosyncratic,-2.8207508145597284,0.0,0.9157570967545817,-0.011788832132719751,-0.012788832132719752,-0.0003646712883638159,-0.012424160844355936
CVS,2020-12-28,2020-12-31,2021-01-08,idiosyncratic,-2.829581388152922,0.6870487833564634,0.7023000903711045,0.09604698541884438,0.09504698541884438,0.020164499861889507,0.07488248555695487
CVS,2021-01-25,2021-01-28,2021-02-04,idiosyncratic,-3.922052367253345,0.05446077470625126,1.2012777927069138,0.005371166852385256,0.004371166852385256,0.009504342304996305,-0.005133175452611049
CVS,2021-02-19,2021-02-24,2021-03-03,market_wide,-3.3644045698397824,-1.2726063860538381,0.7834734935278381,-0.019460436342401022,-0.020460436342401023,-0.024494738737557142,0.00403430239515612
CVS,2021-04-08,2021-04-13,2021-04-20,idiosyncratic,-2.546052422928325,0.2833222011766561,0.7943013809536953,0.025533938883790963,0.024533938883790962,0.00021233681990584508,0.024321602063885117
CVS,2021-06-02,2021-06-07,2021-06-14,idiosyncratic,-2.5974425023799452,0.08594672412580268,0.3984902993579501,-0.019807504064949355,-0.020807504064949356,-0.0012383772519503067,-0.01956912681299905
CVS,2021-06-10,2021-06-15,2021-06-22,idiosyncratic,-2.725271084949195,0.6930575458088026,0.7362779848110486,-0.018618545787752128,-0.01961854578775213,-0.011260370620845506,-0.008358175166906623
CVS,2021-06-18,2021-06-23,2021-06-30,market_wide,-5.581718625429195,-7.107473890306415,1.8634905510560584,-0.003463852243886123,-0.004463852243886123,0.018805090928809998,-0.02326894317269612
CVS,2021-07-01,2021-07-07,2021-07-14,idiosyncratic,-3.7963831535089154,0.569258114310619,2.0289329641182072,0.013277412259083743,0.012277412259083742,0.005001174947615539,0.007276237311468203
CVS,2021-08-24,2021-08-27,2021-09-03,idiosyncratic,-3.1766263659058533,0.26098665264730214,0.6300785984465294,0.04491688228891699,0.04391688228891699,0.00295060568263783,0.04096627660627916
CVS,2021-09-14,2021-09-17,2021-09-24,market_wide,-3.030613729837126,-3.3808065960903617,0.7214761047277647,-0.009356121447062993,-0.010356121447062994,0.01145815185670318,-0.021814273303766174
CVS,2021-10-01,2021-10-06,2021-10-13,market_wide,-3.0481338765351444,-1.890675267023815,1.3203858185610011,0.00012011252236399095,-0.0008798874776360091,0.003094704347120336,-0.003974591824756345
CVS,2021-11-22,2021-11-26,2021-12-03,market_wide,-2.8457586831544415,-1.005434468630341,0.9021864690761882,-0.007102113053265802,-0.008102113053265803,-0.014296344650496451,0.006194231597230648
CVS,2022-01-20,2022-01-25,2022-02-01,market_wide,-2.735752100717201,-4.025541845967729,0.9296348086421724,0.03074687746461957,0.02974687746461957,0.03636654921495053,-0.006619671750330958
CVS,2022-02-09,2022-02-14,2022-02-22,idiosyncratic,-3.3240629364289354,0.02288956249064761,1.8345561865721223,-0.010485597100656774,-0.011485597100656775,-0.018075539121122475,0.0065899420204657
CVS,2022-02-17,2022-02-23,2022-03-02,market_wide,-2.9409509258490614,-3.95040172190502,0.6362609443992264,0.02142038248685707,0.02042038248685707,0.03930618377006856,-0.01888580128321149
CVS,2022-03-31,2022-04-05,2022-04-12,market_wide,-4.387961343128896,-1.3900471777427985,1.6533529433450462,0.0520812710099543,0.0510812710099543,-0.010933580293623901,0.0620148513035782
CVS,2022-04-22,2022-04-27,2022-05-04,market_wide,-3.668383278002401,-5.348694359449569,1.1910498146197903,-0.0027764789892327224,-0.0037764789892327224,0.03457074991645315,-0.03834722890568587
CVS,2022-05-18,2022-05-23,2022-05-31,market_wide,-5.939135363982805,-3.3149081983909676,1.377349919164117,0.012346848744033911,0.01134684874403391,0.03744935318060194,-0.02610250443656803
CVS,2022-06-13,2022-06-16,2022-06-24,market_wide,-4.0310521231998715,-5.1556009534844405,0.9972244001224283,0.051975620677832124,0.05097562067783212,0.05600932441612194,-0.005033703738289819
CVS,2022-08-22,2022-08-25,2022-09-01,market_wide,-2.8395548085304965,-2.49353665269633,1.1587045325013567,-0.02173272276308158,-0.02273272276308158,-0.052073904579273744,0.029341181816192163
CVS,2022-08-30,2022-09-02,2022-09-12,market_wide,-3.6652224402976294,-3.35286161379406,1.1798566351424613,0.03620273104172367,0.03520273104172367,0.04439960319871106,-0.00919687215698739
CVS,2022-09-23,2022-09-28,2022-10-05,market_wide,-4.210016090568065,-3.7871101313952855,1.0058615733605776,0.023329194787316654,0.022329194787316653,0.030669859849870473,-0.00834066506255382
CVS,2022-10-07,2022-10-12,2022-10-19,market_wide,-7.953749625616392,-2.287080506859787,4.270128958756589,0.04348819771530765,0.04248819771530765,0.03531612897898273,0.007172068736324921
CVS,2022-11-16,2022-11-21,2022-11-29,idiosyncratic,-3.2370878524618845,-0.27879646789369633,0.9049667548596324,0.030544370041319713,0.029544370041319712,0.009705277960366576,0.019839092080953136
CVS,2022-12-16,2022-12-21,2022-12-29,market_wide,-5.063906776776079,-4.311063605862915,2.2967725954442715,-0.007118376642466173,-0.008118376642466174,-0.0021120053786182202,-0.006006371263847954
CVS,2022-12-27,2022-12-30,2023-01-09,market_wide,-2.9390567290480174,-2.4081009235361144,0.6259137153693023,-0.018242355515228126,-0.019242355515228127,0.03283079901790931,-0.052073154533137433
CVS,2023-01-05,2023-01-10,2023-01-18,market_wide,-5.608259182180185,-2.698454849188692,1.5989483792880725,-0.027027021805819063,-0.028027021805819063,-0.017079904014194347,-0.010947117791624716
CVS,2023-01-17,2023-01-20,2023-01-27,idiosyncratic,-2.8345513415960224,-0.10596373835946461,1.4215848015405397,0.00896541266836448,0.00796541266836448,0.02918969890091927,-0.02122428623255479
CVS,2023-02-02,2023-02-07,2023-02-14,idiosyncratic,-2.659355839634295,0.9718104637259921,0.9937402398381636,0.029541640639918265,0.028541640639918264,-0.010041469707872674,0.03858311034779094
CVS,2023-03-01,2023-03-06,2023-03-13,market_wide,-3.587060910562989,-2.8261278613722327,0.9733977523094726,-0.08063153945077783,-0.08163153945077783,-0.047991849158757205,-0.03363969029202063
CVS,2023-03-09,2023-03-14,2023-03-21,market_wide,-4.3113502031696616,-3.959712510227801,1.2237998272997237,0.0,-0.001,0.01530609383050896,-0.01630609383050896
CVS,2023-03-17,2023-03-22,2023-03-29,market_wide,-3.0793415495870704,-1.8785147387108885,1.9209704627847546,-0.004300452986189973,-0.005300452986189973,0.0240046913684846,-0.029305144354674573
CVS,2023-04-19,2023-04-24,2023-05-01,idiosyncratic,-3.5876466193182193,-0.027391009622792444,1.0036515948877671,0.00612732605144739,0.00512732605144739,-0.011805632186992154,0.016932958238439544
CVS,2023-05-03,2023-05-08,2023-05-15,market_wide,-8.089323055273264,-2.1131338205390264,1.9320564016938284,-0.011911618551924574,-0.012911618551924575,-0.0038722309582632786,-0.009039387593661297
CVS,2023-05-25,2023-05-31,2023-06-07,market_wide,-2.718624079572885,-1.3450288400856287,1.3635282485912026,0.05071298454447892,0.04971298454447892,0.01977632578446764,0.02993665876001128
CVS,2023-08-03,2023-08-08,2023-08-15,market_wide,-2.9179078715198776,-3.5811217210546196,1.2437068241883873,-0.009054293971661465,-0.010054293971661465,-0.010465088597643168,0.000410794625981703
CVS,2023-08-17,2023-08-22,2023-08-29,market_wide,-11.347774664238154,-4.502880049037374,6.3072617699137625,0.0011928492331201301,0.00019284923312013012,0.023972393118979696,-0.023779543885859566
CVS,2023-08-31,2023-09-06,2023-09-13,idiosyncratic,-7.0432078887159895,-0.1266844770570544,0.8507584898409275,0.07220264670407817,0.07120264670407817,0.0014297407001051532,0.06977290600397301
CVS,2023-09-27,2023-10-02,2023-10-09,market_wide,-3.4509623008506733,-2.966120285678021,0.9329017603634299,0.02238487212296536,0.02138487212296536,0.0017741982280319313,0.019610673894933428
CVS,2023-10-20,2023-10-25,2023-11-01,market_wide,-4.018027640385641,-4.616353173979987,1.1991884315290258,0.0029185110426150906,0.0019185110426150906,0.014429028229371976,-0.012510517186756887
CVS,2024-01-26,2024-01-31,2024-02-07,idiosyncratic,-2.7321890956134873,-0.11609033829488037,0.793431646853275,0.022589721242245453,0.021589721242245452,0.01013268213679952,0.011457039105445932
CVS,2024-02-29,2024-03-05,2024-03-12,idiosyncratic,-4.602436203469842,0.050891900543912315,1.7192813136097893,0.02035007075563411,0.019350070755634108,0.028866831297851947,-0.00951676054221784
CVS,2024-04-02,2024-04-05,2024-04-12,market_wide,-8.25646952962803,-1.289389090854779,2.7221451294143617,-0.07964580774136643,-0.08064580774136643,-0.01957022904013761,-0.061075578701228816
CVS,2024-04-11,2024-04-16,2024-04-23,market_wide,-3.3251677080135438,-1.5237572454077575,1.1114394721372085,0.0019241595113195231,0.0009241595113195231,0.006320893783648529,-0.005396734272329006
CVS,2024-04-23,2024-04-26,2024-05-03,market_wide,-2.8780690891166927,-1.6144022069062887,1.0434495932118422,-0.1679069894248708,-0.1689069894248708,-0.0059812011301748624,-0.16292578829469595
CVS,2024-05-02,2024-05-07,2024-05-14,market_wide,-3.764000578185707,-1.1156057640985222,2.673307149621145,0.004664407810491378,0.0036644078104913777,0.02130257244942735,-0.01763816463893597
CVS,2024-06-27,2024-07-02,2024-07-10,idiosyncratic,-6.3487352534827,-0.14672826417879803,1.5275035752247048,0.0001739015148609635,-0.0008260984851390365,0.009341403930156478,-0.010167502415295515
CVS,2024-09-09,2024-09-12,2024-09-19,market_wide,-3.5966670564719125,-2.3475921303729566,1.0489163802452417,0.01512256848843152,0.01412256848843152,0.028158960191627003,-0.014036391703195483
CVS,2024-10-23,2024-10-28,2024-11-04,market_wide,-2.810843489278735,-2.201960059472237,0.6381938029926547,-0.04724552225798451,-0.04824552225798451,-0.010480005862483877,-0.03776551639550063
CVS,2024-11-12,2024-11-15,2024-11-22,idiosyncratic,-3.949284544661382,-0.15621710994264656,1.1749874373615443,0.09061858460016281,0.08961858460016281,0.017695238739072083,0.07192334586109073
CVS,2024-12-19,2024-12-24,2025-01-02,market_wide,-2.76473832558666,-3.4553813042023402,1.4657011877239592,-0.0006778232746923463,-0.0016778232746923463,-0.018801358943922097,0.01712353566922975
CVS,2025-07-02,2025-07-08,2025-07-15,idiosyncratic,-2.7048383242894585,0.28034586200417394,1.4705138868503025,-0.044816183358265094,-0.045816183358265095,-0.015324777981833071,-0.030491405376432024
CVS,2025-07-14,2025-07-17,2025-07-24,idiosyncratic,-3.5116678949071223,-0.2797446408402476,1.0960944897480156,-0.061757773014512796,-0.0627577730145128,-0.007814428361435088,-0.05494334465307771
CVS,2025-11-14,2025-11-19,2025-11-26,market_wide,-2.941988574624619,-2.119706238734498,0.7317349288133099,0.04323968113490295,0.04223968113490295,0.01974058606472484,0.02249909507017811
CVS,2026-01-28,2026-02-02,2026-02-09,idiosyncratic,-2.9152348763368776,-0.013666952332430458,1.1367430794941926,0.004640654250517295,0.0036406542505172954,0.01693364656236729,-0.013292992311849994
CVS,2026-03-11,2026-03-16,2026-03-23,market_wide,-3.2511282016789638,-2.7104191011547343,0.6424907786587668,-0.059994614728991924,-0.060994614728991925,-0.022689431443981056,-0.03830518328501087
CVS,2026-03-19,2026-03-24,2026-03-31,market_wide,-4.035374280173217,-3.1455112529692735,1.310787620483713,-0.013461699454058174,-0.014461699454058174,0.0012148587574174474,-0.015676558211475622
CVS,2026-05-27,2026-06-01,2026-06-08,idiosyncratic,-2.7652493580200974,-0.02579880473789056,0.6110191304662514,0.07128666019521268,0.07028666019521268,-0.018534850644637668,0.08882151083985035
CVS,2026-07-29,2026-08-03,2026-08-10,market_wide,-2.820470761786492,-4.4788068216034915,0.9980459884569775,-0.09205660363287183,-0.09305660363287183,0.017295214430702366,-0.11035181806357419
CVS,2026-08-18,2026-08-21,2026-08-28,market_wide,-2.9735470407647915,-3.6749454467996285,0.7188125871632746,0.00043002490830912343,-0.0005699750916908766,0.004467478244114531,-0.005037453335805408
AXP,2015-12-02,2015-12-07,2015-12-14,market_wide,-3.2584058753314378,-1.605867068221937,0.929604749818384,-0.025208934203686306,-0.026208934203686307,-0.039937277890163436,0.013728343686477129
AXP,2015-12-10,2015-12-15,2015-12-22,market_wide,-2.5488002954436615,-2.7245161152730275,0.9204644082605089,-0.018531751582499756,-0.019531751582499757,0.0032445206924074377,-0.022776272274907194
AXP,2016-01-06,2016-01-11,2016-01-19,market_wide,-4.522243366718601,-3.840419888971305,1.9965360237155445,-0.022014264820099494,-0.023014264820099495,-0.023052386623916732,3.8121803817237065e-05
AXP,2016-01-14,2016-01-20,2016-01-27,market_wide,-2.6679737599934454,-2.4188164125712546,0.7889238127371418,-0.13501505199147645,-0.13601505199147645,0.009733505953459565,-0.14574855794493602
AXP,2016-04-05,2016-04-08,2016-04-15,market_wide,-3.1446904398641533,-2.0146973148261615,1.104125718038654,0.04436971457044492,0.04336971457044492,0.01973224227381154,0.023637472296633377
AXP,2016-05-04,2016-05-09,2016-05-16,market_wide,-4.352571342087399,-3.9414096148142868,0.9161044117081003,0.0014068051577951213,0.00040680515779512125,0.0013763374318709332,-0.0009695322740758119
AXP,2016-05-17,2016-05-20,2016-05-27,market_wide,-6.164444711426599,-3.2854945487990936,1.824598318943336,0.025031028793164545,0.024031028793164544,0.02756614651442124,-0.0035351177212566975
AXP,2016-06-14,2016-06-17,2016-06-24,market_wide,-6.794531689808479,-3.649188946760376,3.044396627328717,-0.02909807682214305,-0.03009807682214305,-0.008486679737647496,-0.021611397084495554
AXP,2016-08-25,2016-08-30,2016-09-07,market_wide,-3.810448421852964,-3.465031047852498,1.4121522693997073,0.011306316223989699,0.010306316223989698,-0.0046931264255770655,0.014999442649566763
AXP,2016-09-13,2016-09-16,2016-09-23,market_wide,-4.152130896009627,-3.378605952590239,1.3766236311041549,0.00298466903564365,0.00198466903564365,0.005004006904600011,-0.0030193378689563613
AXP,2016-09-26,2016-09-29,2016-10-06,market_wide,-3.53846354447684,-1.7188455169335175,1.4027867528271405,-0.017647346912498252,-0.018647346912498253,0.00046664779374938625,-0.01911399470624764
AXP,2016-10-06,2016-10-11,2016-10-18,market_wide,-5.456113889464778,-1.5087390532279268,1.9451279737589777,-0.012816445538944787,-0.013816445538944788,0.002465557252806727,-0.016282002791751515
AXP,2016-10-14,2016-10-19,2016-10-26,market_wide,-2.9645354026939343,-2.664466530220895,1.232066798383654,0.09061222208490216,0.08961222208490216,0.011988041453166343,0.07762418063173582
AXP,2017-01-23,2017-01-26,2017-02-02,market_wide,-2.6674579654987736,-2.6067583388035525,0.7597496619478981,-0.0054593861471627925,-0.0064593861471627925,-0.009150867086911818,0.0026914809397490256
AXP,2017-03-02,2017-03-07,2017-03-14,market_wide,-2.6496071316894,-1.044724962030454,1.1546759952658756,0.0013819614304253491,0.0003819614304253491,-0.002493316567011794,0.002875277997437143
AXP,2017-03-10,2017-03-15,2017-03-22,market_wide,-3.2225140055826222,-1.9812118167505446,0.9022008348738458,-0.0196891077127076,-0.0206891077127076,-0.00911356824313736,-0.01157553946957024
AXP,2017-03-20,2017-03-23,2017-03-30,market_wide,-3.9402480737823335,-1.491112987054427,0.7338317880920137,0.01760032270861278,0.01660032270861278,0.01226161200814202,0.00433871070047076
AXP,2017-04-11,2017-04-17,2017-04-24,market_wide,-3.5881150192770543,-3.1717983799480116,1.4935798234974278,0.049302209557065435,0.048302209557065434,0.014197523544027035,0.0341046860130384
AXP,2017-05-04,2017-05-09,2017-05-16,idiosyncratic,-3.62460673395727,-0.006650255447094768,0.8120667517121827,-0.003952384172314249,-0.0049523841723142495,-0.0005168324605790975,-0.004435551711735152
AXP,2017-05-12,2017-05-17,2017-05-24,market_wide,-3.8540488264201263,-1.4736279505000955,0.8403514122173219,0.009820357330745821,0.00882035733074582,0.019503576378915533,-0.010683219048169712
AXP,2017-07-27,2017-08-01,2017-08-08,idiosyncratic,-8.401670585112493,-0.2265878356991087,1.6167452674407852,0.008212108839746213,0.007212108839746213,-0.002506702261125149,0.00971881110087136
AXP,2017-08-28,2017-08-31,2017-09-08,market_wide,-2.6704423305375093,-1.4969964873229673,0.7218106459785325,-0.021486607740344388,-0.02248660774034439,0.007922016059168202,-0.03040862379951259
AXP,2017-11-10,2017-11-15,2017-11-22,market_wide,-3.796509815466202,-1.3130329818345698,0.9680249352724264,0.006004495466109594,0.005004495466109594,0.019220769182384245,-0.014216273716274652
AXP,2018-01-19,2018-01-24,2018-01-31,idiosyncratic,-7.432828369621729,0.30300062908636877,3.8007523673628225,0.0010070603481731055,7.060348173105503e-06,-0.005145187354096081,0.005152247702269187
AXP,2018-03-01,2018-03-06,2018-03-13,market_wide,-3.935341948061549,-3.9812862610788233,1.1316064108307717,-0.007286166110253123,-0.008286166110253124,0.013720401678839922,-0.022006567789093046
AXP,2018-03-15,2018-03-20,2018-03-27,market_wide,-3.5028071510444794,-1.0476157025508013,0.8892862184162236,-0.03717734806754103,-0.03817734806754103,-0.04622086434445383,0.008043516276912799
AXP,2018-05-29,2018-06-01,2018-06-08,market_wide,-7.369597434877066,-5.575878054324283,1.7340980931179542,0.027989996011848817,0.026989996011848816,0.027552185963856557,-0.0005621899520077411
AXP,2018-06-19,2018-06-22,2018-06-29,market_wide,-3.9334771585397426,-1.9886710835197519,0.8857140423550522,0.007919489147214298,0.006919489147214298,-0.018557634880931873,0.02547712402814617
AXP,2018-07-31,2018-08-03,2018-08-10,market_wide,-3.5018234499067487,-1.8183225942660488,1.1155706917960317,0.007838010412818175,0.006838010412818175,-0.0009767109164205978,0.007814721329238772
AXP,2018-09-26,2018-10-01,2018-10-08,market_wide,-3.227794549846198,-1.6008657076262898,0.9898333804010166,-0.004855083911197933,-0.005855083911197933,-0.017967657397675363,0.01211257348647743
AXP,2018-10-10,2018-10-15,2018-10-22,market_wide,-7.353699192017288,-7.928389192617845,1.6691337036331393,0.018417362674045146,0.017417362674045145,-0.0015189622710246597,0.018936324945069805
AXP,2018-10-24,2018-10-29,2018-11-05,market_wide,-3.470254859333743,-5.515119565730182,0.9082198067903239,0.039727213962831964,0.03872721396283196,0.04429575222163207,-0.005568538258800104
AXP,2018-12-10,2018-12-13,2018-12-20,market_wide,-2.8025221350094736,-2.9069362406551438,1.003111843309537,-0.1024369155553535,-0.1034369155553535,-0.06726651509101267,-0.036170400464340835
AXP,2019-03-25,2019-03-28,2019-04-04,market_wide,-3.0008840027894603,-2.5738673543697286,0.9943483454255884,0.012365588786662052,0.01136558878666205,0.02480617741200719,-0.01344058862534514
AXP,2019-05-30,2019-06-04,2019-06-11,market_wide,-3.317896933213754,-2.9194700592447487,0.5912283126248477,0.05460019662078919,0.05360019662078919,0.026473675093207527,0.02712652152758166
AXP,2019-08-23,2019-08-28,2019-09-05,market_wide,-5.045845644721024,-2.357182222410041,1.5272285338873317,0.0132673329042996,0.0122673329042996,0.03434988092514879,-0.02208254802084919
AXP,2019-09-10,2019-09-13,2019-09-20,idiosyncratic,-2.8534293397935637,-0.01654897748897844,1.769990630284748,-0.020134121815451933,-0.021134121815451934,-0.0076451827585167775,-0.013488939056935156
AXP,2019-09-19,2019-09-24,2019-10-01,idiosyncratic,-2.62169504011878,-0.14306436452374602,0.4608344373332338,-0.012439733292095578,-0.01343973329209558,-0.015122851413079008,0.001683118120983429
AXP,2019-10-02,2019-10-07,2019-10-14,market_wide,-7.5804262424726065,-5.84136577307817,1.4191384793292858,0.024109246635869663,0.023109246635869662,0.014460098437421687,0.008649148198447976
AXP,2019-11-21,2019-11-26,2019-12-04,market_wide,-3.756425173379177,-1.1521973084605426,1.2805497927697098,-0.015443625438501196,-0.016443625438501197,-0.012588074200915567,-0.0038555512375856305
AXP,2019-12-02,2019-12-05,2019-12-12,market_wide,-5.397388797435301,-2.224981856788815,2.1906743457485525,0.03686179469003714,0.03586179469003714,0.026840916461945863,0.009020878228091278
AXP,2020-02-03,2020-02-06,2020-02-13,market_wide,-2.726501558778175,-2.1937112884453605,0.6751748772138711,0.00908057044417565,0.00808057044417565,0.003105072040617607,0.004975498403558043
AXP,2020-06-26,2020-07-01,2020-07-09,market_wide,-3.9485630923413897,-3.7220014533709023,1.8601096268396011,-0.037001596428891226,-0.03800159642889123,0.004957962222071011,-0.04295955865096224
AXP,2020-10-28,2020-11-02,2020-11-09,market_wide,-3.824827928210507,-6.301408518172243,1.8119372935509368,0.25663815032385395,0.25563815032385395,0.08062151643131532,0.17501663389253863
AXP,2020-12-14,2020-12-17,2020-12-24,market_wide,-3.8484983251811933,-2.3711501888124364,1.443499477924031,-0.013700028984401036,-0.014700028984401037,-0.00831030876347405,-0.0063897202209269865
AXP,2021-04-20,2021-04-23,2021-04-30,market_wide,-4.1078328408850036,-1.3421732008663652,1.0478623475401134,0.06249574786063894,0.06149574786063894,0.0032204670153368475,0.05827528084530209
AXP,2021-08-03,2021-08-06,2021-08-13,idiosyncratic,-2.633681797267723,0.041748400503854366,0.7949292159404916,-0.03081264617789259,-0.03181264617789259,0.0004450024459834445,-0.032257648623876034
AXP,2021-08-18,2021-08-23,2021-08-30,market_wide,-3.964646008850202,-3.3817276171115336,0.9450503989753136,0.02374567125674054,0.02274567125674054,0.006433123782631611,0.01631254747410893
AXP,2021-09-03,2021-09-09,2021-09-16,idiosyncratic,-3.242707691378547,-0.03548087423350913,1.3908635819572936,0.020327635704417757,0.019327635704417756,0.00046523994778979727,0.01886239575662796
AXP,2021-10-28,2021-11-02,2021-11-09,idiosyncratic,-2.989408807859982,0.5272831018794789,1.4789676376093108,0.038632841039240695,0.037632841039240694,0.02003640742459334,0.017596433614647355
AXP,2022-01-19,2022-01-24,2022-01-31,market_wide,-4.800922261890982,-4.779679301327939,0.9003905368754042,0.1314417565768642,0.1304417565768642,0.01871760872370709,0.1117241478531571
AXP,2022-03-31,2022-04-05,2022-04-12,market_wide,-2.5229532439894937,-1.3900471777427985,1.017479906538304,-0.05049461378196862,-0.05149461378196862,-0.010933580293623901,-0.04056103348834472
AXP,2022-04-29,2022-05-04,2022-05-11,market_wide,-3.8242874469001635,-3.1785109955321706,0.970032665814515,-0.10364390528352463,-0.10464390528352463,-0.06733220628791714,-0.03731169899560749
AXP,2022-05-18,2022-05-23,2022-05-31,market_wide,-2.985541418347416,-3.3149081983909676,0.7964654024546144,0.06149417967751436,0.06049417967751436,0.03744935318060194,0.02304482649691242
AXP,2022-06-29,2022-07-05,2022-07-12,market_wide,-2.611016174624917,-1.1744947594946675,0.8793740142434563,-0.0033658304792162363,-0.004365830479216236,0.0010171830882190758,-0.005383013567435312
AXP,2022-09-01,2022-09-07,2022-09-14,market_wide,-3.4184920243475174,-2.9669441989466567,1.0751668033604505,0.026600929626548142,0.02560092962654814,-0.008130516693741874,0.033731446320290015
AXP,2022-12-16,2022-12-21,2022-12-29,market_wide,-5.215262080296963,-4.311063605862915,1.578247573460976,0.0014954866198615413,0.0004954866198615413,-0.0021120053786182202,0.0026074919984797615
AXP,2023-02-21,2023-02-24,2023-03-03,market_wide,-4.927767919058423,-5.481920981569055,0.9983222093853252,0.027776106117997745,0.026776106117997744,0.01695547339166037,0.009820632726337375
AXP,2023-04-06,2023-04-12,2023-04-19,idiosyncratic,-3.132909478016999,-0.26351554263994226,1.157981420481883,0.035532740294916154,0.03453274029491615,0.018807462999238744,0.01572527729567741
AXP,2023-05-11,2023-05-16,2023-05-23,market_wide,-3.1275198282396017,-1.1744240770210543,0.9889825104599657,0.027963099578963924,0.026963099578963923,0.00644424727007431,0.020518852308889612
AXP,2023-06-21,2023-06-26,2023-07-03,market_wide,-4.143979551767282,-1.0560278989028933,0.981302381060334,0.049847415647896076,0.048847415647896075,0.019624296837657207,0.02922311881023887
AXP,2023-07-25,2023-07-28,2023-08-04,idiosyncratic,-3.630256630398803,0.06039044265405322,0.9638642548798799,-0.0001210061638649007,-0.0011210061638649007,-0.02310547729960366,0.02198447113573876
AXP,2023-08-03,2023-08-08,2023-08-15,market_wide,-2.930968806977855,-3.5811217210546196,0.4443525590515347,-0.023874043912832765,-0.024874043912832766,-0.010465088597643168,-0.014408955315189598
AXP,2023-08-15,2023-08-18,2023-08-25,market_wide,-4.49562456172825,-4.153668296444291,1.133037991676735,-0.011920228891113438,-0.012920228891113439,-0.0023145787581448918,-0.010605650132968547
AXP,2023-08-23,2023-08-28,2023-09-05,market_wide,-2.844636365731326,-1.1661238886516267,0.9154266762280387,0.0050882364938718005,0.0040882364938718005,0.010415826610313816,-0.006327590116442016
AXP,2023-08-31,2023-09-06,2023-09-13,idiosyncratic,-2.8727725189855002,-0.1266844770570544,1.513352992826494,0.007215102306196819,0.006215102306196819,0.0014297407001051532,0.004785361606091666
AXP,2023-09-26,2023-09-29,2023-10-06,market_wide,-3.5844225406902277,-3.51921671083322,0.7706848291975241,0.004983657154379317,0.003983657154379317,-0.010137919250681082,0.014121576405060399
AXP,2023-10-23,2023-10-26,2023-11-02,market_wide,-2.845672766891471,-3.2720621759946344,1.5494686869393801,0.05239296629287726,0.05139296629287726,0.039116581082780266,0.012276385210096996
AXP,2024-01-12,2024-01-18,2024-01-25,idiosyncratic,-4.880932927071139,-0.002707388892335431,1.3396769302403324,0.0460538838816118,0.0450538838816118,0.009243517541398738,0.03581036634021306
AXP,2024-04-09,2024-04-12,2024-04-19,market_wide,-3.0610089622627483,-1.313167514872736,1.6996191261735523,0.0588451533057579,0.0578451533057579,-0.01973749830912086,0.07758265161487876
AXP,2024-05-23,2024-05-29,2024-06-05,market_wide,-5.00710174932457,-1.1904007195120496,1.393609818208143,-0.005297908617040714,-0.006297908617040714,0.016383515577246488,-0.022681424194287203
AXP,2024-06-05,2024-06-10,2024-06-17,idiosyncratic,-3.6440925909448256,1.3126741534727886,1.0947189568901314,-0.017940005174264084,-0.018940005174264085,0.0037453433541223546,-0.02268534852838644
AXP,2024-10-21,2024-10-24,2024-10-31,idiosyncratic,-2.9472782513034694,-0.18109195883098914,1.3712357773697683,0.00037043291121330313,-0.0006295670887866969,-0.016320431892280385,0.015690864803493687
AXP,2024-10-29,2024-11-01,2024-11-08,market_wide,-2.6503327117698237,-1.2573144761473376,0.5217080045936554,0.054677583001791374,0.053677583001791374,0.05003620791104679,0.0036413750907445808
AXP,2025-02-04,2025-02-07,2025-02-14,market_wide,-3.0533091939364074,-2.128119700979026,0.6251949482681958,-0.018088780288389006,-0.019088780288389007,0.02295729195882057,-0.042046072247209576
AXP,2025-02-13,2025-02-19,2025-02-26,idiosyncratic,-2.6962620105691757,1.314031901113681,0.9336005445057853,-0.044592355084305924,-0.045592355084305924,-0.018516092934977246,-0.027076262149328678
AXP,2025-02-24,2025-02-27,2025-03-06,market_wide,-3.6888925648620865,-3.415603235396186,1.0695471903982543,-0.06308621161834083,-0.06408621161834083,-0.011485908761755703,-0.052600302856585124
AXP,2025-03-12,2025-03-17,2025-03-24,market_wide,-2.6018796557920507,-2.793039339284413,1.619585742688238,0.05098723333047395,0.049987233330473946,0.0017165112183719078,0.04827072211210204
AXP,2025-07-15,2025-07-18,2025-07-25,market_wide,-4.7195878354529235,-1.2080083880179073,1.1612726296558091,0.01188478254250347,0.010884782542503468,0.0051084367282285825,0.005776345814274886
AXP,2025-07-31,2025-08-05,2025-08-12,market_wide,-4.12080031588654,-1.320022145755903,1.013240490852431,0.022148023582606813,0.021148023582606812,0.021051094092136458,9.692949047035437e-05
AXP,2025-10-01,2025-10-06,2025-10-13,idiosyncratic,-4.285001059468824,0.5149211459801487,0.795589176215594,-0.024251552722033165,-0.025251552722033166,-0.010564230020527643,-0.014687322701505523
AXP,2025-11-17,2025-11-20,2025-11-28,market_wide,-6.693332846087771,-3.224979013582032,1.4870979071545152,0.06244909238353147,0.06144909238353147,0.04947522146689631,0.011973870916635154
AXP,2026-01-12,2026-01-15,2026-01-23,idiosyncratic,-5.0047435147272346,0.2960734338070534,3.4600797960220353,0.012088360558136335,0.011088360558136334,0.00437415141575892,0.006714209142377414
AXP,2026-02-02,2026-02-05,2026-02-12,idiosyncratic,-2.9813148811119303,-0.014687973574870427,0.8438878749469166,-0.033105850737183196,-0.034105850737183196,0.02047170924453634,-0.05457755998171954
AXP,2026-02-12,2026-02-18,2026-02-25,market_wide,-4.859872039136472,-2.7345955837650924,1.1888790339478799,-0.05530836968862918,-0.05630836968862918,-0.00719889776493976,-0.04910947192368942
AXP,2026-02-27,2026-03-04,2026-03-11,market_wide,-3.7094590457312866,-1.8084295462471518,2.41531167811918,-0.016773295221339524,-0.017773295221339525,-0.01798746776861504,0.00021417254727551516
AXP,2026-03-09,2026-03-12,2026-03-19,market_wide,-2.779025528820537,-2.6173733433340467,0.8094087954031787,-0.023054762662319428,-0.02405476266231943,-0.008462651064356397,-0.015592111597963032
AXP,2026-03-17,2026-03-20,2026-03-27,market_wide,-2.7110662099710385,-1.9806967109517382,0.8738816683019726,-0.010930618790890856,-0.011930618790890857,-0.009045235581717548,-0.002885383209173309
AXP,2026-04-24,2026-04-29,2026-05-06,idiosyncratic,-3.080997191685775,0.25404218404261025,0.9790507354178143,0.01980042041756147,0.01880042041756147,0.04616837333914203,-0.027367952921580563
AXP,2026-05-05,2026-05-08,2026-05-15,idiosyncratic,-2.755063292840061,0.6208804457919925,0.7331252137270692,-0.008068825835270688,-0.009068825835270689,0.001839640237271123,-0.010908466072541811
AXP,2026-05-13,2026-05-18,2026-05-26,idiosyncratic,-3.9550576360151712,0.30191347258540285,0.8751360487032236,-0.004868012100495589,-0.005868012100495589,0.03544936214391714,-0.04131737424441273
AXP,2026-05-21,2026-05-27,2026-06-03,market_wide,-3.02260990478434,-1.1996370867249897,0.5837429620993303,-0.03829907768780727,-0.03929907768780727,0.010344948859092096,-0.04964402654689937
AXP,2026-07-27,2026-07-30,2026-08-06,market_wide,-2.5677658699002173,-2.804998492572531,1.1913773347264618,0.015051011066600672,0.014051011066600672,0.011808426689854823,0.0022425843767458487
AXP,2026-08-20,2026-08-25,2026-09-01,market_wide,-5.193010424794922,-4.5878613929962135,1.7530328194389284,-0.035005236905238823,-0.036005236905238824,-0.00309211581644786,-0.032913121088790964
AXP,2026-08-31,2026-09-03,2026-09-11,market_wide,-3.834750380369926,-1.7458727937871532,1.0260064270868636,-0.015553952970990048,-0.01655395297099005,-0.016954668553613828,0.0004007155826237785
