stock,entry_date,exit_date,branch,z,spy_z,ret,ret_net,bench_ret,excess_ret
KO,2015-07-24,2015-07-31,market_wide,-3.0783177685954413,-2.944076718473155,0.015825949817296348,0.014825949817296347,0.021551102566563785,-0.006725152749267438
KO,2015-08-13,2015-08-20,market_wide,-2.2191143358543393,-2.152689182384394,-0.013382415820733629,-0.01438241582073363,-0.03152808598399737,0.017145670163263738
KO,2015-08-21,2015-08-28,market_wide,-6.000491643362377,-6.729667851884725,-0.0020236726087790036,-0.0030236726087790036,0.01320696680000677,-0.016230639408785774
KO,2015-09-01,2015-09-09,market_wide,-2.3967120655570473,-2.485066512955967,-0.011613777475716125,-0.012613777475716126,0.01407459436125058,-0.026688371836966707
KO,2015-09-10,2015-09-17,market_wide,-2.78591220359413,-1.329801405469536,0.033867139240791655,0.032867139240791654,0.01660236098278567,0.016264778258005985
KO,2015-11-02,2015-11-09,idiosyncratic,-2.762625803171913,0.5716641914709013,-0.01657187553690187,-0.01757187553690187,-0.020591340449043538,0.0030194649121416672
KO,2015-11-10,2015-11-17,market_wide,-2.6439215521207515,-1.7535049604049706,-0.0023942331327669875,-0.0033942331327669875,-0.011308862369135642,0.007914629236368653
KO,2015-12-09,2015-12-16,market_wide,-2.4017618129458826,-3.6690897375025666,0.027660664805854607,0.026660664805854606,0.006942989976144398,0.019717674829710208
KO,2015-12-18,2015-12-28,market_wide,-2.785176466550084,-3.472261107188532,0.023294106798213532,0.02229410679821353,0.02602710781694073,-0.0037330010187272
KO,2015-12-31,2016-01-08,market_wide,-2.0662840599170114,-1.502556677341814,-0.033752419209496454,-0.034752419209496455,-0.060478142845151184,0.02572572363565473
KO,2016-01-11,2016-01-19,market_wide,-2.6155183214916597,-2.9246189284930044,0.008177374630333523,0.007177374630333523,-0.02305240149018517,0.030229776120518692
KO,2016-01-20,2016-01-27,market_wide,-3.2856276502139936,-3.5432823351297653,0.01715776826119786,0.016157768261197858,0.009733565328135185,0.006424202933062673
KO,2016-02-10,2016-02-18,market_wide,-2.2032774776175117,-2.8246246009001994,0.024911516130832645,0.023911516130832644,0.04548905647621582,-0.021577540345383173
KO,2016-02-26,2016-03-04,idiosyncratic,-2.0363506474378767,-0.11678858820874859,0.022485163278002096,0.021485163278002095,0.026997671250054367,-0.005512507972052272
KO,2016-04-13,2016-04-20,idiosyncratic,-4.304944505494314,0.9762190994643438,-0.03627290626238011,-0.03727290626238011,0.01023294679324449,-0.0475058530556246
KO,2016-04-28,2016-05-05,market_wide,-2.0147012738089956,-3.618730925190679,0.009634770889168864,0.008634770889168863,-0.02994472563862749,0.03857949652779635
KO,2016-05-17,2016-05-24,market_wide,-3.2910057631781955,-3.285489687938395,-0.008491736732546884,-0.009491736732546885,0.019896399059402103,-0.02938813579194899
KO,2016-05-25,2016-06-02,idiosyncratic,-2.073310836684614,1.2202184526105608,0.007661276112629123,0.006661276112629123,0.006473792540139245,0.000187483572489878
KO,2016-06-17,2016-06-24,market_wide,-3.2372503499436682,-2.678435570558819,-0.019200858160887124,-0.020200858160887125,-0.008486684937538458,-0.011714173223348667
KO,2016-06-27,2016-07-05,market_wide,-4.044032837444374,-5.930540758939446,0.037688547987443144,0.03668854798744314,0.0352372011452835,0.0014513468421596398
KO,2016-07-27,2016-08-03,market_wide,-9.304488159464738,-1.0808253238378807,0.005529788390555401,0.004529788390555401,-0.008921849966845308,0.013451638357400708
KO,2016-08-04,2016-08-11,market_wide,-2.3142221527778406,-1.6622521647198232,0.005515749181823626,0.004515749181823626,0.01459872757188796,-0.010082978390064334
KO,2016-08-24,2016-08-31,market_wide,-2.017244812064022,-2.7939213617924072,-0.00957762947004126,-0.010577629470041261,-0.003480388204221696,-0.007097241265819565
KO,2016-09-01,2016-09-09,market_wide,-2.6915837880029736,-2.664520038772374,-0.024913152445278808,-0.02591315244527881,-0.021258326163378083,-0.004654826281900726
KO,2016-09-13,2016-09-20,market_wide,-2.6851172280839077,-3.378579969214353,0.0014193320454618519,0.00041933204546185186,0.006249452343911388,-0.005830120298449536
KO,2016-09-26,2016-10-03,market_wide,-2.9019995202548774,-1.7188789664463393,-0.0004750182221220367,-0.0014750182221220367,0.011602844930675316,-0.013077863152797353
KO,2016-10-04,2016-10-11,market_wide,-3.457796855975426,-2.189239366465673,-0.007170543045198485,-0.008170543045198486,-0.018590868194333643,0.010420325149135157
KO,2016-10-12,2016-10-19,market_wide,-2.2758249561354567,-3.0486929421193127,0.006462309852520276,0.005462309852520276,0.0020919001610206767,0.0033704096914995993
KO,2016-11-02,2016-11-09,market_wide,-2.3339337503597553,-4.557383747539192,0.005232188733812038,0.004232188733812038,0.03270424473825062,-0.028472056004438584
KO,2016-11-10,2016-11-17,idiosyncratic,-6.155856094655897,0.21788190300646382,0.004396663853365901,0.003396663853365901,0.009466536035937834,-0.006069872182571933
KO,2016-11-18,2016-11-28,idiosyncratic,-2.902770401107407,-0.15889226070605178,0.020532834208486284,0.019532834208486283,0.006212114961273052,0.01332071924721323
KO,2016-12-01,2016-12-08,market_wide,-3.97360592696574,-1.6769748805807436,0.020164127063504456,0.019164127063504455,0.0289940608668684,-0.009829933803363944
KO,2016-12-28,2017-01-05,market_wide,-2.4156116096087867,-3.3707122635186186,0.008697580848650022,0.007697580848650022,0.0075488934335714575,0.00014868741507856418
KO,2017-01-11,2017-01-19,idiosyncratic,-3.183723561982141,-0.08996351199661927,0.002192499468239406,0.001192499468239406,-0.012190639488858901,0.013383138957098306
KO,2017-02-01,2017-02-08,market_wide,-2.7878429152498945,-1.501597394593499,0.018420083732425985,0.017420083732425984,0.006347918607688463,0.01107216512473752
KO,2017-02-09,2017-02-16,idiosyncratic,-3.13807082398545,1.5850776276701584,-0.0012117744669167818,-0.002211774466916782,0.019890730938270318,-0.0221025054051871
KO,2017-03-24,2017-03-31,market_wide,-2.076264824067102,-2.6907067456650946,0.0075970702875258755,0.0065970702875258755,0.009694580676122166,-0.003097510388596291
KO,2017-04-27,2017-05-04,idiosyncratic,-2.4619947773498527,0.02384977772309491,0.015112591139647247,0.014112591139647246,0.0034311589762321404,0.010681432163415105
KO,2017-06-22,2017-06-29,market_wide,-2.162075127826626,-2.5536897411341766,-0.0053247131085664146,-0.006324713108566415,-0.004602722087800437,-0.0017219910207659775
KO,2017-06-30,2017-07-10,market_wide,-3.4489638785416012,-2.926682673442615,-0.010479846171378537,-0.011479846171378538,-0.0033241423366902056,-0.008155703834688333
KO,2017-07-11,2017-07-18,market_wide,-2.970202379231146,-1.4219485241308625,0.007669904600593025,0.006669904600593025,0.014315573296882933,-0.007645668696289908
KO,2017-08-08,2017-08-15,market_wide,-2.0815862260543123,-1.8879330824534106,0.012938727659347782,0.011938727659347781,0.0008149247698097106,0.01112380288953807
KO,2017-08-18,2017-08-25,market_wide,-2.1348505599525844,-2.9771997997229644,-0.002189214383131799,-0.003189214383131799,0.0037825368368775703,-0.006971751220009369
KO,2017-08-28,2017-09-05,market_wide,-2.9328378383147973,-1.4969953909598352,0.011007993005255123,0.010007993005255122,0.017239168872802857,-0.0072311758675477344
KO,2017-09-20,2017-09-27,idiosyncratic,-2.8900866629963136,0.050685240016641035,-0.024901820454640622,-0.025901820454640623,0.0034322151961498903,-0.029334035650790513
KO,2017-09-28,2017-10-05,idiosyncratic,-2.7454409937254844,0.630416327762498,0.013582899980117524,0.012582899980117523,0.016043105801728963,-0.0034602058216114395
KO,2017-10-25,2017-11-01,market_wide,-2.9301270717754733,-2.380166392567997,-0.005428830173179411,-0.006428830173179411,-0.011711320894867483,0.005282490721688072
KO,2017-11-02,2017-11-09,idiosyncratic,-2.913609623630552,-0.1450427873383954,0.007629028706962915,0.006629028706962915,0.004225869492747947,0.002403159214214968
KO,2017-11-17,2017-11-27,market_wide,-3.1347126895245108,-1.6708104572436333,0.004156714177421916,0.0031567141774219163,0.007126143239104099,-0.003969429061682183
KO,2017-11-28,2017-12-05,idiosyncratic,-2.542809185042472,1.9504938369483182,0.01765792493093299,0.016657924930932988,0.0015851385716729727,0.015072786359260015
KO,2017-12-08,2017-12-15,idiosyncratic,-2.724733355888679,0.30980598315258756,0.0194218966475872,0.0184218966475872,0.006957968916041279,0.01146392773154592
KO,2017-12-28,2018-01-05,idiosyncratic,-2.291298897692059,-0.28631869721518866,0.007655241409393776,0.006655241409393776,0.032501309579467286,-0.02584606817007351
KO,2018-02-01,2018-02-08,market_wide,-2.4154944291623277,-2.391087693996857,-0.09167524473115463,-0.09267524473115463,-0.08856422518268203,-0.004111019548472594
KO,2018-02-09,2018-02-16,market_wide,-2.9961341174553575,-2.540615426058612,0.042893819313122306,0.041893819313122305,0.04287008757292288,-0.0009762682598005723
KO,2018-02-28,2018-03-07,market_wide,-3.413110273941946,-1.8859426273456639,0.013882183328819409,0.012882183328819408,0.007365617720358708,0.0055165656084606995
KO,2018-03-16,2018-03-23,market_wide,-2.611204317778012,-1.1868471801027514,-0.02600071401331361,-0.02700071401331361,-0.07075662520755666,0.04375591119424305
KO,2018-03-26,2018-04-03,market_wide,-2.513620817715351,-2.084860869718331,0.016163208445942212,0.015163208445942211,-0.015202325035070574,0.030365533481012785
KO,2018-04-20,2018-04-27,market_wide,-3.138721460414072,-1.0473235842208724,-0.009831103180674261,-0.010831103180674262,-0.004337780351311937,-0.006493322829362325
KO,2018-05-01,2018-05-08,market_wide,-2.8676345245863692,-2.115896820702937,-0.01831391061484955,-0.01931391061484955,-0.0035839746124064487,-0.0157299360024431
KO,2018-05-09,2018-05-16,idiosyncratic,-2.9588304325640564,1.6032638246942008,-0.005505084357311563,-0.006505084357311563,0.028078545970006585,-0.03458363032731815
KO,2018-06-20,2018-06-27,market_wide,-2.489605238176169,-2.486785098693843,-0.004392020680811348,-0.005392020680811348,-0.02428990917216256,0.01889788849135121
KO,2018-06-28,2018-07-06,market_wide,-2.079612406972593,-2.3588497525630077,0.026914880384010686,0.025914880384010686,0.019619549736918263,0.006295330647092423
KO,2018-08-08,2018-08-15,idiosyncratic,-2.365023585437102,-0.06622631222852918,-0.0015172188888068483,-0.0025172188888068483,-0.01509258556358195,0.012575366674775101
KO,2018-08-22,2018-08-29,idiosyncratic,-2.8162563811028174,-0.11067110172675927,-0.01306311320898712,-0.014063113208987121,0.018726744942912488,-0.03278985815189961
KO,2018-09-26,2018-10-03,market_wide,-2.44258105925251,-1.6008086026904516,0.0004361613139545195,-0.0005638386860454805,0.007512602945950464,-0.008076441631995945
KO,2018-10-04,2018-10-11,market_wide,-2.3986832659462762,-3.825557992310009,-0.02639040996407027,-0.027390409964070273,-0.062457405017918854,0.03506699505384858
KO,2018-10-12,2018-10-19,market_wide,-3.322991201197579,-2.4215437143315577,0.03692939038327947,0.03592939038327947,-0.005293656942640723,0.04122304732592019
KO,2018-11-20,2018-11-28,market_wide,-2.754156987769686,-4.144056452742465,0.006682589641548109,0.005682589641548109,0.03944440927924453,-0.03376181963769642
KO,2018-11-29,2018-12-07,idiosyncratic,-2.0189147806397223,-0.14878581622164688,0.0022456952256699747,0.0012456952256699747,-0.03919628818598553,0.0404419834116555
KO,2018-12-10,2018-12-17,market_wide,-2.0882418735228163,-2.9069346187899323,-0.018481192307183703,-0.019481192307183703,-0.03532640539493215,0.015845213087748444
KO,2018-12-18,2018-12-26,market_wide,-3.579211244368307,-3.7937022173427732,-0.028559956115503438,-0.02955995611550344,-0.026377595588813474,-0.0031823605266899646
KO,2018-12-28,2019-01-07,market_wide,-2.157892718430326,-1.870108300467406,-0.005296524551704596,-0.006296524551704596,0.029727286178534484,-0.03602381073023908
KO,2019-01-09,2019-01-16,idiosyncratic,-2.0268865175944675,0.19300080116822346,0.007515508743325183,0.006515508743325183,-0.004707791822478047,0.01122330056580323
KO,2019-01-25,2019-02-01,idiosyncratic,-2.189010341271621,-0.247407890913043,0.028077155442829405,0.027077155442829404,0.01938173207803806,0.007695423364791343
KO,2019-02-15,2019-02-25,idiosyncratic,-3.6779529558428914,1.270482919124717,-0.006631065457492036,-0.007631065457492036,0.002572541589232369,-0.010203607046724406
KO,2019-02-26,2019-03-05,idiosyncratic,-2.3637427936841657,-0.07164499682534793,0.020362595726711508,0.019362595726711507,-0.006458031396870623,0.02582062712358213
KO,2019-03-08,2019-03-15,market_wide,-2.628233662716716,-3.944809605011012,0.01907812406728504,0.01807812406728504,0.030982871551399782,-0.012904747484114742
KO,2019-05-07,2019-05-14,market_wide,-2.9982745034310057,-6.097219321130673,0.014374732122251155,0.013374732122251154,-0.013816298420802342,0.027191030543053496
KO,2019-05-29,2019-06-05,market_wide,-2.8692985841730723,-4.1580437680841555,0.0446409620323982,0.0436409620323982,0.030989642489835267,0.012651319542562933
KO,2019-06-27,2019-07-05,market_wide,-2.05634908010454,-1.179306610930179,0.020164266065926695,0.019164266065926694,0.018243096968983075,0.0009211690969436193
KO,2019-07-19,2019-07-26,market_wide,-4.357352054639347,-2.6657459288321643,0.054095957446612,0.053095957446612,0.025023603460895494,0.028072353985716503
KO,2019-08-05,2019-08-12,market_wide,-2.5704709898583062,-5.8328440023163655,0.030009792131446833,0.029009792131446832,0.011524423977346654,0.017485368154100178
KO,2019-09-09,2019-09-16,idiosyncratic,-2.3125732924321816,0.03384651278124535,-0.0030351679562280465,-0.0040351679562280465,0.0012346844927264566,-0.005269852448954503
KO,2019-09-17,2019-09-24,idiosyncratic,-2.479264623727402,-0.11182175256897908,0.0011062918929582999,0.00010629189295829986,-0.01326276475762267,0.013369056650580968
KO,2019-09-25,2019-10-02,market_wide,-2.2632600893752284,-1.8725264326023985,-0.02012173895503977,-0.02112173895503977,-0.0387329080741462,0.01761116911910643
KO,2019-10-08,2019-10-15,market_wide,-2.322137724464515,-2.9656659441345887,-0.001306528175617605,-0.002306528175617605,0.048696905202218144,-0.05100343337783575
KO,2019-10-16,2019-10-23,idiosyncratic,-2.568939260231437,-0.13731259979902638,0.02149924715655338,0.02049924715655338,-0.0004020782267258882,0.020901325383279268
KO,2019-10-28,2019-11-04,idiosyncratic,-2.2678620794220907,1.112070775206639,-0.008026399898932612,-0.009026399898932613,0.020030149520999574,-0.029056549419932187
KO,2019-11-05,2019-11-12,idiosyncratic,-4.410698365899512,-0.1267699579950757,-0.013544336061684703,-0.014544336061684704,0.01090786033656821,-0.025452196398252913
KO,2019-11-13,2019-11-20,idiosyncratic,-2.1294966434055373,0.05187119422348295,0.015454758180234007,0.014454758180234006,0.0037322805422090877,0.010722477638024919
KO,2019-12-18,2019-12-26,idiosyncratic,-2.2344006406685457,0.006911241783066478,0.02058975812863495,0.01958975812863495,0.014131652872212852,0.005458105256422097
KO,2020-01-07,2020-01-14,market_wide,-4.204559064916003,-1.625873108787713,0.03225793665155252,0.03125793665155252,0.013310552482738158,0.017947384168814362
KO,2020-02-24,2020-03-02,market_wide,-5.566279518356427,-7.995229010332425,-0.046547511863300084,-0.047547511863300085,-0.03722018447532904,-0.010327327387971041
KO,2020-03-06,2020-03-13,market_wide,-2.4365630687237494,-3.0930921354392664,-0.11518115866629375,-0.11618115866629375,-0.07860730818650308,-0.03757385047979067
KO,2020-03-16,2020-03-23,market_wide,-3.619029029433989,-3.541031846682608,-0.17012806531670055,-0.17112806531670055,-0.04159597300248086,-0.1295320923142197
KO,2020-03-24,2020-03-31,market_wide,-2.6593986648165244,-2.134131667252777,0.12167341649897323,0.12067341649897323,0.04036541940958349,0.08030799708938974
KO,2020-04-21,2020-04-28,market_wide,-3.8917341079838024,-1.8933436803339232,0.029969133158148642,0.02896913315814864,0.05102889022652546,-0.022059757068376817
KO,2020-05-01,2020-05-08,market_wide,-2.6248048945201528,-1.7443197913224189,0.011184345980592703,0.010184345980592702,0.036260303992809995,-0.026075958012217293
KO,2020-05-12,2020-05-19,market_wide,-2.8521333092662484,-1.6436784632828823,-0.006247502420681061,-0.0072475024206810615,0.01296523766861446,-0.020212740089295522
KO,2020-06-11,2020-06-18,market_wide,-3.9323083226494666,-3.034098724813358,0.04121412763323007,0.04021412763323007,0.032490347591615176,0.007723780041614892
KO,2020-06-19,2020-06-26,market_wide,-2.389594255277078,-1.7531576278939376,-0.053237703842426654,-0.054237703842426654,-0.02880935720350508,-0.025428346638921573
KO,2020-06-29,2020-07-07,market_wide,-2.4608648378392535,-1.983607100230946,0.01916183794630899,0.01816183794630899,0.023603721802705424,-0.0054418838563964345
KO,2020-08-03,2020-08-10,idiosyncratic,-2.84608151581723,0.9604756271272256,0.030669792367688853,0.029669792367688852,0.025229496471405266,0.004440295896283586
KO,2020-08-20,2020-08-27,idiosyncratic,-2.659782266690931,-0.19589399808489144,0.018584956468800984,0.017584956468800983,0.037104418039750175,-0.019519461570949193
KO,2020-09-21,2020-09-28,market_wide,-3.5169009852808637,-4.025288781552557,0.003870521232790969,0.002870521232790969,0.009370379011758523,-0.006499857778967554
KO,2020-09-29,2020-10-06,market_wide,-2.1298639091209957,-1.1700198497614078,0.0004090792690023548,-0.0005909207309976452,0.007618230055078445,-0.008209150786076091
KO,2020-10-19,2020-10-26,market_wide,-2.2666923241690133,-1.964660672921002,0.0036273865804783423,0.0026273865804783423,-0.017634511401465214,0.020261897981943555
KO,2020-10-27,2020-11-03,market_wide,-2.473788342285351,-3.660234723922188,-0.011022033568571232,-0.012022033568571233,0.005249487021493193,-0.017271520590064426
KO,2020-11-23,2020-12-01,market_wide,-2.4631087824300413,-1.7316539630324241,-0.004403009442296435,-0.005403009442296435,0.01325270233173681,-0.018655711774033246
KO,2020-12-02,2020-12-09,idiosyncratic,-2.521070752017565,0.21430395819586637,0.0234118249544788,0.0224118249544788,0.01394907850709659,0.008462746447382208
KO,2020-12-21,2020-12-29,market_wide,-3.6406847728202747,-1.1768620158123186,0.024995446596450588,0.023995446596450587,-0.00036459394408328016,0.024360040540533867
KO,2021-01-04,2021-01-11,market_wide,-2.9263310072465902,-2.2523480388447723,-0.0485214613315651,-0.0495214613315651,0.03239574393519229,-0.08191720526675739
KO,2021-01-15,2021-01-25,market_wide,-3.632331936609633,-1.337241295237996,0.0016427085283385878,0.0006427085283385878,0.005437631029354906,-0.004794922501016318
KO,2021-01-27,2021-02-03,market_wide,-2.6609059580748684,-3.189277166898783,0.004945107757785561,0.003945107757785561,0.022606165260309785,-0.018661057502524225
KO,2021-02-26,2021-03-05,market_wide,-6.80289729624098,-3.772517494007027,0.036742092335973364,0.03574209233597336,0.01893940930648741,0.016802683029485954
KO,2021-04-13,2021-04-20,idiosyncratic,-2.0337392279122155,0.18894838407409556,0.020342847647416562,0.01934284764741656,0.0002123232451711754,0.019130524402245386
KO,2021-05-12,2021-05-19,market_wide,-2.3600389245468403,-7.250327227665126,0.0024055169530505793,0.0014055169530505793,0.02457754071166396,-0.02317202375861338
KO,2021-06-16,2021-06-23,market_wide,-4.324930394094842,-1.5855895515315939,-0.010060759424856291,-0.011060759424856292,-0.0038171746263916395,-0.007243584798464653
KO,2021-06-24,2021-07-01,idiosyncratic,-2.0070010287674585,0.47643956618181527,-0.007905875200597823,-0.008905875200597824,0.011156014220430555,-0.020061889421028378
KO,2021-07-06,2021-07-13,idiosyncratic,-3.2419233557195075,-0.20565859123150507,0.021157828850015825,0.020157828850015824,0.007346439797002002,0.012811389053013822
KO,2021-08-05,2021-08-12,idiosyncratic,-2.2411768642659293,0.35239707614335675,0.006017663351510327,0.005017663351510327,0.0012133206907742888,0.0038043426607360384
KO,2021-08-18,2021-08-25,market_wide,-2.3956953833725683,-3.381729639417423,-0.007610551077888439,-0.00861055107788844,0.010889175648711946,-0.019499726726600386
KO,2021-08-27,2021-09-03,idiosyncratic,-2.9383728045746067,0.4031662175115399,0.01940700856034705,0.01840700856034705,0.0029506563704639888,0.01545635218988306
KO,2021-09-10,2021-09-17,market_wide,-2.4375747732944575,-3.7272398124953874,-0.013651026001138988,-0.01465102600113899,-0.007838822461382788,-0.006812203539756201
KO,2021-09-20,2021-09-27,market_wide,-4.348457470204702,-5.35368219580822,-0.008324050579971654,-0.009324050579971654,0.023729427657136037,-0.03305347823710769
KO,2021-09-28,2021-10-05,market_wide,-3.9836654830675715,-2.8177439256948373,0.008358507395851644,0.007358507395851644,-0.004540587391781314,0.011899094787632958
KO,2021-11-16,2021-11-23,idiosyncratic,-2.6856831660658327,0.14785896135665902,-0.006047967287141187,-0.007047967287141187,-0.007424731345035407,0.0003767640578942197
KO,2021-11-24,2021-12-02,idiosyncratic,-2.187085316237393,-0.13775990641450422,-0.035151534174675536,-0.03615153417467554,-0.03573045472212477,-0.0004210794525507655
KO,2022-01-21,2022-01-28,market_wide,-2.824475246353763,-4.096485411984231,0.006451836445808379,0.005451836445808379,0.007376853079809509,-0.0019250166340011301
KO,2022-02-11,2022-02-18,market_wide,-3.98626697676046,-3.5713176463205647,0.03731952005892314,0.03631952005892314,-0.017310219546465277,0.053629739605388416
KO,2022-02-24,2022-03-03,market_wide,-2.725770119240769,-2.8420718931833022,0.03239136328797798,0.03139136328797798,0.028514593276011357,0.002876770011966623
KO,2022-03-07,2022-03-14,market_wide,-2.6354028306387383,-3.644636879073238,-0.03424831233467973,-0.03524831233467973,-0.006216143604833357,-0.029032168729846375
KO,2022-04-29,2022-05-06,market_wide,-2.690310035997179,-3.178509523302963,0.002012022598943064,0.001012022598943064,0.0022928639155443964,-0.0012808413166013324
KO,2022-05-10,2022-05-17,market_wide,-2.3954581652084412,-3.465110105530296,0.02765190534677009,0.02665190534677009,0.02568278054464579,0.0009691248021242993
KO,2022-05-18,2022-05-25,market_wide,-7.019795391649414,-3.314902863342677,0.04689550725855929,0.04589550725855929,0.013424075417908687,0.0324714318406506
KO,2022-06-07,2022-06-14,idiosyncratic,-2.1787560108444546,-0.19839902871722132,-0.05679164025427397,-0.05779164025427397,-0.08408529034544399,0.026293650091170018
KO,2022-06-15,2022-06-23,market_wide,-2.951359758413137,-2.3361315790612145,0.037037012918839984,0.036037012918839983,-0.008340112946257583,0.044377125865097566
KO,2022-07-11,2022-07-18,market_wide,-2.634103933555983,-1.2828118124417125,-0.02049557068786778,-0.021495570687867782,-0.0008720580870696937,-0.02062351260079809
KO,2022-07-20,2022-07-27,idiosyncratic,-3.780832093263813,0.5375769097153684,0.024553012322909407,0.023553012322909406,0.015077472495792055,0.008475539827117351
KO,2022-08-08,2022-08-15,idiosyncratic,-2.3182638876623094,-0.17672074995881287,0.024297138998821577,0.023297138998821576,0.036441606365581025,-0.01314446736675945
KO,2022-08-26,2022-09-02,market_wide,-4.343350154950407,-3.520072925476351,-0.031056876641856412,-0.03205687664185641,-0.026799067405189114,-0.005257809236667299
KO,2022-09-06,2022-09-13,market_wide,-2.7426364725738646,-3.060873315209316,-0.01160510751472188,-0.01260510751472188,0.008977465439274024,-0.021582572953995904
KO,2022-09-14,2022-09-21,market_wide,-2.608226425341767,-2.5609900629418396,-0.015741423139195243,-0.016741423139195244,-0.04422585105026644,0.027484427911071196
KO,2022-09-22,2022-09-29,market_wide,-2.709317921258323,-3.5997051854403974,-0.04539332321321987,-0.04639332321321987,-0.02701007982584791,-0.019383243387371962
KO,2022-09-30,2022-10-07,market_wide,-2.842172730733263,-3.248029488403687,-0.026954688933625737,-0.027954688933625738,0.02440462630409357,-0.052359315237719306
KO,2022-10-10,2022-10-17,market_wide,-3.6328867787406507,-2.621369430987949,0.023901405500549533,0.022901405500549532,0.02190579229173406,0.0009956132088154712
KO,2022-11-09,2022-11-16,market_wide,-3.5654142732428813,-2.742087290741229,0.029777103474873057,0.028777103474873056,0.046310923157139694,-0.017533819682266638
KO,2022-12-15,2022-12-22,market_wide,-3.515859155817887,-3.414275460158742,0.0036443089705029408,0.0026443089705029408,-0.014549955710967843,0.017194264681470783
KO,2023-01-03,2023-01-10,market_wide,-2.423098098579481,-2.1203357537552567,-0.013026160156121902,-0.014026160156121903,0.0390829639464747,-0.053109124102596605
KO,2023-01-11,2023-01-19,idiosyncratic,-3.0971069523030903,1.1480433405362733,-0.036929572188707294,-0.037929572188707295,-0.03267716746262661,-0.005252404726080684
KO,2023-01-23,2023-01-30,idiosyncratic,-2.5809600655355838,0.503720929636984,0.0068072117226920525,0.0058072117226920525,0.002896087132471248,0.0029111245902208047
KO,2023-02-02,2023-02-09,idiosyncratic,-2.0328352981724787,0.9718121151696149,-0.010948662378505891,-0.011948662378505892,-0.02182788724333995,0.009879224864834057
KO,2023-02-10,2023-02-17,market_wide,-2.8151064070098233,-1.8290193672594062,0.008386434737294834,0.0073864347372948344,-0.006139961704023422,0.013526396441318256
KO,2023-02-21,2023-02-28,market_wide,-2.0015495518529205,-5.4819192516399795,-0.004849664458475789,-0.005849664458475789,-0.006290539354203317,0.00044087489572752856
KO,2023-03-01,2023-03-08,market_wide,-4.485299402533549,-2.8261252084622543,0.02004764713699969,0.01904764713699969,0.007543328083812639,0.011504319053187051
KO,2023-03-09,2023-03-16,market_wide,-2.1375679490244286,-3.959729234856619,0.02190612568425765,0.020906125684257648,-0.001701875909790762,0.02260800159404841
KO,2023-05-03,2023-05-10,market_wide,-2.809442123852215,-2.1130893781159243,-0.0023565717156849297,-0.0033565717156849298,-0.006028162355301903,0.002671590639616973
KO,2023-05-16,2023-05-23,market_wide,-3.7322874760804043,-1.0859500599288894,-0.028788466895905307,-0.029788466895905308,0.006444282260305911,-0.03623274915621122
KO,2023-05-24,2023-06-01,market_wide,-3.4227393860985207,-2.4991221545224267,-0.0144544825879096,-0.015454482587909601,0.013287143528734058,-0.02874162611664366
KO,2023-06-05,2023-06-12,idiosyncratic,-2.134838874745103,-0.17634505906529965,-0.008889027936378802,-0.009889027936378803,0.014050695556297343,-0.023939723492676146
KO,2023-06-28,2023-07-06,market_wide,-2.398738643570006,-1.650523206070352,0.0006607449421325295,-0.0003392550578674705,-0.007533724887268889,0.007194469829401418
KO,2023-07-07,2023-07-14,market_wide,-3.818169703146451,-1.2262681408934235,0.019076404376481504,0.018076404376481503,0.03355804535030349,-0.015481640973821986
KO,2023-08-02,2023-08-09,market_wide,-2.6510355312499208,-3.7911654185072816,-0.014525509363278677,-0.015525509363278678,-0.019635203578654226,0.004109694215375548
KO,2023-08-10,2023-08-17,market_wide,-2.5151988239080723,-2.7586605690552566,-0.00508852786215841,-0.00608852786215841,-0.018344004342119136,0.012255476479960725
KO,2023-08-21,2023-08-28,market_wide,-2.8968944304260726,-2.2499215698360064,0.0021511744373361452,0.0011511744373361452,0.005977054473693455,-0.00482588003635731
KO,2023-08-31,2023-09-08,idiosyncratic,-4.365288721600385,-0.1266662251666614,-0.025070912219755104,-0.026070912219755105,-0.00561797022292454,-0.020452941996830565
KO,2023-09-12,2023-09-19,market_wide,-2.531888248681872,-1.8087429438330576,0.00585924412342842,0.00485924412342842,-0.003000704000930776,0.007859948124359195
KO,2023-09-21,2023-09-28,market_wide,-3.578483158475263,-6.5435112270213045,-0.030066089587046818,-0.03106608958704682,-0.014293709217922945,-0.016772380369123874
KO,2023-09-29,2023-10-06,market_wide,-2.5542189078416517,-2.261327578164911,-0.05073249607609964,-0.05173249607609964,-0.010137949179121586,-0.04159454689697806
KO,2023-10-09,2023-10-16,idiosyncratic,-2.8392695902441702,0.020228455672482725,0.010400874134590898,0.009400874134590897,0.0054039075946576975,0.0039969665399332
KO,2023-12-15,2023-12-22,idiosyncratic,-2.97557704688767,-0.13260764272677752,-0.004778111581032918,-0.005778111581032918,0.01190222518156192,-0.01768033676259484
KO,2023-12-26,2024-01-03,idiosyncratic,-2.014019459016843,0.16987262912103146,0.023907087799690308,0.022907087799690307,-0.008954410545914948,0.031861498345605255
KO,2024-01-19,2024-01-26,idiosyncratic,-2.5561559772499574,1.6384901244312156,-0.0076885499737474605,-0.008688549973747461,-0.0022376330793626442,-0.006450916894384817
KO,2024-02-08,2024-02-15,idiosyncratic,-2.127826352690956,0.05159496496839663,-0.007187013367091821,-0.008187013367091822,0.005460568221870465,-0.013647581588962288
KO,2024-03-01,2024-03-08,idiosyncratic,-2.493690020718598,1.0559370668205952,-0.00016799827011682034,-0.0011679982701168204,0.016911404435547617,-0.018079402705664438
KO,2024-04-02,2024-04-09,market_wide,-3.1220155785245103,-1.289376663801626,-0.0071488706013388414,-0.008148870601338842,-0.003218773963279742,-0.0049300966380591005
KO,2024-04-10,2024-04-17,market_wide,-3.2127009936228186,-3.087224644894863,-0.0069584798936416226,-0.007958479893641623,-0.029127634963963422,0.0211691550703218
KO,2024-05-20,2024-05-28,idiosyncratic,-2.8421552726816444,0.0538779585514859,-0.011986575130052968,-0.012986575130052969,-0.022128330208031954,0.009141755077978986
KO,2024-05-29,2024-06-05,market_wide,-2.99931046969262,-2.2242853859109832,0.03598044831009717,0.03498044831009717,0.01638352420857836,0.018596924101518808
KO,2024-06-14,2024-06-24,idiosyncratic,-2.223862952236123,0.0625319204748,0.022701991741459926,0.021701991741459925,0.020472772240368364,0.0012292195010915608
KO,2024-07-08,2024-07-15,idiosyncratic,-2.6019190555250855,0.17228601043031422,0.007147506465507547,0.006147506465507547,0.018596277928724758,-0.012448771463217212
KO,2024-09-10,2024-09-17,market_wide,-2.0903160953602007,-1.9783298363154864,0.010373598497586123,0.009373598497586122,0.030384355425054466,-0.021010756927468344
KO,2024-09-19,2024-09-26,idiosyncratic,-2.7063801475428835,0.9777027898286718,0.01104504487831326,0.010045044878313258,0.016998911762935665,-0.006953866884622406
KO,2024-10-02,2024-10-09,market_wide,-2.32704512833204,-1.2787115576988421,-0.02027908538814016,-0.021279085388140162,0.019810427228295957,-0.04108951261643612
KO,2024-10-11,2024-10-18,idiosyncratic,-2.012715191337698,0.7141010628009368,0.012505582331548082,0.011505582331548081,0.0020807519438117428,0.009424830387736338
KO,2024-10-23,2024-10-30,market_wide,-5.211622069418769,-2.2019549138798493,-0.03073087247677264,-0.03173087247677264,-0.006126864450260006,-0.025604008026512637
KO,2024-10-31,2024-11-07,market_wide,-2.936924155271465,-7.226445857534267,-0.025263915332150555,-0.026263915332150556,0.05144228030858411,-0.07770619564073467
KO,2024-11-08,2024-11-15,idiosyncratic,-2.8012040007751406,0.2943820965902261,-0.03410498944006801,-0.03510498944006801,-0.026210198637039994,-0.008894790803028019
KO,2024-11-18,2024-11-25,market_wide,-3.2261395579893457,-1.0679031683886662,0.04073707110901448,0.03973707110901448,0.014282886529075611,0.025454184579938866
KO,2024-12-04,2024-12-11,idiosyncratic,-2.827758293525466,0.7340435076740748,0.006912113207139248,0.005912113207139248,-0.013790822129210567,0.019702935336349814
KO,2024-12-18,2024-12-26,market_wide,-2.065409179081968,-11.988406310409376,-0.004455091632939334,-0.005455091632939334,0.015415493568964989,-0.020870585201904324
KO,2024-12-27,2025-01-06,market_wide,-2.9525824735823845,-1.2511626962941127,-0.026261006086703675,-0.027261006086703676,-0.0025843711876174513,-0.024676634899086225
KO,2025-01-07,2025-01-15,market_wide,-3.4448842570450795,-2.216073544455533,0.015285974964153182,0.01428597496415318,0.01852509437017491,-0.00423911940602173
KO,2025-01-23,2025-01-30,idiosyncratic,-2.059950360691065,0.37072726587883187,0.04095580727799608,0.03995580727799608,-0.002220722136501263,0.042176529414497343
KO,2025-03-04,2025-03-11,market_wide,-2.3372375046102594,-3.4707608125409752,0.0121100484986012,0.0111100484986012,-0.02648017373292688,0.03759022223152808
KO,2025-03-12,2025-03-19,market_wide,-3.55924534815643,-2.7930427585688706,-0.0021266652638491923,-0.0031266652638491923,0.014026568289435382,-0.017153233553284575
KO,2025-03-21,2025-03-28,market_wide,-3.168725138370166,-1.5046205997777138,0.02475600096811381,0.02375600096811381,-0.013120745728310457,0.03687674669642427
KO,2025-04-04,2025-04-11,market_wide,-2.1865324124066117,-6.375232148645987,0.021449978881573628,0.020449978881573627,0.033618889686305,-0.01316891080473137
KO,2025-04-25,2025-05-02,idiosyncratic,-2.1102559662919456,0.42378866280814564,-0.003615739475757551,-0.004615739475757551,0.02062063597391761,-0.025236375449675164
KO,2025-05-05,2025-05-12,idiosyncratic,-2.77837846285835,-0.20467944170635663,-0.030264872228717765,-0.031264872228717766,0.04612779042637705,-0.07739266265509481
KO,2025-05-13,2025-05-20,idiosyncratic,-3.871516276821245,0.46820725449365835,0.03958821871688056,0.03858821871688056,0.015549021408076902,0.02303919730880366
KO,2025-06-03,2025-06-10,idiosyncratic,-2.825666557519991,0.24170389971883788,0.016722790936239518,0.015722790936239517,0.027499597658469987,-0.01177680672223047
KO,2025-06-16,2025-06-24,idiosyncratic,-2.739319608970498,-0.2758724517301551,-0.00439592833559066,-0.00539592833559066,0.011462950886544698,-0.01685887922213536
KO,2025-06-25,2025-07-02,idiosyncratic,-2.044484198612237,0.08697149425939649,0.0183831309446425,0.0173831309446425,0.03639043560076671,-0.019007304656124213
KO,2025-07-09,2025-07-16,idiosyncratic,-3.0807349032664546,-0.2097672562924087,-0.0030224205262883164,-0.004022420526288316,-0.015458420250650584,0.011435999724362267
KO,2025-07-18,2025-07-25,idiosyncratic,-2.054998363685169,-0.19495390369979787,-0.0097353549921122,-0.0107353549921122,0.005108439559222466,-0.015843794551334667
KO,2025-07-28,2025-08-04,idiosyncratic,-5.212862537548034,-0.03292877294806418,0.012777171570915069,0.011777171570915068,-0.027767430106770075,0.03954460167768514
KO,2025-08-18,2025-08-25,idiosyncratic,-2.429523600336781,-0.2625948013735922,-0.002893074738734458,-0.003893074738734458,-0.00019676825407166643,-0.0036963064846627916
KO,2025-08-26,2025-09-03,idiosyncratic,-3.0570087710420544,-0.04642672439813592,0.0037828514866493634,0.0027828514866493634,-0.010508292892094095,0.013291144378743458
KO,2025-09-04,2025-09-11,idiosyncratic,-2.9282752872260587,0.04896524925778146,-0.009230672095013603,-0.010230672095013604,0.037494547965594816,-0.04772522006060842
KO,2025-09-12,2025-09-19,idiosyncratic,-3.4107552677832813,-0.04613622224094253,-0.001052696418629706,-0.002052696418629706,0.00621423634813234,-0.008266932766762047
KO,2025-09-22,2025-09-29,idiosyncratic,-2.6099260076097717,0.5829978022914286,-0.0025675606777697535,-0.0035675606777697535,-0.011950874176939408,0.008383313499169653
KO,2025-10-02,2025-10-09,idiosyncratic,-2.001705319020079,0.2428340070083274,0.0040847187228063575,0.0030847187228063575,0.0006572185834075039,0.0024275001393988535
KO,2025-10-29,2025-11-05,idiosyncratic,-2.0777018175337605,0.03792004188813544,0.002341069941154794,0.0013410699411547941,-0.008338356915737588,0.009679426856892381
KO,2025-12-02,2025-12-09,idiosyncratic,-2.131904766732113,-0.17775699864552386,-0.008207239680365186,-0.009207239680365187,0.00795124775245215,-0.017158487432817338
KO,2025-12-10,2025-12-17,idiosyncratic,-2.3658570337716607,0.6086682882328367,0.0065518487800733105,0.0055518487800733105,-0.019662787683257243,0.025214636463330553
KO,2025-12-23,2025-12-31,idiosyncratic,-2.2462944812692385,0.15262590350029806,0.0005724934432635997,-0.0004275065567364003,-0.0007863087294134319,0.0003588021726770316
KO,2026-01-02,2026-01-09,market_wide,-6.3029188507756935,-1.0344996228400225,0.020109986669407665,0.019109986669407664,0.03697240945580993,-0.017862422786402266
KO,2026-03-03,2026-03-10,market_wide,-2.9440719814770717,-3.939631855083247,-0.01840182097830534,-0.01940182097830534,-0.01986741906159384,0.0004655980832884987
KO,2026-03-11,2026-03-18,market_wide,-2.4169663497941176,-2.7104186211181513,-0.01465448154924931,-0.01565448154924931,-0.01763973297115362,0.0019852514219043105
KO,2026-03-19,2026-03-26,market_wide,-4.033949744784139,-3.1455246843084743,-0.011383141572851696,-0.012383141572851697,-0.01321051209392754,0.0008273705210758431
KO,2026-04-13,2026-04-20,idiosyncratic,-2.168299837792034,0.3650746200218449,-0.012171223457807412,-0.013171223457807413,0.021868343663288492,-0.035039567121095905
KO,2026-04-22,2026-04-29,idiosyncratic,-3.119374802306814,0.08375149817385823,0.05681373939722212,0.05581373939722212,0.007953726897502289,0.04786001249971983
KO,2026-05-28,2026-06-04,idiosyncratic,-2.6508843446610966,0.7329622131238969,-0.044646122446666214,-0.045646122446666215,0.009563198489195512,-0.05520932093586173
KO,2026-06-22,2026-06-29,market_wide,-2.529807859440274,-1.0268231793779723,0.0392304891480415,0.0382304891480415,-0.020733556679935483,0.058964045827976985
KO,2026-07-17,2026-07-24,market_wide,-4.253956582132035,-3.337467148309723,0.00846010377516504,0.00746010377516504,0.004584070009412411,0.002876033765752629
KO,2026-08-11,2026-08-18,idiosyncratic,-2.9886970606161536,-0.16615898980566987,0.02705826389548327,0.02605826389548327,0.008187569605499823,0.017870694289983446
KO,2026-08-31,2026-09-08,market_wide,-2.241327727719492,-1.7458727939568999,-0.003496083427520724,-0.004496083427520724,-0.005254623210601217,0.0007585397830804927
KO,2026-09-09,2026-09-16,market_wide,-3.612337507827491,-3.214575621398862,0.009644012576173866,0.008644012576173865,-0.017210665927911872,0.025854678504085737
GILD,2015-07-10,2015-07-17,market_wide,-2.761451871913736,-1.2636876983450724,0.03974002831774248,0.03874002831774248,0.021559446477355415,0.017180581840387066
GILD,2015-07-24,2015-07-31,market_wide,-3.652545991595963,-2.944076718473155,0.044580187879699196,0.043580187879699195,0.021551102566563785,0.02202908531313541
GILD,2015-08-13,2015-08-20,market_wide,-2.561193431706232,-2.152689182384394,-0.02439226024134966,-0.025392260241349662,-0.03152808598399737,0.006135825742647705
GILD,2015-08-21,2015-08-28,market_wide,-8.699335062051428,-6.729667851884725,0.023260098070723156,0.022260098070723155,0.01320696680000677,0.009053131270716386
GILD,2015-08-31,2015-09-08,market_wide,-2.031402250691163,-1.5752087145854365,-0.001618166720149694,-0.002618166720149694,0.00028938946562040435,-0.0029075561857700985
GILD,2015-09-23,2015-09-30,market_wide,-2.30029463907921,-2.9667405886281615,-0.06920081355555707,-0.07020081355555707,-0.004525899642708331,-0.06567491391284874
GILD,2015-10-01,2015-10-08,market_wide,-2.4023279156749133,-1.9509339376424162,0.025846682996972348,0.024846682996972347,0.0627159311738037,-0.03786924817683135
GILD,2015-11-09,2015-11-16,market_wide,-3.102947243710729,-1.9131256941829888,-0.03977448359180935,-0.04077448359180935,-0.011899418867736267,-0.028875064724073085
GILD,2015-12-02,2015-12-09,market_wide,-3.335414677579021,-1.6058999144870285,-0.023841373518074138,-0.02484137351807414,-0.022784354955392994,-0.0020570185626811455
GILD,2015-12-10,2015-12-17,market_wide,-2.3597583176296624,-2.724569062013171,0.0017727983303239547,0.0007727983303239547,-0.011171707937400743,0.011944506267724697
GILD,2015-12-31,2016-01-08,market_wide,-3.382608059409597,-1.502556677341814,-0.046842223975311015,-0.047842223975311016,-0.060478142845151184,0.012635918869840168
GILD,2016-01-11,2016-01-19,market_wide,-2.659778871054925,-2.9246189284930044,-0.06839304123047474,-0.06939304123047474,-0.02305240149018517,-0.04634063974028957
GILD,2016-01-20,2016-01-27,market_wide,-2.902860797853154,-3.5432823351297653,-0.010160464603869879,-0.01116046460386988,0.009733565328135185,-0.020894029932005065
GILD,2016-01-28,2016-02-04,market_wide,-3.972523524801406,-1.5009854551168134,-0.009711534735871497,-0.010711534735871497,0.03334589906646568,-0.044057433802337176
GILD,2016-02-05,2016-02-12,market_wide,-2.0029851390373605,-2.809215653669104,0.05050518615747879,0.04950518615747879,0.004471492162728907,0.04503369399474988
GILD,2016-02-26,2016-03-04,idiosyncratic,-2.649496645261954,-0.11678858820874859,-0.010102191853241793,-0.011102191853241794,0.026997671250054367,-0.03809986310329616
GILD,2016-04-28,2016-05-05,market_wide,-3.513699745899807,-3.618730925190679,-0.11484510941267256,-0.11584510941267256,-0.02994472563862749,-0.08590038377404507
GILD,2016-05-06,2016-05-13,market_wide,-2.407817342178831,-2.192832516430353,-0.023382443967883026,-0.024382443967883027,-0.009475802021161939,-0.014906641946721089
GILD,2016-05-16,2016-05-23,market_wide,-2.771881737266024,-1.351331449944964,-0.0033487217748902065,-0.0043487217748902065,-0.00440041879736941,5.169702247920325e-05
GILD,2016-06-09,2016-06-16,idiosyncratic,-2.4071713545508895,-0.2869953135686275,-0.020869701426407983,-0.021869701426407984,-0.01598944655852863,-0.005880254867879353
GILD,2016-06-17,2016-06-24,market_wide,-2.7249277493986526,-2.678435570558819,-0.026376176141974517,-0.027376176141974518,-0.008486684937538458,-0.01888949120443606
GILD,2016-06-27,2016-07-05,market_wide,-5.45132996788414,-5.930540758939446,0.0720762698455224,0.0710762698455224,0.0352372011452835,0.035839068700238896
GILD,2016-07-27,2016-08-03,market_wide,-3.4197505434465456,-1.0808253238378807,-0.020785173556984504,-0.021785173556984505,-0.008921849966845308,-0.012863323590139197
GILD,2016-08-04,2016-08-11,market_wide,-2.542814203080472,-1.6622521647198232,-0.0025074673750337118,-0.0035074673750337118,0.01459872757188796,-0.018106194946921672
GILD,2016-08-26,2016-09-02,market_wide,-2.419464903247727,-3.791202025634289,-0.03610339117642303,-0.03710339117642303,-0.003632232145445502,-0.033471159030977526
GILD,2016-09-06,2016-09-13,idiosyncratic,-2.257818770413226,0.10645141143490149,0.00231114284318501,0.00131114284318501,-0.0278642957976718,0.02917543864085681
GILD,2016-09-29,2016-10-06,market_wide,-2.966019662410985,-1.7522518539279888,-0.021191817096848364,-0.022191817096848365,0.0004666839374256604,-0.022658501034274026
GILD,2016-10-07,2016-10-14,market_wide,-3.914318154514829,-2.0886002210526597,-0.03309423101906783,-0.03409423101906783,-0.011352336358578907,-0.022741894660488926
GILD,2016-10-17,2016-10-24,market_wide,-2.6923901435101905,-3.1039657435663695,0.020787300153040755,0.019787300153040754,0.017746971837639958,0.0020403283154007967
GILD,2016-10-31,2016-11-07,market_wide,-2.333059631279109,-3.0075122127738276,0.0050250989286833025,0.0040250989286833025,0.008990017703228936,-0.004964918774545634
GILD,2016-11-18,2016-11-28,idiosyncratic,-2.0858707567912353,-0.15889226070605178,-0.0010716953874428947,-0.0020716953874428947,0.006212114961273052,-0.008283810348715948
GILD,2016-12-01,2016-12-08,market_wide,-4.770572933130369,-1.6769748805807436,-0.011257754303329759,-0.01225775430332976,0.0289940608668684,-0.04125181517019816
GILD,2016-12-09,2016-12-16,idiosyncratic,-2.263330976708829,0.711290661182941,0.025819477780854472,0.02481947778085447,-0.0057955796673189175,0.03061505744817339
GILD,2016-12-27,2017-01-04,idiosyncratic,-2.217437019639412,-0.2594492447218253,0.03594155356796347,0.03494155356796347,-0.0007654103999342743,0.03570696396789774
GILD,2017-01-13,2017-01-23,idiosyncratic,-2.001526809612276,-0.13174037189494495,-0.03257140501292455,-0.03357140501292455,-0.014975961701114038,-0.01859544331181051
GILD,2017-01-24,2017-01-31,idiosyncratic,-3.2983763245258007,1.3136743999209999,0.03131686917687726,0.03031686917687726,-0.004426422241232908,0.03474329141811017
GILD,2017-02-09,2017-02-16,idiosyncratic,-4.188685478269611,1.5850776276701584,0.07196229342847937,0.07096229342847937,0.019890730938270318,0.051071562490209055
GILD,2017-03-07,2017-03-14,market_wide,-2.7072809425905064,-2.41379227825758,-0.010555424190057394,-0.011555424190057395,-0.0024932613669419457,-0.00906216282311545
GILD,2017-03-21,2017-03-28,market_wide,-2.4748024179837276,-5.436513185020188,-0.009448216201646709,-0.01044821620164671,0.007940109849937427,-0.018388326051584136
GILD,2017-03-29,2017-04-05,market_wide,-2.7713673660896694,-1.3836458321331033,-0.011745464410901074,-0.012745464410901075,-0.004830001609729795,-0.00791546280117128
GILD,2017-04-07,2017-04-17,market_wide,-2.8903339173206613,-1.3137354168391489,0.001802380874404541,0.0008023808744045411,-0.0077469377179448795,0.00854931859234942
GILD,2017-04-18,2017-04-25,market_wide,-3.23462012725605,-1.7572094905581708,0.01604587947845615,0.015045879478456148,0.022833338017480997,-0.00778745853902485
GILD,2017-05-10,2017-05-17,idiosyncratic,-3.172378883628707,0.30687279305212706,-0.036013208637924676,-0.03701320863792468,-0.019938310989162655,-0.017074897648762022
GILD,2017-05-18,2017-05-25,market_wide,-3.3074045175627624,-2.7666827123257214,0.002017853769254785,0.0010178537692547849,0.020846808939220862,-0.019828955169966078
GILD,2017-05-26,2017-06-05,idiosyncratic,-2.1499232715801653,-0.027608352528354283,0.0151941850674433,0.014194185067443299,0.016759854959714104,-0.0025656698922708054
GILD,2017-07-06,2017-07-13,market_wide,-2.1185038361839257,-3.7089227492041235,0.015831750948665846,0.014831750948665845,0.016526044879127566,-0.001694293930461721
GILD,2017-08-04,2017-08-11,idiosyncratic,-3.1645663074271417,-0.10968807228052099,-0.010388570335155722,-0.011388570335155723,-0.011258958766130922,-0.0001296115690248012
GILD,2017-08-17,2017-08-24,market_wide,-3.5356087533485914,-3.436815198869034,0.023224003669326088,0.022224003669326087,-0.001612051812698967,0.023836055482025054
GILD,2017-09-14,2017-09-21,idiosyncratic,-2.1098182486884203,-0.05106657677388835,0.004010091273574545,0.0030100912735745453,-0.0003610975680095052,0.0033711888415840505
GILD,2017-09-28,2017-10-05,idiosyncratic,-4.768775357623459,0.630416327762498,0.032133992753274,0.031133992753273998,0.016043105801728963,0.015090886951545035
GILD,2017-10-12,2017-10-19,idiosyncratic,-2.3681798175557347,-0.2416044324086911,0.003567067985364991,0.002567067985364991,0.006406528586238025,-0.003839460600873034
GILD,2017-10-23,2017-10-30,market_wide,-2.7473021331043026,-1.1656594077915459,-0.052139265199314,-0.053139265199314,-0.010393781433749139,-0.04274548376556486
GILD,2017-11-01,2017-11-08,idiosyncratic,-2.983098888577835,-0.27682192074188783,-0.02311929713734162,-0.024119297137341622,0.01347941344744985,-0.03759871058479147
GILD,2017-11-10,2017-11-17,market_wide,-2.213299618560444,-1.3128677947646614,-0.018028894946466645,-0.019028894946466646,0.00040689898583079476,-0.01943579393229744
GILD,2017-11-20,2017-11-28,market_wide,-2.186214029211586,-1.074992410989352,0.006377588753605279,0.005377588753605279,0.016265912935869764,-0.010888324182264486
GILD,2017-12-28,2018-01-05,idiosyncratic,-2.9227623598819195,-0.28631869721518866,0.028145658936385543,0.02714565893638554,0.032501309579467286,-0.005355650643081744
GILD,2018-02-02,2018-02-09,market_wide,-2.4694078246057947,-6.381825786134794,-0.02948781072201523,-0.03048781072201523,-0.052427261115022494,0.021939450393007265
GILD,2018-02-12,2018-02-20,market_wide,-2.4134638757157436,-1.9740452953279226,0.009982547462954017,0.008982547462954016,0.02077618272788473,-0.011793635264930713
GILD,2018-02-28,2018-03-07,market_wide,-4.275850211129319,-1.8859426273456639,0.01600404688701329,0.01500404688701329,0.007365617720358708,0.007638429166654581
GILD,2018-03-19,2018-03-26,market_wide,-3.754435659591014,-3.147784738421913,-0.021248799415634068,-0.02224879941563407,-0.02855962058278938,0.006310821167155312
GILD,2018-03-27,2018-04-04,market_wide,-2.6752195947532376,-2.6497193418988,0.01740651507439117,0.01640651507439117,0.019879477241686372,-0.0034729621672952016
GILD,2018-04-06,2018-04-13,market_wide,-2.1228516806108293,-2.0742647773200886,0.02465608438577127,0.02365608438577127,0.02623085052853602,-0.0025747661427647506
GILD,2018-04-20,2018-04-27,market_wide,-2.6723457832325916,-1.0473235842208724,0.002171017394855479,0.001171017394855479,-0.004337780351311937,0.005508797746167416
GILD,2018-04-30,2018-05-07,market_wide,-3.735268551430376,-2.40394628816849,-0.1017584804082311,-0.1027584804082311,-0.00340839041744867,-0.09935008999078243
GILD,2018-05-08,2018-05-15,idiosyncratic,-2.204095667896345,0.0,0.027139213120797923,0.02613921312079792,0.03382016359602136,-0.007680950475223436
GILD,2018-05-29,2018-06-05,market_wide,-2.2280879697671527,-5.57572266863802,0.040546817544543146,0.039546817544543145,0.024011943408186465,0.01553487413635668
GILD,2018-06-27,2018-07-05,market_wide,-3.893278985490372,-3.6125015877153457,0.060751572912961516,0.059751572912961515,0.013123547538915092,0.04662802537404642
GILD,2018-07-27,2018-08-03,market_wide,-3.660291916812053,-1.610807579844271,0.014581458908779155,0.013581458908779154,-0.002412344031821334,0.015993802940600488
GILD,2018-08-08,2018-08-15,idiosyncratic,-2.7113282554496223,-0.06622631222852918,-0.026914629237620558,-0.02791462923762056,-0.01509258556358195,-0.012822043674038608
GILD,2018-08-16,2018-08-23,market_wide,-2.7766696263507216,-1.085438457675132,-0.02976561369391184,-0.030765613693911842,0.01517156698713662,-0.04593718068104846
GILD,2018-08-24,2018-08-31,idiosyncratic,-2.004317749726068,0.7029658425017917,0.029080111901786276,0.028080111901786275,0.007172983540098432,0.020907128361687843
GILD,2018-09-06,2018-09-13,market_wide,-3.497405618021762,-1.7552373352251662,0.024911909848094993,0.023911909848094992,0.011898249303690989,0.012013660544404003
GILD,2018-09-17,2018-09-24,market_wide,-2.00569875765191,-1.3384352572184037,0.03902195260037389,0.03802195260037389,0.017411419461688116,0.02061053313868577
GILD,2018-10-10,2018-10-17,market_wide,-3.8118101400419837,-7.928501069998802,0.01123292343240001,0.01023292343240001,0.005123424914347474,0.005109498518052535
GILD,2018-10-19,2018-10-26,market_wide,-2.1030610217797374,-1.996606392225384,-0.04817776901927062,-0.04917776901927062,-0.048049063811991144,-0.001128705207279479
GILD,2018-10-31,2018-11-07,market_wide,-3.0951084490730385,-1.7183642399765295,0.06306838367633527,0.06206838367633527,0.043839292036199407,0.018229091640135864
GILD,2018-11-15,2018-11-23,market_wide,-2.8603046842932054,-2.1381674612972335,-0.04571475179394746,-0.04671475179394746,-0.04009601116904726,-0.006618740624900199
GILD,2018-11-26,2018-12-03,market_wide,-2.4236437040515932,-2.177476500312319,0.058559634042980147,0.057559634042980146,0.052375129138468646,0.0051845049045115
GILD,2018-12-07,2018-12-14,market_wide,-2.014643912796734,-3.1221254254457516,-0.029741260744813203,-0.030741260744813204,-0.01462437183102161,-0.016116888913791594
GILD,2018-12-17,2018-12-24,market_wide,-3.53742489956781,-4.050336018899946,-0.07033162732286069,-0.07133162732286069,-0.07021732064607455,-0.0011143066767861365
GILD,2018-12-27,2019-01-04,market_wide,-2.1916650086196823,-1.6348771472745005,0.08436620427170505,0.08336620427170505,0.01761291268115195,0.0657532915905531
GILD,2019-01-24,2019-01-31,market_wide,-2.410890030126718,-1.0144815034149823,0.03168284961323664,0.03068284961323664,0.02522879749163498,0.00545405212160166
GILD,2019-02-05,2019-02-12,idiosyncratic,-2.6093057708215524,0.33574346631492374,-0.03368810923501686,-0.03468810923501686,0.014207468883195684,-0.048895578118212546
GILD,2019-02-13,2019-02-21,idiosyncratic,-2.602374608629538,0.46612171201410524,-0.005914159785332718,-0.006914159785332718,-0.0020316593380098613,-0.004882500447322856
GILD,2019-02-22,2019-03-01,idiosyncratic,-2.2384105845013575,0.22597907163974562,0.004107058399955843,0.003107058399955843,0.005182160282718895,-0.002075101882763052
GILD,2019-03-04,2019-03-11,market_wide,-2.5337252444714795,-1.0397481539048112,-0.01695953626459812,-0.01795953626459812,-0.0008193290636638872,-0.017140207200934232
GILD,2019-03-22,2019-03-29,market_wide,-2.0706441119004144,-1.6974519139180888,0.019444848286323646,0.018444848286323645,0.010099095607179365,0.00834575267914428
GILD,2019-04-12,2019-04-22,idiosyncratic,-2.847035662162419,0.7261245495581743,-0.05223644447379305,-0.053236444473793054,0.019157982757186387,-0.07239442723097944
GILD,2019-04-23,2019-04-30,idiosyncratic,-2.318031535984617,2.498099404953122,0.03172596689107965,0.030725966891079648,-0.0010886483753084208,0.03181461526638807
GILD,2019-05-10,2019-05-17,market_wide,-2.1533901299504663,-2.0462137023786884,0.01204828160207616,0.01104828160207616,-0.018682063119148218,0.029730344721224378
GILD,2019-05-28,2019-06-04,market_wide,-3.4936559044573414,-3.5447449688782373,0.005471466549527237,0.004471466549527237,0.021768290447564453,-0.017296823898037217
GILD,2019-06-06,2019-06-13,idiosyncratic,-2.0427636694250295,-0.23884602743405364,0.06116441263096539,0.06016441263096539,0.016543242181013884,0.04362117044995151
GILD,2019-06-26,2019-07-03,market_wide,-2.449362552173538,-1.4193526182567906,0.034793086762885395,0.033793086762885394,0.02800546177817642,0.005787624984708972
GILD,2019-07-10,2019-07-17,idiosyncratic,-2.006465142714017,-0.05953053418559511,-0.0080045615700296,-0.009004561570029601,0.0038184851331337644,-0.012823046703163365
GILD,2019-07-19,2019-07-26,market_wide,-4.701868546230478,-2.6657459288321643,0.028905089715738796,0.027905089715738796,0.025023603460895494,0.002881486254843302
GILD,2019-07-31,2019-08-07,market_wide,-2.525382673248969,-2.647557955870816,-0.025030465535306412,-0.026030465535306413,-0.03586404119556352,0.00983357566025711
GILD,2019-08-08,2019-08-15,market_wide,-2.0140790294747917,-1.2806778840186461,-0.030083298016259086,-0.031083298016259087,-0.024739217886729614,-0.006344080129529472
GILD,2019-08-16,2019-08-23,market_wide,-2.649597287412966,-1.265291678135615,-0.009977876188346113,-0.010977876188346114,-0.0057963685162355505,-0.0051815076721105635
GILD,2019-08-26,2019-09-03,market_wide,-2.015248838469162,-1.294949569243288,-0.0004762719569092466,-0.0014762719569092466,0.014794096913539612,-0.01627036887044886
GILD,2019-09-23,2019-09-30,market_wide,-3.3387693443195237,-1.435559092877349,-0.0357525062815407,-0.0367525062815407,-0.00912824338862428,-0.027624262892916418
GILD,2019-10-01,2019-10-08,market_wide,-2.4120304636374525,-4.151633828405124,-0.02420126060316863,-0.02520126060316863,-0.021168774080432273,-0.004032486522736356
GILD,2019-10-09,2019-10-16,market_wide,-2.7793735232491845,-1.8309950057126174,0.05437218461554161,0.05337218461554161,0.0319767990449773,0.021395385570564307
GILD,2019-10-25,2019-11-01,idiosyncratic,-4.396067144442502,0.8199329312024801,0.021162429573108765,0.020162429573108764,0.016979179273991285,0.0031832502991174794
GILD,2019-11-13,2019-11-20,idiosyncratic,-2.6262232051121086,0.05187119422348295,0.024474735624611332,0.02347473562461133,0.0037322805422090877,0.019742455082402244
GILD,2019-12-13,2019-12-20,idiosyncratic,-2.5008829565716293,0.08841001698004217,0.01642106438614932,0.015421064386149319,0.013697632509213298,0.0017234318769360213
GILD,2019-12-27,2020-01-06,idiosyncratic,-2.468039630393107,-0.03278728525917567,-0.00454875765736118,-0.00554875765736118,-0.00493568630783825,-0.0006130713495229303
GILD,2020-01-07,2020-01-14,market_wide,-2.212124219761568,-1.625873108787713,-0.014127577449229989,-0.01512757744922999,0.013310552482738158,-0.028438129931968148
GILD,2020-01-15,2020-01-23,idiosyncratic,-3.11595867662606,0.11202311925684862,-0.0024961129522046432,-0.0034961129522046433,0.008374727897310974,-0.011870840849515618
GILD,2020-01-24,2020-01-31,market_wide,-2.7680077496830986,-1.3484841174970699,0.0007916243814416468,-0.0002083756185583532,-0.04036837055778886,0.0401599949392305
GILD,2020-03-09,2020-03-16,market_wide,-2.127978829044061,-5.520981952147033,-0.05411262791815896,-0.05511262791815896,-0.1091069719699822,0.05399434405182324
GILD,2020-03-25,2020-04-01,market_wide,-2.7232124756051737,-1.6603403362505682,0.04091333197489244,0.03991333197489244,0.0056122705558998565,0.034301061418992584
GILD,2020-04-09,2020-04-17,idiosyncratic,-2.4106632568186868,0.482425586779736,0.14256577640542645,0.14156577640542645,0.02792278312094365,0.1136429932844828
GILD,2020-05-05,2020-05-12,market_wide,-2.4424642672631927,-1.1975561873488443,-0.015036970867163824,-0.016036970867163824,-0.000896326178333462,-0.015140644688830363
GILD,2020-05-13,2020-05-20,market_wide,-2.961150215361774,-2.951781449000206,-0.04113680169911005,-0.04213680169911005,0.05073038185247136,-0.09286718355158141
GILD,2020-05-22,2020-06-01,idiosyncratic,-2.9581364725954606,-0.2930507894484424,0.024816338733783194,0.023816338733783193,0.03619495921276905,-0.012378620478985858
GILD,2020-06-02,2020-06-09,idiosyncratic,-2.9574978600286683,0.5277402125414457,0.059104678162680724,0.05810467816268072,0.052033739632203035,0.0060709385304776875
GILD,2020-06-11,2020-06-18,market_wide,-2.791180268843613,-3.034098724813358,0.016474327771037967,0.015474327771037966,0.032490347591615176,-0.01701601982057721
GILD,2020-06-26,2020-07-06,market_wide,-2.2848910296762295,-3.721988424678125,0.029368075403446214,0.028368075403446213,0.04644216782719801,-0.018074092423751797
GILD,2020-07-24,2020-07-31,market_wide,-6.338228309739904,-1.6507634426921651,-0.05581203351764752,-0.05681203351764752,0.012666593597119524,-0.06947862711476704
GILD,2020-08-03,2020-08-10,idiosyncratic,-2.570467913799031,0.9604756271272256,-0.04489028235020309,-0.04589028235020309,0.025229496471405266,-0.07111977882160836
GILD,2020-08-12,2020-08-19,idiosyncratic,-2.408014656314508,0.450095484627032,-0.04561299154019949,-0.04661299154019949,-0.002285143844347748,-0.04432784769585174
GILD,2020-08-20,2020-08-27,idiosyncratic,-3.177253773111773,-0.19589399808489144,-0.007570045139124959,-0.00857004513912496,0.037104418039750175,-0.045674463178875135
GILD,2020-08-28,2020-09-04,idiosyncratic,-2.6454271393960136,0.5231138363202114,0.011492488806096324,0.010492488806096323,-0.015511634827961474,0.026004123634057796
GILD,2020-09-08,2020-09-15,market_wide,-5.434806193546217,-5.182723431706744,0.042931362251505956,0.041931362251505955,0.02772711125501548,0.014204250996490475
GILD,2020-09-22,2020-09-29,market_wide,-2.6515689609592568,-2.2105085269290994,-0.020504644968531216,-0.021504644968531217,0.0020859098169339063,-0.023590554785465123
GILD,2020-10-19,2020-10-26,market_wide,-4.715359176242332,-1.964660672921002,-0.010071229065311327,-0.011071229065311328,-0.017634511401465214,0.006563282336153886
GILD,2020-10-27,2020-11-03,market_wide,-2.7062354680532557,-3.660234723922188,-0.019663555925348852,-0.020663555925348853,0.005249487021493193,-0.025913042946842046
GILD,2020-11-25,2020-12-03,idiosyncratic,-3.6087666509914063,-0.17710803226888522,0.022856957774548547,0.021856957774548547,0.00499271328750317,0.016864244487045377
GILD,2020-12-14,2020-12-21,market_wide,-3.327051738036152,-2.3711003044893615,-0.021724498488502886,-0.022724498488502887,0.004325056500434243,-0.02704955498893713
GILD,2020-12-22,2020-12-30,market_wide,-5.594168025812683,-1.4319554348857437,-0.006140445806584904,-0.007140445806584904,0.00788774497397382,-0.015028190780558726
GILD,2021-02-01,2021-02-08,market_wide,-2.0251640211990494,-1.6179323479763552,0.044086319470855395,0.043086319470855394,0.030629837998627618,0.012456481472227776
GILD,2021-02-16,2021-02-23,idiosyncratic,-2.763665234359619,-0.06440494879477288,-0.01728404330842359,-0.018284043308423592,-0.007400609540540559,-0.010883433767883033
GILD,2021-02-25,2021-03-04,market_wide,-3.2975893468470248,-5.263398703609781,0.007007512502415825,0.006007512502415825,-0.01865729503833835,0.024664807540754174
GILD,2021-03-12,2021-03-19,idiosyncratic,-2.361730929945277,0.10313761469242291,0.04710851914101233,0.04610851914101233,-0.00011782677075222736,0.046226345911764555
GILD,2021-03-31,2021-04-08,idiosyncratic,-2.1209793310345586,0.10792688050244471,0.0060343140335339385,0.0050343140335339384,0.024869239299671442,-0.019834925266137504
GILD,2021-04-12,2021-04-19,idiosyncratic,-2.7965360463054996,0.024031743584207267,0.019950475822643643,0.018950475822643642,0.004793358088001076,0.014157117734642566
GILD,2021-04-27,2021-05-04,idiosyncratic,-3.467164282014169,-0.03859619300911787,0.014999265510638349,0.013999265510638348,0.007920339289710476,0.006078926220927872
GILD,2021-05-24,2021-06-01,idiosyncratic,-2.5497305553462626,0.3316270671363698,-0.03129134233006825,-0.03229134233006825,-0.0008997669031182154,-0.031391575426950036
GILD,2021-06-02,2021-06-09,idiosyncratic,-2.255272615995236,0.08594740614287802,0.039678861963613477,0.038678861963613476,-0.0015094305707779032,0.04018829253439138
GILD,2021-06-18,2021-06-25,market_wide,-2.8891280804778643,-7.10743346147284,0.019066261574994137,0.018066261574994136,0.030209772988179617,-0.012143511413185482
GILD,2021-07-12,2021-07-19,idiosyncratic,-2.1139416812469296,0.4810690613051064,0.0023506723120318984,0.0013506723120318984,-0.02378364208535444,0.025134314397386337
GILD,2021-08-06,2021-08-13,idiosyncratic,-2.0863986622321034,0.5367086335405157,0.03460323659283571,0.033603236592835706,0.00044499208432058346,0.03315824450851512
GILD,2021-08-27,2021-09-03,idiosyncratic,-2.945231797909719,0.4031662175115399,0.009540181788985524,0.008540181788985524,0.0029506563704639888,0.005589525418521535
GILD,2021-09-09,2021-09-16,market_wide,-4.328201139188109,-2.0173648618299005,0.020379044010967684,0.019379044010967683,0.0004652363802100101,0.018913807630757673
GILD,2021-09-28,2021-10-05,market_wide,-3.5639294306482703,-2.8177439256948373,-0.03673012195469927,-0.03773012195469927,-0.004540587391781314,-0.033189534562917955
GILD,2021-10-06,2021-10-13,market_wide,-2.6971054473546525,-1.6098135743807016,0.0022228655977925005,0.0012228655977925005,0.0030948352920299183,-0.0018719696942374178
GILD,2021-10-14,2021-10-21,idiosyncratic,-2.253686450036019,1.196782835133996,-0.017021373366731707,-0.018021373366731708,0.025049181656428887,-0.043070555023160595
GILD,2021-10-29,2021-11-05,idiosyncratic,-5.166767604868349,0.24086029690838542,0.02219493755247748,0.021194937552477477,0.02112830916599928,6.66283864781958e-05
GILD,2022-01-04,2022-01-11,idiosyncratic,-2.7978272652399903,-0.020866290244325736,0.002215785846278795,0.001215785846278795,-0.0038115225388060114,0.005027308385084806
GILD,2022-01-13,2022-01-21,market_wide,-2.5926575759828876,-2.797988422324653,-0.04688344061040173,-0.04788344061040173,-0.050647519791160445,0.002764079180758716
GILD,2022-01-24,2022-01-31,market_wide,-2.242942884923894,-2.866780166693514,0.0016040629153288855,0.0006040629153288854,0.018717692435221922,-0.018113629519893037
GILD,2022-02-02,2022-02-09,idiosyncratic,-5.073360887390963,0.5540010267192161,-0.03707072909211073,-0.03807072909211073,-0.015088957214449028,-0.022981771877661705
GILD,2022-02-10,2022-02-17,market_wide,-3.1616914898917567,-1.0673904173717832,-0.008091856490409555,-0.009091856490409556,-0.029144418336250144,0.02005256184584059
GILD,2022-02-18,2022-02-28,market_wide,-2.519418532096348,-3.8134071686079203,-0.010647054293051128,-0.011647054293051129,0.008776404792878445,-0.020423459085929574
GILD,2022-03-01,2022-03-08,market_wide,-3.9684728069295656,-2.168927321706951,-0.011948069103012271,-0.012948069103012272,-0.024535872413140924,0.011587803310128653
GILD,2022-03-09,2022-03-16,market_wide,-3.8741271215877227,-1.3162982718578387,-0.004933467972152328,-0.005933467972152328,0.01324738174574902,-0.01918084971790135
GILD,2022-03-31,2022-04-07,market_wide,-2.0830134355981973,-1.3900445055151496,0.025904172773030254,0.024904172773030253,-0.00427481564392751,0.029178988416957763
GILD,2022-04-26,2022-05-03,market_wide,-2.5399280670033746,-4.5777907598017675,-0.023312008726332434,-0.024312008726332435,0.00515991963913609,-0.029471928365468525
GILD,2022-06-02,2022-06-09,idiosyncratic,-2.2965798825044916,0.21811010189613994,-0.03592807560293321,-0.03692807560293321,-0.03536058597391556,-0.0015674896290176488
GILD,2022-06-10,2022-06-17,market_wide,-3.114270925863436,-5.689146674726003,-0.024343539420278226,-0.025343539420278227,-0.05627703632861214,0.030933496908333913
GILD,2022-07-14,2022-07-21,market_wide,-3.4883712234033997,-2.870684468930785,-0.012942940550486504,-0.013942940550486504,0.05406802797468924,-0.06801096852517574
GILD,2022-07-27,2022-08-03,idiosyncratic,-2.274608888604993,0.2975581952807312,0.0224959971419616,0.021495997141961598,0.03196410461581034,-0.010468107473848742
GILD,2022-08-26,2022-09-02,market_wide,-3.187259768938733,-3.520072925476351,0.023248379195735636,0.022248379195735635,-0.026799067405189114,0.04904744660092475
GILD,2022-09-20,2022-09-27,market_wide,-2.1982623855250996,-3.2554846335238117,-0.030195206315683953,-0.031195206315683954,-0.04754906598108144,0.016353859665397485
GILD,2022-09-29,2022-10-06,market_wide,-2.2496498443778785,-2.627727043113713,0.029808194885454498,0.028808194885454497,0.03894336285444955,-0.010135167968995051
GILD,2022-12-15,2022-12-22,market_wide,-3.5488105242033208,-3.414275460158742,-0.015015271271169084,-0.016015271271169085,-0.014549955710967843,-0.0014653155602012413
GILD,2022-12-23,2023-01-03,market_wide,-2.9233858877090793,-2.244937205554704,0.007551714610528837,0.006551714610528837,0.003619621962669628,0.002932092647859209
GILD,2023-01-09,2023-01-17,idiosyncratic,-3.038319075628608,-0.07293748422552261,0.0036427797867253364,0.0026427797867253364,0.0046426684867317825,-0.001999888700006446
GILD,2023-01-19,2023-01-26,market_wide,-3.6107089246396447,-1.5498102085785512,0.0,-0.001,0.04065800548801657,-0.04165800548801657
GILD,2023-01-27,2023-02-03,idiosyncratic,-2.2668564137230174,0.1990956466759009,0.009196533116476946,0.008196533116476945,0.005362606981966556,0.0028339261345103894
GILD,2023-02-16,2023-02-24,market_wide,-2.481672192278288,-2.7748932194073137,-0.03273776594175637,-0.03373776594175637,-0.025824962892323944,-0.007912803049432426
GILD,2023-02-27,2023-03-06,market_wide,-3.2842156298840286,-2.470771111094458,0.0027198025096872858,0.0017198025096872857,0.0194694890346212,-0.017749686524933916
GILD,2023-03-07,2023-03-14,market_wide,-2.6475866546127347,-1.9045378780038296,0.00310944879155417,0.00210944879155417,-0.023092311037005597,0.025201759828559767
GILD,2023-03-17,2023-03-24,market_wide,-4.363172562860102,-1.8785347296784478,0.03479473690787649,0.03379473690787649,0.015652586469587115,0.018142150438289373
GILD,2023-04-28,2023-05-05,idiosyncratic,-3.422068869794647,0.5054095450750535,-0.029923219903234766,-0.030923219903234767,-0.01836324276878265,-0.012559977134452116
GILD,2023-05-09,2023-05-16,market_wide,-2.8277232775460526,-1.1860591376550227,-0.006091489740520428,-0.007091489740520428,-0.010534535569134307,0.0034430458286138785
GILD,2023-05-18,2023-05-25,idiosyncratic,-3.2894093938437177,1.506133819762514,-0.007160094728952959,-0.00816009472895296,-0.019121852064083344,0.010961757335130384
GILD,2023-05-26,2023-06-05,idiosyncratic,-4.815111002353955,0.23864706520160514,0.008172315095936744,0.007172315095936744,0.005089819090135839,0.0020824960058009054
GILD,2023-06-06,2023-06-13,idiosyncratic,-2.9422802642583186,0.020402328302757414,0.029527465629044514,0.028527465629044513,0.021108424632830802,0.0074190409962137105
GILD,2023-06-23,2023-06-30,market_wide,-2.5294556553582823,-1.7808935669387351,-0.005163359364368403,-0.006163359364368403,0.019904691105497196,-0.0260680504698656
GILD,2023-07-03,2023-07-11,idiosyncratic,-2.2194490042899733,0.15578378925738154,-0.007820642651177545,-0.008820642651177546,-0.003815639773200208,-0.005005002877977338
GILD,2023-07-25,2023-08-01,idiosyncratic,-2.2583637521964968,0.06040646091072476,-0.02006994685403074,-0.02106994685403074,-0.0051202370314237244,-0.015949709822607017
GILD,2023-08-02,2023-08-09,market_wide,-3.0146158315522547,-3.7911654185072816,0.05932871508959958,0.05832871508959958,-0.019635203578654226,0.0779639186682538
GILD,2023-08-17,2023-08-24,market_wide,-2.735570951786855,-4.502868956914656,-0.0022220151066919547,-0.0032220151066919547,-0.009368375252833294,0.0061463601461413395
GILD,2023-08-31,2023-09-08,idiosyncratic,-2.334531853514221,-0.1266662251666614,-0.006276280109918542,-0.007276280109918542,-0.00561797022292454,-0.0016583098869940019
GILD,2023-09-22,2023-09-29,market_wide,-3.6867209927861304,-3.8063392152412616,-0.0009333744588994053,-0.0019333744588994053,-0.010672733526005285,0.008739359067105879
GILD,2023-10-02,2023-10-09,market_wide,-4.917151036531493,-2.4555669022122584,0.012955550898076096,0.011955550898076095,0.0017742135607807796,0.010181337337295315
GILD,2023-10-27,2023-11-03,market_wide,-4.108791905243042,-3.2173906629874165,0.0648653736392486,0.0638653736392486,0.059817263040834456,0.004048110598414145
GILD,2023-11-08,2023-11-15,idiosyncratic,-2.1634294030352597,0.031688107512028635,-0.036713867858193194,-0.037713867858193195,0.041668579555049545,-0.07938244741324274
GILD,2023-11-16,2023-11-24,idiosyncratic,-2.341991847019066,0.08898344070999838,0.011540501358854538,0.010540501358854537,0.014474475021043709,-0.003933973662189172
GILD,2023-11-27,2023-12-04,idiosyncratic,-2.0319786807622493,-0.15009815045215863,0.045648594859164726,0.044648594859164725,0.02361276185627159,0.021035833002893134
GILD,2023-12-22,2024-01-02,idiosyncratic,-2.0415486214337526,-0.2138743112531567,0.044940841865044545,0.043940841865044544,0.005766830868983552,0.03817401099606099
GILD,2024-01-22,2024-01-29,idiosyncratic,-7.021883473727882,0.2759858697713028,0.008160001898709801,0.007160001898709801,0.002186082967531311,0.00497391893117849
GILD,2024-01-30,2024-02-06,idiosyncratic,-2.3188719169009633,-0.06147083691052052,-0.011447487874507667,-0.012447487874507668,-0.010754921532851291,-0.0016925663416563763
GILD,2024-02-07,2024-02-14,idiosyncratic,-5.0770860340203985,1.0053981507882257,-0.018543369961357525,-0.019543369961357526,-0.0040750146119219455,-0.01546835534943558
GILD,2024-02-15,2024-02-23,idiosyncratic,-2.486657447589107,0.2078416689241703,0.0024534815948105138,0.0014534815948105137,0.016792223028692987,-0.015338741433882475
GILD,2024-02-29,2024-03-07,idiosyncratic,-2.4140766550733472,0.05089194319194136,0.02163662933529298,0.020636629335292977,0.033019390325263354,-0.012382760989970376
GILD,2024-03-21,2024-03-28,idiosyncratic,-3.0726944846524744,0.5240608564457306,0.0021891880759252746,0.0011891880759252746,0.009240427164937781,-0.008051239089012507
GILD,2024-04-01,2024-04-08,idiosyncratic,-2.198504881898508,-0.22354889878084452,-0.04747551793710936,-0.04847551793710936,-0.016126270875302273,-0.032349247061807085
GILD,2024-04-09,2024-04-16,market_wide,-2.1300303881059692,-1.3131446959866322,-0.037603573425032955,-0.038603573425032955,-0.03352070814003871,-0.005082865284994242
GILD,2024-04-17,2024-04-24,market_wide,-3.5186246388320646,-3.128414750119402,0.0022412254720018954,0.0012412254720018953,0.014806581596319424,-0.013565356124317529
GILD,2024-04-25,2024-05-02,market_wide,-4.737968152848101,-2.2458210840747888,0.0009193660520525615,-8.063394794743852e-05,-0.005717513128198459,0.005636879180251021
GILD,2024-05-03,2024-05-10,idiosyncratic,-2.8442445134048304,0.28103818051543367,0.01821549447471238,0.01721549447471238,0.02813043153714334,-0.010914937062430963
GILD,2024-05-29,2024-06-05,market_wide,-3.4180849597168175,-2.2242853859109832,0.0059843479707208935,0.0049843479707208935,0.01638352420857836,-0.011399176237857467
GILD,2024-06-06,2024-06-13,idiosyncratic,-2.80131350863838,-0.003155811501485261,-0.004541825647848996,-0.005541825647848996,0.009259033636467962,-0.014800859284316958
GILD,2024-06-18,2024-06-26,idiosyncratic,-2.6721394275715302,0.25216141897382854,0.09754545401318859,0.09654545401318859,-0.001146227229155361,0.09769168124234395
GILD,2024-07-05,2024-07-12,idiosyncratic,-3.3631336501430606,1.2571273370249887,0.04903297422340924,0.04803297422340924,0.015698437043677016,0.032334537179732226
GILD,2024-08-07,2024-08-14,market_wide,-2.711592922958023,-3.043121809860271,0.0018920688383619044,0.0008920688383619044,0.03560337435224992,-0.03471130551388801
GILD,2024-08-16,2024-08-23,idiosyncratic,-2.8111874241821235,0.10866992655236479,0.039848064214203616,0.038848064214203615,0.014851324286389467,0.023996739927814148
GILD,2024-11-15,2024-11-22,market_wide,-3.0552504373737124,-1.1183929397704284,0.02024878312404388,0.019248783124043878,0.017695208752894764,0.0015535743711491135
GILD,2024-11-25,2024-12-03,idiosyncratic,-2.1534507911616196,-0.2895408613785345,0.02210179661229561,0.02110179661229561,-0.008334318481620584,0.029436115093916193
GILD,2024-12-18,2024-12-26,market_wide,-2.482254731841505,-11.988406310409376,0.04101885611140421,0.04001885611140421,0.015415493568964989,0.024603362542439222
GILD,2025-01-02,2025-01-10,market_wide,-2.0146989542740092,-2.467338775886814,-0.021767433163030758,-0.02276743316303076,0.003036488653238356,-0.025803921816269115
GILD,2025-01-13,2025-01-21,market_wide,-2.679588827752565,-3.3151854718458122,0.03357792409076055,0.032577924090760546,0.04722189291416301,-0.014643968823402465
GILD,2025-03-13,2025-03-20,market_wide,-2.504245220941035,-3.3670416541529735,-0.05943486137002718,-0.06043486137002718,0.024099520575793454,-0.08453438194582064
GILD,2025-03-21,2025-03-28,market_wide,-2.7711596198957458,-1.5046205997777138,0.0439858036987828,0.0429858036987828,-0.013120745728310457,0.056106549427093255
GILD,2025-04-04,2025-04-11,market_wide,-2.335917699624067,-6.375232148645987,-0.033752850431586046,-0.034752850431586046,0.033618889686305,-0.06837174011789104
GILD,2025-04-16,2025-04-24,market_wide,-2.1272135283948512,-1.8091096803810731,0.012109224080930403,0.011109224080930402,0.04671053857048135,-0.03560131448955095
GILD,2025-04-25,2025-05-02,idiosyncratic,-2.1489343258925815,0.42378866280814564,0.004943228602133809,0.003943228602133809,0.02062063597391761,-0.016677407371783803
GILD,2025-05-05,2025-05-12,idiosyncratic,-2.7250871895827844,-0.20467944170635663,0.009823990215723777,0.008823990215723776,0.04612779042637705,-0.03730380021065327
GILD,2025-05-14,2025-05-21,idiosyncratic,-2.5501992540080556,0.07129070793209875,0.0949380512944824,0.0939380512944824,0.003343405214039974,0.09059464608044243
GILD,2025-06-17,2025-06-25,market_wide,-2.9911846877747967,-1.7341027138650718,-0.019166777886280184,-0.020166777886280185,0.015871614895413222,-0.03603839278169341
GILD,2025-06-26,2025-07-03,idiosyncratic,-2.0161842022130823,1.0260658701791567,0.038375721271077134,0.037375721271077134,0.03248281982664447,0.004892901444432662
GILD,2025-07-15,2025-07-22,market_wide,-4.131897152611945,-1.2080162785993422,0.010177891868001332,0.009177891868001331,-0.0019120850014875401,0.011089976869488871
GILD,2025-08-05,2025-08-12,market_wide,-2.3195070550315653,-1.9860652455139738,0.06722396250783125,0.06622396250783125,0.021051153148947455,0.04517280935888379
GILD,2025-08-22,2025-08-29,idiosyncratic,-4.403474092304423,0.09737094602532534,-0.015683494540295273,-0.016683494540295274,-0.006035562137141848,-0.010647932403153426
GILD,2025-09-02,2025-09-09,market_wide,-2.736883025621186,-2.102189614649733,0.027060769741444002,0.026060769741444,0.0014346211827869215,0.02462614855865708
GILD,2025-09-15,2025-09-22,idiosyncratic,-2.649656881732226,0.5884979075829997,-0.00044417929226969743,-0.0014441792922696975,0.01203890924083062,-0.013483088533100318
GILD,2025-09-24,2025-10-01,market_wide,-2.0199965120194743,-1.2107546719473652,-0.022169413286874606,-0.023169413286874607,0.0008188991431414827,-0.02398831243001609
GILD,2025-10-02,2025-10-09,idiosyncratic,-2.9586300769411613,0.2428340070083274,0.055897166320671765,0.054897166320671764,0.0006572185834075039,0.05423994773726426
GILD,2025-10-28,2025-11-04,idiosyncratic,-2.9037224912397606,0.24465483481839745,0.043434027504202666,0.042434027504202665,-0.026579752844965276,0.06901378034916794
GILD,2025-11-07,2025-11-14,market_wide,-2.2558409207274353,-2.9731705361918697,0.05200274956915463,0.051002749569154626,0.008376487011082734,0.04262626255807189
GILD,2025-12-02,2025-12-09,idiosyncratic,-2.9808371800742814,-0.17775699864552386,-0.0367201733058623,-0.0377201733058623,0.00795124775245215,-0.045671421058314454
GILD,2025-12-10,2025-12-17,idiosyncratic,-2.2914024543912372,0.6086682882328367,0.006770698030192479,0.005770698030192479,-0.019662787683257243,0.02543348571344972
GILD,2026-01-02,2026-01-09,market_wide,-2.682356175398532,-1.0344996228400225,-0.004111852242597136,-0.005111852242597136,0.03697240945580993,-0.042084261698407066
GILD,2026-02-23,2026-03-02,market_wide,-2.3767381836828605,-2.4499647129770206,0.001334890913411213,0.000334890913411213,0.005947247586738813,-0.0056123566733276
GILD,2026-03-03,2026-03-10,market_wide,-2.3289215050321537,-3.939631855083247,0.004938123202159916,0.003938123202159916,-0.01986741906159384,0.023805542263753754
GILD,2026-03-12,2026-03-19,market_wide,-2.2322887335733084,-4.342100128048479,-0.02271630574391703,-0.023716305743917032,-0.008462642033289391,-0.01525366371062764
GILD,2026-03-20,2026-03-27,market_wide,-5.206623506827135,-4.110187727443933,-0.02157281479299311,-0.022572814792993112,-0.009045239021136409,-0.013527575771856704
GILD,2026-03-30,2026-04-07,market_wide,-2.5356888525645633,-3.5873553721935623,0.018043140221694065,0.017043140221694064,0.027761586697680363,-0.010718446475986299
GILD,2026-04-15,2026-04-22,idiosyncratic,-2.106725946659823,0.3567846276753034,-0.04915233877761249,-0.05015233877761249,0.01157939456376611,-0.0617317333413786
GILD,2026-04-23,2026-04-30,idiosyncratic,-2.818993003095851,-0.2284035416280475,-0.02095184930275884,-0.02195184930275884,0.018260365894652075,-0.04021221519741092
GILD,2026-05-14,2026-05-21,idiosyncratic,-2.5284929010697597,0.6305832625377477,-0.011812837864706771,-0.012812837864706772,0.0060282246696994335,-0.018841062534406205
GILD,2026-06-01,2026-06-08,idiosyncratic,-2.1404063895322025,0.275028268249806,-0.022883310966111958,-0.02388331096611196,-0.018534858009760846,-0.005348452956351113
GILD,2026-06-09,2026-06-16,market_wide,-3.505722882422155,-2.9234807809858276,0.020447606692328923,0.019447606692328923,0.017609067182713378,0.0018385395096155444
GILD,2026-06-25,2026-07-02,market_wide,-2.0523050375446146,-2.1452409742315313,0.05999685522239395,0.05899685522239395,-0.011707915712033001,0.07070477093442695
GILD,2026-07-21,2026-07-28,market_wide,-2.4195153531821143,-1.4824451938952292,0.031010183374712286,0.030010183374712285,0.009737576793579006,0.02027260658113328
GILD,2026-07-30,2026-08-06,market_wide,-2.1956623274347624,-1.475321344056241,-0.003199273439636774,-0.004199273439636774,0.0118084266898546,-0.016007700129491376
GILD,2026-09-08,2026-09-15,market_wide,-2.3979477808738747,-2.020110400694813,0.003300623929052504,0.002300623929052504,-0.013974664666982162,0.016275288596034665
EMR,2015-07-10,2015-07-17,market_wide,-2.968686459096791,-1.2636876983450724,-0.023035175848887035,-0.024035175848887036,0.021559446477355415,-0.04559462232624245
EMR,2015-07-20,2015-07-27,idiosyncratic,-3.206393359387698,0.038452656869850214,-0.043230732093729296,-0.0442307320937293,-0.032511059824980815,-0.011719672268748482
EMR,2015-08-03,2015-08-10,market_wide,-2.0542787393607496,-1.60161552338621,-0.025521059355868014,-0.026521059355868015,0.0015185990269090954,-0.02803965838277711
EMR,2015-08-11,2015-08-18,market_wide,-2.83968854568704,-2.1455369210613595,0.034048800556818914,0.033048800556818914,0.001450386123491798,0.031598414433327116
EMR,2015-08-20,2015-08-27,market_wide,-2.192138379368502,-6.9592080157018135,-0.029142216403139964,-0.030142216403139965,-0.016630950881944995,-0.01351126552119497
EMR,2015-09-01,2015-09-09,market_wide,-2.469299106519287,-2.485066512955967,0.005403035515640031,0.004403035515640031,0.01407459436125058,-0.00967155884561055
EMR,2015-09-10,2015-09-17,market_wide,-2.3245890632661674,-1.329801405469536,0.010351830704174114,0.009351830704174113,0.01660236098278567,-0.0072505302786115555
EMR,2015-09-18,2015-09-25,market_wide,-4.038056144036106,-1.6085967929003713,-0.02948345732607338,-0.030483457326073382,-0.01641287146824133,-0.014070585857832052
EMR,2015-09-28,2015-10-05,market_wide,-3.158615991697805,-4.805330547568375,0.06923765802291237,0.06823765802291237,0.06699444427896961,0.0012432137439427615
EMR,2015-10-16,2015-10-23,idiosyncratic,-2.4827842111316123,0.4206143540859863,0.06428136991896616,0.06328136991896616,0.021809337144843344,0.04147203277412281
EMR,2015-11-12,2015-11-19,market_wide,-2.209016482079086,-5.1177982014745895,0.06116388875257717,0.060163888752577166,0.017476613952625675,0.04268727479995149
EMR,2015-12-02,2015-12-09,market_wide,-2.9130361781881042,-1.6058999144870285,-0.03618892317370548,-0.03718892317370548,-0.022784354955392994,-0.014404568218312486
EMR,2015-12-10,2015-12-17,market_wide,-2.943348659918703,-2.724569062013171,-0.04194169117844615,-0.04294169117844615,-0.011171707937400743,-0.03176998324104541
EMR,2015-12-18,2015-12-28,market_wide,-3.095433485808668,-3.472261107188532,0.08230580791642694,0.08130580791642694,0.02602710781694073,0.05527870009948621
EMR,2016-01-06,2016-01-13,market_wide,-2.350931202950796,-3.840430521693715,-0.0686760471056016,-0.0696760471056016,-0.04996101777533446,-0.019715029330267142
EMR,2016-01-14,2016-01-22,market_wide,-2.4607010207927575,-2.4188090649803025,-0.015058343325154766,-0.016058343325154767,-0.01790972022728654,0.0018513769021317739
EMR,2016-01-25,2016-02-01,market_wide,-3.6407925960606087,-2.248010440752538,0.07590456151851988,0.07490456151851987,0.031653212878999915,0.04325134863951996
EMR,2016-04-05,2016-04-12,market_wide,-5.128176216735445,-2.0147098910471146,0.01906145072947063,0.01806145072947063,0.005581260446343439,0.01248019028312719
EMR,2016-04-28,2016-05-05,market_wide,-2.9796769752249275,-3.618730925190679,-0.03707789820192087,-0.03807789820192087,-0.02994472563862749,-0.008133172563293378
EMR,2016-05-06,2016-05-13,market_wide,-2.551337533572031,-2.192832516430353,-0.019431362560997867,-0.020431362560997868,-0.009475802021161939,-0.010955560539835929
EMR,2016-05-16,2016-05-23,market_wide,-2.132538285602788,-1.351331449944964,-0.04014383982022629,-0.04114383982022629,-0.00440041879736941,-0.03674342102285688
EMR,2016-06-13,2016-06-20,market_wide,-3.0613382052717673,-4.325226594931983,0.033507688190860474,0.03250768819086047,0.00796093193252334,0.024546756258337132
EMR,2016-06-24,2016-07-01,market_wide,-4.273876887867897,-5.882218467048972,0.026952541986572376,0.025952541986572375,0.024393842233515928,0.0015586997530564473
EMR,2016-08-02,2016-08-09,market_wide,-12.34474269970504,-4.757484919922024,0.024514420939755643,0.023514420939755643,0.015337878675840244,0.008176542263915398
EMR,2016-08-19,2016-08-26,market_wide,-3.4763848346946062,-1.2603483104236284,0.014155936010054493,0.013155936010054492,-0.005244531175003009,0.0184004671850575
EMR,2016-08-30,2016-09-07,market_wide,-2.164626069609931,-1.8232275215835858,-0.012717253382224514,-0.013717253382224515,-0.0046930469505844785,-0.009024206431640036
EMR,2016-09-09,2016-09-16,market_wide,-5.828865660360274,-8.791225783241764,0.004522343452388444,0.0035223434523884442,0.0028143179048794043,0.00070802554750904
EMR,2016-09-19,2016-09-26,market_wide,-2.1398752266023333,-1.8151344527190296,0.004688226782421978,0.003688226782421978,-0.0014661964818907247,0.005154423264312703
EMR,2016-10-11,2016-10-18,market_wide,-4.308948519886925,-4.844541862013216,-0.017916870072414826,-0.018916870072414826,0.0024655766270729185,-0.021382446699487745
EMR,2016-10-19,2016-10-26,market_wide,-2.4456275099960636,-1.4075208691764596,0.010619175249422463,0.009619175249422462,0.011987955032304098,-0.002368779782881636
EMR,2016-10-27,2016-11-03,market_wide,-2.6448641503430084,-2.395804375159128,0.0,-0.001,-0.0234036394857029,0.022403639485702898
EMR,2016-11-04,2016-11-11,market_wide,-4.297455730874005,-3.1551540497653066,0.13405736603706186,0.13305736603706186,0.04238970977793555,0.09066765625912632
EMR,2016-12-28,2017-01-05,market_wide,-2.0749485745452425,-3.3707122635186186,-0.002842038035156924,-0.003842038035156924,0.0075488934335714575,-0.011390931468728382
EMR,2017-02-22,2017-03-01,idiosyncratic,-2.5408204857719094,-0.08005960902570793,-0.015205297028495268,-0.01620529702849527,0.008223631072057591,-0.02442892810055286
EMR,2017-03-02,2017-03-09,market_wide,-2.8501893624747603,-1.0447027953502424,-0.017078754048064138,-0.01807875404806414,-0.00971057844081491,-0.008368175607249229
EMR,2017-03-10,2017-03-17,market_wide,-3.1544550266735243,-1.9812737670585834,0.01814546845119369,0.01714546845119369,0.005254744909251929,0.011890723541941761
EMR,2017-03-21,2017-03-28,market_wide,-3.2193142849789083,-5.436513185020188,0.008141025906497568,0.007141025906497568,0.007940109849937427,-0.0007990839434398591
EMR,2017-04-12,2017-04-20,market_wide,-9.929432978503588,-5.573521831442406,0.012838306248017295,0.011838306248017294,0.010373552330268154,0.0014647539177491398
EMR,2017-05-04,2017-05-11,idiosyncratic,-3.5053643024392582,-0.006673660711572551,0.008049688443097835,0.0070496884430978355,0.0001563699535576113,0.006893318489540224
EMR,2017-05-12,2017-05-19,market_wide,-3.4823839615015166,-1.4736726826919702,0.03412251897759999,0.03312251897759999,-0.0034887447498186397,0.03661126372741863
EMR,2017-06-05,2017-06-12,idiosyncratic,-2.8138029155330244,-0.10384122907949299,0.031826751852065405,0.030826751852065404,0.0007841461669457761,0.030042605685119628
EMR,2017-06-21,2017-06-28,market_wide,-2.618739236969455,-2.353718365151273,0.00716247174796969,0.00616247174796969,0.012522950310957404,-0.006360478562987714
EMR,2017-06-29,2017-07-07,market_wide,-3.05271309444844,-3.983647003970447,0.01867077384593352,0.01767077384593352,-0.002635349716346158,0.020306123562279677
EMR,2017-07-24,2017-07-31,idiosyncratic,-2.0049216621249353,-0.15592674832235945,-0.006996385838765717,-0.007996385838765718,-0.0017148376424673817,-0.006281548196298337
EMR,2017-08-10,2017-08-17,market_wide,-2.6321642688189235,-13.125030658286498,-0.014372522090539741,-0.015372522090539742,0.007207192371785798,-0.02257971446232554
EMR,2017-08-18,2017-08-25,market_wide,-3.7011650965180083,-2.9771997997229644,0.00965529587370173,0.00865529587370173,0.0037825368368775703,0.004872759036824159
EMR,2017-08-29,2017-09-06,market_wide,-2.057102719296794,-1.4424414966864316,0.026735136527292758,0.025735136527292757,0.019007703909421636,0.006727432617871121
EMR,2017-09-29,2017-10-06,idiosyncratic,-2.4404866829802137,1.8296558844738298,0.013685578568473744,0.012685578568473743,0.0056174925020056055,0.007068086066468138
EMR,2017-11-01,2017-11-08,idiosyncratic,-3.4596530307896884,-0.27682192074188783,-0.02419233931803666,-0.02519233931803666,0.01347941344744985,-0.03867175276548651
EMR,2017-11-10,2017-11-17,market_wide,-3.0624885636792323,-1.3128677947646614,-0.020595675726266194,-0.021595675726266195,0.00040689898583079476,-0.02200257471209699
EMR,2017-11-20,2017-11-28,market_wide,-2.3960270671500195,-1.074992410989352,0.0645535888891664,0.0635535888891664,0.016265912935869764,0.04728767595329664
EMR,2018-01-24,2018-01-31,idiosyncratic,-2.518702429779898,-0.0350085399204079,-0.005507370663962896,-0.006507370663962896,-0.005145281857746542,-0.001362088806216354
EMR,2018-02-01,2018-02-08,market_wide,-2.7781302992692414,-2.391087693996857,-0.08514764031720812,-0.08614764031720812,-0.08856422518268203,0.002416584865473914
EMR,2018-02-09,2018-02-16,market_wide,-2.030615975456469,-2.540615426058612,0.06399043582819286,0.06299043582819286,0.04287008757292288,0.020120348255269982
EMR,2018-02-28,2018-03-07,market_wide,-2.1957252099139395,-1.8859426273456639,-0.020686965349221986,-0.021686965349221987,0.007365617720358708,-0.029052583069580695
EMR,2018-03-08,2018-03-15,market_wide,-2.175976980730704,-1.292516616764306,0.010254809631438322,0.009254809631438321,0.003222338946718306,0.006032470684720015
EMR,2018-03-20,2018-03-27,market_wide,-2.107645401265938,-2.8333531301622754,-0.03727873582650243,-0.03827873582650243,-0.046220848385085556,0.007942112558583125
EMR,2018-03-28,2018-04-05,market_wide,-3.2284196075831253,-2.436393869506402,0.016493557772895295,0.015493557772895294,0.020043020207530127,-0.004549462434634832
EMR,2018-04-06,2018-04-13,market_wide,-3.6201646520370327,-2.0742647773200886,0.03182014145799994,0.03082014145799994,0.02623085052853602,0.004589290929463918
EMR,2018-04-26,2018-05-03,market_wide,-3.298463460339257,-1.6179624124447336,-0.0010370908864865136,-0.0020370908864865136,-0.02848254700437436,0.026445456117887844
EMR,2018-05-25,2018-06-04,market_wide,-2.145699851800314,-1.549895827239118,-0.013519367982932295,-0.014519367982932296,0.010887533351182643,-0.02540690133411494
EMR,2018-06-19,2018-06-26,market_wide,-6.584271448628817,-1.9887020574714904,-0.022817237048052386,-0.023817237048052387,-0.01985129165115318,-0.0039659453968992064
EMR,2018-06-27,2018-07-05,market_wide,-2.7755287672067066,-3.6125015877153457,0.009190263489052164,0.008190263489052163,0.013123547538915092,-0.004933284049862929
EMR,2018-07-16,2018-07-23,idiosyncratic,-2.0437072444187003,-0.07190011852948182,-0.020487288204635856,-0.021487288204635857,0.0028925263572090465,-0.024379814561844904
EMR,2018-07-24,2018-07-31,idiosyncratic,-2.4510086759283007,0.48652064341892703,0.04951332949237197,0.04851332949237197,0.014276627244110829,0.03423670224826114
EMR,2018-09-07,2018-09-14,market_wide,-2.8894703497414675,-2.3535627140769,0.023090428605254676,0.022090428605254675,0.011054585699721953,0.011035842905532722
EMR,2018-09-26,2018-10-03,market_wide,-3.9183190783030066,-1.6008086026904516,0.02439621510822687,0.02339621510822687,0.007512602945950464,0.015883612162276406
EMR,2018-10-09,2018-10-16,market_wide,-3.6996603876860674,-2.9553190674797496,-0.031718875743564134,-0.032718875743564135,-0.022876210142348752,-0.009842665601215383
EMR,2018-10-18,2018-10-25,market_wide,-2.061971173720013,-2.066174427130172,-0.07371618908152688,-0.07471618908152688,-0.03556019637412455,-0.03915599270740233
EMR,2018-10-26,2018-11-02,market_wide,-2.8831473050537686,-3.3527799828083293,0.05086805053959487,0.049868050539594866,0.04048004059258603,0.009388009947008835
EMR,2018-11-12,2018-11-19,market_wide,-2.5756557127700135,-1.5620169266397013,0.02912036393860551,0.028120363938605508,-0.0027080938146863964,0.030828457753291905
EMR,2018-11-20,2018-11-28,market_wide,-2.160600091140395,-4.144056452742465,0.01430483468595245,0.013304834685952449,0.03944440927924453,-0.02613957459329208
EMR,2018-12-04,2018-12-12,market_wide,-3.545503543645354,-1.6531929524768052,-0.0696114832710818,-0.0706114832710818,-0.020384538680600306,-0.05022694459048149
EMR,2018-12-13,2018-12-20,market_wide,-2.8953794012237886,-2.467531548930161,-0.06635933682805872,-0.06735933682805872,-0.06726646184885454,-9.287497920418275e-05
EMR,2018-12-21,2018-12-31,market_wide,-2.806987066575297,-3.5685673021063176,0.05064183774439668,0.04964183774439668,0.04203000314831273,0.007611834596083944
EMR,2019-03-04,2019-03-11,market_wide,-2.169150315843967,-1.0397481539048112,-0.00911011233809178,-0.010110112338091781,-0.0008193290636638872,-0.009290783274427894
EMR,2019-03-15,2019-03-22,idiosyncratic,-2.1695850197242215,0.5097023918751341,-0.00698031765328655,-0.00798031765328655,-0.0018638517976110602,-0.00611646585567549
EMR,2019-03-25,2019-04-01,market_wide,-3.6619944047800823,-2.5738406631410387,0.05490389284765529,0.05390389284765529,0.02847119313886104,0.02543269970879425
EMR,2019-04-26,2019-05-03,idiosyncratic,-2.5009627290551486,0.37277107423616623,-0.008644829671564103,-0.009644829671564104,0.009169767373288451,-0.018814597044852555
EMR,2019-05-07,2019-05-14,market_wide,-5.598130283966956,-6.097219321130673,-0.03524334331390688,-0.036243343313906884,-0.013816298420802342,-0.022427044893104542
EMR,2019-05-15,2019-05-22,market_wide,-2.3815638590307295,-2.1508835751026147,-0.005994682899073123,-0.006994682899073123,-0.009370988625315269,0.002376305726242146
EMR,2019-05-23,2019-05-31,market_wide,-4.45998382318606,-2.7436834065560953,-0.03892798948000342,-0.03992798948000342,-0.025351392937975614,-0.014576596542027809
EMR,2019-06-03,2019-06-10,market_wide,-2.592804922836081,-3.2151351506321406,0.06685377160897565,0.06585377160897565,0.05544557562318975,0.010408195985785906
EMR,2019-07-05,2019-07-12,idiosyncratic,-2.555181805960901,-0.12947153605027714,0.004434368368610775,0.003434368368610775,0.009331201253679033,-0.0058968328850682586
EMR,2019-07-18,2019-07-25,market_wide,-2.26540795025484,-1.429676931036595,0.0420362913068526,0.0410362913068526,0.017819318979090948,0.023216972327761654
EMR,2019-07-31,2019-08-07,market_wide,-2.174696576305366,-2.647557955870816,-0.081689200096275,-0.082689200096275,-0.03586404119556352,-0.04682515890071148
EMR,2019-08-08,2019-08-15,market_wide,-2.078430820984975,-1.2806778840186461,-0.06371671213444596,-0.06471671213444596,-0.024739217886729614,-0.03997749424771635
EMR,2019-08-16,2019-08-23,market_wide,-2.0891220802366255,-1.265291678135615,-0.015883742201995066,-0.016883742201995067,-0.0057963685162355505,-0.011087373685759516
EMR,2019-09-24,2019-10-01,market_wide,-5.356946150416858,-4.080476810510208,0.01969031680265454,0.01869031680265454,-0.01512283233484124,0.03381314913749578
EMR,2019-10-02,2019-10-09,market_wide,-3.712743111750328,-5.841458478998098,0.0018898360099890432,0.0008898360099890432,0.008987368030311194,-0.008097532020322151
EMR,2019-12-03,2019-12-10,market_wide,-3.1004115084116823,-3.421266528581822,0.02671792661468375,0.02571792661468375,0.014811945546267635,0.010905981068416115
EMR,2020-01-03,2020-01-10,market_wide,-2.428272915524742,-1.2840841400401626,0.006804756610989671,0.005804756610989671,0.012200379998605904,-0.006395623387616233
EMR,2020-01-15,2020-01-23,idiosyncratic,-2.329730178182423,0.11202311925684862,0.012131407431070995,0.011131407431070994,0.008374727897310974,0.0027566795337600203
EMR,2020-01-24,2020-01-31,market_wide,-2.6923241335025376,-1.3484841174970699,-0.06610173526939533,-0.06710173526939534,-0.04036837055778886,-0.026733364711606478
EMR,2020-02-03,2020-02-10,market_wide,-2.4331659728229984,-2.193765262510293,0.010881206182978165,0.009881206182978164,0.03061280546681644,-0.020731599283838276
EMR,2020-02-18,2020-02-25,idiosyncratic,-3.7774227287182245,-0.2067886150690347,-0.06774906353097387,-0.06874906353097388,-0.07165731464347225,0.0029082511124983723
EMR,2020-02-26,2020-03-04,market_wide,-3.480259587527263,-3.167587192395208,0.0006004739344596111,-0.00039952606554038896,0.013056225033599267,-0.013455751099139657
EMR,2020-03-05,2020-03-12,market_wide,-2.4332124781460913,-2.451398870185943,-0.2865749271866447,-0.2875749271866447,-0.16456257714278721,-0.12301235004385747
EMR,2020-03-13,2020-03-20,market_wide,-2.1582649597148267,-2.2106243573321054,-0.12398156103660274,-0.12498156103660274,-0.11038447048403177,-0.014597090552570968
EMR,2020-03-23,2020-03-30,market_wide,-4.101027180595356,-3.3033331928502148,0.22452719486076433,0.22352719486076433,0.15439379517270546,0.06913339968805887
EMR,2020-05-06,2020-05-13,market_wide,-2.027119258196722,-1.97899214381673,-0.04910219088913237,-0.05010219088913237,-0.015983685203479703,-0.03411850568565267
EMR,2020-05-14,2020-05-21,market_wide,-2.106391670476693,-1.9156577560306798,0.05376554316152915,0.05276554316152915,0.022547609598819962,0.030217933562709187
EMR,2020-06-11,2020-06-18,market_wide,-2.7365855557684564,-3.034098724813358,0.015382104363174776,0.014382104363174775,0.032490347591615176,-0.0181082432284404
EMR,2020-06-19,2020-06-26,market_wide,-2.386990498872062,-1.7531576278939376,-0.03404343269646015,-0.03504343269646015,-0.02880935720350508,-0.006234075492955071
EMR,2020-07-10,2020-07-17,idiosyncratic,-2.90289398219419,0.0996576149928138,0.06290783262254407,0.06190783262254407,0.026452196635798675,0.03545563598674539
EMR,2020-07-28,2020-08-04,market_wide,-2.6983771977247444,-2.4507589189292354,-0.00546038942331617,-0.00646038942331617,0.02523060253726994,-0.03169099196058611
EMR,2020-08-21,2020-08-28,idiosyncratic,-2.2174847861789053,0.46374688669334685,0.04111418788746968,0.04011418788746968,0.043996414092769776,-0.003882226205300099
EMR,2020-09-08,2020-09-15,market_wide,-4.928647051283891,-5.182723431706744,0.009592627497597705,0.008592627497597705,0.02772711125501548,-0.019134483757417775
EMR,2020-09-18,2020-09-25,market_wide,-2.707414202977312,-3.356029931348336,-0.05187888400142315,-0.052878884001423154,-0.02021679799475118,-0.032662086006671975
EMR,2020-10-01,2020-10-08,idiosyncratic,-2.73312609960212,0.48766090112905,0.07194786121902119,0.07094786121902119,0.032977761303692565,0.037970099915328626
EMR,2020-10-21,2020-10-28,market_wide,-2.245374819510292,-2.6399080094517204,-0.06097386180721609,-0.06197386180721609,-0.051768144605608746,-0.010205717201607345
EMR,2020-10-29,2020-11-05,market_wide,-3.350832944222994,-2.860600764081597,0.09357587533702305,0.09257587533702305,0.0659514271081465,0.02662444822887655
EMR,2020-12-01,2020-12-08,idiosyncratic,-3.645037843598606,0.747689637058884,0.07351175701395363,0.07251175701395363,0.017481698974802118,0.05503005803915151
EMR,2020-12-22,2020-12-30,market_wide,-4.590329799169359,-1.4319554348857437,0.006176752899129667,0.005176752899129667,0.00788774497397382,-0.002710992074844153
EMR,2021-01-04,2021-01-11,market_wide,-5.026010881488077,-2.2523480388447723,0.05909506058998937,0.05809506058998937,0.03239574393519229,0.025699316654797077
EMR,2021-01-25,2021-02-01,idiosyncratic,-2.310074529746263,0.0544125200860924,-0.02012605327217276,-0.021126053272172762,-0.014928520310437787,-0.006197532961734975
EMR,2021-02-26,2021-03-05,market_wide,-2.2041372040808507,-3.772517494007027,0.059836739457068244,0.05883673945706824,0.01893940930648741,0.039897330150580834
EMR,2021-03-19,2021-03-26,market_wide,-3.4452826073329947,-1.1972416800382941,0.034806112295705516,0.033806112295705515,0.03130032702081076,0.0025057852748947562
EMR,2021-04-13,2021-04-20,idiosyncratic,-2.3632435998004855,0.18894838407409556,0.0022066138322509588,0.0012066138322509587,0.0002123232451711754,0.0009942905870797833
EMR,2021-04-30,2021-05-07,market_wide,-4.296020755247219,-1.1251640381311454,0.050392314923239034,0.049392314923239033,0.0342572377257806,0.015135077197458435
EMR,2021-05-20,2021-05-27,market_wide,-2.4272727411360857,-1.3950766464214266,0.021511310672857942,0.02051131067285794,0.005674985916993336,0.014836324755864605
EMR,2021-06-17,2021-06-24,market_wide,-8.94522165298626,-1.7878716791663585,0.01414591165392376,0.013145911653923759,0.0075110386437815535,0.005634873010142205
EMR,2021-06-29,2021-07-07,idiosyncratic,-2.079598383915204,0.0640820001010199,0.02513468810235353,0.02413468810235353,0.011928138573722213,0.012206549528631316
EMR,2021-07-19,2021-07-26,market_wide,-5.01219354162236,-5.952430801746607,0.04828891173882566,0.047288911738825656,0.02692367272118079,0.020365239017644865
EMR,2021-08-19,2021-08-26,market_wide,-2.077381440573426,-3.1439141073899255,0.028746696739534894,0.027746696739534893,0.010371769666151831,0.017374927073383062
EMR,2021-09-09,2021-09-16,market_wide,-6.422967403493611,-2.0173648618299005,-0.012989604428311763,-0.013989604428311764,0.0004652363802100101,-0.014454840808521774
EMR,2021-09-17,2021-09-24,market_wide,-3.1807704914219515,-3.276904623749761,-0.0015551220928013976,-0.0025551220928013976,0.011458226064137156,-0.014013348156938554
EMR,2021-09-28,2021-10-05,market_wide,-2.1192349457750326,-2.8177439256948373,-0.0019860578894629333,-0.0029860578894629333,-0.004540587391781314,0.0015545295023183811
EMR,2021-10-11,2021-10-18,market_wide,-2.807490737728447,-1.884509890267533,0.016882556602357823,0.015882556602357822,0.024583751608931115,-0.008701195006573292
EMR,2021-11-03,2021-11-10,idiosyncratic,-4.337110909909527,0.859622292068167,0.023881656327644274,0.022881656327644273,0.009424021036913866,0.013457635290730408
EMR,2021-11-16,2021-11-23,idiosyncratic,-2.8612383521420512,0.14785896135665902,-0.0180853314988092,-0.0190853314988092,-0.007424731345035407,-0.011660600153773792
EMR,2021-11-24,2021-12-02,idiosyncratic,-2.1605715792361377,-0.13775990641450422,-0.04085739282589673,-0.04185739282589673,-0.03573045472212477,-0.006126938103771962
EMR,2021-12-17,2021-12-27,market_wide,-3.150591872696929,-1.6724532307565747,0.016319037096715894,0.015319037096715893,0.022212408251509386,-0.006893371154793493
EMR,2022-01-19,2022-01-26,market_wide,-3.5315636884063446,-4.779684190609187,-0.0457225791230117,-0.0467225791230117,-0.026975102791456318,-0.01974747633155538
EMR,2022-01-27,2022-02-03,market_wide,-2.7227038764436187,-2.9026217980677873,0.06576171391477859,0.06476171391477858,0.03492712303239709,0.029834590882381495
EMR,2022-02-17,2022-02-25,market_wide,-3.9662913780245717,-3.9503945987374314,-0.003970397886723376,-0.004970397886723376,0.005674880272766858,-0.010645278159490235
EMR,2022-03-01,2022-03-08,market_wide,-3.722241774323462,-2.168927321706951,0.046810265073810475,0.045810265073810474,-0.024535872413140924,0.0703461374869514
EMR,2022-04-05,2022-04-12,market_wide,-4.712992109927175,-2.074903955011192,-0.038732412601162225,-0.039732412601162226,-0.010933604554904108,-0.028798808046258118
EMR,2022-04-13,2022-04-21,market_wide,-2.5694201378577386,-2.3490333628614564,0.03643763425119051,0.03543763425119051,0.0034798184296718215,0.03195781582151869
EMR,2022-04-22,2022-04-29,market_wide,-2.166524943264721,-5.348748018839077,-0.03653852557998638,-0.03753852557998638,-0.02237034324235765,-0.015168182337628733
EMR,2022-05-02,2022-05-09,market_wide,-2.4995659798055034,-2.573803783174972,-0.06657074337875402,-0.06757074337875402,-0.02386264672928584,-0.043708096649468176
EMR,2022-05-10,2022-05-17,market_wide,-3.991708813708366,-3.465110105530296,0.039690662868699045,0.038690662868699044,0.02568278054464579,0.013007882324053255
EMR,2022-05-18,2022-05-25,market_wide,-2.566398951859135,-3.314902863342677,0.008018410605387327,0.007018410605387327,0.013424075417908687,-0.00640566481252136
EMR,2022-06-10,2022-06-17,market_wide,-3.0339590976797526,-5.689146674726003,-0.09660004283089985,-0.09760004283089985,-0.05627703632861214,-0.04132300650228771
EMR,2022-06-21,2022-06-28,market_wide,-2.5960911178497925,-2.0185050504693636,0.01620551678309412,0.01520551678309412,0.016249942385352156,-0.0010444256022580367
EMR,2022-06-30,2022-07-08,market_wide,-2.613655334808833,-1.5648296230132008,0.014206329900583015,0.013206329900583014,0.021588532776590785,-0.008382202876007772
EMR,2022-07-11,2022-07-18,market_wide,-2.0608405645846095,-1.2828118124417125,-0.011213597037226908,-0.012213597037226909,-0.0008720580870696937,-0.011341538950157215
EMR,2022-08-22,2022-08-29,market_wide,-3.0238696796149203,-2.4935361414568304,-0.01657958415191474,-0.01757958415191474,-0.02949948926801116,0.011919905116096419
EMR,2022-08-30,2022-09-07,market_wide,-3.5362436459999325,-3.3528552577824726,-0.012962332874036364,-0.013962332874036365,-0.0016126943355703194,-0.012349638538466046
EMR,2022-09-13,2022-09-20,market_wide,-2.05466959170944,-2.8536019228335987,-0.05418831125404089,-0.05518831125404089,-0.0304363890668099,-0.02475192218723099
EMR,2022-09-21,2022-09-28,market_wide,-3.4829171608655236,-3.8528464253548327,-0.01960253672671175,-0.02060253672671175,-0.017234779696835845,-0.0033677570298759063
EMR,2022-09-29,2022-10-06,market_wide,-2.3681861764418577,-2.627727043113713,0.07102442807100329,0.07002442807100329,0.03894336285444955,0.031081065216553738
EMR,2022-11-28,2022-12-05,market_wide,-2.3967857359102007,-2.106153108564847,0.009870658538611465,0.008870658538611464,-0.0068336623884623915,0.015704320927073856
EMR,2022-12-06,2022-12-13,market_wide,-2.935937657646378,-2.756861651068536,0.039427892070766024,0.03842789207076602,0.0223402892485165,0.016087602822249525
EMR,2022-12-15,2022-12-22,market_wide,-2.040504130983334,-3.414275460158742,-0.0017849004947627645,-0.0027849004947627645,-0.014549955710967843,0.011765055216205078
EMR,2022-12-28,2023-01-05,market_wide,-2.2596926037449165,-3.2524920089144342,-0.002624557549599338,-0.003624557549599338,0.018258226396514088,-0.021882783946113427
EMR,2023-01-17,2023-01-24,idiosyncratic,-5.755830570924631,-0.10595463680897724,-0.019290115702289445,-0.020290115702289446,0.003429354581769406,-0.023719470284058852
EMR,2023-01-27,2023-02-03,idiosyncratic,-2.1772515594571695,0.1990956466759009,0.02191647640199279,0.02091647640199279,0.005362606981966556,0.015553869420026234
EMR,2023-02-08,2023-02-15,market_wide,-6.216296942431572,-1.0802677934768135,0.010815274314944556,0.009815274314944555,0.005728246668784243,0.004087027646160313
EMR,2023-02-17,2023-02-27,market_wide,-2.255064064180491,-2.9029527655260825,-0.039091864868041504,-0.040091864868041505,-0.025054843744976907,-0.015037021123064598
EMR,2023-03-09,2023-03-16,market_wide,-2.0100365323108154,-3.959729234856619,-0.018216684890471346,-0.019216684890471347,-0.001701875909790762,-0.017514808980680585
EMR,2023-03-17,2023-03-24,market_wide,-2.893934681116556,-1.8785347296784478,0.025358717385645102,0.0243587173856451,0.015652586469587115,0.008706130916057986
EMR,2023-04-06,2023-04-14,idiosyncratic,-2.2934437858962227,-0.26349667786465025,0.03673464004525262,0.03573464004525262,0.013503408151063878,0.02223123189418874
EMR,2023-04-25,2023-05-02,market_wide,-2.5974354915933633,-4.058077143360386,-0.027212488456575645,-0.028212488456575646,-0.004156432995082504,-0.024056055461493142
EMR,2023-05-04,2023-05-11,market_wide,-2.298846790059771,-2.8559266284618587,-0.002899166809202103,-0.003899166809202103,0.0033557005060176337,-0.0072548673152197365
EMR,2023-05-16,2023-05-23,market_wide,-3.7475487177678963,-1.0859500599288894,-0.0004929773399832138,-0.0014929773399832138,0.006444282260305911,-0.007937259600289126
EMR,2023-05-24,2023-06-01,market_wide,-6.702857869977728,-2.4991221545224267,0.005066530477540798,0.004066530477540798,0.013287143528734058,-0.00922061305119326
EMR,2023-07-28,2023-08-04,idiosyncratic,-3.7062591161622307,0.6702296408198156,0.05034624438186275,0.04934624438186275,-0.023105473884827865,0.07245171826669061
EMR,2023-08-17,2023-08-24,market_wide,-2.1128300982236903,-4.502868956914656,0.00020895049133606847,-0.0007910495086639316,-0.009368375252833294,0.008577325744169362
EMR,2023-09-13,2023-09-20,market_wide,-3.365083594901206,-1.9711614399863082,0.003378403692316123,0.002378403692316123,-0.007948345597786233,0.010326749290102355
EMR,2023-09-21,2023-09-28,market_wide,-4.614330551894168,-6.5435112270213045,0.005389339003051941,0.0043893390030519406,-0.014293709217922945,0.018683048220974885
EMR,2023-09-29,2023-10-06,market_wide,-2.4469827818278764,-2.261327578164911,-0.015843465108880128,-0.01684346510888013,-0.010137949179121586,-0.006705515929758543
EMR,2023-10-18,2023-10-25,market_wide,-3.2612753325149253,-1.3786401949371747,-0.051974322625557456,-0.05297432262555746,-0.028062429742727546,-0.02491189288282991
EMR,2023-10-26,2023-11-02,market_wide,-2.867987690861371,-3.4759067801317913,0.028894002732426483,0.02789400273242648,0.03911666114928347,-0.01122265841685699
EMR,2023-11-07,2023-11-14,idiosyncratic,-4.804869896908662,0.13857328863975873,0.04250078166471205,0.04150078166471205,0.02318689947509145,0.0183138821896206
EMR,2023-12-05,2023-12-12,market_wide,-2.8510691724672625,-1.5297910236723213,0.023656122991206896,0.022656122991206895,0.011254466073649771,0.011401656917557124
EMR,2024-01-03,2024-01-10,market_wide,-3.028064693552132,-3.083647271537395,0.0009505034771994936,-4.949652280050645e-05,0.010421075292066151,-0.010470571814866658
EMR,2024-01-11,2024-01-19,idiosyncratic,-2.4717361944504423,-0.09172803029772511,0.0011602277274775918,0.00016022772747759182,0.009573820526986854,-0.009413592799509263
EMR,2024-01-31,2024-02-07,market_wide,-3.901158938449172,-1.3929051819571225,0.13474301008596234,0.13374301008596234,0.010132755943906613,0.12361025414205573
EMR,2024-04-11,2024-04-18,market_wide,-2.0464961487098985,-1.5237266304616621,-0.03708578788342176,-0.03808578788342176,-0.03870571106992726,0.0006199231865054999
EMR,2024-04-19,2024-04-26,market_wide,-3.1170181629329257,-3.0047782176999713,0.012064795061070166,0.011064795061070165,0.018393609648120757,-0.007328814587050592
EMR,2024-04-30,2024-05-07,market_wide,-4.621714770793392,-1.8016685979831315,-0.0035256481231333847,-0.004525648123133385,0.012010986128602186,-0.01653663425173557
EMR,2024-05-23,2024-05-31,market_wide,-3.243835771526211,-1.1904328081326414,-0.002933564789506682,-0.003933564789506682,-0.002509151980811475,-0.001424412808695207
EMR,2024-06-03,2024-06-10,market_wide,-4.59001007655297,-1.3438729256674256,-0.002751449557266583,-0.003751449557266583,0.01615630260046763,-0.019907752157734215
EMR,2024-06-11,2024-06-18,idiosyncratic,-2.129189676699752,0.2919031656227871,0.009943227813484778,0.008943227813484778,0.015031760545904271,-0.006088532732419494
EMR,2024-07-24,2024-07-31,market_wide,-2.121778522443253,-4.904498869072357,0.026560225560845918,0.025560225560845917,0.022656778432220914,0.002903447128625003
EMR,2024-08-01,2024-08-08,market_wide,-3.5691987593861745,-2.021649674384644,-0.0749844331263072,-0.0759844331263072,-0.024873746419387,-0.051110686706920205
EMR,2024-08-09,2024-08-16,market_wide,-2.2602088115396395,-1.4757154897761016,-0.0007563381411174186,-0.0017563381411174186,0.02917534293874513,-0.03093168107986255
EMR,2024-08-20,2024-08-27,idiosyncratic,-2.0708416369997362,-0.06573272684898411,0.007176065569135748,0.006176065569135748,0.01595698979347926,-0.009780924224343512
EMR,2024-09-03,2024-09-10,market_wide,-5.271871830323051,-5.290706641481491,-0.028621869046217774,-0.029621869046217775,-0.0015443792286818914,-0.028077489817535883
EMR,2024-09-11,2024-09-18,market_wide,-2.1919412482311476,-1.2659998294113672,0.03773415866290053,0.03673415866290053,0.021097831705406467,0.015636326957494062
EMR,2024-10-23,2024-10-30,market_wide,-4.021006878836261,-2.2019549138798493,0.004699986551757185,0.003699986551757185,-0.006126864450260006,0.00982685100201719
EMR,2024-10-31,2024-11-07,market_wide,-2.3804689274952224,-7.226445857534267,0.17474827079562805,0.17374827079562805,0.05144228030858411,0.12230599048704394
EMR,2024-12-10,2024-12-17,market_wide,-4.357152009464809,-1.4089435781331543,-0.008284765733229005,-0.009284765733229006,-0.014952141076635006,0.005667375343406
EMR,2024-12-18,2024-12-26,market_wide,-6.644487694224125,-11.988406310409376,0.03276690881667954,0.03176690881667954,0.015415493568964989,0.01635141524771455
EMR,2024-12-30,2025-01-07,market_wide,-2.0694226793334467,-2.1875699562397295,-0.028810535341761145,-0.029810535341761146,0.011117630872415463,-0.04092816621417661
EMR,2025-01-08,2025-01-16,market_wide,-3.2373823741197496,-2.0159985241186615,0.024854460431377845,0.023854460431377844,0.019501273391823615,0.004353187039554229
EMR,2025-02-04,2025-02-11,market_wide,-3.5949374982873494,-2.128161587727494,-0.00610855127734844,-0.00710855127734844,-0.006818705540940773,-0.000289845736407667
EMR,2025-02-12,2025-02-20,market_wide,-3.0189351401390105,-1.1273826116627736,0.006248238719881227,0.005248238719881227,0.027571150574226433,-0.022322911854345207
EMR,2025-02-21,2025-02-28,market_wide,-4.285689301903351,-3.3035691311345063,-0.0019695262119749923,-0.0029695262119749924,0.005511074308517605,-0.008480600520492598
EMR,2025-03-03,2025-03-10,market_wide,-3.7252763400169617,-3.0551980238635887,-0.04557482446109895,-0.04657482446109895,-0.029317676400949177,-0.017257148060149774
EMR,2025-03-11,2025-03-18,market_wide,-3.580135965846276,-3.5297485921662366,0.010205973484413544,0.009205973484413543,0.01109264725302439,-0.001886673768610847
EMR,2025-03-19,2025-03-26,market_wide,-2.0977541705525407,-1.6352883183258455,0.010677073791520275,0.009677073791520274,-0.0042413136535888185,0.013918387445109093
EMR,2025-03-28,2025-04-04,market_wide,-4.949615553726352,-3.845937905989737,-0.1295103447318494,-0.13051034473184941,-0.10053346745268033,-0.02997687727916909
EMR,2025-04-07,2025-04-14,market_wide,-2.8433118723936377,-3.3570530751774275,0.04197165536104963,0.04097165536104963,0.04475201184079314,-0.0037803564797435074
EMR,2025-04-16,2025-04-24,market_wide,-2.556510909149831,-1.8091096803810731,0.06465986160476667,0.06365986160476667,0.04671053857048135,0.016949323034285313
EMR,2025-08-01,2025-08-08,market_wide,-3.5582929949117195,-4.433720592994128,-0.06376051270919236,-0.06476051270919236,0.02424067561864751,-0.08900118832783988
EMR,2025-08-11,2025-08-18,idiosyncratic,-2.8136920429868284,-0.27362763166457565,0.0029559202475761825,0.0019559202475761825,0.017366492210278306,-0.015410571962702124
EMR,2025-08-20,2025-08-27,market_wide,-3.471291792058298,-1.4013538983163774,0.01955842745402747,0.01855842745402747,0.005799687744633353,0.012758739709394118
EMR,2025-09-02,2025-09-09,market_wide,-2.288996928262028,-2.102189614649733,0.00509957555638918,0.00409957555638918,0.0014346211827869215,0.0026649543736022583
EMR,2025-09-16,2025-09-23,idiosyncratic,-3.6953755904052086,-0.1410087281223057,0.0188328396003965,0.0178328396003965,0.011492024955508828,0.006340814644887671
EMR,2025-09-24,2025-10-01,market_wide,-2.2314578791568116,-1.2107546719473652,-0.005533598509649074,-0.006533598509649074,0.0008188991431414827,-0.007352497652790556
EMR,2025-10-10,2025-10-17,market_wide,-4.260109782365775,-5.68383549640935,0.025950336092821935,0.024950336092821934,0.029858841524197155,-0.004908505431375221
EMR,2025-11-05,2025-11-12,market_wide,-2.4095764299117115,-1.48382400629982,-7.54737469543798e-05,-0.0010754737469543798,0.017589478977577455,-0.018664952724531836
EMR,2025-11-13,2025-11-20,market_wide,-2.771543925043835,-2.2661534353958466,-0.03271962298458231,-0.03371962298458231,-0.044375119510128624,0.010655496525546315
EMR,2025-12-16,2025-12-23,market_wide,-2.716579687658009,-3.827728244920167,0.010440679464131852,0.009440679464131851,0.017483969253651033,-0.008043289789519181
EMR,2025-12-31,2026-01-08,market_wide,-2.11241511341615,-1.163495691076809,0.08386080640681115,0.08286080640681115,0.04239050452464066,0.04047030188217049
EMR,2026-02-05,2026-02-12,market_wide,-2.0928568742587905,-5.450334571471267,-0.039485855663357605,-0.040485855663357606,0.020471722106875756,-0.06095757777023336
EMR,2026-02-13,2026-02-23,market_wide,-2.2962463104793103,-2.394374451838342,-0.01768725146176986,-0.01868725146176986,-0.01534753368095687,-0.0033397177808129896
EMR,2026-02-25,2026-03-04,idiosyncratic,-2.6839949520122035,0.250350906780956,-0.021759669039531748,-0.02275966903953175,-0.011580205894965445,-0.011179463144566304
EMR,2026-03-05,2026-03-12,market_wide,-3.8287762809488335,-3.209947358134913,-0.0705949584279022,-0.0715949584279022,-0.017740121895366445,-0.053854836532535755
EMR,2026-03-13,2026-03-20,market_wide,-3.3132226292758067,-3.7560792406331256,-0.030928669748046533,-0.031928669748046534,-0.02199522137993648,-0.009933448368110054
EMR,2026-03-23,2026-03-30,market_wide,-2.417493874711533,-2.3600670473275884,-0.050296436697338076,-0.05129643669733808,-0.01961548158014914,-0.031680955117188936
EMR,2026-04-24,2026-05-01,idiosyncratic,-2.4661880545406802,0.2540421840443879,-0.027591170590501868,-0.02859117059050187,0.0202846028081749,-0.04887577339867677
EMR,2026-05-05,2026-05-12,idiosyncratic,-2.1311997809517997,0.6208804458127078,-0.007949152617687028,-0.008949152617687028,0.02390647748024377,-0.0328556300979308
EMR,2026-05-13,2026-05-20,idiosyncratic,-2.873023700559674,0.301913472588084,-0.031671235652664276,-0.03267123565266428,-0.002945282366788149,-0.029725953285876128
EMR,2026-06-05,2026-06-12,market_wide,-2.078185850230237,-3.9556234038199216,0.03583854012054655,0.034838540120546546,0.011190798940857505,0.02364774117968904
EMR,2026-06-24,2026-07-01,market_wide,-2.08703223144774,-2.3048103418256725,-0.01357467777676391,-0.014574677776763911,-0.005105033768944667,-0.009469644007819245
EMR,2026-07-06,2026-07-13,idiosyncratic,-2.3170833947844813,0.6697025131686772,-0.04365633706542993,-0.04465633706542993,-0.003888580137386022,-0.04076775692804391
EMR,2026-07-15,2026-07-22,idiosyncratic,-2.8469307220527518,-0.041213764318671096,0.024807337280473574,0.023807337280473573,0.01589567245315049,0.007911664827323084
EMR,2026-08-18,2026-08-25,market_wide,-2.1104460687596855,-3.674945447267015,-0.017872937553854995,-0.018872937553854996,0.012994579068207557,-0.03186751662206255
EMR,2026-08-28,2026-09-04,market_wide,-2.9935116054127486,-1.6309418452520636,-0.015208051700925318,-0.01620805170092532,0.001336541381494749,-0.017544593082420068
EMR,2026-09-09,2026-09-16,market_wide,-2.2476165046204613,-3.214575621398862,-0.029998633874512515,-0.030998633874512516,-0.017210665927911872,-0.013787967946600643
UPS,2015-07-24,2015-07-31,market_wide,-5.888213170320993,-2.944076718473155,0.08031706600613098,0.07931706600613098,0.021551102566563785,0.05776596343956719
UPS,2015-08-20,2015-08-27,market_wide,-3.658078471086571,-6.9592080157018135,-0.018802441243877976,-0.019802441243877977,-0.016630950881944995,-0.0031714903619329826
UPS,2015-09-01,2015-09-09,market_wide,-2.730947823968054,-2.485066512955967,0.019432724337312024,0.018432724337312023,0.01407459436125058,0.004358129976061442
UPS,2015-09-24,2015-10-01,market_wide,-2.0975811949336842,-3.2967746108669687,0.011077112730314642,0.010077112730314641,-0.0024944886111490927,0.012571601341463734
UPS,2015-10-28,2015-11-04,idiosyncratic,-2.9960860999930903,0.553548742336947,0.013348934805035517,0.012348934805035516,0.0062811754906784145,0.006067759314357102
UPS,2015-11-09,2015-11-16,market_wide,-2.035958130162751,-1.9131256941829888,-0.0014091271911018666,-0.0024091271911018666,-0.011899418867736267,0.0094902916766344
UPS,2015-12-02,2015-12-09,market_wide,-2.3210767485401624,-1.6058999144870285,-0.027492257465360326,-0.028492257465360327,-0.022784354955392994,-0.005707902509967333
UPS,2015-12-10,2015-12-17,market_wide,-3.1588968099985695,-2.724569062013171,-0.004479755825265275,-0.005479755825265275,-0.011171707937400743,0.005691952112135469
UPS,2015-12-18,2015-12-28,market_wide,-2.8708052551979644,-3.472261107188532,-0.010204379129562957,-0.011204379129562958,0.02602710781694073,-0.03723148694650369
UPS,2015-12-29,2016-01-06,idiosyncratic,-2.231774666088148,0.27551429728508364,-0.03376960039198129,-0.03476960039198129,-0.038539745423418426,0.003770145031437133
UPS,2016-01-07,2016-01-14,market_wide,-4.455633789839638,-4.912746050628841,-0.01565860075003478,-0.01665860075003478,-0.012960491534779517,-0.003698109215255263
UPS,2016-01-15,2016-01-25,market_wide,-3.0544180098757323,-3.1614033375681836,-0.006886449239266845,-0.007886449239266846,-0.012631693689158174,0.004745244449891328
UPS,2016-04-05,2016-04-12,market_wide,-5.177294339853796,-2.0147098910471146,0.012605991656935878,0.011605991656935877,0.005581260446343439,0.006024731210592438
UPS,2016-04-28,2016-05-05,market_wide,-2.9561717117443567,-3.618730925190679,-0.026403639104290888,-0.02740363910429089,-0.02994472563862749,0.0025410865343366007
UPS,2016-05-06,2016-05-13,market_wide,-3.3067703116473712,-2.192832516430353,-0.006637800855452736,-0.007637800855452736,-0.009475802021161939,0.001838001165709203
UPS,2016-05-16,2016-05-23,market_wide,-2.215128490219125,-1.351331449944964,-0.005509171258758494,-0.006509171258758494,-0.00440041879736941,-0.0021087524613890843
UPS,2016-06-24,2016-07-01,market_wide,-2.1559510728193527,-5.882218467048972,0.03783167981144775,0.03683167981144775,0.024393842233515928,0.01243783757793182
UPS,2016-07-27,2016-08-03,market_wide,-5.749895997807193,-1.0808253238378807,-0.004687592033022159,-0.005687592033022159,-0.008921849966845308,0.003234257933823149
UPS,2016-08-04,2016-08-11,market_wide,-2.3416838053650038,-1.6622521647198232,0.02837530491062834,0.02737530491062834,0.01459872757188796,0.01277657733874038
UPS,2016-08-23,2016-08-30,idiosyncratic,-2.084702786650742,-0.284323274062029,-0.0005480023282637969,-0.001548002328263797,-0.006409540086788734,0.004861537758524937
UPS,2016-08-31,2016-09-08,market_wide,-2.3787112109011814,-3.001064157562087,-0.0025638357779812493,-0.0035638357779812493,-0.0032733864493442733,-0.00029044932863697605
UPS,2016-09-09,2016-09-16,market_wide,-8.359795037135015,-8.791225783241764,-0.007154154726594308,-0.00815415472659431,0.0028143179048794043,-0.010968472631473714
UPS,2016-09-19,2016-09-26,market_wide,-2.0667557151463485,-1.8151344527190296,0.01605656702614744,0.015056567026147438,-0.0014661964818907247,0.016522763508038163
UPS,2016-10-04,2016-10-11,market_wide,-2.6057517147760203,-2.189239366465673,0.0016583591304921708,0.0006583591304921707,-0.018590868194333643,0.019249227324825813
UPS,2016-10-13,2016-10-20,market_wide,-3.0019132860960185,-3.3191144338030383,-0.008310509149588419,-0.00931050914958842,0.011098694700354184,-0.020409203849942603
UPS,2016-10-21,2016-10-28,market_wide,-3.8974893953378444,-2.0136706612582014,0.0050391631873920595,0.0040391631873920595,-0.005250027398902457,0.009289190586294516
UPS,2016-11-01,2016-11-08,market_wide,-3.989123297654368,-5.187922154744433,0.04857751647356112,0.04757751647356112,0.011472015220848952,0.03610550125271217
UPS,2016-12-22,2016-12-30,market_wide,-2.3906513509242298,-1.3118365927375089,-0.014273830829312772,-0.015273830829312773,-0.013872847686473566,-0.0014009831428392072
UPS,2017-01-03,2017-01-10,market_wide,-2.7784087204063512,-1.2729285172759353,-0.010079668400630792,-0.011079668400630793,0.004502931671207522,-0.015582600071838315
UPS,2017-01-11,2017-01-19,idiosyncratic,-3.4606189176779374,-0.08996351199661927,0.0007881237991054224,-0.00021187620089457761,-0.012190639488858901,0.011978763287964322
UPS,2017-01-31,2017-02-07,market_wide,-6.326977319666104,-1.4905895369503452,-0.0315218319239422,-0.0325218319239422,0.007668230896712425,-0.040190062820654626
UPS,2017-02-09,2017-02-16,idiosyncratic,-2.1384461655769287,1.5850776276701584,0.014865645255653703,0.013865645255653702,0.019890730938270318,-0.0060250856826166155
UPS,2017-02-22,2017-03-01,idiosyncratic,-2.1604579412730134,-0.08005960902570793,0.011834946925428413,0.010834946925428413,0.008223631072057591,0.0026113158533708214
UPS,2017-03-02,2017-03-09,market_wide,-2.3101596380692744,-1.0447027953502424,-0.0004721413059112223,-0.0014721413059112223,-0.00971057844081491,0.008238437134903687
UPS,2017-03-22,2017-03-29,market_wide,-2.008218762897786,-3.072988839493807,-0.00459987179626109,-0.00559987179626109,0.006843754258453849,-0.01244362605471494
UPS,2017-04-07,2017-04-17,market_wide,-2.9531955645787984,-1.3137354168391489,-0.0011432043720431828,-0.002143204372043183,-0.0077469377179448795,0.005603733345901697
UPS,2017-04-18,2017-04-25,market_wide,-2.381213624668868,-1.7572094905581708,0.03131613710778858,0.030316137107788577,0.022833338017480997,0.007482799090307579
UPS,2017-05-08,2017-05-15,idiosyncratic,-2.1448533081646097,-0.06345436951960964,-0.012945369335704116,-0.013945369335704116,0.001615365331719909,-0.015560734667424025
UPS,2017-05-17,2017-05-24,market_wide,-3.5667909348434264,-7.704482343536438,0.017984092518366968,0.016984092518366967,0.019503653524052256,-0.002519561005685289
UPS,2017-07-06,2017-07-13,market_wide,-2.758333317625178,-3.7089227492041235,0.017575882201148252,0.01657588220114825,0.016526044879127566,4.9837322020684915e-05
UPS,2017-07-27,2017-08-03,idiosyncratic,-9.161217137393225,-0.22658629561058682,0.03460430658839475,0.03360430658839475,0.004044866807677794,0.029559439780716956
UPS,2017-10-05,2017-10-12,idiosyncratic,-2.3618556532162525,0.9337756811160507,0.011590420696364845,0.010590420696364844,-0.0006574647816365298,0.011247885478001374
UPS,2017-10-13,2017-10-20,idiosyncratic,-2.1314240660243904,-0.05627379981769846,0.011828055293138684,0.010828055293138683,0.01295831817107529,-0.002130262877936606
UPS,2017-10-30,2017-11-06,market_wide,-2.8580664742688717,-1.1764866491188333,-0.03531197575000289,-0.03631197575000289,0.007175764780154248,-0.04348774053015714
UPS,2017-11-07,2017-11-14,idiosyncratic,-3.3595752023817824,-0.159128790238917,0.00849055183071501,0.00749055183071501,0.005635181690524904,0.0018553701401901055
UPS,2017-11-15,2017-11-22,market_wide,-2.3633436343647034,-4.93150654129651,0.0077951137076135435,0.0067951137076135435,0.019220709683339665,-0.012425595975726123
UPS,2017-12-11,2017-12-18,idiosyncratic,-2.0757684491922404,0.5388853690420013,0.0064380007659428085,0.0054380007659428084,0.007505122209973125,-0.0020671214440303167
UPS,2018-01-25,2018-02-01,idiosyncratic,-2.1632280558183163,0.0032082283576448578,-0.08972501537057975,-0.09072501537057975,-0.013403235281749915,-0.07732178008882984
UPS,2018-02-02,2018-02-09,market_wide,-4.002134734925987,-6.381825786134794,-0.08654601048003763,-0.08754601048003763,-0.052427261115022494,-0.035118749365015134
UPS,2018-02-12,2018-02-20,market_wide,-2.863883778148545,-1.9740452953279226,-0.0067044100575335275,-0.0077044100575335275,0.02077618272788473,-0.028480592785418257
UPS,2018-02-23,2018-03-02,idiosyncratic,-2.2887864425399775,0.31250303992369943,-0.0022723790679120004,-0.0032723790679120004,-0.0066536483929682255,0.003381269325056225
UPS,2018-03-05,2018-03-12,market_wide,-2.0671697365773225,-1.8787639609854603,0.02929790268093857,0.02829790268093857,0.02379558211989763,0.00450232056104094
UPS,2018-03-20,2018-03-27,market_wide,-3.708008061423414,-2.8333531301622754,-0.05424433412922813,-0.055244334129228134,-0.046220848385085556,-0.009023485744142579
UPS,2018-03-28,2018-04-05,market_wide,-2.511813905427605,-2.436393869506402,0.04382540414968794,0.04282540414968794,0.020043020207530127,0.022782383942157813
UPS,2018-05-25,2018-06-04,market_wide,-2.341798376889524,-1.549895827239118,0.012815048982895538,0.011815048982895537,0.010887533351182643,0.0009275156317128941
UPS,2018-06-15,2018-06-22,idiosyncratic,-2.790498860137789,-0.29210734162212443,-0.026290884110096613,-0.027290884110096614,-0.016310363655749116,-0.010980520454347498
UPS,2018-06-25,2018-07-02,market_wide,-4.511745054252089,-5.613012022699986,-0.03920132199255899,-0.04020132199255899,-0.003307123785966204,-0.03689419820659279
UPS,2018-07-03,2018-07-11,market_wide,-2.560815385370758,-2.233965971475407,0.01484498166102477,0.013844981661024769,0.02693529900612157,-0.013090317345096802
UPS,2018-08-10,2018-08-17,market_wide,-2.0060919025468436,-1.1540869325068495,0.028943819613321153,0.027943819613321152,0.00862048895793821,0.019323330655382942
UPS,2018-09-11,2018-09-18,market_wide,-2.2533996630141813,-2.0120435414083833,-0.03924612565088981,-0.04024612565088981,0.010082138835008303,-0.05032826448589811
UPS,2018-09-19,2018-09-26,idiosyncratic,-2.727258825450579,0.2556867115884022,-0.01310771664339383,-0.01410771664339383,0.0024139936879696844,-0.016521710331363515
UPS,2018-09-27,2018-10-04,market_wide,-2.8073800791711845,-1.235712902942895,0.0049684403658734055,0.0039684403658734055,-0.004544280105737486,0.00851272047161089
UPS,2018-10-10,2018-10-17,market_wide,-3.2463547695593205,-7.928501069998802,0.011658831174315765,0.010658831174315764,0.005123424914347474,0.00553540625996829
UPS,2018-10-18,2018-10-25,market_wide,-2.7732562537976224,-2.066174427130172,-0.060228110816311076,-0.06122811081631108,-0.03556019637412455,-0.025667914442186524
UPS,2018-10-26,2018-11-02,market_wide,-3.5204879966753384,-3.3527799828083293,0.006457190018260839,0.005457190018260839,0.04048004059258603,-0.03502285057432519
UPS,2018-11-06,2018-11-13,idiosyncratic,-2.1661243246547355,0.4050653388862946,0.0069030174557269675,0.0059030174557269674,-0.013384977849539403,0.01928799530526637
UPS,2018-11-20,2018-11-28,market_wide,-2.0161202809693735,-4.144056452742465,0.046447385557153664,0.04544738555715366,0.03944440927924453,0.006002976277909133
UPS,2018-12-04,2018-12-12,market_wide,-3.2825043810140158,-1.6531929524768052,-0.05207465510980691,-0.05307465510980691,-0.020384538680600306,-0.032690116429206606
UPS,2018-12-13,2018-12-20,market_wide,-2.76813047283918,-2.467531548930161,-0.06787059441334797,-0.06887059441334797,-0.06726646184885454,-0.0016041325644934323
UPS,2018-12-21,2018-12-31,market_wide,-2.9030179797421343,-3.5685673021063176,0.04310185083737461,0.04210185083737461,0.04203000314831273,7.184768906187688e-05
UPS,2019-03-04,2019-03-11,market_wide,-2.048996684130399,-1.0397481539048112,-0.01493499196402781,-0.01593499196402781,-0.0008193290636638872,-0.015115662900363924
UPS,2019-03-22,2019-03-29,market_wide,-2.560972152561429,-1.6974519139180888,0.040894711590471644,0.03989471159047164,0.010099095607179365,0.02979561598329228
UPS,2019-04-26,2019-05-03,idiosyncratic,-3.730520626336266,0.37277107423616623,0.02597394139222997,0.02497394139222997,0.009169767373288451,0.01580417401894152
UPS,2019-05-07,2019-05-14,market_wide,-3.2407482053127508,-6.097219321130673,-0.02282292104619077,-0.02382292104619077,-0.013816298420802342,-0.010006622625388428
UPS,2019-05-16,2019-05-23,market_wide,-2.145126396024677,-1.5406304688994734,-0.04165405984797388,-0.04265405984797388,-0.02165929303627767,-0.02099476681169621
UPS,2019-05-24,2019-06-03,market_wide,-3.564445321125704,-2.275293568857665,-0.017944507506325147,-0.018944507506325148,-0.019168571577498184,0.00022406407117303573
UPS,2019-06-24,2019-07-01,idiosyncratic,-3.457671075693838,-0.27926880548360167,0.032591357541123855,0.031591357541123855,0.02233987323233233,0.009251484308791524
UPS,2019-07-17,2019-07-24,market_wide,-2.0868345806472486,-1.9903909905914814,0.11894762687543348,0.11794762687543348,0.02613416814457814,0.09181345873085534
UPS,2019-08-07,2019-08-14,market_wide,-2.3348912394104286,-2.2084215715738984,-0.01187067788004259,-0.012870677880042591,-0.011351554687083487,-0.0015191231929591043
UPS,2019-08-15,2019-08-22,market_wide,-3.1591884106385097,-2.5874077445703856,0.020187536961255637,0.019187536961255636,0.04124872198408047,-0.022061185022824836
UPS,2019-08-23,2019-08-30,market_wide,-4.5995222058096505,-2.35714612883441,0.0663193235966224,0.0653193235966224,0.03523025229494725,0.030089071301675152
UPS,2019-09-19,2019-09-26,idiosyncratic,-4.099151110783509,-0.14312838282799506,-0.005624423703322279,-0.006624423703322279,-0.008556289946673568,0.0019318662433512887
UPS,2019-09-27,2019-10-04,market_wide,-2.0680220895245527,-3.282758832836386,-0.012273971198450084,-0.013273971198450085,-0.004367482656925659,-0.008906488541524427
UPS,2019-10-07,2019-10-14,market_wide,-2.6470891020530325,-1.5630865822166304,0.0025960031217893142,0.0015960031217893142,0.0144600754278017,-0.012864072306012386
UPS,2019-10-23,2019-10-30,idiosyncratic,-2.343773443979488,-0.03851967435812911,0.015023838627060027,0.014023838627060026,0.016052287715903057,-0.0020284490888430318
UPS,2019-11-19,2019-11-26,idiosyncratic,-3.141187119090636,-0.05331748758801904,0.005475500415618395,0.004475500415618395,0.00986534622105939,-0.005389845805440995
UPS,2019-11-27,2019-12-05,idiosyncratic,-2.284829244609283,0.8862352207999022,-0.04054415777696385,-0.04154415777696385,-0.015423241930311193,-0.02612091584665266
UPS,2019-12-20,2019-12-30,idiosyncratic,-2.78698244516408,0.5125338752106475,-0.008177254546617885,-0.009177254546617886,-0.006782715209977197,-0.0023945393366406886
UPS,2020-01-02,2020-01-09,idiosyncratic,-3.120126073701297,1.094272975087849,0.0011987159346564802,0.00019871593465648017,0.0071667688120506945,-0.006968052877394214
UPS,2020-01-13,2020-01-21,idiosyncratic,-2.5440192243573954,0.7345807320473029,0.0054818829034477545,0.0044818829034477545,0.006408710921880223,-0.0019268280184324684
UPS,2020-01-24,2020-01-31,market_wide,-2.3113774638508273,-1.3484841174970699,-0.11263534513662421,-0.11363534513662421,-0.04036837055778886,-0.07326697457883535
UPS,2020-02-03,2020-02-10,market_wide,-3.4414147738134764,-2.193765262510293,0.01019275025677624,0.009192750256776239,0.03061280546681644,-0.0214200552100402
UPS,2020-02-11,2020-02-19,idiosyncratic,-2.1619716961454993,0.13317474111461877,0.01802225074385322,0.017022250743853218,0.006292579597156678,0.01072967114669654
UPS,2020-02-21,2020-02-28,market_wide,-2.8174709554943966,-2.522202113299901,-0.112233999805743,-0.113233999805743,-0.11001629544762448,-0.0032177043581185227
UPS,2020-03-02,2020-03-09,market_wide,-2.0112660991165647,-1.7405714083508597,-0.060054168519297346,-0.06105416851929735,-0.09756520079601361,0.03651103227671626
UPS,2020-03-11,2020-03-18,market_wide,-3.2349590490022146,-3.3324420576564813,0.1280827178635202,0.1270827178635202,-0.08627648550751088,0.2133592033710311
UPS,2020-04-01,2020-04-08,market_wide,-3.5399793454650337,-1.1614136307214746,0.09293034446861248,0.09193034446861248,0.11346411481648477,-0.021533770347872294
UPS,2020-04-29,2020-05-06,idiosyncratic,-3.1997109996988944,1.3798895906559845,-0.03308707800599908,-0.03408707800599908,-0.0443690695893445,0.010281991583345418
UPS,2020-05-07,2020-05-14,market_wide,-2.450982406078231,-1.3663852121952693,-0.012280437907726038,-0.01328043790772604,-0.00849962931148851,-0.004780808596237529
UPS,2020-05-15,2020-05-22,market_wide,-2.829589930503384,-1.6622574399227579,0.0736506652889819,0.0726506652889819,0.028959137168009796,0.0436915281209721
UPS,2020-06-11,2020-06-18,market_wide,-2.5515123815814937,-3.034098724813358,0.07076757606142259,0.06976757606142259,0.032490347591615176,0.03727722846980741
UPS,2020-09-03,2020-09-11,market_wide,-3.18297912166094,-2.053117455310048,0.005378975796672902,0.004378975796672902,-0.01802982906883721,0.022408804865510112
UPS,2020-09-16,2020-09-23,market_wide,-2.1936352980240934,-2.318044106488908,0.010508457789506931,0.00950845778950693,-0.03791089730383812,0.04741935509334505
UPS,2020-10-21,2020-10-28,market_wide,-3.3989198328346455,-2.6399080094517204,-0.09813006248765455,-0.09913006248765455,-0.051768144605608746,-0.0473619178820458
UPS,2020-10-29,2020-11-05,market_wide,-2.4015206656883548,-2.860600764081597,0.013634063585652223,0.012634063585652222,0.0659514271081465,-0.05331736352249428
UPS,2020-11-20,2020-11-30,market_wide,-2.10087858768796,-1.9925057532984431,0.04463874518231625,0.04363874518231625,0.018077779866279897,0.025560965316036355
UPS,2020-12-04,2020-12-11,idiosyncratic,-2.1192002175554863,0.7534634566018871,0.00687595382699091,0.00587595382699091,-0.010148163804075572,0.01602411763106648
UPS,2020-12-14,2020-12-21,market_wide,-2.475638684416825,-2.3711003044893615,0.03582986797132892,0.03482986797132892,0.004325056500434243,0.030504811470894677
UPS,2020-12-29,2021-01-06,idiosyncratic,-2.0771346390619945,-0.29905153492864145,-0.04726970718986312,-0.04826970718986312,0.02597294235604064,-0.07424264954590376
UPS,2021-01-07,2021-01-14,idiosyncratic,-3.25412370399467,2.1855113710783676,0.02811316789958429,0.02711316789958429,0.008712708359875476,0.018400459539708813
UPS,2021-01-15,2021-01-25,market_wide,-3.3490023346142666,-1.337241295237996,0.017936033979625954,0.016936033979625953,0.005437631029354906,0.011498402950271047
UPS,2021-01-27,2021-02-03,market_wide,-2.6003311117821886,-3.189277166898783,0.013066916373367876,0.012066916373367875,0.022606165260309785,-0.01053924888694191
UPS,2021-02-17,2021-02-24,idiosyncratic,-2.636608205989543,-0.06241468710675033,0.0005187743282246693,-0.00048122567177533073,0.007504820112651522,-0.007986045784426854
UPS,2021-02-25,2021-03-04,market_wide,-5.227072689625311,-5.263398703609781,0.01231703698947495,0.011317036989474949,-0.01865729503833835,0.0299743320278133
UPS,2021-03-17,2021-03-24,idiosyncratic,-2.5378815578568124,0.12249042621710057,-0.0046058878093792055,-0.0056058878093792055,-0.01093973593098041,0.005333848121601204
UPS,2021-04-26,2021-05-03,idiosyncratic,-3.4524383368337515,0.15339470218681234,0.20698471595037593,0.20598471595037593,0.01154801669229455,0.19443669925808138
UPS,2021-05-21,2021-05-28,market_wide,-2.4102165588319853,-1.5471574460216355,0.012885287493868969,0.011885287493868968,0.007956862709658008,0.00392842478421096
UPS,2021-06-02,2021-06-09,idiosyncratic,-3.013549349552882,0.08594740614287802,-0.05120086369243926,-0.05220086369243926,-0.0015094305707779032,-0.050691433121661356
UPS,2021-06-10,2021-06-17,idiosyncratic,-2.948590761900445,0.6931397583618831,-0.02534462400324977,-0.026344624003249772,-0.00874303535739751,-0.017601588645852262
UPS,2021-06-18,2021-06-25,market_wide,-3.027614730497026,-7.10743346147284,0.039641742206795616,0.038641742206795615,0.030209772988179617,0.008431969218615998
UPS,2021-07-16,2021-07-23,market_wide,-2.8177057804216483,-2.616814899364595,0.005081494278785792,0.004081494278785792,0.014346911028513931,-0.01026541674972814
UPS,2021-07-26,2021-08-02,idiosyncratic,-3.7624067243647445,0.2623860309679905,-0.08539028741324373,-0.08639028741324373,-0.004423061447490495,-0.08196722596575323
UPS,2021-08-05,2021-08-12,idiosyncratic,-2.438317196207541,0.35239707614335675,0.016910189339098824,0.015910189339098824,0.0012133206907742888,0.014696868648324535
UPS,2021-08-25,2021-09-01,idiosyncratic,-2.4160244899713343,0.3157640639647121,0.018302403403703593,0.017302403403703592,0.004150771095553507,0.013151632308150085
UPS,2021-09-09,2021-09-16,market_wide,-4.731521050429179,-2.0173648618299005,0.020951346040254393,0.019951346040254392,0.0004652363802100101,0.01948610966004438
UPS,2021-09-17,2021-09-24,market_wide,-2.9800448846391925,-3.276904623749761,-0.010577156239370722,-0.011577156239370723,0.011458226064137156,-0.02303538230350788
UPS,2021-09-28,2021-10-05,market_wide,-2.4810873888125125,-2.8177439256948373,-0.0379633998506137,-0.0389633998506137,-0.004540587391781314,-0.034422812458832386
UPS,2021-10-06,2021-10-13,market_wide,-2.1780249526076756,-1.6098135743807016,0.01859471268614521,0.01759471268614521,0.0030948352920299183,0.01449987739411529
UPS,2021-11-05,2021-11-12,idiosyncratic,-2.236894615412463,0.3557582131658672,0.02386884176994397,0.02286884176994397,0.01074617168507741,0.01212267008486656
UPS,2021-11-18,2021-11-26,idiosyncratic,-3.0587956880771454,0.22925620875478459,-0.005570238868396249,-0.006570238868396249,-0.023968949948562135,0.017398711080165885
UPS,2021-11-29,2021-12-06,market_wide,-3.120021116366004,-1.6448373947045594,-0.012607398849537432,-0.013607398849537433,-0.015836431866724454,0.002229033017187021
UPS,2021-12-20,2021-12-28,market_wide,-3.3098527508488185,-3.5811635013365817,0.060514825964659735,0.059514825964659734,0.034612762741323744,0.02490206322333599
UPS,2022-01-10,2022-01-18,market_wide,-4.159217052119167,-2.6291479136697755,-0.028999108480013858,-0.02999910848001386,-0.016226065989879856,-0.013773042490134002
UPS,2022-01-19,2022-01-26,market_wide,-3.3402794265481073,-4.779684190609187,-0.023360846926039902,-0.024360846926039903,-0.026975102791456318,0.002614255865416415
UPS,2022-01-27,2022-02-03,market_wide,-4.237115033159003,-2.9026217980677873,0.1737928093264136,0.1727928093264136,0.03492712303239709,0.13786568629401652
UPS,2022-02-14,2022-02-22,market_wide,-2.0276780311721194,-3.643045063988991,-0.01636350889429583,-0.01736350889429583,-0.018075510019631813,0.0007120011253359815
UPS,2022-02-23,2022-03-02,market_wide,-3.419056960263473,-4.182224901488207,0.03413529300198337,0.03313529300198337,0.039306238461857435,-0.0061709454598740665
UPS,2022-03-07,2022-03-14,market_wide,-4.424131482776304,-3.644636879073238,0.015508284768897651,0.01450828476889765,-0.006216143604833357,0.020724428373731008
UPS,2022-03-31,2022-04-07,market_wide,-2.7532467537911733,-1.3900445055151496,-0.1014641189487463,-0.1024641189487463,-0.00427481564392751,-0.09818930330481879
UPS,2022-04-08,2022-04-18,market_wide,-2.8150002054454655,-3.043049135361924,-0.01995116473702052,-0.020951164737020522,-0.01434488497804498,-0.006606279758975542
UPS,2022-04-19,2022-04-26,market_wide,-2.626052672328948,-1.8257218135494286,-0.04006517326129866,-0.04106517326129866,-0.048987884755020805,0.007922711493722145
UPS,2022-04-29,2022-05-06,market_wide,-4.571283773148796,-3.178509523302963,-0.00033335359766728523,-0.0013333535976672852,0.0022928639155443964,-0.0036262175132116816
UPS,2022-05-10,2022-05-17,market_wide,-2.140253833611617,-3.465110105530296,0.014842725462507422,0.013842725462507421,0.02568278054464579,-0.011840055082138368
UPS,2022-05-18,2022-05-25,market_wide,-4.895307388537533,-3.314902863342677,0.009464034492379092,0.008464034492379091,0.013424075417908687,-0.004960040925529596
UPS,2022-06-09,2022-06-16,market_wide,-2.63850334493295,-2.7381705342061635,-0.024695495253584387,-0.02569549525358439,-0.07870082524474953,0.05300532999116514
UPS,2022-06-17,2022-06-27,market_wide,-2.7571290375040904,-2.576316026399646,0.06278132863257024,0.06178132863257024,0.05620308454609346,0.00557824408647678
UPS,2022-07-12,2022-07-19,market_wide,-3.2173086208815516,-2.0120872109975023,0.03590328613056393,0.034903286130563926,0.034604525058906876,0.0002987610716570499
UPS,2022-08-24,2022-08-31,market_wide,-2.395797352376598,-2.5406145764875028,-0.042011286998442476,-0.04301128699844248,-0.04618756017512382,0.0031762731766813435
UPS,2022-09-01,2022-09-09,market_wide,-2.2253828650459075,-2.966953480175824,0.010579233714995695,0.009579233714995694,0.02193866253136756,-0.012359428816371865
UPS,2022-09-13,2022-09-20,market_wide,-4.448622726066216,-2.8536019228335987,-0.08837142357871486,-0.08937142357871486,-0.0304363890668099,-0.05893503451190496
UPS,2022-09-21,2022-09-28,market_wide,-2.857685333254999,-3.8528464253548327,-0.03860078205428541,-0.03960078205428541,-0.017234779696835845,-0.022366002357449566
UPS,2022-09-29,2022-10-06,market_wide,-2.567392073451018,-2.627727043113713,0.001693682416814335,0.0006936824168143349,0.03894336285444955,-0.038249680437635214
UPS,2022-10-07,2022-10-14,market_wide,-3.931718937243006,-2.287078223319572,0.015960849894444573,0.014960849894444572,-0.005221012386430801,0.020181862280875373
UPS,2022-11-02,2022-11-09,market_wide,-2.034381721649555,-1.8204880484889494,-0.0034634536729245546,-0.004463453672924555,0.021561765492839946,-0.0260252191657645
UPS,2022-12-05,2022-12-12,market_wide,-2.1462290539183324,-1.5350281320834345,0.007562513520637859,0.006562513520637859,0.005112492924208345,0.001450020596429514
UPS,2022-12-16,2022-12-23,market_wide,-2.502856715690851,-4.311048877732903,-0.006677737722542099,-0.007677737722542099,-0.0021335199459963095,-0.005544217776545789
UPS,2022-12-27,2023-01-04,market_wide,-2.0254296707939794,-2.40810822547722,0.0010175421317160094,1.754213171600936e-05,0.015472148189788149,-0.01545460605807214
UPS,2023-01-05,2023-01-12,market_wide,-2.297187446500277,-2.6984494134190453,0.05240453311988169,0.05140453311988169,0.041833691069081524,0.009570842050800166
UPS,2023-01-19,2023-01-26,market_wide,-2.317539448455287,-1.5498102085785512,0.02015315284274055,0.01915315284274055,0.04065800548801657,-0.021504852645276018
UPS,2023-02-16,2023-02-24,market_wide,-2.6356781463136714,-2.7748932194073137,-0.02055147697373072,-0.02155147697373072,-0.025824962892323944,0.004273485918593223
UPS,2023-03-10,2023-03-17,market_wide,-2.7083537617366145,-4.723577899227167,0.02891919304155044,0.02791919304155044,-0.0013821164392814334,0.029301309480831872
UPS,2023-03-20,2023-03-27,market_wide,-2.1171651396488667,-1.520224954785568,0.020873223312843026,0.019873223312843025,0.00666070408231878,0.013212519230524244
UPS,2023-04-25,2023-05-02,market_wide,-9.544637584839517,-4.058077143360386,0.008792106795439514,0.007792106795439514,-0.004156432995082504,0.011948539790522017
UPS,2023-05-03,2023-05-10,market_wide,-2.126853076496537,-2.1130893781159243,-0.02422803892482217,-0.02522803892482217,-0.006028162355301903,-0.01919987656952027
UPS,2023-05-11,2023-05-18,market_wide,-3.63060199300846,-1.1744444685071997,0.014411822260624652,0.01341182226062465,0.015549081981437007,-0.0021372597208123567
UPS,2023-05-24,2023-06-01,market_wide,-2.407655080172594,-2.4991221545224267,0.0006557848023152069,-0.00034421519768479316,0.013287143528734058,-0.013631358726418852
UPS,2023-06-05,2023-06-12,idiosyncratic,-2.209286876069303,-0.17634505906529965,0.02174545635128511,0.020745456351285108,0.014050695556297343,0.006694760794987764
UPS,2023-06-23,2023-06-30,market_wide,-3.0624704228902786,-1.7808935669387351,0.05883403502782003,0.05783403502782003,0.019904691105497196,0.037929343922322833
UPS,2023-07-25,2023-08-01,idiosyncratic,-2.3243078974254865,0.06040646091072476,0.0043856540979752,0.0033856540979752,-0.0051202370314237244,0.008505891129398924
UPS,2023-08-02,2023-08-09,market_wide,-3.8024482616214534,-3.7911654185072816,-0.021707086285092214,-0.022707086285092215,-0.019635203578654226,-0.0030718827064379894
UPS,2023-08-10,2023-08-17,market_wide,-2.462235160266775,-2.7586605690552566,-0.0448645159838883,-0.0458645159838883,-0.018344004342119136,-0.027520511641769163
UPS,2023-08-18,2023-08-25,market_wide,-2.609683496335071,-3.2652716221691187,-0.013840240370872947,-0.014840240370872948,-0.0023146349939345834,-0.012525605376938365
UPS,2023-08-28,2023-09-05,market_wide,-2.4439000699298354,-1.4476765755526873,-0.028843993535790147,-0.029843993535790148,0.010415801789009027,-0.040259795324799175
UPS,2023-09-07,2023-09-14,market_wide,-3.200841179468053,-1.25370972786991,-0.009307038592393124,-0.010307038592393125,0.01694321554317857,-0.027250254135571694
UPS,2023-09-15,2023-09-22,market_wide,-2.223969292810736,-2.699556147446174,-0.04180958131158985,-0.04280958131158985,-0.02993182703935182,-0.012877754272238029
UPS,2023-09-25,2023-10-02,market_wide,-2.8255169902961996,-2.673117409774277,0.004989926230564823,0.003989926230564823,-0.019146060975624546,0.023135987206189368
UPS,2023-10-03,2023-10-10,market_wide,-2.144653307035991,-3.7842447314921617,0.011707090046835011,0.01070709004683501,0.018240495583536243,-0.007533405536701232
UPS,2023-10-18,2023-10-25,market_wide,-2.776808223074169,-1.3786401949371747,-0.044793051938049167,-0.04579305193804917,-0.028062429742727546,-0.01773062219532162
UPS,2023-10-26,2023-11-02,market_wide,-5.283055247373051,-3.4759067801317913,0.027349599582772832,0.02634959958277283,0.03911666114928347,-0.01276706156651064
UPS,2023-11-13,2023-11-20,idiosyncratic,-2.2475685247332313,-0.04833620199367553,0.08250696345980879,0.08150696345980879,0.045626550035679614,0.035880413424129176
UPS,2023-12-27,2024-01-04,idiosyncratic,-2.263844601215696,0.21776450477692869,0.0009562499657502777,-4.375003424972237e-05,-0.009459522817819366,0.009415772783569643
UPS,2024-01-12,2024-01-22,idiosyncratic,-2.049587293716292,-0.0026988420745654774,0.0018317417143518533,0.0008317417143518533,0.008106722598515859,-0.007274980884164005
UPS,2024-01-24,2024-01-31,idiosyncratic,-2.130182951312617,0.12426029443943407,-0.0937542704462534,-0.0947542704462534,-0.004195726671805677,-0.09055854377444772
UPS,2024-02-02,2024-02-09,idiosyncratic,-2.418594042159374,0.9464591581422528,0.031089037147315146,0.030089037147315145,0.00487951350714555,0.025209523640169595
UPS,2024-02-12,2024-02-20,idiosyncratic,-2.031755508188428,-0.04189968920479205,0.019375512573071685,0.018375512573071684,-0.001604896368601394,0.019980408941673078
UPS,2024-03-19,2024-03-26,idiosyncratic,-2.0477820365713417,0.17470706720978407,-0.06142314552090833,-0.06242314552090833,0.013306355604190356,-0.07572950112509869
UPS,2024-03-27,2024-04-04,idiosyncratic,-2.517768795422458,0.2314580126893671,0.018122568205037437,0.017122568205037436,-0.016217619380635373,0.03334018758567281
UPS,2024-04-10,2024-04-17,market_wide,-2.0667211359324833,-3.087224644894863,-0.03402149615246031,-0.03502149615246031,-0.029127634963963422,-0.005893861188496885
UPS,2024-04-18,2024-04-25,market_wide,-2.5611489578584288,-2.822868494538,0.032576343109081085,0.031576343109081084,0.016704644860277007,0.014871698248804077
UPS,2024-05-06,2024-05-13,idiosyncratic,-2.0083898136926437,1.352618278979162,0.03822488649627909,0.037224886496279086,0.02152759988469799,0.015697286611581096
UPS,2024-05-21,2024-05-29,idiosyncratic,-3.193833434837967,0.2469751512791485,-0.07571156428112347,-0.07671156428112347,-0.028200389895450817,-0.04851117438567265
UPS,2024-05-30,2024-06-06,market_wide,-2.331396263966989,-5.073603551426538,0.0051146990978068185,0.0041146990978068185,0.022818422782799885,-0.018703723684993068
UPS,2024-06-13,2024-06-21,idiosyncratic,-4.30145422263113,0.194438027157332,0.012677100247201256,0.011677100247201255,0.01473777256671327,-0.0030606723195120145
UPS,2024-07-02,2024-07-10,idiosyncratic,-2.5989518335546076,2.0360325692550356,0.005485105930589151,0.004485105930589151,0.00934140191971955,-0.004856295989130398
UPS,2024-07-23,2024-07-30,market_wide,-4.158528841965114,-2.356068675437463,0.010573431376798226,0.009573431376798225,0.004380531717512737,0.005192899659285488
UPS,2024-08-02,2024-08-09,market_wide,-2.4561663300162366,-3.9256804729153907,-0.017491827478952504,-0.018491827478952505,-0.0037021275251042374,-0.014789699953848268
UPS,2024-08-12,2024-08-19,market_wide,-2.3320712028527715,-1.5147512726309658,0.045906140141110274,0.04490614014111027,0.03939103369375796,0.005515106447352314
UPS,2024-08-29,2024-09-06,market_wide,-2.699168897985454,-1.224108828563329,0.004410163298603331,0.003410163298603331,-0.028732986234013658,0.03214314953261699
UPS,2024-09-13,2024-09-20,idiosyncratic,-2.9525182036569158,-0.24584742712671184,0.010688540011577485,0.009688540011577484,0.015797477484318145,-0.006108937472740661
UPS,2024-09-23,2024-09-30,idiosyncratic,-2.3743924473893054,0.05418249871211232,0.059033605897074626,0.058033605897074625,0.02099368026060766,0.037039925636466964
UPS,2024-10-03,2024-10-10,market_wide,-2.235332979833849,-3.3082614894404996,0.016218028850923716,0.015218028850923715,0.02291922893194398,-0.007701200081020265
UPS,2024-10-21,2024-10-28,idiosyncratic,-2.5666472514941976,-0.18109236702703901,0.03053380939421002,0.02953380939421002,-0.008847235711165302,0.03838104510537532
UPS,2024-11-04,2024-11-11,market_wide,-2.1965370131312376,-2.78325410411074,-0.010451019823757735,-0.011451019823757735,0.051996479364208925,-0.06344749918796666
UPS,2024-11-12,2024-11-19,idiosyncratic,-4.721896445116057,-0.1562178543905228,0.036109911382640636,0.035109911382640635,-0.00895862396420466,0.044068535346845294
UPS,2024-11-21,2024-11-29,market_wide,-2.081170665014141,-1.1159663457889155,0.033112653823348825,0.032112653823348825,0.016114567953195547,0.015998085870153278
UPS,2024-12-03,2024-12-10,idiosyncratic,-4.264793478214784,0.051789758312361565,0.003931803179379578,0.0029318031793795782,-0.010153465980726861,0.013085269160106439
UPS,2024-12-13,2024-12-20,market_wide,-2.3453325763090143,-1.7516734882601586,-0.023920295002046954,-0.024920295002046955,-0.030650773135228793,0.005730478133181838
UPS,2025-01-02,2025-01-10,market_wide,-2.5541698604999907,-2.467338775886814,-0.004763032595321515,-0.005763032595321515,0.003036488653238356,-0.008799521248559872
UPS,2025-01-31,2025-02-07,market_wide,-3.620215378609062,-1.4731626122807815,-0.00980472643846464,-0.01080472643846464,-0.024378161027995282,0.013573434589530642
UPS,2025-02-12,2025-02-20,market_wide,-2.954141346195624,-1.1273826116627736,0.035085862358453124,0.03408586235845312,0.027571150574226433,0.00651471178422669
UPS,2025-03-11,2025-03-18,market_wide,-3.2356227270537756,-3.5297485921662366,0.021485135962050705,0.020485135962050705,0.01109264725302439,0.009392488709026314
UPS,2025-03-20,2025-03-27,market_wide,-2.0392342461100763,-1.3919223842031423,-0.051034418819323024,-0.052034418819323025,-0.0047632835384281424,-0.04727113528089488
UPS,2025-03-28,2025-04-04,market_wide,-2.8276131104658204,-3.845937905989737,-0.10897310922911452,-0.10997310922911452,-0.10053346745268033,-0.009439641776434193
UPS,2025-04-07,2025-04-14,market_wide,-3.753691246024225,-3.3570530751774275,0.032545260641853924,0.03154526064185392,0.04475201184079314,-0.013206751198939215
UPS,2025-04-15,2025-04-23,market_wide,-2.368065903506176,-1.1371332766714457,0.0073574028729106455,0.0063574028729106455,0.00524861055069703,0.001108792322213615
UPS,2025-04-30,2025-05-07,idiosyncratic,-2.9807835370081674,0.016270703687861095,-0.014060883489440235,-0.015060883489440235,0.005633973774917367,-0.020694857264357602
UPS,2025-05-23,2025-06-02,market_wide,-2.5358604232057402,-1.7694487558848153,0.020866127574367788,0.019866127574367787,0.01744035548142664,0.0024257720929411475
UPS,2025-06-25,2025-07-02,idiosyncratic,-3.100686958716049,0.08697149425939649,0.06209118860206253,0.06109118860206253,0.03639043560076671,0.024700753001295817
UPS,2025-07-14,2025-07-21,idiosyncratic,-3.289364995754847,-0.2797451787185858,-0.01218542908272402,-0.01318542908272402,-0.01748985871884967,0.004304429636125651
UPS,2025-07-31,2025-08-07,market_wide,-3.169697752467753,-1.3200368961830116,0.003830042454965321,0.002830042454965321,0.0010092320723942283,0.0018208103825710928
UPS,2025-08-08,2025-08-15,idiosyncratic,-2.435308912911037,0.017405798109084915,0.020883880227469565,0.019883880227469564,0.011767008278513735,0.008116871948955828
UPS,2025-09-02,2025-09-09,market_wide,-4.772835237049841,-2.102189614649733,-0.009738421523833751,-0.010738421523833752,0.0014346211827869215,-0.012173042706620674
UPS,2025-09-10,2025-09-17,idiosyncratic,-2.7713690059449374,0.6164703174665829,0.003935625164962042,0.002935625164962042,0.007487671442564459,-0.0045520462776024164
UPS,2025-09-19,2025-09-26,idiosyncratic,-2.4640432365781733,0.6020810083248656,-0.004044665910034828,-0.005044665910034828,-0.014399666523676524,0.009355000613641695
UPS,2025-09-30,2025-10-07,idiosyncratic,-2.282128899298773,-0.2180266675372308,0.02933076338457652,0.02833076338457652,0.011156530321928093,0.017174233062648425
UPS,2025-10-10,2025-10-17,market_wide,-3.321523086600208,-5.68383549640935,0.042717437097017585,0.041717437097017585,0.029858841524197155,0.01185859557282043
UPS,2025-11-20,2025-11-28,market_wide,-3.246589743225405,-3.7371940755908053,0.05414331163277475,0.05314331163277475,0.04947522596131604,0.0036680856714587096
UPS,2025-12-08,2025-12-15,idiosyncratic,-2.178405049430867,-0.24455517486704878,0.04730506263272827,0.04630506263272827,0.007255995945548932,0.039049066687179335
UPS,2025-12-26,2026-01-05,idiosyncratic,-2.192721915600284,-0.010642688127108028,0.014521615421215994,0.013521615421215993,0.011581525763353806,0.0019400896578621873
UPS,2026-01-27,2026-02-03,idiosyncratic,-2.2210946013110546,0.06495407307627295,0.043376926624863366,0.042376926624863365,0.016135986122858936,0.02624094050200443
UPS,2026-02-19,2026-02-26,market_wide,-2.5800879229985103,-1.7098127420244507,0.009433954541566258,0.008433954541566258,0.0008426134714880629,0.007591341070078195
UPS,2026-03-02,2026-03-09,market_wide,-3.0696994772667763,-1.868696056510064,-0.12655122230686522,-0.12755122230686522,-0.030279100795642222,-0.097272121511223
UPS,2026-03-10,2026-03-17,market_wide,-2.540753169031539,-2.6679339527456922,-0.031212749478673252,-0.03221274947867325,0.00036885352588811315,-0.032581603004561366
UPS,2026-03-18,2026-03-25,market_wide,-3.346075639361208,-3.3564155248052976,0.015799365427450862,0.014799365427450861,-0.008141418544752255,0.022940783972203116
UPS,2026-03-27,2026-04-06,market_wide,-4.5921269500290425,-4.695469344409257,0.024894515820340635,0.023894515820340634,0.02499434392772759,-0.0010998281073869576
UPS,2026-05-05,2026-05-12,idiosyncratic,-2.9640320649713843,0.6208804458127078,0.003772797905287062,0.002772797905287062,0.02390647748024377,-0.02113367957495671
UPS,2026-05-13,2026-05-20,idiosyncratic,-2.37178096986423,0.301913472588084,0.021194916294311028,0.020194916294311027,-0.002945282366788149,0.023140198661099176
UPS,2026-06-10,2026-06-17,market_wide,-4.309218873091991,-3.783654187491229,0.01810954859328362,0.01710954859328362,0.02234166941282001,-0.00523212081953639
UPS,2026-06-23,2026-06-30,market_wide,-2.00015981070178,-2.328161063743438,0.015780022581497688,0.014780022581497687,-0.0042253126618212455,0.019005335243318933
UPS,2026-07-27,2026-08-03,market_wide,-2.6480639792362775,-2.804998492656336,-0.053829053895756096,-0.0548290538957561,0.01071918553565343,-0.06554823943140953
UPS,2026-08-06,2026-08-13,idiosyncratic,-2.863009909893819,-0.19572674708266585,0.02267448960692464,0.02167448960692464,0.030930846840897086,-0.009256357233972445
UPS,2026-08-14,2026-08-21,idiosyncratic,-2.4487887901940897,-0.170054521759528,-0.008263644459239439,-0.00926364445923944,0.0039640153195055206,-0.01322765977874496
UPS,2026-09-08,2026-09-15,market_wide,-3.8698719006146582,-2.020110400694813,0.018610619573177667,0.017610619573177666,-0.013974664666982162,0.03158528424015983
MRK,2015-07-24,2015-07-31,market_wide,-3.8681187545264253,-2.944076718473155,0.026998736885647467,0.025998736885647467,0.021551102566563785,0.004447634319083682
MRK,2015-08-11,2015-08-18,market_wide,-2.731189257788373,-2.1455369210613595,0.03289432531088665,0.03189432531088665,0.001450386123491798,0.030443939187394853
MRK,2015-08-20,2015-08-27,market_wide,-3.7655276125915185,-6.9592080157018135,-0.035118823048176595,-0.036118823048176596,-0.016630950881944995,-0.0194878721662316
MRK,2015-08-31,2015-09-08,market_wide,-2.0631980977973225,-1.5752087145854365,-0.021541274878578598,-0.0225412748785786,0.00028938946562040435,-0.022830664344199003
MRK,2015-09-09,2015-09-16,market_wide,-2.4704130823341415,-1.1986214777811546,0.04628862316693727,0.04528862316693727,0.026796905250557446,0.018491717916379824
MRK,2015-09-21,2015-09-28,market_wide,-3.082522906370752,-1.1864382435735807,-0.0502157876720124,-0.0512157876720124,-0.04299238536165839,-0.008223402310354011
MRK,2015-09-29,2015-10-06,market_wide,-2.8492057737938707,-3.3089676019758283,0.023638135041969877,0.022638135041969876,0.056837681125471384,-0.03419954608350151
MRK,2015-11-11,2015-11-18,market_wide,-4.693807552969443,-3.009390623740097,0.009493605168752195,0.008493605168752194,-0.0006150421658128735,0.009108647334565068
MRK,2015-12-03,2015-12-10,market_wide,-4.474948247628147,-7.871238135268209,0.020916548174737537,0.019916548174737536,-0.008991841734002803,0.02890838990874034
MRK,2015-12-11,2015-12-18,market_wide,-3.370664246775524,-4.705110879386308,-0.009779506295914842,-0.010779506295914842,-0.0022694765968576114,-0.008510029699057231
MRK,2015-12-21,2015-12-29,market_wide,-3.146010806647461,-2.24568517007836,0.028340193328533658,0.027340193328533657,0.026892537564177532,0.0004476557643561252
MRK,2016-01-07,2016-01-14,market_wide,-3.517853297334622,-4.912746050628841,-0.0030791101108644803,-0.00407911011086448,-0.012960491534779517,0.008881381423915036
MRK,2016-01-15,2016-01-25,market_wide,-2.5330375134854797,-3.1614033375681836,-0.004301797469262403,-0.005301797469262403,-0.012631693689158174,0.0073298962198957715
MRK,2016-01-27,2016-02-03,market_wide,-3.338273470195518,-2.2433342363063513,-0.0063531643010802386,-0.007353164301080239,0.015158421953082035,-0.022511586254162275
MRK,2016-02-05,2016-02-12,market_wide,-2.297694469309545,-2.809215653669104,-0.007087993361998612,-0.008087993361998613,0.004471492162728907,-0.01255948552472752
MRK,2016-03-16,2016-03-23,idiosyncratic,-2.2377978114118124,0.37748853815489425,0.021948319941427652,0.02094831994142765,0.012739589612442037,0.008208730328985614
MRK,2016-04-28,2016-05-05,market_wide,-4.227671592032819,-3.618730925190679,-0.029601978124192185,-0.030601978124192186,-0.02994472563862749,-0.0006572524855646966
MRK,2016-05-06,2016-05-13,market_wide,-3.7909253491403674,-2.192832516430353,0.005223858887658084,0.004223858887658084,-0.009475802021161939,0.013699660908820022
MRK,2016-06-13,2016-06-20,market_wide,-2.4755746782221353,-4.325226594931983,0.000534823371440396,-0.000465176628559604,0.00796093193252334,-0.008426108561082946
MRK,2016-06-21,2016-06-28,market_wide,-2.4330198138805583,-1.5215085762840772,-0.011910938351950673,-0.012910938351950674,-0.021383116021832294,0.00847217766988162
MRK,2016-07-20,2016-07-27,idiosyncratic,-2.396234985168992,0.26079200044703055,-0.0032320302677477653,-0.004232030267747765,0.0005230450970605816,-0.004755075364808347
MRK,2016-07-28,2016-08-04,market_wide,-2.812278632556009,-1.0716016579344327,-0.0100976004098976,-0.011097600409897601,-0.006380460707418267,-0.004717139702479334
MRK,2016-08-24,2016-08-31,market_wide,-2.9229191109401054,-2.7939213617924072,0.0009565910648992038,-4.340893510079626e-05,-0.003480388204221696,0.0034369792691208998
MRK,2016-09-07,2016-09-14,idiosyncratic,-2.118075292684752,-0.03149977901989039,-0.017021131223847408,-0.01802113122384741,-0.026479295286629068,0.008458164062781659
MRK,2016-09-19,2016-09-26,market_wide,-3.133919716850165,-1.8151344527190296,0.013370123782961096,0.012370123782961095,-0.0014661964818907247,0.01383632026485182
MRK,2016-09-29,2016-10-06,market_wide,-2.399150299505526,-1.7522518539279888,0.012114407057782772,0.011114407057782771,0.0004666839374256604,0.010647723120357111
MRK,2016-10-11,2016-10-18,market_wide,-3.6494030670869626,-4.844541862013216,0.002583448722704107,0.001583448722704107,0.0024655766270729185,-0.0008821279043688115
MRK,2016-10-19,2016-10-26,market_wide,-2.925598080866922,-1.4075208691764596,-0.01616287038267117,-0.01716287038267117,0.011987955032304098,-0.029150825414975268
MRK,2016-10-27,2016-11-03,market_wide,-2.1088599620639545,-2.395804375159128,-0.04666342155935643,-0.047663421559356434,-0.0234036394857029,-0.024259782073653535
MRK,2016-11-04,2016-11-11,market_wide,-2.3845485227205745,-3.1551540497653066,0.0872155690224461,0.08621556902244609,0.04238970977793555,0.043825859244510545
MRK,2016-11-22,2016-11-30,idiosyncratic,-2.522995237302931,0.2529429105982892,-0.008266283921603335,-0.009266283921603335,0.0014459328731599719,-0.010712216794763307
MRK,2016-12-01,2016-12-08,market_wide,-4.131511364487042,-1.6769748805807436,-0.010533141393074152,-0.011533141393074153,0.0289940608668684,-0.04052720225994255
MRK,2016-12-22,2016-12-30,market_wide,-2.751192862639927,-1.3118365927375089,-0.011916675176146252,-0.012916675176146253,-0.013872847686473566,0.0009561725103273133
MRK,2017-01-03,2017-01-10,market_wide,-2.0752461974862824,-1.2729285172759353,-0.0038237705354576823,-0.004823770535457682,0.004502931671207522,-0.009326702206665205
MRK,2017-01-19,2017-01-26,market_wide,-2.25332963091816,-3.9161081602352157,0.014420739877928357,0.013420739877928356,0.005381573235689219,0.008039166642239137
MRK,2017-03-08,2017-03-15,market_wide,-2.1443677803560552,-2.877004694179703,-0.009621760589656136,-0.010621760589656137,0.005232971207013382,-0.01585473179666952
MRK,2017-03-17,2017-03-24,market_wide,-3.0107715576293095,-1.1073711856509205,-0.011267503600434714,-0.012267503600434715,-0.010617098410276027,-0.001650405190158688
MRK,2017-03-27,2017-04-03,market_wide,-3.2220145251132197,-2.6252836243904643,0.004430988871010566,0.003430988871010566,0.004123459392271878,-0.0006924705212613116
MRK,2017-04-07,2017-04-17,market_wide,-2.9591737282707617,-1.3137354168391489,-0.0052276596276142895,-0.0062276596276142895,-0.0077469377179448795,0.00151927809033059
MRK,2017-04-18,2017-04-25,market_wide,-3.322619015848866,-1.7572094905581708,0.00048140727501855274,-0.0005185927249814473,0.022833338017480997,-0.023351930742462446
MRK,2017-05-17,2017-05-24,market_wide,-4.149330328070486,-7.704482343536438,0.030634977308178435,0.029634977308178434,0.019503653524052256,0.010131323784126178
MRK,2017-06-13,2017-06-20,idiosyncratic,-2.5792019814120644,0.39825566221226466,0.019914647675925545,0.018914647675925544,-0.008652447053925316,0.02756709472985086
MRK,2017-07-03,2017-07-11,market_wide,-2.1573793410730446,-2.370437297678583,-0.03002978927883193,-0.031029789278831932,-0.004262700905561356,-0.026767088373270576
MRK,2017-07-12,2017-07-19,idiosyncratic,-2.689580194475613,0.6340702612141284,-0.00254840188576666,-0.00354840188576666,0.011395991343523537,-0.014944393229290198
MRK,2017-07-24,2017-07-31,idiosyncratic,-2.1250733319482906,-0.15592674832235945,0.020936413665248343,0.019936413665248343,-0.0017148376424673817,0.021651251307715724
MRK,2017-08-08,2017-08-15,market_wide,-2.4086425214067315,-1.8879330824534106,0.0028886466522266563,0.0018886466522266563,0.0008149247698097106,0.0010737218824169456
MRK,2017-08-17,2017-08-24,market_wide,-4.192446224136145,-3.436815198869034,0.014068457149731595,0.013068457149731594,-0.001612051812698967,0.01468050896243056
MRK,2017-09-26,2017-10-03,market_wide,-2.935284028941052,-2.1125162053687103,-0.006022119938182691,-0.007022119938182691,0.019866275263690225,-0.026888395201872917
MRK,2017-10-04,2017-10-11,idiosyncratic,-2.0539353804428395,0.22156220823662906,-0.012693707484948802,-0.013693707484948803,0.003229939479952426,-0.01692364696490123
MRK,2017-10-12,2017-10-19,idiosyncratic,-2.868653467215337,-0.2416044324086911,-0.001253319729084823,-0.002253319729084823,0.006406528586238025,-0.008659848315322849
MRK,2017-10-23,2017-10-30,market_wide,-2.5956766699070415,-1.1656594077915459,-0.13706649289529182,-0.13806649289529183,-0.010393781433749139,-0.1276727114615427
MRK,2017-11-01,2017-11-08,idiosyncratic,-2.362919179155521,-0.27682192074188783,0.022406722273719648,0.021406722273719647,0.01347941344744985,0.007927308826269797
MRK,2017-11-10,2017-11-17,market_wide,-2.7876437568594916,-1.3128677947646614,-0.005046873593421819,-0.006046873593421819,0.00040689898583079476,-0.006453772579252614
MRK,2017-11-20,2017-11-28,market_wide,-4.344690194707397,-1.074992410989352,0.015341805162852884,0.014341805162852883,0.016265912935869764,-0.001924107773016881
MRK,2018-01-02,2018-01-09,idiosyncratic,-2.381819565970668,1.1604467015706095,0.010316659152649343,0.009316659152649343,0.02509720929739845,-0.015780550144749106
MRK,2018-01-30,2018-02-06,market_wide,-3.7258469688436042,-1.66859250988676,-0.08557314305824792,-0.08657314305824793,-0.052553358969766095,-0.03401978408848183
MRK,2018-02-07,2018-02-14,market_wide,-2.7486195121891037,-2.5752666398830946,-0.017537402696058524,-0.018537402696058525,0.00272409961115061,-0.021261502307209135
MRK,2018-02-15,2018-02-23,market_wide,-2.215717093699692,-1.2504182123367487,-0.020003487564611566,-0.021003487564611567,0.0037109053883368492,-0.024714392952948416
MRK,2018-02-28,2018-03-07,market_wide,-3.130128146603964,-1.8859426273456639,0.0046106400913437096,0.0036106400913437095,0.007365617720358708,-0.0037549776290149986
MRK,2018-03-08,2018-03-15,market_wide,-2.125160336564726,-1.292516616764306,0.017770930468274937,0.016770930468274936,0.003222338946718306,0.01354859152155663
MRK,2018-03-21,2018-03-28,market_wide,-2.106862821257831,-2.9292341705958003,0.007313856481758529,0.006313856481758529,-0.042817373094042877,0.049131229575801405
MRK,2018-04-02,2018-04-09,market_wide,-3.6585079603738646,-3.026218541379002,0.05425190848377137,0.05325190848377137,0.010445597430587261,0.04280631105318411
MRK,2018-04-30,2018-05-07,market_wide,-2.4318191377819605,-2.40394628816849,-0.02531002967643048,-0.02631002967643048,-0.00340839041744867,-0.02290163925898181
MRK,2018-05-08,2018-05-15,idiosyncratic,-3.1337843763844115,0.0,0.042988014138410025,0.041988014138410024,0.03382016359602136,0.008167850542388666
MRK,2018-05-29,2018-06-05,market_wide,-3.3353926562614786,-5.57572266863802,0.05119904500973327,0.05019904500973327,0.024011943408186465,0.026187101601546803
MRK,2018-06-19,2018-06-26,market_wide,-2.4632030839253103,-1.9887020574714904,-0.005079352515804825,-0.006079352515804825,-0.01985129165115318,0.013771939135348354
MRK,2018-06-27,2018-07-05,market_wide,-4.940166809622492,-3.6125015877153457,0.02939220791703634,0.02839220791703634,0.013123547538915092,0.015268660378121246
MRK,2018-10-10,2018-10-17,market_wide,-3.362083734732489,-7.928501069998802,0.01944613050185806,0.01844613050185806,0.005123424914347474,0.013322705587510586
MRK,2018-11-21,2018-11-29,market_wide,-2.2616039011464966,-3.0652324949074514,0.04171707144495995,0.04071707144495995,0.03629781616295413,0.004419255282005818
MRK,2018-12-14,2018-12-21,market_wide,-2.619027562022445,-3.3739015728327355,-0.04680959102255566,-0.047809591022555664,-0.0650264929008042,0.017216901878248536
MRK,2018-12-24,2019-01-02,market_wide,-3.885761194801794,-3.607127859753687,0.06240337117287864,0.06140337117287864,0.07035963963586633,-0.008956268462987693
MRK,2019-01-10,2019-01-17,idiosyncratic,-2.3693174004795328,0.20066877509277148,0.015037559703033887,0.014037559703033886,0.0015357451875597228,0.012501814515474163
MRK,2019-01-24,2019-01-31,market_wide,-3.4516995306442606,-1.0144815034149823,0.017220177739959208,0.016220177739959207,0.02522879749163498,-0.009008619751675773
MRK,2019-03-07,2019-03-14,market_wide,-2.119534877271094,-5.750336258406778,0.01980058167406029,0.01880058167406029,0.028112253412956534,-0.009311671738896243
MRK,2019-04-04,2019-04-11,idiosyncratic,-3.576265016441341,0.2561453129653364,-0.02455730043945048,-0.02555730043945048,-0.0036752093730150204,-0.02188209106643546
MRK,2019-04-12,2019-04-22,idiosyncratic,-3.00153113554379,0.7261245495581743,-0.0751607107940927,-0.0761607107940927,0.019157982757186387,-0.09531869355127909
MRK,2019-04-23,2019-04-30,idiosyncratic,-2.0017243099137847,2.498099404953122,0.055094030924358606,0.054094030924358605,-0.0010886483753084208,0.055182679299667026
MRK,2019-05-13,2019-05-20,market_wide,-3.03532712221763,-4.449986711310372,0.022158572346553607,0.021158572346553606,-0.0035890418253733403,0.024747614171926946
MRK,2019-05-31,2019-06-07,market_wide,-2.121761720845464,-3.787396004930185,0.04102997464767544,0.04002997464767544,0.05669938899778271,-0.01666941435010727
MRK,2019-07-11,2019-07-18,idiosyncratic,-5.72452190946042,0.16900281265268993,0.020864143024097448,0.019864143024097447,0.003846307122672643,0.016017835901424804
MRK,2019-07-19,2019-07-26,market_wide,-2.1067417280352685,-2.6657459288321643,0.0004914941224700708,-0.0005085058775299292,0.025023603460895494,-0.025532109338425424
MRK,2019-08-14,2019-08-21,market_wide,-2.721794722614855,-3.3374642325498534,0.0420861145701783,0.0410861145701783,0.04236953030618684,-0.0012834157360085419
MRK,2019-09-09,2019-09-16,idiosyncratic,-5.717909326111418,0.03384651278124535,-0.010720766621867495,-0.011720766621867496,0.0012346844927264566,-0.012955451114593952
MRK,2019-09-25,2019-10-02,market_wide,-2.0567692653750917,-1.8725264326023985,-0.017809946490828787,-0.01880994649082879,-0.0387329080741462,0.01992296158331741
MRK,2019-10-03,2019-10-10,market_wide,-2.5361606163247172,-2.796935633521734,0.012327642429800667,0.011327642429800666,0.006633102755176479,0.004694539674624187
MRK,2019-10-22,2019-10-29,idiosyncratic,-7.115452083453711,-0.25736177955503,0.046740634714386387,0.045740634714386386,0.012408800052426061,0.033331834661960325
MRK,2019-11-05,2019-11-12,idiosyncratic,-2.029268965659117,-0.1267699579950757,0.014471393502054175,0.013471393502054174,0.01090786033656821,0.002563533165485965
MRK,2020-01-07,2020-01-14,market_wide,-8.667380339894423,-1.625873108787713,0.008183882745952387,0.007183882745952387,0.013310552482738158,-0.006126669736785772
MRK,2020-01-23,2020-01-30,idiosyncratic,-3.2361210605613167,-0.08714821057829415,-0.023260543245214982,-0.024260543245214983,-0.025696199081328475,0.001435655836113492
MRK,2020-01-31,2020-02-07,market_wide,-2.7625636713973276,-3.5966880765369935,-0.0042134018750331625,-0.005213401875033163,0.03084188954217537,-0.036055291417208535
MRK,2020-02-10,2020-02-18,idiosyncratic,-2.6914494292666014,0.16821557665223505,-0.03735683230457654,-0.03835683230457654,0.003345260537241046,-0.041702092841817584
MRK,2020-02-19,2020-02-26,idiosyncratic,-3.1928077344736416,0.26963675221142414,-0.02512222010082077,-0.02612222010082077,-0.07796603523181111,0.051843815130990345
MRK,2020-02-27,2020-03-05,market_wide,-4.887723020861154,-3.8038781434536606,0.04482569673374548,0.04382569673374548,0.02412693277097744,0.01969876396276804
MRK,2020-03-09,2020-03-16,market_wide,-2.0340181054087987,-5.520981952147033,-0.10717315081607237,-0.10817315081607237,-0.1091069719699822,0.0009338211539098307
MRK,2020-03-17,2020-03-24,market_wide,-2.016723616717126,-2.5052900979148065,-0.07290530385609195,-0.07390530385609195,-0.028048181032577113,-0.04585712282351484
MRK,2020-03-25,2020-04-01,market_wide,-2.825812158780164,-1.6603403362505682,0.08179455657017631,0.08079455657017631,0.0056122705558998565,0.07518228601427646
MRK,2020-04-21,2020-04-28,market_wide,-3.144499384115583,-1.8933436803339232,0.033350139808946855,0.032350139808946854,0.05102889022652546,-0.018678750417578605
MRK,2020-05-01,2020-05-08,market_wide,-3.536148255299902,-1.7443197913224189,-0.01635091965692892,-0.01735091965692892,0.036260303992809995,-0.053611223649738915
MRK,2020-05-11,2020-05-18,idiosyncratic,-2.3307562419017693,-0.19536699203190722,0.023231857725151794,0.022231857725151793,-0.00039828723680668254,0.022630144961958476
MRK,2020-05-20,2020-05-28,idiosyncratic,-2.107175145021362,0.44065673831856833,0.027961993821695286,0.026961993821695285,0.02673149697112076,0.00023049685057452418
MRK,2020-06-11,2020-06-18,market_wide,-4.45829864450403,-3.034098724813358,-0.0067760005501680265,-0.0077760005501680265,0.032490347591615176,-0.040266348141783204
MRK,2020-06-24,2020-07-01,market_wide,-2.957123224739024,-2.6225540166771153,0.029656072189439664,0.028656072189439663,0.019486967962383694,0.009169104227055969
MRK,2020-07-10,2020-07-17,idiosyncratic,-2.0857051270762663,0.0996576149928138,0.04092249946532589,0.03992249946532589,0.026452196635798675,0.013470302829527214
MRK,2020-07-24,2020-07-31,market_wide,-2.7395473108048787,-1.6507634426921651,0.04072612321298985,0.03972612321298985,0.012666593597119524,0.027059529615870326
MRK,2020-09-01,2020-09-09,idiosyncratic,-3.5167484578614356,0.3990656654557241,0.005329735859385787,0.004329735859385787,-0.020075222172675544,0.02440495803206133
MRK,2020-09-10,2020-09-17,market_wide,-3.576202587884095,-3.4463170271929067,0.032222790789763645,0.031222790789763644,0.027149100203818,0.004073690585945644
MRK,2020-09-21,2020-09-28,market_wide,-2.519374597953738,-4.025288781552557,-0.004450809572818071,-0.005450809572818071,0.009370379011758523,-0.014821188584576594
MRK,2020-09-29,2020-10-06,market_wide,-2.9807876287424606,-1.1700198497614078,-0.02771651535826658,-0.02871651535826658,0.007618230055078445,-0.036334745413345026
MRK,2020-10-07,2020-10-14,idiosyncratic,-2.7132404354569695,0.17895347225109492,0.005871847320648271,0.004871847320648271,0.019745475963143466,-0.014873628642495196
MRK,2020-10-19,2020-10-26,market_wide,-4.212676458973576,-1.964660672921002,0.0021607757593640198,0.0011607757593640198,-0.017634511401465214,0.018795287160829233
MRK,2020-10-27,2020-11-03,market_wide,-3.0280537473470748,-3.660234723922188,-0.013719524725360088,-0.01471952472536009,0.005249487021493193,-0.019969011746853282
MRK,2020-11-18,2020-11-25,market_wide,-2.4842463514724558,-1.1295939279741491,-0.002367614725615752,-0.003367614725615752,0.0219005912103043,-0.02526820593592005
MRK,2020-11-27,2020-12-04,idiosyncratic,-3.2838214097293474,0.13180928870787148,0.026045529142853407,0.025045529142853407,0.021471741135292266,0.0035737880075611406
MRK,2020-12-14,2020-12-21,market_wide,-2.615041684959369,-2.3711003044893615,-0.012823245565828367,-0.013823245565828368,0.004325056500434243,-0.01814830206626261
MRK,2020-12-22,2020-12-30,market_wide,-2.423706879984541,-1.4319554348857437,0.014732198072132885,0.013732198072132884,0.00788774497397382,0.005844453098159064
MRK,2021-01-20,2021-01-27,idiosyncratic,-2.3697097085933367,0.8602884467473446,-0.06536523834516916,-0.06636523834516916,-0.036905651601185196,-0.029459586743983968
MRK,2021-01-28,2021-02-04,market_wide,-2.9865554369815994,-1.8126491252037231,-0.02425579562117619,-0.02525579562117619,0.009504341191658883,-0.034760136812835074
MRK,2021-02-05,2021-02-12,idiosyncratic,-2.9522855505009766,0.2970585242141935,-0.010554308779146093,-0.011554308779146094,0.014589743970627289,-0.026144052749773383
MRK,2021-02-16,2021-02-23,idiosyncratic,-3.0077443488244247,-0.06440494879477288,0.0039058778944107697,0.0029058778944107697,-0.007400609540540559,0.010306487434951328
MRK,2021-02-25,2021-03-04,market_wide,-2.149839334139761,-5.263398703609781,-0.032833100297427587,-0.03383310029742759,-0.01865729503833835,-0.015175805259089237
MRK,2021-04-06,2021-04-13,idiosyncratic,-3.721112477231025,-0.042738838367334185,0.008443920169188601,0.007443920169188601,0.007459807284005526,-1.5887114816925084e-05
MRK,2021-04-27,2021-05-04,idiosyncratic,-2.045835265390948,-0.03859619300911787,-0.017709493057465497,-0.0187094930574655,0.007920339289710476,-0.026629832347175975
MRK,2021-05-25,2021-06-02,idiosyncratic,-3.0725264657376385,-0.23871840185319398,-0.021032212617688284,-0.022032212617688285,0.008210098989653636,-0.03024231160734192
MRK,2021-06-07,2021-06-14,idiosyncratic,-2.1162534116410225,-0.2140187005774599,0.04530981116588384,0.04430981116588384,-0.001238273883590102,0.04554808504947394
MRK,2021-07-14,2021-07-21,idiosyncratic,-2.249651124570502,-0.2592249196666166,-0.015846370692863987,-0.016846370692863988,0.001632856490662915,-0.018479227183526903
MRK,2021-08-03,2021-08-10,idiosyncratic,-2.624562475526867,0.04171710730653997,-0.01596630299948243,-0.01696630299948243,-0.004219644627372121,-0.012746658372110309
MRK,2021-08-11,2021-08-18,idiosyncratic,-3.151841451879052,0.5933801635935385,0.03430411271164746,0.03330411271164746,-0.013245067730849103,0.04654918044249656
MRK,2021-08-27,2021-09-03,idiosyncratic,-3.140581237938942,0.4031662175115399,0.01258182080662884,0.01158182080662884,0.0029506563704639888,0.008631164436164851
MRK,2021-09-09,2021-09-16,market_wide,-5.924288236469472,-2.0173648618299005,-0.01632380729496452,-0.01732380729496452,0.0004652363802100101,-0.017789043675174532
MRK,2021-09-17,2021-09-24,market_wide,-2.7800951438653647,-3.276904623749761,0.026925332057514684,0.025925332057514683,0.011458226064137156,0.014467105993377527
MRK,2021-10-14,2021-10-21,idiosyncratic,-2.1805608164666377,1.196782835133996,0.03625704418616582,0.03525704418616582,0.025049181656428887,0.010207862529736933
MRK,2021-11-05,2021-11-12,idiosyncratic,-2.441748938123577,0.3557582131658672,0.02928541572505683,0.02828541572505683,0.01074617168507741,0.017539244039979418
MRK,2021-11-16,2021-11-23,idiosyncratic,-2.067749845069725,0.14785896135665902,-0.01557452120370384,-0.01657452120370384,-0.007424731345035407,-0.009149789858668433
MRK,2021-11-26,2021-12-03,market_wide,-4.381680789856163,-6.27293592851571,-0.07352224394486362,-0.07452224394486362,-0.01429637575626086,-0.06022586818860276
MRK,2021-12-06,2021-12-13,market_wide,-2.4367111455570947,-1.5001022717696069,0.0,-0.001,0.02458518070853355,-0.02558518070853355
MRK,2022-01-21,2022-01-28,market_wide,-2.5027531783305403,-4.096485411984231,0.011502836454607923,0.010502836454607922,0.007376853079809509,0.0031259833747984134
MRK,2022-02-03,2022-02-10,market_wide,-2.656750345548967,-1.2147003225965214,-0.031008467372760307,-0.03200846737276031,-0.010232128776774152,-0.021776338595986156
MRK,2022-02-11,2022-02-18,market_wide,-2.3813460307088694,-3.5713176463205647,-0.003522780000510206,-0.004522780000510206,-0.017310219546465277,0.01278743954595507
MRK,2022-02-22,2022-03-01,market_wide,-3.572056807575955,-3.9325980263668967,0.005135113574064931,0.004135113574064931,0.0014845263727338853,0.002650587201331046
MRK,2022-04-22,2022-04-29,market_wide,-5.118656094109018,-5.348748018839077,0.04846900131136467,0.04746900131136467,-0.02237034324235765,0.06983934455372232
MRK,2022-05-31,2022-06-07,idiosyncratic,-3.006757640556093,-0.27316280962981754,-0.016841892001097203,-0.017841892001097204,0.01054420074093998,-0.028386092742037183
MRK,2022-06-09,2022-06-16,market_wide,-3.8199681682465876,-2.7381705342061635,-0.027445912583462517,-0.028445912583462518,-0.07870082524474953,0.05025491266128701
MRK,2022-06-17,2022-06-27,market_wide,-2.328435098756431,-2.576316026399646,0.11569361994539684,0.11469361994539684,0.05620308454609346,0.05849053539930338
MRK,2022-07-18,2022-07-25,market_wide,-3.270959902329025,-1.8799049364392244,-0.01960143593778807,-0.02060143593778807,0.03782066268227435,-0.058422098620062424
MRK,2022-07-27,2022-08-03,idiosyncratic,-2.016325840520761,0.2975581952807312,-0.0395703284224892,-0.0405703284224892,0.03196410461581034,-0.07253443303829954
MRK,2022-08-04,2022-08-11,idiosyncratic,-3.3393202553023134,-0.034508360902287746,0.024303271221383538,0.023303271221383537,0.011200429488113839,0.012102841733269698
MRK,2022-08-24,2022-08-31,market_wide,-2.1367147318206623,-2.5406145764875028,-0.05166084422264072,-0.052660844222640724,-0.04618756017512382,-0.006473284047516903
MRK,2022-09-01,2022-09-09,market_wide,-2.281807691872163,-2.966953480175824,0.002179987510001924,0.001179987510001924,0.02193866253136756,-0.020758675021365636
MRK,2022-09-13,2022-09-20,market_wide,-2.3781034553512654,-2.8536019228335987,0.004790284561126512,0.003790284561126512,-0.0304363890668099,0.03422667362793641
MRK,2022-09-21,2022-09-28,market_wide,-4.9972011017262385,-3.8528464253548327,0.026617610375385237,0.025617610375385236,-0.017234779696835845,0.04285239007222108
MRK,2022-11-11,2022-11-18,idiosyncratic,-3.5069326650924353,0.51311560046226,0.0640056576719199,0.0630056576719199,-0.00817042222155695,0.07117607989347685
MRK,2022-12-09,2022-12-16,market_wide,-2.064725764061695,-2.4737700978099415,0.010511985555336834,0.009511985555336833,-0.018185562663837973,0.027697548219174806
MRK,2023-01-09,2023-01-17,idiosyncratic,-3.404152359564847,-0.07293748422552261,0.0006340926650327816,-0.0003659073349672184,0.0046426684867317825,-0.005008575821699001
MRK,2023-01-19,2023-01-26,market_wide,-2.854635352080437,-1.5498102085785512,-0.027570316865908384,-0.028570316865908385,0.04065800548801657,-0.06922832235392495
MRK,2023-01-27,2023-02-03,idiosyncratic,-4.302999335864952,0.1990956466759009,-0.02315419561703569,-0.02415419561703569,0.005362606981966556,-0.029516802599002245
MRK,2023-02-06,2023-02-13,market_wide,-2.6373713872918016,-1.1939843545182578,0.05306178757191682,0.05206178757191682,0.005459505696262523,0.046602281875654294
MRK,2023-02-28,2023-03-07,market_wide,-3.757380723309925,-2.539631904329418,0.047345415791094636,0.046345415791094635,0.005959985803856371,0.040385429987238264
MRK,2023-03-13,2023-03-20,market_wide,-3.075201208058243,-3.4747459027676357,0.008095154052205178,0.007095154052205178,0.016298034386871274,-0.009202880334666097
MRK,2023-03-21,2023-03-28,idiosyncratic,-2.88324364135657,0.31907299047290666,-9.465818719855967e-05,-0.0010946581871985597,-0.0054690994847288454,0.004374441297530286
MRK,2023-03-29,2023-04-05,idiosyncratic,-2.0864733668347184,0.7517814285205731,0.06662216181637293,0.06562216181637293,0.011133527824080947,0.05448863399229198
MRK,2023-04-26,2023-05-03,market_wide,-3.56828895095121,-3.6206426616004825,0.04222887570145395,0.04122887570145395,-0.0014371697036932307,0.04266604540514718
MRK,2023-05-16,2023-05-23,market_wide,-3.9959605022150106,-1.0859500599288894,-0.02420764855002011,-0.025207648550020112,0.006444282260305911,-0.03165193081032602
MRK,2023-05-24,2023-06-01,market_wide,-2.743063117363372,-2.4991221545224267,-0.023503742127166882,-0.024503742127166883,0.013287143528734058,-0.03779088565590094
MRK,2023-06-06,2023-06-13,idiosyncratic,-2.7188132882143483,0.020402328302757414,-0.00018185504158252375,-0.0011818550415825238,0.021108424632830802,-0.022290279674413327
MRK,2023-06-14,2023-06-22,idiosyncratic,-2.8443079807529172,0.0972301244469175,0.046567153357272906,0.045567153357272905,-0.003001279654653133,0.04856843301192604
MRK,2023-07-07,2023-07-14,market_wide,-6.098740661320587,-1.2262681408934235,-0.01522955768358003,-0.01622955768358003,0.03355804535030349,-0.04978760303388352
MRK,2023-07-17,2023-07-24,idiosyncratic,-3.0598748377997294,0.33446809205371736,0.030501220646810934,0.029501220646810933,0.019191493354274725,0.010309727292536208
MRK,2023-07-26,2023-08-02,idiosyncratic,-2.141124201197883,0.02317645097903931,-0.013440395806528671,-0.014440395806528672,-0.011118867700359525,-0.003321528106169147
MRK,2023-08-03,2023-08-10,market_wide,-2.7911069325140985,-3.5810994378477408,-0.0015135577340037454,-0.0025135577340037454,-0.008788919976207454,0.006275362242203709
MRK,2023-08-28,2023-09-05,market_wide,-2.2223302117417414,-1.4476765755526873,-0.013035858908488573,-0.014035858908488574,0.010415801789009027,-0.0244516606974976
MRK,2023-09-07,2023-09-14,market_wide,-2.390180212205777,-1.25370972786991,0.00961548659012923,0.008615486590129229,0.01694321554317857,-0.00832772895304934
MRK,2023-09-21,2023-09-28,market_wide,-3.3795711677537006,-6.5435112270213045,-0.022767693172825232,-0.023767693172825233,-0.014293709217922945,-0.009473983954902288
MRK,2023-09-29,2023-10-06,market_wide,-3.5731986344240134,-2.261327578164911,0.009033363000883421,0.00803336300088342,-0.010137949179121586,0.018171312180005006
MRK,2023-10-18,2023-10-25,market_wide,-3.9631301718597904,-1.3786401949371747,0.016079877312089375,0.015079877312089374,-0.028062429742727546,0.04314230705481692
MRK,2023-10-30,2023-11-06,market_wide,-2.079638926872644,-2.3157455133810783,0.01616657753853956,0.01516657753853956,0.045058298607000724,-0.029891721068461163
MRK,2023-11-10,2023-11-17,idiosyncratic,-4.047184990061238,0.33825096318771053,0.0035507320467955683,0.0025507320467955683,0.040953374744376214,-0.03840264269758065
MRK,2023-11-21,2023-11-29,idiosyncratic,-2.145636326177781,-0.13713944402625047,-0.010566492514716086,-0.011566492514716087,0.006652375077002448,-0.018218867591718535
MRK,2024-03-01,2024-03-08,idiosyncratic,-2.5622873147983,1.0559370668205952,-0.02725278104712392,-0.02825278104712392,0.016911404435547617,-0.04516418548267154
MRK,2024-03-11,2024-03-18,market_wide,-2.574821519318474,-1.1225424965130826,-0.0045587562701491224,-0.0055587562701491225,0.004277688266145718,-0.009836444536294842
MRK,2024-04-09,2024-04-16,market_wide,-2.083167526222638,-1.3131446959866322,-0.013021810223773023,-0.014021810223773024,-0.03352070814003871,0.01949889791626569
MRK,2024-04-17,2024-04-24,market_wide,-3.3226217299065652,-3.128414750119402,0.013001521344045752,0.012001521344045751,0.014806581596319424,-0.0028050602522736723
MRK,2024-05-03,2024-05-10,idiosyncratic,-2.0139121232136397,0.28103818051543367,0.019998270356925474,0.018998270356925473,0.02813043153714334,-0.009132161180217868
MRK,2024-05-29,2024-06-05,market_wide,-3.4240945072059956,-2.2242853859109832,0.02819714040946808,0.02719714040946808,0.01638352420857836,0.01081361620088972
MRK,2024-06-17,2024-06-25,idiosyncratic,-3.165573106905815,0.8199465129140643,0.04250984367412114,0.04150984367412114,0.006648363311998473,0.034861480362122665
MRK,2024-06-28,2024-07-08,market_wide,-4.706216674196061,-1.1896143864142423,0.01599343674251985,0.01499343674251985,0.0019274141679181955,0.013066022574601655
MRK,2024-07-09,2024-07-16,idiosyncratic,-2.166225909136127,0.12139718921783131,-0.004760414830388027,-0.005760414830388027,0.03237545991901691,-0.03813587474940494
MRK,2024-07-17,2024-07-24,market_wide,-2.586967963430419,-1.621891948526834,0.00023829784351847572,-0.0007617021564815243,-0.027992409712411903,0.027230707555930378
MRK,2024-07-26,2024-08-02,market_wide,-2.3183940625692263,-2.4068877968615823,-0.08031309287045107,-0.08131309287045108,-0.02959472289146825,-0.051718369978982826
MRK,2024-08-05,2024-08-12,market_wide,-2.5746137094875805,-5.457454484019832,0.010417649142366203,0.009417649142366202,0.01354268881811116,-0.004125039675744957
MRK,2024-09-04,2024-09-11,market_wide,-2.945581400835668,-3.816898063107241,-0.009412801401409765,-0.010412801401409766,0.0013961246712714814,-0.011808926072681247
MRK,2024-09-24,2024-10-01,idiosyncratic,-2.1024616464949264,0.22522143324368193,-0.0019137935676019069,-0.002913793567601907,0.007794228234541567,-0.010708021802143475
MRK,2024-10-02,2024-10-09,market_wide,-3.609649606945052,-1.2787115576988421,-0.016149270611296562,-0.017149270611296563,0.019810427228295957,-0.03695969783959252
MRK,2024-10-11,2024-10-18,idiosyncratic,-2.2132520019682844,0.7141010628009368,-0.009386821339556484,-0.010386821339556485,0.0020807519438117428,-0.012467573283368227
MRK,2024-10-21,2024-10-28,idiosyncratic,-5.5415749411493245,-0.18109236702703901,-0.019842064889597943,-0.020842064889597944,-0.008847235711165302,-0.011994829178432642
MRK,2024-10-29,2024-11-05,market_wide,-3.0162813466912866,-1.2572955802647048,-0.020051916776756773,-0.021051916776756774,0.001277008631824117,-0.02232892540858089
MRK,2024-11-06,2024-11-13,idiosyncratic,-3.3030424588812304,1.9126486362107904,-0.022138340310511317,-0.02313834031051132,-0.0026569816278866343,-0.020481358682624684
MRK,2024-11-15,2024-11-22,market_wide,-4.083003821306122,-1.1183929397704284,0.029799663759636053,0.02879966375963605,0.017695208752894764,0.011104455006741287
MRK,2024-12-10,2024-12-17,market_wide,-2.5172264909522446,-1.4089435781331543,-0.001376626095224931,-0.002376626095224931,-0.014952141076635006,0.012575514981410074
MRK,2024-12-18,2024-12-26,market_wide,-3.5194715989510965,-11.988406310409376,0.015558219363786208,0.014558219363786207,0.015415493568964989,-0.0008572742051787818
MRK,2024-12-30,2025-01-07,market_wide,-3.1770124558882564,-2.1875699562397295,0.02693909607097056,0.025939096070970558,0.011117630872415463,0.014821465198555095
MRK,2025-01-10,2025-01-17,market_wide,-2.616946006266943,-3.525253291581663,-0.013400430869142999,-0.014400430869143,0.03734305494655654,-0.05174348581569954
MRK,2025-01-21,2025-01-28,idiosyncratic,-5.0483921170998745,0.9160715013797307,0.012572760781314418,0.011572760781314417,0.005425761405664531,0.006146999375649886
MRK,2025-02-04,2025-02-11,market_wide,-6.17332073175153,-2.128161587727494,-0.04628608622406005,-0.04728608622406005,-0.006818705540940773,-0.04046738068311928
MRK,2025-02-12,2025-02-20,market_wide,-2.4498947403871174,-1.1273826116627736,0.023462277967484013,0.022462277967484012,0.027571150574226433,-0.005108872606742421
MRK,2025-03-21,2025-03-28,market_wide,-2.517564535963624,-1.5046205997777138,-0.041670986173248714,-0.042670986173248715,-0.013120745728310457,-0.02955024044493826
MRK,2025-04-01,2025-04-08,market_wide,-2.598239881475984,-2.2855537121892175,-0.09377885980794887,-0.09477885980794887,-0.12454856872844233,0.029769708920493465
MRK,2025-04-10,2025-04-17,market_wide,-3.2188988043890716,-1.5406405976225923,0.005802612828468057,0.004802612828468057,0.006092472475228483,-0.0012898596467604264
MRK,2025-04-21,2025-04-28,market_wide,-2.269585782214386,-2.0361110168718723,0.06859347935290305,0.06759347935290305,0.060968170276334055,0.006625309076568997
MRK,2025-05-08,2025-05-15,idiosyncratic,-3.4153339392170037,-0.270215315172235,-0.03670303794065366,-0.03770303794065366,0.03283344568443147,-0.07053648362508513
MRK,2025-05-16,2025-05-23,idiosyncratic,-2.1984401898883843,0.2980043882005484,0.01998420877528284,0.01898420877528284,-0.02760303942582587,0.04658724820110871
MRK,2025-06-26,2025-07-03,idiosyncratic,-2.388335238399565,1.0260658701791567,0.026639628358752887,0.025639628358752886,0.03248281982664447,-0.006843191467891585
MRK,2025-07-17,2025-07-24,idiosyncratic,-2.071139610358125,1.063936746466956,0.03177147822774051,0.030771478227740512,-0.007814410630712643,0.038585888858453155
MRK,2025-07-31,2025-08-07,market_wide,-3.5579767844573262,-1.3200368961830116,0.028801750099010537,0.027801750099010536,0.0010092320723942283,0.026792518026616308
MRK,2025-08-11,2025-08-18,idiosyncratic,-2.319362814803475,-0.27362763166457565,0.05235550624322283,0.051355506243222826,0.017366492210278306,0.03398901403294452
MRK,2025-08-27,2025-09-04,idiosyncratic,-2.350985915214562,0.3909180679287539,-0.00023801487107100172,-0.0012380148710710017,-0.011283734064975959,0.010045719193904956
MRK,2025-09-08,2025-09-15,idiosyncratic,-2.8626130553572455,-0.10474279486271437,-0.026991054541023463,-0.027991054541023463,0.02025335510350157,-0.04824440964452503
MRK,2025-09-16,2025-09-23,idiosyncratic,-3.3206169450999656,-0.1410087281223057,-0.013935010176813867,-0.014935010176813868,0.011492024955508828,-0.026427035132322696
MRK,2025-09-24,2025-10-01,market_wide,-3.590535937443253,-1.2107546719473652,0.1312916600128935,0.1302916600128935,0.0008188991431414827,0.129472760869752
MRK,2025-10-14,2025-10-21,market_wide,-2.754126092072902,-1.8769873150079306,0.034474675953548806,0.033474675953548805,0.026222382917344245,0.00725229303620456
MRK,2025-11-04,2025-11-11,market_wide,-2.606438634986116,-1.7325099345301582,0.08454557560834997,0.08354557560834996,0.019866181122942583,0.06367939448540738
MRK,2025-12-08,2025-12-15,idiosyncratic,-2.6923371870501778,-0.24455517486704878,0.022105884606502757,0.021105884606502756,0.007255995945548932,0.013849888660953824
MRK,2026-01-23,2026-01-30,market_wide,-2.7180214479636535,-1.143960491767206,0.019319611370613332,0.01831961137061333,-0.002910174509959007,0.02122978588057234
MRK,2026-03-03,2026-03-10,market_wide,-2.8871186146787506,-3.939631855083247,-0.02286569902760638,-0.02386569902760638,-0.01986741906159384,-0.003998279966012541
MRK,2026-03-11,2026-03-18,market_wide,-2.7576147387027636,-2.7104186211181513,-0.007416990879426377,-0.008416990879426378,-0.01763973297115362,0.009222742091727243
MRK,2026-03-19,2026-03-26,market_wide,-3.4364177643501437,-3.1455246843084743,0.041418567597605094,0.04041856759760509,-0.01321051209392754,0.05362907969153263
MRK,2026-04-14,2026-04-21,idiosyncratic,-2.167442352031169,0.4991644900815344,-0.06168725771650496,-0.06268725771650496,0.005800723137964203,-0.06848798085446917
MRK,2026-04-22,2026-04-29,idiosyncratic,-3.119640253144788,0.08375149817385823,-0.017184893633366727,-0.018184893633366728,0.007953726897502289,-0.026138620530869017
MRK,2026-04-30,2026-05-07,idiosyncratic,-3.2739238469801735,0.8366573032479239,0.02857671811957463,0.027576718119574628,0.025119343876464528,0.0024573742431100998
MRK,2026-06-17,2026-06-25,market_wide,-2.0276891154506345,-1.5842967815200526,0.08671160435581005,0.08571160435581004,0.00986061217930878,0.07585099217650126
MRK,2026-07-10,2026-07-17,idiosyncratic,-3.340691088067216,0.44958571124438357,0.03205443986916312,0.03105443986916312,8.666727117767614e-05,0.030967772597985443
MRK,2026-08-04,2026-08-11,idiosyncratic,-2.119884593999353,1.791429388881646,0.018906255948806683,0.017906255948806682,-0.0004460919235108607,0.018352347872317543
MRK,2026-09-08,2026-09-15,market_wide,-3.1519396234552026,-2.020110400694813,-0.025739267301401747,-0.026739267301401748,-0.013974664666982162,-0.012764602634419586
CRM,2015-08-03,2015-08-10,market_wide,-2.2990116935105087,-1.60161552338621,-0.016151242804544608,-0.01715124280454461,0.0015185990269090954,-0.018669841831453704
CRM,2015-08-12,2015-08-19,market_wide,-2.354565727153525,-1.8035752288720432,0.014076500531360114,0.013076500531360113,-0.010101156100466135,0.02317765663182625
CRM,2015-08-20,2015-08-27,market_wide,-5.397210574871479,-6.9592080157018135,0.031259174967438685,0.030259174967438685,-0.016630950881944995,0.04689012584938368
CRM,2015-09-01,2015-09-09,market_wide,-2.395154613276704,-2.485066512955967,0.036019567008579445,0.035019567008579444,0.01407459436125058,0.020944972647328863
CRM,2015-09-28,2015-10-05,market_wide,-4.662401557571435,-4.805330547568375,0.09023755883507256,0.08923755883507256,0.06699444427896961,0.02224311455610295
CRM,2015-11-09,2015-11-16,market_wide,-2.1422836384635278,-1.9131256941829888,-0.025057363547120848,-0.02605736354712085,-0.011899418867736267,-0.014157944679384582
CRM,2015-12-07,2015-12-14,market_wide,-2.0526723396672892,-1.767030449725986,-0.04573637621250104,-0.04673637621250104,-0.039937326139574236,-0.006799050072926804
CRM,2015-12-15,2015-12-22,market_wide,-2.746023621113108,-2.0012068101963707,0.006333287509124652,0.005333287509124652,0.003244609013467681,0.0020886784956569713
CRM,2016-01-04,2016-01-11,market_wide,-3.6708836131769345,-2.871066991941105,-0.04601757964019737,-0.04701757964019737,-0.047101082331162836,8.350269096546459e-05
CRM,2016-01-12,2016-01-20,market_wide,-2.134917541461588,-2.3838801396388822,-0.05546613226402686,-0.05646613226402686,-0.04694454268282178,-0.009521589581205081
CRM,2016-01-21,2016-01-28,market_wide,-3.6195132651052004,-3.1695284951718956,-0.054956037630705334,-0.055956037630705335,-0.007477886894844188,-0.04847815073586115
CRM,2016-01-29,2016-02-05,idiosyncratic,-2.4171054289372567,0.9493052904047181,-0.14031714088604652,-0.14131714088604652,-0.012640913434756706,-0.12867622745128982
CRM,2016-02-08,2016-02-16,market_wide,-4.7522764005711835,-3.7393735852273946,0.10490308097364531,0.10390308097364531,0.03410127194973023,0.06980180902391508
CRM,2016-04-28,2016-05-05,market_wide,-3.951052064783141,-3.618730925190679,-0.020827991302021287,-0.021827991302021288,-0.02994472563862749,0.008116734336606202
CRM,2016-05-06,2016-05-13,market_wide,-2.7038064062505396,-2.192832516430353,0.02855204444831183,0.02755204444831183,-0.009475802021161939,0.03702784646947377
CRM,2016-06-09,2016-06-16,idiosyncratic,-2.734493814281874,-0.2869953135686275,-0.013175372714219646,-0.014175372714219647,-0.01598944655852863,0.0018140738443089832
CRM,2016-06-17,2016-06-24,market_wide,-3.750792443705889,-2.678435570558819,-0.025341420922222357,-0.02634142092222236,-0.008486684937538458,-0.0178547359846839
CRM,2016-06-27,2016-07-05,market_wide,-5.754015657600384,-5.930540758939446,0.03417900397715745,0.03317900397715745,0.0352372011452835,-0.0020581971681260525
CRM,2016-07-27,2016-08-03,market_wide,-2.588912006404735,-1.0808253238378807,-0.01337431050174298,-0.014374310501742982,-0.008921849966845308,-0.005452460534897674
CRM,2016-08-04,2016-08-11,market_wide,-2.717603080927782,-1.6622521647198232,0.011420122454967263,0.010420122454967262,0.01459872757188796,-0.004178605116920697
CRM,2016-08-15,2016-08-22,idiosyncratic,-5.552137570677991,0.4078028453875507,-0.021160879013093936,-0.022160879013093937,-0.003448843613493624,-0.018712035399600313
CRM,2016-08-24,2016-08-31,market_wide,-2.0161430550368,-2.7939213617924072,0.020560098711652985,0.019560098711652985,-0.003480388204221696,0.02304048691587468
CRM,2016-09-01,2016-09-09,market_wide,-3.2688630140509596,-2.664520038772374,-0.022526825733899414,-0.023526825733899415,-0.021258326163378083,-0.0022684995705213318
CRM,2016-09-12,2016-09-19,market_wide,-2.290428881282319,-1.6138622027749066,-0.01828912471697053,-0.01928912471697053,-0.010757594165897943,-0.008531530551072586
CRM,2016-09-20,2016-09-27,market_wide,-3.0013071661699104,-1.8850779052490236,-0.039226262343184826,-0.040226262343184827,0.004386307860116068,-0.044612570203300894
CRM,2016-10-03,2016-10-10,market_wide,-2.483919135910235,-1.0580295270532083,0.06494608021325576,0.06394608021325576,-0.006486248353568591,0.07043232856682435
CRM,2016-10-13,2016-10-20,market_wide,-2.605799902691992,-3.3191144338030383,0.027750171836891324,0.026750171836891323,0.011098694700354184,0.01565147713653714
CRM,2016-11-04,2016-11-11,market_wide,-2.3565617470899176,-3.1551540497653066,0.0029579025018127147,0.0019579025018127147,0.04238970977793555,-0.04043180727612283
CRM,2016-11-14,2016-11-21,idiosyncratic,-3.9722011657118355,-0.10345979738351942,0.04659169243832295,0.04559169243832295,0.012465332663498252,0.0331263597748247
CRM,2016-11-23,2016-12-01,idiosyncratic,-2.5054152330909516,0.07887032894279514,-0.07423930224592012,-0.07523930224592013,-0.013646370310194555,-0.06159293193572557
CRM,2016-12-02,2016-12-09,market_wide,-3.637284486986073,-2.0155825052590615,0.04034485674422528,0.039344856744225276,0.033412722605510536,0.00593213413871474
CRM,2016-12-20,2016-12-28,idiosyncratic,-2.404415439135003,-0.015123363368802677,-0.011022061819482176,-0.012022061819482177,-0.009636020132122058,-0.0023860416873601187
CRM,2016-12-29,2017-01-06,market_wide,-3.7913763487066854,-3.1441855508759007,0.06724516418322612,0.06624516418322612,0.013131090052546979,0.053114074130679145
CRM,2017-03-20,2017-03-27,market_wide,-2.013988238500052,-1.491088974435252,-0.015560960255944223,-0.016560960255944224,-0.00826043404689647,-0.008300526209047754
CRM,2017-04-13,2017-04-21,market_wide,-2.0486277412578313,-6.369539078913609,0.007939465225276887,0.006939465225276887,0.01383505738400359,-0.0068955921587267035
CRM,2017-05-19,2017-05-26,market_wide,-2.1565128578982318,-1.336187364099417,0.03924492422759096,0.03824492422759096,0.017476452019652644,0.020768472207938315
CRM,2017-06-13,2017-06-20,idiosyncratic,-2.2466938741909344,0.39825566221226466,-0.0040105563087772245,-0.0050105563087772245,-0.008652447053925316,0.0036418907451480917
CRM,2017-06-29,2017-07-07,market_wide,-2.056985113208109,-3.983647003970447,0.012903252967660483,0.011903252967660483,-0.002635349716346158,0.01453860268400664
CRM,2017-08-02,2017-08-09,idiosyncratic,-2.2490751793426096,0.04061707652703082,0.002558783561058986,0.001558783561058986,-0.0029907221049744193,0.004549505666033405
CRM,2017-08-10,2017-08-17,market_wide,-9.774088809606683,-13.125030658286498,0.03708755815975606,0.03608755815975606,0.007207192371785798,0.028880365787970264
CRM,2017-09-14,2017-09-21,idiosyncratic,-2.9878386755770707,-0.05106657677388835,-0.004616971504594614,-0.005616971504594614,-0.0003610975680095052,-0.005255873936585108
CRM,2017-09-25,2017-10-02,market_wide,-5.470000381325691,-1.8090668808140546,0.015896919117965425,0.014896919117965424,0.01615951893294576,-0.0012625998149803364
CRM,2017-11-27,2017-12-04,idiosyncratic,-2.0309054429423927,-0.10927208836932463,-0.06314510847196442,-0.06414510847196442,0.014322468265806743,-0.07846757673777116
CRM,2017-12-28,2018-01-05,idiosyncratic,-2.6374666369064115,-0.28631869721518866,0.05165876013680859,0.05065876013680859,0.032501309579467286,0.018157450557341304
CRM,2018-02-02,2018-02-09,market_wide,-4.565034623903605,-6.381825786134794,-0.03430212784056097,-0.03530212784056097,-0.052427261115022494,0.017125133274461524
CRM,2018-02-13,2018-02-21,market_wide,-2.0899280916782303,-1.7651485703584702,0.06305125700585767,0.062051257005857674,0.01109499881940712,0.050956258186450554
CRM,2018-03-20,2018-03-27,market_wide,-2.544280181862938,-2.8333531301622754,-0.09039330073847973,-0.09139330073847973,-0.046220848385085556,-0.04517245235339418
CRM,2018-03-28,2018-04-05,market_wide,-2.8870613934899216,-2.436393869506402,0.054571246534534046,0.053571246534534045,0.020043020207530127,0.03352822632700392
CRM,2018-04-24,2018-05-01,market_wide,-3.093226298623945,-3.344689610648844,0.04436720409958639,0.04336720409958639,0.004648442582105838,0.03871876151748055
CRM,2018-05-17,2018-05-24,idiosyncratic,-2.166576582348167,-0.2747476360524841,0.02134074391440377,0.02034074391440377,0.007406023121557359,0.01293472079284641
CRM,2018-06-22,2018-06-29,market_wide,-2.1757683715336618,-2.7766691210032066,0.010295350213175736,0.009295350213175735,-0.01855763206955019,0.027852982282725924
CRM,2018-07-27,2018-08-03,market_wide,-6.614783667019758,-1.610807579844271,-0.019943135385563915,-0.020943135385563916,-0.002412344031821334,-0.01853079135374258
CRM,2018-09-06,2018-09-13,market_wide,-2.2216131515770123,-1.7552373352251662,0.06282313719803079,0.061823137198030786,0.011898249303690989,0.0499248878943398
CRM,2018-10-04,2018-10-11,market_wide,-3.29570479465108,-3.825557992310009,-0.10109762098797337,-0.10209762098797337,-0.062457405017918854,-0.039640215970054515
CRM,2018-10-15,2018-10-22,market_wide,-2.2777536998270413,-2.411664033467028,0.007044916573990534,0.006044916573990534,-0.00151898418376617,0.007563900757756704
CRM,2018-10-23,2018-10-30,market_wide,-2.0947871363172093,-3.22207078586872,-0.06035833289757875,-0.06135833289757875,-0.012849925063107781,-0.04850840783447097
CRM,2018-11-12,2018-11-19,market_wide,-3.0680416198322398,-1.5620169266397013,-0.07272045365718804,-0.07372045365718805,-0.0027080938146863964,-0.07101235984250165
CRM,2018-11-20,2018-11-28,market_wide,-3.469462029216071,-4.144056452742465,0.16549260336900873,0.16449260336900873,0.03944440927924453,0.1250481940897642
CRM,2018-12-14,2018-12-21,market_wide,-2.6428571544425377,-3.3739015728327355,-0.10310849633272645,-0.10410849633272645,-0.0650264929008042,-0.03908200343192225
CRM,2018-12-24,2019-01-02,market_wide,-3.441046275276045,-3.607127859753687,0.11720087256296252,0.11620087256296252,0.07035963963586633,0.04584123292709619
CRM,2019-01-24,2019-01-31,market_wide,-2.8443292552877604,-1.0144815034149823,0.034724525771238746,0.033724525771238745,0.02522879749163498,0.008495728279603765
CRM,2019-03-04,2019-03-11,market_wide,-2.9430136305037564,-1.0397481539048112,-0.005362767235770227,-0.006362767235770227,-0.0008193290636638872,-0.00554343817210634
CRM,2019-03-25,2019-04-01,market_wide,-2.199757627457088,-2.5738406631410387,0.0018648888330430324,0.0008648888330430324,0.02847119313886104,-0.027606304305818008
CRM,2019-04-04,2019-04-11,idiosyncratic,-2.415525787531396,0.2561453129653364,0.013941218691998047,0.012941218691998047,-0.0036752093730150204,0.016616428065013067
CRM,2019-04-16,2019-04-24,idiosyncratic,-2.440023862880607,0.0,0.005482460223280805,0.004482460223280805,0.01892508554738881,-0.014442625324108005
CRM,2019-05-07,2019-05-14,market_wide,-4.45205775456942,-6.097219321130673,0.007456903527747638,0.006456903527747638,-0.013816298420802342,0.02027320194854998
CRM,2019-05-15,2019-05-22,market_wide,-2.470403387795329,-2.1508835751026147,0.01663876757833105,0.015638767578331048,-0.009370988625315269,0.025009756203646316
CRM,2019-05-23,2019-05-31,market_wide,-3.057602232608719,-2.7436834065560953,-0.01496312431751512,-0.01596312431751512,-0.025351392937975614,0.009388268620460494
CRM,2019-06-03,2019-06-10,market_wide,-7.143770435795709,-3.2151351506321406,0.05299758593321169,0.05199758593321169,0.05544557562318975,-0.0034479896899780593
CRM,2019-06-11,2019-06-18,idiosyncratic,-2.3419859136090437,-0.01440985166898044,0.002930437224009319,0.001930437224009319,0.008554903727632679,-0.00662446650362336
CRM,2019-06-25,2019-07-02,market_wide,-2.8878222620374823,-1.2396216941350164,0.032007300436732944,0.031007300436732943,0.029704584185653804,0.001302716251079139
CRM,2019-07-31,2019-08-07,market_wide,-3.8945945657333554,-2.647557955870816,-0.08323613272103236,-0.08423613272103236,-0.03586404119556352,-0.04837209152546884
CRM,2019-08-08,2019-08-15,market_wide,-2.2231967516041182,-1.2806778840186461,-0.011751002397276666,-0.012751002397276667,-0.024739217886729614,0.011988215489452947
CRM,2019-09-06,2019-09-13,idiosyncratic,-2.1261961014022064,0.06044156700024984,0.012643152729560736,0.011643152729560735,0.008178992122974016,0.003464160606586719
CRM,2019-09-24,2019-10-01,market_wide,-2.003736943308878,-4.080476810510208,-0.028674741255520164,-0.029674741255520165,-0.01512283233484124,-0.014551908920678924
CRM,2019-10-02,2019-10-09,market_wide,-4.04402447418432,-5.841458478998098,0.0196230587194115,0.0186230587194115,0.008987368030311194,0.009635690689100307
CRM,2019-10-10,2019-10-17,market_wide,-2.8169974938793114,-1.1789697294666663,-0.0016393381683277308,-0.002639338168327731,0.029147857236283103,-0.031787195404610835
CRM,2019-10-21,2019-10-28,idiosyncratic,-3.3627523793777536,0.19604720633011535,0.07084027017874361,0.06984027017874361,0.004145262469493316,0.0656950077092503
CRM,2019-11-25,2019-12-03,idiosyncratic,-3.654534473025083,1.014565207307444,-0.000865635186983793,-0.001865635186983793,-0.018050476888136213,0.01618484170115242
CRM,2019-12-04,2019-12-11,market_wide,-7.322197599593582,-2.0438569667385784,-0.00025577168743606826,-0.0012557716874360683,0.014601838717820836,-0.015857610405256906
CRM,2020-01-27,2020-02-03,market_wide,-3.1091796671149017,-3.8756448303973103,0.02606365869437144,0.025063658694371438,-0.017240399186635447,0.042304057881006885
CRM,2020-02-24,2020-03-02,market_wide,-3.4004033645567695,-7.995229010332425,-0.04937080038432806,-0.05037080038432806,-0.03722018447532904,-0.01315061590899902
CRM,2020-03-03,2020-03-10,market_wide,-2.8098052620161167,-2.331570388599403,-0.047411086252688195,-0.048411086252688196,-0.02299334434742173,-0.025417741905266467
CRM,2020-03-11,2020-03-18,market_wide,-2.941747845024442,-3.3324420576564813,-0.14446516849863278,-0.14546516849863278,-0.08627648550751088,-0.0591886829911219
CRM,2020-03-19,2020-03-26,market_wide,-2.032188807178626,-2.6961620457517324,0.10949336467879656,0.10849336467879656,0.07104875536612765,0.03744460931266891
CRM,2020-04-01,2020-04-08,market_wide,-2.9441036096282476,-1.1614136307214746,0.12725628994741678,0.12625628994741678,0.11346411481648477,0.012792175130932004
CRM,2020-04-21,2020-04-28,market_wide,-2.0967266336061825,-1.8933436803339232,0.025903236484438263,0.024903236484438263,0.05102889022652546,-0.026125653742087196
CRM,2020-06-02,2020-06-09,idiosyncratic,-3.115577564653082,0.5277402125414457,0.0018941598152160122,0.0008941598152160122,0.052033739632203035,-0.051139579816987024
CRM,2020-06-11,2020-06-18,market_wide,-3.0671064452047827,-3.034098724813358,0.0907293227530721,0.0897293227530721,0.032490347591615176,0.05723897516145693
CRM,2020-07-15,2020-07-22,idiosyncratic,-2.503970198659027,0.8896762495403405,0.017119559713304477,0.016119559713304477,0.00872211157144731,0.007397448141857166
CRM,2020-07-24,2020-07-31,market_wide,-2.6398684504478904,-1.6507634426921651,0.033741757090863356,0.032741757090863355,0.012666593597119524,0.02007516349374383
CRM,2020-08-12,2020-08-19,idiosyncratic,-2.779733057999984,0.450095484627032,0.06484276510219678,0.06384276510219677,-0.002285143844347748,0.06612790894654452
CRM,2020-09-10,2020-09-17,market_wide,-2.55228705450876,-3.4463170271929067,-0.01319617131622286,-0.014196171316222861,0.027149100203818,-0.04134527152004086
CRM,2020-09-18,2020-09-25,market_wide,-3.2586707534522965,-3.356029931348336,-0.00016480089803361242,-0.0011648008980336124,-0.02021679799475118,0.019051997096717566
CRM,2020-10-19,2020-10-26,market_wide,-2.0481214583400202,-1.964660672921002,-0.051096054885369946,-0.05209605488536995,-0.017634511401465214,-0.03446154348390473
CRM,2020-10-27,2020-11-03,market_wide,-2.403774890239369,-3.660234723922188,-0.05261680609140762,-0.05361680609140762,0.005249487021493193,-0.058866293112900814
CRM,2020-11-25,2020-12-03,idiosyncratic,-3.512459529753515,-0.17710803226888522,-0.10473227235940008,-0.10573227235940008,0.00499271328750317,-0.11072498564690325
CRM,2020-12-04,2020-12-11,idiosyncratic,-2.5190909345813295,0.7534634566018871,-0.015230763744087494,-0.016230763744087495,-0.010148163804075572,-0.0060825999400119235
CRM,2020-12-14,2020-12-21,market_wide,-2.757845663319225,-2.3711003044893615,0.023500529779348023,0.022500529779348022,0.004325056500434243,0.01817547327891378
CRM,2020-12-29,2021-01-06,idiosyncratic,-2.7322979472779227,-0.29905153492864145,-0.02836467663677278,-0.02936467663677278,0.02597294235604064,-0.05533761899281342
CRM,2021-01-07,2021-01-14,idiosyncratic,-3.2086480690803585,2.1855113710783676,-0.010918159813895545,-0.011918159813895546,0.008712708359875476,-0.020630868173771022
CRM,2021-01-15,2021-01-25,market_wide,-3.5359543591982523,-1.337241295237996,0.05996054041091359,0.05896054041091359,0.005437631029354906,0.05352290938155868
CRM,2021-02-23,2021-03-02,market_wide,-2.8270452361803953,-3.1668515229753607,-0.09408408488667552,-0.09508408488667552,-0.003316860934753474,-0.09176722395192205
CRM,2021-03-03,2021-03-10,market_wide,-3.1121967920494638,-2.771171758082708,0.028932061084951943,0.027932061084951942,0.024662262524275613,0.003269798560676329
CRM,2021-03-11,2021-03-18,idiosyncratic,-2.022674470481313,0.936819419954575,-0.029960783839321214,-0.030960783839321215,-0.004658101200043285,-0.02630268263927793
CRM,2021-03-24,2021-03-31,market_wide,-3.3113184030926432,-3.199514420936074,0.011167813163311724,0.010167813163311723,0.029913967317477086,-0.019746154154165363
CRM,2021-04-30,2021-05-07,market_wide,-2.438995632705229,-1.1251640381311454,-0.06000345542385077,-0.06100345542385077,0.0342572377257806,-0.09526069314963137
CRM,2021-05-10,2021-05-17,market_wide,-2.584766220812057,-2.1405491245944033,0.005470264799987801,0.004470264799987801,-0.0008675688808048587,0.005337833680792659
CRM,2021-06-25,2021-07-02,idiosyncratic,-2.6735429942147055,0.5364792265039849,0.02617116330275371,0.025171163302753707,0.014977117879344748,0.01019404542340896
CRM,2021-07-09,2021-07-16,idiosyncratic,-2.0691308913666138,0.3286336453295614,-0.027054579862865302,-0.028054579862865303,-0.009820421122012535,-0.01823415874085277
CRM,2021-07-19,2021-07-26,market_wide,-3.0533664352529493,-5.952430801746607,0.04230695789407046,0.04130695789407046,0.02692367272118079,0.01438328517288967
CRM,2021-08-03,2021-08-10,idiosyncratic,-2.363129468773127,0.04171710730653997,0.009372547426365507,0.008372547426365506,-0.004219644627372121,0.012592192053737628
CRM,2021-08-11,2021-08-18,idiosyncratic,-2.2065348153636575,0.5933801635935385,0.03689941597982016,0.03589941597982016,-0.013245067730849103,0.04914448371066926
CRM,2021-09-09,2021-09-16,market_wide,-3.2678815442994016,-2.0173648618299005,-0.001457440101108376,-0.002457440101108376,0.0004652363802100101,-0.002922676481318386
CRM,2021-09-20,2021-09-27,market_wide,-2.0161527430502666,-5.35368219580822,0.08310731153202289,0.08210731153202289,0.023729427657136037,0.05837788387488685
CRM,2021-10-08,2021-10-15,market_wide,-2.7630319900389937,-1.1943813446381575,0.07039049153054644,0.06939049153054644,0.02006685621425075,0.04932363531629569
CRM,2021-11-10,2021-11-17,market_wide,-2.051955835613718,-1.047660326723483,0.027863844242432823,0.02686384424243282,0.004976456935982254,0.021887387306450568
CRM,2021-11-18,2021-11-26,idiosyncratic,-2.2296925505815404,0.22925620875478459,-0.061982320356471,-0.062982320356471,-0.023968949948562135,-0.039013370407908865
CRM,2021-11-30,2021-12-07,market_wide,-2.854258259218275,-4.358138711639389,-0.06306143679799259,-0.06406143679799259,0.02425022664858134,-0.08831166344657393
CRM,2021-12-10,2021-12-17,idiosyncratic,-2.128288209355254,0.18724792207087715,-0.04924255088921248,-0.05024255088921248,-0.01575388623291818,-0.0344886646562943
CRM,2021-12-20,2021-12-28,market_wide,-3.511756259454839,-3.5811635013365817,0.03333194109524529,0.03233194109524529,0.034612762741323744,-0.002280821646078457
CRM,2022-01-04,2022-01-11,idiosyncratic,-3.4867334370997067,-0.020866290244325736,-0.05394198591378041,-0.05494198591378041,-0.0038115225388060114,-0.0511304633749744
CRM,2022-01-13,2022-01-21,market_wide,-2.24393632517922,-2.797988422324653,-0.043738761082315,-0.044738761082315004,-0.050647519791160445,0.005908758708845441
CRM,2022-01-24,2022-01-31,market_wide,-2.676233899452767,-2.866780166693514,0.043043529491329835,0.042043529491329834,0.018717692435221922,0.023325837056107912
CRM,2022-02-03,2022-02-10,market_wide,-2.7017372388442125,-1.2147003225965214,0.02302949830905554,0.02202949830905554,-0.010232128776774152,0.03226162708582969
CRM,2022-02-11,2022-02-18,market_wide,-3.7964328076376836,-3.5713176463205647,-0.05319870558101314,-0.05419870558101314,-0.017310219546465277,-0.03688848603454786
CRM,2022-02-22,2022-03-01,market_wide,-3.27964298744229,-3.9325980263668967,0.07051702727189335,0.06951702727189335,0.0014845263727338853,0.06803250089915946
CRM,2022-03-07,2022-03-14,market_wide,-2.066014891080705,-3.644636879073238,-0.01584867407874302,-0.01684867407874302,-0.006216143604833357,-0.010632530473909663
CRM,2022-03-15,2022-03-22,market_wide,-2.2918773077786527,-1.504696757253512,0.11252166142173126,0.11152166142173126,0.048161448106966764,0.06336021331476449
CRM,2022-03-31,2022-04-07,market_wide,-2.468092018135356,-1.3900445055151496,-0.05727207984093685,-0.05827207984093685,-0.00427481564392751,-0.05399726419700934
CRM,2022-04-08,2022-04-18,market_wide,-3.524441797603547,-3.043049135361924,-0.05152908098985187,-0.05252908098985187,-0.01434488497804498,-0.03818419601180689
CRM,2022-04-19,2022-04-26,market_wide,-2.9075737546126326,-1.8257218135494286,-0.1113434266273231,-0.1123434266273231,-0.048987884755020805,-0.0633555418723023
CRM,2022-04-27,2022-05-04,market_wide,-2.180170950895296,-2.988434364377649,0.061827150541128306,0.060827150541128305,0.03457076997601205,0.026256380565116255
CRM,2022-05-05,2022-05-12,market_wide,-2.5933112699332095,-2.870582407565919,-0.06894931891450495,-0.06994931891450495,-0.03229394275172959,-0.03765537616277537
CRM,2022-05-13,2022-05-20,market_wide,-2.2544141740441566,-2.3011440957695863,-0.04349635098039306,-0.04449635098039306,-0.03615614252497712,-0.008340208455415943
CRM,2022-05-24,2022-06-01,market_wide,-2.6784125881551235,-2.3630950919021387,0.12196514276586745,0.12096514276586745,0.0377866537510565,0.08317848901481095
CRM,2022-06-13,2022-06-21,market_wide,-2.291528421496797,-5.155615044502725,0.0048182491244124215,0.0038182491244124215,-0.0031354983057702013,0.006953747430182623
CRM,2022-06-30,2022-07-08,market_wide,-2.6627628417397724,-1.5648296230132008,0.06337874364673945,0.062378743646739454,0.021588532776590785,0.04079021087014867
CRM,2022-07-12,2022-07-19,market_wide,-3.3020615210479867,-2.0120872109975023,0.0449707125926222,0.043970712592622196,0.034604525058906876,0.00936618753371532
CRM,2022-08-19,2022-08-26,market_wide,-2.900334558443777,-1.0532144858529187,-0.10088693099975177,-0.10188693099975177,-0.044669877691605686,-0.05721705330814608
CRM,2022-08-29,2022-09-06,market_wide,-3.717986794938804,-3.2039453696541242,-0.052992961164106234,-0.053992961164106235,-0.02657098492882548,-0.027421976235280754
CRM,2022-09-07,2022-09-14,market_wide,-2.598775875576581,-2.2089771031279817,0.045668016917206566,0.044668016917206566,-0.008130463791859666,0.05279848070906623
CRM,2022-09-15,2022-09-22,market_wide,-2.4071340633645457,-3.2124777468412846,-0.02991336640128983,-0.030913366401289832,-0.037782205463759766,0.006868839062469934
CRM,2022-09-23,2022-09-30,market_wide,-3.0805042131947866,-3.787108179806922,-0.021562800039390817,-0.022562800039390818,-0.025562429394902497,0.0029996293555116793
CRM,2022-10-10,2022-10-17,market_wide,-2.446697277962151,-2.621369430987949,0.010574035545671823,0.009574035545671822,0.02190579229173406,-0.012331756746062239
CRM,2022-11-02,2022-11-09,market_wide,-4.827717594341048,-1.8204880484889494,-0.05299622863068676,-0.05399622863068676,0.021561765492839946,-0.0755579941235267
CRM,2022-11-29,2022-12-06,market_wide,-2.032924866410978,-2.300668709732731,-0.12137360731748004,-0.12237360731748004,-0.01845199105033668,-0.10392161626714336
CRM,2022-12-07,2022-12-14,market_wide,-3.445583366676867,-2.8253067720161007,0.032725245868973296,0.031725245868973295,0.017946565245199997,0.013778680623773298
CRM,2022-12-15,2022-12-22,market_wide,-2.8622587284087255,-3.414275460158742,-0.009583373766239967,-0.010583373766239967,-0.014549955710967843,0.003966581944727876
CRM,2022-12-23,2023-01-03,market_wide,-2.3572430366597295,-2.244937205554704,0.04125456867744526,0.04025456867744526,0.003619621962669628,0.03663494671477563
CRM,2023-02-10,2023-02-17,market_wide,-2.2447075907233414,-1.8290193672594062,-0.011135585425390726,-0.012135585425390727,-0.006139961704023422,-0.005995623721367305
CRM,2023-02-21,2023-02-28,market_wide,-4.978912411439848,-5.4819192516399795,0.012313064889609482,0.011313064889609481,-0.006290539354203317,0.017603604243812798
CRM,2023-04-10,2023-04-17,idiosyncratic,-2.6723456763441806,-0.21768789794392085,0.029192158158215298,0.028192158158215297,0.010837052440367367,0.01735510571784793
CRM,2023-04-25,2023-05-02,market_wide,-2.3558631020993532,-4.058077143360386,0.016625548018699865,0.015625548018699864,-0.004156432995082504,0.019781981013782368
CRM,2023-05-03,2023-05-10,market_wide,-2.1153158799557787,-2.1130893781159243,0.06354801694661139,0.06254801694661138,-0.006028162355301903,0.06857617930191329
CRM,2023-06-01,2023-06-08,idiosyncratic,-2.0285176811289523,0.5406641087795847,-0.015829091389557126,-0.016829091389557127,0.016510299707551912,-0.03333939109710904
CRM,2023-06-13,2023-06-21,idiosyncratic,-2.911558339229949,0.5886915143260131,0.0029188584582455768,0.0019188584582455767,-0.0031062567785929973,0.005025115236838574
CRM,2023-06-23,2023-06-30,market_wide,-2.5027671563953517,-1.7808935669387351,0.005568985811742921,0.004568985811742921,0.019904691105497196,-0.015335705293754276
CRM,2023-07-07,2023-07-14,market_wide,-2.149427721702781,-1.2262681408934235,0.09418383582306045,0.09318383582306045,0.03355804535030349,0.05962579047275696
CRM,2023-07-25,2023-08-01,idiosyncratic,-2.4924048983423446,0.06040646091072476,-0.007786530379796819,-0.00878653037979682,-0.0051202370314237244,-0.0036662933483730953
CRM,2023-08-02,2023-08-09,market_wide,-4.714756055558967,-3.7911654185072816,-0.06639455079972201,-0.06739455079972201,-0.019635203578654226,-0.04775934722106778
CRM,2023-08-10,2023-08-17,market_wide,-2.56500695796134,-2.7586605690552566,-0.02117663609267839,-0.022176636092678392,-0.018344004342119136,-0.0038326317505592566
CRM,2023-08-18,2023-08-25,market_wide,-2.9121542838069425,-3.2652716221691187,0.022652877505318303,0.021652877505318302,-0.0023146349939345834,0.023967512499252885
CRM,2023-09-15,2023-09-22,market_wide,-4.593712202834406,-2.699556147446174,-0.038115710417316984,-0.039115710417316985,-0.02993182703935182,-0.009183883377965163
CRM,2023-09-25,2023-10-02,market_wide,-3.3310228890959306,-2.673117409774277,-0.012745808357917499,-0.0137458083579175,-0.019146060975624546,0.0054002526177070465
CRM,2023-10-03,2023-10-10,market_wide,-3.413195852178851,-3.7842447314921617,0.03528008045609221,0.03428008045609221,0.018240495583536243,0.016039584872555968
CRM,2023-10-20,2023-10-27,market_wide,-3.694022808801679,-4.61636418937236,-0.03514434717511794,-0.03614434717511794,-0.024082654590721564,-0.012061692584396377
CRM,2023-10-30,2023-11-06,market_wide,-2.0727308932993576,-2.3157455133810783,0.040899203135393414,0.03989920313539341,0.045058298607000724,-0.005159095471607311
CRM,2024-01-02,2024-01-09,market_wide,-4.757129386734831,-1.3831873248102895,0.020341206950710733,0.019341206950710732,0.0025650315322129913,0.01677617541849774
CRM,2024-02-13,2024-02-21,market_wide,-3.301444480642386,-1.2457011243382077,0.008536367502954834,0.007536367502954834,0.018668038459854097,-0.011131670956899264
CRM,2024-03-13,2024-03-20,idiosyncratic,-2.010363206333466,-0.2421867745753397,0.004594919430390698,0.003594919430390698,0.005999280422982256,-0.002404360992591558
CRM,2024-04-04,2024-04-11,market_wide,-5.619070115703962,-5.99813690108093,0.017032726196046344,0.016032726196046343,0.003970547844437844,0.012062178351608499
CRM,2024-04-12,2024-04-19,market_wide,-3.4925515598237795,-3.9793944561224457,-0.08137408944745228,-0.08237408944745228,-0.019737451052021404,-0.06263663839543088
CRM,2024-04-22,2024-04-29,market_wide,-2.0653436111108436,-2.204061846193429,0.007048499625948779,0.006048499625948779,0.013946278380537525,-0.007897778754588747
CRM,2024-04-30,2024-05-07,market_wide,-3.709073460299789,-1.8016685979831315,0.03063875314447495,0.02963875314447495,0.012010986128602186,0.017627767015872764
CRM,2024-05-29,2024-06-05,market_wide,-2.537842010289504,-2.2242853859109832,-0.12918791898343363,-0.13018791898343363,0.01638352420857836,-0.14657144319201199
CRM,2024-06-12,2024-06-20,idiosyncratic,-2.7038205172505165,0.8973813252038128,0.025445287928547167,0.024445287928547166,0.009962967699679304,0.014482320228867862
CRM,2024-07-12,2024-07-19,idiosyncratic,-2.33546820292971,-0.23631969610425838,-0.024963522286434503,-0.025963522286434504,-0.010925773122672289,-0.015037749163762215
CRM,2024-07-24,2024-07-31,market_wide,-2.064545962906985,-4.904498869072357,0.03611171326062346,0.035111713260623456,0.022656778432220914,0.012454934828402542
CRM,2024-08-02,2024-08-09,market_wide,-4.163837769988114,-3.9256804729153907,0.03508625194432469,0.034086251944324686,-0.0037021275251042374,0.03778837946942892
CRM,2024-08-29,2024-09-06,market_wide,-3.4792154703498177,-1.224108828563329,-0.05073737101090192,-0.05173737101090192,-0.028732986234013658,-0.023004384776888265
CRM,2024-09-09,2024-09-16,market_wide,-2.396928974942437,-2.3476022242284795,0.04536939038890031,0.04436939038890031,0.03269817859921509,0.01167121178968522
CRM,2024-10-23,2024-10-30,market_wide,-4.791024249705227,-2.2019549138798493,0.04208416288282524,0.04108416288282524,-0.006126864450260006,0.04721102733308524
CRM,2024-12-18,2024-12-26,market_wide,-5.179554070786959,-11.988406310409376,0.013314390903231388,0.012314390903231387,0.015415493568964989,-0.0031011026657336016
CRM,2024-12-27,2025-01-06,market_wide,-2.4721195205208106,-1.2511626962941127,-0.02340093960138767,-0.024400939601387672,-0.0025843711876174513,-0.02181656841377022
CRM,2025-01-07,2025-01-15,market_wide,-3.604655053582324,-2.216073544455533,-0.011602377222840299,-0.0126023772228403,0.01852509437017491,-0.03112747159301521
CRM,2025-02-07,2025-02-14,market_wide,-3.9153789227585403,-2.2964164092023545,0.002179053108071871,0.0011790531080718711,0.022957294139781315,-0.021778241031709444
CRM,2025-02-18,2025-02-25,idiosyncratic,-2.2453078983667787,0.4697717728702491,-0.07016020474377227,-0.07116020474377227,-0.009598361558018964,-0.06156184318575331
CRM,2025-02-26,2025-03-05,market_wide,-2.4853832926265844,-2.82486444583068,-0.04997898288007907,-0.05097898288007907,-0.009479166170614839,-0.04149981670946423
CRM,2025-03-06,2025-03-13,market_wide,-3.2845992099560926,-3.8328217183038378,-0.050026310744871405,-0.051026310744871406,-0.03487404548283446,-0.016152265262036947
CRM,2025-03-14,2025-03-21,market_wide,-2.1332280128023084,-2.2351998261137296,0.004366367524480053,0.0033663675244800526,0.0010609447163514307,0.002305422808128622
CRM,2025-03-27,2025-04-03,market_wide,-2.4124741081742465,-1.140482443447588,-0.08127858359727758,-0.08227858359727758,-0.05623352518453051,-0.02604505841274707
CRM,2025-04-04,2025-04-11,market_wide,-4.850326830322985,-6.375232148645987,0.06081022624251298,0.059810226242512976,0.033618889686305,0.026191336556207978
CRM,2025-04-16,2025-04-24,market_wide,-2.243534668428257,-1.8091096803810731,0.059478101550606954,0.058478101550606953,0.04671053857048135,0.011767562980125601
CRM,2025-05-23,2025-06-02,market_wide,-3.6166350834793817,-1.7694487558848153,-0.04214106254501737,-0.04314106254501737,0.01744035548142664,-0.06058141802644401
CRM,2025-06-03,2025-06-10,idiosyncratic,-2.522993615585162,0.24170389971883788,0.014179169565662564,0.013179169565662563,0.027499597658469987,-0.014320428092807425
CRM,2025-06-13,2025-06-23,market_wide,-4.094601792111787,-1.4127836180667959,0.02100500437819597,0.020005004378195967,0.005004982218103082,0.015000022160092885
CRM,2025-07-10,2025-07-17,idiosyncratic,-5.086484930535411,0.08685341707367501,-0.015494192962459796,-0.016494192962459797,-0.018114850875815103,0.0016206579133553056
CRM,2025-07-31,2025-08-07,market_wide,-3.527648754960318,-1.3200368961830116,-0.06754910479807608,-0.06854910479807608,0.0010092320723942283,-0.0695583368704703
CRM,2025-08-08,2025-08-15,idiosyncratic,-2.8712016872763653,0.017405798109084915,0.008024636325081547,0.007024636325081547,0.011767008278513735,-0.004742371953432189
CRM,2025-09-04,2025-09-11,idiosyncratic,-2.7405613818568577,0.04896524925778146,0.00930289179379673,0.00830289179379673,0.037494547965594816,-0.029191656171798086
CRM,2025-09-12,2025-09-19,idiosyncratic,-2.782899733321539,-0.04613622224094253,0.019608988608793565,0.018608988608793564,0.00621423634813234,0.012394752260661224
CRM,2025-09-25,2025-10-02,market_wide,-2.8586481433070583,-2.4059808983876314,-0.008590958960573047,-0.009590958960573048,0.02054154779002504,-0.030132506750598087
CRM,2025-10-03,2025-10-10,idiosyncratic,-2.0458339025475736,-0.0028574876943338575,0.005491701563194118,0.004491701563194118,-0.025749845278531414,0.03024154684172553
CRM,2025-10-14,2025-10-21,market_wide,-2.186492432449353,-1.8769873150079306,0.09859442740989777,0.09759442740989777,0.026222382917344245,0.07137204449255352
CRM,2025-11-04,2025-11-11,market_wide,-2.448056211581315,-1.7325099345301582,-0.03906612352722916,-0.04006612352722916,0.019866181122942583,-0.05993230465017174
CRM,2025-11-13,2025-11-20,market_wide,-2.4806240402855297,-2.2661534353958466,-0.06263776219819683,-0.06363776219819683,-0.044375119510128624,-0.01926264268806821
CRM,2025-11-21,2025-12-01,market_wide,-2.689470631041657,-2.353941966308224,0.025186163089307545,0.024186163089307544,0.023568217197573516,0.0006179458917340286
CRM,2026-01-02,2026-01-09,market_wide,-3.717201560923716,-1.0344996228400225,0.024919236372557663,0.023919236372557662,0.03697240945580993,-0.013053173083252267
CRM,2026-01-14,2026-01-22,market_wide,-3.5257327178768922,-1.0638265843749157,-0.047919263495058595,-0.048919263495058596,0.004714418518364072,-0.05363368201342267
CRM,2026-01-23,2026-01-30,market_wide,-2.0429873025177914,-1.143960491767206,-0.06910773703630768,-0.07010773703630768,-0.002910174509959007,-0.06719756252634868
CRM,2026-02-02,2026-02-09,idiosyncratic,-2.922376853673368,-0.014710590741017425,-0.07959772795513043,-0.08059772795513043,0.016933652417264744,-0.09753138037239517
CRM,2026-02-12,2026-02-20,market_wide,-2.8017322269819696,-2.73459874840303,-0.0014560569325385853,-0.0024560569325385853,0.0024670645613393827,-0.004923121493877968
CRM,2026-02-23,2026-03-02,market_wide,-4.261102042433708,-2.4499647129770206,0.08301511626643543,0.08201511626643543,0.005947247586738813,0.07606786867969662
CRM,2026-03-11,2026-03-18,market_wide,-2.1678038117908547,-2.7104186211181513,0.0010816038316332488,8.160383163324878e-05,-0.01763973297115362,0.01772133680278687
CRM,2026-03-19,2026-03-26,market_wide,-2.187996181294853,-3.1455246843084743,-0.047951195736599894,-0.048951195736599895,-0.01321051209392754,-0.035740683642672355
CRM,2026-03-27,2026-04-06,market_wide,-3.24890061082015,-4.695469344409257,0.03189996602758827,0.030899966027588266,0.02499434392772759,0.0059056220998606745
CRM,2026-04-07,2026-04-14,idiosyncratic,-2.9361448221278055,0.030221658889445214,-0.06133348470582245,-0.06233348470582245,0.03728821353184797,-0.09962169823767042
CRM,2026-04-23,2026-04-30,idiosyncratic,-2.0052138209896033,-0.2284035416280475,0.018638239297179116,0.017638239297179115,0.018260365894652075,-0.0006221265974729606
CRM,2026-05-11,2026-05-18,idiosyncratic,-2.9752195838506323,0.18179075513334989,0.011211859434718585,0.010211859434718584,-0.001589643282627895,0.01180150271734648
CRM,2026-06-05,2026-06-12,market_wide,-2.1018450259387502,-3.9556234038199216,-0.10417887971203432,-0.10517887971203432,0.011190798940857505,-0.11636967865289183
CRM,2026-06-17,2026-06-25,market_wide,-3.295908352868071,-1.5842967815200526,-0.03115727193153628,-0.03215727193153628,0.00986061217930878,-0.04201788411084506
CRM,2026-07-22,2026-07-29,market_wide,-2.8382632698620203,-1.682160503453622,0.1557055548178441,0.1547055548178441,-0.0034463349054033587,0.15815188972324745
CRM,2026-09-11,2026-09-18,market_wide,-2.4358025008805613,-1.8654901338790943,-0.03787112567163886,-0.03887112567163886,-0.004604731199756018,-0.034266394471882844
XOM,2015-07-10,2015-07-17,market_wide,-2.2806605410265526,-1.2636876983450724,0.004743312509562614,0.003743312509562614,0.021559446477355415,-0.017816133967792802
XOM,2015-07-20,2015-07-27,idiosyncratic,-2.912729887042493,0.038452656869850214,-0.030576829774981218,-0.03157682977498122,-0.032511059824980815,0.0009342300499995959
XOM,2015-07-31,2015-08-07,market_wide,-3.0856098209575222,-1.1052152148576828,-0.03004680258066439,-0.03104680258066439,-0.010906413961208616,-0.020140388619455774
XOM,2015-08-13,2015-08-20,market_wide,-2.0321180765077544,-2.152689182384394,-0.051875475965699414,-0.052875475965699414,-0.03152808598399737,-0.021347389981702047
XOM,2015-08-21,2015-08-28,market_wide,-4.725528550601548,-6.729667851884725,0.04075969561106185,0.03975969561106185,0.01320696680000677,0.026552728811055082
XOM,2015-09-10,2015-09-17,market_wide,-2.1956412354665313,-1.329801405469536,0.026751438603601407,0.025751438603601406,0.01660236098278567,0.009149077620815738
XOM,2015-09-18,2015-09-25,market_wide,-2.0979547484806385,-1.6085967929003713,0.007567956614890292,0.006567956614890292,-0.01641287146824133,0.02298082808313162
XOM,2015-09-28,2015-10-05,market_wide,-2.5207934822847946,-4.805330547568375,0.05798844369985923,0.056988443699859226,0.06699444427896961,-0.010006000579110386
XOM,2015-11-09,2015-11-16,market_wide,-2.050416943164281,-1.9131256941829888,-0.012812842363481902,-0.013812842363481903,-0.011899418867736267,-0.0019134234957456364
XOM,2015-11-17,2015-11-24,market_wide,-2.4436694084428447,-1.9959136453719402,0.024011610035767017,0.023011610035767016,0.010940302274811353,0.012071307760955663
XOM,2015-12-02,2015-12-09,market_wide,-2.9572400559917855,-1.6058999144870285,-0.04927714817043116,-0.05027714817043116,-0.022784354955392994,-0.02749279321503817
XOM,2015-12-10,2015-12-17,market_wide,-2.3731978149445783,-2.724569062013171,0.029990993564043,0.028990993564043,-0.011171707937400743,0.04016270150144374
XOM,2015-12-31,2016-01-08,market_wide,-2.284918724055786,-1.502556677341814,-0.04182118274440971,-0.042821182744409714,-0.060478142845151184,0.01765696010074147
XOM,2016-01-11,2016-01-19,market_wide,-4.032933926405978,-2.9246189284930044,0.03677519937049856,0.035775199370498556,-0.02305240149018517,0.058827600860683726
XOM,2016-01-20,2016-01-27,market_wide,-3.550446622541606,-3.5432823351297653,0.028833251866942744,0.027833251866942743,0.009733565328135185,0.018099686538807558
XOM,2016-02-02,2016-02-09,market_wide,-2.138945461171287,-1.3089167454347677,0.08334589088383271,0.0823458908838327,-0.0026322502580018448,0.08497814114183455
XOM,2016-03-11,2016-03-18,idiosyncratic,-2.0648763587341197,0.940555261591787,0.024455015434297955,0.023455015434297954,0.017977572597806857,0.005477442836491098
XOM,2016-04-01,2016-04-08,idiosyncratic,-4.7103552877024235,0.8743794943002681,0.0030136220586445273,0.0020136220586445272,-0.010644472922571646,0.012658094981216172
XOM,2016-05-31,2016-06-07,idiosyncratic,-4.361133819021739,-0.1809861079193517,0.01898460062873486,0.01798460062873486,0.006907805505660836,0.011076795123074024
XOM,2016-06-24,2016-07-01,market_wide,-4.063262968118236,-5.882218467048972,0.04978219147659657,0.04878219147659657,0.024393842233515928,0.024388349243080643
XOM,2016-07-27,2016-08-03,market_wide,-3.477949842751312,-1.0808253238378807,-0.03761981898004352,-0.03861981898004352,-0.008921849966845308,-0.02969796901319821
XOM,2016-08-04,2016-08-11,market_wide,-2.3112684248379414,-1.6622521647198232,-0.00023438483836291102,-0.001234384838362911,0.01459872757188796,-0.01583311241025087
XOM,2016-08-25,2016-09-01,market_wide,-2.7346996362979272,-3.4650508111860803,-0.00708890704794507,-0.008088907047945071,-0.0063259589818815964,-0.0017629480660634744
XOM,2016-09-09,2016-09-16,market_wide,-3.202937047304573,-8.791225783241764,-0.03235859944050368,-0.03335859944050368,0.0028143179048794043,-0.03617291734538308
XOM,2016-09-19,2016-09-26,market_wide,-2.9274588915985436,-1.8151344527190296,-0.009185344831211695,-0.010185344831211696,-0.0014661964818907247,-0.008719148349320971
XOM,2016-10-12,2016-10-19,market_wide,-2.08463161806828,-3.0486929421193127,0.0004594574490677239,-0.0005405425509322761,0.0020919001610206767,-0.002632442711952953
XOM,2016-10-20,2016-10-27,market_wide,-2.0127936536243576,-1.839448242888559,-0.0033252977921609528,-0.004325297792160953,0.003175021976867143,-0.007500319769028096
XOM,2016-10-28,2016-11-04,market_wide,-9.685843401290551,-3.347536887493603,-0.014272518114932575,-0.015272518114932576,-0.014052753410605634,-0.0012197647043269422
XOM,2016-12-23,2017-01-03,market_wide,-2.1000641705776277,-1.1851973545281282,0.0019844833142430574,0.0009844833142430573,-0.002413714152620483,0.0033981974668635404
XOM,2017-01-04,2017-01-11,idiosyncratic,-3.9783009018101456,0.19808957851772027,-0.03426407902944362,-0.03526407902944362,0.006782433118691644,-0.04204651214813526
XOM,2017-01-13,2017-01-23,idiosyncratic,-2.470033622531734,-0.13174037189494495,-0.01598139128676379,-0.01698139128676379,-0.014975961701114038,-0.002005429585649754
XOM,2017-01-24,2017-01-31,idiosyncratic,-2.71198092671692,1.3136743999209999,-0.01410269231287864,-0.01510269231287864,-0.004426422241232908,-0.010676270071645733
XOM,2017-02-01,2017-02-08,market_wide,-4.989272166660794,-1.501597394593499,-0.008620200513023923,-0.009620200513023924,0.006347918607688463,-0.015968119120712387
XOM,2017-02-09,2017-02-16,idiosyncratic,-2.607510099120565,1.5850776276701584,0.005620845966831656,0.004620845966831656,0.019890730938270318,-0.015269884971438663
XOM,2017-02-17,2017-02-27,idiosyncratic,-2.60935047418921,0.07055122783273327,-0.002690590936785142,-0.003690590936785142,0.007501691445758851,-0.011192282382543994
XOM,2017-03-08,2017-03-15,market_wide,-2.660063620087445,-2.877004694179703,0.011970613298946553,0.010970613298946552,0.005232971207013382,0.0057376420919331705
XOM,2017-03-24,2017-03-31,market_wide,-2.5020348454969805,-2.6907067456650946,0.009602106094241725,0.008602106094241724,0.009694580676122166,-0.0010924745818804427
XOM,2017-04-03,2017-04-10,market_wide,-2.399653962710737,-1.2497770613041252,0.012915633361613166,0.011915633361613165,-0.0014832149399787165,0.013398848301591881
XOM,2017-04-13,2017-04-21,market_wide,-3.914632568202457,-6.369539078913609,-0.01224149542303088,-0.01324149542303088,0.01383505738400359,-0.02707655280703447
XOM,2017-04-27,2017-05-04,idiosyncratic,-2.4530522055928983,0.02384977772309491,0.004675979514188189,0.0036759795141881888,0.0034311589762321404,0.0002448205379560484
XOM,2017-05-25,2017-06-02,idiosyncratic,-3.040082894373024,0.7269250895436388,-0.027522898564266596,-0.028522898564266597,0.018181034193222034,-0.04670393275748863
XOM,2017-06-05,2017-06-12,idiosyncratic,-2.5465181451158148,-0.10384122907949299,0.035072074646263385,0.034072074646263384,0.0007841461669457761,0.03328792847931761
XOM,2017-06-21,2017-06-28,market_wide,-2.281397973520273,-2.353718365151273,0.0011050391681624028,0.00010503916816240275,0.012522950310957404,-0.012417911142795002
XOM,2017-06-29,2017-07-07,market_wide,-3.4974610694635686,-3.983647003970447,-0.005947961711484373,-0.006947961711484373,-0.002635349716346158,-0.004312611995138215
XOM,2017-07-10,2017-07-17,market_wide,-3.112495455968672,-1.158513993319744,0.0087321169349317,0.0077321169349317,0.01487352994497848,-0.007141413010046781
XOM,2017-07-18,2017-07-25,idiosyncratic,-2.5047182399152126,0.060982653580702775,-0.004093802631185084,-0.005093802631185084,0.0013047831350634365,-0.00639858576624852
XOM,2017-07-26,2017-08-02,idiosyncratic,-2.0590798747463652,0.00839601580645031,0.002861340754517272,0.001861340754517272,0.0054055765670300016,-0.0035442358125127296
XOM,2017-08-08,2017-08-15,market_wide,-2.59929176706827,-1.8879330824534106,-0.014551747527545067,-0.015551747527545068,0.0008149247698097106,-0.01636667229735478
XOM,2017-08-17,2017-08-24,market_wide,-4.5437109859049745,-3.436815198869034,0.0009181608654964535,-8.183913450354654e-05,-0.001612051812698967,0.0015302126781954204
XOM,2017-08-28,2017-09-05,market_wide,-2.4643867369704457,-1.4969953909598352,0.009285021433665497,0.008285021433665496,0.017239168872802857,-0.008954147439137361
XOM,2017-11-03,2017-11-10,idiosyncratic,-2.9066752681951367,0.8833213107838512,0.006343243853363489,0.005343243853363489,0.0019550475792258215,0.003388196274137668
XOM,2017-11-14,2017-11-21,market_wide,-4.07868152250626,-2.199858271718909,-0.01665847182077107,-0.01765847182077107,0.007750459806257659,-0.02540893162702873
XOM,2018-01-30,2018-02-06,market_wide,-3.4723609644284643,-1.66859250988676,-0.09714208165427418,-0.09814208165427418,-0.052553358969766095,-0.04558872268450809
XOM,2018-02-07,2018-02-14,market_wide,-3.1102484947465405,-2.5752666398830946,0.003923219847836057,0.002923219847836057,0.00272409961115061,0.00019912023668544696
XOM,2018-02-15,2018-02-23,market_wide,-2.856419022991672,-1.2504182123367487,0.017320447035981346,0.016320447035981345,0.0037109053883368492,0.012609541647644495
XOM,2018-02-28,2018-03-07,market_wide,-2.7850484112041785,-1.8859426273456639,-0.01954061608546198,-0.020540616085461982,0.007365617720358708,-0.02790623380582069
XOM,2018-03-08,2018-03-15,market_wide,-3.5555066560710826,-1.292516616764306,0.004047596443162549,0.003047596443162549,0.003222338946718306,-0.0001747425035557573
XOM,2018-03-19,2018-03-26,market_wide,-2.4351662435774193,-3.147784738421913,-0.0020226426015840238,-0.0030226426015840238,-0.02855962058278938,0.025536977981205355
XOM,2018-03-27,2018-04-04,market_wide,-2.0533389483303512,-2.6497193418988,0.01587503501363874,0.014875035013638738,0.019879477241686372,-0.005004442228047634
XOM,2018-04-27,2018-05-04,market_wide,-3.571928293657639,-1.5256071138853133,-0.011441468533605392,-0.012441468533605393,-0.013877951076496142,0.001436482542890749
XOM,2018-05-07,2018-05-14,idiosyncratic,-2.1526534146357714,0.22346987294207163,0.06328025192391462,0.06228025192391462,0.03948437871489863,0.022795873209015993
XOM,2018-05-25,2018-06-04,market_wide,-6.130305507869788,-1.549895827239118,0.028712867344862447,0.027712867344862446,0.010887533351182643,0.016825333993679803
XOM,2018-06-15,2018-06-22,idiosyncratic,-3.174294533773899,-0.29210734162212443,0.008926399872612345,0.007926399872612344,-0.016310363655749116,0.02423676352836146
XOM,2018-06-25,2018-07-02,market_wide,-3.3245373114683634,-5.613012022699986,0.025332305030764557,0.024332305030764556,-0.003307123785966204,0.02763942881673076
XOM,2018-07-16,2018-07-23,idiosyncratic,-2.132986648754297,-0.07190011852948182,-0.013213601042882939,-0.01421360104288294,0.0028925263572090465,-0.017106127400091986
XOM,2018-07-27,2018-08-03,market_wide,-2.490379471431579,-1.610807579844271,-0.020996338097743816,-0.021996338097743817,-0.002412344031821334,-0.019583994065922483
XOM,2018-08-06,2018-08-13,idiosyncratic,-2.7940360262320207,0.4446149626468403,-0.010098612799352424,-0.011098612799352425,-0.0049905693073272195,-0.006108043492025206
XOM,2018-08-15,2018-08-22,market_wide,-5.741301234954334,-2.4266033851383995,0.03925116164287168,0.03825116164287168,0.024578612889845752,0.013672548753025926
XOM,2018-10-05,2018-10-12,market_wide,-2.3121798008162395,-5.005666357442277,-0.04640253159907437,-0.04740253159907437,-0.040329644173936585,-0.007072887425137786
XOM,2018-10-15,2018-10-22,market_wide,-2.9720930189896215,-2.411664033467028,0.004083116517229035,0.003083116517229035,-0.00151898418376617,0.004602100700995205
XOM,2018-10-23,2018-10-30,market_wide,-3.675529943835577,-3.22207078586872,-0.013276679442352224,-0.014276679442352225,-0.012849925063107781,-0.0014267543792444437
XOM,2018-11-13,2018-11-20,market_wide,-3.400672682250882,-2.1073185877790293,-0.013205052431551567,-0.014205052431551568,-0.02632263212191044,0.01211757969035887
XOM,2018-11-21,2018-11-29,market_wide,-2.740548841371411,-3.0652324949074514,0.019339624279765433,0.018339624279765432,0.03629781616295413,-0.0179581918831887
XOM,2018-12-07,2018-12-14,market_wide,-2.210867993742266,-3.1221254254457516,-0.0265324210705854,-0.0275324210705854,-0.01462437183102161,-0.01290804923956379
XOM,2018-12-17,2018-12-24,market_wide,-3.984240823514932,-4.050336018899946,-0.11520788463465315,-0.11620788463465315,-0.07021732064607455,-0.04599056398857859
XOM,2018-12-26,2019-01-03,market_wide,-2.0567849876408153,-1.7478476133550653,-0.0002915861043955026,-0.0012915861043955026,-0.00472031999633149,0.0034287338919359875
XOM,2019-01-22,2019-01-29,market_wide,-2.420898043490438,-1.0570417633757976,-0.005286081419457855,-0.006286081419457855,0.004225110254800102,-0.010511191674257958
XOM,2019-03-25,2019-04-01,market_wide,-3.004566311931124,-2.5738406631410387,0.022647767925182638,0.021647767925182637,0.02847119313886104,-0.006823425213678402
XOM,2019-04-12,2019-04-22,idiosyncratic,-3.0959059233514483,0.7261245495581743,0.024468399209522707,0.023468399209522706,0.019157982757186387,0.004310416452336319
XOM,2019-04-26,2019-05-03,idiosyncratic,-3.293822801676364,0.37277107423616623,-0.03752040901168752,-0.03852040901168752,0.009169767373288451,-0.04769017638497597
XOM,2019-05-07,2019-05-14,market_wide,-3.034909492039904,-6.097219321130673,-0.0005349850943138224,-0.0015349850943138224,-0.013816298420802342,0.012281313326488519
XOM,2019-05-15,2019-05-22,market_wide,-2.2878842620577022,-2.1508835751026147,-0.010606508029826878,-0.011606508029826879,-0.009370988625315269,-0.00223551940451161
XOM,2019-05-23,2019-05-31,market_wide,-8.42178116656341,-2.7436834065560953,-0.04092707136717011,-0.04192707136717011,-0.025351392937975614,-0.016575678429194496
XOM,2019-06-03,2019-06-10,market_wide,-2.229281457844423,-3.2151351506321406,0.04215353985533987,0.04115353985533987,0.05544557562318975,-0.014292035767849876
XOM,2019-07-02,2019-07-10,idiosyncratic,-2.9255492821548907,0.43214388757279854,0.023639763268425096,0.022639763268425095,0.0009664020435580234,0.02167336122486707
XOM,2019-07-17,2019-07-24,market_wide,-3.0443554888518496,-1.9903909905914814,-0.001589873053033597,-0.002589873053033597,0.02613416814457814,-0.028724041197611738
XOM,2019-07-25,2019-08-01,market_wide,-2.49327283670073,-1.0076071493452574,-0.03296387697730463,-0.03396387697730463,-0.030364964933272787,-0.0035989120440318434
XOM,2019-08-02,2019-08-09,market_wide,-4.09663093170904,-4.0033197867784684,-0.01268291859181958,-0.013682918591819582,-0.004931471074636429,-0.008751447517183153
XOM,2019-08-12,2019-08-19,market_wide,-2.489408425223285,-2.3472836653430447,-0.0025850312990325364,-0.0035850312990325364,0.023787245528090084,-0.02737227682712262
XOM,2019-08-23,2019-08-30,market_wide,-2.8651327479931035,-2.35714612883441,0.014669068787169115,0.013669068787169114,0.03523025229494725,-0.021561183507778137
XOM,2019-09-20,2019-09-27,market_wide,-2.018629789815067,-1.1987527123584023,-0.008324102417507362,-0.009324102417507363,-0.01402811425738859,0.004704011839881228
XOM,2019-09-30,2019-10-07,market_wide,-3.4141859073999474,-1.912575229406416,-0.03668067019444543,-0.03768067019444543,-0.01728053472592872,-0.02040013546851671
XOM,2019-10-08,2019-10-15,market_wide,-2.9412748796741015,-2.9656659441345887,0.04077944072577022,0.03977944072577022,0.048696905202218144,-0.008917464476447923
XOM,2019-10-30,2019-11-06,idiosyncratic,-3.253105081007288,0.4513450349047216,0.055670367815761734,0.05467036781576173,0.020707807764619668,0.033962560051142066
XOM,2019-11-14,2019-11-21,idiosyncratic,-2.22873350334432,0.25647986326292826,0.01708024490007909,0.016080244900079088,0.002424949825031497,0.013655295075047591
XOM,2019-12-02,2019-12-09,market_wide,-2.0783269331332512,-2.2250313419487835,0.018123350626085832,0.01712335062608583,0.009030877771979862,0.00809247285410597
XOM,2020-01-09,2020-01-16,idiosyncratic,-2.1143709264238284,1.4171076670004412,-0.013474893276563482,-0.014474893276563483,0.008892003159908013,-0.023366896436471496
XOM,2020-01-17,2020-01-27,idiosyncratic,-3.449343711454871,0.3775554882912581,-0.05571743160599385,-0.05671743160599385,-0.028458914786849143,-0.028258516819144708
XOM,2020-01-28,2020-02-04,market_wide,-3.2734051133849213,-1.8965744285774524,-0.07238974033210721,-0.07338974033210721,-0.009347436054296332,-0.06404230427781088
XOM,2020-02-06,2020-02-13,idiosyncratic,-2.167682629364542,0.3174144987997299,-0.0012161006845291533,-0.0022161006845291533,0.0031050791492115426,-0.005321179833740696
XOM,2020-02-18,2020-02-25,idiosyncratic,-2.534276099880114,-0.2067886150690347,-0.09485637970822924,-0.09585637970822924,-0.07165731464347225,-0.024199065064756997
XOM,2020-02-26,2020-03-04,market_wide,-3.6423526665434025,-3.167587192395208,-0.01112979931003355,-0.012129799310033551,0.013056225033599267,-0.025186024343632818
XOM,2020-03-05,2020-03-12,market_wide,-2.9123386963508766,-2.451398870185943,-0.25803238239695203,-0.25903238239695203,-0.16456257714278721,-0.09446980525416482
XOM,2020-03-13,2020-03-20,market_wide,-2.7964974829563873,-2.2106243573321054,-0.14113312295356395,-0.14213312295356395,-0.11038447048403177,-0.03174865246953218
XOM,2020-03-23,2020-03-30,market_wide,-3.085501850893037,-3.3033331928502148,0.19236913446016768,0.19136913446016768,0.15439379517270546,0.03697533928746222
XOM,2020-05-01,2020-05-08,market_wide,-2.0473221168895894,-1.7443197913224189,0.07046834266215152,0.06946834266215152,0.036260303992809995,0.03320803866934152
XOM,2020-05-13,2020-05-20,market_wide,-3.667178380403369,-2.951781449000206,0.08204137239507459,0.08104137239507458,0.05073038185247136,0.030310990542603222
XOM,2020-06-11,2020-06-18,market_wide,-2.45689397500902,-3.034098724813358,0.01602420615412381,0.01502420615412381,0.032490347591615176,-0.017466141437491367
XOM,2020-06-19,2020-06-26,market_wide,-2.677983758355491,-1.7531576278939376,-0.05132702730701011,-0.05232702730701011,-0.02880935720350508,-0.02351767010350503
XOM,2020-06-29,2020-07-07,market_wide,-2.866518268294684,-1.983607100230946,-0.024368187104166883,-0.025368187104166884,0.023603721802705424,-0.04897190890687231
XOM,2020-07-08,2020-07-15,idiosyncratic,-3.6601688491454745,-0.1693398369404115,0.034538811920191925,0.033538811920191924,0.02397135306245901,0.009567458857732913
XOM,2020-07-20,2020-07-27,idiosyncratic,-2.11881771979683,0.8196297373654515,0.03694117470885905,0.03594117470885905,0.00507536069153014,0.030865814017328908
XOM,2020-07-30,2020-08-06,market_wide,-4.776231965986374,-1.3900332457774265,0.042274103371055416,0.041274103371055415,0.018561140275635157,0.022712963095420258
XOM,2020-08-18,2020-08-25,idiosyncratic,-2.8760663924556664,0.283972935791132,-0.03653087333830307,-0.03753087333830307,0.014637105125826055,-0.05216797846412913
XOM,2020-08-26,2020-09-02,idiosyncratic,-3.9905833160151154,1.3522808678571057,-0.02049513612666698,-0.02149513612666698,0.03083164635432145,-0.05232678248098843
XOM,2020-09-03,2020-09-11,market_wide,-3.292242123677581,-2.053117455310048,-0.05650720304735535,-0.05750720304735535,-0.01802982906883721,-0.03947737397851814
XOM,2020-09-14,2020-09-21,market_wide,-3.287565115383865,-2.2262765128624316,-0.006273868991837128,-0.007273868991837128,-0.015566230855463159,0.00829236186362603
XOM,2020-09-22,2020-09-29,market_wide,-3.911517690966439,-2.2105085269290994,-0.03518165868624268,-0.03618165868624268,0.0020859098169339063,-0.038267568503176586
XOM,2020-10-01,2020-10-08,idiosyncratic,-3.59247862857726,0.48766090112905,0.06429218941981696,0.06329218941981696,0.032977761303692565,0.030314428116124392
XOM,2020-10-19,2020-10-26,market_wide,-3.171181268598235,-1.964660672921002,-0.002094497341428414,-0.003094497341428414,-0.017634511401465214,0.014540014060036799
XOM,2020-10-27,2020-11-03,market_wide,-3.8067687438144397,-3.660234723922188,0.017977091244224752,0.01697709124422475,0.005249487021493193,0.011727604222731558
XOM,2020-12-01,2020-12-08,idiosyncratic,-2.0818009817282945,0.747689637058884,0.09714292356734999,0.09614292356734999,0.017481698974802118,0.07866122459254787
XOM,2020-12-21,2020-12-29,market_wide,-2.188464722616174,-1.1768620158123186,-0.016210020139243997,-0.017210020139243998,-0.00036459394408328016,-0.016845426195160718
XOM,2020-12-30,2021-01-07,idiosyncratic,-2.3076270513781467,-0.1055947578843427,0.08076893980881117,0.07976893980881117,0.028670954569395946,0.05109798523941522
XOM,2021-01-25,2021-02-01,idiosyncratic,-2.5056298593092263,0.0544125200860924,-0.04221738067626257,-0.04321738067626257,-0.014928520310437787,-0.028288860365824786
XOM,2021-03-19,2021-03-26,market_wide,-3.5647728220952057,-1.1972416800382941,0.021596678573891026,0.020596678573891025,0.03130032702081076,-0.010703648446919733
XOM,2021-03-31,2021-04-08,idiosyncratic,-3.0936494462684827,0.10792688050244471,0.003044867010955521,0.002044867010955521,0.024869239299671442,-0.02282437228871592
XOM,2021-04-09,2021-04-16,idiosyncratic,-2.880772899740409,0.45976798791684154,0.014139712384310332,0.013139712384310331,0.010137694266362463,0.003002018117947869
XOM,2021-04-20,2021-04-27,market_wide,-3.5200307358238714,-1.342160318822656,0.02025673192272226,0.01925673192272226,0.00778398247112122,0.011472749451601039
XOM,2021-05-19,2021-05-26,market_wide,-3.4824899638344013,-2.3689948815849546,-0.0006781391199118803,-0.0016781391199118803,0.010214640755125348,-0.01189277987503723
XOM,2021-05-27,2021-06-04,idiosyncratic,-3.0794408918131246,0.036763620175740024,0.049351052744713186,0.048351052744713185,0.014494959098405591,0.033856093646307595
XOM,2021-06-17,2021-06-24,market_wide,-2.0932737008434255,-1.7878716791663585,0.040813112110521965,0.039813112110521964,0.0075110386437815535,0.03230207346674041
XOM,2021-07-06,2021-07-13,idiosyncratic,-4.314593356459567,-0.20565859123150507,-0.00798436390389623,-0.00898436390389623,0.007346439797002002,-0.016330803700898233
XOM,2021-07-14,2021-07-21,idiosyncratic,-3.1381040651081715,-0.2592249196666166,-0.029732739498619987,-0.030732739498619988,0.001632856490662915,-0.0323655959892829
XOM,2021-08-05,2021-08-12,idiosyncratic,-2.547912063036022,0.35239707614335675,0.017797515238642925,0.016797515238642924,0.0012133206907742888,0.015584194547868635
XOM,2021-08-16,2021-08-23,idiosyncratic,-2.9967483337924,0.4135436011568674,-0.018412721061333293,-0.019412721061333293,-0.009644492905574231,-0.009768228155759062
XOM,2021-09-09,2021-09-16,market_wide,-2.748973481233186,-2.0173648618299005,0.031983888683001505,0.030983888683001504,0.0004652363802100101,0.030518652302791494
XOM,2021-09-20,2021-09-27,market_wide,-3.373228076660248,-5.35368219580822,0.10448874811712305,0.10348874811712305,0.023729427657136037,0.07975932045998702
XOM,2021-11-18,2021-11-26,idiosyncratic,-3.282778304133609,0.22925620875478459,-0.03710089397493255,-0.03810089397493255,-0.023968949948562135,-0.014131944026370413
XOM,2021-11-29,2021-12-06,market_wide,-2.3278580447100086,-1.6448373947045594,-0.00016210553682161066,-0.0011621055368216107,-0.015836431866724454,0.014674326329902843
XOM,2021-12-17,2021-12-27,market_wide,-4.381117150650881,-1.6724532307565747,0.030984412119915206,0.029984412119915205,0.022212408251509386,0.007772003868405819
XOM,2022-02-15,2022-02-23,market_wide,-3.6692746923712574,-1.8516836248350905,-0.015643002364367442,-0.016643002364367443,-0.048053669052664616,0.03141066668829717
XOM,2022-02-24,2022-03-03,market_wide,-3.9676097884670103,-2.8420718931833022,0.06912919155351283,0.06812919155351282,0.028514593276011357,0.03961459827750147
XOM,2022-03-15,2022-03-22,market_wide,-3.6830637366049133,-1.504696757253512,0.05982899501741956,0.05882899501741956,0.048161448106966764,0.010667546910452796
XOM,2022-04-05,2022-04-12,market_wide,-2.722851577055128,-2.074903955011192,0.03469102843672145,0.03369102843672145,-0.010933604554904108,0.04462463299162556
XOM,2022-04-22,2022-04-29,market_wide,-2.317588895688106,-5.348748018839077,0.0014099634778919068,0.00040996347789190677,-0.02237034324235765,0.022780306720249555
XOM,2022-05-09,2022-05-16,market_wide,-2.0697020734179814,-4.410248121266596,0.0878715926420881,0.0868715926420881,0.007448656836265055,0.07942293580582305
XOM,2022-06-13,2022-06-21,market_wide,-3.0976112627243677,-5.155615044502725,-0.0455920139531526,-0.0465920139531526,-0.0031354983057702013,-0.0434565156473824
XOM,2022-06-22,2022-06-29,market_wide,-2.787054330735536,-2.216355587726652,0.002959388694869336,0.001959388694869336,0.01551873767788492,-0.013559348983015584
XOM,2022-06-30,2022-07-08,market_wide,-3.0772011171799054,-1.5648296230132008,0.0051379023744198005,0.0041379023744198004,0.021588532776590785,-0.017450630402170986
XOM,2022-07-11,2022-07-18,market_wide,-2.530623073813112,-1.2828118124417125,0.005371196346872775,0.004371196346872775,-0.0008720580870696937,0.005243254433942469
XOM,2022-08-04,2022-08-11,idiosyncratic,-3.152545768172329,-0.034508360902287746,0.07920002344849864,0.07820002344849863,0.011200429488113839,0.0669995939603848
XOM,2022-09-01,2022-09-09,market_wide,-2.802483130371729,-2.966953480175824,0.02801763536620494,0.02701763536620494,0.02193866253136756,0.005078972834837381
XOM,2022-09-13,2022-09-20,market_wide,-2.601188475912415,-2.8536019228335987,-0.03031551591703041,-0.03131551591703041,-0.0304363890668099,-0.000879126850220513
XOM,2022-09-21,2022-09-28,market_wide,-3.6763179155454337,-3.8528464253548327,-0.022979548350195667,-0.023979548350195667,-0.017234779696835845,-0.006744768653359823
XOM,2022-11-09,2022-11-16,market_wide,-2.2262289493848,-2.742087290741229,0.04516953370643284,0.04416953370643284,0.046310923157139694,-0.0021413894507068543
XOM,2022-11-28,2022-12-05,market_wide,-4.586142831172398,-2.106153108564847,-0.026955616573889896,-0.027955616573889897,-0.0068336623884623915,-0.021121954185427505
XOM,2022-12-06,2022-12-13,market_wide,-4.7692222468399486,-2.756861651068536,0.032441418042071124,0.03144141804207112,0.0223402892485165,0.009101128793554625
XOM,2022-12-15,2022-12-22,market_wide,-2.107329450437358,-3.414275460158742,0.0041728328890653366,0.0031728328890653365,-0.014549955710967843,0.01772278860003318
XOM,2023-02-02,2023-02-09,idiosyncratic,-3.569638253279915,0.9718121151696149,0.02878989059765491,0.02778989059765491,-0.02182788724333995,0.04961777784099486
XOM,2023-02-17,2023-02-27,market_wide,-2.6887457713677714,-2.9029527655260825,-0.006559959066138599,-0.007559959066138599,-0.025054843744976907,0.017494884678838307
XOM,2023-02-28,2023-03-07,market_wide,-2.570681359704797,-2.539631904329418,0.015467215930735412,0.014467215930735411,0.005959985803856371,0.00850723012687904
XOM,2023-03-08,2023-03-15,market_wide,-3.031450093479464,-1.7009903548891443,-0.0760138755555092,-0.0770138755555092,-0.03330052615292434,-0.04371334940258487
XOM,2023-03-16,2023-03-23,market_wide,-3.5417042613745378,-1.1980118237691373,0.02355743198778315,0.02255743198778315,-0.0009175555243896572,0.023474987512172807
XOM,2023-04-26,2023-05-03,market_wide,-2.826213306322332,-3.6206426616004825,-0.06513641206221343,-0.06613641206221343,-0.0014371697036932307,-0.0646992423585202
XOM,2023-05-04,2023-05-11,market_wide,-3.639731570957187,-2.8559266284618587,-0.002357527523126568,-0.003357527523126568,0.0033557005060176337,-0.006713228029144202
XOM,2023-05-12,2023-05-19,market_wide,-3.2210805038270656,-1.3436668609622162,0.013254498199441356,0.012254498199441355,0.016527206286988116,-0.004272708087546762
XOM,2023-05-30,2023-06-06,idiosyncratic,-2.6750925765961626,0.04560080195040485,0.020280518604012476,0.019280518604012475,0.010318286179543223,0.008962232424469252
XOM,2023-06-16,2023-06-26,idiosyncratic,-2.9351926725110733,-0.2790110832219744,-0.007990004561218345,-0.008990004561218345,-0.01593303009221325,0.006943025530994906
XOM,2023-07-07,2023-07-14,market_wide,-2.267835994456623,-1.2262681408934235,-0.02151994268962787,-0.02251994268962787,0.03355804535030349,-0.05607798803993136
XOM,2023-07-17,2023-07-24,idiosyncratic,-2.800677589388421,0.33446809205371736,0.04083670550952556,0.03983670550952556,0.019191493354274725,0.020645212155250836
XOM,2023-08-16,2023-08-23,market_wide,-2.1797823813113286,-4.628492456156245,0.0076170496687790745,0.0066170496687790745,-0.002805646344937407,0.00942269601371648
XOM,2023-08-24,2023-08-31,market_wide,-3.0549970115783744,-2.6940677826862425,0.04551030173366555,0.04451030173366555,0.029511657803195313,0.014998643930470235
XOM,2023-09-21,2023-09-28,market_wide,-2.5340253256050427,-6.5435112270213045,0.04104221402910335,0.04004221402910335,-0.014293709217922945,0.054335923247026297
XOM,2023-10-02,2023-10-09,market_wide,-2.6065493296739874,-2.4555669022122584,-0.040733271557231054,-0.041733271557231055,0.0017742135607807796,-0.043507485118011835
XOM,2023-10-10,2023-10-17,idiosyncratic,-2.185591482397119,0.7558647968480023,0.0085106736555145,0.0075106736555145,0.0047535796261328755,0.0027570940293816246
XOM,2023-10-24,2023-10-31,market_wide,-2.0457270191326695,-2.1076008868700233,-0.02343383332947535,-0.024433833329475352,-0.0034205555316900726,-0.02101327779778528
XOM,2023-11-01,2023-11-08,market_wide,-2.6446842420929673,-1.2464359965272422,-0.025653013438249106,-0.026653013438249107,0.01208378956018552,-0.03873680299843463
XOM,2023-11-10,2023-11-17,idiosyncratic,-2.7858648179676617,0.33825096318771053,0.02091358476941596,0.01991358476941596,0.040953374744376214,-0.021039789974960255
XOM,2023-11-29,2023-12-06,idiosyncratic,-3.8208296327272495,-0.27259794184273095,-0.03156148468064923,-0.03256148468064923,0.016517356525837856,-0.04907884120648709
XOM,2023-12-08,2023-12-15,idiosyncratic,-2.3990808789744515,0.6900364914014143,0.013561126647620547,0.012561126647620546,0.038037965520776984,-0.025476838873156438
XOM,2023-12-28,2024-01-05,idiosyncratic,-2.6605387955446416,0.06003548915299933,0.024353747274837856,0.023353747274837855,-0.007379770810597264,0.03073351808543512
XOM,2024-01-10,2024-01-18,idiosyncratic,-3.659173667356758,-0.035902708095958115,-0.01915083473000989,-0.020150834730009892,-0.0028442125381624717,-0.01730662219184742
XOM,2024-01-19,2024-01-26,idiosyncratic,-2.7565787213706767,1.6384901244312156,0.06240348099645443,0.06140348099645443,-0.0022376330793626442,0.06364111407581707
XOM,2024-02-09,2024-02-16,idiosyncratic,-3.1189203337820204,0.6099715364811565,0.028731824742968648,0.027731824742968647,0.0021244835050311384,0.02560734123793751
XOM,2024-04-16,2024-04-23,market_wide,-3.3327556224637487,-3.228319919562997,0.01971510842996227,0.01871510842996227,0.006320826702473026,0.012394281727489243
XOM,2024-04-30,2024-05-07,market_wide,-2.489238533968305,-1.8016685979831315,-0.017755867774117307,-0.018755867774117307,0.012010986128602186,-0.030766853902719493
XOM,2024-05-08,2024-05-15,idiosyncratic,-2.4879527569673816,0.008607999194473514,0.02921366147228377,0.02821366147228377,0.030997051837504452,-0.0027833903652206837
XOM,2024-05-22,2024-05-30,idiosyncratic,-3.4909301628720915,-0.29428196865647,-0.012902843286403787,-0.013902843286403788,-0.03147469324585761,0.017571849959453822
XOM,2024-06-03,2024-06-10,market_wide,-2.2200699119681,-1.3438729256674256,-0.01197028535499256,-0.012970285354992561,0.01615630260046763,-0.029126587955460193
XOM,2024-06-11,2024-06-18,idiosyncratic,-3.7416831576563347,0.2919031656227871,-0.024873041861370848,-0.02587304186137085,0.015031760545904271,-0.04090480240727512
XOM,2024-07-08,2024-07-15,idiosyncratic,-2.2988218240531157,0.17228601043031422,0.027010185422881028,0.026010185422881027,0.018596277928724758,0.007413907494156269
XOM,2024-07-23,2024-07-30,market_wide,-2.170018196564429,-2.356068675437463,0.04197146195671064,0.04097146195671064,0.004380531717512737,0.036590930239197905
XOM,2024-08-05,2024-08-12,market_wide,-2.416151407374893,-5.457454484019832,0.0368562707465756,0.0358562707465756,0.01354268881811116,0.022313581928464443
XOM,2024-08-20,2024-08-27,idiosyncratic,-2.3288762910398084,-0.06573272684898411,0.027055324414494875,0.026055324414494874,0.01595698979347926,0.010098334621015614
XOM,2024-09-04,2024-09-11,market_wide,-2.7786463726993444,-3.816898063107241,-0.038050096748050266,-0.03905009674805027,0.0013961246712714814,-0.04044622141932175
XOM,2024-09-13,2024-09-20,idiosyncratic,-2.432916967795156,-0.24584742712671184,0.03706695290271034,0.036066952902710336,0.015797477484318145,0.02026947541839219
XOM,2024-09-26,2024-10-03,idiosyncratic,-2.09160882599677,0.18898966420162908,0.08670211269992478,0.08570211269992478,-0.008433786859591619,0.0941358995595164
XOM,2024-10-18,2024-10-25,idiosyncratic,-2.9076630968614983,0.05253509906740019,-0.004333019531088778,-0.005333019531088778,-0.0233169349761978,0.017983915445109022
XOM,2024-10-28,2024-11-04,market_wide,-3.9844896584734255,-1.5508103179885262,-0.0024389419602963702,-0.0034389419602963702,-0.01047998464872435,0.0070410426884279795
XOM,2024-11-19,2024-11-26,market_wide,-2.497336413123077,-1.2120956032508166,-0.005563452693581494,-0.006563452693581494,0.014493262166433318,-0.021056714860014814
XOM,2024-11-29,2024-12-06,idiosyncratic,-2.7215434647767327,0.3954623621080019,-0.03721592980421995,-0.03821592980421995,-0.006669170500747557,-0.031546759303472394
XOM,2024-12-10,2024-12-17,market_wide,-3.0882814830705243,-1.4089435781331543,-0.04135976679858766,-0.04235976679858766,-0.014952141076635006,-0.027407625721952655
XOM,2024-12-18,2024-12-26,market_wide,-3.6834056114772324,-11.988406310409376,0.0006577577738007268,-0.00034224222619927327,0.015415493568964989,-0.015757735795164263
XOM,2024-12-27,2025-01-06,market_wide,-2.4618557921395503,-1.2511626962941127,0.01183311974818646,0.01083311974818646,-0.0025843711876174513,0.01341749093580391
XOM,2025-01-10,2025-01-17,market_wide,-2.4992476448147296,-3.525253291581663,0.05425182921195848,0.05325182921195848,0.03734305494655654,0.015908774265401937
XOM,2025-01-31,2025-02-07,market_wide,-3.977287773585504,-1.4731626122807815,0.01928293931848324,0.018282939318483238,-0.024378161027995282,0.04266110034647852
XOM,2025-02-12,2025-02-20,market_wide,-2.176338432202522,-1.1273826116627736,0.043316244241519364,0.04231624424151936,0.027571150574226433,0.01474509366729293
XOM,2025-03-03,2025-03-10,market_wide,-3.952571188214656,-3.0551980238635887,0.03749070001073029,0.03649070001073029,-0.029317676400949177,0.06580837641167947
XOM,2025-04-03,2025-04-10,market_wide,-4.835855564775928,-6.255712697900366,-0.11118034700721335,-0.11218034700721335,-0.04043259221132467,-0.07174775479588869
XOM,2025-04-15,2025-04-23,market_wide,-2.248407748665877,-1.1371332766714457,0.04141604753561401,0.04041604753561401,0.00524861055069703,0.03516743698491698
XOM,2025-05-05,2025-05-12,idiosyncratic,-3.858632854105507,-0.20467944170635663,0.05703502342514444,0.05603502342514444,0.04612779042637705,0.00990723299876739
XOM,2025-05-22,2025-05-30,market_wide,-3.2599017401688597,-1.0589714666187933,-0.006506681974635664,-0.007506681974635664,0.010065498996604694,-0.01757218097124036
XOM,2025-06-03,2025-06-10,idiosyncratic,-2.0231084659194325,0.24170389971883788,0.03294791316321133,0.03194791316321133,0.027499597658469987,0.00444831550474134
XOM,2025-06-24,2025-07-01,idiosyncratic,-2.0506937629075144,1.6854765239321785,0.008307312719965987,0.007307312719965987,0.022367591457521874,-0.015060278737555888
XOM,2025-07-17,2025-07-24,idiosyncratic,-2.4778203078499783,1.063936746466956,-0.007791577985428622,-0.008791577985428622,-0.007814410630712643,-0.0009771673547159798
XOM,2025-08-04,2025-08-11,market_wide,-3.623926309769424,-1.2506182466178875,-0.014342932137312858,-0.015342932137312859,0.012124900094029334,-0.027467832231342193
XOM,2025-08-12,2025-08-19,idiosyncratic,-2.5080045652061425,1.224951890810613,0.02157333536405992,0.02057333536405992,0.004315853870203501,0.01625748149385642
XOM,2025-09-08,2025-09-15,idiosyncratic,-3.0561603929071195,-0.10474279486271437,0.022758347345389618,0.021758347345389617,0.02025335510350157,0.001504992241888048
XOM,2025-09-30,2025-10-07,idiosyncratic,-3.0867611727710043,-0.2180266675372308,0.01339245554067392,0.012392455540673919,0.011156530321928093,0.0012359252187458258
XOM,2025-10-10,2025-10-17,market_wide,-3.99921903499468,-5.68383549640935,0.01363669750059704,0.012636697500597038,0.029858841524197155,-0.017222144023600117
XOM,2025-11-04,2025-11-11,market_wide,-2.0547443979876707,-1.7325099345301582,0.049412985909653484,0.04841298590965348,0.019866181122942583,0.0285468047867109
XOM,2025-11-21,2025-12-01,market_wide,-2.232891808046008,-2.353941966308224,-0.0038435624931368872,-0.004843562493136887,0.023568217197573516,-0.028411779690710404
XOM,2025-12-02,2025-12-09,idiosyncratic,-2.6861438726891036,-0.17775699864552386,0.024874348048233852,0.02387434804823385,0.00795124775245215,0.0159231002957817
XOM,2025-12-16,2025-12-23,market_wide,-3.4049600127875483,-3.827728244920167,0.041332396924509185,0.040332396924509184,0.017483969253651033,0.02284842767085815
XOM,2026-02-24,2026-03-03,market_wide,-2.301386035928444,-1.3679160743433494,0.01721830197683749,0.01621830197683749,-0.009172183271764611,0.0253904852486021
XOM,2026-03-04,2026-03-11,market_wide,-2.1484429688737103,-2.189709331305282,0.011747358113817663,0.010747358113817662,-0.0179874501224917,0.02873480823630936
XOM,2026-04-02,2026-04-10,idiosyncratic,-2.2362744391148746,-0.23511386612697455,-0.05090549712398784,-0.05190549712398784,0.018514909704724802,-0.07042040682871265
XOM,2026-04-13,2026-04-20,idiosyncratic,-2.7978258780838843,0.3650746200218449,-0.032494865302573395,-0.033494865302573396,0.021868343663288492,-0.05536320896586189
XOM,2026-04-22,2026-04-29,idiosyncratic,-2.0654862574662163,0.08375149817385823,0.034581963271996585,0.033581963271996584,0.007953726897502289,0.025628236374494295
XOM,2026-05-06,2026-05-13,idiosyncratic,-2.4295043785391712,2.0757898637968206,0.019369141956318225,0.018369141956318225,0.013955062073011337,0.004414079883306887
XOM,2026-05-26,2026-06-02,idiosyncratic,-2.726848053375794,0.5924604937219938,-0.0016687196764172407,-0.0026687196764172407,0.014331577775781756,-0.017000297452198998
XOM,2026-06-11,2026-06-18,market_wide,-2.6074901787319726,-1.8163879727822445,-0.059959135818092424,-0.060959135818092425,0.010526561196559925,-0.07148569701465235
XOM,2026-06-22,2026-06-29,market_wide,-2.7118885566181934,-1.0268231793779723,-0.017404530506007543,-0.018404530506007544,-0.020733556679935483,0.0023290261739279394
XOM,2026-07-06,2026-07-13,idiosyncratic,-2.9374123007238153,0.6697025131686772,0.059146879208662906,0.058146879208662905,-0.003888580137386022,0.06203545934604893
XOM,2026-08-05,2026-08-12,idiosyncratic,-3.7831504293499365,-0.13060482992341066,0.05355133287343938,0.05255133287343938,0.013726047164880795,0.03882528570855859
XOM,2026-08-26,2026-09-02,market_wide,-2.497947866500184,-2.232900103142326,0.03767615755164866,0.03667615755164866,-0.002017300027858715,0.03869345757950737
ORCL,2015-07-20,2015-07-27,idiosyncratic,-2.6846181437230725,0.038452656869850214,-0.03556197044494791,-0.03656197044494791,-0.032511059824980815,-0.004050910619967096
ORCL,2015-08-11,2015-08-18,market_wide,-3.5702182869299137,-2.1455369210613595,0.016850012780907253,0.015850012780907252,0.001450386123491798,0.014399626657415454
ORCL,2015-08-20,2015-08-27,market_wide,-5.107307053930623,-6.9592080157018135,-0.04685489440280555,-0.04785489440280555,-0.016630950881944995,-0.031223943520860553
ORCL,2015-09-01,2015-09-09,market_wide,-2.6999598887305156,-2.485066512955967,0.02999238111678615,0.028992381116786148,0.01407459436125058,0.014917786755535567
ORCL,2015-09-17,2015-09-24,idiosyncratic,-2.429682937766723,-0.21648238060484062,-0.018508608649491443,-0.019508608649491443,-0.03583155479146016,0.01632294614196872
ORCL,2015-09-25,2015-10-02,market_wide,-2.5552617749702495,-2.9757726178856703,0.02330072435965813,0.02230072435965813,0.01766820220881482,0.00463252215084331
ORCL,2015-10-19,2015-10-26,idiosyncratic,-4.413219000343343,0.057213379991970105,0.04068316769843672,0.03968316769843672,0.018368231209182406,0.02131493648925431
ORCL,2015-11-11,2015-11-18,market_wide,-2.2711547417227016,-3.009390623740097,-0.008708734727696399,-0.0097087347276964,-0.0006150421658128735,-0.009093692561883526
ORCL,2015-12-03,2015-12-10,market_wide,-6.494159693768857,-7.871238135268209,0.01005053349468854,0.00905053349468854,-0.008991841734002803,0.018042375228691343
ORCL,2015-12-11,2015-12-18,market_wide,-4.438607413162475,-4.705110879386308,-0.023111800619654677,-0.024111800619654677,-0.0022694765968576114,-0.021842324022797066
ORCL,2015-12-21,2015-12-29,market_wide,-2.8140948730870603,-2.24568517007836,0.017023528552108314,0.016023528552108313,0.026892537564177532,-0.01086900901206922
ORCL,2015-12-31,2016-01-08,market_wide,-3.3161419178523266,-1.502556677341814,-0.04755347081853989,-0.04855347081853989,-0.060478142845151184,0.011924672026611294
ORCL,2016-01-11,2016-01-19,market_wide,-2.4655804953147187,-2.9246189284930044,-0.011162043866274396,-0.012162043866274397,-0.02305240149018517,0.010890357623910774
ORCL,2016-01-20,2016-01-27,market_wide,-3.196098259259611,-3.5432823351297653,0.02857999610610995,0.02757999610610995,0.009733565328135185,0.017846430777974764
ORCL,2016-02-09,2016-02-17,market_wide,-2.6362088955422203,-3.1897688407473312,0.04418481144403841,0.04318481144403841,0.04603220948965525,-0.0028473980456168446
ORCL,2016-04-05,2016-04-12,market_wide,-3.5104947513328835,-2.0147098910471146,0.0010032177165189005,3.217716518900439e-06,0.005581260446343439,-0.0055780427298245385
ORCL,2016-04-28,2016-05-05,market_wide,-4.321856627364001,-3.618730925190679,-0.02727485254296902,-0.02827485254296902,-0.02994472563862749,0.0016698730956584695
ORCL,2016-05-06,2016-05-13,market_wide,-2.3489223537039794,-2.192832516430353,0.005074625990251436,0.004074625990251436,-0.009475802021161939,0.013550428011413373
ORCL,2016-05-19,2016-05-26,market_wide,-4.533141808901692,-3.6299828519510036,0.02857846887170301,0.02757846887170301,0.03420505026103893,-0.006626581389335917
ORCL,2016-06-02,2016-06-09,idiosyncratic,-3.298151118374683,0.26137753302347055,0.010088011243472916,0.009088011243472915,0.0052296937854623415,0.003858317458010574
ORCL,2016-06-10,2016-06-17,market_wide,-2.701098922588153,-2.2876248379211575,0.024264387885970295,0.023264387885970295,-0.008128873217610244,0.03139326110358054
ORCL,2016-06-27,2016-07-05,market_wide,-3.029968689931442,-5.930540758939446,0.05375786233270308,0.052757862332703076,0.0352372011452835,0.017520661187419573
ORCL,2016-07-27,2016-08-03,market_wide,-2.8192334114290754,-1.0808253238378807,-0.005374894335152258,-0.006374894335152258,-0.008921849966845308,0.0025469556316930495
ORCL,2016-08-24,2016-08-31,market_wide,-3.2428900864143224,-2.7939213617924072,0.0036526112325856452,0.0026526112325856452,-0.003480388204221696,0.006132999436807341
ORCL,2016-09-01,2016-09-09,market_wide,-2.694886930778654,-2.664520038772374,-0.02745427515565857,-0.02845427515565857,-0.021258326163378083,-0.0071959489922804876
ORCL,2016-09-13,2016-09-20,market_wide,-2.7036604394043597,-3.378579969214353,-0.02762511874262996,-0.028625118742629962,0.006249452343911388,-0.03487457108654135
ORCL,2016-09-26,2016-10-03,market_wide,-2.635664136677685,-1.7188789664463393,-0.0010241152183521063,-0.0020241152183521063,0.011602844930675316,-0.013626960149027423
ORCL,2016-10-04,2016-10-11,market_wide,-3.2910532446907204,-2.189239366465673,-0.018336525050297037,-0.019336525050297038,-0.018590868194333643,-0.0007456568559633947
ORCL,2016-10-12,2016-10-19,market_wide,-3.552131072475215,-3.0486929421193127,0.007884635564169296,0.0068846355641692955,0.0020919001610206767,0.004792735403148619
ORCL,2016-10-20,2016-10-27,market_wide,-2.3294189244831602,-1.839448242888559,0.003412957819172613,0.002412957819172613,0.003175021976867143,-0.00076206415769453
ORCL,2016-11-02,2016-11-09,market_wide,-2.668117455477365,-4.557383747539192,0.0399683757416649,0.038968375741664896,0.03270424473825062,0.006264131003414275
ORCL,2016-12-01,2016-12-08,market_wide,-7.41779936786929,-1.6769748805807436,0.042635221467989703,0.0416352214679897,0.0289940608668684,0.012641160601121304
ORCL,2016-12-20,2016-12-28,idiosyncratic,-2.555989136861602,-0.015123363368802677,-0.008205024826843377,-0.009205024826843378,-0.009636020132122058,0.0004309953052786808
ORCL,2016-12-29,2017-01-06,market_wide,-2.5893219471640863,-3.1441855508759007,-0.0023112893639866128,-0.003311289363986613,0.013131090052546979,-0.016442379416533592
ORCL,2017-03-07,2017-03-14,market_wide,-2.1790773197243682,-2.41379227825758,0.004459939616009656,0.003459939616009656,-0.0024932613669419457,0.005953200982951602
ORCL,2017-04-03,2017-04-10,market_wide,-3.057005220917046,-1.2497770613041252,-0.009424584996715613,-0.010424584996715613,-0.0014832149399787165,-0.008941370056736897
ORCL,2017-04-13,2017-04-21,market_wide,-2.6670250746275213,-6.369539078913609,0.009772623189580498,0.008772623189580497,0.01383505738400359,-0.005062434194423093
ORCL,2017-05-17,2017-05-24,market_wide,-5.822452608302135,-7.704482343536438,0.01356552929545507,0.012565529295455069,0.019503653524052256,-0.006938124228597187
ORCL,2017-06-13,2017-06-20,idiosyncratic,-2.892518020172919,0.39825566221226466,0.019119307306580957,0.018119307306580956,-0.008652447053925316,0.026771754360506272
ORCL,2017-07-07,2017-07-14,market_wide,-2.183622168960941,-1.3991080647636391,0.02451886070641618,0.023518860706416178,0.017059381445519772,0.006459479260896406
ORCL,2017-08-01,2017-08-08,idiosyncratic,-2.3911943984223596,-0.21995174812375126,-0.021132556519798396,-0.022132556519798396,-0.0025067471941505604,-0.019625809325647836
ORCL,2017-08-09,2017-08-16,market_wide,-3.8605456134305713,-1.9437532489102394,0.003872760138649456,0.002872760138649456,0.008392702123609208,-0.005519941984959752
ORCL,2017-08-17,2017-08-24,market_wide,-2.459151882233268,-3.436815198869034,0.013182365089341896,0.012182365089341896,-0.001612051812698967,0.013794416902040862
ORCL,2017-09-15,2017-09-22,idiosyncratic,-4.2291420147691,0.16010871039204025,-0.011900092884227442,-0.012900092884227443,0.0027376779237384685,-0.01563777080796591
ORCL,2017-09-25,2017-10-02,market_wide,-2.0628069012961396,-1.8090668808140546,0.017302603401269323,0.016302603401269322,0.01615951893294576,0.00014308446832356214
ORCL,2017-11-10,2017-11-17,market_wide,-3.3127868624653947,-1.3128677947646614,-0.007705054771603215,-0.008705054771603216,0.00040689898583079476,-0.00911195375743401
ORCL,2017-11-20,2017-11-28,market_wide,-2.3068423802568705,-1.074992410989352,-0.00020417804077133006,-0.00120417804077133,0.016265912935869764,-0.017470090976641095
ORCL,2017-11-29,2017-12-06,idiosyncratic,-3.250409530587021,-0.08828108166390275,-0.00206112034880912,-0.00306112034880912,-0.0015994993692132198,-0.0014616209795959003
ORCL,2017-12-15,2017-12-22,idiosyncratic,-2.3065885419944463,0.7967953373256134,-0.01946139626591048,-0.02046139626591048,0.0035519124767438015,-0.024013308742654282
ORCL,2017-12-28,2018-01-05,idiosyncratic,-2.4543814194484455,-0.28631869721518866,0.019991459944664225,0.018991459944664224,0.032501309579467286,-0.013509849634803062
ORCL,2018-02-02,2018-02-09,market_wide,-4.111187002654658,-6.381825786134794,-0.04787530434209386,-0.04887530434209386,-0.052427261115022494,0.0035519567729286328
ORCL,2018-02-12,2018-02-20,market_wide,-2.092847056846792,-1.9740452953279226,0.03613702491647941,0.03513702491647941,0.02077618272788473,0.01436084218859468
ORCL,2018-03-01,2018-03-08,market_wide,-2.324941073144847,-3.9812440361865047,0.04868266709174973,0.04768266709174973,0.023220890161502084,0.024461776930247647
ORCL,2018-03-20,2018-03-27,market_wide,-12.517960645501867,-2.8333531301622754,-0.035493519020055375,-0.036493519020055376,-0.046220848385085556,0.00972732936503018
ORCL,2018-03-28,2018-04-05,market_wide,-2.2825197062131446,-2.436393869506402,0.021787550158167468,0.020787550158167467,0.020043020207530127,0.0007445299506373404
ORCL,2018-04-06,2018-04-13,market_wide,-2.971572565590338,-2.0742647773200886,0.027883065798041784,0.026883065798041783,0.02623085052853602,0.0006522152695057626
ORCL,2018-04-24,2018-05-01,market_wide,-2.786150834601609,-3.344689610648844,0.009224826927468843,0.008224826927468842,0.004648442582105838,0.003576384345363004
ORCL,2018-05-02,2018-05-09,market_wide,-2.9560572645100516,-3.1623824319690423,0.023511526188664034,0.022511526188664033,0.02385351176542483,-0.0013419855767607958
ORCL,2018-05-29,2018-06-05,market_wide,-3.2877082402490427,-5.57572266863802,0.018806599862281725,0.017806599862281725,0.024011943408186465,-0.00620534354590474
ORCL,2018-06-14,2018-06-21,idiosyncratic,-4.482315080408483,-0.07340899541645689,-0.06100204002687004,-0.06200204002687004,-0.018404840909282405,-0.04359719911758764
ORCL,2018-06-22,2018-06-29,market_wide,-2.114932275135288,-2.7766691210032066,-0.0009072198702250178,-0.0019072198702250178,-0.01855763206955019,0.01665041219932517
ORCL,2018-07-30,2018-08-06,market_wide,-6.761039467124429,-2.6342714834100005,0.01969374612944086,0.018693746129440858,0.006510573103340356,0.012183173026100502
ORCL,2018-08-15,2018-08-22,market_wide,-2.123540513385242,-2.4266033851383995,0.020066590269834705,0.019066590269834705,0.024578612889845752,-0.005512022620011048
ORCL,2018-09-05,2018-09-12,market_wide,-3.920847824473027,-1.1829742155505,0.0270604743909435,0.0260604743909435,-0.0011017045514086776,0.027162178942352178
ORCL,2018-10-04,2018-10-11,market_wide,-3.2036373131209963,-3.825557992310009,-0.054376365185581976,-0.05537636518558198,-0.062457405017918854,0.007081039832336877
ORCL,2018-10-12,2018-10-19,market_wide,-2.8042673580572037,-2.4215437143315577,0.008476547858372596,0.007476547858372596,-0.005293656942640723,0.012770204801013318
ORCL,2018-10-24,2018-10-31,market_wide,-2.9295756891299094,-5.515157178057051,0.04448243518667372,0.04348243518667372,0.0288102403024022,0.014672194884271517
ORCL,2018-11-14,2018-11-21,market_wide,-2.4391719527521385,-2.9374191439942687,-0.004504501745494438,-0.005504501745494438,-0.020014651641666603,0.014510149896172164
ORCL,2018-11-23,2018-11-30,market_wide,-2.5479282023281193,-3.3983822895852636,0.001232032097419733,0.00023203209741973294,0.05643436930746981,-0.05620233721005008
ORCL,2018-12-06,2018-12-13,market_wide,-4.970410106745561,-1.7315732502118313,0.011782247722447181,0.01078224772244718,-0.02075207022957437,0.03153431795202155
ORCL,2018-12-14,2018-12-21,market_wide,-2.6371626865020397,-3.3739015728327355,-0.05579431219060105,-0.05679431219060105,-0.0650264929008042,0.008232180710203152
ORCL,2018-12-24,2019-01-02,market_wide,-4.916663495981549,-3.607127859753687,0.05926421114075242,0.05826421114075242,0.07035963963586633,-0.012095428495113913
ORCL,2019-03-20,2019-03-27,idiosyncratic,-2.8969790898255328,-0.2558434848352596,0.003229764584035566,0.002229764584035566,-0.007453471398985223,0.009683235983020788
ORCL,2019-05-02,2019-05-09,market_wide,-2.4946141308724874,-1.7447264127556716,-0.006410212628565892,-0.007410212628565892,-0.024079459434696582,0.01666924680613069
ORCL,2019-05-13,2019-05-20,market_wide,-4.272594004806086,-4.449986711310372,0.004304609367843382,0.0033046093678433816,-0.0035890418253733403,0.006893651193216722
ORCL,2019-05-23,2019-05-31,market_wide,-3.8394546052091467,-2.7436834065560953,-0.046721829293908224,-0.047721829293908224,-0.025351392937975614,-0.02237043635593261
ORCL,2019-06-03,2019-06-10,market_wide,-3.2065607417381714,-3.2151351506321406,0.07503989262772093,0.07403989262772093,0.05544557562318975,0.01859431700453118
ORCL,2019-06-19,2019-06-26,idiosyncratic,-2.1538503573173995,0.2505404159483009,0.07555054921992044,0.07455054921992044,0.009048038313578255,0.06550251090634218
ORCL,2019-07-17,2019-07-24,market_wide,-3.5498164096592326,-1.9903909905914814,0.0020692437925962093,0.0010692437925962093,0.02613416814457814,-0.025064924351981932
ORCL,2019-07-31,2019-08-07,market_wide,-5.960140045535485,-2.647557955870816,-0.05257552017210987,-0.05357552017210987,-0.03586404119556352,-0.017711478976546347
ORCL,2019-08-09,2019-08-16,market_wide,-2.5017332319619774,-1.6487561212377884,-0.005751506510076387,-0.006751506510076387,0.000538970724967669,-0.007290477235044056
ORCL,2019-08-20,2019-08-27,market_wide,-2.402313013881279,-1.0587859462940523,-0.011136275119075445,-0.012136275119075446,0.0021430742255348356,-0.014279349344610281
ORCL,2019-08-28,2019-09-05,market_wide,-2.7076142969365256,-1.0680580875408232,0.03638128386877626,0.03538128386877626,0.034349881524581294,0.001031402344194965
ORCL,2019-09-17,2019-09-24,idiosyncratic,-2.6812523923676155,-0.11182175256897908,0.009078689372091553,0.008078689372091552,-0.01326276475762267,0.02134145412971422
ORCL,2019-09-25,2019-10-02,market_wide,-2.3938437469770135,-1.8725264326023985,-0.012816028439090688,-0.013816028439090688,-0.0387329080741462,0.02491687963505551
ORCL,2019-10-03,2019-10-10,market_wide,-2.1806806419812905,-2.796935633521734,0.03485885643598574,0.03385885643598574,0.006633102755176479,0.02722575368080926
ORCL,2019-10-22,2019-10-29,idiosyncratic,-2.8310212336586176,-0.25736177955503,0.012751676757900343,0.011751676757900342,0.012408800052426061,-0.0006571232945257188
ORCL,2019-12-02,2019-12-09,market_wide,-7.136630130674293,-2.2250313419487835,-0.0021646741193636077,-0.0031646741193636077,0.009030877771979862,-0.01219555189134347
ORCL,2019-12-13,2019-12-20,idiosyncratic,-2.5821551060298047,0.08841001698004217,-0.016694064861803137,-0.017694064861803138,0.013697632509213298,-0.031391697371016436
ORCL,2019-12-23,2019-12-31,idiosyncratic,-2.0585907353027046,0.16039723560624203,-0.0135914157503082,-0.014591415750308201,-0.005729603838701247,-0.008861811911606954
ORCL,2020-01-24,2020-01-31,market_wide,-3.9850910588253816,-1.3484841174970699,-0.02996093051582871,-0.03096093051582871,-0.04036837055778886,0.009407440041960147
ORCL,2020-02-03,2020-02-10,market_wide,-2.0500203288543495,-2.193765262510293,0.03578828263599121,0.03478828263599121,0.03061280546681644,0.004175477169174768
ORCL,2020-02-21,2020-02-28,market_wide,-3.036491499090177,-2.522202113299901,-0.09546465924927183,-0.09646465924927183,-0.11001629544762448,0.013551636198352646
ORCL,2020-03-03,2020-03-10,market_wide,-2.893349223721725,-2.331570388599403,-0.005527080321511391,-0.006527080321511391,-0.02299334434742173,0.016466264025910338
ORCL,2020-03-11,2020-03-18,market_wide,-3.961365924948124,-3.3324420576564813,0.05702151367649,0.05602151367649,-0.08627648550751088,0.14229799918400088
ORCL,2020-04-21,2020-04-28,market_wide,-2.5680604033458363,-1.8933436803339232,0.036834852789606076,0.035834852789606075,0.05102889022652546,-0.015194037436919383
ORCL,2020-05-01,2020-05-08,market_wide,-2.857330114454367,-1.7443197913224189,0.03436945729605245,0.03336945729605245,0.036260303992809995,-0.002890846696757543
ORCL,2020-05-13,2020-05-20,market_wide,-2.751576996742568,-2.951781449000206,0.024201430500397914,0.023201430500397913,0.05073038185247136,-0.02752895135207345
ORCL,2020-06-11,2020-06-18,market_wide,-5.846983554406538,-3.034098724813358,0.04638448818988361,0.04538448818988361,0.032490347591615176,0.012894140598268433
ORCL,2020-07-17,2020-07-24,idiosyncratic,-4.203093239283816,-0.04190895955541045,0.01366129132136229,0.012661291321362289,-0.008387079979052525,0.021048371300414814
ORCL,2020-07-27,2020-08-03,market_wide,-2.720224541790558,-1.0800902673483261,0.011565046202198781,0.01056504620219878,0.010513495414435248,5.155078776353239e-05
ORCL,2020-08-06,2020-08-13,idiosyncratic,-2.7266432371242497,0.5827113511101443,-0.022793032815163428,-0.02379303281516343,0.017506294720653903,-0.04129932753581733
ORCL,2020-08-14,2020-08-21,idiosyncratic,-2.5016380801177984,-0.1683435900923952,0.01826560022225787,0.01726560022225787,-0.0011482351285093673,0.018413835350767238
ORCL,2020-09-04,2020-09-14,market_wide,-3.0302239585362125,-2.9071293041629134,0.06692984410586567,0.06592984410586566,-0.0007653229536503936,0.06669516705951606
ORCL,2020-09-29,2020-10-06,market_wide,-2.206708902500641,-1.1700198497614078,0.0006726051304546399,-0.00032739486954536014,0.007618230055078445,-0.007945624924623806
ORCL,2020-10-19,2020-10-26,market_wide,-2.501494140043758,-1.964660672921002,-0.035726227879143146,-0.03672622787914315,-0.017634511401465214,-0.019091716477677934
ORCL,2020-10-27,2020-11-03,market_wide,-3.931928503381802,-3.660234723922188,-0.00490570121563938,-0.00590570121563938,0.005249487021493193,-0.011155188237132574
ORCL,2020-11-05,2020-11-12,idiosyncratic,-2.1749090377043974,0.6047181186069298,-0.0037065132386873145,-0.0047065132386873145,0.02033501084040945,-0.025041524079096766
ORCL,2020-11-18,2020-11-25,market_wide,-3.5478079461444754,-1.1295939279741491,0.020622134015205296,0.019622134015205295,0.0219005912103043,-0.002278457195099004
ORCL,2021-01-04,2021-01-11,market_wide,-3.1546360168971486,-2.2523480388447723,-0.0075108670799536315,-0.008510867079953632,0.03239574393519229,-0.04090661101514592
ORCL,2021-01-15,2021-01-25,market_wide,-3.3206085760009794,-1.337241295237996,-0.014243899606837807,-0.015243899606837807,0.005437631029354906,-0.020681530636192713
ORCL,2021-01-28,2021-02-04,market_wide,-2.1687639420720006,-1.8126491252037231,0.03479258983475808,0.03379258983475808,0.009504341191658883,0.024288248643099197
ORCL,2021-02-16,2021-02-23,idiosyncratic,-2.2181692239088497,-0.06440494879477288,0.03797879192480602,0.03697879192480602,-0.007400609540540559,0.04437940146534658
ORCL,2021-03-16,2021-03-23,idiosyncratic,-2.1970217061171113,-0.0785723394750512,0.006282545775835535,0.005282545775835535,-0.007820845355114736,0.01310339113095027
ORCL,2021-03-24,2021-03-31,market_wide,-3.050920506044158,-3.199514420936074,0.04997769081157499,0.04897769081157499,0.029913967317477086,0.019063723494097906
ORCL,2021-04-22,2021-04-29,market_wide,-3.0079823744028484,-1.8239739858971398,0.013356910315418302,0.012356910315418301,0.018170122481580897,-0.005813212166162596
ORCL,2021-05-28,2021-06-07,idiosyncratic,-2.7517578966279794,0.2510131059844837,0.06603954855568883,0.06503954855568883,0.008559874102779474,0.056479674452909356
ORCL,2021-06-16,2021-06-23,market_wide,-5.272554362199893,-1.5855895515315939,0.013233034892192963,0.012233034892192962,-0.0038171746263916395,0.0160502095185846
ORCL,2021-06-24,2021-07-01,idiosyncratic,-2.0163762876335065,0.47643956618181527,0.023154033753215675,0.022154033753215674,0.011156014220430555,0.01099801953278512
ORCL,2021-07-23,2021-07-30,idiosyncratic,-2.102911957284062,0.7884690364291601,-0.006272033320793624,-0.007272033320793624,-0.001872963912080583,-0.005399069408713041
ORCL,2021-08-18,2021-08-25,market_wide,-3.7483139197457844,-3.381729639417423,-0.0035976464715425926,-0.004597646471542593,0.010889175648711946,-0.01548682212025454
ORCL,2021-08-31,2021-09-08,idiosyncratic,-2.580689289605588,-0.15606917143825247,0.0038146826089755503,0.0028146826089755503,-0.010643453476241849,0.013458136085217398
ORCL,2021-09-13,2021-09-20,market_wide,-2.8692962538972595,-2.885063269688465,-0.03059966541055603,-0.03159966541055603,-0.023106660410241675,-0.008493005000314358
ORCL,2021-09-30,2021-10-07,market_wide,-2.1103038429234005,-3.4424278665460353,0.05945144697334803,0.05845144697334803,0.017493896233045536,0.040957550740302495
ORCL,2021-10-28,2021-11-04,idiosyncratic,-2.0767216296156734,0.5272893228817604,-0.006235078509605585,-0.007235078509605585,0.02241763307462996,-0.029652711584235547
ORCL,2021-11-05,2021-11-12,idiosyncratic,-2.941047557286994,0.3557582131658672,-0.014849995490189838,-0.01584999549018984,0.01074617168507741,-0.02659616717526725
ORCL,2021-11-24,2021-12-02,idiosyncratic,-2.5103275842328427,-0.13775990641450422,-0.03836278148112737,-0.039362781481127374,-0.03573045472212477,-0.003632326759002602
ORCL,2021-12-03,2021-12-10,market_wide,-3.528443793126683,-2.3569440249964044,0.16307809009062146,0.16207809009062146,0.03879382906073947,0.12328426102988199
ORCL,2021-12-23,2021-12-31,idiosyncratic,-2.352195440193894,0.34642041057337786,-0.02797571861293502,-0.02897571861293502,0.009569034974538981,-0.038544753587474
ORCL,2022-01-03,2022-01-10,idiosyncratic,-3.2254479960316806,0.028157274359314765,0.019473122769591455,0.018473122769591455,-0.004559672853252539,0.023032795622843993
ORCL,2022-01-18,2022-01-25,market_wide,-3.851987303306011,-4.361487675365384,-0.052367375485089185,-0.053367375485089186,-0.0322009285202699,-0.021166446964819285
ORCL,2022-01-26,2022-02-02,market_wide,-3.0586998482280165,-2.7671826564516286,0.036562347095665304,0.0355623470956653,0.053070544791466334,-0.01750819769580103
ORCL,2022-02-11,2022-02-18,market_wide,-3.9674214636404703,-3.5713176463205647,-0.06495284576008098,-0.06595284576008098,-0.017310219546465277,-0.0486426262136157
ORCL,2022-02-22,2022-03-01,market_wide,-3.474138402267962,-3.9325980263668967,0.025498895352148665,0.024498895352148664,0.0014845263727338853,0.02301436897941478
ORCL,2022-03-07,2022-03-14,market_wide,-2.1923987956520103,-3.644636879073238,0.03700220454996428,0.03600220454996428,-0.006216143604833357,0.042218348154797636
ORCL,2022-04-07,2022-04-14,market_wide,-2.710952496515549,-2.8914966233509767,-0.0256318934551375,-0.0266318934551375,-0.014301657202372975,-0.012330236252764526
ORCL,2022-04-18,2022-04-25,market_wide,-3.723219764240618,-2.935057843409534,-0.015852533782354516,-0.016852533782354517,-0.009261360581382827,-0.00759117320097169
ORCL,2022-04-26,2022-05-03,market_wide,-4.329801446044333,-4.5777907598017675,-0.016373966958934894,-0.017373966958934894,0.00515991963913609,-0.022533886598070985
ORCL,2022-05-04,2022-05-11,market_wide,-2.0872406303874858,-1.438117193569573,-0.05557772272116823,-0.05657772272116823,-0.06733222330597588,0.010754500584807647
ORCL,2022-05-12,2022-05-19,market_wide,-3.465712241576197,-3.06007811347709,-0.05217031443087272,-0.05317031443087272,-0.027419198997079564,-0.02575111543379316
ORCL,2022-05-20,2022-05-27,market_wide,-2.1695118981064505,-2.9995362496867997,0.06046930091757363,0.05946930091757363,0.057133791179351245,0.0023355097382223855
ORCL,2022-06-09,2022-06-16,market_wide,-3.9781985775966784,-2.7381705342061635,-0.007367690000347538,-0.008367690000347539,-0.07870082524474953,0.07033313524440199
ORCL,2022-06-22,2022-06-29,market_wide,-2.5123379727471824,-2.216355587726652,0.04028263612709604,0.03928263612709604,0.01551873767788492,0.02376389844921112
ORCL,2022-07-14,2022-07-21,market_wide,-2.2737825889245626,-2.870684468930785,0.07329036414357759,0.07229036414357759,0.05406802797468924,0.018222336168888353
ORCL,2022-08-22,2022-08-29,market_wide,-2.595858198425961,-2.4935361414568304,-0.02968865258222031,-0.03068865258222031,-0.02949948926801116,-0.0011891633142091518
ORCL,2022-08-30,2022-09-07,market_wide,-2.7647794020318703,-3.3528552577824726,0.004721025530864731,0.003721025530864731,-0.0016126943355703194,0.00533371986643505
ORCL,2022-09-08,2022-09-15,market_wide,-2.2685378842030652,-2.0566281053570927,-0.059075778562654224,-0.060075778562654225,-0.02907243476396615,-0.031003343798688077
ORCL,2022-09-16,2022-09-23,market_wide,-4.129096423261987,-3.4522008843901566,-0.062182143620562735,-0.06318214362056274,-0.04652463518869698,-0.016657508431865753
ORCL,2022-09-26,2022-10-03,market_wide,-3.3073537873708676,-3.9335842283467306,-0.0058311882740742504,-0.0068311882740742505,0.011711656124198111,-0.018542844398272362
ORCL,2022-10-10,2022-10-17,market_wide,-2.237894768392679,-2.621369430987949,0.07662655677461627,0.07562655677461627,0.02190579229173406,0.05372076448288221
ORCL,2022-11-09,2022-11-16,market_wide,-2.1077751420286286,-2.742087290741229,0.05590783761694773,0.05490783761694773,0.046310923157139694,0.008596914459808036
ORCL,2022-12-05,2022-12-12,market_wide,-3.1575299959018084,-1.5350281320834345,0.023290752400473957,0.022290752400473957,0.005112492924208345,0.01717825947626561
ORCL,2022-12-15,2022-12-22,market_wide,-2.2228296160958148,-3.414275460158742,0.005245311358990534,0.004245311358990534,-0.014549955710967843,0.018795267069958377
ORCL,2022-12-28,2023-01-05,market_wide,-2.293233878234516,-3.2524920089144342,0.049545774996905045,0.048545774996905044,0.018258226396514088,0.030287548600390957
ORCL,2023-02-07,2023-02-14,idiosyncratic,-2.7798640170913695,-0.2826128979312398,0.015386631961984643,0.014386631961984642,-0.010041462971607129,0.02442809493359177
ORCL,2023-02-17,2023-02-27,market_wide,-2.1601169576496684,-2.9029527655260825,0.007790848251336691,0.0067908482513366905,-0.025054843744976907,0.031845691996313596
ORCL,2023-03-01,2023-03-08,market_wide,-2.830370067509758,-2.8261252084622543,0.02490166595944876,0.02390166595944876,0.007543328083812639,0.01635833787563612
ORCL,2023-03-09,2023-03-16,market_wide,-2.778313228524776,-3.959729234856619,-0.023598380034668964,-0.024598380034668965,-0.001701875909790762,-0.022896504124878203
ORCL,2023-04-25,2023-05-02,market_wide,-2.976052781918461,-4.058077143360386,0.007867204953252882,0.006867204953252882,-0.004156432995082504,0.011023637948335385
ORCL,2023-05-24,2023-06-01,market_wide,-2.076747874407734,-2.4991221545224267,0.07801042732242114,0.07701042732242114,0.013287143528734058,0.06372328379368708
ORCL,2023-06-27,2023-07-05,market_wide,-2.41479324464007,-1.5845556376949776,-0.015953713138327053,-0.016953713138327053,0.004217742763511501,-0.021171455901838554
ORCL,2023-07-07,2023-07-14,market_wide,-3.853604600105951,-1.2262681408934235,0.044311620407044394,0.04331162040704439,0.03355804535030349,0.009753575056740904
ORCL,2023-07-26,2023-08-02,idiosyncratic,-3.593172236003335,0.02317645097903931,0.0018183649591840823,0.0008183649591840822,-0.011118867700359525,0.011937232659543606
ORCL,2023-08-03,2023-08-10,market_wide,-3.406966568804574,-3.5810994378477408,-0.013618468442361698,-0.014618468442361698,-0.008788919976207454,-0.005829548466154244
ORCL,2023-08-11,2023-08-18,market_wide,-3.0144091662480257,-2.625563036726713,0.030072580429806317,0.029072580429806316,-0.0194876347188897,0.04856021514869602
ORCL,2023-08-24,2023-08-31,market_wide,-3.0005227243638486,-2.6940677826862425,0.066247467797099,0.065247467797099,0.029511657803195313,0.03573580999390369
ORCL,2023-09-12,2023-09-19,market_wide,-5.448247769168559,-1.8087429438330576,0.028829547941387812,0.02782954794138781,-0.003000704000930776,0.030830251942318587
ORCL,2023-09-21,2023-09-28,market_wide,-2.5793891477794224,-6.5435112270213045,-0.029973552025965078,-0.03097355202596508,-0.014293709217922945,-0.016679842808042133
ORCL,2023-09-29,2023-10-06,market_wide,-2.319210554757709,-2.261327578164911,0.038141799804052745,0.037141799804052744,-0.010137949179121586,0.04727974898317433
ORCL,2023-10-19,2023-10-26,market_wide,-2.3759636854073096,-2.663838095544334,-0.07328768786091033,-0.07428768786091033,-0.026873338491033127,-0.04741434936987721
ORCL,2023-10-27,2023-11-03,market_wide,-2.300004370286252,-3.2173906629874165,0.06990807868187243,0.06890807868187243,0.059817263040834456,0.009090815641037975
ORCL,2023-12-04,2023-12-11,market_wide,-2.8508695244678344,-1.1401418448614433,-0.005614269583153142,-0.006614269583153142,0.011316455349921872,-0.017930724933075015
ORCL,2023-12-12,2023-12-19,idiosyncratic,-9.758956675034623,0.849987928428645,0.053963001936383925,0.052963001936383924,0.03923167610678058,0.013731325829603347
ORCL,2023-12-26,2024-01-03,idiosyncratic,-2.1647600865992374,0.16987262912103146,-0.03512567469940808,-0.036125674699408084,-0.008954410545914948,-0.027171264153493135
ORCL,2024-01-04,2024-01-11,market_wide,-2.8285903822149914,-3.157083765286905,0.02520699108478941,0.02420699108478941,0.008328799223722427,0.01587819186106698
ORCL,2024-02-13,2024-02-21,market_wide,-2.241607960186817,-1.2457011243382077,-0.048557291090917,-0.049557291090917,0.018668038459854097,-0.0682253295507711
ORCL,2024-03-27,2024-04-04,idiosyncratic,-2.5245095105121127,0.2314580126893671,-0.008621511805680715,-0.009621511805680716,-0.016217619380635373,0.006596107574954657
ORCL,2024-04-05,2024-04-12,market_wide,-2.791247800659742,-1.57669555826589,-0.027215029482226316,-0.028215029482226317,-0.019570261113634135,-0.008644768368592182
ORCL,2024-04-15,2024-04-22,market_wide,-4.1957675376459225,-5.1144621609831615,-0.04462800926082944,-0.04562800926082944,-0.004516236780753524,-0.041111772480075914
ORCL,2024-04-23,2024-04-30,market_wide,-2.4977712662570997,-1.6144033594727074,-0.011642991822376825,-0.012642991822376826,-0.0021696384367976274,-0.010473353385579198
ORCL,2024-05-01,2024-05-08,market_wide,-2.794194624076765,-2.1595342142042955,0.024077438300971865,0.023077438300971864,0.025825573326121898,-0.0027481350251500336
ORCL,2024-05-30,2024-06-06,market_wide,-7.01671038349975,-5.073603551426538,0.05474431034481597,0.05374431034481597,0.022818422782799885,0.030925887562016086
ORCL,2024-06-27,2024-07-05,idiosyncratic,-2.1748412249163778,-0.14675191975077664,0.033171696766721936,0.032171696766721936,0.003915255169143261,0.028256441597578674
ORCL,2024-07-17,2024-07-24,market_wide,-3.8964807586819767,-1.621891948526834,-0.003518378938817901,-0.004518378938817901,-0.027992409712411903,0.023474030773594
ORCL,2024-07-25,2024-08-01,market_wide,-2.8919257332679926,-3.950699558163748,-0.00224928795366508,-0.00324928795366508,0.014749565252893282,-0.017998853206558363
ORCL,2024-08-02,2024-08-09,market_wide,-5.085590333587654,-3.9256804729153907,-0.009153862129282708,-0.01015386212928271,-0.0037021275251042374,-0.006451734604178472
ORCL,2024-10-03,2024-10-10,market_wide,-2.542066347049647,-3.3082614894404996,0.05360434035401962,0.05260434035401962,0.02291922893194398,0.02968511142207564
ORCL,2024-10-23,2024-10-30,market_wide,-4.110289392432314,-2.2019549138798493,0.008434507847869366,0.007434507847869366,-0.006126864450260006,0.01356137229812937
ORCL,2024-10-31,2024-11-07,market_wide,-7.704342969518161,-7.226445857534267,0.11040275007773115,0.10940275007773115,0.05144228030858411,0.05796046976914704
ORCL,2024-11-29,2024-12-06,idiosyncratic,-2.233514385704263,0.3954623621080019,0.0370590788320464,0.0360590788320464,-0.006669170500747557,0.042728249332793955
ORCL,2024-12-10,2024-12-17,market_wide,-3.844764273685431,-1.4089435781331543,-0.04517831978490594,-0.04617831978490594,-0.014952141076635006,-0.031226178708270935
ORCL,2024-12-18,2024-12-26,market_wide,-3.200692784342744,-11.988406310409376,0.03790552355796861,0.03690552355796861,0.015415493568964989,0.021490029989003623
ORCL,2024-12-27,2025-01-06,market_wide,-2.343368903252094,-1.2511626962941127,-0.019353690876346086,-0.020353690876346087,-0.0025843711876174513,-0.017769319688728635
ORCL,2025-01-07,2025-01-15,market_wide,-4.333495137672983,-2.216073544455533,-0.02055729267794748,-0.02155729267794748,0.01852509437017491,-0.04008238704812239
ORCL,2025-02-21,2025-02-28,market_wide,-4.270094592910772,-3.3035691311345063,-0.0104284535939827,-0.011428453593982701,0.005511074308517605,-0.016939527902500306
ORCL,2025-03-03,2025-03-10,market_wide,-3.413927062879232,-3.0551980238635887,-0.08165661211914177,-0.08265661211914177,-0.029317676400949177,-0.05333893571819259
ORCL,2025-03-11,2025-03-18,market_wide,-3.70098617409245,-3.5297485921662366,0.03655154915015846,0.03555154915015846,0.01109264725302439,0.024458901897134067
ORCL,2025-03-27,2025-04-03,market_wide,-3.407177868517791,-1.140482443447588,-0.0586500600538542,-0.059650060053854204,-0.05623352518453051,-0.003416534869323695
ORCL,2025-04-04,2025-04-11,market_wide,-4.316969078569672,-6.375232148645987,0.03551437582002204,0.034514375820022036,0.033618889686305,0.0008954861337170383
ORCL,2025-04-16,2025-04-24,market_wide,-2.485546840475588,-1.8091096803810731,0.05972558755418467,0.058725587554184666,0.04671053857048135,0.012015048983703314
ORCL,2025-08-01,2025-08-08,market_wide,-2.0013327897226194,-4.433720592994128,0.023034140800534342,0.02203414080053434,0.02424067561864751,-0.0022065348181131705
ORCL,2025-08-13,2025-08-20,idiosyncratic,-3.497232737734998,0.39507441659212533,-0.03734950853681107,-0.03834950853681107,-0.0015495466180719397,-0.03679996191873913
ORCL,2025-08-21,2025-08-28,market_wide,-3.0971124393335927,-2.188738166272759,0.030708538211363212,0.02970853821136321,0.012874063469594743,0.016834474741768468
ORCL,2025-09-02,2025-09-09,market_wide,-4.106963643285628,-2.102189614649733,0.07194845518159343,0.07094845518159343,0.0014346211827869215,0.0695138339988065
ORCL,2025-09-25,2025-10-02,market_wide,-3.7229025453520537,-2.4059808983876314,-0.008752880819339781,-0.009752880819339782,0.02054154779002504,-0.03029442860936482
ORCL,2025-10-03,2025-10-10,idiosyncratic,-2.618993651863544,-0.0028574876943338575,0.025611035519483405,0.024611035519483404,-0.025749845278531414,0.05036088079801482
ORCL,2025-10-17,2025-10-24,market_wide,-2.2273563060657455,-1.3997543468437814,-0.027393443850579624,-0.028393443850579625,0.02021852786173617,-0.048611971712315794
ORCL,2025-10-27,2025-11-03,idiosyncratic,-2.1472821424574553,1.510203193638361,-0.08368879111214667,-0.08468879111214667,-0.0197177599749504,-0.06497103113719627
ORCL,2025-11-04,2025-11-11,market_wide,-3.5276439682388756,-1.7325099345301582,-0.048434596676129926,-0.04943459667612993,0.019866181122942583,-0.06930077779907251
ORCL,2025-11-13,2025-11-20,market_wide,-4.087471144080392,-2.2661534353958466,-0.031621994173956613,-0.032621994173956614,-0.044375119510128624,0.01175312533617201
ORCL,2025-11-21,2025-12-01,market_wide,-4.246302739164003,-2.353941966308224,0.010968111285113435,0.009968111285113435,0.023568217197573516,-0.013600105912460081
ORCL,2025-12-02,2025-12-09,idiosyncratic,-2.3505626073169545,-0.17775699864552386,0.10159113541677289,0.10059113541677289,0.00795124775245215,0.09263988766432074
ORCL,2025-12-11,2025-12-18,idiosyncratic,-2.687281717239133,0.6715969895723368,-0.09464423952394208,-0.09564423952394208,-0.01749629675511588,-0.0781479427688262
ORCL,2025-12-24,2026-01-02,idiosyncratic,-2.0152193013911317,0.4059614685788712,-0.00901314277538956,-0.01001314277538956,0.002670685595058675,-0.012683828370448236
ORCL,2026-01-06,2026-01-13,idiosyncratic,-2.1343488729252935,0.4206736976309905,0.0468372441963234,0.0458372441963234,0.00035372026247726396,0.04548352393384614
ORCL,2026-01-14,2026-01-22,market_wide,-2.302133841604762,-1.0638265843749157,-0.07969634679840609,-0.0806963467984061,0.004714418518364072,-0.08541076531677017
ORCL,2026-01-23,2026-01-30,market_wide,-2.6713848217706584,-1.143960491767206,-0.07100932996711051,-0.07200932996711051,-0.002910174509959007,-0.0690991554571515
ORCL,2026-02-02,2026-02-09,idiosyncratic,-4.230058312199501,-0.014710590741017425,-0.021679296891612077,-0.022679296891612077,0.016933652417264744,-0.03961294930887682
ORCL,2026-02-23,2026-03-02,market_wide,-3.501414742510433,-2.4499647129770206,0.05618852051259893,0.055188520512598926,0.005947247586738813,0.04924127292586011
ORCL,2026-03-18,2026-03-25,market_wide,-2.6049596769683463,-3.3564155248052976,-0.044996668160325104,-0.045996668160325105,-0.008141418544752255,-0.03785524961557285
ORCL,2026-03-26,2026-04-02,market_wide,-3.9161257485089536,-3.7870620135055826,0.02499814940100853,0.02399814940100853,0.012991430439630358,0.01100671896137817
ORCL,2026-04-07,2026-04-14,idiosyncratic,-2.568523605483386,0.030221658889445214,0.14248297088224504,0.14148297088224504,0.03728821353184797,0.10419475735039707
ORCL,2026-04-30,2026-05-07,idiosyncratic,-3.7906597849947077,0.8366573032479239,0.2057128783116351,0.2047128783116351,0.025119343876464528,0.17959353443517057
ORCL,2026-05-19,2026-05-27,market_wide,-3.5882051502829384,-2.218605099774812,0.052353173176055146,0.051353173176055145,0.03580788665090773,0.015545286525147417
ORCL,2026-06-09,2026-06-16,market_wide,-2.075588142462745,-2.9234807809858276,-0.08493272514372407,-0.08593272514372408,0.017609067182713378,-0.10354179232643745
ORCL,2026-06-17,2026-06-25,market_wide,-2.8625816966433346,-1.5842967815200526,-0.16929110438796602,-0.17029110438796602,0.00986061217930878,-0.1801517165672748
ORCL,2026-06-26,2026-07-06,market_wide,-3.2147245011021552,-3.449805193362769,-0.03211473029484091,-0.03311473029484091,-0.0018596998187870861,-0.031255030476053824
ORCL,2026-07-09,2026-07-16,idiosyncratic,-2.369060581148454,0.058813652707870215,-0.13575008329056437,-0.13675008329056437,0.007896616921497346,-0.14464670021206172
ORCL,2026-07-17,2026-07-24,market_wide,-2.5211275321246696,-3.337467148309723,-0.09034099729057221,-0.09134099729057221,0.004584070009412411,-0.09592506729998462
ORCL,2026-07-27,2026-08-03,market_wide,-2.3765322531130906,-2.804998492656336,0.18306926020262893,0.18206926020262892,0.01071918553565343,0.1713500746669755
ORCL,2026-08-18,2026-08-25,market_wide,-3.211054727074258,-3.674945447267015,0.013796493545283006,0.012796493545283005,0.012994579068207557,-0.0001980855229245515
ORCL,2026-09-01,2026-09-09,market_wide,-2.899912930774302,-3.5570295974470145,0.14371636361437634,0.14271636361437634,-0.003433753451316801,0.14615011706569314
ORCL,2026-09-14,2026-09-21,market_wide,-2.611330171653813,-2.7356758016511447,0.02603774050193297,0.02503774050193297,0.0006247254278302083,0.024413015074102762
TXN,2015-07-10,2015-07-17,market_wide,-2.9978865016548992,-1.2636876983450724,0.0071415051397931695,0.0061415051397931695,0.021559446477355415,-0.015417941337562246
TXN,2015-07-24,2015-07-31,market_wide,-3.056881194434424,-2.944076718473155,0.026343931705988588,0.025343931705988587,0.021551102566563785,0.0037928291394248026
TXN,2015-08-11,2015-08-18,market_wide,-2.0923437344832494,-2.1455369210613595,-0.01441554670926859,-0.01541554670926859,0.001450386123491798,-0.01686593283276039
TXN,2015-08-19,2015-08-26,market_wide,-4.899554650343087,-2.404745109891012,-0.07703264112330666,-0.07803264112330666,-0.06298513684351814,-0.015047504279788515
TXN,2015-09-22,2015-09-29,market_wide,-4.315291907938123,-3.0567485561153958,0.019738075071636718,0.018738075071636717,-0.02630460576853111,0.045042680840167826
TXN,2015-11-09,2015-11-16,market_wide,-2.023459341694057,-1.9131256941829888,-0.005768296169239573,-0.006768296169239573,-0.011899418867736267,0.005131122698496694
TXN,2015-12-08,2015-12-15,market_wide,-2.3580592456686538,-2.8121510463622283,-0.002080807543691776,-0.003080807543691776,-0.018059544430949925,0.014978736887258148
TXN,2015-12-17,2015-12-24,market_wide,-2.636651994148687,-1.9848084437684954,0.003891486809792788,0.002891486809792788,0.014068702409656186,-0.0111772155998634
TXN,2015-12-31,2016-01-08,market_wide,-3.8205390199453015,-1.502556677341814,-0.08118968040258767,-0.08218968040258767,-0.060478142845151184,-0.02171153755743649
TXN,2016-01-11,2016-01-19,market_wide,-2.6085008874325384,-2.9246189284930044,-0.0583872690163828,-0.059387269016382804,-0.02305240149018517,-0.036334867526197634
TXN,2016-01-20,2016-01-27,market_wide,-2.475655714543834,-3.5432823351297653,0.03387048954954852,0.03287048954954852,0.009733565328135185,0.023136924221413335
TXN,2016-02-05,2016-02-12,market_wide,-2.686082324368482,-2.809215653669104,0.025260523845364702,0.0242605238453647,0.004471492162728907,0.019789031682635794
TXN,2016-04-28,2016-05-05,market_wide,-2.093096644126612,-3.618730925190679,-0.0349293696043631,-0.035929369604363104,-0.02994472563862749,-0.005984643965735614
TXN,2016-05-06,2016-05-13,market_wide,-2.1910687710530747,-2.192832516430353,-0.0013986387417115331,-0.002398638741711533,-0.009475802021161939,0.0070771632794504056
TXN,2016-06-24,2016-07-01,market_wide,-5.611812177196864,-5.882218467048972,0.025933123450303075,0.024933123450303074,0.024393842233515928,0.0005392812167871464
TXN,2016-08-24,2016-08-31,market_wide,-2.351400438505502,-2.7939213617924072,-0.005150433276756572,-0.006150433276756572,-0.003480388204221696,-0.002670045072534876
TXN,2016-09-01,2016-09-09,market_wide,-2.030913407387004,-2.664520038772374,-0.04347207481386983,-0.04447207481386983,-0.021258326163378083,-0.02321374865049175
TXN,2016-09-12,2016-09-19,market_wide,-2.122312404020276,-1.6138622027749066,0.023549734698635083,0.022549734698635082,-0.010757594165897943,0.033307328864533026
TXN,2016-10-11,2016-10-18,market_wide,-4.0256008499624665,-4.844541862013216,0.007125980103895424,0.006125980103895424,0.0024655766270729185,0.0036604034768225055
TXN,2016-11-01,2016-11-08,market_wide,-2.570361737888798,-5.187922154744433,0.012973652201141883,0.011973652201141882,0.011472015220848952,0.0005016369802929299
TXN,2016-12-01,2016-12-08,market_wide,-3.541023692575014,-1.6769748805807436,0.02442798285722847,0.02342798285722847,0.0289940608668684,-0.00556607800963993
TXN,2016-12-30,2017-01-09,market_wide,-3.46185292512964,-4.183755368561927,0.018774704231308448,0.017774704231308447,0.017628990193819805,0.0001457140374886423
TXN,2017-02-09,2017-02-16,idiosyncratic,-3.1678274276213316,1.5850776276701584,0.012616044940419568,0.011616044940419568,0.019890730938270318,-0.00827468599785075
TXN,2017-03-21,2017-03-28,market_wide,-2.0783255845713224,-5.436513185020188,0.0107835140849315,0.0097835140849315,0.007940109849937427,0.0018434042349940727
TXN,2017-03-29,2017-04-05,market_wide,-2.2345394577756066,-1.3836458321331033,-0.005093732468750223,-0.006093732468750223,-0.004830001609729795,-0.001263730859020428
TXN,2017-04-10,2017-04-18,market_wide,-3.3248042253566563,-1.3617190069061587,-0.006489125044856325,-0.007489125044856325,-0.009411177463322762,0.0019220524184664365
TXN,2017-05-01,2017-05-08,idiosyncratic,-2.3181857886289494,0.038120520648037406,0.002144337714189648,0.001144337714189648,0.006811175807087677,-0.005666838092898029
TXN,2017-05-17,2017-05-24,market_wide,-3.630664564847034,-7.704482343536438,0.01741201238815604,0.01641201238815604,0.019503653524052256,-0.003091641135896217
TXN,2017-06-13,2017-06-20,idiosyncratic,-3.349429959026783,0.39825566221226466,-0.017532969525257514,-0.018532969525257514,-0.008652447053925316,-0.009880522471332198
TXN,2017-06-21,2017-06-28,market_wide,-3.126278936153399,-2.353718365151273,-0.020208365492119795,-0.021208365492119796,0.012522950310957404,-0.0337313158030772
TXN,2017-06-29,2017-07-07,market_wide,-3.6747340827797146,-3.983647003970447,0.020546130552038466,0.019546130552038465,-0.002635349716346158,0.022181480268384623
TXN,2017-08-10,2017-08-17,market_wide,-3.6663492881694064,-13.125030658286498,-0.0026132819897541903,-0.0036132819897541904,0.007207192371785798,-0.010820474361539989
TXN,2017-08-18,2017-08-25,market_wide,-2.8765094303562826,-2.9771997997229644,0.012629669413899203,0.011629669413899202,0.0037825368368775703,0.007847132577021632
TXN,2017-11-15,2017-11-22,market_wide,-2.1984991841145654,-4.93150654129651,0.013537341739195519,0.012537341739195518,0.019220709683339665,-0.006683367944144147
TXN,2017-11-29,2017-12-06,idiosyncratic,-2.7953314715043236,-0.08828108166390275,0.00144540791610126,0.00044540791610126005,-0.0015994993692132198,0.00204490728531448
TXN,2018-01-24,2018-01-31,idiosyncratic,-2.551619639156967,-0.0350085399204079,0.005259252080614507,0.004259252080614507,-0.005145281857746542,0.009404533938361048
TXN,2018-02-01,2018-02-08,market_wide,-2.337532988210639,-2.391087693996857,-0.11282686323479407,-0.11382686323479407,-0.08856422518268203,-0.02526263805211204
TXN,2018-02-09,2018-02-16,market_wide,-2.6122900681103807,-2.540615426058612,0.0396062264463124,0.0386062264463124,0.04287008757292288,-0.00426386112661048
TXN,2018-03-19,2018-03-26,market_wide,-3.8040665054719547,-3.147784738421913,-0.011681770928399837,-0.012681770928399838,-0.02855962058278938,0.015877849654389542
TXN,2018-03-27,2018-04-04,market_wide,-2.6532237828573306,-2.6497193418988,0.01608803242705359,0.015088032427053588,0.019879477241686372,-0.004791444814632784
TXN,2018-04-05,2018-04-12,market_wide,-2.5978961249073054,-1.2560423637107645,0.019562177278519055,0.018562177278519054,0.005135508890547591,0.013426668387971463
TXN,2018-04-20,2018-04-27,market_wide,-2.624560751666272,-1.0473235842208724,0.025510315459308597,0.024510315459308596,-0.004337780351311937,0.028848095810620533
TXN,2018-06-19,2018-06-26,market_wide,-3.1750968845488443,-1.9887020574714904,-0.018916140784374647,-0.019916140784374647,-0.01985129165115318,-6.484913322146735e-05
TXN,2018-06-27,2018-07-05,market_wide,-4.139333380370216,-3.6125015877153457,0.02509674856701305,0.02409674856701305,0.013123547538915092,0.010973201028097956
TXN,2018-07-25,2018-08-01,idiosyncratic,-2.160373418967971,1.8839680361131919,-0.014179469684273416,-0.015179469684273417,-0.010280344138544617,-0.0048991255457288
TXN,2018-08-10,2018-08-17,market_wide,-3.2052106579329185,-1.1540869325068495,-0.0040874719872266985,-0.0050874719872266985,0.00862048895793821,-0.01370796094516491
TXN,2018-08-20,2018-08-27,idiosyncratic,-2.6205653075675386,0.06645794851755918,0.057048863508431635,0.056048863508431634,0.022348593233707303,0.03370027027472433
TXN,2018-09-05,2018-09-12,market_wide,-3.0078171548115242,-1.1829742155505,-0.059300347745904314,-0.060300347745904315,-0.0011017045514086776,-0.05919864319449564
TXN,2018-09-14,2018-09-21,idiosyncratic,-2.3572705108540437,0.0465144852278524,0.044514637414516,0.043514637414516,0.01370553681698583,0.02980910059753017
TXN,2018-10-04,2018-10-11,market_wide,-3.5815492184472624,-3.825557992310009,-0.05988523696438275,-0.06088523696438275,-0.062457405017918854,0.001572168053536105
TXN,2018-10-12,2018-10-19,market_wide,-2.084878439654934,-2.4215437143315577,-0.02799510645777059,-0.028995106457770592,-0.005293656942640723,-0.02370144951512987
TXN,2018-10-22,2018-10-29,market_wide,-2.043126176319661,-2.458645001709018,-0.09566801533792513,-0.09666801533792513,-0.043292757693662476,-0.05337525764426265
TXN,2018-11-14,2018-11-21,market_wide,-2.042421307320346,-2.9374191439942687,0.015100119685346636,0.014100119685346635,-0.020014651641666603,0.03411477132701324
TXN,2018-12-04,2018-12-12,market_wide,-2.468410447711914,-1.6531929524768052,-0.003121483936645908,-0.004121483936645908,-0.020384538680600306,0.016263054743954397
TXN,2018-12-14,2018-12-21,market_wide,-2.5977143550606145,-3.3739015728327355,-0.04084462585296267,-0.04184462585296267,-0.0650264929008042,0.02318186704784153
TXN,2018-12-24,2019-01-02,market_wide,-3.592654464876088,-3.607127859753687,0.07574018847500752,0.07474018847500752,0.07035963963586633,0.004380548839141185
TXN,2019-01-03,2019-01-10,market_wide,-2.3697498612281573,-1.7060388890303213,0.09945969289398104,0.09845969289398104,0.05303816471648437,0.04542152817749667
TXN,2019-01-23,2019-01-30,market_wide,-2.8275242598426935,-1.010081830558536,0.07782975931240221,0.07682975931240221,0.021451936038442643,0.05537782327395957
TXN,2019-02-27,2019-03-06,idiosyncratic,-4.634820253409564,-0.15561037855881177,-0.0027434189040752566,-0.0037434189040752566,-0.010318383871813719,0.006574964967738462
TXN,2019-03-07,2019-03-14,market_wide,-3.701422063836132,-5.750336258406778,0.02048589435946191,0.01948589435946191,0.028112253412956534,-0.008626359053494626
TXN,2019-03-25,2019-04-01,market_wide,-2.620428466217271,-2.5738406631410387,0.01428430889964849,0.01328430889964849,0.02847119313886104,-0.01518688423921255
TXN,2019-05-07,2019-05-14,market_wide,-4.959383125423737,-6.097219321130673,-0.04292105998453244,-0.04392105998453244,-0.013816298420802342,-0.030104761563730098
TXN,2019-05-15,2019-05-22,market_wide,-2.158131519570223,-2.1508835751026147,-0.03182493624590799,-0.03282493624590799,-0.009370988625315269,-0.02345394762059272
TXN,2019-05-23,2019-05-31,market_wide,-2.6585736308736427,-2.7436834065560953,-0.014362744933821836,-0.015362744933821837,-0.025351392937975614,0.009988648004153777
TXN,2019-06-17,2019-06-24,idiosyncratic,-2.634639352202173,-0.042643184487591114,0.05631539284665199,0.05531539284665199,0.026555197187463353,0.028760195659188637
TXN,2019-08-05,2019-08-12,market_wide,-3.0156235860635854,-5.8328440023163655,0.026939572179831117,0.025939572179831116,0.011524423977346654,0.014415148202484462
TXN,2019-08-23,2019-08-30,market_wide,-2.494357159641303,-2.35714612883441,0.028763815093934664,0.027763815093934663,0.03523025229494725,-0.007466437201012588
TXN,2019-09-20,2019-09-27,market_wide,-3.0571484685832697,-1.1987527123584023,0.003710561283348346,0.002710561283348346,-0.01402811425738859,0.016738675540736936
TXN,2019-10-02,2019-10-09,market_wide,-2.1695205224481997,-5.841458478998098,0.004730440774653344,0.003730440774653344,0.008987368030311194,-0.00525692725565785
TXN,2019-10-23,2019-10-30,idiosyncratic,-9.59015298538689,-0.03851967435812911,-0.002287182088590023,-0.003287182088590023,0.016052287715903057,-0.01933946980449308
TXN,2019-11-01,2019-11-08,idiosyncratic,-2.3816695709198625,0.9387323129606959,0.017536552452988463,0.016536552452988462,0.027739160633894366,-0.011202608180905904
TXN,2019-11-11,2019-11-18,idiosyncratic,-2.6297803323142355,-0.26978792455470796,-0.0016088800073155163,-0.0026088800073155163,0.006466478102890916,-0.009075358110206433
TXN,2019-11-19,2019-11-26,idiosyncratic,-2.382519434697917,-0.05331748758801904,0.01094700951537897,0.009947009515378968,0.00986534622105939,8.16632943195783e-05
TXN,2019-12-03,2019-12-10,market_wide,-2.259429140938889,-3.421266528581822,0.03074295774372615,0.02974295774372615,0.014811945546267635,0.014931012197458515
TXN,2020-01-24,2020-01-31,market_wide,-2.347728967658958,-1.3484841174970699,-0.06894287807929633,-0.06994287807929633,-0.04036837055778886,-0.029574507521507476
TXN,2020-02-03,2020-02-10,market_wide,-2.4498866149236824,-2.193765262510293,0.05064813238955579,0.04964813238955579,0.03061280546681644,0.01903532692273935
TXN,2020-02-21,2020-02-28,market_wide,-3.1953754299188937,-2.522202113299901,-0.11188923722915578,-0.11288923722915578,-0.11001629544762448,-0.002872941781531302
TXN,2020-03-03,2020-03-10,market_wide,-2.5758139274297966,-2.331570388599403,-0.014849352376989255,-0.015849352376989256,-0.02299334434742173,0.007143991970432473
TXN,2020-03-11,2020-03-18,market_wide,-2.993934003240385,-3.3324420576564813,-0.061033035880090125,-0.062033035880090126,-0.08627648550751088,0.024243449627420754
TXN,2020-03-20,2020-03-27,market_wide,-2.532651234648989,-3.1839472383642913,0.02971304529241392,0.02871304529241392,0.08122506379851502,-0.0525120185061011
TXN,2020-04-01,2020-04-08,market_wide,-3.4485520721125615,-1.1614136307214746,0.13706303165193723,0.13606303165193723,0.11346411481648477,0.022598916835452454
TXN,2020-04-21,2020-04-28,market_wide,-2.960321477217488,-1.8933436803339232,0.06926242584695919,0.06826242584695918,0.05102889022652546,0.017233535620433726
TXN,2020-05-01,2020-05-08,market_wide,-2.5618048902921853,-1.7443197913224189,0.048217952584812096,0.047217952584812095,0.036260303992809995,0.0109576485920021
TXN,2020-05-12,2020-05-19,market_wide,-2.625490828796076,-1.6436784632828823,0.008863777563359543,0.007863777563359542,0.01296523766861446,-0.005101460105254918
TXN,2020-06-19,2020-06-26,market_wide,-2.213868555866038,-1.7531576278939376,-0.01217078953874684,-0.013170789538746841,-0.02880935720350508,0.01563856766475824
TXN,2020-07-24,2020-07-31,market_wide,-2.7595403947343162,-1.6507634426921651,-0.009272286478436698,-0.010272286478436699,0.012666593597119524,-0.022938880075556223
TXN,2020-08-03,2020-08-10,idiosyncratic,-2.335816448942345,0.9604756271272256,0.04709274156395815,0.04609274156395815,0.025229496471405266,0.020863245092552885
TXN,2020-09-03,2020-09-11,market_wide,-2.362067763813952,-2.053117455310048,-0.037410885028646645,-0.038410885028646646,-0.01802982906883721,-0.020381055959809435
TXN,2020-09-14,2020-09-21,market_wide,-2.394156871607797,-2.2262765128624316,-0.011188927030774787,-0.012188927030774788,-0.015566230855463159,0.0033773038246883713
TXN,2020-09-23,2020-09-30,market_wide,-3.74509611512096,-4.0602121846747306,0.05645182086687961,0.05545182086687961,0.028015568279729397,0.02743625258715021
TXN,2020-10-21,2020-10-28,market_wide,-3.3527563715364765,-2.6399080094517204,-0.021419494341958112,-0.022419494341958113,-0.051768144605608746,0.029348650263650633
TXN,2020-10-30,2020-11-06,market_wide,-2.5246842701301633,-3.0645501456694024,0.09094684963245658,0.08994684963245658,0.07742426146937897,0.012522588163077608
TXN,2020-11-18,2020-11-25,market_wide,-2.1589243579390796,-1.1295939279741491,0.02637589461335832,0.02537589461335832,0.0219005912103043,0.0034753034030540197
TXN,2020-12-11,2020-12-18,market_wide,-2.399401292267552,-1.5140868546601016,0.021542779566077863,0.020542779566077862,0.0024448276774506894,0.018097951888627173
TXN,2020-12-22,2020-12-30,market_wide,-2.293208911855494,-1.4319554348857437,0.0011076884206504545,0.00010768842065045445,0.00788774497397382,-0.007780056553323366
TXN,2021-01-26,2021-02-02,idiosyncratic,-2.1890329421800847,-0.1968188925043667,0.025308628004418576,0.024308628004418575,0.0037306377771966215,0.020577990227221954
TXN,2021-02-22,2021-03-01,market_wide,-2.2967515026997924,-3.8428103042887782,0.026460426079327304,0.025460426079327303,-7.576963450872665e-05,0.02553619571383603
TXN,2021-03-03,2021-03-10,market_wide,-2.839911684864022,-2.771171758082708,-0.006858562188270856,-0.007858562188270857,0.024662262524275613,-0.03252082471254647
TXN,2021-04-14,2021-04-21,idiosyncratic,-2.007547127700719,-0.2219549578407435,-0.007513165762237484,-0.008513165762237485,0.010537071131126119,-0.019050236893363603
TXN,2021-04-22,2021-04-29,market_wide,-2.9173725072381136,-1.8239739858971398,0.00010763383142764482,-0.0008923661685723552,0.018170122481580897,-0.019062488650153253
TXN,2021-04-30,2021-05-07,market_wide,-3.327534703195954,-1.1251640381311454,0.040164182883121624,0.03916418288312162,0.0342572377257806,0.004906945157341025
TXN,2021-05-12,2021-05-19,market_wide,-4.014037645942171,-7.250327227665126,0.028992043162569647,0.027992043162569646,0.02457754071166396,0.0034145024509056876
TXN,2021-06-08,2021-06-15,idiosyncratic,-2.9983578483291655,-0.22384110314400904,0.008987382199611371,0.00798738219961137,0.004059763485501744,0.003927618714109626
TXN,2021-06-18,2021-06-25,market_wide,-5.891094380737136,-7.10743346147284,0.027858098399738962,0.02685809839973896,0.030209772988179617,-0.0033516745884406562
TXN,2021-07-16,2021-07-23,market_wide,-4.387876848656336,-2.616814899364595,0.00952137065183778,0.008521370651837779,0.014346911028513931,-0.005825540376676153
TXN,2021-08-12,2021-08-19,idiosyncratic,-3.646508256181753,0.6589089249617829,-0.015063606145261033,-0.016063606145261033,-0.014448698995926046,-0.0016149071493349876
TXN,2021-08-20,2021-08-27,market_wide,-2.928042458724969,-1.4533314534672488,0.030004752309622518,0.029004752309622517,0.011363868159361745,0.01764088415026077
TXN,2021-09-09,2021-09-16,market_wide,-2.4585272156913556,-2.0173648618299005,0.04430425324711673,0.04330425324711673,0.0004652363802100101,0.04283901686690672
TXN,2021-09-28,2021-10-05,market_wide,-2.1027867507830296,-2.8177439256948373,-0.005182285690367605,-0.006182285690367605,-0.004540587391781314,-0.0016416982985862907
TXN,2021-10-11,2021-10-18,market_wide,-2.6928613536727455,-1.884509890267533,0.007964091988776456,0.006964091988776456,0.024583751608931115,-0.01761965962015466
TXN,2021-10-28,2021-11-04,idiosyncratic,-3.126229679964489,0.5272893228817604,0.023511080180117272,0.02251108018011727,0.02241763307462996,9.344710548730983e-05
TXN,2021-11-10,2021-11-17,market_wide,-2.5548260431257006,-1.047660326723483,0.013635019109020652,0.012635019109020651,0.004976456935982254,0.007658562173038397
TXN,2021-11-26,2021-12-03,market_wide,-2.8731997871361092,-6.27293592851571,0.02719669271881342,0.02619669271881342,-0.01429637575626086,0.04049306847507428
TXN,2021-12-14,2021-12-21,market_wide,-4.0009639661670535,-1.0000240640886995,-0.02049723385007496,-0.02149723385007496,-0.0034711422023774308,-0.01802609164769753
TXN,2021-12-23,2021-12-31,idiosyncratic,-2.1629209734731907,0.34642041057337786,0.005709800627837547,0.004709800627837547,0.009569034974538981,-0.0048592343467014345
TXN,2022-01-05,2022-01-12,market_wide,-2.5687626458366406,-1.8299541657075529,-0.004228818216747032,-0.005228818216747032,0.006003385304394815,-0.011232203521141848
TXN,2022-01-18,2022-01-25,market_wide,-2.506893257208501,-4.361487675365384,-0.04564406199473603,-0.04664406199473603,-0.0322009285202699,-0.01444313347446613
TXN,2022-01-27,2022-02-03,market_wide,-2.5012206350268453,-2.9026217980677873,0.011113662176935213,0.010113662176935212,0.03492712303239709,-0.024813460855461877
TXN,2022-02-07,2022-02-14,market_wide,-3.7701269168004905,-1.1370313340554705,-0.044012950933529416,-0.045012950933529416,-0.02468321596832912,-0.020329734965200297
TXN,2022-02-15,2022-02-23,market_wide,-2.876435893757275,-1.8516836248350905,-0.003189897123545782,-0.004189897123545782,-0.048053669052664616,0.04386377192911883
TXN,2022-03-07,2022-03-14,market_wide,-3.098240205242552,-3.644636879073238,0.011098403734003837,0.010098403734003836,-0.006216143604833357,0.016314547338837193
TXN,2022-04-01,2022-04-08,market_wide,-2.4507218314462818,-1.4110242993499125,-0.043771980083148976,-0.04477198008314898,-0.0026715532156583732,-0.042100426867490603
TXN,2022-04-11,2022-04-19,market_wide,-3.5873932951372254,-4.341404257707557,0.0414095438004507,0.0404095438004507,0.015583061190945546,0.02482648260950515
TXN,2022-04-22,2022-04-29,market_wide,-2.361744175996038,-5.348748018839077,-0.017656196635341015,-0.018656196635341016,-0.02237034324235765,0.003714146607016633
TXN,2022-05-05,2022-05-12,market_wide,-2.3334522706184058,-2.870582407565919,-0.019097413711376632,-0.020097413711376633,-0.03229394275172959,0.012196529040352955
TXN,2022-05-19,2022-05-26,market_wide,-2.436005379764172,-3.0754993745121437,0.038838011204838985,0.037838011204838984,0.04550623607101989,-0.007668224866180906
TXN,2022-06-07,2022-06-14,idiosyncratic,-2.1513241165579844,-0.19839902871722132,-0.09284671449863169,-0.09384671449863169,-0.08408529034544399,-0.009761424153187703
TXN,2022-06-15,2022-06-23,market_wide,-2.496866948049866,-2.3361315790612145,-0.030656995163326872,-0.03165699516332687,-0.008340112946257583,-0.02331688221706929
TXN,2022-07-01,2022-07-11,market_wide,-3.952969603212329,-1.0781082108047289,0.033795485586019414,0.03279548558601941,0.010102995017058358,0.022692490568961055
TXN,2022-08-18,2022-08-25,idiosyncratic,-2.277451847912073,-0.25152949061898794,-0.006444004079798171,-0.007444004079798171,-0.020340239530513116,0.012896235450714943
TXN,2022-08-26,2022-09-02,market_wide,-3.0219212694424247,-3.520072925476351,-0.03829175949136199,-0.03929175949136199,-0.026799067405189114,-0.012492692086172874
TXN,2022-09-06,2022-09-13,market_wide,-3.3485222310836007,-3.060873315209316,-0.0027591867613643295,-0.0037591867613643295,0.008977465439274024,-0.012736652200638354
TXN,2022-09-15,2022-09-22,market_wide,-2.7233544548958726,-3.2124777468412846,-0.00030756219737337886,-0.0013075621973733789,-0.037782205463759766,0.036474643266386386
TXN,2022-09-23,2022-09-30,market_wide,-3.102385163439988,-3.787108179806922,-0.04036193165436497,-0.04136193165436497,-0.025562429394902497,-0.015799502259462472
TXN,2022-10-07,2022-10-14,market_wide,-2.173634566126253,-2.287078223319572,-0.06868429242228435,-0.06968429242228436,-0.005221012386430801,-0.06446328003585355
TXN,2022-10-17,2022-10-24,market_wide,-2.5385281857005904,-1.3771254673914657,0.07060064013376666,0.06960064013376666,0.04648233673233371,0.02311830340143295
TXN,2022-11-03,2022-11-10,market_wide,-2.030571403123263,-2.570787696771227,0.11608729845442456,0.11508729845442456,0.07236742376475735,0.0427198746896672
TXN,2022-11-28,2022-12-05,market_wide,-2.840385881144456,-2.106153108564847,0.025375949081122506,0.024375949081122505,-0.0068336623884623915,0.031209611469584897
TXN,2022-12-06,2022-12-13,market_wide,-2.2388319708670212,-2.756861651068536,0.018125476253923356,0.017125476253923355,0.0223402892485165,-0.005214812994593143
TXN,2022-12-14,2022-12-21,market_wide,-2.265407634085258,-1.409908623321389,-0.0403254863119773,-0.0413254863119773,-0.028921993021845283,-0.012403493290132017
TXN,2022-12-22,2022-12-30,market_wide,-2.92216586968084,-2.6425800713850363,0.0031570948743120386,0.0021570948743120386,0.008844295407235858,-0.00668720053292382
TXN,2023-01-03,2023-01-10,market_wide,-2.559732765431953,-2.1203357537552567,0.09307033756567562,0.09207033756567562,0.0390829639464747,0.05298737361920092
TXN,2023-02-09,2023-02-16,market_wide,-2.157201953493298,-1.9514055936919157,0.006228956553599341,0.005228956553599341,-0.0025167720041479047,0.007745728557747245
TXN,2023-02-17,2023-02-27,market_wide,-2.7098443619791235,-2.9029527655260825,-0.02612367406354643,-0.027123674063546432,-0.025054843744976907,-0.0020688303185695256
TXN,2023-02-28,2023-03-07,market_wide,-2.0741115904388847,-2.539631904329418,0.0035580068784524244,0.0025580068784524243,0.005959985803856371,-0.003401978925403947
TXN,2023-03-10,2023-03-17,market_wide,-2.1074333017094014,-4.723577899227167,0.02371253126828088,0.022712531268280878,-0.0013821164392814334,0.02409464770756231
TXN,2023-04-06,2023-04-14,idiosyncratic,-2.490066036860871,-0.26349667786465025,0.004828212500458173,0.0038282125004581733,0.013503408151063878,-0.009675195650605706
TXN,2023-04-17,2023-04-24,idiosyncratic,-2.091518361540907,0.2512438141619666,-0.023049396329350325,-0.024049396329350325,0.0004999548153792333,-0.02454935114472956
TXN,2023-04-25,2023-05-02,market_wide,-6.8412345825585765,-4.058077143360386,-0.03217413148511272,-0.03317413148511272,-0.004156432995082504,-0.02901769849003022
TXN,2023-05-03,2023-05-10,market_wide,-2.4364816730262913,-2.1130893781159243,0.005848258857034105,0.004848258857034105,-0.006028162355301903,0.010876421212336007
TXN,2023-05-11,2023-05-18,market_wide,-2.9003894941519848,-1.1744444685071997,0.05360760717958124,0.05260760717958124,0.015549081981437007,0.03705852519814423
TXN,2023-06-09,2023-06-16,idiosyncratic,-2.23381244818357,0.15235298655368676,0.036168469032611394,0.035168469032611394,0.026878105651410245,0.008290363381201149
TXN,2023-06-21,2023-06-28,market_wide,-2.602158586050136,-1.0560449109360122,0.02627871642691093,0.02527871642691093,0.0034211746611036986,0.02185754176580723
TXN,2023-07-26,2023-08-02,idiosyncratic,-5.7724816004967385,0.02317645097903931,-0.01334310542163486,-0.01434310542163486,-0.011118867700359525,-0.003224237721275336
TXN,2023-08-03,2023-08-10,market_wide,-3.3916162781083172,-3.5810994378477408,-0.024679809062754354,-0.025679809062754355,-0.008788919976207454,-0.0168908890865469
TXN,2023-08-11,2023-08-18,market_wide,-2.688300559883748,-2.625563036726713,0.0017450961188418823,0.0007450961188418823,-0.0194876347188897,0.020232730837731583
TXN,2023-08-22,2023-08-29,market_wide,-2.3597161149846366,-2.282740496570168,0.021422787920418962,0.02042278792041896,0.02397238128233803,-0.003549593361919068
TXN,2023-09-07,2023-09-14,market_wide,-4.100151958671414,-1.25370972786991,0.008135551199896396,0.007135551199896396,0.01694321554317857,-0.009807664343282174
TXN,2023-09-15,2023-09-22,market_wide,-3.145519387171552,-2.699556147446174,-0.014205125504884841,-0.015205125504884842,-0.02993182703935182,0.01472670153446698
TXN,2023-09-25,2023-10-02,market_wide,-2.6370116529944494,-2.673117409774277,-0.005904263041805802,-0.006904263041805802,-0.019146060975624546,0.012241797933818743
TXN,2023-10-03,2023-10-10,market_wide,-3.557734596387279,-3.7842447314921617,0.0026073940238655613,0.0016073940238655613,0.018240495583536243,-0.016633101559670682
TXN,2023-10-16,2023-10-23,idiosyncratic,-2.8691362287901643,-0.05705188261639387,-0.051717548142068415,-0.052717548142068416,-0.02906325787342512,-0.023654290268643297
TXN,2023-10-24,2023-10-31,market_wide,-2.8856324434896874,-2.1076008868700233,-0.024559360927216445,-0.025559360927216446,-0.0034205555316900726,-0.022138805395526373
TXN,2023-11-01,2023-11-08,market_wide,-2.0352969898493405,-1.2464359965272422,0.014318600071624,0.013318600071623998,0.01208378956018552,0.0012348105114384778
TXN,2023-11-30,2023-12-07,idiosyncratic,-2.4592199025868013,0.5064570415367458,0.03254522456708786,0.03154522456708786,0.007393005090824856,0.024152219476263004
TXN,2024-01-03,2024-01-10,market_wide,-2.346260824411055,-3.083647271537395,0.0030585696221805403,0.0020585696221805403,0.010421075292066151,-0.008362505669885612
TXN,2024-01-11,2024-01-19,idiosyncratic,-2.4878085029763937,-0.09172803029772511,0.048611094529382726,0.047611094529382725,0.009573820526986854,0.03803727400239587
TXN,2024-01-26,2024-02-02,idiosyncratic,-2.358361707454121,-0.11609095874418655,-0.02214452811270684,-0.02314452811270684,-0.00689583212645517,-0.01624869598625167
TXN,2024-02-06,2024-02-13,idiosyncratic,-3.1479476230431516,-0.10128695598023997,-0.00959761029990469,-0.010597610299904692,0.0010045517766450462,-0.011602162076549738
TXN,2024-03-19,2024-03-26,idiosyncratic,-4.484642163501695,0.17470706720978407,0.0068962393969045355,0.0058962393969045354,0.013306355604190356,-0.007410116207285821
TXN,2024-04-04,2024-04-11,market_wide,-2.9927675020046887,-5.99813690108093,0.01584291654691783,0.014842916546917828,0.003970547844437844,0.010872368702479984
TXN,2024-04-12,2024-04-19,market_wide,-3.4784805868205804,-3.9793944561224457,-0.03998094189420198,-0.04098094189420198,-0.019737451052021404,-0.02124349084218058
TXN,2024-04-22,2024-04-29,market_wide,-2.5789333314326717,-2.204061846193429,0.09704454684485264,0.09604454684485264,0.013946278380537525,0.08209826846431512
TXN,2024-05-29,2024-06-05,market_wide,-2.3531404300417584,-2.2242853859109832,0.006002826593493493,0.005002826593493493,0.01638352420857836,-0.011380697615084867
TXN,2024-06-06,2024-06-13,idiosyncratic,-2.154832747005885,-0.003155811501485261,0.00020378020551525822,-0.0007962197944847418,0.009259033636467962,-0.010055253430952704
TXN,2024-06-14,2024-06-24,idiosyncratic,-2.914986667507294,0.0625319204748,5.172726806290662e-05,-0.0009482727319370934,0.020472772240368364,-0.02142104497230546
TXN,2024-06-27,2024-07-05,idiosyncratic,-3.0080427427704586,-0.14675191975077664,0.027710372194329036,0.026710372194329035,0.003915255169143261,0.022795117025185774
TXN,2024-07-19,2024-07-26,market_wide,-2.907790135642243,-4.177786165866628,0.014515213960585971,0.01351521396058597,0.012387306153462063,0.0011279078071239068
TXN,2024-08-01,2024-08-08,market_wide,-3.4307680907404388,-2.021649674384644,-0.00015529987513451804,-0.001155299875134518,-0.024873746419387,0.02371844654425248
TXN,2024-09-03,2024-09-10,market_wide,-2.9518395866533953,-5.290706641481491,-0.0100579626709566,-0.0110579626709566,-0.0015443792286818914,-0.009513583442274709
TXN,2024-09-11,2024-09-18,market_wide,-2.1168267498504685,-1.2659998294113672,-0.00839875024098169,-0.00939875024098169,0.021097831705406467,-0.030496581946388157
TXN,2024-10-01,2024-10-08,market_wide,-2.5718610016447405,-1.1140948903187138,0.003025774027869188,0.002025774027869188,0.011997804467792417,-0.00997203043992323
TXN,2024-10-18,2024-10-25,idiosyncratic,-3.4105679780193734,0.05253509906740019,0.04262608713737981,0.04162608713737981,-0.0233169349761978,0.06494302211357761
TXN,2024-11-13,2024-11-20,idiosyncratic,-2.1572801884442314,-0.12412365926074254,-0.03660315415948645,-0.03760315415948645,-0.017696342106859775,-0.019906812052626677
TXN,2024-11-21,2024-11-29,market_wide,-2.892286751723232,-1.1159663457889155,0.014278343191363785,0.013278343191363784,0.016114567953195547,-0.0028362247618317626
TXN,2024-12-03,2024-12-10,idiosyncratic,-3.5594578948842557,0.051789758312361565,-0.03574508004320953,-0.03674508004320953,-0.010153465980726861,-0.02659161406248267
TXN,2024-12-11,2024-12-18,idiosyncratic,-2.4783760470473912,-0.11968337172978528,-0.03495026986545957,-0.03595026986545957,-0.03739951077763892,0.0014492409121793504
TXN,2024-12-19,2024-12-27,market_wide,-3.4124674176687466,-3.455392710110286,0.03637426861989668,0.035374268619896676,0.01794630688217458,0.017427961737722097
TXN,2025-01-24,2025-01-31,idiosyncratic,-3.8106036135219776,-0.16859515398621444,0.0024532201374567464,0.0014532201374567464,-0.0006291879316497884,0.0020824080691065347
TXN,2025-02-03,2025-02-10,market_wide,-2.6325162224734555,-3.1700902547930188,-0.003481761529830707,-0.004481761529830707,-0.008489492582883007,0.0040077310530523
TXN,2025-02-12,2025-02-20,market_wide,-2.3479801433630043,-1.1273826116627736,0.13317417884171734,0.13217417884171734,0.027571150574226433,0.1046030282674909
TXN,2025-03-05,2025-03-12,market_wide,-2.1482549700477573,-2.6506722826380074,-0.10160059264525678,-0.10260059264525678,-0.03554203459227423,-0.06705855805298255
TXN,2025-03-13,2025-03-20,market_wide,-3.0600616748585545,-3.3670416541529735,0.04078341066589353,0.039783410665893526,0.024099520575793454,0.015683890090100072
TXN,2025-03-21,2025-03-28,market_wide,-2.2517998470243303,-1.5046205997777138,-0.01491615277376901,-0.01591615277376901,-0.013120745728310457,-0.0027954070454585533
TXN,2025-03-31,2025-04-07,market_wide,-2.0698539659613693,-2.6807932607089024,-0.14301608310179248,-0.14401608310179248,-0.10640306947818379,-0.03761301362360869
TXN,2025-04-08,2025-04-15,market_wide,-3.1705175057064756,-3.0602928934878517,0.035408496322732574,0.034408496322732574,0.058156920862111994,-0.02374842453937942
TXN,2025-04-16,2025-04-24,market_wide,-3.036791373299928,-1.8091096803810731,0.10631170620819108,0.10531170620819108,0.04671053857048135,0.05860116763770973
TXN,2025-05-23,2025-06-02,market_wide,-2.3565929984890346,-1.7694487558848153,0.04486663525768786,0.04386663525768786,0.01744035548142664,0.02642627977626122
TXN,2025-07-21,2025-07-28,idiosyncratic,-2.9233351569485317,0.28043159047233834,-0.11800349540485944,-0.11900349540485944,0.007084856191226896,-0.12608835159608633
TXN,2025-07-31,2025-08-07,market_wide,-2.3606104223642634,-1.3200368961830116,0.026786699280641146,0.025786699280641145,0.0010092320723942283,0.024777467208246917
TXN,2025-08-11,2025-08-18,idiosyncratic,-2.044984415563435,-0.27362763166457565,0.05780848673777328,0.05680848673777328,0.017366492210278306,0.03944199452749497
TXN,2025-09-03,2025-09-10,market_wide,-3.0341168659666558,-1.2323657029532455,-0.05992637350316221,-0.06092637350316221,0.025427696421212342,-0.08635406992437455
TXN,2025-09-11,2025-09-18,idiosyncratic,-2.4467821721510643,1.556494241766522,-0.014808964535808045,-0.015808964535808046,-0.0014556904668293624,-0.014353274068978683
TXN,2025-09-19,2025-09-26,idiosyncratic,-2.5702898043324516,0.6020810083248656,0.028879036867988317,0.027879036867988316,-0.014399666523676524,0.04227870339166484
TXN,2025-10-01,2025-10-08,idiosyncratic,-2.1893913053761804,0.5149043123416902,0.006707793242934024,0.005707793242934024,0.010126585017973255,-0.004418791775039232
TXN,2025-10-10,2025-10-17,market_wide,-5.634076323649955,-5.68383549640935,0.02842171644764968,0.02742171644764968,0.029858841524197155,-0.002437125076547475
TXN,2025-10-23,2025-10-30,idiosyncratic,-2.6294904065570184,0.07974071440498776,-0.06783207158105498,-0.06883207158105498,-0.00888466066889293,-0.05994741091216205
TXN,2025-11-04,2025-11-11,market_wide,-3.169504979844293,-1.7325099345301582,0.0023217693699355557,0.0013217693699355557,0.019866181122942583,-0.01854441175300703
TXN,2025-11-14,2025-11-21,market_wide,-3.1246447912919306,-2.11969413252747,0.0004393758681373594,-0.0005606241318626406,-0.024589410946466717,0.024028786814604075
TXN,2025-12-16,2025-12-23,market_wide,-2.2161090543417625,-3.827728244920167,-0.0027033214581875242,-0.0037033214581875242,0.017483969253651033,-0.021187290711838558
TXN,2025-12-26,2026-01-05,idiosyncratic,-2.4174819164188155,-0.010642688127108028,0.0016394387382794307,0.0006394387382794306,0.011581525763353806,-0.010942087025074376
TXN,2026-02-19,2026-02-26,market_wide,-3.446990818480429,-1.7098127420244507,-0.024856602370641023,-0.025856602370641024,0.0008426134714880629,-0.026699215842129087
TXN,2026-02-27,2026-03-06,market_wide,-2.7906521127024533,-1.8084349427362099,-0.0890104544192003,-0.0900104544192003,-0.03917631517898945,-0.05083413924021085
TXN,2026-03-09,2026-03-16,market_wide,-2.8420581960349938,-2.6173769842347117,-0.010550368039200508,-0.01155036803920051,-0.0022705222111805146,-0.009279845828019995
TXN,2026-03-18,2026-03-25,market_wide,-3.0773103985352352,-3.3564155248052976,0.031397379993815644,0.030397379993815643,-0.008141418544752255,0.0385387985385679
TXN,2026-03-30,2026-04-07,market_wide,-3.1934261924173675,-3.5873553721935623,0.07145162387949466,0.07045162387949466,0.027761586697680363,0.0426900371818143
TXN,2026-05-29,2026-06-05,idiosyncratic,-2.253222642845273,0.288667800635836,-0.06745613716444476,-0.06845613716444476,-0.020983712467135818,-0.047472424697308946
TXN,2026-06-08,2026-06-15,market_wide,-2.952259654458492,-3.018078161924131,0.07713988722068521,0.07613988722068521,0.01798062912043541,0.0581592581002498
TXN,2026-06-26,2026-07-06,market_wide,-4.274902323483809,-3.449805193362769,0.06330804530652667,0.06230804530652667,-0.0018596998187870861,0.06416774512531376
TXN,2026-07-16,2026-07-23,market_wide,-3.36594853046677,-1.1252079831676292,-0.021392894335179324,-0.022392894335179325,0.0014563110322216577,-0.023849205367400983
TXN,2026-07-24,2026-07-31,market_wide,-3.379330683593733,-2.913894417755896,-0.008685176875368184,-0.009685176875368184,0.007607941740814583,-0.017293118616182768
TXN,2026-08-03,2026-08-10,idiosyncratic,-3.426514402708743,1.6826436350914016,0.04237285732386131,0.04137285732386131,0.017295214430702144,0.024077642893159168
TXN,2026-08-13,2026-08-20,idiosyncratic,-2.699602161848784,0.3979058913889841,-0.028636165680441694,-0.029636165680441695,-0.005680990198460134,-0.02395517548198156
TXN,2026-08-21,2026-08-28,market_wide,-3.223518680206213,-2.7627296051335812,-0.021637051823551245,-0.022637051823551246,0.004467478244114531,-0.027104530067665777
TXN,2026-08-31,2026-09-08,market_wide,-2.99009142104703,-1.7458727939568999,-0.007627113588761114,-0.008627113588761115,-0.005254623210601217,-0.003372490378159898
COST,2015-07-27,2015-08-03,market_wide,-2.5786095725330167,-4.040997189495549,0.008804056149453343,0.007804056149453343,0.029948809970616885,-0.022144753821163543
COST,2015-08-04,2015-08-11,market_wide,-2.6074477550413273,-1.542933927897303,0.0072498315073163955,0.0062498315073163955,-0.004227641431955975,0.01047747293927237
COST,2015-08-19,2015-08-26,market_wide,-2.5283846608236797,-2.404745109891012,-0.04828794153407023,-0.049287941534070234,-0.06298513684351814,0.013697195309447907
COST,2015-11-09,2015-11-16,market_wide,-4.488893527892659,-1.9131256941829888,0.01092021391784126,0.009920213917841258,-0.011899418867736267,0.021819632785577525
COST,2015-12-09,2015-12-16,market_wide,-3.288798934095989,-3.6690897375025666,0.01903298856727509,0.018032988567275088,0.006942989976144398,0.01108999859113069
COST,2015-12-17,2015-12-24,market_wide,-2.5895284442719615,-1.9848084437684954,0.006659002269619796,0.005659002269619796,0.014068702409656186,-0.008409700140036391
COST,2016-01-04,2016-01-11,market_wide,-2.0935121510844805,-2.871066991941105,-0.030211932543721343,-0.031211932543721344,-0.047101082331162836,0.015889149787441492
COST,2016-01-13,2016-01-21,market_wide,-2.8864078494692933,-3.202590808834117,-0.011438344883869966,-0.012438344883869967,-0.017129685117419968,0.004691340233550001
COST,2016-01-25,2016-02-01,market_wide,-2.3495375210010696,-2.248010440752538,0.0031169779990494195,0.0021169779990494195,0.031653212878999915,-0.029536234879950496
COST,2016-02-02,2016-02-09,market_wide,-3.06372736057324,-1.3089167454347677,-0.0037711133161536514,-0.0047711133161536514,-0.0026322502580018448,-0.0021388630581518067
COST,2016-02-26,2016-03-04,idiosyncratic,-2.033510742581865,-0.11678858820874859,0.008150510355004803,0.007150510355004803,0.026997671250054367,-0.019847160895049565
COST,2016-03-07,2016-03-14,idiosyncratic,-3.7265737306176283,0.05474683003564168,0.030370914281787842,0.02937091428178784,0.009142116147162538,0.020228798134625303
COST,2016-03-22,2016-03-30,idiosyncratic,-2.0255510841038182,-0.04298380017231326,0.03527544258822535,0.03427544258822535,0.002826487495629415,0.03144895509259593
COST,2016-04-07,2016-04-14,market_wide,-2.6028314443697687,-2.039682707409551,-0.004143395810257133,-0.005143395810257133,0.02288514961038035,-0.028028545420637485
COST,2016-04-29,2016-05-06,market_wide,-4.591885747878546,-4.54185281311845,-0.011408828954068917,-0.012408828954068918,-0.01077177655685957,-0.0016370523972093487
COST,2016-05-11,2016-05-18,market_wide,-2.436126985220691,-1.9048958215600156,-0.03962746073951662,-0.04062746073951662,-0.011654992338815173,-0.028972468400701445
COST,2016-05-19,2016-05-26,market_wide,-2.7810646444221,-3.6299828519510036,0.049124525316666556,0.048124525316666555,0.03420505026103893,0.013919475055627628
COST,2016-06-24,2016-07-01,market_wide,-2.334228901228306,-5.882218467048972,0.003535400047059545,0.0025354000470595448,0.024393842233515928,-0.021858442186456384
COST,2016-07-27,2016-08-03,market_wide,-3.4148273135631357,-1.0808253238378807,-0.0001802952350825615,-0.0011802952350825615,-0.008921849966845308,0.007741554731762746
COST,2016-08-04,2016-08-11,market_wide,-2.124544889320426,-1.6622521647198232,0.010694839999869421,0.00969483999986942,0.01459872757188796,-0.004903887572018539
COST,2016-08-23,2016-08-30,idiosyncratic,-3.48382849511874,-0.284323274062029,-0.03226606506529117,-0.03326606506529117,-0.006409540086788734,-0.02685652497850244
COST,2016-08-31,2016-09-08,market_wide,-2.655733483036089,-3.001064157562087,-0.05318022717420734,-0.05418022717420734,-0.0032733864493442733,-0.05090684072486307
COST,2016-09-09,2016-09-16,market_wide,-3.507974490866706,-8.791225783241764,0.010949042684660126,0.009949042684660125,0.0028143179048794043,0.007134724779780721
COST,2016-09-19,2016-09-26,market_wide,-2.1868508684044476,-1.8151344527190296,-0.003952760131350153,-0.004952760131350153,-0.0014661964818907247,-0.003486563649459428
COST,2016-09-29,2016-10-06,market_wide,-4.851126174920503,-1.7522518539279888,0.013424573199485312,0.012424573199485311,0.0004666839374256604,0.011957889262059651
COST,2016-10-14,2016-10-21,market_wide,-2.8289361486412914,-2.664509598936039,-0.007858337715684338,-0.008858337715684339,0.005753745685826539,-0.014612083401510878
COST,2016-10-28,2016-11-04,market_wide,-2.148749391655555,-3.347536887493603,-0.04729058911951545,-0.04829058911951545,-0.014052753410605634,-0.034237835708909814
COST,2016-12-06,2016-12-13,idiosyncratic,-2.475122555030591,0.3027208781308146,0.05800941767115808,0.05700941767115808,0.031998235555761756,0.025011182115396324
COST,2016-12-30,2017-01-09,market_wide,-2.958192075002876,-4.183755368561927,0.005371599857480147,0.004371599857480147,0.017628990193819805,-0.013257390336339658
COST,2017-02-01,2017-02-08,market_wide,-3.471377797837802,-1.501597394593499,0.04333143685241425,0.04233143685241425,0.006347918607688463,0.03598351824472579
COST,2017-03-06,2017-03-13,market_wide,-4.941200791809037,-1.5362376032271767,-0.01307501838654268,-0.014075018386542681,-0.00019784886813678515,-0.013877169518405896
COST,2017-03-14,2017-03-21,market_wide,-2.2847744793200344,-2.852884317781265,0.0093197519051198,0.008319751905119799,-0.0035805894251358383,0.011900341330255637
COST,2017-05-10,2017-05-17,idiosyncratic,-2.1628716734187274,0.30687279305212706,-0.012839534347155568,-0.013839534347155569,-0.019938310989162655,0.006098776642007087
COST,2017-05-18,2017-05-25,market_wide,-2.8183537867754187,-2.7666827123257214,0.023488734257191668,0.022488734257191667,0.020846808939220862,0.0016419253179708049
COST,2017-06-15,2017-06-22,market_wide,-2.632032375070025,-1.7300032855272314,-0.1125735538706828,-0.1135735538706828,0.0022155090486994933,-0.11578906291938229
COST,2017-06-23,2017-06-30,market_wide,-2.6841679994073666,-2.1724130798181562,0.01782034086372075,0.01682034086372075,-0.006313740348120378,0.02313408121184113
COST,2017-07-03,2017-07-11,market_wide,-2.475969738566944,-2.370437297678583,-0.04854573467196244,-0.04954573467196244,-0.004262700905561356,-0.04528303376640108
COST,2017-07-12,2017-07-19,idiosyncratic,-2.4123846832656546,0.6340702612141284,-0.0033604888445698533,-0.004360488844569853,0.011395991343523537,-0.01575648018809339
COST,2017-07-20,2017-07-27,idiosyncratic,-3.2316762934980066,0.053521220391555845,0.010133121829089209,0.009133121829089208,-0.006661904729795554,0.01579502655888476
COST,2017-08-11,2017-08-18,market_wide,-2.087000935609407,-3.2749106740903717,0.0059510618443918695,0.0049510618443918695,0.0020705170232371284,0.002880544821154741
COST,2017-08-21,2017-08-28,market_wide,-2.270436381650788,-2.5434043773506296,-0.028777126936054498,-0.0297771269360545,0.004618271126850093,-0.03439539806290459
COST,2017-10-06,2017-10-13,idiosyncratic,-6.015041986792673,-0.14791864432322321,0.017569733847047964,0.016569733847047963,0.006933948929794598,0.009635784917253365
COST,2017-10-17,2017-10-24,idiosyncratic,-2.0360616559899376,0.22532880510001044,0.024687523865285277,0.023687523865285276,0.02024584018157438,0.0034416836837108944
COST,2017-12-28,2018-01-05,idiosyncratic,-2.555233735413909,-0.28631869721518866,0.0060551919735365445,0.0050551919735365445,0.032501309579467286,-0.027446117605930742
COST,2018-01-09,2018-01-17,idiosyncratic,-2.9288194810129067,0.2315979607080358,0.03220792915524573,0.03120792915524573,0.03466097356311315,-0.0034530444078674227
COST,2018-02-01,2018-02-08,market_wide,-2.0236899264585126,-2.391087693996857,-0.07680735488085244,-0.07780735488085244,-0.08856422518268203,0.01075687030182959
COST,2018-02-09,2018-02-16,market_wide,-2.441524313313756,-2.540615426058612,0.06281869693748043,0.06181869693748043,0.04287008757292288,0.018948609364557556
COST,2018-03-07,2018-03-14,market_wide,-2.4817512937492396,-1.693410362636699,-0.014570435395764969,-0.01557043539576497,0.009062139858259322,-0.02463257525402429
COST,2018-03-15,2018-03-22,market_wide,-2.682029134974118,-1.047641207603971,-0.01547120630218557,-0.01647120630218557,-0.04106213139440229,0.02459092509221672
COST,2018-03-23,2018-04-02,market_wide,-4.121401345698029,-4.724765367712079,0.010562066859505892,0.009562066859505891,-0.0028524804367403567,0.012414547296246248
COST,2018-04-03,2018-04-10,market_wide,-2.3344333328911624,-1.9680123013294022,0.00514716337532839,0.00414716337532839,0.013292962827206933,-0.009145799451878545
COST,2018-05-03,2018-05-10,market_wide,-2.636562793587848,-3.3262397910267403,0.015594736263851772,0.01459473626385177,0.04128057349158598,-0.02668583722773421
COST,2018-05-29,2018-06-05,market_wide,-2.0003737192372,-5.57572266863802,0.0055913847593631605,0.0045913847593631605,0.024011943408186465,-0.019420558648823305
COST,2018-06-06,2018-06-13,idiosyncratic,-2.2908265402532995,1.2854104610043258,0.03263190542857619,0.03163190542857619,0.0008223283187318575,0.030809577109844333
COST,2018-07-02,2018-07-10,market_wide,-2.226565538092571,-1.8376036512113352,0.017837705788305014,0.016837705788305013,0.02965554987658381,-0.012817844088278796
COST,2018-08-01,2018-08-08,market_wide,-2.545813561095756,-2.167754634129865,0.03431115670977336,0.03331115670977336,0.01911040380781226,0.0142007529019611
COST,2018-08-09,2018-08-16,idiosyncratic,-2.660101584754536,-0.2578687814104595,0.022681406355224087,0.021681406355224087,-0.0031707675940731983,0.024852173949297285
COST,2018-09-17,2018-09-24,market_wide,-2.9871563839804436,-1.3384352572184037,0.005775887012003267,0.004775887012003267,0.017411419461688116,-0.01263553244968485
COST,2018-09-26,2018-10-03,market_wide,-2.446102323848112,-1.6008086026904516,-0.0026090768820228316,-0.0036090768820228316,0.007512602945950464,-0.011121679827973296
COST,2018-10-04,2018-10-11,market_wide,-4.613621764548416,-3.825557992310009,-0.04255837441508403,-0.043558374415084034,-0.062457405017918854,0.01889903060283482
COST,2018-10-26,2018-11-02,market_wide,-5.80555351123742,-3.3527799828083293,0.05486053756767806,0.05386053756767806,0.04048004059258603,0.013380496975092027
COST,2018-11-15,2018-11-23,market_wide,-2.7701872960887255,-2.1381674612972335,-0.0429681443638833,-0.0439681443638833,-0.04009601116904726,-0.003872133194836036
COST,2018-11-26,2018-12-03,market_wide,-2.6208149940793346,-2.177476500312319,0.05755304115913562,0.05655304115913562,0.052375129138468646,0.004177912020666974
COST,2018-12-10,2018-12-17,market_wide,-2.060276740911473,-2.9069346187899323,-0.09175432726435606,-0.09275432726435606,-0.03532640539493215,-0.057427921869423915
COST,2018-12-18,2018-12-26,market_wide,-2.9650075919797714,-3.7937022173427732,-0.021479052624020833,-0.022479052624020834,-0.026377595588813474,0.0038985429647926395
COST,2018-12-27,2019-01-04,market_wide,-2.1060386240337956,-1.6348771472745005,0.025661275573764408,0.024661275573764407,0.01761291268115195,0.007048362892612459
COST,2019-01-24,2019-01-31,market_wide,-2.440489788057719,-1.0144815034149823,0.020541178987593556,0.019541178987593555,0.02522879749163498,-0.005687618504041425
COST,2019-02-01,2019-02-08,idiosyncratic,-2.6414060440059255,0.05455810460165179,-0.009315882865388314,-0.010315882865388315,0.002703328530083926,-0.013019211395472241
COST,2019-03-07,2019-03-14,market_wide,-2.0709217100135233,-5.750336258406778,0.07864769977493391,0.07764769977493391,0.028112253412956534,0.049535446361977375
COST,2019-04-11,2019-04-18,idiosyncratic,-2.5447661299132807,-0.21910914331719128,0.01894374290468681,0.01794374290468681,0.0235740472655368,-0.005630304360849991
COST,2019-04-26,2019-05-03,idiosyncratic,-2.0120877787674156,0.37277107423616623,0.003281221632575937,0.002281221632575937,0.009169767373288451,-0.006888545740712514
COST,2019-05-07,2019-05-14,market_wide,-4.437074278058757,-6.097219321130673,0.013346433701667548,0.012346433701667547,-0.013816298420802342,0.02616273212246989
COST,2019-05-29,2019-06-05,market_wide,-4.098993474917594,-4.1580437680841555,0.03020471223870591,0.02920471223870591,0.030989642489835267,-0.0017849302511293574
COST,2019-07-31,2019-08-07,market_wide,-6.946722268747099,-2.647557955870816,-0.00482576071703722,-0.00582576071703722,-0.03586404119556352,0.030038280478526302
COST,2019-08-12,2019-08-19,market_wide,-2.000207324460924,-2.3472836653430447,0.015848866354302826,0.014848866354302825,0.023787245528090084,-0.008938379173787259
COST,2019-09-11,2019-09-18,idiosyncratic,-3.718771388713505,0.49052511152492745,0.005985855502162574,0.004985855502162574,-0.005561826245031876,0.010547681747194448
COST,2019-09-19,2019-09-26,idiosyncratic,-3.3183973136279965,-0.14312838282799506,0.0014938522324843273,0.0004938522324843273,-0.008556289946673568,0.009050142179157894
COST,2019-09-27,2019-10-04,market_wide,-3.138659673039988,-3.282758832836386,0.020003666063881154,0.019003666063881153,-0.004367482656925659,0.02337114872080681
COST,2019-10-23,2019-10-30,idiosyncratic,-2.5207223251951927,-0.03851967435812911,0.00847553014017799,0.007475530140177989,0.016052287715903057,-0.00857675757572507
COST,2019-11-01,2019-11-08,idiosyncratic,-2.7595919618906612,0.9387323129606959,0.022054434954465352,0.02105443495446535,0.027739160633894366,-0.0066847256794290155
COST,2019-11-21,2019-11-29,market_wide,-2.8400856223813213,-1.1522523642312374,-0.0015318054804670522,-0.0025318054804670522,0.008553247042032197,-0.01108505252249925
COST,2019-12-02,2019-12-09,market_wide,-3.9264850231994277,-2.2250313419487835,-0.007498817106583511,-0.008498817106583512,0.009030877771979862,-0.017529694878563373
COST,2019-12-13,2019-12-20,idiosyncratic,-4.402333775037585,0.08841001698004217,0.01014111104920934,0.009141111049209338,0.013697632509213298,-0.004556521460003959
COST,2019-12-23,2019-12-31,idiosyncratic,-2.307692175989664,0.16039723560624203,0.0020796700875567176,0.0010796700875567175,-0.005729603838701247,0.006809273926257965
COST,2020-01-02,2020-01-09,idiosyncratic,-3.675676125016818,1.094272975087849,0.027205440121864877,0.026205440121864876,0.0071667688120506945,0.01903867130981418
COST,2020-01-31,2020-02-07,market_wide,-2.3315167628913716,-3.5966880765369935,0.028708976164008693,0.027708976164008692,0.03084188954217537,-0.0031329133781666796
COST,2020-02-24,2020-03-02,market_wide,-2.259157831569669,-7.995229010332425,-0.01428503002290693,-0.015285030022906931,-0.03722018447532904,0.021935154452422112
COST,2020-03-11,2020-03-18,market_wide,-2.0487559316840276,-3.3324420576564813,0.03385690496791249,0.03285690496791249,-0.08627648550751088,0.11913339047542337
COST,2020-03-23,2020-03-30,market_wide,-2.2733083307396376,-3.3033331928502148,0.019577575805794112,0.01857757580579411,0.15439379517270546,-0.13581621936691135
COST,2020-04-01,2020-04-08,market_wide,-2.309834166591143,-1.1614136307214746,0.06691537462462516,0.06591537462462516,0.11346411481648477,-0.04754874019185962
COST,2020-04-21,2020-04-28,market_wide,-2.723101832713432,-1.8933436803339232,0.012013102295566513,0.011013102295566513,0.05102889022652546,-0.040015787930958946
COST,2020-04-29,2020-05-06,idiosyncratic,-2.4108994306807268,1.3798895906559845,0.008159756343620428,0.007159756343620428,-0.0443690695893445,0.05152882593296493
COST,2020-05-12,2020-05-19,market_wide,-2.0822227469566683,-1.6436784632828823,-0.0006887571940360493,-0.0016887571940360493,0.01296523766861446,-0.01465399486265051
COST,2020-05-22,2020-06-01,idiosyncratic,-2.4351051531757095,-0.2930507894484424,0.019376518800427345,0.018376518800427344,0.03619495921276905,-0.017818440412341707
COST,2020-06-11,2020-06-18,market_wide,-5.639484806862812,-3.034098724813358,-0.004187961267433371,-0.005187961267433371,0.032490347591615176,-0.03767830885904855
COST,2020-06-19,2020-06-26,market_wide,-2.5282893746038204,-1.7531576278939376,-0.011136749380787792,-0.012136749380787792,-0.02880935720350508,0.01667260782271729
COST,2020-07-30,2020-08-06,market_wide,-2.5649880018857,-1.3900332457774265,0.056923769806942026,0.055923769806942025,0.018561140275635157,0.03736262953130687
COST,2020-09-03,2020-09-11,market_wide,-2.1043390902281502,-2.053117455310048,-0.026328100763406637,-0.027328100763406638,-0.01802982906883721,-0.009298271694569427
COST,2020-09-14,2020-09-21,market_wide,-2.571027341160257,-2.2262765128624316,-0.00976922361883703,-0.010769223618837032,-0.015566230855463159,0.004797007236626127
COST,2020-10-23,2020-10-30,market_wide,-2.0899113060931667,-1.9969123676963583,-0.04349365130174987,-0.04449365130174987,-0.05635455275365142,0.011860901451901551
COST,2020-11-02,2020-11-09,market_wide,-2.0222025176709657,-2.0948821634951162,0.0016742247484557993,0.0006742247484557993,0.08062150616887154,-0.07994728142041574
COST,2020-11-10,2020-11-17,idiosyncratic,-2.0359698992109565,-0.049619048686007534,0.041732510589207905,0.040732510589207904,0.015054259900127542,0.025678250689080362
COST,2020-12-03,2020-12-10,idiosyncratic,-2.453184775920365,-0.02434528242806077,-0.00336855824079052,-0.00436855824079052,0.010386943441497154,-0.014755501682287675
COST,2020-12-11,2020-12-18,market_wide,-2.441391116465247,-1.5140868546601016,-0.02159449142430936,-0.02259449142430936,0.0024448276774506894,-0.02503931910176005
COST,2020-12-21,2020-12-29,market_wide,-4.108747121885166,-1.1768620158123186,0.021234691863165178,0.020234691863165177,-0.00036459394408328016,0.020599285807248457
COST,2021-01-15,2021-01-25,market_wide,-3.0018763581972188,-1.337241295237996,-0.000773045075719847,-0.001773045075719847,0.005437631029354906,-0.007210676105074753
COST,2021-01-27,2021-02-03,market_wide,-3.2475914976774916,-3.189277166898783,-0.003311135773383267,-0.004311135773383267,0.022606165260309785,-0.026917301033693053
COST,2021-02-05,2021-02-12,idiosyncratic,-2.0177190003829093,0.2970585242141935,-0.006813806656665755,-0.007813806656665756,0.014589743970627289,-0.022403550627293045
COST,2021-02-22,2021-03-01,market_wide,-3.6208859894227743,-3.8428103042887782,-0.05265409097442986,-0.05365409097442986,-7.576963450872665e-05,-0.05357832133992113
COST,2021-03-02,2021-03-09,market_wide,-2.7578336766497684,-1.4047062862726298,-0.029471002619861242,-0.030471002619861243,0.011454873998493431,-0.041925876618354674
COST,2021-05-12,2021-05-19,market_wide,-2.347974337520063,-7.250327227665126,0.02004320748529853,0.01904320748529853,0.02457754071166396,-0.005534333226365429
COST,2021-05-28,2021-06-07,idiosyncratic,-4.013312797740677,0.2510131059844837,0.005630912052522863,0.004630912052522863,0.008559874102779474,-0.003928962050256612
COST,2021-06-08,2021-06-15,idiosyncratic,-2.2187954311021736,-0.22384110314400904,0.011087620745234172,0.010087620745234172,0.004059763485501744,0.006027857259732428
COST,2021-06-16,2021-06-23,market_wide,-3.3204155916082247,-1.5855895515315939,0.033104108028129575,0.032104108028129574,-0.0038171746263916395,0.035921282654521214
COST,2021-08-27,2021-09-03,idiosyncratic,-2.346816401266927,0.4031662175115399,0.027112762519916567,0.026112762519916566,0.0029506563704639888,0.023162106149452577
COST,2021-09-17,2021-09-24,market_wide,-2.346151817381407,-3.276904623749761,0.01793232164284242,0.01693232164284242,0.011458226064137156,0.0054740955787052625
COST,2021-09-28,2021-10-05,market_wide,-3.6529987035770053,-2.8177439256948373,-0.0024814797831599344,-0.0034814797831599345,-0.004540587391781314,0.00105910760862138
COST,2021-10-06,2021-10-13,market_wide,-2.3835600843663713,-1.6098135743807016,-0.008991001974700819,-0.00999100197470082,0.0030948352920299183,-0.013085837266730738
COST,2021-12-01,2021-12-08,market_wide,-2.5180451673106945,-3.915704427704471,0.0005094685234801055,-0.0004905314765198945,0.033817343794054544,-0.03430787527057444
COST,2022-01-05,2022-01-12,market_wide,-2.1140440889161605,-1.8299541657075529,-0.04386079994499681,-0.04486079994499681,0.006003385304394815,-0.050864185249391625
COST,2022-01-13,2022-01-21,market_wide,-2.6150571566216265,-2.797988422324653,-0.06823646350349866,-0.06923646350349866,-0.050647519791160445,-0.018588943712338213
COST,2022-01-24,2022-01-31,market_wide,-2.3796394513113355,-2.866780166693514,0.03319703887874015,0.03219703887874015,0.018717692435221922,0.013479346443518225
COST,2022-02-14,2022-02-22,market_wide,-2.9592041428714437,-3.643045063988991,-0.00864648610351082,-0.00964648610351082,-0.018075510019631813,0.008429023916120992
COST,2022-02-23,2022-03-02,market_wide,-4.458567958394007,-4.182224901488207,0.06610673021123104,0.06510673021123103,0.039306238461857435,0.0258004917493736
COST,2022-04-12,2022-04-20,market_wide,-2.1699541474254636,-3.6526074570878175,0.038134970371261234,0.03713497037126123,0.023663233291614016,0.013471737079647217
COST,2022-04-22,2022-04-29,market_wide,-4.055021823938636,-5.348748018839077,-0.06841888339911517,-0.06941888339911517,-0.02237034324235765,-0.04704854015675752
COST,2022-05-02,2022-05-09,market_wide,-3.3784085858801216,-2.573803783174972,-0.056943055974562284,-0.057943055974562285,-0.02386264672928584,-0.034080409245276444
COST,2022-05-10,2022-05-17,market_wide,-2.836791511795016,-3.465110105530296,-0.021915984857970083,-0.022915984857970084,0.02568278054464579,-0.04859876540261587
COST,2022-05-18,2022-05-25,market_wide,-6.6726576991958755,-3.314902863342677,0.02494186019606981,0.02394186019606981,0.013424075417908687,0.010517784778161121
COST,2022-06-10,2022-06-17,market_wide,-3.0511554499796407,-5.689146674726003,-0.035872298113478474,-0.036872298113478474,-0.05627703632861214,0.019404738215133666
COST,2022-08-11,2022-08-18,idiosyncratic,-3.9014847994162345,0.0,0.054039591692820466,0.053039591692820465,0.0172824730240273,0.035757118668793164
COST,2022-08-26,2022-09-02,market_wide,-3.9495594342662264,-3.520072925476351,-0.023899226153985875,-0.024899226153985876,-0.026799067405189114,0.001899841251203238
COST,2022-09-06,2022-09-13,market_wide,-2.936534333271319,-3.060873315209316,-0.016573450232203024,-0.017573450232203025,0.008977465439274024,-0.02655091567147705
COST,2022-09-14,2022-09-21,market_wide,-3.598277192489398,-2.5609900629418396,-0.02938958223522381,-0.03038958223522381,-0.04422585105026644,0.01383626881504263
COST,2022-09-22,2022-09-29,market_wide,-3.2462866567169932,-3.5997051854403974,-0.016811280716844568,-0.01781128071684457,-0.02701007982584791,0.009198799109003342
COST,2022-09-30,2022-10-07,market_wide,-2.6883449135480975,-3.248029488403687,-0.008723848254142963,-0.009723848254142964,0.02440462630409357,-0.03412847455823653
COST,2022-10-10,2022-10-17,market_wide,-3.703580194980509,-2.621369430987949,-0.004588999684108752,-0.005588999684108752,0.02190579229173406,-0.027494791975842814
COST,2022-10-20,2022-10-27,market_wide,-2.5013619421259334,-1.3064822686224453,0.07063049139308752,0.06963049139308752,0.05307500950920274,0.01655548188388478
COST,2022-11-04,2022-11-11,market_wide,-2.4947021471866533,-2.1714849129597136,0.05974381877403423,0.05874381877403423,0.0648806679984184,-0.006136849224384178
COST,2022-12-01,2022-12-08,idiosyncratic,-6.010491733342198,-0.0666291489331947,-0.04453605633624269,-0.04553605633624269,-0.022788039799988002,-0.02274801653625469
COST,2022-12-09,2022-12-16,market_wide,-2.327623491524814,-2.4737700978099415,-0.044656412789968014,-0.045656412789968015,-0.018185562663837973,-0.027470850126130042
COST,2022-12-19,2022-12-27,market_wide,-3.121696947747023,-3.8965871833029264,-0.00028327759700375044,-0.0012832775970037505,0.0029935652656443157,-0.004276842862648066
COST,2022-12-28,2023-01-05,market_wide,-3.2139810992774867,-3.2524920089144342,-0.006181103541874178,-0.007181103541874178,0.018258226396514088,-0.025439329938388267
COST,2023-02-09,2023-02-16,market_wide,-2.711020453626839,-1.9514055936919157,0.006931416025572901,0.005931416025572901,-0.0025167720041479047,0.008448188029720805
COST,2023-02-21,2023-02-28,market_wide,-2.5366027235661024,-5.4819192516399795,-0.03499813091760917,-0.03599813091760917,-0.006290539354203317,-0.029707591563405855
COST,2023-03-01,2023-03-08,market_wide,-3.5305076149337116,-2.8261252084622543,0.015396777325453304,0.014396777325453303,0.007543328083812639,0.006853449241640663
COST,2023-03-09,2023-03-16,market_wide,-2.7343741195431925,-3.959729234856619,0.01614125714261405,0.01514125714261405,-0.001701875909790762,0.016843133052404813
COST,2023-04-06,2023-04-14,idiosyncratic,-2.9047678734435554,-0.26349667786465025,0.01094681421176813,0.009946814211768129,0.013503408151063878,-0.003556593939295749
COST,2023-04-26,2023-05-03,market_wide,-2.3415932946868896,-3.6206426616004825,-0.009299288277420992,-0.010299288277420993,-0.0014371697036932307,-0.008862118573727762
COST,2023-05-04,2023-05-11,market_wide,-2.944716342882558,-2.8559266284618587,0.023555211844559443,0.022555211844559442,0.0033557005060176337,0.019199511338541808
COST,2023-05-19,2023-05-26,idiosyncratic,-2.7368630307764423,-0.2391402743785529,0.02163065082386928,0.02063065082386928,-0.005799243907689489,0.026429894731558767
COST,2023-07-07,2023-07-14,market_wide,-2.3332780324212643,-1.2262681408934235,0.04123427483360165,0.040234274833601646,0.03355804535030349,0.006676229483298157
COST,2023-08-02,2023-08-09,market_wide,-3.264791118222583,-3.7911654185072816,0.01330688054381346,0.012306880543813459,-0.019635203578654226,0.031942084122467684
COST,2023-08-17,2023-08-24,market_wide,-5.101998285640553,-4.502868956914656,-0.026311737252352918,-0.02731173725235292,-0.009368375252833294,-0.017943361999519625
COST,2023-08-25,2023-09-01,market_wide,-2.5994751981530797,-1.9893139100655852,0.01917544355819878,0.01817544355819878,0.024422744723830547,-0.006247301165631769
COST,2023-09-26,2023-10-03,market_wide,-3.444785563467038,-3.5192247625751407,0.021846000541196897,0.020846000541196896,-0.01582444996099841,0.036670450502195306
COST,2023-10-09,2023-10-16,idiosyncratic,-2.029820395688571,0.020228455672482725,0.023740012650462772,0.02274001265046277,0.0054039075946576975,0.017336105055805073
COST,2023-10-20,2023-10-27,market_wide,-3.610828561510947,-4.61636418937236,-0.017904795903681547,-0.01890479590368155,-0.024082654590721564,0.005177858687040016
COST,2023-10-31,2023-11-07,market_wide,-2.0190607388264654,-2.250335864313187,0.03598299557552953,0.03498299557552953,0.022058093442132387,0.012924902133397143
COST,2024-01-02,2024-01-09,market_wide,-2.0047675069263313,-1.3831873248102895,0.025405429813905034,0.024405429813905033,0.0025650315322129913,0.02184039828169204
COST,2024-01-25,2024-02-01,idiosyncratic,-2.101049912452414,0.570147312304288,0.03767532976409127,0.03667532976409127,-0.004658365283015997,0.041333695047107266
COST,2024-03-11,2024-03-18,market_wide,-4.242367194809411,-1.1225424965130826,0.02445084919584084,0.02345084919584084,0.004277688266145718,0.01917316092969512
COST,2024-03-19,2024-03-26,idiosyncratic,-2.309964091827877,0.17470706720978407,-0.0016253376504348216,-0.0026253376504348216,0.013306355604190356,-0.01593169325462518
COST,2024-03-27,2024-04-04,idiosyncratic,-2.1239341471764344,0.2314580126893671,-0.03715443804996732,-0.03815443804996732,-0.016217619380635373,-0.021936818669331948
COST,2024-04-05,2024-04-12,market_wide,-2.188658239340908,-1.57669555826589,0.024645647276907434,0.023645647276907433,-0.019570261113634135,0.04321590839054157
COST,2024-04-18,2024-04-25,market_wide,-2.496147164503451,-2.822868494538,0.016546343388902818,0.015546343388902817,0.016704644860277007,-0.0011583014713741902
COST,2024-06-27,2024-07-05,idiosyncratic,-2.298389958482068,-0.14675191975077664,0.04120527047029232,0.04020527047029232,0.003915255169143261,0.03629001530114906
COST,2024-07-12,2024-07-19,idiosyncratic,-2.532889720942958,-0.23631969610425838,-0.005658979185871216,-0.006658979185871216,-0.010925773122672289,0.004266793936801073
COST,2024-07-22,2024-07-29,market_wide,-2.029051779999399,-2.1876984841531923,-0.036226465230519866,-0.03722646523051987,0.0038960334656938933,-0.04112249869621376
COST,2024-07-30,2024-08-06,market_wide,-2.8733383382268536,-2.841375662627463,0.00845649888909894,0.00745649888909894,-0.0403446330551287,0.04780113194422764
COST,2024-08-07,2024-08-14,market_wide,-2.605375360613802,-3.043121809860271,0.06467984449063002,0.06367984449063002,0.03560337435224992,0.028076470138380105
COST,2024-09-03,2024-09-10,market_wide,-2.8344907666666628,-5.290706641481491,0.017892705573319123,0.016892705573319122,-0.0015443792286818914,0.018437084802001014
COST,2024-09-27,2024-10-04,idiosyncratic,-4.027786659878945,-0.16417577093058006,-0.0028339953467683143,-0.0038339953467683143,-0.001106335156245919,-0.0027276601905223954
COST,2024-10-07,2024-10-14,market_wide,-3.002556379332566,-2.9977897172083545,0.018509847377532695,0.017509847377532695,0.029366718148571946,-0.011856870771039252
COST,2024-10-18,2024-10-25,idiosyncratic,-2.1482964982076145,0.05253509906740019,0.0018660478554808346,0.0008660478554808346,-0.0233169349761978,0.024182982831678634
COST,2024-10-29,2024-11-05,market_wide,-2.9142171254152607,-1.2572955802647048,0.004918542231488132,0.003918542231488132,0.001277008631824117,0.0026415335996640152
COST,2024-12-17,2024-12-24,market_wide,-2.8551619608506797,-1.921492682672297,-0.023684507097401886,-0.024684507097401887,-0.01042294758044826,-0.014261559516953626
COST,2024-12-27,2025-01-06,market_wide,-3.1240734958306993,-1.2511626962941127,-0.01808028187357691,-0.01908028187357691,-0.0025843711876174513,-0.01649591068595946
COST,2025-01-13,2025-01-21,market_wide,-2.286561032065386,-3.3151854718458122,0.024905347483961116,0.023905347483961115,0.04722189291416301,-0.023316545430201896
COST,2025-02-21,2025-02-28,market_wide,-3.3034991135068927,-3.3035691311345063,0.013120714666681854,0.012120714666681853,0.005511074308517605,0.006609640358164248
COST,2025-03-06,2025-03-13,market_wide,-2.898647936426611,-3.8328217183038378,-0.13247353892992975,-0.13347353892992975,-0.03487404548283446,-0.09859949344709529
COST,2025-03-14,2025-03-21,market_wide,-2.3385934755971265,-2.2351998261137296,0.005907624233421949,0.004907624233421949,0.0010609447163514307,0.003846679517070518
COST,2025-04-04,2025-04-11,market_wide,-2.7487628859716797,-6.375232148645987,0.05120679420442187,0.05020679420442187,0.033618889686305,0.01658790451811687
COST,2025-05-14,2025-05-21,idiosyncratic,-3.3152682681314642,0.07129070793209875,0.034048074960511654,0.03304807496051165,0.003343405214039974,0.02970466974647168
COST,2025-06-06,2025-06-13,idiosyncratic,-2.047151686199853,0.5655063233756262,-0.024365870566817938,-0.02536587056681794,0.016830257566151863,-0.0421961281329698
COST,2025-06-16,2025-06-24,idiosyncratic,-2.852421452259046,-0.2758724517301551,0.017838975699377757,0.016838975699377756,0.011462950886544698,0.005376024812833058
COST,2025-07-02,2025-07-10,idiosyncratic,-2.2953413488766534,0.28033215238272535,-0.012408972353678993,-0.013408972353678994,0.0049797367804309545,-0.01838870913410995
COST,2025-07-15,2025-07-22,market_wide,-3.303096259706029,-1.2080162785993422,-0.026940741816038005,-0.027940741816038006,-0.0019120850014875401,-0.026028656814550466
COST,2025-07-23,2025-07-30,idiosyncratic,-2.8502205852690605,2.2469893239694043,-0.014534810618324956,-0.015534810618324957,-0.013020511913246158,-0.002514298705078799
COST,2025-08-21,2025-08-28,market_wide,-3.4374437636371087,-2.188738166272759,-0.02549287661049371,-0.02649287661049371,0.012874063469594743,-0.03936694008008845
COST,2025-09-02,2025-09-09,market_wide,-2.868132541526828,-2.102189614649733,0.043064651121213604,0.0420646511212136,0.0014346211827869215,0.04063002993842668
COST,2025-09-16,2025-09-23,idiosyncratic,-2.3718378929671764,-0.1410087281223057,-0.008896436995296186,-0.009896436995296187,0.011492024955508828,-0.021388461950805016
COST,2025-09-24,2025-10-01,market_wide,-2.6797220194868636,-1.2107546719473652,-0.029547132655000974,-0.030547132655000975,0.0008188991431414827,-0.03136603179814246
COST,2025-10-02,2025-10-09,idiosyncratic,-2.406632651686012,0.2428340070083274,0.028491355956390185,0.027491355956390184,0.0006572185834075039,0.02683413737298268
COST,2025-10-24,2025-10-31,idiosyncratic,-2.703320730733384,0.9396814632678646,-0.020812861673311533,-0.021812861673311534,-0.005196697035294018,-0.016616164638017517
COST,2025-11-17,2025-11-24,market_wide,-3.201127939801378,-3.2249712789681273,-0.029005305796190872,-0.030005305796190873,-0.006145659642432966,-0.023859646153757907
COST,2025-12-04,2025-12-11,idiosyncratic,-2.002567510563246,0.044428455511864036,-0.012702835292271675,-0.013702835292271676,0.0165578172041958,-0.030260652496467477
COST,2025-12-12,2025-12-19,market_wide,-2.250878391624444,-2.794550765745321,-0.03261837826148428,-0.03361837826148428,-0.000984446062834654,-0.03263393219864963
COST,2025-12-23,2025-12-31,idiosyncratic,-2.427740289729875,0.15262590350029806,0.008832676305151832,0.007832676305151831,-0.0007863087294134319,0.008618985034565263
COST,2026-01-02,2026-01-09,market_wide,-2.456696825236757,-1.0344996228400225,0.0823640292944583,0.0813640292944583,0.03697240945580993,0.044391619838648366
COST,2026-01-29,2026-02-05,idiosyncratic,-2.726286523287315,-0.27411598485905775,0.03961791989949259,0.03861791989949259,0.0069068394077478334,0.03171108049174476
COST,2026-02-19,2026-02-26,market_wide,-2.0294495077140264,-1.7098127420244507,-0.0010933144943530149,-0.002093314494353015,0.0008426134714880629,-0.0029359279658410778
COST,2026-03-05,2026-03-12,market_wide,-2.840617279052298,-3.209947358134913,0.0211180538312985,0.0201180538312985,-0.017740121895366445,0.037858175726664944
COST,2026-03-18,2026-03-25,market_wide,-3.675012033032123,-3.3564155248052976,-0.005163592803507311,-0.006163592803507311,-0.008141418544752255,0.001977825741244944
COST,2026-04-13,2026-04-20,idiosyncratic,-3.1815977546967495,0.3650746200218449,0.017321799323508635,0.016321799323508634,0.021868343663288492,-0.0055465443397798575
COST,2026-05-06,2026-05-13,idiosyncratic,-2.42016837738945,2.0757898637968206,0.03748927692476478,0.03648927692476478,0.013955062073011337,0.022534214851753442
COST,2026-05-26,2026-06-02,idiosyncratic,-3.2042148428112336,0.5924604937219938,-0.04851778818147423,-0.04951778818147423,0.014331577775781756,-0.06384936595725599
COST,2026-06-05,2026-06-12,market_wide,-2.2622722697166378,-3.9556234038199216,0.010783287442408751,0.00978328744240875,0.011190798940857505,-0.0014075114984487547
COST,2026-06-17,2026-06-25,market_wide,-2.8088210676653387,-1.5842967815200526,-0.02418216164821607,-0.025182161648216073,0.00986061217930878,-0.035042773827524853
COST,2026-06-26,2026-07-06,market_wide,-2.2620731455331167,-3.449805193362769,-0.002404111197009895,-0.003404111197009895,-0.0018596998187870861,-0.0015444113782228088
COST,2026-07-09,2026-07-16,idiosyncratic,-4.680001528961114,0.058813652707870215,0.03570766626964028,0.03470766626964028,0.007896616921497346,0.026811049348142935
COST,2026-08-07,2026-08-14,idiosyncratic,-2.3530803832632783,0.1271737689446776,0.01401106556002052,0.013011065560020518,0.020523350841304966,-0.007512285281284448
COST,2026-08-20,2026-08-27,market_wide,-4.534754333433718,-4.5878613934193115,0.0012318704318927676,0.00023187043189276755,0.019822404631891555,-0.019590534199998788
COST,2026-08-28,2026-09-04,market_wide,-2.1669065712599487,-1.6309418452520636,-0.03144465862479007,-0.03244465862479007,0.001336541381494749,-0.03378120000628482
COST,2026-09-08,2026-09-15,market_wide,-3.5954981849542507,-2.020110400694813,-0.009701396603857382,-0.010701396603857383,-0.013974664666982162,0.003273268063124779
QCOM,2015-07-10,2015-07-17,market_wide,-2.324254509211798,-1.2636876983450724,0.02566546905482081,0.02466546905482081,0.021559446477355415,0.003106022577465395
QCOM,2015-07-24,2015-07-31,market_wide,-3.6701351702220673,-2.944076718473155,0.044614015943551966,0.043614015943551965,0.021551102566563785,0.02206291337698818
QCOM,2015-08-11,2015-08-18,market_wide,-2.964783607567339,-2.1455369210613595,-0.019664498592239843,-0.020664498592239844,0.001450386123491798,-0.022114884715731642
QCOM,2015-08-19,2015-08-26,market_wide,-3.675781624095033,-2.404745109891012,-0.07388021236239051,-0.07488021236239051,-0.06298513684351814,-0.011895075518872367
QCOM,2015-09-01,2015-09-09,market_wide,-2.39925430534381,-2.485066512955967,-0.012722540304318852,-0.013722540304318853,0.01407459436125058,-0.027797134665569434
QCOM,2015-09-11,2015-09-18,market_wide,-2.3809410072959425,-1.0020452919481475,-0.0038419647482300645,-0.0048419647482300645,-0.007247448453733374,0.0024054837055033093
QCOM,2015-09-21,2015-09-28,market_wide,-2.305809422584214,-1.1864382435735807,-0.03401392909974765,-0.035013929099747654,-0.04299238536165839,0.007978456261910738
QCOM,2015-09-29,2015-10-06,market_wide,-3.1489011886703215,-3.3089676019758283,0.07419375195100697,0.07319375195100697,0.056837681125471384,0.016356070825535585
QCOM,2015-11-09,2015-11-16,market_wide,-2.360006425139317,-1.9131256941829888,-0.003211341286242897,-0.004211341286242897,-0.011899418867736267,0.00768807758149337
QCOM,2015-11-17,2015-11-24,market_wide,-2.273190622339016,-1.9959136453719402,-0.06738391818266265,-0.06838391818266265,0.010940302274811353,-0.079324220457474
QCOM,2015-11-27,2015-12-04,idiosyncratic,-2.0225409845378524,0.08580620050472602,0.07828567746988968,0.07728567746988968,0.003565656564761488,0.07372002090512819
QCOM,2015-12-09,2015-12-16,market_wide,-2.3567412384919533,-3.6690897375025666,-0.010701539495613588,-0.011701539495613589,0.006942989976144398,-0.018644529471757987
QCOM,2015-12-17,2015-12-24,market_wide,-2.406791347798747,-1.9848084437684954,0.04228049670977296,0.04128049670977296,0.014068702409656186,0.027211794300116776
QCOM,2016-01-06,2016-01-13,market_wide,-3.2781121470416137,-3.840430521693715,-0.0522198969882155,-0.0532198969882155,-0.04996101777533446,-0.0032588792128810384
QCOM,2016-01-15,2016-01-25,market_wide,-2.51213012619748,-3.1614033375681836,0.03841124797806783,0.03741124797806783,-0.012631693689158174,0.050042941667226004
QCOM,2016-01-28,2016-02-04,market_wide,-4.99543043326011,-1.5009854551168134,0.047487805877965084,0.04648780587796508,0.03334589906646568,0.013141906811499404
QCOM,2016-02-05,2016-02-12,market_wide,-2.4026214414359544,-2.809215653669104,0.012266904892670016,0.011266904892670015,0.004471492162728907,0.006795412729941108
QCOM,2016-03-16,2016-03-23,idiosyncratic,-4.10824055845312,0.37748853815489425,-0.006042729005228176,-0.007042729005228176,0.012739589612442037,-0.019782318617670214
QCOM,2016-03-28,2016-04-04,market_wide,-4.083969322753282,-1.0893847281834401,0.009165369638959087,0.008165369638959086,0.01501302936254656,-0.006847659723587474
QCOM,2016-04-05,2016-04-12,market_wide,-3.4845182501569467,-2.0147098910471146,0.014978581415008518,0.013978581415008517,0.005581260446343439,0.008397320968665078
QCOM,2016-04-29,2016-05-06,market_wide,-3.9260910677213365,-4.54185281311845,0.007917223669801077,0.006917223669801077,-0.01077177655685957,0.017689000226660645
QCOM,2016-06-08,2016-06-15,idiosyncratic,-2.3468709765834372,0.6217473953118015,-0.03021484930868079,-0.031214849308680792,-0.02430776312774896,-0.006907086180931832
QCOM,2016-06-24,2016-07-01,market_wide,-4.326137442760485,-5.882218467048972,0.016884008740412515,0.015884008740412514,0.024393842233515928,-0.008509833493103414
QCOM,2016-09-07,2016-09-14,idiosyncratic,-2.13599858084195,-0.03149977901989039,-0.013455303670347196,-0.014455303670347197,-0.026479295286629068,0.01202399161628187
QCOM,2016-10-13,2016-10-20,market_wide,-3.4933076384322668,-3.3191144338030383,0.02496196813666418,0.02396196813666418,0.011098694700354184,0.012863273436309997
QCOM,2016-11-02,2016-11-09,market_wide,-2.7668291162512335,-4.557383747539192,0.011775127353172765,0.010775127353172764,0.03270424473825062,-0.021929117385077856
QCOM,2016-11-10,2016-11-17,idiosyncratic,-3.797349624195643,0.21788190300646382,0.005429011983567378,0.004429011983567378,0.009466536035937834,-0.005037524052370456
QCOM,2016-12-01,2016-12-08,market_wide,-5.181870658016458,-1.6769748805807436,0.06842261070623734,0.06742261070623734,0.0289940608668684,0.03842854983936894
QCOM,2016-12-20,2016-12-28,idiosyncratic,-2.8534067496985127,-0.015123363368802677,-0.01733642843254879,-0.01833642843254879,-0.009636020132122058,-0.008700408300426732
QCOM,2016-12-29,2017-01-06,market_wide,-3.239317277213704,-3.1441855508759007,-0.007722443960386682,-0.008722443960386683,0.013131090052546979,-0.021853534012933662
QCOM,2017-01-11,2017-01-19,idiosyncratic,-2.008581856030006,-0.08996351199661927,-0.02511353756957413,-0.02611353756957413,-0.012190639488858901,-0.01392289808071523
QCOM,2017-01-20,2017-01-27,market_wide,-5.042492110245828,-1.140537429239024,-0.1374045121401699,-0.1384045121401699,-0.0007554359384317477,-0.13764907620173816
QCOM,2017-01-30,2017-02-06,market_wide,-2.5257981168200856,-1.469175545671873,-0.013616865044226323,-0.014616865044226324,-0.0016169147947672213,-0.012999950249459102
QCOM,2017-02-09,2017-02-16,idiosyncratic,-2.613865277076605,1.5850776276701584,0.07564307314511098,0.07464307314511098,0.019890730938270318,0.054752342206840665
QCOM,2017-03-21,2017-03-28,market_wide,-3.204220958616393,-5.436513185020188,0.010211293701210877,0.009211293701210876,0.007940109849937427,0.0012711838512734497
QCOM,2017-04-03,2017-04-10,market_wide,-3.7282676980967246,-1.2497770613041252,0.00035418107102991314,-0.0006458189289700869,-0.0014832149399787165,0.0008373960110086296
QCOM,2017-04-11,2017-04-19,market_wide,-4.687944740896197,-3.171616016205121,-0.04950326437424646,-0.05050326437424646,-0.008150614476118312,-0.04235264989812815
QCOM,2017-04-20,2017-04-27,idiosyncratic,-2.12831778470358,-0.10533390788237208,0.010444256088223192,0.00944425608822319,0.01817538785992845,-0.008731131771705258
QCOM,2017-06-13,2017-06-20,idiosyncratic,-2.037235491927,0.39825566221226466,-0.013034331776627606,-0.014034331776627607,-0.008652447053925316,-0.00538188472270229
QCOM,2017-06-21,2017-06-28,market_wide,-4.133342399894726,-2.353718365151273,-0.0030180679098091856,-0.004018067909809186,0.012522950310957404,-0.01654101822076659
QCOM,2017-06-29,2017-07-07,market_wide,-4.408976032153496,-3.983647003970447,0.004902007968787592,0.0039020079687875917,-0.002635349716346158,0.00653735768513375
QCOM,2017-07-11,2017-07-18,market_wide,-2.264015628941657,-1.4219485241308625,0.01735035684245756,0.01635035684245756,0.014315573296882933,0.0020347835455746255
QCOM,2017-07-20,2017-07-27,idiosyncratic,-4.199176769759283,0.053521220391555845,-0.027422545838378776,-0.028422545838378777,-0.006661904729795554,-0.021760641108583223
QCOM,2017-08-01,2017-08-08,idiosyncratic,-2.3203726527231345,-0.21995174812375126,-0.020969905723670856,-0.021969905723670857,-0.0025067471941505604,-0.019463158529520297
QCOM,2017-08-10,2017-08-17,market_wide,-3.1069870411950737,-13.125030658286498,-0.0013375635767860494,-0.0023375635767860494,0.007207192371785798,-0.009544755948571848
QCOM,2017-08-18,2017-08-25,market_wide,-3.527377886845869,-2.9771997997229644,0.0021185533617538166,0.0011185533617538166,0.0037825368368775703,-0.0026639834751237537
QCOM,2017-08-28,2017-09-05,market_wide,-2.0989973246082907,-1.4969953909598352,-0.034356416787832966,-0.03535641678783297,0.017239168872802857,-0.052595585660635824
QCOM,2017-09-26,2017-10-03,market_wide,-2.294245508000763,-2.1125162053687103,0.01740695250652924,0.016406952506529238,0.019866275263690225,-0.0034593227571609875
QCOM,2017-10-16,2017-10-23,idiosyncratic,-2.255551006610682,0.2844792334804073,0.01928184289683088,0.01828184289683088,0.013740089981603143,0.004541752915227737
QCOM,2017-12-01,2017-12-08,idiosyncratic,-2.8130587779145855,-0.24059495589385432,-0.019087122300355586,-0.020087122300355587,0.0004571290030157549,-0.02054425130337134
QCOM,2017-12-11,2017-12-18,idiosyncratic,-2.335485075061016,0.5388853690420013,0.003068186475709833,0.002068186475709833,0.007505122209973125,-0.005436935734263292
QCOM,2017-12-28,2018-01-05,idiosyncratic,-3.283858457771221,-0.28631869721518866,0.032463450756601064,0.031463450756601063,0.032501309579467286,-0.0010378588228662222
QCOM,2018-01-30,2018-02-06,market_wide,-3.8964457504026653,-1.66859250988676,-0.03866232955709126,-0.03966232955709126,-0.052553358969766095,0.012891029412674837
QCOM,2018-02-08,2018-02-15,market_wide,-2.9769967153340815,-3.6164608099849005,0.04581880189655552,0.044818801896555516,0.05503250659278214,-0.010213704696226622
QCOM,2018-02-23,2018-03-02,idiosyncratic,-2.236759466235913,0.31250303992369943,0.03120138944399553,0.03020138944399553,-0.0066536483929682255,0.036855037836963755
QCOM,2018-03-06,2018-03-13,market_wide,-2.73857439580933,-1.6637932214719562,-0.03926578767271616,-0.04026578767271616,0.013720323167379922,-0.05398611084009608
QCOM,2018-03-15,2018-03-22,market_wide,-2.8870580548338927,-1.047641207603971,-0.07196522880788903,-0.07296522880788903,-0.04106213139440229,-0.031903097413486736
QCOM,2018-03-23,2018-04-02,market_wide,-3.9493259453526735,-4.724765367712079,0.002795547503328777,0.0017955475033287769,-0.0028524804367403567,0.0046480279400691335
QCOM,2018-04-03,2018-04-10,market_wide,-2.1697376959747348,-1.9680123013294022,-0.00018253064317352852,-0.0011825306431735285,0.013292962827206933,-0.014475493470380463
QCOM,2018-04-20,2018-04-27,market_wide,-3.984080872328358,-1.0473235842208724,-0.006415261202892042,-0.007415261202892042,-0.004337780351311937,-0.0030774808515801047
QCOM,2018-05-01,2018-05-08,market_wide,-2.2282236732470846,-2.115896820702937,0.040141677604153436,0.039141677604153435,-0.0035839746124064487,0.042725652216559884
QCOM,2018-06-19,2018-06-26,market_wide,-3.791242581470351,-1.9887020574714904,-0.0383302207733891,-0.0393302207733891,-0.01985129165115318,-0.019478929122235922
QCOM,2018-06-27,2018-07-05,market_wide,-4.410899889790098,-3.6125015877153457,0.04005815743658614,0.03905815743658614,0.013123547538915092,0.025934609897671046
QCOM,2018-09-26,2018-10-03,market_wide,-3.22904425408,-1.6008086026904516,0.012262982617701867,0.011262982617701867,0.007512602945950464,0.0037503796717514026
QCOM,2018-10-04,2018-10-11,market_wide,-2.3782047980421637,-3.825557992310009,-0.11177134173266656,-0.11277134173266656,-0.062457405017918854,-0.05031393671474771
QCOM,2018-10-12,2018-10-19,market_wide,-3.1091019043375736,-2.4215437143315577,0.016643481272502925,0.015643481272502924,-0.005293656942640723,0.020937138215143647
QCOM,2018-10-22,2018-10-29,market_wide,-2.017068720629894,-2.458645001709018,-0.05974012689806363,-0.06074012689806363,-0.043292757693662476,-0.017447369204401153
QCOM,2018-10-31,2018-11-07,market_wide,-2.05907284587167,-1.7183642399765295,0.005088181475399356,0.004088181475399356,0.043839292036199407,-0.03975111056080005
QCOM,2018-11-08,2018-11-15,idiosyncratic,-11.560280402277337,-0.10225877803866645,-0.04582265339397529,-0.04682265339397529,-0.019384129612443735,-0.027438523781531554
QCOM,2018-11-19,2018-11-27,market_wide,-2.173863509182696,-3.266099967416979,0.012203914557220141,0.01120391455722014,-0.00815055089716299,0.01935446545438313
QCOM,2018-12-17,2018-12-24,market_wide,-2.236908961262859,-4.050336018899946,-0.058772127562965126,-0.05977212756296513,-0.07021732064607455,0.010445193083109428
QCOM,2019-01-15,2019-01-23,idiosyncratic,-2.9740400160241105,0.2814127378900906,-0.07105698944378269,-0.07205698944378269,0.007619567951192563,-0.07967655739497526
QCOM,2019-01-24,2019-01-31,market_wide,-3.919418197600603,-1.0144815034149823,-0.02538866027965725,-0.02638866027965725,0.02522879749163498,-0.05161745777129223
QCOM,2019-02-01,2019-02-08,idiosyncratic,-2.5818344232966663,0.05455810460165179,0.013706986851253156,0.012706986851253155,0.002703328530083926,0.010003658321169229
QCOM,2019-03-28,2019-04-04,market_wide,-2.0603778799075214,-2.2888723860254747,0.023165166499684364,0.022165166499684363,0.024806101296892757,-0.002640934797208394
QCOM,2019-04-10,2019-04-17,idiosyncratic,-3.4171185863691513,-0.15525298335782262,0.40387012670753664,0.40287012670753664,0.016581389307348315,0.3862887374001883
QCOM,2019-05-07,2019-05-14,market_wide,-3.542823335199284,-6.097219321130673,0.010915302187341158,0.009915302187341157,-0.013816298420802342,0.0237316006081435
QCOM,2019-05-16,2019-05-23,market_wide,-3.5829569172937004,-1.5406304688994734,-0.17570320107348103,-0.17670320107348103,-0.02165929303627767,-0.15504390803720336
QCOM,2019-05-24,2019-06-03,market_wide,-2.9908272706802226,-2.275293568857665,0.006796691542331201,0.005796691542331201,-0.019168571577498184,0.024965263119829384
QCOM,2019-06-04,2019-06-11,market_wide,-2.0639896064833434,-1.4603549744855984,0.050272728501738806,0.049272728501738805,0.026473653713247947,0.02279907478849086
QCOM,2019-07-10,2019-07-17,idiosyncratic,-2.2223225795300237,-0.05953053418559511,0.018827292571020893,0.017827292571020892,0.0038184851331337644,0.014008807437887127
QCOM,2019-07-18,2019-07-25,market_wide,-2.1947609058133524,-1.429676931036595,0.013177253837888037,0.012177253837888036,0.017819318979090948,-0.005642065141202912
QCOM,2019-07-31,2019-08-07,market_wide,-4.529489987229905,-2.647557955870816,-0.05139451878228285,-0.05239451878228285,-0.03586404119556352,-0.016530477586719328
QCOM,2019-08-12,2019-08-19,market_wide,-2.2207473784872866,-2.3472836653430447,0.07263594905353465,0.07163594905353465,0.023787245528090084,0.04784870352544457
QCOM,2019-09-19,2019-09-26,idiosyncratic,-2.5737041084631214,-0.14312838282799506,-0.01124918721475554,-0.012249187214755541,-0.008556289946673568,-0.003692897268081974
QCOM,2019-09-27,2019-10-04,market_wide,-2.017793025106785,-3.282758832836386,0.01122275787527549,0.01022275787527549,-0.004367482656925659,0.014590240532201149
QCOM,2019-10-08,2019-10-15,market_wide,-4.21730286821989,-2.9656659441345887,0.06822254875691236,0.06722254875691236,0.048696905202218144,0.018525643554694216
QCOM,2019-11-19,2019-11-26,idiosyncratic,-2.156845719170569,-0.05331748758801904,-0.03785838975140554,-0.03885838975140554,0.00986534622105939,-0.04872373597246493
QCOM,2019-11-27,2019-12-05,idiosyncratic,-2.204785305976273,0.8862352207999022,-0.01850923721104103,-0.01950923721104103,-0.015423241930311193,-0.004085995280729837
QCOM,2020-01-03,2020-01-10,market_wide,-6.650460247380905,-1.2840841400401626,0.03723307306499324,0.03623307306499324,0.012200379998605904,0.024032693066387334
QCOM,2020-01-24,2020-01-31,market_wide,-3.02737156908874,-1.3484841174970699,-0.048410434299109406,-0.04941043429910941,-0.04036837055778886,-0.00904206374132055
QCOM,2020-02-03,2020-02-10,market_wide,-2.731137715598923,-2.193765262510293,0.0245140236357011,0.023514023635701098,0.03061280546681644,-0.007098781831115342
QCOM,2020-02-18,2020-02-25,idiosyncratic,-2.2972005404034603,-0.2067886150690347,-0.08871951682376633,-0.08971951682376633,-0.07165731464347225,-0.018062202180294085
QCOM,2020-02-26,2020-03-04,market_wide,-3.350482458260174,-3.167587192395208,0.03503277986547615,0.03403277986547615,0.013056225033599267,0.02097655483187688
QCOM,2020-03-05,2020-03-12,market_wide,-2.3377657445407443,-2.451398870185943,-0.15346714529008276,-0.15446714529008276,-0.16456257714278721,0.01009543185270445
QCOM,2020-03-16,2020-03-23,market_wide,-4.051921844698495,-3.541031846682608,-0.030242161719317706,-0.031242161719317707,-0.04159597300248086,0.01035381128316315
QCOM,2020-03-24,2020-03-31,market_wide,-2.0860795417840783,-2.134131667252777,0.03345557454184034,0.03245557454184034,0.04036541940958349,-0.007909844867743154
QCOM,2020-04-21,2020-04-28,market_wide,-2.5137134920193867,-1.8933436803339232,0.04802325282929387,0.04702325282929387,0.05102889022652546,-0.004005637397231587
QCOM,2020-05-15,2020-05-22,market_wide,-2.7488624164961877,-1.6622574399227579,0.038669550607294045,0.037669550607294044,0.028959137168009796,0.008710413439284248
QCOM,2020-07-24,2020-07-31,market_wide,-4.255841697480905,-1.6507634426921651,0.18809780822927613,0.18709780822927613,0.012666593597119524,0.1744312146321566
QCOM,2020-09-04,2020-09-14,market_wide,-2.2569665244584347,-2.9071293041629134,-0.021643443143035568,-0.02264344314303557,-0.0007653229536503936,-0.021878120189385175
QCOM,2020-09-16,2020-09-23,market_wide,-2.124366110737343,-2.318044106488908,-0.034829019560432495,-0.035829019560432496,-0.03791089730383812,0.0020818777434056246
QCOM,2020-09-24,2020-10-01,market_wide,-2.327472440626719,-3.0575113741159266,0.06533554875587977,0.06433554875587977,0.026344318927511434,0.037991229828368334
QCOM,2020-10-26,2020-11-02,market_wide,-4.268927824870432,-3.910754780169848,-0.01767016304585589,-0.018670163045855892,-0.016714068688936656,-0.0019560943569192357
QCOM,2020-11-25,2020-12-03,idiosyncratic,-2.57636154846595,-0.17710803226888522,0.04495382479807031,0.04395382479807031,0.00499271328750317,0.03896111151056714
QCOM,2020-12-11,2020-12-18,market_wide,-2.714224041672697,-1.5140868546601016,0.02176331829116185,0.020763318291161847,0.0024448276774506894,0.018318490613711158
QCOM,2020-12-21,2020-12-29,market_wide,-2.2906812798800855,-1.1768620158123186,0.011512107670980098,0.010512107670980098,-0.00036459394408328016,0.010876701615063378
QCOM,2021-01-04,2021-01-11,market_wide,-2.1166070211890253,-2.2523480388447723,0.05124612834963349,0.05024612834963349,0.03239574393519229,0.0178503844144412
QCOM,2021-01-27,2021-02-03,market_wide,-3.0196280010658634,-3.189277166898783,0.05615913054651278,0.05515913054651278,0.022606165260309785,0.032552965286202995
QCOM,2021-02-04,2021-02-11,idiosyncratic,-4.093512833196183,0.3686654767323195,-0.016287186751335336,-0.017287186751335337,0.014483418347522203,-0.03177060509885754
QCOM,2021-02-12,2021-02-22,idiosyncratic,-2.10665145055626,0.2746594579004141,-0.057575271243336834,-0.058575271243336835,-0.006723366794208707,-0.05185190444912813
QCOM,2021-02-23,2021-03-02,market_wide,-4.509528354832751,-3.1668515229753607,-0.0005834819415454495,-0.0015834819415454495,-0.003316860934753474,0.0017333789932080243
QCOM,2021-03-03,2021-03-10,market_wide,-3.5311713654125367,-2.771171758082708,-0.028786136707826926,-0.029786136707826927,0.024662262524275613,-0.05444839923210254
QCOM,2021-03-24,2021-03-31,market_wide,-3.4104965267122154,-3.199514420936074,0.04253793902297276,0.04153793902297276,0.029913967317477086,0.011623971705495673
QCOM,2021-04-20,2021-04-27,market_wide,-3.7409267469039493,-1.342160318822656,0.03455803292620896,0.03355803292620896,0.00778398247112122,0.025774050455087738
QCOM,2021-05-04,2021-05-11,market_wide,-3.0048692689407863,-1.7774548471270732,-0.04287188002044373,-0.04387188002044373,0.008220470434617821,-0.052092350455061553
QCOM,2021-05-12,2021-05-19,market_wide,-4.160733719059723,-7.250327227665126,0.0484673781569942,0.0474673781569942,0.02457754071166396,0.02288983744533024
QCOM,2021-06-18,2021-06-25,market_wide,-3.472673925667555,-7.10743346147284,0.03496253729324672,0.03396253729324672,0.030209772988179617,0.0037527643050671022
QCOM,2021-07-16,2021-07-23,market_wide,-2.6995737532655992,-2.616814899364595,0.03700501860101468,0.03600501860101468,0.014346911028513931,0.02165810757250075
QCOM,2021-08-12,2021-08-19,idiosyncratic,-2.328003613377182,0.6589089249617829,-0.04444452187365522,-0.04544452187365522,-0.014448698995926046,-0.030995822877729173
QCOM,2021-08-20,2021-08-27,market_wide,-2.5490134396117745,-1.4533314534672488,0.019424168774720973,0.018424168774720973,0.011363868159361745,0.007060300615359227
QCOM,2021-09-09,2021-09-16,market_wide,-3.21903377688434,-2.0173648618299005,-0.022461195524954847,-0.023461195524954848,0.0004652363802100101,-0.023926431905164858
QCOM,2021-09-17,2021-09-24,market_wide,-4.876199697445817,-3.276904623749761,0.0020961123939997606,0.0010961123939997605,0.011458226064137156,-0.010362113670137396
QCOM,2021-09-28,2021-10-05,market_wide,-3.6359719183792585,-2.8177439256948373,-0.018244690718129175,-0.019244690718129176,-0.004540587391781314,-0.014704103326347862
QCOM,2021-10-06,2021-10-13,market_wide,-2.112826635259873,-1.6098135743807016,-0.023582804363727727,-0.024582804363727728,0.0030948352920299183,-0.027677639655757647
QCOM,2021-12-01,2021-12-08,market_wide,-3.416637103308118,-3.915704427704471,0.03985652477072499,0.03885652477072499,0.033817343794054544,0.005039180976670443
QCOM,2021-12-17,2021-12-27,market_wide,-3.0695892721520006,-1.6724532307565747,0.053902573713193735,0.052902573713193735,0.022212408251509386,0.03069016546168435
QCOM,2022-01-07,2022-01-14,market_wide,-3.9102172599574962,-2.9421448393053615,0.04589562487811616,0.04489562487811616,-0.0029333583443992284,0.04782898322251539
QCOM,2022-01-18,2022-01-25,market_wide,-3.383394796894008,-4.361487675365384,-0.07497475107100082,-0.07597475107100082,-0.0322009285202699,-0.04377382255073092
QCOM,2022-01-26,2022-02-02,market_wide,-2.301424669734487,-2.7671826564516286,0.1269461200593378,0.1259461200593378,0.053070544791466334,0.07287557526787147
QCOM,2022-02-11,2022-02-18,market_wide,-4.096235944120692,-3.5713176463205647,0.018221504420042,0.017221504420042,-0.017310219546465277,0.03453172396650728
QCOM,2022-02-22,2022-03-01,market_wide,-2.901811650626655,-3.9325980263668967,-0.013261757532770035,-0.014261757532770036,0.0014845263727338853,-0.01574628390550392
QCOM,2022-03-04,2022-03-11,market_wide,-2.8330405058975088,-1.0853506851112742,-0.06113627548679623,-0.06213627548679623,-0.030272128123141617,-0.031864147363654616
QCOM,2022-03-14,2022-03-21,market_wide,-3.8985736117896184,-2.7119225304182404,0.10121007212892308,0.10021007212892308,0.060229555665345824,0.039980516463577254
QCOM,2022-03-31,2022-04-07,market_wide,-2.7893236879703656,-1.3900445055151496,-0.08899345852903096,-0.08999345852903096,-0.00427481564392751,-0.08571864288510345
QCOM,2022-04-08,2022-04-18,market_wide,-3.141325807530217,-3.043049135361924,0.019240353447388614,0.018240353447388613,-0.01434488497804498,0.032585238425433594
QCOM,2022-04-19,2022-04-26,market_wide,-2.291799939062781,-1.8257218135494286,-0.05352713074642834,-0.05452713074642834,-0.048987884755020805,-0.005539245991407538
QCOM,2022-04-27,2022-05-04,market_wide,-2.0502072050429345,-2.988434364377649,0.1032563537295399,0.1022563537295399,0.03457076997601205,0.06768558375352784
QCOM,2022-05-09,2022-05-16,market_wide,-2.6444199840872713,-4.410248121266596,-0.007485764363788783,-0.008485764363788784,0.007448656836265055,-0.01593442120005384
QCOM,2022-05-18,2022-05-25,market_wide,-3.520050576932675,-3.314902863342677,0.005979158719585875,0.004979158719585875,0.013424075417908687,-0.008444916698322813
QCOM,2022-06-09,2022-06-16,market_wide,-2.164054491904662,-2.7381705342061635,-0.11623162757632077,-0.11723162757632077,-0.07870082524474953,-0.038530802331571246
QCOM,2022-06-17,2022-06-27,market_wide,-3.0872869403047845,-2.576316026399646,0.051161110096626494,0.05016111009662649,0.05620308454609346,-0.006041974449466969
QCOM,2022-07-29,2022-08-05,idiosyncratic,-2.3322112736336402,0.829224220993554,0.03550245797553919,0.03450245797553919,0.012626366912422471,0.02187609106311672
QCOM,2022-08-10,2022-08-17,idiosyncratic,-2.0662731358127875,1.305235447456836,0.010476728375215183,0.009476728375215182,0.01452618264709904,-0.0050494542718838575
QCOM,2022-08-22,2022-08-29,market_wide,-3.7357109249423415,-2.4935361414568304,-0.031989468103419294,-0.032989468103419295,-0.02949948926801116,-0.0034899788354081362
QCOM,2022-08-30,2022-09-07,market_wide,-3.3444941382571773,-3.3528552577824726,-0.03785716368952319,-0.03885716368952319,-0.0016126943355703194,-0.03724446935395287
QCOM,2022-09-08,2022-09-15,market_wide,-2.760881319457959,-2.0566281053570927,-0.030035105740584433,-0.031035105740584434,-0.02907243476396615,-0.001962670976618286
QCOM,2022-09-16,2022-09-23,market_wide,-3.0087237719885565,-3.4522008843901566,-0.03009187891311771,-0.03109187891311771,-0.04652463518869698,0.015432756275579274
QCOM,2022-09-26,2022-10-03,market_wide,-4.299151892152118,-3.9335842283467306,-0.02104558251905353,-0.02204558251905353,0.011711656124198111,-0.03375723864325164
QCOM,2022-10-10,2022-10-17,market_wide,-2.6833306677130353,-2.621369430987949,-0.02626540755365825,-0.02726540755365825,0.02190579229173406,-0.04917119984539231
QCOM,2022-10-20,2022-10-27,market_wide,-2.513356910954289,-1.3064822686224453,0.0242898426225846,0.0232898426225846,0.05307500950920274,-0.029785166886618142
QCOM,2022-11-02,2022-11-09,market_wide,-2.681974523495707,-1.8204880484889494,-0.018400055441610386,-0.019400055441610387,0.021561765492839946,-0.04096182093445033
QCOM,2022-11-28,2022-12-05,market_wide,-3.283060978200309,-2.106153108564847,0.038030339331002416,0.037030339331002415,-0.0068336623884623915,0.04386400171946481
QCOM,2022-12-06,2022-12-13,market_wide,-2.1667544012716986,-2.756861651068536,0.03097343233020755,0.02997343233020755,0.0223402892485165,0.007633143081691052
QCOM,2022-12-15,2022-12-22,market_wide,-3.669955320458391,-3.414275460158742,-0.05109734206296457,-0.05209734206296457,-0.014549955710967843,-0.037547386351996725
QCOM,2022-12-23,2023-01-03,market_wide,-2.825923025577401,-2.244937205554704,-0.032840059809748356,-0.03384005980974836,0.003619621962669628,-0.037459681772417985
QCOM,2023-01-05,2023-01-12,market_wide,-2.312408328464121,-2.6984494134190453,0.11142595071569428,0.11042595071569428,0.041833691069081524,0.06859225964661275
QCOM,2023-02-06,2023-02-13,market_wide,-2.225400402024901,-1.1939843545182578,-0.015722397854269654,-0.016722397854269655,0.005459505696262523,-0.022181903550532178
QCOM,2023-02-14,2023-02-22,market_wide,-2.0446491117893886,-1.2288710088106742,-0.06339717326960792,-0.06439717326960792,-0.033649965853896235,-0.030747207415711686
QCOM,2023-02-23,2023-03-02,market_wide,-2.0727593251753174,-2.489148084964025,-0.013184473658854445,-0.014184473658854446,0.00097862330597831,-0.015163096964832756
QCOM,2023-03-07,2023-03-14,market_wide,-7.305859382600136,-1.9045378780038296,-0.022149737008618664,-0.023149737008618665,-0.023092311037005597,-5.742597161306762e-05
QCOM,2023-03-15,2023-03-22,market_wide,-2.2541181386294964,-2.26337203157045,0.05610883062416061,0.05510883062416061,0.011570722087995478,0.04353810853616513
QCOM,2023-04-06,2023-04-14,idiosyncratic,-2.284943719964246,-0.26349667786465025,-0.02308928003744859,-0.02408928003744859,0.013503408151063878,-0.03759268818851247
QCOM,2023-04-17,2023-04-24,idiosyncratic,-3.6469804899193665,0.2512438141619666,-0.01700453131897184,-0.01800453131897184,0.0004999548153792333,-0.018504486134351072
QCOM,2023-04-25,2023-05-02,market_wide,-5.140048913659382,-4.058077143360386,0.018062263246965582,0.01706226324696558,-0.004156432995082504,0.021218696242048085
QCOM,2023-05-03,2023-05-10,market_wide,-3.2075724727474935,-2.1130893781159243,-0.05645660267840569,-0.05745660267840569,-0.006028162355301903,-0.051428440323103786
QCOM,2023-05-11,2023-05-18,market_wide,-2.8931106277007084,-1.1744444685071997,0.027868686346121496,0.026868686346121495,0.015549081981437007,0.011319604364684488
QCOM,2023-05-23,2023-05-31,market_wide,-2.887836206131206,-1.4868368821434699,0.1027190127895945,0.1017190127895945,-0.0023602080549376403,0.10407922084453214
QCOM,2023-06-21,2023-06-28,market_wide,-2.530376607672484,-1.0560449109360122,0.015376513388602797,0.014376513388602796,0.0034211746611036986,0.010955338727499098
QCOM,2023-07-07,2023-07-14,market_wide,-2.0136479362198916,-1.2262681408934235,0.05709857439639099,0.05609857439639099,0.03355804535030349,0.0225405290460875
QCOM,2023-08-03,2023-08-10,market_wide,-3.5417634764087564,-3.5810994378477408,-0.026031971042740465,-0.027031971042740466,-0.008788919976207454,-0.01824305106653301
QCOM,2023-08-11,2023-08-18,market_wide,-2.6148471130221753,-2.625563036726713,-0.03935091640142996,-0.04035091640142996,-0.0194876347188897,-0.020863281682540258
QCOM,2023-08-21,2023-08-28,market_wide,-2.569145095083689,-2.2499215698360064,0.009034883476648048,0.008034883476648047,0.005977054473693455,0.002057829002954592
QCOM,2023-09-07,2023-09-14,market_wide,-3.5707961316489745,-1.25370972786991,0.0718043752961739,0.0708043752961739,0.01694321554317857,0.053861159752995325
QCOM,2023-09-21,2023-09-28,market_wide,-2.228577707205796,-6.5435112270213045,0.02908489989186447,0.028084899891864468,-0.014293709217922945,0.04237860910978741
QCOM,2023-10-20,2023-10-27,market_wide,-3.547147067536078,-4.61636418937236,-0.019975973750139597,-0.020975973750139598,-0.024082654590721564,0.0031066808405819657
QCOM,2024-01-02,2024-01-09,market_wide,-3.103107738648072,-1.3831873248102895,-0.0024243728626011096,-0.0034243728626011096,0.0025650315322129913,-0.005989404394814101
QCOM,2024-02-02,2024-02-09,idiosyncratic,-3.026443921644123,0.9464591581422528,0.0657068644015324,0.0647068644015324,0.00487951350714555,0.059827350894386844
QCOM,2024-03-19,2024-03-26,idiosyncratic,-3.004079633462296,0.17470706720978407,0.01809870798942792,0.01709870798942792,0.013306355604190356,0.003792352385237563
QCOM,2024-04-15,2024-04-22,market_wide,-2.910040103203196,-5.1144621609831615,-0.05687702511947934,-0.05787702511947934,-0.004516236780753524,-0.05336078833872582
QCOM,2024-04-23,2024-04-30,market_wide,-2.2690479112600888,-1.6144033594727074,0.027889525061617793,0.02688952506161779,-0.0021696384367976274,0.02905916349841542
QCOM,2024-06-27,2024-07-05,idiosyncratic,-3.31921282436762,-0.14675191975077664,0.05431732537358491,0.05331732537358491,0.003915255169143261,0.04940207020444165
QCOM,2024-07-17,2024-07-24,market_wide,-5.021833053468221,-1.621891948526834,-0.054958329440984,-0.055958329440984,-0.027992409712411903,-0.027965919728572097
QCOM,2024-07-25,2024-08-01,market_wide,-3.7339737352411397,-3.950699558163748,-0.06494079537440645,-0.06594079537440645,0.014749565252893282,-0.08069036062729973
QCOM,2024-08-02,2024-08-09,market_wide,-3.5812421577107574,-3.9256804729153907,0.032452449454777765,0.031452449454777764,-0.0037021275251042374,0.035154576979882
QCOM,2024-08-12,2024-08-19,market_wide,-2.1326161005093027,-1.5147512726309658,0.06980160808160862,0.06880160808160862,0.03939103369375796,0.029410574387850663
QCOM,2024-08-29,2024-09-06,market_wide,-2.542883983730779,-1.224108828563329,-0.061847304357551036,-0.06284730435755104,-0.028732986234013658,-0.03411431812353738
QCOM,2024-09-09,2024-09-16,market_wide,-2.562000580909653,-2.3476022242284795,0.03632514216496929,0.03532514216496929,0.03269817859921509,0.0026269635657542034
QCOM,2024-09-23,2024-09-30,idiosyncratic,-2.111604270825825,0.05418249871211232,0.024644477353566563,0.023644477353566562,0.02099368026060766,0.002650797092958901
QCOM,2024-10-01,2024-10-08,market_wide,-3.352616916346593,-1.1140948903187138,0.0033780593216845567,0.0023780593216845567,0.011997804467792417,-0.009619745146107861
QCOM,2024-10-18,2024-10-25,idiosyncratic,-2.056976141428071,0.05253509906740019,-0.003802780598690325,-0.004802780598690325,-0.0233169349761978,0.018514154377507475
QCOM,2024-10-30,2024-11-06,market_wide,-3.151744906785787,-2.101202716231203,0.03203664784458926,0.03103664784458926,0.03684723763240583,-0.005810589787816567
QCOM,2024-11-12,2024-11-19,idiosyncratic,-2.9613794836051723,-0.1562178543905228,0.007955486236722153,0.0069554862367221535,-0.00895862396420466,0.015914110200926812
QCOM,2024-11-20,2024-11-27,market_wide,-3.9571877736912926,-1.8254144423253682,0.013806662333253783,0.012806662333253782,0.02255396581791902,-0.009747303484665237
QCOM,2024-12-10,2024-12-17,market_wide,-2.423886923829434,-1.4089435781331543,0.009331573443760455,0.008331573443760454,-0.014952141076635006,0.02328371452039546
QCOM,2024-12-18,2024-12-26,market_wide,-5.41644832954908,-11.988406310409376,0.035805360508664785,0.034805360508664784,0.015415493568964989,0.019389866939699796
QCOM,2025-02-07,2025-02-14,market_wide,-4.470877760127137,-2.2964164092023545,0.02542271592653944,0.02442271592653944,0.022957294139781315,0.0014654217867581254
QCOM,2025-02-21,2025-02-28,market_wide,-4.510294108391185,-3.3035691311345063,-0.04993047599472766,-0.050930475994727664,0.005511074308517605,-0.05644155030324527
QCOM,2025-03-03,2025-03-10,market_wide,-2.858012124885944,-3.0551980238635887,0.014292850057918027,0.013292850057918026,-0.029317676400949177,0.042610526458867204
QCOM,2025-03-11,2025-03-18,market_wide,-2.531246023098277,-3.5297485921662366,0.020836033223601502,0.0198360332236015,0.01109264725302439,0.008743385970577111
QCOM,2025-03-28,2025-04-04,market_wide,-5.663865933485776,-3.845937905989737,-0.16540065321836095,-0.16640065321836095,-0.10053346745268033,-0.06586718576568062
QCOM,2025-04-07,2025-04-14,market_wide,-2.9217525813020515,-3.3570530751774275,0.07300337296563919,0.07200337296563919,0.04475201184079314,0.027251361124846052
QCOM,2025-04-16,2025-04-24,market_wide,-2.1474163075347583,-1.8091096803810731,0.08449997492258499,0.08349997492258499,0.04671053857048135,0.03678943635210363
QCOM,2025-05-01,2025-05-08,idiosyncratic,-2.4013263184472207,0.2685321809997832,0.0731453399472406,0.0721453399472406,0.018758113963284195,0.0533872259839564
QCOM,2025-05-23,2025-06-02,market_wide,-2.9910237632940353,-1.7694487558848153,0.008598236688852401,0.007598236688852401,0.01744035548142664,-0.00984211879257424
QCOM,2025-06-20,2025-06-27,market_wide,-2.0315713125185604,-2.3072146683393155,0.04771320480945862,0.04671320480945862,0.029062098232349953,0.017651106577108666
QCOM,2025-07-14,2025-07-21,idiosyncratic,-5.064489715303016,-0.2797451787185858,0.030332548093646272,0.02933254809364627,-0.01748985871884967,0.04682240681249594
QCOM,2025-07-31,2025-08-07,market_wide,-5.479540501996643,-1.3200368961830116,-0.0058599318420941016,-0.006859931842094102,0.0010092320723942283,-0.00786916391448833
QCOM,2025-08-08,2025-08-15,idiosyncratic,-2.0781510006601294,0.017405798109084915,0.0697344305622909,0.0687344305622909,0.011767008278513735,0.05696742228377716
QCOM,2025-09-29,2025-10-06,market_wide,-2.366936107055807,-1.0539663576298748,0.020084609030478928,0.019084609030478927,0.02115594028576262,-0.0020713312552836927
QCOM,2025-10-08,2025-10-15,idiosyncratic,-2.326490617478357,0.33754232771474785,-0.028610643509224154,-0.029610643509224155,-0.004501364221142556,-0.0251092792880816
QCOM,2025-11-04,2025-11-11,market_wide,-2.232131497482679,-1.7325099345301582,0.006595701614413585,0.005595701614413585,0.019866181122942583,-0.014270479508529
QCOM,2025-11-17,2025-11-24,market_wide,-4.2706075640820105,-3.2249712789681273,-0.010134986811075053,-0.011134986811075054,-0.006145659642432966,-0.004989327168642088
QCOM,2025-12-17,2025-12-24,market_wide,-3.391460837684565,-5.768004974426221,0.014100048558530975,0.013100048558530974,0.028475410872589535,-0.01537536231405856
QCOM,2025-12-26,2026-01-05,idiosyncratic,-2.3655994028604352,-0.010642688127108028,0.008580687451451574,0.007580687451451574,0.011581525763353806,-0.004000838311902232
QCOM,2026-01-12,2026-01-20,idiosyncratic,-3.3180800221137345,0.29605661939623573,-0.0897972827104998,-0.0907972827104998,-0.014598913951669346,-0.07619836875883046
QCOM,2026-01-21,2026-01-28,market_wide,-2.536793574659605,-1.9742207346404974,-0.023469931225670426,-0.024469931225670427,-0.0025715751360573247,-0.021898356089613102
QCOM,2026-01-29,2026-02-05,idiosyncratic,-3.201163803213415,-0.27411598485905775,-0.10458542614444766,-0.10558542614444766,0.0069068394077478334,-0.11249226555219549
QCOM,2026-02-09,2026-02-17,idiosyncratic,-2.368484561651498,-0.2777465826271676,0.02663220130312638,0.02563220130312638,0.0010357269860841178,0.02459647431704226
QCOM,2026-02-19,2026-02-26,market_wide,-2.1183352339174992,-1.7098127420244507,0.0305796213671643,0.0295796213671643,0.0008426134714880629,0.028737007895676236
QCOM,2026-03-02,2026-03-09,market_wide,-2.4854253000196413,-1.868696056510064,-0.014417285138210945,-0.015417285138210945,-0.030279100795642222,0.014861815657431277
QCOM,2026-03-10,2026-03-17,market_wide,-2.864563677118999,-2.6679339527456922,-0.02670124951082431,-0.02770124951082431,0.00036885352588811315,-0.028070103036712424
QCOM,2026-03-18,2026-03-25,market_wide,-2.395740175016977,-3.3564155248052976,-0.0009196375787613453,-0.0019196375787613454,-0.008141418544752255,0.006221780965990909
QCOM,2026-03-27,2026-04-06,market_wide,-4.316569311077012,-4.695469344409257,-0.010856663476564887,-0.011856663476564888,0.02499434392772759,-0.03685100740429248
QCOM,2026-04-07,2026-04-14,idiosyncratic,-4.1499357933771,0.030221658889445214,0.07068584013820556,0.06968584013820556,0.03728821353184797,0.03239762660635759
QCOM,2026-05-19,2026-05-27,market_wide,-2.9143234669208664,-2.218605099774812,0.19319043269932434,0.19219043269932434,0.03580788665090773,0.15638254604841662
QCOM,2026-06-05,2026-06-12,market_wide,-2.98041353448659,-3.9556234038199216,-0.01954247455407332,-0.02054247455407332,0.011190798940857505,-0.031733273494930825
QCOM,2026-06-17,2026-06-25,market_wide,-2.07279569759319,-1.5842967815200526,-0.03789268293807413,-0.03889268293807413,0.00986061217930878,-0.04875329511738291
QCOM,2026-06-26,2026-07-06,market_wide,-3.9291603629952494,-3.449805193362769,-0.01536516508289365,-0.01636516508289365,-0.0018596998187870861,-0.014505465264106565
QCOM,2026-07-10,2026-07-17,idiosyncratic,-2.095098754884936,0.44958571124438357,-0.09187988176502482,-0.09287988176502482,8.666727117767614e-05,-0.0929665490362025
QCOM,2026-07-20,2026-07-27,market_wide,-2.9553843285943775,-3.4085488124996832,-0.0016440768241104964,-0.0026440768241104964,0.02099157491281156,-0.02363565173692206
QCOM,2026-07-28,2026-08-04,market_wide,-4.177111800626161,-2.340572443593539,-0.0012892868439052796,-0.0022892868439052796,0.022969961569284658,-0.02525924841318994
QCOM,2026-08-18,2026-08-25,market_wide,-2.6960227347095667,-3.674945447267015,0.0023096552804058312,0.0013096552804058312,0.012994579068207557,-0.011684923787801726
MU,2015-07-10,2015-07-17,market_wide,-3.4113863484288838,-1.2636876983450724,0.14513356322678495,0.14413356322678494,0.021559446477355415,0.12257411674942953
MU,2015-07-24,2015-07-31,market_wide,-2.07002715751174,-2.944076718473155,0.009269681435488897,0.008269681435488896,0.021551102566563785,-0.013281421131074889
MU,2015-08-07,2015-08-14,market_wide,-2.288082003799558,-2.181284858730008,-0.08080284681986805,-0.08180284681986805,0.002164576954802211,-0.08396742377467026
MU,2015-08-17,2015-08-24,idiosyncratic,-2.631230961525033,0.024415353564045884,-0.16144013741384233,-0.16244013741384233,-0.09806387365905933,-0.064376263754783
MU,2015-08-25,2015-09-01,market_wide,-2.7413114163614103,-3.4213314904827965,0.10861938052462339,0.10761938052462339,0.024423637963014944,0.08319574256160844
MU,2015-09-15,2015-09-22,idiosyncratic,-2.106924747605658,0.41191621225524805,-0.06719150934370965,-0.06819150934370966,-0.023555766775533504,-0.04463574256817615
MU,2015-09-23,2015-09-30,market_wide,-3.8278179147127234,-2.9667405886281615,0.011478668430878303,0.010478668430878302,-0.004525899642708331,0.015004568073586633
MU,2015-10-01,2015-10-08,market_wide,-2.4132011797765314,-1.9509339376424162,0.2674338954623452,0.2664338954623452,0.0627159311738037,0.2037179642885415
MU,2015-10-20,2015-10-27,idiosyncratic,-5.808027226648931,-0.14403798552324154,-0.023990341189757736,-0.024990341189757737,0.024768118214400392,-0.04975845940415813
MU,2015-10-28,2015-11-04,idiosyncratic,-2.0965259977933277,0.553548742336947,0.03073269353996122,0.02973269353996122,0.0062811754906784145,0.023451518049282805
MU,2015-11-09,2015-11-16,market_wide,-3.9938318778530078,-1.9131256941829888,-0.05997473402719988,-0.060974734027199884,-0.011899418867736267,-0.04907531515946362
MU,2015-11-17,2015-11-24,market_wide,-2.554214495866887,-1.9959136453719402,0.022905762555216036,0.021905762555216035,0.010940302274811353,0.010965460280404682
MU,2015-12-03,2015-12-10,market_wide,-2.721117993514548,-7.871238135268209,-0.06085841706341255,-0.06185841706341255,-0.008991841734002803,-0.05286657532940975
MU,2015-12-11,2015-12-18,market_wide,-3.5575896221313434,-4.705110879386308,0.022791970201679668,0.021791970201679667,-0.0022694765968576114,0.024061446798537278
MU,2015-12-31,2016-01-08,market_wide,-2.880547858630151,-1.502556677341814,-0.05861571468166604,-0.05961571468166604,-0.060478142845151184,0.0008624281634851405
MU,2016-01-11,2016-01-19,market_wide,-5.532619585448954,-2.9246189284930044,-0.13806845961190106,-0.13906845961190106,-0.02305240149018517,-0.11601605812171589
MU,2016-01-20,2016-01-27,market_wide,-3.6640291882427243,-3.5432823351297653,0.033831355765865156,0.032831355765865156,0.009733565328135185,0.02309779043772997
MU,2016-01-28,2016-02-04,market_wide,-3.2784214688430287,-1.5009854551168134,0.13549033624551443,0.13449033624551443,0.03334589906646568,0.10114443717904875
MU,2016-02-08,2016-02-16,market_wide,-2.7023449085569458,-3.7393735852273946,0.06293004026106264,0.061930040261062635,0.03410127194973023,0.027828768311332408
MU,2016-03-16,2016-03-23,idiosyncratic,-2.560200137727566,0.37748853815489425,-0.006529906829133458,-0.007529906829133458,0.012739589612442037,-0.020269496441575496
MU,2016-03-28,2016-04-04,market_wide,-3.212617760097919,-1.0893847281834401,0.04046249309965977,0.03946249309965977,0.01501302936254656,0.02444946373711321
MU,2016-04-05,2016-04-12,market_wide,-2.6710180466330473,-2.0147098910471146,-0.0221154520691913,-0.0231154520691913,0.005581260446343439,-0.02869671251553474
MU,2016-04-14,2016-04-21,idiosyncratic,-2.4278643347973485,0.00729148049744038,0.024038330428515664,0.023038330428515663,0.008054611985687465,0.014983718442828198
MU,2016-04-29,2016-05-06,market_wide,-2.043178381246615,-4.54185281311845,-0.07069774982273369,-0.07169774982273369,-0.01077177655685957,-0.06092597326587412
MU,2016-05-09,2016-05-16,market_wide,-2.695759161286033,-2.127929914110934,-0.01925005120326939,-0.020250051203269392,0.001376263491146723,-0.021626314694416116
MU,2016-05-17,2016-05-24,market_wide,-2.772014757759276,-3.285489687938395,0.18821120459046492,0.18721120459046492,0.019896399059402103,0.16731480553106282
MU,2016-06-10,2016-06-17,market_wide,-2.6507113682614345,-2.2876248379211575,0.004942555172048557,0.003942555172048557,-0.008128873217610244,0.0120714283896588
MU,2016-06-27,2016-07-05,market_wide,-2.6616462465597617,-5.930540758939446,-0.026165109492891858,-0.02716510949289186,0.0352372011452835,-0.06240231063817536
MU,2016-08-02,2016-08-09,market_wide,-2.628840938527521,-4.757484919922024,0.08059687157110562,0.07959687157110562,0.015337878675840244,0.06425899289526538
MU,2016-09-13,2016-09-20,market_wide,-2.4186883502563234,-3.378579969214353,0.010149374968105862,0.009149374968105861,0.006249452343911388,0.002899922624194473
MU,2016-10-11,2016-10-18,market_wide,-6.886812852978764,-4.844541862013216,0.03262146591021553,0.03162146591021553,0.0024655766270729185,0.02915588928314261
MU,2016-10-21,2016-10-28,market_wide,-2.327399381593052,-2.0136706612582014,0.015348552950186889,0.014348552950186888,-0.005250027398902457,0.019598580349089345
MU,2016-11-01,2016-11-08,market_wide,-2.8869318000935906,-5.187922154744433,0.02532418238765488,0.02432418238765488,0.011472015220848952,0.012852167166805928
MU,2016-12-01,2016-12-08,market_wide,-3.0455676574969344,-1.6769748805807436,0.11796549706184911,0.11696549706184911,0.0289940608668684,0.08797143619498071
MU,2017-01-13,2017-01-23,idiosyncratic,-2.389747989009486,-0.13174037189494495,-0.01307499348521135,-0.014074993485211351,-0.014975961701114038,0.0009009682159026866
MU,2017-02-10,2017-02-17,idiosyncratic,-2.626883985569903,0.9004400379949801,-0.029106194639884286,-0.030106194639884287,0.016368976378611677,-0.046475171018495964
MU,2017-02-24,2017-03-03,idiosyncratic,-2.509246305792673,0.1206798753840891,0.10025836779022734,0.09925836779022734,-0.0016157868589329327,0.10087415464916027
MU,2017-04-07,2017-04-17,market_wide,-2.1233317270538077,-1.3137354168391489,-0.048737713914740355,-0.049737713914740356,-0.0077469377179448795,-0.041990776196795476
MU,2017-04-24,2017-05-01,idiosyncratic,-3.5196564884198747,1.9634569328537996,0.06473461688411875,0.06373461688411874,0.010304713527313991,0.05342990335680475
MU,2017-05-17,2017-05-24,market_wide,-4.355723686823926,-7.704482343536438,0.07370364526578221,0.07270364526578221,0.019503653524052256,0.05319999174172996
MU,2017-06-15,2017-06-22,market_wide,-3.0515865286522397,-1.7300032855272314,0.04352073763983788,0.04252073763983788,0.0022155090486994933,0.04030522859113839
MU,2017-06-30,2017-07-10,market_wide,-3.455748996589461,-2.926682673442615,0.021433239128395565,0.020433239128395564,-0.0033241423366902056,0.02375738146508577
MU,2017-07-25,2017-08-01,idiosyncratic,-7.337486492161461,0.2010424772342503,-0.05217402567514495,-0.053174025675144954,0.0032602079349897117,-0.056434233610134665
MU,2017-08-02,2017-08-09,idiosyncratic,-2.2653369371019725,0.04061707652703082,-0.0017464443941614949,-0.002746444394161495,-0.0029907221049744193,0.00024427771081292435
MU,2017-08-10,2017-08-17,market_wide,-3.8674037742868315,-13.125030658286498,0.07748292057340889,0.07648292057340889,0.007207192371785798,0.06927572820162309
MU,2017-09-26,2017-10-03,market_wide,-2.6861174294652224,-2.1125162053687103,0.18110005965224074,0.18010005965224074,0.019866275263690225,0.16023378438855052
MU,2017-10-26,2017-11-02,market_wide,-2.051662760802672,-2.0032550792873547,0.09211806678678114,0.09111806678678114,-0.00945490849564845,0.10057297528242959
MU,2017-11-29,2017-12-06,idiosyncratic,-3.752190937938743,-0.08828108166390275,-0.04938280659019356,-0.05038280659019356,-0.0015994993692132198,-0.04878330722098034
MU,2017-12-12,2017-12-19,idiosyncratic,-2.8501558192353937,0.39379208999542664,0.05064501538243005,0.04964501538243005,0.007436212505945505,0.04220880287648454
MU,2017-12-28,2018-01-05,idiosyncratic,-3.1801350562953794,-0.28631869721518866,0.09543180188659206,0.09443180188659206,0.032501309579467286,0.061930492307124774
MU,2018-01-09,2018-01-17,idiosyncratic,-2.032568050530663,0.2315979607080358,0.03002057397184532,0.02902057397184532,0.03466097356311315,-0.005640399591267831
MU,2018-01-19,2018-01-26,idiosyncratic,-2.8170048342826113,0.30289974516846113,0.021520351155762008,0.020520351155762007,0.020972762767645037,-0.00045241161188303014
MU,2018-01-30,2018-02-06,market_wide,-4.773979858645111,-1.66859250988676,0.05303564136144079,0.05203564136144079,-0.052553358969766095,0.10458900033120688
MU,2018-02-08,2018-02-15,market_wide,-2.6775084911886036,-3.6164608099849005,0.08749998655263691,0.08649998655263691,0.05503250659278214,0.03146747995985477
MU,2018-03-23,2018-04-02,market_wide,-3.702781661303823,-4.724765367712079,-0.07655399050665768,-0.07755399050665768,-0.0028524804367403567,-0.07470151006991732
MU,2018-04-03,2018-04-10,market_wide,-2.2492021357079155,-1.9680123013294022,-0.020756608707939272,-0.021756608707939273,0.013292962827206933,-0.03504957153514621
MU,2018-04-23,2018-04-30,market_wide,-3.065622898029741,-1.3072147444055926,-0.062015568832169965,-0.06301556883216997,-0.009912900775801092,-0.053102668056368874
MU,2018-05-01,2018-05-08,market_wide,-2.816905638183584,-2.115896820702937,0.038042237791283906,0.037042237791283905,-0.0035839746124064487,0.040626212403690354
MU,2018-06-15,2018-06-22,idiosyncratic,-3.366303780423124,-0.29210734162212443,-0.019405953178888713,-0.020405953178888714,-0.016310363655749116,-0.004095589523139598
MU,2018-06-25,2018-07-02,market_wide,-6.759257348013394,-5.613012022699986,0.024830717216215215,0.023830717216215214,-0.003307123785966204,0.027137841002181418
MU,2018-07-03,2018-07-11,market_wide,-2.7245681339597674,-2.233965971475407,0.052447695393583516,0.051447695393583515,0.02693529900612157,0.024512396387461943
MU,2018-07-24,2018-07-31,idiosyncratic,-3.9998510620778247,0.48652064341892703,-0.007146885875699893,-0.008146885875699894,0.014276627244110829,-0.022423513119810723
MU,2018-08-01,2018-08-08,market_wide,-3.412021410268069,-2.167754634129865,0.02103652793336752,0.02003652793336752,0.01911040380781226,0.000926124125555261
MU,2018-08-09,2018-08-16,idiosyncratic,-3.305315462713915,-0.2578687814104595,-0.09873730390984858,-0.09973730390984858,-0.0031707675940731983,-0.09656653631577539
MU,2018-08-20,2018-08-27,idiosyncratic,-2.1326236864934467,0.06645794851755918,0.08321202217455137,0.08221202217455137,0.022348593233707303,0.059863428940844066
MU,2018-09-05,2018-09-12,market_wide,-2.816981644707268,-1.1829742155505,-0.1574486223688738,-0.1584486223688738,-0.0011017045514086776,-0.15734691781746513
MU,2018-09-14,2018-09-21,idiosyncratic,-2.0091826620986013,0.0465144852278524,0.009932137663168694,0.008932137663168693,0.01370553681698583,-0.004773399153817137
MU,2018-10-04,2018-10-11,market_wide,-3.7640222876044547,-3.825557992310009,-0.049592327031322214,-0.050592327031322215,-0.062457405017918854,0.01186507798659664
MU,2018-10-12,2018-10-19,market_wide,-2.1678919953293376,-2.4215437143315577,-0.04756323705018917,-0.04856323705018917,-0.005293656942640723,-0.043269580107548444
MU,2018-10-22,2018-10-29,market_wide,-4.1980704919703475,-2.458645001709018,-0.12826977251600402,-0.12926977251600402,-0.043292757693662476,-0.08597701482234155
MU,2018-10-30,2018-11-06,market_wide,-2.327890040070048,-2.046249405160519,0.1052487837182503,0.1042487837182503,0.030051714142149466,0.07419706957610084
MU,2018-11-14,2018-11-21,market_wide,-2.2961624460726537,-2.9374191439942687,-0.04338654991339275,-0.04438654991339275,-0.020014651641666603,-0.024371898271726145
MU,2018-11-23,2018-11-30,market_wide,-2.6747835202104886,-3.3983822895852636,0.05934066926109849,0.05834066926109849,0.05643436930746981,0.0019062999536286762
MU,2018-12-04,2018-12-12,market_wide,-2.434678962162704,-1.6531929524768052,-0.023047886916385707,-0.024047886916385708,-0.020384538680600306,-0.003663348235785402
MU,2018-12-13,2018-12-20,market_wide,-2.8636151117326176,-2.467531548930161,-0.10679594081122334,-0.10779594081122335,-0.06726646184885454,-0.0405294789623688
MU,2018-12-21,2018-12-31,market_wide,-3.5719887197522255,-3.5685673021063176,0.04650393457067126,0.045503934570671256,0.04203000314831273,0.0034739314223585227
MU,2019-01-03,2019-01-10,market_wide,-2.2907403916579696,-1.7060388890303213,0.15838729839684107,0.15738729839684107,0.05303816471648437,0.1043491336803567
MU,2019-01-22,2019-01-29,market_wide,-2.1772393283273344,-1.0570417633757976,0.10392681319981012,0.10292681319981012,0.004225110254800102,0.09870170294501002
MU,2019-02-27,2019-03-06,idiosyncratic,-2.2496125857020255,-0.15561037855881177,-0.08204246710597629,-0.08304246710597629,-0.010318383871813719,-0.07272408323416257
MU,2019-03-07,2019-03-14,market_wide,-3.4507076387873816,-5.750336258406778,0.015331821150124325,0.014331821150124324,0.028112253412956534,-0.01378043226283221
MU,2019-03-25,2019-04-01,market_wide,-2.089155060218631,-2.5738406631410387,0.04192346837873173,0.04092346837873173,0.02847119313886104,0.012452275239870692
MU,2019-04-12,2019-04-22,idiosyncratic,-2.5006396158738324,0.7261245495581743,0.033087487939831295,0.032087487939831294,0.019157982757186387,0.012929505182644907
MU,2019-04-26,2019-05-03,idiosyncratic,-2.3666243882055302,0.37277107423616623,0.029215920798909334,0.028215920798909333,0.009169767373288451,0.019046153425620882
MU,2019-05-07,2019-05-14,market_wide,-6.348528506702518,-6.097219321130673,-0.04346754288337251,-0.04446754288337251,-0.013816298420802342,-0.03065124446257017
MU,2019-05-15,2019-05-22,market_wide,-2.4935949831575015,-2.1508835751026147,-0.09580858143959092,-0.09680858143959092,-0.009370988625315269,-0.08743759281427566
MU,2019-05-23,2019-05-31,market_wide,-3.15239942057643,-2.7436834065560953,-0.035777772019982224,-0.036777772019982224,-0.025351392937975614,-0.01142637908200661
MU,2019-06-03,2019-06-10,market_wide,-2.9432626234658645,-3.2151351506321406,0.06882848452878898,0.06782848452878898,0.05544557562318975,0.012382908905599233
MU,2019-06-12,2019-06-19,idiosyncratic,-2.376279474115752,-0.10745870623414239,0.029733276901081185,0.028733276901081184,0.014621684184294992,0.014111592716786192
MU,2019-06-25,2019-07-02,market_wide,-2.8015252000240753,-1.2396216941350164,0.21175034057574638,0.21075034057574638,0.029704584185653804,0.18104575639009257
MU,2019-07-31,2019-08-07,market_wide,-2.0482162027994875,-2.647557955870816,-0.0699488726296762,-0.0709488726296762,-0.03586404119556352,-0.03508483143411267
MU,2019-08-08,2019-08-15,market_wide,-2.150884866206791,-1.2806778840186461,-0.00914855110699353,-0.01014855110699353,-0.024739217886729614,0.014590666779736083
MU,2019-08-27,2019-09-04,market_wide,-2.5533588020959876,-1.6155465096222172,0.10296908012061445,0.10196908012061445,0.026164866529786668,0.07580421359082778
MU,2019-09-20,2019-09-27,market_wide,-2.5683625998423603,-1.1987527123584023,-0.12103352117793587,-0.12203352117793587,-0.01402811425738859,-0.10800540692054728
MU,2019-09-30,2019-10-07,market_wide,-3.694300834554995,-1.912575229406416,0.030571900275964348,0.029571900275964347,-0.01728053472592872,0.04685243500189307
MU,2019-10-08,2019-10-15,market_wide,-2.403200794331714,-2.9656659441345887,0.08958726991090193,0.08858726991090193,0.048696905202218144,0.03989036470868379
MU,2019-11-08,2019-11-15,idiosyncratic,-4.0190999026683,0.3342146528448488,0.01101939085176773,0.010019390851767729,0.004003617406927562,0.006015773444840167
MU,2019-11-19,2019-11-26,idiosyncratic,-2.5411872806806532,-0.05331748758801904,0.003005776230163626,0.002005776230163626,0.00986534622105939,-0.007859569990895765
MU,2019-12-03,2019-12-10,market_wide,-3.094976638968698,-3.421266528581822,0.049303665981086375,0.048303665981086374,0.014811945546267635,0.03349172043481874
MU,2020-01-27,2020-02-03,market_wide,-3.7144553509797307,-3.8756448303973103,-0.029417074259525222,-0.030417074259525223,-0.017240399186635447,-0.013176675072889776
MU,2020-02-21,2020-02-28,market_wide,-2.8751560122056965,-2.522202113299901,-0.07773308437922821,-0.07873308437922821,-0.11001629544762448,0.031283211068396266
MU,2020-03-03,2020-03-10,market_wide,-2.543427725331925,-2.331570388599403,-0.07606171380842497,-0.07706171380842497,-0.02299334434742173,-0.05406836946100324
MU,2020-03-11,2020-03-18,market_wide,-3.9988519201996287,-3.3324420576564813,-0.20654140280469313,-0.20754140280469313,-0.08627648550751088,-0.12126491729718225
MU,2020-03-19,2020-03-26,market_wide,-2.580973688708205,-2.6961620457517324,0.23422439555698849,0.23322439555698848,0.07104875536612765,0.16217564019086084
MU,2020-04-21,2020-04-28,market_wide,-5.3074523312155835,-1.8933436803339232,0.09418035332901042,0.09318035332901042,0.05102889022652546,0.042151463102484965
MU,2020-05-01,2020-05-08,market_wide,-2.0007317799299096,-1.7443197913224189,0.07079458017316975,0.06979458017316975,0.036260303992809995,0.03353427618035976
MU,2020-05-12,2020-05-19,market_wide,-2.3656208900311313,-1.6436784632828823,-0.012475205630482655,-0.013475205630482656,0.01296523766861446,-0.026440443299097116
MU,2020-05-22,2020-06-01,idiosyncratic,-2.202162469666879,-0.2930507894484424,0.031152478488141844,0.030152478488141843,0.03619495921276905,-0.006042480724627208
MU,2020-06-23,2020-06-30,market_wide,-2.1946023664354106,-1.2050404505974517,0.03370808035561157,0.03270808035561157,-0.0015604211207512764,0.034268501476362845
MU,2020-07-14,2020-07-21,idiosyncratic,-2.275981998673866,0.32086229911142344,0.036411447539325126,0.035411447539325125,0.016486373196386905,0.01892507434293822
MU,2020-07-24,2020-07-31,market_wide,-2.482421286048725,-1.6507634426921651,0.0007994411576270899,-0.00020055884237291013,0.012666593597119524,-0.012867152439492435
MU,2020-08-03,2020-08-10,idiosyncratic,-2.572347737350671,0.9604756271272256,-0.024608000581320733,-0.025608000581320733,0.025229496471405266,-0.050837497052726
MU,2020-08-12,2020-08-19,idiosyncratic,-2.407535079609003,0.450095484627032,-0.09137776620112881,-0.09237776620112881,-0.002285143844347748,-0.09009262235678106
MU,2020-08-20,2020-08-27,idiosyncratic,-3.1523194240330485,-0.19589399808489144,0.037915798138511425,0.036915798138511424,0.037104418039750175,-0.00018861990123875128
MU,2020-09-08,2020-09-15,market_wide,-2.4958231950017233,-5.182723431706744,0.08927374111425612,0.08827374111425612,0.02772711125501548,0.06054662985924064
MU,2020-10-01,2020-10-08,idiosyncratic,-2.6604835765895634,0.48766090112905,0.041318849612824504,0.0403188496128245,0.032977761303692565,0.007341088309131938
MU,2020-10-26,2020-11-02,market_wide,-2.030447310925647,-3.910754780169848,-0.04660550885480286,-0.04760550885480286,-0.016714068688936656,-0.030891440165866202
MU,2020-12-22,2020-12-30,market_wide,-3.0032859386009236,-1.4319554348857437,0.021010842747341663,0.02001084274734166,0.00788774497397382,0.012123097773367841
MU,2021-01-26,2021-02-02,idiosyncratic,-2.6037407012211125,-0.1968188925043667,0.026537659413214953,0.025537659413214953,0.0037306377771966215,0.02180702163601833
MU,2021-03-03,2021-03-10,market_wide,-2.0069398048538063,-2.771171758082708,-0.04152147359060576,-0.04252147359060576,0.024662262524275613,-0.06718373611488138
MU,2021-03-12,2021-03-19,idiosyncratic,-2.159330486436792,0.10313761469242291,0.031217764332915898,0.030217764332915897,-0.00011782677075222736,0.030335591103668125
MU,2021-03-23,2021-03-30,market_wide,-3.7960044825547374,-2.0123237956086,0.013349036141653281,0.01234903614165328,0.029610109623246617,-0.017261073481593336
MU,2021-04-15,2021-04-22,idiosyncratic,-2.2954460861021495,0.5668517109165234,-0.06159289182111327,-0.06259289182111327,-0.01047152038543886,-0.05212137143567441
MU,2021-04-23,2021-04-30,idiosyncratic,-2.8708234396386287,-0.2337912628851723,0.0004649971211649895,-0.0005350028788350105,0.003220502637750089,-0.0037555055165850995
MU,2021-05-04,2021-05-11,market_wide,-2.9763120248071684,-1.7774548471270732,-0.0441891529025108,-0.0451891529025108,0.008220470434617821,-0.05340962333712862
MU,2021-05-12,2021-05-19,market_wide,-4.877983229778081,-7.250327227665126,0.04075538719640037,0.03975538719640037,0.02457754071166396,0.015177846484736413
MU,2021-05-21,2021-05-28,market_wide,-2.0787312421809614,-1.5471574460216355,0.04236847612226757,0.04136847612226757,0.007956862709658008,0.033411613412609564
MU,2021-06-08,2021-06-15,idiosyncratic,-3.471367208053902,-0.22384110314400904,0.020489085716933975,0.019489085716933974,0.004059763485501744,0.01542932223143223
MU,2021-06-18,2021-06-25,market_wide,-3.8655528061310025,-7.10743346147284,0.06601702859722502,0.06501702859722502,0.030209772988179617,0.03480725560904541
MU,2021-07-07,2021-07-14,idiosyncratic,-3.1163249152248524,0.19759758547192707,0.0034515459739181686,0.0024515459739181686,0.005001193530230985,-0.0025496475563128165
MU,2021-07-16,2021-07-23,market_wide,-4.45873202929443,-2.616814899364595,0.01239863377108752,0.011398633771087519,0.014346911028513931,-0.0029482772574264127
MU,2021-08-10,2021-08-17,idiosyncratic,-2.1665089503993866,0.10995684909935571,-0.06758016140502765,-0.06858016140502765,0.00439396265227221,-0.07297412405729986
MU,2021-08-18,2021-08-25,market_wide,-2.239613282207552,-3.381729639417423,0.04842841928362285,0.04742841928362285,0.010889175648711946,0.0365392436349109
MU,2021-09-20,2021-09-27,market_wide,-3.2014411550170583,-5.35368219580822,0.03882824758660641,0.03782824758660641,0.023729427657136037,0.014098819929470374
MU,2021-09-28,2021-10-05,market_wide,-2.2215761441922295,-2.8177439256948373,-0.034219641077954166,-0.03521964107795417,-0.004540587391781314,-0.030679053686172852
MU,2021-10-06,2021-10-13,market_wide,-3.025853149567308,-1.6098135743807016,-0.05090034380998476,-0.05190034380998476,0.0030948352920299183,-0.05499517910201468
MU,2021-10-18,2021-10-25,idiosyncratic,-2.030092436346249,0.26726440805109114,0.022301433812122573,0.021301433812122572,0.027016113458549595,-0.005714679646427023
MU,2021-12-06,2021-12-13,market_wide,-2.479616497489675,-1.5001022717696069,0.02304412576301096,0.022044125763010958,0.02458518070853355,-0.0025410549455225917
MU,2021-12-20,2021-12-28,market_wide,-2.8409263391214137,-3.5811635013365817,0.1330001323914176,0.1320001323914176,0.034612762741323744,0.09738736965009387
MU,2022-01-18,2022-01-25,market_wide,-4.154174757848926,-4.361487675365384,-0.13082805465038838,-0.13182805465038838,-0.0322009285202699,-0.09962712613011848
MU,2022-01-26,2022-02-02,market_wide,-2.429143688245917,-2.7671826564516286,0.030986953994019517,0.029986953994019516,0.053070544791466334,-0.023083590797446818
MU,2022-02-07,2022-02-14,market_wide,-2.157487463109089,-1.1370313340554705,0.11116632494461598,0.11016632494461598,-0.02468321596832912,0.1348495409129451
MU,2022-02-23,2022-03-02,market_wide,-2.4294360292149,-4.182224901488207,0.06860643897136653,0.06760643897136653,0.039306238461857435,0.0283002005095091
MU,2022-03-03,2022-03-10,market_wide,-2.265440242985181,-1.5984075797888717,-0.1509307807135406,-0.1519307807135406,-0.028525991399309336,-0.12340478931423127
MU,2022-03-11,2022-03-18,market_wide,-3.118765691705268,-2.3192293368208357,0.09049693445176765,0.08949693445176765,0.05607535104900707,0.03342158340276058
MU,2022-03-31,2022-04-07,market_wide,-2.4655638446048966,-1.3900445055151496,-0.05918608116262325,-0.06018608116262325,-0.00427481564392751,-0.05591126551869574
MU,2022-04-08,2022-04-18,market_wide,-3.500007683191412,-3.043049135361924,-0.013723492721920416,-0.014723492721920417,-0.01434488497804498,-0.0003786077438754365
MU,2022-04-19,2022-04-26,market_wide,-2.3451075257993375,-1.8257218135494286,-0.0776845666712318,-0.0786845666712318,-0.048987884755020805,-0.029696681916211
MU,2022-04-27,2022-05-04,market_wide,-3.684396483215867,-2.988434364377649,0.10756715736073952,0.10656715736073952,0.03457076997601205,0.07199638738472747
MU,2022-05-09,2022-05-16,market_wide,-2.6633478430836526,-4.410248121266596,0.03739135922162995,0.03639135922162995,0.007448656836265055,0.028942702385364893
MU,2022-05-19,2022-05-26,market_wide,-2.229841424888287,-3.0754993745121437,0.017290830666724988,0.016290830666724987,0.04550623607101989,-0.029215405404294903
MU,2022-06-09,2022-06-16,market_wide,-3.803102456907633,-2.7381705342061635,-0.16676762383347843,-0.16776762383347843,-0.07870082524474953,-0.0890667985887289
MU,2022-06-17,2022-06-27,market_wide,-2.5613435549865295,-2.576316026399646,0.05434980764482833,0.05334980764482833,0.05620308454609346,-0.0028532769012651338
MU,2022-06-29,2022-07-07,market_wide,-2.1301721628057164,-1.1744936804438761,0.050517589010784736,0.049517589010784735,0.01593243790029142,0.033585151110493316
MU,2022-08-08,2022-08-15,idiosyncratic,-2.1570720455582393,-0.17672074995881287,0.052888394748041856,0.051888394748041855,0.036441606365581025,0.01544678838246083
MU,2022-08-19,2022-08-26,market_wide,-2.581448071396887,-1.0532144858529187,-0.047595405946825764,-0.048595405946825765,-0.044669877691605686,-0.003925528255220079
MU,2022-08-29,2022-09-06,market_wide,-2.948233788110438,-3.2039453696541242,-0.031222565793656787,-0.03222256579365679,-0.02657098492882548,-0.005651580864831307
MU,2022-09-07,2022-09-14,market_wide,-3.836473221710532,-2.2089771031279817,-0.03436353820937488,-0.03536353820937488,-0.008130463791859666,-0.027233074417515213
MU,2022-09-15,2022-09-22,market_wide,-3.250111808022437,-3.2124777468412846,-0.05750610242026988,-0.05850610242026988,-0.037782205463759766,-0.020723896956510113
MU,2022-09-23,2022-09-30,market_wide,-2.814429152685182,-3.787108179806922,0.0,-0.001,-0.025562429394902497,0.024562429394902496
MU,2022-11-02,2022-11-09,market_wide,-2.0466188553064,-1.8204880484889494,0.0471469955085444,0.0461469955085444,0.021561765492839946,0.02458523001570445
MU,2022-11-25,2022-12-02,idiosyncratic,-2.3784952963015695,-0.032767095337991915,-0.06385906237827621,-0.06485906237827621,-0.0016089395093269454,-0.06325012286894927
MU,2022-12-05,2022-12-12,market_wide,-2.992877660806024,-1.5350281320834345,0.024241395678111566,0.023241395678111565,0.005112492924208345,0.01812890275390322
MU,2022-12-14,2022-12-21,market_wide,-2.6885824594225003,-1.409908623321389,-0.062282481871756334,-0.06328248187175634,-0.028921993021845283,-0.03436048884991105
MU,2022-12-22,2022-12-30,market_wide,-3.1096578379482347,-2.6425800713850363,0.013427582646453162,0.012427582646453161,0.008844295407235858,0.003583287239217303
MU,2023-02-06,2023-02-13,market_wide,-3.770299388043478,-1.1939843545182578,0.002334284431357192,0.001334284431357192,0.005459505696262523,-0.004125221264905331
MU,2023-02-16,2023-02-24,market_wide,-2.5125009931474973,-2.7748932194073137,-0.03114077648616198,-0.03214077648616198,-0.025824962892323944,-0.006315813593838038
MU,2023-02-27,2023-03-06,market_wide,-2.4850855687085427,-2.470771111094458,-0.018480093039176526,-0.019480093039176527,0.0194694890346212,-0.03894958207379773
MU,2023-03-07,2023-03-14,market_wide,-4.418878616638868,-1.9045378780038296,-0.023218068673700798,-0.0242180686737008,-0.023092311037005597,-0.0011257576366952016
MU,2023-03-15,2023-03-22,market_wide,-2.6963889960954908,-2.26337203157045,0.0746350947717711,0.0736350947717711,0.011570722087995478,0.062064372683775626
MU,2023-04-06,2023-04-14,idiosyncratic,-2.25618330679284,-0.26349667786465025,0.06950144460033614,0.06850144460033614,0.013503408151063878,0.05499803644927226
MU,2023-04-25,2023-05-02,market_wide,-4.523502942703457,-4.058077143360386,0.06467153672819603,0.06367153672819603,-0.004156432995082504,0.06782796972327854
MU,2023-05-03,2023-05-10,market_wide,-2.0742494003953773,-2.1130893781159243,-0.015104182363311125,-0.016104182363311126,-0.006028162355301903,-0.010076020008009223
MU,2023-05-11,2023-05-18,market_wide,-2.235048974101542,-1.1744444685071997,0.09673760167826284,0.09573760167826284,0.015549081981437007,0.08018851969682583
MU,2023-06-05,2023-06-12,idiosyncratic,-2.473795026417725,-0.17634505906529965,-0.004722013859132956,-0.005722013859132956,0.014050695556297343,-0.0197727094154303
MU,2023-06-13,2023-06-21,idiosyncratic,-2.0487988725440127,0.5886915143260131,-0.03049953889173218,-0.03149953889173218,-0.0031062567785929973,-0.028393282113139184
MU,2023-06-23,2023-06-30,market_wide,-2.8391858021266088,-1.7808935669387351,-0.033241537574811186,-0.03424153757481119,0.019904691105497196,-0.054146228680308384
MU,2023-07-03,2023-07-11,idiosyncratic,-2.718748349554986,0.15578378925738154,-0.0028218742884306147,-0.0038218742884306147,-0.003815639773200208,-6.234515230406877e-06
MU,2023-08-09,2023-08-16,market_wide,-3.117700493086774,-3.041370701548008,-0.0371814581785872,-0.0381814581785872,-0.013172075668992589,-0.025009382509594613
MU,2023-08-17,2023-08-24,market_wide,-2.979389212094722,-4.502868956914656,0.002045124182168845,0.0010451241821688448,-0.009368375252833294,0.010413499435002138
MU,2023-08-25,2023-09-01,market_wide,-3.109067397498983,-1.9893139100655852,0.10467656802916947,0.10367656802916947,0.024422744723830547,0.07925382330533892
MU,2023-09-15,2023-09-22,market_wide,-3.4046893445138875,-2.699556147446174,-0.014310093461286866,-0.015310093461286867,-0.02993182703935182,0.014621733578064955
MU,2023-09-25,2023-10-02,market_wide,-2.96752691672754,-2.673117409774277,-0.009040815679131509,-0.01004081567913151,-0.019146060975624546,0.009105245296493036
MU,2023-10-03,2023-10-10,market_wide,-2.0239765863739105,-3.7842447314921617,0.019979627758475615,0.018979627758475615,0.018240495583536243,0.000739132174939372
MU,2023-10-19,2023-10-26,market_wide,-6.014250901336598,-2.663838095544334,-0.0444247657209893,-0.0454247657209893,-0.026873338491033127,-0.018551427229956174
MU,2023-10-27,2023-11-03,market_wide,-2.3586305284467333,-3.2173906629874165,0.10555943676512425,0.10455943676512425,0.059817263040834456,0.04474217372428979
MU,2023-11-28,2023-12-05,idiosyncratic,-2.588797873015061,-0.08127215446706486,-0.031923244181098154,-0.032923244181098155,0.020654959569974096,-0.05357820375107225
MU,2023-12-06,2023-12-13,market_wide,-3.5875679492562234,-2.6800341056464903,0.09107090518519256,0.09007090518519256,0.029566790457544734,0.06050411472764783
MU,2024-01-10,2024-01-18,idiosyncratic,-2.5790764273907594,-0.035902708095958115,0.02961893885184952,0.028618938851849518,-0.0028442125381624717,0.03146315139001199
MU,2024-02-06,2024-02-13,idiosyncratic,-3.528165046943594,-0.10128695598023997,-0.03628855448101731,-0.03728855448101731,0.0010045517766450462,-0.03829310625766236
MU,2024-02-15,2024-02-23,idiosyncratic,-2.96491698494785,0.2078416689241703,0.05353444393992679,0.05253444393992679,0.016792223028692987,0.0357422209112338
MU,2024-03-15,2024-03-22,market_wide,-2.688200497021486,-1.8094260105114082,0.1818766770273148,0.1808766770273148,0.020135157230499745,0.16074151979681506
MU,2024-04-15,2024-04-22,market_wide,-3.205492717648818,-5.1144621609831615,-0.1009310558994414,-0.1019310558994414,-0.004516236780753524,-0.09741481911868788
MU,2024-04-23,2024-04-30,market_wide,-2.2039970539731217,-1.6144033594727074,0.004445991071531097,0.003445991071531097,-0.0021696384367976274,0.005615629508328724
MU,2024-05-01,2024-05-08,market_wide,-2.3955076688894748,-2.1595342142042955,0.08769377554198954,0.08669377554198954,0.025825573326121898,0.06086820221586764
MU,2024-05-30,2024-06-06,market_wide,-2.706529808840606,-5.073603551426538,0.029930962434108865,0.028930962434108864,0.022818422782799885,0.006112539651308979
MU,2024-06-27,2024-07-05,idiosyncratic,-4.8427997833652645,-0.14675191975077664,-0.004764219262870961,-0.005764219262870961,0.003915255169143261,-0.009679474432014223
MU,2024-07-08,2024-07-15,idiosyncratic,-2.628869004550826,0.17228601043031422,0.0013769812904429468,0.0003769812904429468,0.018596277928724758,-0.018219296638281812
MU,2024-07-16,2024-07-23,idiosyncratic,-3.945606049602857,0.6290416716655161,-0.10385114186906219,-0.10485114186906219,-0.023348027370360902,-0.08150311449870129
MU,2024-07-24,2024-07-31,market_wide,-3.02170793660375,-4.904498869072357,-0.0041711798871102435,-0.0051711798871102435,0.022656778432220914,-0.02782795831933116
MU,2024-08-01,2024-08-08,market_wide,-3.573082044995345,-2.021649674384644,-0.09299571531128048,-0.09399571531128048,-0.024873746419387,-0.06912196889189348
MU,2024-08-27,2024-09-04,idiosyncratic,-2.5343369283719177,-0.08051399878760779,-0.08757395437711302,-0.08857395437711302,-0.013341775642821907,-0.07523217873429111
MU,2024-09-05,2024-09-12,market_wide,-3.025624725161692,-3.310410867521248,-0.024387585616828078,-0.02538758561682808,0.012742477020747822,-0.0381300626375759
MU,2024-09-16,2024-09-23,idiosyncratic,-2.9980166824556256,-0.11609894587036161,0.07329658736253286,0.07229658736253286,0.011369480609410454,0.060927106753122406
MU,2024-10-09,2024-10-16,idiosyncratic,-2.055633616136805,1.4535656324834392,0.07413962102840022,0.07313962102840021,0.013647847798348378,0.059491773230051836
MU,2024-10-23,2024-10-30,market_wide,-2.244348584594308,-2.2019549138798493,-0.009233734638608437,-0.010233734638608438,-0.006126864450260006,-0.004106870188348433
MU,2024-10-31,2024-11-07,market_wide,-5.000590578744716,-7.226445857534267,0.13808329477158043,0.13708329477158043,0.05144228030858411,0.08564101446299632
MU,2024-11-13,2024-11-20,idiosyncratic,-2.6336963787192396,-0.12412365926074254,-0.015512396278756335,-0.016512396278756336,-0.017696342106859775,0.0011839458281034387
MU,2024-11-29,2024-12-06,idiosyncratic,-2.356357634749748,0.3954623621080019,0.03287388994074747,0.03187388994074747,-0.006669170500747557,0.038543060441495025
MU,2024-12-10,2024-12-17,market_wide,-2.843332053413607,-1.4089435781331543,0.10703351865736188,0.10603351865736188,-0.014952141076635006,0.12098565973399689
MU,2024-12-19,2024-12-27,market_wide,-6.0346349594079145,-3.455392710110286,0.017682750772223477,0.016682750772223476,0.01794630688217458,-0.0012635561099511028
MU,2024-12-30,2025-01-07,market_wide,-2.620117191456778,-2.1875699562397295,0.1945846920561054,0.1935846920561054,0.011117630872415463,0.18246706118368994
MU,2025-01-31,2025-02-07,market_wide,-2.1528020009790225,-1.4731626122807815,0.011617793042385527,0.010617793042385526,-0.024378161027995282,0.03499595407038081
MU,2025-02-24,2025-03-03,market_wide,-2.183023611323721,-3.4155871288166226,-0.051042899182666246,-0.05204289918266625,-0.0020292190808799404,-0.050013680101786306
MU,2025-03-04,2025-03-11,market_wide,-2.7664993108739013,-3.4707608125409752,-0.023574301458479385,-0.024574301458479386,-0.02648017373292688,0.0019058722744474954
MU,2025-03-27,2025-04-03,market_wide,-2.8463332346450203,-1.140482443447588,-0.18344897834190188,-0.18444897834190188,-0.05623352518453051,-0.12821545315737137
MU,2025-04-04,2025-04-11,market_wide,-5.158598853169614,-6.375232148645987,0.07462917289444104,0.07362917289444104,0.033618889686305,0.040010283208136044
MU,2025-04-15,2025-04-23,market_wide,-2.0356006080741147,-1.1371332766714457,0.02660467207568895,0.02560467207568895,0.00524861055069703,0.02035606152499192
MU,2025-05-30,2025-06-06,market_wide,-2.5893002517592145,-1.0264380115937795,0.14926966031925248,0.14826966031925248,0.02280920872663761,0.12546045159261487
MU,2025-07-01,2025-07-09,idiosyncratic,-2.5298579006583504,-0.023649673008778037,0.012119057072038864,0.011119057072038863,0.0076480121702522386,0.003471044901786624
MU,2025-07-14,2025-07-21,idiosyncratic,-3.734101450606346,-0.2797451787185858,-0.045358713807871376,-0.04635871380787138,-0.01748985871884967,-0.028868855089021705
MU,2025-07-22,2025-07-29,idiosyncratic,-3.3969330730048592,0.03371212152840619,0.02508692347061392,0.02408692347061392,-0.002334748744236337,0.026421672214850256
MU,2025-07-31,2025-08-07,market_wide,-3.074105840213736,-1.3200368961830116,0.025013733807375482,0.02401373380737548,0.0010092320723942283,0.023004501734981253
MU,2025-08-21,2025-08-28,market_wide,-2.610844551028961,-2.188738166272759,0.053631451638237015,0.052631451638237015,0.012874063469594743,0.03975738816864227
MU,2025-09-25,2025-10-02,market_wide,-2.3013045305993156,-2.4059808983876314,0.17165072965161854,0.17065072965161854,0.02054154779002504,0.1501091818615935
MU,2025-11-18,2025-11-25,market_wide,-2.7042551779596695,-3.873530158245367,-0.017374201739505657,-0.018374201739505658,0.006611479220502758,-0.024985680960008416
MU,2025-12-15,2025-12-22,market_wide,-2.3068392633790884,-3.059403706036374,0.16458942004258637,0.16358942004258636,0.009880877592607584,0.15370854244997878
MU,2026-02-04,2026-02-11,market_wide,-3.077124765877404,-2.705693348413246,0.08154987260812785,0.08054987260812785,0.02099150840498676,0.05955836420314109
MU,2026-03-03,2026-03-10,market_wide,-5.85903469198468,-3.939631855083247,0.06170987686639218,0.060709876866392176,-0.01986741906159384,0.08057729592798601
MU,2026-03-23,2026-03-30,market_wide,-2.3274428592433294,-2.3600670473275884,-0.20382053051848115,-0.20482053051848115,-0.01961548158014914,-0.185205048938332
MU,2026-03-31,2026-04-08,market_wide,-2.6015850565564067,-1.617793463726385,0.2039130556159614,0.2029130556159614,0.02973847983510458,0.17317457578085682
MU,2026-06-10,2026-06-17,market_wide,-2.7370631648672106,-3.783654187491229,0.16965281036035162,0.16865281036035162,0.02234166941282001,0.14631114094753161
MU,2026-07-06,2026-07-13,idiosyncratic,-2.884156819034789,0.6697025131686772,-0.048489464331048504,-0.049489464331048505,-0.003888580137386022,-0.04560088419366248
MU,2026-07-15,2026-07-22,idiosyncratic,-3.9380500281746675,-0.041213764318671096,0.061042983792084726,0.060042983792084725,0.01589567245315049,0.044147311338934236
MU,2026-07-28,2026-08-04,market_wide,-3.1461312848241265,-2.340572443593539,0.08791872452870386,0.08691872452870386,0.022969961569284658,0.0639487629594192
MU,2026-08-24,2026-08-31,market_wide,-2.1322527787398253,-3.060707393757878,0.05305184163695409,0.05205184163695409,0.005445118408305305,0.04660672322864878
MU,2026-09-01,2026-09-09,market_wide,-2.176356382614862,-3.5570295974470145,0.10105632589467373,0.10005632589467373,-0.003433753451316801,0.10349007934599053
MU,2026-09-14,2026-09-21,market_wide,-3.184752218178441,-2.7356758016511447,0.1297900802335219,0.1287900802335219,0.0006247254278302083,0.1281653548056917
HON,2015-07-24,2015-07-31,market_wide,-3.14873114928183,-2.944076718473155,0.022185076564987583,0.02118507656498758,0.021551102566563785,-0.0003660260015762029
HON,2015-08-11,2015-08-18,market_wide,-2.2622338383749736,-2.1455369210613595,0.012908474552624227,0.011908474552624226,0.001450386123491798,0.010458088429132428
HON,2015-08-19,2015-08-26,market_wide,-2.778737292581496,-2.404745109891012,-0.06864049737407929,-0.06964049737407929,-0.06298513684351814,-0.00665536053056115
HON,2015-09-01,2015-09-09,market_wide,-2.632298152445809,-2.485066512955967,0.030220683595094,0.029220683595094,0.01407459436125058,0.015146089233843418
HON,2015-09-18,2015-09-25,market_wide,-2.366288498273359,-1.6085967929003713,-0.04610383621801817,-0.04710383621801817,-0.01641287146824133,-0.03069096474977684
HON,2015-09-28,2015-10-05,market_wide,-3.2701699303185383,-4.805330547568375,0.07413491993506738,0.07313491993506738,0.06699444427896961,0.006140475656097766
HON,2015-10-16,2015-10-23,idiosyncratic,-2.78937789896174,0.4206143540859863,0.06286732521750937,0.06186732521750937,0.021809337144843344,0.04005798807266603
HON,2015-11-09,2015-11-16,market_wide,-2.727548512274826,-1.9131256941829888,0.0024340083829275105,0.0014340083829275105,-0.011899418867736267,0.013333427250663776
HON,2015-12-02,2015-12-09,market_wide,-2.7114053926443513,-1.6058999144870285,-0.011735745480725979,-0.01273574548072598,-0.022784354955392994,0.010048609474667014
HON,2015-12-10,2015-12-17,market_wide,-3.1259405322217066,-2.724569062013171,0.005404882290233726,0.004404882290233726,-0.011171707937400743,0.015576590227634468
HON,2016-01-04,2016-01-11,market_wide,-2.315897067723604,-2.871066991941105,-0.04046025505914441,-0.04146025505914441,-0.047101082331162836,0.005640827272018423
HON,2016-01-12,2016-01-20,market_wide,-2.3835615083496844,-2.3838801396388822,-0.02954506543202695,-0.030545065432026952,-0.04694454268282178,0.016399477250794825
HON,2016-01-21,2016-01-28,market_wide,-3.3999595165211782,-3.1695284951718956,0.014392275203711336,0.013392275203711335,-0.007477886894844188,0.020870162098555523
HON,2016-02-26,2016-03-04,idiosyncratic,-2.221565630259675,-0.11678858820874859,0.04969441608600511,0.04869441608600511,0.026997671250054367,0.021696744835950743
HON,2016-04-05,2016-04-12,market_wide,-2.4231850865759084,-2.0147098910471146,0.01118242625531396,0.010182426255313959,0.005581260446343439,0.00460116580897052
HON,2016-04-29,2016-05-06,market_wide,-2.0825637867344997,-4.54185281311845,-0.004288297029894417,-0.005288297029894417,-0.01077177655685957,0.005483479526965152
HON,2016-05-09,2016-05-16,market_wide,-2.9372775837310225,-2.127929914110934,0.014846385348889601,0.0138463853488896,0.001376263491146723,0.012470121857742877
HON,2016-05-18,2016-05-25,market_wide,-2.414957777765799,-3.0479662102961833,0.01801366081532052,0.01701366081532052,0.029972488549857568,-0.012958827734537048
HON,2016-06-24,2016-07-01,market_wide,-5.389026356448761,-5.882218467048972,0.031156049796194685,0.030156049796194684,0.024393842233515928,0.005762207562678756
HON,2016-07-22,2016-07-29,idiosyncratic,-11.388082207869891,0.10620699133441473,0.0062281999605913185,0.0052281999605913185,-0.002984183592394163,0.00821238355298548
HON,2016-08-02,2016-08-09,market_wide,-2.4748684729556456,-4.757484919922024,0.007015968489673341,0.006015968489673341,0.015337878675840244,-0.009321910186166904
HON,2016-09-01,2016-09-09,market_wide,-2.554378408293442,-2.664520038772374,-0.03547747509315724,-0.03647747509315724,-0.021258326163378083,-0.015219148929779158
HON,2016-09-12,2016-09-19,market_wide,-2.1710163934138604,-1.6138622027749066,0.009252064227897483,0.008252064227897482,-0.010757594165897943,0.019009658393795426
HON,2016-10-04,2016-10-11,market_wide,-2.624674673087467,-2.189239366465673,-0.07921335157853748,-0.08021335157853748,-0.018590868194333643,-0.06162248338420384
HON,2016-10-12,2016-10-19,market_wide,-2.036856911214258,-3.0486929421193127,0.007819033136921894,0.0068190331369218935,0.0020919001610206767,0.004727132975901217
HON,2016-10-20,2016-10-27,market_wide,-2.7734738424148375,-1.839448242888559,0.006380856333814577,0.005380856333814577,0.003175021976867143,0.0022058343569474346
HON,2016-11-02,2016-11-09,market_wide,-2.5032750073073693,-4.557383747539192,0.03595794612548131,0.03495794612548131,0.03270424473825062,0.002253701387230689
HON,2016-12-02,2016-12-09,market_wide,-2.2669302000659592,-2.0155825052590615,0.03361491813813822,0.032614918138138216,0.033412722605510536,-0.0007978044673723206
HON,2016-12-28,2017-01-05,market_wide,-4.149076304967553,-3.3707122635186186,0.008725898712964808,0.007725898712964808,0.0075488934335714575,0.0001770052793933505
HON,2017-01-23,2017-01-30,market_wide,-3.1960625991312472,-2.606779310184973,0.014479450950404704,0.013479450950404703,0.008296339846169953,0.00518311110423475
HON,2017-02-01,2017-02-08,market_wide,-2.450860749160013,-1.501597394593499,0.014661030517074458,0.013661030517074457,0.006347918607688463,0.007313111909385994
HON,2017-03-14,2017-03-21,market_wide,-2.060558767565834,-2.852884317781265,-0.0003975008543429803,-0.0013975008543429803,-0.0035805894251358383,0.002183088570792858
HON,2017-03-22,2017-03-29,market_wide,-3.1792371134700534,-3.072988839493807,-0.0015933650946861055,-0.0025933650946861056,0.006843754258453849,-0.009437119353139956
HON,2017-04-03,2017-04-10,market_wide,-3.9138115408332093,-1.2497770613041252,0.001045476785382693,4.547678538269293e-05,-0.0014832149399787165,0.0015286917253614094
HON,2017-04-12,2017-04-20,market_wide,-3.8504956127794325,-5.573521831442406,0.0050344577807832636,0.0040344577807832635,0.010373552330268154,-0.006339094549484891
HON,2017-05-17,2017-05-24,market_wide,-3.82662827694518,-7.704482343536438,0.016930887297406327,0.015930887297406326,0.019503653524052256,-0.0035727662266459292
HON,2017-06-22,2017-06-29,market_wide,-2.426504476638513,-2.5536897411341766,-0.013052649420243423,-0.014052649420243424,-0.004602722087800437,-0.009449927332442987
HON,2017-06-30,2017-07-10,market_wide,-2.612122656327595,-2.926682673442615,0.010503311340442467,0.009503311340442466,-0.0033241423366902056,0.012827453677132672
HON,2017-08-10,2017-08-17,market_wide,-2.0895037663527423,-13.125030658286498,-0.005314988465939918,-0.006314988465939918,0.007207192371785798,-0.013522180837725717
HON,2017-08-18,2017-08-25,market_wide,-3.8271413166350516,-2.9771997997229644,0.013856698952767088,0.012856698952767087,0.0037825368368775703,0.009074162115889517
HON,2017-09-05,2017-09-12,market_wide,-2.136745179907541,-1.1648602783390127,0.015896498838732898,0.014896498838732897,0.027283770020509746,-0.012387271181776849
HON,2017-09-14,2017-09-21,idiosyncratic,-2.144527675787748,-0.05106657677388835,0.026601421955964044,0.025601421955964043,-0.0003610975680095052,0.02596251952397355
HON,2017-12-12,2017-12-19,idiosyncratic,-2.3587866838099063,0.39379208999542664,0.00240657716317072,0.00140657716317072,0.007436212505945505,-0.006029635342774785
HON,2017-12-28,2018-01-05,idiosyncratic,-2.2583181268784576,-0.28631869721518866,0.009407611660789295,0.008407611660789294,0.032501309579467286,-0.024093697918677992
HON,2018-01-30,2018-02-06,market_wide,-2.654081005210122,-1.66859250988676,-0.047618790850722514,-0.048618790850722515,-0.052553358969766095,0.00393456811904358
HON,2018-02-07,2018-02-14,market_wide,-3.000422748028486,-2.5752666398830946,-0.005357330327211307,-0.006357330327211307,0.00272409961115061,-0.009081429938361918
HON,2018-02-28,2018-03-07,market_wide,-2.1478469601901624,-1.8859426273456639,-0.004632529739908575,-0.005632529739908575,0.007365617720358708,-0.012998147460267284
HON,2018-03-19,2018-03-26,market_wide,-2.544151732090999,-3.147784738421913,-0.021704404949454803,-0.022704404949454804,-0.02855962058278938,0.005855215633334576
HON,2018-03-27,2018-04-04,market_wide,-2.679103297396693,-2.6497193418988,0.0034636279882922505,0.0024636279882922505,0.019879477241686372,-0.017415849253394122
HON,2018-04-06,2018-04-13,market_wide,-2.6694029709581963,-2.0742647773200886,0.023679430453843686,0.022679430453843685,0.02623085052853602,-0.0035514200746923352
HON,2018-04-26,2018-05-03,market_wide,-2.6507549819334804,-1.6179624124447336,-0.023433131102643112,-0.024433131102643113,-0.02848254700437436,0.004049415901731246
HON,2018-05-07,2018-05-14,idiosyncratic,-2.297166792252011,0.22346987294207163,0.021780953543522052,0.02078095354352205,0.03948437871489863,-0.018703425171376575
HON,2018-06-15,2018-06-22,idiosyncratic,-2.2451823215179587,-0.29210734162212443,-0.041469566458254614,-0.042469566458254615,-0.016310363655749116,-0.0261592028025055
HON,2018-06-25,2018-07-02,market_wide,-2.5521356958802275,-5.613012022699986,0.005345825132031745,0.004345825132031745,-0.003307123785966204,0.007652948917997949
HON,2018-08-06,2018-08-13,idiosyncratic,-2.2966360547510125,0.4446149626468403,-0.01690672349050104,-0.017906723490501042,-0.0049905693073272195,-0.012916154183173822
HON,2018-08-15,2018-08-22,market_wide,-2.5990995568015673,-2.4266033851383995,0.024240309052952158,0.023240309052952157,0.024578612889845752,-0.0013383038368935951
HON,2018-09-27,2018-10-04,market_wide,-3.14844359949454,-1.235712902942895,0.007025651720733661,0.006025651720733661,-0.004544280105737486,0.010569931826471146
HON,2018-10-05,2018-10-12,market_wide,-2.280021963388054,-5.005666357442277,-0.04796749921047938,-0.04896749921047938,-0.040329644173936585,-0.008637855036542796
HON,2018-10-15,2018-10-22,market_wide,-2.164755018632342,-2.411664033467028,-0.02304579119071859,-0.02404579119071859,-0.00151898418376617,-0.02252680700695242
HON,2018-10-23,2018-10-30,market_wide,-3.837212933173353,-3.22207078586872,-0.02035328465952202,-0.02135328465952202,-0.012849925063107781,-0.00850335959641424
HON,2018-11-20,2018-11-28,market_wide,-5.087358790542619,-4.144056452742465,0.0017354907192783653,0.0007354907192783653,0.03944440927924453,-0.038708918559966166
HON,2018-12-04,2018-12-12,market_wide,-3.0522211339664507,-1.6531929524768052,-0.030767983364319407,-0.03176798336431941,-0.020384538680600306,-0.011383444683719102
HON,2018-12-13,2018-12-20,market_wide,-2.4185126026306834,-2.467531548930161,-0.0587092708395911,-0.0597092708395911,-0.06726646184885454,0.007557191009263442
HON,2018-12-21,2018-12-31,market_wide,-3.5070895515614766,-3.5685673021063176,0.020704423187505983,0.01970442318750598,0.04203000314831273,-0.022325579960806752
HON,2019-03-06,2019-03-13,market_wide,-2.3853626538747297,-3.9426842883902213,0.008455905890681015,0.007455905890681015,0.02146918284891064,-0.014013276958229626
HON,2019-05-07,2019-05-14,market_wide,-3.534690160642719,-6.097219321130673,-0.009950062171997343,-0.010950062171997343,-0.013816298420802342,0.0028662362488049986
HON,2019-05-15,2019-05-22,market_wide,-2.098590402353164,-2.1508835751026147,-0.0004133637932837164,-0.0014133637932837164,-0.009370988625315269,0.007957624832031551
HON,2019-05-23,2019-05-31,market_wide,-3.1872629223260796,-2.7436834065560953,-0.012797367430669171,-0.013797367430669172,-0.025351392937975614,0.011554025507306442
HON,2019-07-10,2019-07-17,idiosyncratic,-2.5069294080897433,-0.05953053418559511,-0.033474631593987225,-0.034474631593987226,0.0038184851331337644,-0.03829311672712099
HON,2019-08-01,2019-08-08,market_wide,-7.756962825369714,-4.046740992769481,-0.014980589479505313,-0.015980589479505314,-0.00414931946835817,-0.011831270011147144
HON,2019-08-12,2019-08-19,market_wide,-2.254620631936919,-2.3472836653430447,0.012163638714225877,0.011163638714225876,0.023787245528090084,-0.012623606813864208
HON,2019-08-20,2019-08-27,market_wide,-2.2013599801595207,-1.0587859462940523,-0.03664301672847825,-0.03764301672847825,0.0021430742255348356,-0.03978609095401309
HON,2019-09-19,2019-09-26,idiosyncratic,-2.4886350242419573,-0.14312838282799506,0.0015591038502269505,0.0005591038502269505,-0.008556289946673568,0.009115393796900517
HON,2019-10-01,2019-10-08,market_wide,-4.959802111995602,-4.151633828405124,-0.033924343878675156,-0.03492434387867516,-0.021168774080432273,-0.013755569798242884
HON,2019-10-09,2019-10-16,market_wide,-2.747869150685387,-1.8309950057126174,0.02371105486270575,0.02271105486270575,0.0319767990449773,-0.009265744182271551
HON,2019-11-18,2019-11-25,idiosyncratic,-2.096901323729251,0.16243306917227773,-0.01829839067443728,-0.019298390674437282,0.005930952689837676,-0.02522934336427496
HON,2019-12-02,2019-12-09,market_wide,-4.203019976247519,-2.2250313419487835,0.000975159569485573,-2.484043051442699e-05,0.009030877771979862,-0.00905571820249429
HON,2019-12-10,2019-12-17,market_wide,-2.217516441360989,-1.0595642963333605,0.015283535405787418,0.014283535405787418,0.020370456226262323,-0.006086920820474906
HON,2020-01-07,2020-01-14,market_wide,-2.1944323942859922,-1.625873108787713,0.015989728689096205,0.014989728689096204,0.013310552482738158,0.0016791762063580462
HON,2020-01-23,2020-01-30,idiosyncratic,-2.21595336998025,-0.08714821057829415,-0.0069048849847308524,-0.007904884984730853,-0.025696199081328475,0.01779131409659762
HON,2020-01-31,2020-02-07,market_wide,-3.172546363979357,-3.5966880765369935,0.011892087301439425,0.010892087301439424,0.03084188954217537,-0.019949802240735948
HON,2020-02-24,2020-03-02,market_wide,-3.097927925835357,-7.995229010332425,-0.05785984369531305,-0.05885984369531305,-0.03722018447532904,-0.02163965921998401
HON,2020-03-03,2020-03-10,market_wide,-2.24522417905598,-2.331570388599403,-0.0012352180938755009,-0.002235218093875501,-0.02299334434742173,0.020758126253546227
HON,2020-03-11,2020-03-18,market_wide,-3.754062758544164,-3.3324420576564813,-0.2202228764827201,-0.2212228764827201,-0.08627648550751088,-0.13494639097520922
HON,2020-03-19,2020-03-26,market_wide,-2.957191369882199,-2.6961620457517324,0.15501029748987616,0.15401029748987616,0.07104875536612765,0.08296154212374851
HON,2020-04-21,2020-04-28,market_wide,-3.3966440504305626,-1.8933436803339232,0.08151512311697884,0.08051512311697884,0.05102889022652546,0.02948623289045338
HON,2020-05-04,2020-05-11,market_wide,-2.37546076060156,-1.6338051530461362,-0.0068044126719543074,-0.0078044126719543075,0.036481669290090224,-0.04428608196204453
HON,2020-05-12,2020-05-19,market_wide,-4.073022539957144,-1.6436784632828823,0.041796660156367516,0.040796660156367515,0.01296523766861446,0.027831422487753055
HON,2020-06-11,2020-06-18,market_wide,-3.115781569650874,-3.034098724813358,0.03339409943201721,0.03239409943201721,0.032490347591615176,-9.624815959796695e-05
HON,2020-06-19,2020-06-26,market_wide,-2.5046579405049947,-1.7531576278939376,-0.04925367428029381,-0.050253674280293814,-0.02880935720350508,-0.021444317076788733
HON,2020-07-30,2020-08-06,market_wide,-3.1246908634862205,-1.3900332457774265,0.022928336815698724,0.021928336815698724,0.018561140275635157,0.003367196540063566
HON,2020-09-08,2020-09-15,market_wide,-2.483523759190115,-5.182723431706744,0.024532500211660535,0.023532500211660534,0.02772711125501548,-0.0041946110433549455
HON,2020-09-21,2020-09-28,market_wide,-4.117482244098775,-4.025288781552557,0.0202639031992502,0.0192639031992502,0.009370379011758523,0.009893524187491676
HON,2020-10-26,2020-11-02,market_wide,-3.7528223745628386,-3.910754780169848,0.020215054291383705,0.019215054291383704,-0.016714068688936656,0.03592912298032036
HON,2020-12-21,2020-12-29,market_wide,-2.717186934416908,-1.1768620158123186,-0.007262784858431237,-0.008262784858431238,-0.00036459394408328016,-0.007898190914347958
HON,2021-01-04,2021-01-11,market_wide,-3.4742228280189345,-2.2523480388447723,0.0019715575496266347,0.0009715575496266346,0.03239574393519229,-0.031424186385565656
HON,2021-01-15,2021-01-25,market_wide,-3.2097040529490752,-1.337241295237996,-0.01990577712339614,-0.02090577712339614,0.005437631029354906,-0.026343408152751047
HON,2021-01-26,2021-02-02,idiosyncratic,-3.096091422149907,-0.1968188925043667,-0.0046750506333127495,-0.0056750506333127495,0.0037306377771966215,-0.009405688410509372
HON,2021-02-25,2021-03-04,market_wide,-2.021061671621544,-5.263398703609781,-0.009033472134461928,-0.01003347213446193,-0.01865729503833835,0.008623822903876421
HON,2021-03-23,2021-03-30,market_wide,-3.312816233897247,-2.0123237956086,0.04554390273651743,0.04454390273651743,0.029610109623246617,0.01493379311327081
HON,2021-04-23,2021-04-30,idiosyncratic,-4.8483042189593615,-0.2337912628851723,-0.006503192896298415,-0.007503192896298415,0.003220502637750089,-0.010723695534048505
HON,2021-05-12,2021-05-19,market_wide,-3.6572694822337226,-7.250327227665126,0.010086279914100382,0.009086279914100381,0.02457754071166396,-0.015491260797563577
HON,2021-05-20,2021-05-27,market_wide,-2.207013845532763,-1.3950766464214266,0.041147070560888954,0.04014707056088895,0.005674985916993336,0.03447208464389562
HON,2021-06-10,2021-06-17,idiosyncratic,-2.8153889296190426,0.6931397583618831,-0.04402202175300984,-0.045022021753009844,-0.00874303535739751,-0.036278986395612334
HON,2021-06-18,2021-06-25,market_wide,-3.8238685967219888,-7.10743346147284,0.029364941315381143,0.028364941315381142,0.030209772988179617,-0.0018448316727984748
HON,2021-06-29,2021-07-07,idiosyncratic,-2.3960630504074536,0.0640820001010199,0.022181052081015062,0.02118105208101506,0.011928138573722213,0.009252913507292848
HON,2021-07-19,2021-07-26,market_wide,-2.574033563841533,-5.952430801746607,0.038928855931365636,0.037928855931365635,0.02692367272118079,0.011005183210184843
HON,2021-08-05,2021-08-12,idiosyncratic,-2.282506696020101,0.35239707614335675,0.012983932109428276,0.011983932109428275,0.0012133206907742888,0.010770611418653986
HON,2021-08-18,2021-08-25,market_wide,-2.484771210173673,-3.381729639417423,0.009806396817806151,0.00880639681780615,0.010889175648711946,-0.002082778830905796
HON,2021-09-03,2021-09-13,idiosyncratic,-2.758644347822547,-0.03551208340519649,-0.02084410094630129,-0.021844100946301293,-0.015832570589165096,-0.006011530357136197
HON,2021-09-14,2021-09-21,market_wide,-2.908986187069198,-3.3808052717371404,-0.02402467242137918,-0.02502467242137918,-0.015745216595004163,-0.009279455826375016
HON,2021-09-22,2021-09-29,market_wide,-2.2775158035658514,-2.1671112360032034,-0.009676375993846853,-0.010676375993846854,0.0050588455153901535,-0.015735221509237007
HON,2021-09-30,2021-10-07,market_wide,-3.710028676585587,-3.4424278665460353,0.028688552334538153,0.027688552334538152,0.017493896233045536,0.010194656101492616
HON,2021-10-12,2021-10-19,market_wide,-2.307128858286726,-1.5818719417467049,0.034759444938263995,0.033759444938263994,0.03810575050287279,-0.004346305564608799
HON,2021-10-22,2021-10-29,idiosyncratic,-2.003201413976428,-0.06132904899825305,0.005611583075509463,0.004611583075509463,0.009715589126428448,-0.005104006050918985
HON,2021-11-16,2021-11-23,idiosyncratic,-2.471058943212029,0.14785896135665902,-0.02425794042470153,-0.02525794042470153,-0.007424731345035407,-0.017833209079666124
HON,2021-11-24,2021-12-02,idiosyncratic,-5.018645373902304,-0.13775990641450422,-0.03868804944148596,-0.03968804944148596,-0.03573045472212477,-0.0039575947193611904
HON,2021-12-03,2021-12-10,market_wide,-2.294922200578282,-2.3569440249964044,0.03100743528217431,0.03000743528217431,0.03879382906073947,-0.00878639377856516
HON,2021-12-17,2021-12-27,market_wide,-2.0510086456137224,-1.6724532307565747,0.006141178357693011,0.005141178357693011,0.022212408251509386,-0.017071229893816375
HON,2022-01-19,2022-01-26,market_wide,-2.4811557533167425,-4.779684190609187,-0.04783389730027421,-0.04883389730027421,-0.026975102791456318,-0.02185879450881789
HON,2022-01-27,2022-02-03,market_wide,-2.7122023591847286,-2.9026217980677873,-0.044405651160634774,-0.045405651160634775,0.03492712303239709,-0.08033277419303186
HON,2022-02-07,2022-02-14,market_wide,-2.7792183450013876,-1.1370313340554705,-0.030080834576737936,-0.031080834576737937,-0.02468321596832912,-0.006397618608408817
HON,2022-02-15,2022-02-23,market_wide,-2.5832133171502405,-1.8516836248350905,-0.05576950540959247,-0.05676950540959247,-0.048053669052664616,-0.008715836356927853
HON,2022-02-24,2022-03-03,market_wide,-2.5730110960708017,-2.8420718931833022,0.02840841679527517,0.02740841679527517,0.028514593276011357,-0.0011061764807361874
HON,2022-03-11,2022-03-18,market_wide,-3.008009962651033,-2.3192293368208357,0.06848114746112999,0.06748114746112999,0.05607535104900707,0.011405796412122915
HON,2022-04-05,2022-04-12,market_wide,-2.513461959695876,-2.074903955011192,-0.013634189877934078,-0.014634189877934078,-0.010933604554904108,-0.00370058532302997
HON,2022-04-22,2022-04-29,market_wide,-2.3488857433978225,-5.348748018839077,0.015107929396797282,0.01410792939679728,-0.02237034324235765,0.03647827263915493
HON,2022-05-09,2022-05-16,market_wide,-2.0781586225215265,-4.410248121266596,0.005129877173972508,0.004129877173972508,0.007448656836265055,-0.003318779662292547
HON,2022-05-18,2022-05-25,market_wide,-2.7319474072392147,-3.314902863342677,-0.017692529381413524,-0.018692529381413525,0.013424075417908687,-0.03211660479932221
HON,2022-06-09,2022-06-16,market_wide,-2.478800566029339,-2.7381705342061635,-0.06317380862073008,-0.06417380862073008,-0.07870082524474953,0.014527016624019451
HON,2022-06-17,2022-06-27,market_wide,-2.8916616205993604,-2.576316026399646,-0.00784665427796949,-0.00884665427796949,0.05620308454609346,-0.06504973882406295
HON,2022-06-28,2022-07-06,market_wide,-2.8244683201289886,-1.1454910163278702,-0.015572675567263383,-0.016572675567263384,-0.0033080786963382014,-0.013264596870925183
HON,2022-07-07,2022-07-14,idiosyncratic,-2.4266292486204732,-0.22581181315935103,-0.024627638630540294,-0.025627638630540295,-0.01899530025698226,-0.006632338373558033
HON,2022-07-18,2022-07-25,market_wide,-2.6358249701392396,-1.8799049364392244,0.06031006678880346,0.05931006678880346,0.03782066268227435,0.02148940410652911
HON,2022-08-24,2022-08-31,market_wide,-2.1615000227513246,-2.5406145764875028,-0.04267174844356447,-0.04367174844356447,-0.04618756017512382,0.0025158117315593476
HON,2022-09-01,2022-09-09,market_wide,-2.683133046885585,-2.966953480175824,0.005033236312388167,0.004033236312388167,0.02193866253136756,-0.017905426218979392
HON,2022-09-13,2022-09-20,market_wide,-3.2372678169008378,-2.8536019228335987,-0.043085626099790386,-0.04408562609979039,-0.0304363890668099,-0.013649237032980488
HON,2022-09-21,2022-09-28,market_wide,-2.8345141288983133,-3.8528464253548327,-0.0026967840263558696,-0.0036967840263558696,-0.017234779696835845,0.013537995670479974
HON,2022-09-29,2022-10-06,market_wide,-2.7440695220522833,-2.627727043113713,0.029223166046619342,0.02822316604661934,0.03894336285444955,-0.010720196807830207
HON,2022-12-05,2022-12-12,market_wide,-2.455585126264883,-1.5350281320834345,-0.0051018299212506335,-0.0061018299212506335,0.005112492924208345,-0.01121432284545898
HON,2022-12-15,2022-12-22,market_wide,-4.660487220048046,-3.414275460158742,0.015982912501642188,0.014982912501642187,-0.014549955710967843,0.02953286821261003
HON,2023-01-05,2023-01-12,market_wide,-6.217640002220934,-2.6984494134190453,0.056291665319925244,0.05529166531992524,0.041833691069081524,0.013457974250843718
HON,2023-01-19,2023-01-26,market_wide,-3.9176790950477782,-1.5498102085785512,0.043307110517495806,0.042307110517495805,0.04065800548801657,0.0016491050294792364
HON,2023-02-06,2023-02-13,market_wide,-2.7050516075480004,-1.1939843545182578,-0.003283976891926499,-0.004283976891926499,0.005459505696262523,-0.009743482588189023
HON,2023-02-14,2023-02-22,market_wide,-2.4834490700024316,-1.2288710088106742,-0.027412861910189656,-0.028412861910189657,-0.033649965853896235,0.005237103943706578
HON,2023-02-23,2023-03-02,market_wide,-2.981675435717621,-2.489148084964025,-0.0029228473347703288,-0.003922847334770329,0.00097862330597831,-0.004901470640748639
HON,2023-03-09,2023-03-16,market_wide,-2.073114505536332,-3.959729234856619,-0.019390644660116974,-0.020390644660116974,-0.001701875909790762,-0.018688768750326212
HON,2023-03-17,2023-03-24,market_wide,-4.130161418898236,-1.8785347296784478,0.01906433125004936,0.01806433125004936,0.015652586469587115,0.002411744780462244
HON,2023-04-26,2023-05-03,market_wide,-5.3411000038743754,-3.6206426616004825,0.03698269542327459,0.03598269542327459,-0.0014371697036932307,0.03741986512696782
HON,2023-05-11,2023-05-18,market_wide,-4.181404089616131,-1.1744444685071997,0.02201248089899388,0.02101248089899388,0.015549081981437007,0.005463398917556872
HON,2023-05-24,2023-06-01,market_wide,-3.1792458971671738,-2.4991221545224267,0.010424408064429791,0.00942440806442979,0.013287143528734058,-0.0038627354643042677
HON,2023-07-27,2023-08-03,market_wide,-8.159070077142834,-1.2633791321237005,-0.03003913479677378,-0.031039134796773782,-0.01887726685681934,-0.01216186793995444
HON,2023-08-04,2023-08-11,market_wide,-2.558785397971539,-3.668390466938649,0.013230987835671115,0.012230987835671114,-0.00499517145305528,0.017226159288726395
HON,2023-08-15,2023-08-22,market_wide,-2.600029729631179,-4.153666856398823,-0.009531643217124186,-0.010531643217124187,-0.016531255404161782,0.005999612187037595
HON,2023-08-23,2023-08-30,market_wide,-2.268308787268762,-1.1660955279492486,0.007911039283824861,0.006911039283824861,0.0176016863914934,-0.010690647107668538
HON,2023-09-07,2023-09-14,market_wide,-3.304188645623667,-1.25370972786991,0.05127087543090725,0.05027087543090725,0.01694321554317857,0.03332765988772868
HON,2023-09-26,2023-10-03,market_wide,-3.642991064996764,-3.5192247625751407,-0.035925200894226905,-0.036925200894226906,-0.01582444996099841,-0.021100750933228496
HON,2023-10-04,2023-10-11,market_wide,-2.843044696494852,-3.0441822735232367,0.026849274927201128,0.025849274927201127,0.012296151958780754,0.013553122968420372
HON,2023-10-19,2023-10-26,market_wide,-2.3377743096227737,-2.663838095544334,-0.034070494867641465,-0.035070494867641466,-0.026873338491033127,-0.008197156376608339
HON,2023-10-27,2023-11-03,market_wide,-2.873325559395091,-3.2173906629874165,0.06774010654596041,0.06674010654596041,0.059817263040834456,0.006922843505125953
HON,2024-01-03,2024-01-10,market_wide,-2.1399686101864304,-3.083647271537395,-0.01041386249843923,-0.011413862498439231,0.010421075292066151,-0.021834937790505382
HON,2024-01-11,2024-01-19,idiosyncratic,-2.4954010371115882,-0.09172803029772511,-0.004413382599602111,-0.0054133825996021115,0.009573820526986854,-0.014987203126588966
HON,2024-02-02,2024-02-09,idiosyncratic,-4.333184062603808,0.9464591581422528,-0.006475924229238594,-0.007475924229238594,0.00487951350714555,-0.012355437736384145
HON,2024-02-13,2024-02-21,market_wide,-2.8173452282087093,-1.2457011243382077,0.028452186606269247,0.027452186606269247,0.018668038459854097,0.00878414814641515
HON,2024-03-05,2024-03-12,market_wide,-2.2837744464414196,-1.0551406401869916,0.009019473442332337,0.008019473442332337,0.02886677488192868,-0.020847301439596344
HON,2024-03-15,2024-03-22,market_wide,-2.7728246663785936,-1.8094260105114082,0.01537756863373918,0.01437756863373918,0.020135157230499745,-0.0057575885967605656
HON,2024-04-03,2024-04-10,market_wide,-3.2480730285276778,-1.6121200226495873,-0.011719001532702555,-0.012719001532702556,-0.01779954976155307,0.005080548228850512
HON,2024-04-11,2024-04-18,market_wide,-2.393099264561803,-1.5237266304616621,-0.029410270238434788,-0.03041027023843479,-0.03870571106992726,0.008295440831492473
HON,2024-05-23,2024-05-31,market_wide,-3.5070958971487234,-1.1904328081326414,0.014042881114149308,0.013042881114149307,-0.002509151980811475,0.015552033094960782
HON,2024-07-03,2024-07-11,idiosyncratic,-2.539109378448185,1.4603306824012132,0.011249242631082623,0.010249242631082622,0.009842768386935319,0.0004064742441473035
HON,2024-07-24,2024-07-31,market_wide,-3.4330720674966155,-4.904498869072357,-0.04165684707422268,-0.04265684707422268,0.022656778432220914,-0.0653136255064436
HON,2024-08-02,2024-08-09,market_wide,-2.0613960592548177,-3.9256804729153907,-0.02680544001243501,-0.027805440012435012,-0.0037021275251042374,-0.024103312487330775
HON,2024-08-12,2024-08-19,market_wide,-3.038087950053361,-1.5147512726309658,0.01696770114150925,0.01596770114150925,0.03939103369375796,-0.02342333255224871
HON,2024-09-06,2024-09-13,market_wide,-4.133871284012588,-4.671353479171897,0.030383994352459087,0.029383994352459086,0.03415021889592018,-0.004766224543461095
HON,2024-10-03,2024-10-10,market_wide,-2.9226713909131026,-3.3082614894404996,0.052839273534821984,0.051839273534821984,0.02291922893194398,0.028920044602878003
HON,2024-10-24,2024-10-31,market_wide,-4.691159082639871,-1.8605982843947315,-0.016355792009491665,-0.017355792009491666,-0.016320407126062086,-0.0010353848834295798
HON,2024-11-04,2024-11-11,market_wide,-2.0596171665800704,-2.78325410411074,0.08528487484754033,0.08428487484754033,0.051996479364208925,0.0322883954833314
HON,2024-12-03,2024-12-10,idiosyncratic,-3.0164561765000193,0.051789758312361565,0.009341039367962267,0.008341039367962266,-0.010153465980726861,0.018494505348689128
HON,2024-12-12,2024-12-19,market_wide,-2.2522407709695114,-1.2116168819917807,-0.0035573268230826294,-0.004557326823082629,-0.04184565845103205,0.03728833162794942
HON,2024-12-20,2024-12-30,market_wide,-2.299111208043621,-1.7862800069141804,-0.007533419136266817,-0.008533419136266818,-0.007603497067571463,-0.0009299220686953547
HON,2024-12-31,2025-01-08,market_wide,-3.187190622830897,-2.456440235159832,-0.025321941993397656,-0.026321941993397657,0.008930473302929398,-0.035252415296327055
HON,2025-01-10,2025-01-17,market_wide,-3.5138875000934884,-3.525253291581663,0.02012005488013746,0.01912005488013746,0.03734305494655654,-0.01822300006641908
HON,2025-02-07,2025-02-14,market_wide,-4.615431851682049,-2.2964164092023545,-0.013478140872697275,-0.014478140872697276,0.022957294139781315,-0.03743543501247859
HON,2025-03-04,2025-03-11,market_wide,-2.938170257437312,-3.4707608125409752,0.002836508560863038,0.001836508560863038,-0.02648017373292688,0.02831668229378992
HON,2025-03-12,2025-03-19,market_wide,-3.7837487805541272,-2.7930427585688706,0.011146077141248156,0.010146077141248155,0.014026568289435382,-0.003880491148187226
HON,2025-03-28,2025-04-04,market_wide,-2.2086557573386276,-3.845937905989737,-0.09199380221912001,-0.09299380221912001,-0.10053346745268033,0.007539665233560311
HON,2025-04-07,2025-04-14,market_wide,-3.997690308261569,-3.3570530751774275,0.0682278607503688,0.0672278607503688,0.04475201184079314,0.022475848909575658
HON,2025-04-16,2025-04-24,market_wide,-2.3888156449004665,-1.8091096803810731,0.03859667685000745,0.03759667685000745,0.04671053857048135,-0.009113861720473904
HON,2025-06-10,2025-06-17,idiosyncratic,-2.107123286069079,0.8299290353798724,-0.01975603222425948,-0.02075603222425948,-0.001993470540909037,-0.018762561683350443
HON,2025-06-18,2025-06-26,market_wide,-3.470623918894643,-1.8150792468855481,0.020327342202003607,0.019327342202003606,0.022207339138985427,-0.0028799969369818212
HON,2025-07-15,2025-07-22,market_wide,-2.2673058832869404,-1.2080162785993422,0.0054399588395768195,0.0044399588395768195,-0.0019120850014875401,0.00635204384106436
HON,2025-07-24,2025-07-31,idiosyncratic,-11.199608715566063,0.06044981059307319,-0.009488644580835204,-0.010488644580835205,-0.021639500594558325,0.01115085601372312
HON,2025-08-01,2025-08-08,market_wide,-3.0144990632154993,-4.433720592994128,-0.0064304714000337215,-0.0074304714000337216,0.02424067561864751,-0.031671147018681234
HON,2025-08-11,2025-08-18,idiosyncratic,-3.0735289750307127,-0.27362763166457565,0.004973432680164258,0.003973432680164258,0.017366492210278306,-0.013393059530114049
HON,2025-09-02,2025-09-09,market_wide,-2.09797556377782,-2.102189614649733,-0.015624960444122316,-0.016624960444122316,0.0014346211827869215,-0.018059581626909238
HON,2025-09-10,2025-09-17,idiosyncratic,-3.176079559730816,0.6164703174665829,-9.45688415443513e-05,-0.0010945688415443513,0.007487671442564459,-0.00858224028410881
HON,2025-09-18,2025-09-25,idiosyncratic,-2.9224234919433707,0.25745751191978744,-0.011893407323911087,-0.012893407323911088,-0.017466255826375288,0.0045728485024642
HON,2025-09-26,2025-10-03,market_wide,-2.506952114413469,-1.4675939968774476,0.004130861232516381,0.0031308612325163807,0.022227714852627978,-0.019096853620111598
HON,2025-10-10,2025-10-17,market_wide,-5.365726577985131,-5.68383549640935,0.010203550843214115,0.009203550843214114,0.029858841524197155,-0.02065529068098304
HON,2025-11-04,2025-11-11,market_wide,-3.077968599341087,-1.7325099345301582,0.02010586205464504,0.01910586205464504,0.019866181122942583,-0.0007603190682975436
HON,2025-11-18,2025-11-25,market_wide,-3.657105070952166,-3.873530158245367,-0.00224597630572021,-0.00324597630572021,0.006611479220502758,-0.009857455526222969
HON,2025-12-31,2026-01-08,market_wide,-3.4542114218412285,-1.163495691076809,0.05202725368112304,0.05102725368112304,0.04239050452464066,0.008636749156482382
HON,2026-03-05,2026-03-12,market_wide,-3.6372572943062655,-3.209947358134913,-0.020890993524331214,-0.021890993524331215,-0.017740121895366445,-0.00415087162896477
HON,2026-03-13,2026-03-20,market_wide,-2.8790358054789063,-3.7560792406331256,-0.055437075664756086,-0.05643707566475609,-0.02199522137993648,-0.034441854284819606
HON,2026-03-23,2026-03-30,market_wide,-3.1288742807443723,-2.3600670473275884,0.0021075696107568653,0.0011075696107568653,-0.01961548158014914,0.020723051190906006
HON,2026-04-07,2026-04-14,idiosyncratic,-2.137296223740928,0.030221658889445214,0.041994171529461166,0.040994171529461165,0.03728821353184797,0.0037059579976131962
HON,2026-04-22,2026-04-29,idiosyncratic,-4.08507628285385,0.08375149817385823,-0.043960564506187794,-0.044960564506187795,0.007953726897502289,-0.052914291403690084
HON,2026-04-30,2026-05-07,idiosyncratic,-2.249885259849231,0.8366573032479239,0.00811837290787687,0.00711837290787687,0.025119343876464528,-0.01800097096858766
HON,2026-06-05,2026-06-12,market_wide,-3.643144567616595,-3.9556234038199216,0.029630354072971654,0.028630354072971653,0.011190798940857505,0.01743955513211415
HON,2026-06-29,2026-07-07,market_wide,-4.07644112826064,-1.531095513597858,-0.0120720027088691,-0.013072002708869102,0.007655955847941653,-0.020727958556810755
HON,2026-07-09,2026-07-16,idiosyncratic,-2.3866616503171962,0.058813652707870215,0.013024848868871342,0.01202484886887134,0.007896616921497346,0.004128231947373995
HON,2026-08-06,2026-08-13,idiosyncratic,-2.994400451858252,-0.19572674708266585,-0.028038570270361496,-0.029038570270361497,0.030930846840897086,-0.05996941711125858
HON,2026-08-14,2026-08-21,idiosyncratic,-2.1866922739821377,-0.170054521759528,-0.07719273507916324,-0.07819273507916324,0.0039640153195055206,-0.08215675039866877
HON,2026-08-24,2026-08-31,market_wide,-3.3924301680558546,-3.060707393757878,-0.0057736437514382954,-0.0067736437514382955,0.005445118408305305,-0.012218762159743601
HON,2026-09-01,2026-09-09,market_wide,-4.232724392947259,-3.5570295974470145,-0.024049924538099732,-0.025049924538099733,-0.003433753451316801,-0.02161617108678293
HON,2026-09-10,2026-09-17,market_wide,-3.1744746480939554,-4.136060238631182,0.021317701916699683,0.020317701916699682,0.0022891216460709796,0.018028580270628702
APD,2015-07-21,2015-07-28,idiosyncratic,-2.2583499642196734,-0.2802977753283274,-0.004646417931237989,-0.005646417931237989,-0.008262006227134466,0.002615588295896477
APD,2015-08-19,2015-08-26,market_wide,-4.280478555662946,-2.404745109891012,-0.04742502707004248,-0.04842502707004248,-0.06298513684351814,0.01456010977347566
APD,2015-09-01,2015-09-09,market_wide,-2.451267496578704,-2.485066512955967,0.009564686727486338,0.008564686727486337,0.01407459436125058,-0.005509907633764244
APD,2015-09-10,2015-09-17,market_wide,-2.3625889260930113,-1.329801405469536,0.01846019102233032,0.017460191022330318,0.01660236098278567,0.0008578300395446492
APD,2015-09-18,2015-09-25,market_wide,-3.098235894469356,-1.6085967929003713,-0.05178328356810136,-0.05278328356810136,-0.01641287146824133,-0.03637041209986003
APD,2015-09-28,2015-10-05,market_wide,-3.648497601869647,-4.805330547568375,0.06814524070597372,0.06714524070597372,0.06699444427896961,0.00015079642700410734
APD,2015-10-29,2015-11-05,idiosyncratic,-2.666729621817418,-0.04869620722178672,-0.0004365338524658924,-0.0014365338524658924,-0.000311419332285956,-0.0011251145201799364
APD,2015-11-09,2015-11-16,market_wide,-4.223982074570764,-1.9131256941829888,0.02948722681412308,0.02848722681412308,-0.011899418867736267,0.040386645681859346
APD,2015-12-01,2015-12-08,idiosyncratic,-2.1486892073267523,0.7351274611070873,-0.036449164016883695,-0.037449164016883696,-0.02081570854769821,-0.016633455469185487
APD,2015-12-09,2015-12-16,market_wide,-3.0331268549239514,-3.6690897375025666,-0.012252539154051667,-0.013252539154051668,0.006942989976144398,-0.020195529130196066
APD,2015-12-17,2015-12-24,market_wide,-2.761211468287452,-1.9848084437684954,0.021709353980937207,0.020709353980937206,0.014068702409656186,0.00664065157128102
APD,2016-01-05,2016-01-12,market_wide,-3.0061047134459247,-2.4645283366006505,-0.044687794439675965,-0.045687794439675966,-0.0385956843170433,-0.007092110122632667
APD,2016-01-13,2016-01-21,market_wide,-2.557230478231456,-3.202590808834117,-0.011640415178916452,-0.012640415178916453,-0.017129685117419968,0.004489269938503515
APD,2016-01-25,2016-02-01,market_wide,-4.17898855241018,-2.248010440752538,0.12853596667873712,0.12753596667873712,0.031653212878999915,0.09588275379973721
APD,2016-04-07,2016-04-14,market_wide,-2.5432522304407708,-2.039682707409551,0.02277066681296014,0.021770666812960138,0.02288514961038035,-0.0011144827974202132
APD,2016-04-29,2016-05-06,market_wide,-2.6772086353741984,-4.54185281311845,-0.009047893503683069,-0.01004789350368307,-0.01077177655685957,0.0007238830531764995
APD,2016-05-09,2016-05-16,market_wide,-2.648043403536672,-2.127929914110934,0.006591840979828234,0.005591840979828234,0.001376263491146723,0.004215577488681511
APD,2016-05-17,2016-05-24,market_wide,-2.030588593889908,-3.285489687938395,0.0029396786722033497,0.0019396786722033496,0.019896399059402103,-0.017956720387198755
APD,2016-06-15,2016-06-22,market_wide,-2.3668865781997916,-3.1973044524019527,-0.0010446316935233124,-0.0020446316935233124,0.013485839117126863,-0.015530470810650177
APD,2016-06-24,2016-07-01,market_wide,-5.683431455848386,-5.882218467048972,0.012219213567592258,0.011219213567592257,0.024393842233515928,-0.013174628665923671
APD,2016-08-02,2016-08-09,market_wide,-3.4281787845497926,-4.757484919922024,0.00586953613869623,0.00486953613869623,0.015337878675840244,-0.010468342537144015
APD,2016-09-09,2016-09-16,market_wide,-6.064591723995583,-8.791225783241764,-0.03781409921925161,-0.03881409921925161,0.0028143179048794043,-0.04162841712413101
APD,2016-09-19,2016-09-26,market_wide,-2.1757048976722,-1.8151344527190296,0.010558825367906755,0.009558825367906754,-0.0014661964818907247,0.011025021849797478
APD,2016-10-04,2016-10-11,market_wide,-2.3213584240758456,-2.189239366465673,-0.027905360553715397,-0.028905360553715398,-0.018590868194333643,-0.010314492359381755
APD,2016-10-12,2016-10-19,market_wide,-3.433359227101766,-3.0486929421193127,0.00828275413825974,0.00728275413825974,0.0020919001610206767,0.005190853977239064
APD,2016-11-01,2016-11-08,market_wide,-4.549620107017632,-5.187922154744433,0.03530934846163292,0.034309348461632916,0.011472015220848952,0.022837333240783964
APD,2016-12-20,2016-12-28,idiosyncratic,-2.1364831750687827,-0.015123363368802677,-0.016135578067506096,-0.017135578067506096,-0.009636020132122058,-0.007499557935384038
APD,2016-12-29,2017-01-06,market_wide,-3.4805260860532967,-3.1441855508759007,-6.90859646794717e-05,-0.0010690859646794717,0.013131090052546979,-0.014200176017226451
APD,2017-01-30,2017-02-06,market_wide,-4.092813655901971,-1.469175545671873,-0.013759900491152832,-0.014759900491152833,-0.0016169147947672213,-0.013142985696385612
APD,2017-02-09,2017-02-16,idiosyncratic,-3.330986656276269,1.5850776276701584,0.024036557537893577,0.023036557537893576,0.019890730938270318,0.003145826599623258
APD,2017-02-27,2017-03-06,idiosyncratic,-3.660890385155515,0.2108425462243871,-0.0005022967366322684,-0.0015022967366322684,-0.005544860065943236,0.004042563329310967
APD,2017-03-07,2017-03-14,market_wide,-3.154588325356851,-2.41379227825758,-0.024778098222324463,-0.025778098222324464,-0.0024932613669419457,-0.023284836855382518
APD,2017-03-21,2017-03-28,market_wide,-3.029668091939693,-5.436513185020188,0.005863198249761226,0.004863198249761226,0.007940109849937427,-0.003076911600176201
APD,2017-03-29,2017-04-05,market_wide,-2.0116025869846417,-1.3836458321331033,-0.004343782276236552,-0.005343782276236552,-0.004830001609729795,-0.000513780666506757
APD,2017-04-07,2017-04-17,market_wide,-2.1297050269277453,-1.3137354168391489,0.0062957882510013,0.0052957882510013,-0.0077469377179448795,0.013042725968946178
APD,2017-04-19,2017-04-26,market_wide,-2.5972602682051704,-2.1842783574109257,0.049051775197286096,0.048051775197286095,0.026787787875571345,0.02126398732171475
APD,2017-05-17,2017-05-24,market_wide,-4.297003553496173,-7.704482343536438,0.01101223155091291,0.010012231550912909,0.019503653524052256,-0.009491421973139347
APD,2017-06-21,2017-06-28,market_wide,-2.705035613609523,-2.353718365151273,0.009478530877688573,0.008478530877688573,0.012522950310957404,-0.004044419433268831
APD,2017-06-29,2017-07-07,market_wide,-4.399411504924654,-3.983647003970447,0.01580006759723962,0.014800067597239619,-0.002635349716346158,0.017435417313585777
APD,2017-07-26,2017-08-02,idiosyncratic,-3.0792486192590065,0.00839601580645031,0.029256134351815843,0.028256134351815843,0.0054055765670300016,0.02285055778478584
APD,2017-08-11,2017-08-18,market_wide,-2.0747497829962045,-3.2749106740903717,0.00802221194061925,0.0070222119406192504,0.0020705170232371284,0.004951694917382122
APD,2017-08-21,2017-08-28,market_wide,-2.777651596409849,-2.5434043773506296,0.004340450792323924,0.0033404507923239244,0.004618271126850093,-0.0012778203345261687
APD,2017-08-29,2017-09-06,market_wide,-3.0099561632457092,-1.4424414966864316,-0.005984707113268706,-0.006984707113268706,0.019007703909421636,-0.025992411022690343
APD,2017-11-27,2017-12-04,idiosyncratic,-2.5625486449925767,-0.10927208836932463,0.009071670170733626,0.008071670170733625,0.014322468265806743,-0.006250798095073118
APD,2017-12-08,2017-12-15,idiosyncratic,-2.4594541071562843,0.30980598315258756,-0.003107009464970223,-0.004107009464970223,0.006957968916041279,-0.011064978381011503
APD,2018-01-18,2018-01-25,idiosyncratic,-2.5593391958822944,-0.16687626826862398,0.04254032843017419,0.04154032843017419,0.007769211331171366,0.03377111709900282
APD,2018-01-30,2018-02-06,market_wide,-2.5203826087582613,-1.66859250988676,-0.04800962467514047,-0.04900962467514047,-0.052553358969766095,0.0035437342946256223
APD,2018-02-07,2018-02-14,market_wide,-3.001375112720679,-2.5752666398830946,0.019341435486710523,0.018341435486710522,0.00272409961115061,0.015617335875559912
APD,2018-02-28,2018-03-07,market_wide,-2.592843828028575,-1.8859426273456639,0.02326043698123259,0.02226043698123259,0.007365617720358708,0.014894819260873882
APD,2018-03-20,2018-03-27,market_wide,-2.1209587871555633,-2.8333531301622754,-0.04243603913080174,-0.04343603913080174,-0.046220848385085556,0.0027848092542838154
APD,2018-03-28,2018-04-05,market_wide,-2.576399700392303,-2.436393869506402,0.04475470474842558,0.04375470474842558,0.020043020207530127,0.02371168454089545
APD,2018-04-27,2018-05-04,market_wide,-2.0223076860898064,-1.5256071138853133,-0.013695410395279106,-0.014695410395279107,-0.013877951076496142,-0.0008174593187829648
APD,2018-05-25,2018-06-04,market_wide,-4.127748962690911,-1.549895827239118,-0.008908927486811047,-0.009908927486811048,0.010887533351182643,-0.02079646083799369
APD,2018-06-15,2018-06-22,idiosyncratic,-2.2277788533769107,-0.29210734162212443,-0.037154399950685146,-0.03815439995068515,-0.016310363655749116,-0.02184403629493603
APD,2018-06-25,2018-07-02,market_wide,-2.8312340766275392,-5.613012022699986,0.0053544110605536765,0.0043544110605536765,-0.003307123785966204,0.0076615348465198805
APD,2018-07-03,2018-07-11,market_wide,-2.6535275257891016,-2.233965971475407,0.015548022480144752,0.014548022480144751,0.02693529900612157,-0.01238727652597682
APD,2018-07-16,2018-07-23,idiosyncratic,-2.8785580598080647,-0.07190011852948182,-0.010800565858371192,-0.011800565858371193,0.0028925263572090465,-0.014693092215580239
APD,2018-07-24,2018-07-31,idiosyncratic,-2.385119190752092,0.48652064341892703,0.057183268360020856,0.056183268360020855,0.014276627244110829,0.041906641115910026
APD,2018-08-08,2018-08-15,idiosyncratic,-2.020983467359599,-0.06622631222852918,0.022160008718389745,0.021160008718389745,-0.01509258556358195,0.036252594281971695
APD,2018-09-05,2018-09-12,market_wide,-2.1460810218315216,-1.1829742155505,0.005139302076332619,0.004139302076332619,-0.0011017045514086776,0.005241006627741297
APD,2018-09-26,2018-10-03,market_wide,-2.1730541692050487,-1.6008086026904516,0.018147663762090538,0.017147663762090537,0.007512602945950464,0.009635060816140073
APD,2018-10-09,2018-10-16,market_wide,-4.653202109502504,-2.9553190674797496,-0.028176904876301645,-0.029176904876301646,-0.022876210142348752,-0.006300694733952894
APD,2018-10-18,2018-10-25,market_wide,-2.502969024164536,-2.066174427130172,-0.033250725168267214,-0.034250725168267215,-0.03556019637412455,0.0013094712058573377
APD,2018-10-26,2018-11-02,market_wide,-2.816746274507884,-3.3527799828083293,0.04289682221335234,0.041896822213352336,0.04048004059258603,0.0014167816207663053
APD,2018-11-20,2018-11-28,market_wide,-3.038431599398284,-4.144056452742465,0.006981291152608593,0.005981291152608593,0.03944440927924453,-0.03346311812663594
APD,2018-11-29,2018-12-07,idiosyncratic,-2.142541095522958,-0.14878581622164688,-0.012876224923390911,-0.013876224923390912,-0.03919628818598553,0.025320063262594616
APD,2018-12-10,2018-12-17,market_wide,-2.9435146638074086,-2.9069346187899323,-0.020817548674299302,-0.021817548674299303,-0.03532640539493215,0.013508856720632845
APD,2018-12-18,2018-12-26,market_wide,-2.9300487092279166,-3.7937022173427732,0.01395667841128434,0.01295667841128434,-0.026377595588813474,0.03933427400009781
APD,2019-01-10,2019-01-17,idiosyncratic,-2.179940630312291,0.20066877509277148,-0.007760991252811267,-0.008760991252811268,0.0015357451875597228,-0.01029673644037099
APD,2019-03-07,2019-03-14,market_wide,-2.0189084886638224,-5.750336258406778,0.030948755893189572,0.02994875589318957,0.028112253412956534,0.0018365024802330376
APD,2019-05-07,2019-05-14,market_wide,-2.085023885624351,-6.097219321130673,0.022866586259244093,0.021866586259244092,-0.013816298420802342,0.035682884680046434
APD,2019-05-23,2019-05-31,market_wide,-2.8703078685646775,-2.7436834065560953,-0.003036378237544435,-0.004036378237544435,-0.025351392937975614,0.02131501470043118
APD,2019-07-17,2019-07-24,market_wide,-2.663607505814856,-1.9903909905914814,-0.00693389429622604,-0.00793389429622604,0.02613416814457814,-0.03406806244080418
APD,2019-08-01,2019-08-08,market_wide,-2.040179505097879,-4.046740992769481,0.007112236439570152,0.006112236439570152,-0.00414931946835817,0.010261555907928321
APD,2019-08-14,2019-08-21,market_wide,-2.075504833737876,-3.3374642325498534,0.0271799607498171,0.0261799607498171,0.04236953030618684,-0.016189569556369743
APD,2019-08-23,2019-08-30,market_wide,-4.020890252314204,-2.35714612883441,0.023930576240119183,0.022930576240119183,0.03523025229494725,-0.012299676054828068
APD,2019-09-09,2019-09-16,idiosyncratic,-5.831827537784994,0.03384651278124535,-0.005176514530840892,-0.006176514530840892,0.0012346844927264566,-0.007411199023567349
APD,2019-10-01,2019-10-08,market_wide,-5.571250474189217,-4.151633828405124,-0.04028126732907211,-0.04128126732907211,-0.021168774080432273,-0.02011249324863984
APD,2019-10-09,2019-10-16,market_wide,-2.043815814584581,-1.8309950057126174,0.011665528085023302,0.010665528085023301,0.0319767990449773,-0.021311270959954
APD,2019-10-22,2019-10-29,idiosyncratic,-4.086178784765817,-0.25736177955503,0.052423170530958574,0.05142317053095857,0.012408800052426061,0.03901437047853251
APD,2019-11-25,2019-12-03,idiosyncratic,-3.1901079321171366,1.014565207307444,-0.021513300500751842,-0.022513300500751843,-0.018050476888136213,-0.0044628236126156295
APD,2019-12-04,2019-12-11,market_wide,-3.622447256619283,-2.0438569667385784,0.0025337175870283613,0.0015337175870283612,0.014601838717820836,-0.013068121130792476
APD,2019-12-13,2019-12-20,idiosyncratic,-2.5797571480792953,0.08841001698004217,0.018462529501043212,0.01746252950104321,0.013697632509213298,0.0037648969918299136
APD,2020-01-02,2020-01-09,idiosyncratic,-3.568997558396663,1.094272975087849,0.010210112505153246,0.009210112505153245,0.0071667688120506945,0.0020433436931025506
APD,2020-01-27,2020-02-03,market_wide,-3.426658514490878,-3.8756448303973103,0.04086160969522945,0.03986160969522945,-0.017240399186635447,0.057102008881864896
APD,2020-02-24,2020-03-02,market_wide,-5.074156209977547,-7.995229010332425,-0.06060343805425328,-0.06160343805425328,-0.03722018447532904,-0.024383253578924236
APD,2020-03-03,2020-03-10,market_wide,-2.0293282550627905,-2.331570388599403,-0.05621051752865114,-0.05721051752865114,-0.02299334434742173,-0.03421717318122941
APD,2020-03-11,2020-03-18,market_wide,-2.89769060312387,-3.3324420576564813,-0.02998083330652901,-0.03098083330652901,-0.08627648550751088,0.05529565220098187
APD,2020-03-19,2020-03-26,market_wide,-2.6194395402516886,-2.6961620457517324,0.05391540268749573,0.05291540268749573,0.07104875536612765,-0.01813335267863192
APD,2020-04-03,2020-04-13,market_wide,-2.2827442479296227,-1.0356439317494548,0.15857440400266398,0.15757440400266398,0.09425925236705668,0.0633151516356073
APD,2020-04-23,2020-04-30,market_wide,-2.451152707638823,-1.7847774778811605,0.06773332091754258,0.06673332091754258,0.04305690215948266,0.023676418758059925
APD,2020-06-11,2020-06-18,market_wide,-4.953636327203473,-3.034098724813358,0.021580726882918233,0.020580726882918232,0.032490347591615176,-0.011909620708696944
APD,2020-06-19,2020-06-26,market_wide,-2.258505286898282,-1.7531576278939376,0.0021654045820449497,0.0011654045820449497,-0.02880935720350508,0.02997476178555003
APD,2020-07-30,2020-08-06,market_wide,-3.8965353167900503,-1.3900332457774265,-0.006390587199670228,-0.007390587199670228,0.018561140275635157,-0.025951727475305386
APD,2020-08-07,2020-08-14,idiosyncratic,-2.5395693467700746,0.05230542358300671,0.028861103795175813,0.027861103795175812,0.011919665343551378,0.015941438451624435
APD,2020-09-08,2020-09-15,market_wide,-2.3700700496281817,-5.182723431706744,0.032323655106359706,0.031323655106359705,0.02772711125501548,0.003596543851344225
APD,2020-09-18,2020-09-25,market_wide,-2.2938573174455508,-3.356029931348336,-0.017240640434516563,-0.018240640434516564,-0.02021679799475118,0.001976157560234615
APD,2020-10-19,2020-10-26,market_wide,-3.6810907658920615,-1.964660672921002,-0.02638070191402686,-0.02738070191402686,-0.017634511401465214,-0.009746190512561648
APD,2020-10-27,2020-11-03,market_wide,-4.424126677071761,-3.660234723922188,0.019541262762633904,0.018541262762633903,0.005249487021493193,0.01329177574114071
APD,2020-11-11,2020-11-18,idiosyncratic,-2.1457254094977354,0.1826823505548166,-0.046788162686646984,-0.047788162686646984,0.006263303558008193,-0.05405146624465518
APD,2020-11-20,2020-11-30,market_wide,-2.063608061628248,-1.9925057532984431,0.03571410470355185,0.03471410470355185,0.018077779866279897,0.016636324837271954
APD,2020-12-03,2020-12-10,idiosyncratic,-3.022976446346823,-0.02434528242806077,0.005874460155282257,0.004874460155282257,0.010386943441497154,-0.005512483286214897
APD,2020-12-11,2020-12-18,market_wide,-2.876251230021569,-1.5140868546601016,0.008191228003170403,0.007191228003170403,0.0024448276774506894,0.004746400325719714
APD,2020-12-21,2020-12-29,market_wide,-4.171139666448495,-1.1768620158123186,0.016030884810509294,0.015030884810509293,-0.00036459394408328016,0.015395478754592573
APD,2021-01-21,2021-01-28,idiosyncratic,-3.2518344184500916,0.12517410051005406,-0.02388455117501942,-0.02488455117501942,-0.019067044644296982,-0.005817506530722438
APD,2021-01-29,2021-02-05,market_wide,-3.5912279286152695,-3.725717446261782,-0.05101974588661784,-0.05201974588661784,0.030818460231874623,-0.08283820611849246
APD,2021-02-08,2021-02-16,idiosyncratic,-2.8554612046361783,0.4971909171746051,0.027953094248369448,0.026953094248369447,0.0024163811807871305,0.024536713067582316
APD,2021-02-26,2021-03-05,market_wide,-4.274712960542898,-3.772517494007027,0.03207899614347087,0.03107899614347087,0.01893940930648741,0.012139586836983463
APD,2021-04-12,2021-04-19,idiosyncratic,-2.3722653196835317,0.024031743584207267,0.005373344071125219,0.004373344071125219,0.004793358088001076,-0.0004200140168758573
APD,2021-05-12,2021-05-19,market_wide,-2.1871450242649306,-7.250327227665126,0.017430864938893453,0.016430864938893452,0.02457754071166396,-0.008146675772770506
APD,2021-05-27,2021-06-04,idiosyncratic,-2.1109372759201515,0.036763620175740024,0.02172457585207499,0.02072457585207499,0.014494959098405591,0.006229616753669398
APD,2021-06-08,2021-06-15,idiosyncratic,-2.159409464954986,-0.22384110314400904,0.004872653548445571,0.0038726535484455713,0.004059763485501744,-0.00018710993705617265
APD,2021-06-16,2021-06-23,market_wide,-2.010057319897728,-1.5855895515315939,-0.030696153947837757,-0.03169615394783776,-0.0038171746263916395,-0.027878979321446118
APD,2021-06-24,2021-07-01,idiosyncratic,-3.2993190630710503,0.47643956618181527,0.001312606191382848,0.00031260619138284793,0.011156014220430555,-0.010843408029047708
APD,2021-07-06,2021-07-13,idiosyncratic,-2.894552206051155,-0.20565859123150507,0.007464095461042541,0.006464095461042541,0.007346439797002002,-0.000882344335959461
APD,2021-07-16,2021-07-23,market_wide,-3.561978248215344,-2.616814899364595,0.016635058213673615,0.015635058213673614,0.014346911028513931,0.0012881471851596826
APD,2021-08-05,2021-08-12,idiosyncratic,-2.0062413276190507,0.35239707614335675,-0.03848036108641195,-0.03948036108641195,0.0012133206907742888,-0.04069368177718624
APD,2021-08-18,2021-08-25,market_wide,-3.5649798116849407,-3.381729639417423,-0.01094987445770923,-0.01194987445770923,0.010889175648711946,-0.022839050106421177
APD,2021-08-27,2021-09-03,idiosyncratic,-2.377930539432913,0.4031662175115399,-0.000819172846824201,-0.001819172846824201,0.0029506563704639888,-0.00476982921728819
APD,2021-09-09,2021-09-16,market_wide,-3.10323637865029,-2.0173648618299005,-0.002620772292760476,-0.003620772292760476,0.0004652363802100101,-0.004086008672970486
APD,2021-09-17,2021-09-24,market_wide,-6.839617212001466,-3.276904623749761,-0.008669670765462212,-0.009669670765462213,0.011458226064137156,-0.02112789682959937
APD,2021-09-29,2021-10-06,market_wide,-2.3991178653257426,-2.3822411304544997,0.007846483991913011,0.006846483991913011,-0.004778378668894412,0.011624862660807422
APD,2021-11-16,2021-11-23,idiosyncratic,-2.206477652948256,0.14785896135665902,-0.008291552577783912,-0.009291552577783913,-0.007424731345035407,-0.0018668212327485056
APD,2021-11-24,2021-12-02,idiosyncratic,-2.572330736477382,-0.13775990641450422,-0.03495163622995279,-0.03595163622995279,-0.03573045472212477,-0.0002211815078280166
APD,2021-12-03,2021-12-10,market_wide,-2.0023101428381316,-2.3569440249964044,0.023317894101310355,0.022317894101310354,0.03879382906073947,-0.016475934959429117
APD,2021-12-20,2021-12-28,market_wide,-2.545026003421928,-3.5811635013365817,0.0304393712223876,0.0294393712223876,0.034612762741323744,-0.0051733915189361435
APD,2022-01-03,2022-01-10,idiosyncratic,-2.096859039800379,0.028157274359314765,-0.00240025113738751,-0.00340025113738751,-0.004559672853252539,0.0011594217158650286
APD,2022-01-13,2022-01-21,market_wide,-3.0398851948678556,-2.797988422324653,-0.040164666481901756,-0.04116466648190176,-0.050647519791160445,0.009482853309258688
APD,2022-01-24,2022-01-31,market_wide,-2.8366706058483264,-2.866780166693514,-0.002439514000478482,-0.003439514000478482,0.018717692435221922,-0.022157206435700405
APD,2022-02-07,2022-02-14,market_wide,-4.7865683037270195,-1.1370313340554705,-0.042810016640558834,-0.043810016640558835,-0.02468321596832912,-0.019126800672229716
APD,2022-02-15,2022-02-23,market_wide,-2.3202187964761576,-1.8516836248350905,-0.053100888455058115,-0.054100888455058116,-0.048053669052664616,-0.0060472194023935
APD,2022-02-24,2022-03-03,market_wide,-3.4124776010616555,-2.8420718931833022,-0.01390713451385861,-0.014907134513858611,0.028514593276011357,-0.04342172778986997
APD,2022-03-04,2022-03-11,market_wide,-3.4767576862224834,-1.0853506851112742,-0.03961802172734885,-0.04061802172734885,-0.030272128123141617,-0.010345893604207235
APD,2022-03-14,2022-03-21,market_wide,-3.0290200652740156,-2.7119225304182404,0.07298296138417304,0.07198296138417304,0.060229555665345824,0.011753405718827215
APD,2022-04-12,2022-04-20,market_wide,-4.459318326976732,-3.6526074570878175,0.003874164319874085,0.002874164319874085,0.023663233291614016,-0.020789068971739932
APD,2022-04-22,2022-04-29,market_wide,-4.513336483602148,-5.348748018839077,-0.03643171117315003,-0.03743171117315003,-0.02237034324235765,-0.01506136793079238
APD,2022-05-02,2022-05-09,market_wide,-2.663129987591965,-2.573803783174972,-0.009260664386602668,-0.01026066438660267,-0.02386264672928584,0.013601982342683172
APD,2022-05-10,2022-05-17,market_wide,-4.0518629320853865,-3.465110105530296,0.03858159942463302,0.037581599424633017,0.02568278054464579,0.011898818879987227
APD,2022-05-18,2022-05-25,market_wide,-2.619173495159542,-3.314902863342677,0.008316878919893966,0.007316878919893966,0.013424075417908687,-0.006107196498014721
APD,2022-06-10,2022-06-17,market_wide,-2.1703780879973413,-5.689146674726003,-0.04927471449559406,-0.050274714495594064,-0.05627703632861214,0.006002321833018076
APD,2022-06-21,2022-06-28,market_wide,-2.134870122776401,-2.0185050504693636,0.00622395627102712,0.00522395627102712,0.016249942385352156,-0.011025986114325037
APD,2022-06-30,2022-07-08,market_wide,-2.0498227207464534,-1.5648296230132008,-0.03438964186140081,-0.03538964186140081,0.021588532776590785,-0.0569781746379916
APD,2022-07-11,2022-07-18,market_wide,-3.282728284007764,-1.2828118124417125,-0.04498283358863575,-0.04598283358863575,-0.0008720580870696937,-0.04511077550156606
APD,2022-08-19,2022-08-26,market_wide,-2.058514009087535,-1.0532144858529187,-0.005574773080098128,-0.006574773080098128,-0.044669877691605686,0.03809510461150756
APD,2022-08-29,2022-09-06,market_wide,-2.792457475850848,-3.2039453696541242,-0.05573461330202811,-0.056734613302028114,-0.02657098492882548,-0.030163628373202633
APD,2022-09-15,2022-09-22,market_wide,-2.9267920838797177,-3.2124777468412846,-0.04004517250785289,-0.04104517250785289,-0.037782205463759766,-0.0032629670440931235
APD,2022-09-23,2022-09-30,market_wide,-3.4285396429118755,-3.787108179806922,-0.011396616332615017,-0.012396616332615018,-0.025562429394902497,0.01316581306228748
APD,2022-10-07,2022-10-14,market_wide,-2.6449170631821133,-2.287078223319572,0.0033656567186537423,0.0023656567186537423,-0.005221012386430801,0.007586669105084543
APD,2022-12-16,2022-12-23,market_wide,-2.003565306553509,-4.311048877732903,-0.01384266976440418,-0.014842669764404182,-0.0021335199459963095,-0.012709149818407872
APD,2022-12-27,2023-01-04,market_wide,-2.6293718311715932,-2.40810822547722,-0.012833724620063491,-0.013833724620063492,0.015472148189788149,-0.02930587280985164
APD,2023-01-05,2023-01-12,market_wide,-5.351845456474812,-2.6984494134190453,0.02779778585769921,0.026797785857699208,0.041833691069081524,-0.015035905211382317
APD,2023-01-19,2023-01-26,market_wide,-3.2220724183701677,-1.5498102085785512,0.05575331841400977,0.054753318414009766,0.04065800548801657,0.014095312925993198
APD,2023-02-02,2023-02-09,idiosyncratic,-3.9756916808987186,0.9718121151696149,-0.029137270926752223,-0.030137270926752224,-0.02182788724333995,-0.008309383683412275
APD,2023-02-10,2023-02-17,market_wide,-2.080549473565644,-1.8290193672594062,-0.028177108881344615,-0.029177108881344616,-0.006139961704023422,-0.023037147177321193
APD,2023-02-21,2023-02-28,market_wide,-3.5147867071089425,-5.4819192516399795,0.03052148647060382,0.02952148647060382,-0.006290539354203317,0.03581202582480714
APD,2023-03-09,2023-03-16,market_wide,-2.1055305741621644,-3.959729234856619,-0.015593927751914927,-0.016593927751914928,-0.001701875909790762,-0.014892051842124165
APD,2023-03-17,2023-03-24,market_wide,-3.2385046625445613,-1.8785347296784478,-0.025733298548452188,-0.02673329854845219,0.015652586469587115,-0.042385885018039304
APD,2023-04-26,2023-05-03,market_wide,-3.0346432069466776,-3.6206426616004825,0.028738373867347677,0.027738373867347677,-0.0014371697036932307,0.029175543571040907
APD,2023-05-09,2023-05-16,market_wide,-4.981834323729931,-1.1860591376550227,-0.015539066225623954,-0.016539066225623955,-0.010534535569134307,-0.006004530656489648
APD,2023-05-17,2023-05-24,idiosyncratic,-2.4165604900254447,0.8698389241976004,-0.01940609583793118,-0.020406095837931182,-0.016258332489685667,-0.0041477633482455145
APD,2023-05-25,2023-06-02,market_wide,-2.547986397314191,-1.345034538883133,0.032779591358282234,0.03177959135828223,0.028268102090143854,0.003511489268138379
APD,2023-07-05,2023-07-12,idiosyncratic,-2.2670752764439306,-0.16883373328308907,0.021808221048057908,0.020808221048057907,0.011521073974784413,0.009287147073273494
APD,2023-08-02,2023-08-09,market_wide,-3.236167180762668,-3.7911654185072816,-0.04650559631459761,-0.04750559631459761,-0.019635203578654226,-0.027870392735943383
APD,2023-08-15,2023-08-22,market_wide,-2.544148728929855,-4.153666856398823,-0.00024577089017874254,-0.0012457708901787426,-0.016531255404161782,0.015285484513983039
APD,2023-08-23,2023-08-30,market_wide,-2.485408872579253,-1.1660955279492486,0.03419079909675493,0.03319079909675493,0.0176016863914934,0.015589112705261532
APD,2023-09-20,2023-09-27,market_wide,-2.570662805042553,-5.470967324339608,-0.03242650327423946,-0.03342650327423946,-0.03231639475102521,-0.0011101085232142482
APD,2023-09-28,2023-10-05,market_wide,-2.5272615425102765,-2.4917083968451865,-0.018448576342266487,-0.019448576342266488,-0.01900369778600519,-0.0004448785562612967
APD,2023-10-18,2023-10-25,market_wide,-2.066618160889666,-1.3786401949371747,-0.03140677347586385,-0.03240677347586385,-0.028062429742727546,-0.004344343733136302
APD,2023-10-26,2023-11-02,market_wide,-2.37378992837073,-3.4759067801317913,0.04307421305602421,0.04207421305602421,0.03911666114928347,0.0029575519067407408
APD,2023-11-07,2023-11-14,idiosyncratic,-5.794448124335547,0.13857328863975873,0.054822080803512474,0.05382208080351247,0.02318689947509145,0.030635181328421024
APD,2023-11-28,2023-12-05,idiosyncratic,-2.3696268278866275,-0.08127215446706486,-0.02377045822004331,-0.024770458220043312,0.020654959569974096,-0.04542541779001741
APD,2023-12-06,2023-12-13,market_wide,-3.54459980896656,-2.6800341056464903,0.030771818872869616,0.029771818872869615,0.029566790457544734,0.00020502841532488159
APD,2024-01-10,2024-01-18,idiosyncratic,-3.5716848344490715,-0.035902708095958115,-0.02595899589910189,-0.02695899589910189,-0.0028442125381624717,-0.024114783360939418
APD,2024-01-19,2024-01-26,idiosyncratic,-2.634073082255893,1.6384901244312156,0.004834166382291727,0.003834166382291727,-0.0022376330793626442,0.006071799461654371
APD,2024-01-30,2024-02-06,idiosyncratic,-2.4065646631189037,-0.06147083691052052,-0.15901723760127517,-0.16001723760127518,-0.010754921532851291,-0.14926231606842388
APD,2024-02-07,2024-02-14,idiosyncratic,-2.73298974635737,1.0053981507882257,0.007567940366774106,0.006567940366774106,-0.0040750146119219455,0.010642954978696051
APD,2024-03-19,2024-03-26,idiosyncratic,-2.4451649157689754,0.17470706720978407,-0.016499924007394196,-0.017499924007394196,0.013306355604190356,-0.030806279611584553
APD,2024-04-08,2024-04-15,market_wide,-2.007017702083746,-1.503563894379382,-0.027227284632156068,-0.02822728463215607,-0.026200206960617645,-0.0020270776715384242
APD,2024-04-16,2024-04-23,market_wide,-3.8154126338142915,-3.228319919562997,0.026123887443858962,0.02512388744385896,0.006320826702473026,0.018803060741385935
APD,2024-06-20,2024-06-27,idiosyncratic,-2.397243380629694,-0.27794369052782797,-0.033079771051238716,-0.034079771051238716,-0.008477985322241421,-0.025601785728997295
APD,2024-06-28,2024-07-08,market_wide,-4.2519770543106965,-1.1896143864142423,-0.005384752624751354,-0.006384752624751354,0.0019274141679181955,-0.00831216679266955
APD,2024-07-09,2024-07-16,idiosyncratic,-2.090460108138733,0.12139718921783131,0.050372965102664535,0.049372965102664534,0.03237545991901691,0.01699750518364762
APD,2024-07-22,2024-07-29,market_wide,-3.9110215662535035,-2.1876984841531923,0.06916101128084362,0.06816101128084362,0.0038960334656938933,0.06426497781514973
APD,2024-08-15,2024-08-22,idiosyncratic,-3.7150118263744702,0.9573176106084248,0.002008054728635855,0.0010080547286358552,0.006277512835131116,-0.005269458106495261
APD,2024-09-04,2024-09-11,market_wide,-2.2978346859461545,-3.816898063107241,0.011067713584742789,0.010067713584742788,0.0013961246712714814,0.008671588913471306
APD,2024-10-03,2024-10-10,market_wide,-2.966161063808544,-3.3082614894404996,0.10165258035456826,0.10065258035456826,0.02291922893194398,0.07773335142262427
APD,2024-10-25,2024-11-01,market_wide,-2.7398507091959132,-2.34663380542543,-0.027702640109767973,-0.028702640109767974,-0.008724036048664008,-0.019978604061103966
APD,2024-11-04,2024-11-11,market_wide,-3.1891416259900076,-2.78325410411074,0.025547881774765413,0.024547881774765412,0.051996479364208925,-0.027448597589443513
APD,2024-12-04,2024-12-11,idiosyncratic,-2.7940102883440616,0.7340435076740748,-0.04617090127268686,-0.04717090127268686,-0.013790822129210567,-0.03338007914347629
APD,2024-12-12,2024-12-19,market_wide,-2.8797805341759384,-1.2116168819917807,-0.05699770876947774,-0.05799770876947774,-0.04184565845103205,-0.016152050318445688
APD,2024-12-20,2024-12-30,market_wide,-2.8347199771748097,-1.7862800069141804,-0.021356556506560875,-0.022356556506560876,-0.007603497067571463,-0.014753059438989413
APD,2024-12-31,2025-01-08,market_wide,-3.0417359141294473,-2.456440235159832,-0.010476341294236136,-0.011476341294236136,0.008930473302929398,-0.020406814597165535
APD,2025-02-07,2025-02-14,market_wide,-6.388710471070537,-2.2964164092023545,0.018296713779485163,0.017296713779485162,0.022957294139781315,-0.005660580360296152
APD,2025-02-21,2025-02-28,market_wide,-3.3011057317363393,-3.3035691311345063,0.0202006149379661,0.0192006149379661,0.005511074308517605,0.013689540629448493
APD,2025-03-03,2025-03-10,market_wide,-2.275514431951065,-3.0551980238635887,-0.022340336231424618,-0.02334033623142462,-0.029317676400949177,0.005977340169524559
APD,2025-03-11,2025-03-18,market_wide,-4.255109591373049,-3.5297485921662366,-0.021001185161976355,-0.022001185161976355,0.01109264725302439,-0.033093832415000746
APD,2025-03-19,2025-03-26,market_wide,-2.428627239089229,-1.6352883183258455,0.004285695479744778,0.0032856954797447777,-0.0042413136535888185,0.007527009133333596
APD,2025-03-28,2025-04-04,market_wide,-2.266471761916014,-3.845937905989737,-0.09303422106058368,-0.09403422106058368,-0.10053346745268033,0.006499246392096647
APD,2025-04-07,2025-04-14,market_wide,-3.7768941975411146,-3.3570530751774275,0.05202610535774643,0.05102610535774643,0.04475201184079314,0.006274093516953294
APD,2025-04-16,2025-04-24,market_wide,-2.609172046025605,-1.8091096803810731,0.028815207358787065,0.027815207358787064,0.04671053857048135,-0.01889533121169429
APD,2025-05-08,2025-05-15,idiosyncratic,-2.241318460877046,-0.270215315172235,0.017727223454156338,0.016727223454156337,0.03283344568443147,-0.016106222230275136
APD,2025-05-22,2025-05-30,market_wide,-2.976820816848861,-1.0589714666187933,0.03591607636856531,0.03491607636856531,0.010065498996604694,0.024850577371960614
APD,2025-06-17,2025-06-25,market_wide,-2.9995819710299862,-1.7341027138650718,0.017866983330749875,0.016866983330749874,0.015871614895413222,0.000995368435336652
APD,2025-07-31,2025-08-07,market_wide,-4.217098172489379,-1.3200368961830116,0.0023621133731706045,0.0013621133731706045,0.0010092320723942283,0.00035288130077637623
APD,2025-08-08,2025-08-15,idiosyncratic,-2.0957226511692273,0.017405798109084915,0.005956924118609042,0.0049569241186090416,0.011767008278513735,-0.006810084159904694
APD,2025-08-18,2025-08-25,idiosyncratic,-2.095353103913063,-0.2625948013735922,0.020927332371319718,0.019927332371319717,-0.00019676825407166643,0.020124100625391383
APD,2025-09-02,2025-09-09,market_wide,-2.40089785734366,-2.102189614649733,-0.017283179636682466,-0.018283179636682467,0.0014346211827869215,-0.01971780081946939
APD,2025-09-10,2025-09-17,idiosyncratic,-2.783105290090642,0.6164703174665829,0.010887013371687404,0.009887013371687403,0.007487671442564459,0.0023993419291229445
APD,2025-09-22,2025-09-29,idiosyncratic,-2.419891624094522,0.5829978022914286,-0.05916716489024443,-0.06016716489024443,-0.011950874176939408,-0.04821629071330502
APD,2025-10-01,2025-10-08,idiosyncratic,-2.087288047307088,0.5149043123416902,-0.0004465491653526943,-0.0014465491653526943,0.010126585017973255,-0.01157313418332595
APD,2025-10-10,2025-10-17,market_wide,-4.976857308695147,-5.68383549640935,-0.015092492472640995,-0.016092492472640996,0.029858841524197155,-0.04595133399683815
APD,2025-10-20,2025-10-27,idiosyncratic,-2.499293814220634,-0.29551792201968724,0.006097280634998148,0.005097280634998148,0.02314945929447254,-0.018052178659474394
APD,2025-10-28,2025-11-04,idiosyncratic,-2.8193323615331414,0.24465483481839745,-0.05368860518466345,-0.05468860518466345,-0.026579752844965276,-0.028108852339698176
APD,2025-11-05,2025-11-12,market_wide,-2.7884779182793236,-1.48382400629982,0.10098503175969631,0.09998503175969631,0.017589478977577455,0.08239555278211885
APD,2025-11-20,2025-11-28,market_wide,-3.006517365326827,-3.7371940755908053,0.039667034787889355,0.038667034787889354,0.04947522596131604,-0.010808191173426684
APD,2025-12-08,2025-12-15,idiosyncratic,-13.627388959022982,-0.24455517486704878,0.03795801093899165,0.03695801093899165,0.007255995945548932,0.029702014993442716
APD,2025-12-19,2025-12-29,market_wide,-2.61066563491794,-1.2367076956095393,0.032880398759868035,0.031880398759868034,0.0152925156761885,0.016587883083679533
APD,2026-01-20,2026-01-27,market_wide,-2.0712375960610907,-7.535832310454935,0.003640868276650666,0.002640868276650666,0.0100928288646982,-0.007451960588047534
APD,2026-01-28,2026-02-04,idiosyncratic,-3.5464767254013956,-0.013666981637000955,0.1199734051882706,0.1189734051882706,0.02154653307926635,0.09742687210900425
APD,2026-02-17,2026-02-24,market_wide,-2.257600162634957,-2.082022869550211,0.006409939707286982,0.005409939707286982,-0.006290512345004329,0.01170045205229131
APD,2026-02-25,2026-03-04,idiosyncratic,-2.2778597302420924,0.250350906780956,-0.021762285187663544,-0.022762285187663545,-0.011580205894965445,-0.0111820792926981
APD,2026-03-05,2026-03-12,market_wide,-2.043917484345048,-3.209947358134913,0.05113078756905742,0.05013078756905742,-0.017740121895366445,0.06787090946442387
APD,2026-03-23,2026-03-30,market_wide,-2.047102953344497,-2.3600670473275884,0.04629297482927619,0.04529297482927619,-0.01961548158014914,0.06490845640942533
APD,2026-04-17,2026-04-24,idiosyncratic,-3.1632907665292924,0.5006557640246925,0.03409755890694277,0.03309755890694277,0.00298819059401656,0.03010936831292621
APD,2026-05-08,2026-05-15,idiosyncratic,-3.212231897605768,0.48674962226198676,-0.0001015567812591156,-0.0011015567812591156,0.0018396254732351291,-0.0029411822544942448
APD,2026-05-18,2026-05-26,market_wide,-3.088213967989274,-1.0739521155140581,-0.01264875920319486,-0.01364875920319486,0.03544937571532203,-0.04909813491851689
APD,2026-05-27,2026-06-03,idiosyncratic,-3.268608062567692,-0.02579880473883049,-0.012109406149254376,-0.013109406149254377,0.010344940614734233,-0.02345434676398861
APD,2026-06-08,2026-06-15,market_wide,-3.2144859654197298,-3.018078161924131,0.022365175377604185,0.021365175377604184,0.01798062912043541,0.0033845462571687746
APD,2026-06-26,2026-07-06,market_wide,-3.0835758916141556,-3.449805193362769,0.11875385925889415,0.11775385925889414,-0.0018596998187870861,0.11961355907768123
APD,2026-07-15,2026-07-22,idiosyncratic,-3.0170214744931085,-0.041213764318671096,0.011270378736348396,0.010270378736348396,0.01589567245315049,-0.005625293716802093
APD,2026-07-23,2026-07-30,market_wide,-3.2408546982855233,-3.8690428835220816,0.02008224367293554,0.01908224367293554,0.011970262112223073,0.007111981560712466
APD,2026-07-31,2026-08-07,idiosyncratic,-2.256513850373314,-0.23715896942784356,0.028993819282629563,0.027993819282629562,0.028552261866890527,-0.0005584425842609653
APD,2026-08-20,2026-08-27,market_wide,-2.746844260351209,-4.5878613934193115,0.017114556914884282,0.01611455691488428,0.019822404631891555,-0.0037078477170072732
APD,2026-09-08,2026-09-15,market_wide,-4.564374465550324,-2.020110400694813,-0.024016640696331026,-0.025016640696331027,-0.013974664666982162,-0.011041976029348866
MMM,2015-07-24,2015-07-31,market_wide,-3.4691665483601994,-2.944076718473155,0.01346037980479231,0.01246037980479231,0.021551102566563785,-0.009090722761771475
MMM,2015-08-03,2015-08-10,market_wide,-2.3819209570090245,-1.60161552338621,0.007460791961285462,0.006460791961285462,0.0015185990269090954,0.004942192934376367
MMM,2015-08-11,2015-08-18,market_wide,-3.2725624335113817,-2.1455369210613595,-0.0011449637013828395,-0.0021449637013828396,0.001450386123491798,-0.0035953498248746376
MMM,2015-08-19,2015-08-26,market_wide,-3.5944578547181365,-2.404745109891012,-0.021594472420308763,-0.022594472420308764,-0.06298513684351814,0.04039066442320938
MMM,2015-09-01,2015-09-09,market_wide,-2.9761816480156136,-2.485066512955967,0.017039680007870928,0.016039680007870927,0.01407459436125058,0.001965085646620346
MMM,2015-09-14,2015-09-21,market_wide,-2.071505197882435,-1.4333198183274143,-0.00546838513378578,-0.00646838513378578,0.0011587341904195636,-0.007627119324205344
MMM,2015-09-22,2015-09-29,market_wide,-3.78407684979863,-3.0567485561153958,0.02557609923029114,0.024576099230291137,-0.02630460576853111,0.050880704998822246
MMM,2015-11-09,2015-11-16,market_wide,-2.1422096927672283,-1.9131256941829888,0.004699170579283374,0.0036991705792833738,-0.011899418867736267,0.01559858944701964
MMM,2015-12-01,2015-12-08,idiosyncratic,-2.2470418718130194,0.7351274611070873,-0.0007009977592185024,-0.0017009977592185024,-0.02081570854769821,0.019114710788479705
MMM,2015-12-11,2015-12-18,market_wide,-2.8720217174617297,-4.705110879386308,-0.05108828633549867,-0.05208828633549867,-0.0022694765968576114,-0.04981880973864106
MMM,2015-12-21,2015-12-29,market_wide,-2.3177818918377238,-2.24568517007836,0.036682993041287526,0.035682993041287525,0.026892537564177532,0.008790455477109993
MMM,2016-01-04,2016-01-11,market_wide,-3.090067591646628,-2.871066991941105,-0.04331805983641779,-0.04431805983641779,-0.047101082331162836,0.0027830224947450466
MMM,2016-01-12,2016-01-20,market_wide,-2.4487508163423923,-2.3838801396388822,-0.027687243745751933,-0.028687243745751934,-0.04694454268282178,0.018257298937069844
MMM,2016-01-21,2016-01-28,market_wide,-3.244390725455243,-3.1695284951718956,0.06939617247933927,0.06839617247933927,-0.007477886894844188,0.07587405937418346
MMM,2016-04-28,2016-05-05,market_wide,-2.679902009895485,-3.618730925190679,0.004610883015081502,0.0036108830150815016,-0.02994472563862749,0.03355560865370899
MMM,2016-05-17,2016-05-24,market_wide,-2.3012585776489853,-3.285489687938395,0.01157700930508021,0.01057700930508021,0.019896399059402103,-0.009319389754321894
MMM,2016-06-10,2016-06-17,market_wide,-2.4355000807521554,-2.2876248379211575,0.002254690841189122,0.001254690841189122,-0.008128873217610244,0.009383564058799365
MMM,2016-06-24,2016-07-01,market_wide,-2.2737120911939908,-5.882218467048972,0.037961247627262606,0.036961247627262606,0.024393842233515928,0.012567405393746678
MMM,2016-07-27,2016-08-03,market_wide,-2.6224861549508782,-1.0808253238378807,0.0006167470129809782,-0.0003832529870190218,-0.008921849966845308,0.008538596979826285
MMM,2016-08-04,2016-08-11,market_wide,-2.6946679318637217,-1.6622521647198232,0.017940357456688316,0.016940357456688315,0.01459872757188796,0.002341629884800356
MMM,2016-08-31,2016-09-08,market_wide,-2.8871310433849664,-3.001064157562087,0.004797721492193485,0.003797721492193485,-0.0032733864493442733,0.0070711079415377584
MMM,2016-09-09,2016-09-16,market_wide,-10.19341487584299,-8.791225783241764,-0.0033026969787190996,-0.0043026969787191,0.0028143179048794043,-0.007117014883598504
MMM,2016-09-26,2016-10-03,market_wide,-2.4577709768352394,-1.7188789664463393,-0.0051720232317743475,-0.0061720232317743476,0.011602844930675316,-0.017774868162449664
MMM,2016-10-04,2016-10-11,market_wide,-4.972934397272329,-2.189239366465673,-0.011649713378318438,-0.012649713378318439,-0.018590868194333643,0.005941154816015204
MMM,2016-10-12,2016-10-19,market_wide,-2.9965927207584397,-3.0486929421193127,0.0011198041011672988,0.00011980410116729876,0.0020919001610206767,-0.001972096059853378
MMM,2016-10-20,2016-10-27,market_wide,-2.501108363290458,-1.839448242888559,-0.024137768184635866,-0.025137768184635867,0.003175021976867143,-0.02831279016150301
MMM,2016-10-28,2016-11-04,market_wide,-2.7710549145336394,-3.347536887493603,0.0042831960054650065,0.0032831960054650064,-0.014052753410605634,0.01733594941607064
MMM,2016-12-06,2016-12-13,idiosyncratic,-2.7742644319180862,0.3027208781308146,0.04091948119970845,0.03991948119970845,0.031998235555761756,0.007921245643946695
MMM,2017-01-03,2017-01-10,market_wide,-2.353293187042887,-1.2729285172759353,-0.00825622269804871,-0.00925622269804871,0.004502931671207522,-0.013759154369256232
MMM,2017-01-24,2017-01-31,idiosyncratic,-3.7916073479106105,1.3136743999209999,-0.006535551111869875,-0.007535551111869875,-0.004426422241232908,-0.003109128870636967
MMM,2017-02-01,2017-02-08,market_wide,-2.482693981677884,-1.501597394593499,0.01084641470764125,0.009846414707641249,0.006347918607688463,0.003498496099952786
MMM,2017-03-27,2017-04-03,market_wide,-2.9421213223092604,-2.6252836243904643,0.0015231831814945807,0.0005231831814945806,0.004123459392271878,-0.003600276210777297
MMM,2017-04-05,2017-04-12,market_wide,-2.907090332988684,-1.6450856297494976,-0.0028379332562396,-0.0038379332562396,-0.008598924088717541,0.004760990832477941
MMM,2017-04-13,2017-04-21,market_wide,-4.468626717192503,-6.369539078913609,0.015106977699550272,0.014106977699550272,0.01383505738400359,0.00027192031554668095
MMM,2017-05-17,2017-05-24,market_wide,-3.290233431218315,-7.704482343536438,0.01360081807941782,0.01260081807941782,0.019503653524052256,-0.0069028354446344364
MMM,2017-06-27,2017-07-05,market_wide,-2.4056209544697755,-5.685707496843032,-9.57029380801444e-05,-0.0010957029380801444,-0.0015690653398161558,0.0004733624017360114
MMM,2017-07-06,2017-07-13,market_wide,-2.573317739819302,-3.7089227492041235,0.014757628307075388,0.013757628307075387,0.016526044879127566,-0.002768416572052179
MMM,2017-07-24,2017-07-31,idiosyncratic,-3.0685967733706474,-0.15592674832235945,-0.0420473878183063,-0.043047387818306304,-0.0017148376424673817,-0.04133255017583892
MMM,2017-08-17,2017-08-24,market_wide,-3.746160435664847,-3.436815198869034,-0.010067949664049114,-0.011067949664049115,-0.001612051812698967,-0.009455897851350148
MMM,2017-08-25,2017-09-01,market_wide,-2.7836356957964323,-1.4928820430029561,0.007074886676022851,0.006074886676022851,0.02422337444485745,-0.018148487768834598
MMM,2017-09-05,2017-09-12,market_wide,-4.0803174190370575,-1.1648602783390127,0.04308906612689012,0.04208906612689012,0.027283770020509746,0.014805296106380372
MMM,2017-09-27,2017-10-04,idiosyncratic,-2.850966961668897,-0.022707183083180323,0.03360643294340804,0.03260643294340804,0.015303734011602455,0.017302698931805582
MMM,2017-11-07,2017-11-14,idiosyncratic,-3.103832507319996,-0.159128790238917,-0.003129761191474789,-0.004129761191474789,0.005635181690524904,-0.009764942881999694
MMM,2017-11-15,2017-11-22,market_wide,-3.0579366841435704,-4.93150654129651,0.023518791523519544,0.022518791523519543,0.019220709683339665,0.0032980818401798784
MMM,2017-12-12,2017-12-19,idiosyncratic,-3.234674898548708,0.39379208999542664,0.007651096500853383,0.006651096500853383,0.007436212505945505,-0.0007851160050921227
MMM,2017-12-28,2018-01-05,idiosyncratic,-2.089155072309727,-0.28631869721518866,0.020575114539379102,0.0195751145393791,0.032501309579467286,-0.012926195040088184
MMM,2018-02-01,2018-02-08,market_wide,-2.511083635358021,-2.391087693996857,-0.10103234428531283,-0.10203234428531283,-0.08856422518268203,-0.013468119102630793
MMM,2018-02-09,2018-02-16,market_wide,-2.7873170279790007,-2.540615426058612,0.05708236759728935,0.05608236759728935,0.04287008757292288,0.013212280024366474
MMM,2018-03-01,2018-03-08,market_wide,-3.299198675286338,-3.9812440361865047,0.021613407639672122,0.02061340763967212,0.023220890161502084,-0.0026074825218299624
MMM,2018-03-19,2018-03-26,market_wide,-3.6740619251596263,-3.147784738421913,-0.048886106602863855,-0.049886106602863856,-0.02855962058278938,-0.021326486020074475
MMM,2018-03-27,2018-04-04,market_wide,-2.7917716183971515,-2.6497193418988,0.007828664214219794,0.006828664214219794,0.019879477241686372,-0.013050813027466579
MMM,2018-04-05,2018-04-12,market_wide,-2.565550968375415,-1.2560423637107645,-0.010289122425102937,-0.011289122425102938,0.005135508890547591,-0.01642463131565053
MMM,2018-04-24,2018-05-01,market_wide,-10.323016818017841,-3.344689610648844,-0.030378462334220813,-0.031378462334220814,0.004648442582105838,-0.03602690491632665
MMM,2018-05-02,2018-05-09,market_wide,-2.275593773580439,-3.1623824319690423,0.04586144280719684,0.04486144280719684,0.02385351176542483,0.02100793104177201
MMM,2018-05-23,2018-05-31,idiosyncratic,-2.7175918408689674,-0.00882825990695301,-0.007248473761291785,-0.008248473761291786,-0.008826653176376986,0.0005781794150852004
MMM,2018-06-19,2018-06-26,market_wide,-5.125695088045946,-1.9887020574714904,-0.014092959650685799,-0.0150929596506858,-0.01985129165115318,0.00475833200046738
MMM,2018-06-27,2018-07-05,market_wide,-2.504899374458502,-3.6125015877153457,0.012414910645865973,0.011414910645865972,0.013123547538915092,-0.0017086368930491203
MMM,2018-08-08,2018-08-15,idiosyncratic,-2.3413196769563047,-0.06622631222852918,-0.02775889528733899,-0.028758895287338992,-0.01509258556358195,-0.013666309723757042
MMM,2018-09-12,2018-09-19,market_wide,-4.233595695962542,-1.954496487588565,0.031009257167611715,0.030009257167611714,0.011242524623994443,0.01876673254361727
MMM,2018-09-27,2018-10-04,market_wide,-2.2752547550827495,-1.235712902942895,0.01775253389598186,0.016752533895981858,-0.004544280105737486,0.021296814001719344
MMM,2018-10-09,2018-10-16,market_wide,-2.5158231887613196,-2.9553190674797496,-0.038447242887873045,-0.039447242887873046,-0.022876210142348752,-0.016571032745524295
MMM,2018-10-18,2018-10-25,market_wide,-2.019507250653819,-2.066174427130172,-0.07680425924870371,-0.07780425924870371,-0.03556019637412455,-0.04224406287457916
MMM,2018-10-26,2018-11-02,market_wide,-2.615918254139783,-3.3527799828083293,0.042498119257729394,0.04149811925772939,0.04048004059258603,0.0010180786651433626
MMM,2018-11-21,2018-11-29,market_wide,-2.343096034240612,-3.0652324949074514,0.029543574991527377,0.028543574991527376,0.03629781616295413,-0.007754241171426757
MMM,2018-12-07,2018-12-14,market_wide,-2.7330749705118507,-3.1221254254457516,-0.010794650006967998,-0.011794650006968,-0.01462437183102161,0.0028297218240536104
MMM,2018-12-17,2018-12-24,market_wide,-3.7217708919197374,-4.050336018899946,-0.07364371873534592,-0.07464371873534592,-0.07021732064607455,-0.004426398089271366
MMM,2018-12-26,2019-01-03,market_wide,-2.1521563459243267,-1.7478476133550653,-0.013421896399400945,-0.014421896399400946,-0.00472031999633149,-0.009701576403069456
MMM,2019-03-01,2019-03-08,idiosyncratic,-2.0378154267570983,0.5876057430474024,-0.03180896918860454,-0.03280896918860454,-0.0223919729404497,-0.010416996248154842
MMM,2019-03-22,2019-03-29,market_wide,-2.0053809976841657,-1.6974519139180888,0.015244845189258172,0.01424484518925817,0.010099095607179365,0.004145749582078806
MMM,2019-04-26,2019-05-03,idiosyncratic,-3.218535754292243,0.37277107423616623,-0.03365148853094846,-0.03465148853094846,0.009169767373288451,-0.04382125590423691
MMM,2019-05-07,2019-05-14,market_wide,-2.9593707112891723,-6.097219321130673,-0.021829136547664274,-0.022829136547664275,-0.013816298420802342,-0.009012838126861933
MMM,2019-05-15,2019-05-22,market_wide,-2.564580611942931,-2.1508835751026147,-0.025155107696848478,-0.02615510769684848,-0.009370988625315269,-0.01678411907153321
MMM,2019-05-23,2019-05-31,market_wide,-2.415156521280062,-2.7436834065560953,-0.036896438320775715,-0.037896438320775716,-0.025351392937975614,-0.012545045382800102
MMM,2019-06-03,2019-06-10,market_wide,-2.7788266478594754,-3.2151351506321406,0.05154950918056134,0.050549509180561336,0.05544557562318975,-0.004896066442628411
MMM,2019-07-05,2019-07-12,idiosyncratic,-2.5707521365615476,-0.12947153605027714,0.00779063795844559,0.00679063795844559,0.009331201253679033,-0.0025405632952334436
MMM,2019-07-26,2019-08-02,idiosyncratic,-2.2147351560327344,0.3948758942128941,-0.019715119157877492,-0.020715119157877493,-0.037915276658552544,0.01720015750067505
MMM,2019-08-05,2019-08-12,market_wide,-5.476327369346207,-5.8328440023163655,-0.015846502619356495,-0.016846502619356496,0.011524423977346654,-0.02837092659670315
MMM,2019-08-13,2019-08-20,market_wide,-2.243688328689922,-1.606529897114885,-0.014535851483645446,-0.015535851483645446,-0.004149796051792998,-0.011386055431852449
MMM,2019-08-23,2019-08-30,market_wide,-3.536980318002485,-2.35714612883441,0.03766416076638168,0.03666416076638168,0.03523025229494725,0.0014339084714344308
MMM,2019-09-20,2019-09-27,market_wide,-2.121038148938837,-1.1987527123584023,-0.013372518718455018,-0.014372518718455018,-0.01402811425738859,-0.00034440446106642764
MMM,2019-09-30,2019-10-07,market_wide,-2.720991444615605,-1.912575229406416,-0.06617991643026666,-0.06717991643026666,-0.01728053472592872,-0.04989938170433794
MMM,2019-10-08,2019-10-15,market_wide,-2.994062638599547,-2.9656659441345887,0.08119941778084927,0.08019941778084927,0.048696905202218144,0.031502512578631126
MMM,2019-11-18,2019-11-25,idiosyncratic,-2.392634606979343,0.16243306917227773,0.006882972808687882,0.005882972808687882,0.005930952689837676,-4.79798811497947e-05
MMM,2019-12-03,2019-12-10,market_wide,-3.12309546724011,-3.421266528581822,0.015075296134239746,0.014075296134239745,0.014811945546267635,-0.0007366494120278899
MMM,2020-01-22,2020-01-29,idiosyncratic,-3.043586116139005,-0.20200332481226171,-0.09004103796739582,-0.09104103796739582,-0.02630958277147344,-0.06473145519592238
MMM,2020-01-30,2020-02-06,market_wide,-2.8409319177634633,-1.5151366312656114,0.0023383610581435565,0.0013383610581435565,0.015274396191638617,-0.013936035133495062
MMM,2020-02-10,2020-02-18,idiosyncratic,-2.851225519664626,0.16821557665223505,0.0010535375942002378,5.353759420023783e-05,0.003345260537241046,-0.003291722943040808
MMM,2020-02-21,2020-02-28,market_wide,-3.9547801054754435,-2.522202113299901,-0.049002493638372724,-0.050002493638372725,-0.11001629544762448,0.060013801809251754
MMM,2020-03-03,2020-03-10,market_wide,-3.0240382722506545,-2.331570388599403,0.055494391623514217,0.054494391623514216,-0.02299334434742173,0.07748773597093594
MMM,2020-03-12,2020-03-19,market_wide,-5.654203974825183,-4.991567524084068,0.029420552701574954,0.028420552701574953,0.011408752448277992,0.01701180025329696
MMM,2020-03-20,2020-03-27,market_wide,-3.561627214100721,-3.1839472383642913,0.06685851976849433,0.06585851976849433,0.08122506379851502,-0.01536654403002069
MMM,2020-04-21,2020-04-28,market_wide,-3.122006216331026,-1.8933436803339232,0.11282933004292306,0.11182933004292306,0.05102889022652546,0.0608004398163976
MMM,2020-05-06,2020-05-13,market_wide,-2.3787360268683795,-1.97899214381673,-0.068946684253401,-0.069946684253401,-0.015983685203479703,-0.0539629990499213
MMM,2020-05-14,2020-05-21,market_wide,-3.625307808469687,-1.9156577560306798,0.08284579800159841,0.08184579800159841,0.022547609598819962,0.05929818840277845
MMM,2020-06-11,2020-06-18,market_wide,-3.2272928338957314,-3.034098724813358,0.04482241036543466,0.04382241036543466,0.032490347591615176,0.011332062773819485
MMM,2020-06-22,2020-06-29,market_wide,-2.1518558740057925,-1.5491001366089567,-0.007147564493831471,-0.008147564493831472,-0.015183168059945018,0.007035603566113546
MMM,2020-07-10,2020-07-17,idiosyncratic,-2.688129574788331,0.0996576149928138,0.04566570256750668,0.04466570256750668,0.026452196635798675,0.018213505931708007
MMM,2020-07-28,2020-08-04,market_wide,-4.385637528302334,-2.4507589189292354,-0.026524308250674533,-0.027524308250674534,0.02523060253726994,-0.052754910787944476
MMM,2020-08-31,2020-09-08,idiosyncratic,-2.184952749316949,-0.2577652073985795,0.0009202142953859127,-7.978570461408731e-05,-0.033105079834297,0.033025294129682914
MMM,2020-09-10,2020-09-17,market_wide,-3.3431599460695653,-3.4463170271929067,0.05657359375754445,0.05557359375754445,0.027149100203818,0.02842449355372645
MMM,2020-09-21,2020-09-28,market_wide,-3.757100545022975,-4.025288781552557,0.0018592228762721597,0.0008592228762721596,0.009370379011758523,-0.008511156135486364
MMM,2020-09-29,2020-10-06,market_wide,-2.6744737591672667,-1.1700198497614078,0.01514282173203374,0.014142821732033739,0.007618230055078445,0.006524591676955294
MMM,2020-10-26,2020-11-02,market_wide,-3.5900851294133163,-3.910754780169848,-0.019378920395151877,-0.020378920395151878,-0.016714068688936656,-0.003664851706215222
MMM,2020-12-01,2020-12-08,idiosyncratic,-2.6034584394842235,0.747689637058884,0.011376903343820022,0.010376903343820021,0.017481698974802118,-0.007104795630982097
MMM,2020-12-23,2020-12-31,market_wide,-2.259115358925246,-1.3244307526759678,0.00459800587464354,0.0035980058746435404,0.01601231176554485,-0.012414305890901312
MMM,2021-01-04,2021-01-11,market_wide,-4.864713743101575,-2.2523480388447723,-0.03880831559230524,-0.03980831559230524,0.03239574393519229,-0.07220405952749753
MMM,2021-01-15,2021-01-25,market_wide,-2.5817805262280973,-1.337241295237996,0.029235706740655232,0.02823570674065523,0.005437631029354906,0.022798075711300325
MMM,2021-02-19,2021-02-26,market_wide,-2.1202670540627904,-1.2725696666014847,-0.008383494706881822,-0.009383494706881823,-0.02050309156782748,0.011119596860945657
MMM,2021-04-27,2021-05-04,idiosyncratic,-4.085578167460247,-0.03859619300911787,0.025353415162428616,0.024353415162428615,0.007920339289710476,0.01643307587271814
MMM,2021-05-12,2021-05-19,market_wide,-2.461534890437963,-7.250327227665126,0.01875573455327184,0.01775573455327184,0.02457754071166396,-0.006821806158392119
MMM,2021-06-10,2021-06-17,idiosyncratic,-2.618212222380552,0.6931397583618831,-0.039334662363496475,-0.040334662363496476,-0.00874303535739751,-0.031591627006098966
MMM,2021-06-18,2021-06-25,market_wide,-4.375247711278458,-7.10743346147284,0.0164405518595514,0.015440551859551399,0.030209772988179617,-0.014769221128628218
MMM,2021-07-19,2021-07-26,market_wide,-2.9377188349097776,-5.952430801746607,0.02080358158718898,0.01980358158718898,0.02692367272118079,-0.007120091133991813
MMM,2021-07-29,2021-08-05,idiosyncratic,-2.874583613726299,-0.07461843145359573,-0.0018673328084327645,-0.0028673328084327645,0.001923155398649623,-0.0047904882070823876
MMM,2021-08-06,2021-08-13,idiosyncratic,-2.182750134278392,0.5367086335405157,0.012365410377063846,0.011365410377063845,0.00044499208432058346,0.010920418292743261
MMM,2021-08-18,2021-08-25,market_wide,-3.1773922633403004,-3.381729639417423,-0.003493630593131236,-0.004493630593131236,0.010889175648711946,-0.015382806241843183
MMM,2021-08-27,2021-09-03,idiosyncratic,-2.3914813489235405,0.4031662175115399,-0.003383876908342409,-0.004383876908342409,0.0029506563704639888,-0.007334533278806398
MMM,2021-09-09,2021-09-16,market_wide,-2.9671215133004765,-2.0173648618299005,-0.016635199623565966,-0.017635199623565967,0.0004652363802100101,-0.018100436003775977
MMM,2021-09-17,2021-09-24,market_wide,-3.017548742954233,-3.276904623749761,-0.0024793958212000478,-0.0034793958212000478,0.011458226064137156,-0.014937621885337204
MMM,2021-09-28,2021-10-05,market_wide,-2.6017212115551063,-2.8177439256948373,-0.012052349394538697,-0.013052349394538698,-0.004540587391781314,-0.008511762002757384
MMM,2021-10-08,2021-10-15,market_wide,-2.164950295588201,-1.1943813446381575,0.028199861745025423,0.027199861745025422,0.02006685621425075,0.007133005530774672
MMM,2021-10-29,2021-11-05,idiosyncratic,-2.7176657372688307,0.24086029690838542,0.017461523752078323,0.016461523752078322,0.02112830916599928,-0.00466678541392096
MMM,2021-11-18,2021-11-26,idiosyncratic,-2.7636878617022154,0.22925620875478459,-0.018179903315250434,-0.019179903315250435,-0.023968949948562135,0.0047890466333117
MMM,2021-11-29,2021-12-06,market_wide,-2.723050334561747,-1.6448373947045594,0.005504359578590412,0.004504359578590412,-0.015836431866724454,0.020340791445314865
MMM,2021-12-17,2021-12-27,market_wide,-2.203871221815138,-1.6724532307565747,0.011158475341176421,0.01015847534117642,0.022212408251509386,-0.012053932910332965
MMM,2022-01-10,2022-01-18,market_wide,-2.42799222114757,-2.6291479136697755,0.004903936192727887,0.003903936192727887,-0.016226065989879856,0.020130002182607742
MMM,2022-01-19,2022-01-26,market_wide,-2.319137421605425,-4.779684190609187,-0.05143418541413802,-0.052434185414138024,-0.026975102791456318,-0.025459082622681706
MMM,2022-01-27,2022-02-03,market_wide,-2.8284742094733226,-2.9026217980677873,-0.03390934032211368,-0.03490934032211368,0.03492712303239709,-0.06983646335451077
MMM,2022-02-07,2022-02-14,market_wide,-3.029483677172739,-1.1370313340554705,-0.019606708352897906,-0.020606708352897907,-0.02468321596832912,0.004076507615431213
MMM,2022-02-15,2022-02-23,market_wide,-3.231063694863258,-1.8516836248350905,-0.0734992049596318,-0.0744992049596318,-0.048053669052664616,-0.026445535906967188
MMM,2022-02-24,2022-03-03,market_wide,-3.095760599899992,-2.8420718931833022,0.03201119109635364,0.03101119109635364,0.028514593276011357,0.0024965978203422834
MMM,2022-03-07,2022-03-14,market_wide,-3.432729275400012,-3.644636879073238,0.0013959064987880687,0.0003959064987880687,-0.006216143604833357,0.006612050103621426
MMM,2022-03-31,2022-04-07,market_wide,-2.116100500702281,-1.3900445055151496,0.007187089064653263,0.0061870890646532626,-0.00427481564392751,0.010461904708580771
MMM,2022-04-08,2022-04-18,market_wide,-2.187684303313343,-3.043049135361924,-0.024230568382930917,-0.025230568382930918,-0.01434488497804498,-0.010885683404885937
MMM,2022-04-26,2022-05-03,market_wide,-4.663320946519867,-4.5777907598017675,0.026764273690572882,0.02576427369057288,0.00515991963913609,0.02060435405143679
MMM,2022-05-11,2022-05-18,market_wide,-2.3986317068221314,-3.5950716941292438,0.017211735472466794,0.016211735472466793,-0.01245291314065966,0.028664648613126453
MMM,2022-05-19,2022-05-26,market_wide,-2.2814282136261546,-3.0754993745121437,0.0005444886353824785,-0.00045551136461752153,0.04550623607101989,-0.04596174743563741
MMM,2022-06-09,2022-06-16,market_wide,-3.679205852415375,-2.7381705342061635,-0.09182967822630594,-0.09282967822630595,-0.07870082524474953,-0.014128852981556417
MMM,2022-06-17,2022-06-27,market_wide,-2.8439266176799634,-2.576316026399646,0.022797299206561483,0.021797299206561482,0.05620308454609346,-0.03440578533953198
MMM,2022-06-28,2022-07-06,market_wide,-2.4447289827851915,-1.1454910163278702,-0.00375972330695018,-0.00475972330695018,-0.0033080786963382014,-0.0014516446106119787
MMM,2022-07-07,2022-07-14,idiosyncratic,-2.4276768542928444,-0.22581181315935103,-0.01337923594029411,-0.01437923594029411,-0.01899530025698226,0.004616064316688151
MMM,2022-08-18,2022-08-25,idiosyncratic,-3.3065692163253346,-0.25152949061898794,-0.016736638131687687,-0.017736638131687688,-0.020340239530513116,0.002603601398825428
MMM,2022-08-26,2022-09-02,market_wide,-6.073447739264051,-3.520072925476351,-0.05799882375184906,-0.05899882375184906,-0.026799067405189114,-0.03219975634665995
MMM,2022-09-06,2022-09-13,market_wide,-3.0078841220912524,-3.060873315209316,0.03319051309818777,0.03219051309818777,0.008977465439274024,0.023213047658913744
MMM,2022-09-14,2022-09-21,market_wide,-2.819540886633347,-2.5609900629418396,-0.023142934309251184,-0.024142934309251185,-0.04422585105026644,0.020082916741015255
MMM,2022-09-22,2022-09-29,market_wide,-3.224164597021589,-3.5997051854403974,-0.016120401313259425,-0.017120401313259426,-0.02701007982584791,0.009889678512588485
MMM,2022-09-30,2022-10-07,market_wide,-3.5478889136928786,-3.248029488403687,-0.026968061674947585,-0.027968061674947586,0.02440462630409357,-0.052372687979041155
MMM,2022-10-10,2022-10-17,market_wide,-2.991677127047274,-2.621369430987949,0.049787924204662604,0.0487879242046626,0.02190579229173406,0.026882131912928542
MMM,2022-11-28,2022-12-05,market_wide,-4.700586455709131,-2.106153108564847,-8.017454479780639e-05,-0.0010801745447978064,-0.0068336623884623915,0.005753487843664585
MMM,2022-12-06,2022-12-13,market_wide,-2.8804946876133495,-2.756861651068536,0.021753131095391343,0.02075313109539134,0.0223402892485165,-0.0015871581531251566
MMM,2022-12-15,2022-12-22,market_wide,-5.407488862324679,-3.414275460158742,-0.006455321278351023,-0.007455321278351023,-0.014549955710967843,0.007094634432616821
MMM,2022-12-23,2023-01-03,market_wide,-2.9253404334351725,-2.244937205554704,0.019393898794045406,0.018393898794045405,0.003619621962669628,0.014774276831375777
MMM,2023-01-19,2023-01-26,market_wide,-4.489008186354951,-1.5498102085785512,-0.041205495964501626,-0.04220549596450163,0.04065800548801657,-0.0828635014525182
MMM,2023-01-27,2023-02-03,idiosyncratic,-2.3120940809342008,0.1990956466759009,0.019436052267135517,0.018436052267135516,0.005362606981966556,0.013073445285168961
MMM,2023-02-08,2023-02-15,market_wide,-2.1608385586835164,-1.0802677934768135,-0.003991114978309396,-0.004991114978309396,0.005728246668784243,-0.01071936164709364
MMM,2023-02-16,2023-02-24,market_wide,-3.19952127499769,-2.7748932194073137,-0.037499941887902066,-0.03849994188790207,-0.025824962892323944,-0.012674978995578123
MMM,2023-02-27,2023-03-06,market_wide,-2.4814031647968466,-2.470771111094458,0.015331878901994944,0.014331878901994943,0.0194694890346212,-0.005137610132626258
MMM,2023-03-07,2023-03-14,market_wide,-3.7063243915374073,-1.9045378780038296,-0.040246438949740115,-0.041246438949740116,-0.023092311037005597,-0.01815412791273452
MMM,2023-03-15,2023-03-22,market_wide,-2.740500050461047,-2.26337203157045,-0.012064551684020874,-0.013064551684020875,0.011570722087995478,-0.024635273772016353
MMM,2023-03-23,2023-03-30,market_wide,-4.054539868103571,-1.2535112812658695,0.017623921849007074,0.016623921849007073,0.027034529536496654,-0.010410607687489581
MMM,2023-04-06,2023-04-14,idiosyncratic,-2.5513595329623318,-0.26349667786465025,0.041453210678634944,0.04045321067863494,0.013503408151063878,0.026949802527571065
MMM,2023-04-25,2023-05-02,market_wide,-2.733807970356579,-4.058077143360386,-0.013317933817165395,-0.014317933817165396,-0.004156432995082504,-0.010161500822082892
MMM,2023-05-03,2023-05-10,market_wide,-2.906317525412774,-2.1130893781159243,-0.018768972780467075,-0.019768972780467076,-0.006028162355301903,-0.013740810425165173
MMM,2023-05-11,2023-05-18,market_wide,-2.7782047941235635,-1.1744444685071997,0.003716974633276582,0.002716974633276582,0.015549081981437007,-0.012832107348160426
MMM,2023-05-19,2023-05-26,idiosyncratic,-2.0157319544123546,-0.2391402743785529,-0.02110470604184833,-0.022104706041848332,-0.005799243907689489,-0.016305462134158843
MMM,2023-05-30,2023-06-06,idiosyncratic,-3.2334186973377532,0.04560080195040485,0.02321441956936776,0.02221441956936776,0.010318286179543223,0.011896133389824537
MMM,2023-06-23,2023-06-30,market_wide,-2.5926235403124234,-1.7808935669387351,-0.006255039797174011,-0.007255039797174011,0.019904691105497196,-0.02715973090267121
MMM,2023-07-05,2023-07-12,idiosyncratic,-2.8825882546408423,-0.16883373328308907,0.02980843154088819,0.02880843154088819,0.011521073974784413,0.017287357566103778
MMM,2023-08-04,2023-08-11,market_wide,-2.3528245930763556,-3.668390466938649,-0.009098909440487857,-0.010098909440487858,-0.00499517145305528,-0.005103737987432577
MMM,2023-08-14,2023-08-21,market_wide,-2.8108508302898727,-2.233968063770056,-0.026557788233742885,-0.027557788233742886,-0.0253204529192278,-0.0022373353145150876
MMM,2023-08-22,2023-08-29,market_wide,-3.014940856699563,-2.282740496570168,0.07166801682796509,0.07066801682796509,0.02397238128233803,0.04669563554562706
MMM,2023-09-13,2023-09-20,market_wide,-7.2122530732722065,-1.9711614399863082,-0.02038590880423219,-0.02138590880423219,-0.007948345597786233,-0.013437563206445957
MMM,2023-09-21,2023-09-28,market_wide,-3.1898563923502485,-6.5435112270213045,-0.04338892764026547,-0.044388927640265474,-0.014293709217922945,-0.03009521842234253
MMM,2023-09-29,2023-10-06,market_wide,-2.3736074593975625,-2.261327578164911,-0.05575750994628459,-0.05675750994628459,-0.010137949179121586,-0.046619560767163004
MMM,2023-10-09,2023-10-16,idiosyncratic,-2.038637308462173,0.020228455672482725,0.009994458835153708,0.008994458835153707,0.0054039075946576975,0.0035905512404960094
MMM,2023-10-18,2023-10-25,market_wide,-2.117943109607505,-1.3786401949371747,0.011199350615433534,0.010199350615433533,-0.028062429742727546,0.03826178035816108
MMM,2024-01-10,2024-01-18,idiosyncratic,-2.3980012342918053,-0.035902708095958115,-0.017174459494795014,-0.018174459494795014,-0.0028442125381624717,-0.015330246956632543
MMM,2024-01-23,2024-01-30,idiosyncratic,-12.892838969448936,0.3970733567471941,-0.003642114537802721,-0.004642114537802721,-0.001084498710825832,-0.003557615826976889
MMM,2024-01-31,2024-02-07,market_wide,-2.2678919111363385,-1.3929051819571225,-0.005405177386364812,-0.006405177386364812,0.010132755943906613,-0.016537933330271426
MMM,2024-02-08,2024-02-15,idiosyncratic,-2.5782220855562636,0.05159496496839663,0.007665582249526848,0.006665582249526848,0.005460568221870465,0.0012050140276563823
MMM,2024-02-21,2024-02-28,market_wide,-2.027188700633639,-1.724209874543305,-0.0027260132751636412,-0.0037260132751636412,0.014013802982468349,-0.01773981625763199
MMM,2024-03-04,2024-03-11,idiosyncratic,-2.8459770273333196,-0.10426772226696267,0.028543113219298366,0.027543113219298365,0.013918604565587023,0.013624508653711342
MMM,2024-04-15,2024-04-22,market_wide,-2.4782817219790583,-5.1144621609831615,0.014457732015293212,0.013457732015293211,-0.004516236780753524,0.017973968796046735
MMM,2024-04-25,2024-05-02,market_wide,-2.16687899208454,-2.2458210840747888,0.05907437564477935,0.05807437564477935,-0.005717513128198459,0.06379188877297781
MMM,2024-05-29,2024-06-05,market_wide,-3.0519952054310053,-2.2242853859109832,0.015375239690677223,0.014375239690677222,0.01638352420857836,-0.0020082845179011377
MMM,2024-06-06,2024-06-13,idiosyncratic,-2.6649797262287707,-0.003155811501485261,0.03380174770358568,0.03280174770358568,0.009259033636467962,0.02354271406711772
MMM,2024-07-05,2024-07-12,idiosyncratic,-2.4402851468470477,1.2571273370249887,0.026845470805857197,0.025845470805857196,0.015698437043677016,0.01014703376218018
MMM,2024-07-25,2024-08-01,market_wide,-2.114534355955497,-3.950699558163748,0.22323239313533483,0.22223239313533483,0.014749565252893282,0.20748282788244155
MMM,2024-08-09,2024-08-16,market_wide,-2.3891928027159453,-1.4757154897761016,0.02319399805995337,0.022193998059953368,0.02917534293874513,-0.006981344878791762
MMM,2024-09-06,2024-09-13,market_wide,-3.4069801227434713,-4.671353479171897,0.03561435627322185,0.03461435627322185,0.03415021889592018,0.0004641373773016655
MMM,2024-10-02,2024-10-09,market_wide,-2.2003593787676436,-1.2787115576988421,-0.003101410989855724,-0.004101410989855724,0.019810427228295957,-0.023911838218151682
MMM,2024-10-11,2024-10-18,idiosyncratic,-2.109619255340969,0.7141010628009368,0.0028943983916427385,0.0018943983916427385,0.0020807519438117428,-0.0001863535521690043
MMM,2024-10-23,2024-10-30,market_wide,-6.266212024301043,-2.2019549138798493,-0.0027363528236540313,-0.0037363528236540313,-0.006126864450260006,0.0023905116266059743
MMM,2024-11-01,2024-11-08,market_wide,-2.320210875861969,-3.0001223720113233,0.05596594188349857,0.05496594188349857,0.0500361638004172,0.004929778083081371
MMM,2024-11-19,2024-11-26,market_wide,-2.4003123710802527,-1.2120956032508166,0.037132409123291854,0.03613240912329185,0.014493262166433318,0.021639146956858535
MMM,2024-12-10,2024-12-17,market_wide,-3.1064357472396122,-1.4089435781331543,-0.01325431443604419,-0.014254314436044191,-0.014952141076635006,0.0006978266405908151
MMM,2024-12-18,2024-12-26,market_wide,-4.695947132770361,-11.988406310409376,0.04500904356952029,0.04400904356952029,0.015415493568964989,0.0285935500005553
MMM,2025-02-07,2025-02-14,market_wide,-3.3411804223167567,-2.2964164092023545,-0.003448831600992519,-0.004448831600992519,0.022957294139781315,-0.027406125740773835
MMM,2025-02-21,2025-02-28,market_wide,-6.351954873964771,-3.3035691311345063,0.06994080421130588,0.06894080421130588,0.005511074308517605,0.06342972990278828
MMM,2025-03-04,2025-03-11,market_wide,-2.813313808602691,-3.4707608125409752,0.011517975459066854,0.010517975459066853,-0.02648017373292688,0.036998149191993734
MMM,2025-03-13,2025-03-20,market_wide,-2.883564890894203,-3.3670416541529735,0.035386616517147695,0.034386616517147695,0.024099520575793454,0.01028709594135424
MMM,2025-03-27,2025-04-03,market_wide,-2.2382614274768984,-1.140482443447588,-0.058609518146514605,-0.059609518146514606,-0.05623352518453051,-0.003375992961984098
MMM,2025-04-04,2025-04-11,market_wide,-6.274734098412919,-6.375232148645987,0.07123153297015583,0.07023153297015583,0.033618889686305,0.03661264328385083
MMM,2025-04-16,2025-04-24,market_wide,-2.695431201130533,-1.8091096803810731,0.06454084378316471,0.06354084378316471,0.04671053857048135,0.01683030521268336
MMM,2025-05-28,2025-06-04,market_wide,-2.0277103812356443,-1.3375244349598683,-0.012444548157472313,-0.013444548157472314,0.013597923337990148,-0.02704247149546246
MMM,2025-06-06,2025-06-13,idiosyncratic,-3.3490570389075813,0.5655063233756262,-0.02185556346600903,-0.022855563466009032,0.016830257566151863,-0.039685821032160895
MMM,2025-06-17,2025-06-25,market_wide,-3.5764899922736313,-1.7341027138650718,0.038956335394146224,0.03795633539414622,0.015871614895413222,0.022084720498733
MMM,2025-07-18,2025-07-25,idiosyncratic,-2.488410485644686,-0.19495390369979787,-0.012791094681365855,-0.013791094681365856,0.005108439559222466,-0.018899534240588323
MMM,2025-07-28,2025-08-04,idiosyncratic,-2.003556404239774,-0.03292877294806418,-0.02749093400257807,-0.028490934002578072,-0.027767430106770075,-0.0007235038958079976
MMM,2025-08-21,2025-08-28,market_wide,-2.193647227446647,-2.188738166272759,0.025314260304949876,0.024314260304949875,0.012874063469594743,0.011440196835355132
MMM,2025-09-03,2025-09-10,market_wide,-3.7286430859714,-1.2323657029532455,0.010329089697083793,0.009329089697083792,0.025427696421212342,-0.01609860672412855
MMM,2025-09-18,2025-09-25,idiosyncratic,-2.0563488112526387,0.25745751191978744,-0.015250852950332572,-0.016250852950332573,-0.017466255826375288,0.001215402876042715
MMM,2025-09-26,2025-10-03,market_wide,-3.4439114288264623,-1.4675939968774476,0.03828296472241255,0.03728296472241255,0.022227714852627978,0.01505524986978457
MMM,2025-10-10,2025-10-17,market_wide,-4.906242387553544,-5.68383549640935,0.026151224185990696,0.025151224185990695,0.029858841524197155,-0.00470761733820646
MMM,2025-11-04,2025-11-11,market_wide,-4.462671887883825,-1.7325099345301582,0.05031445262772549,0.04931445262772549,0.019866181122942583,0.029448271504782908
MMM,2025-11-20,2025-11-28,market_wide,-2.4957907107071473,-3.7371940755908053,0.04519769284553865,0.04419769284553865,0.04947522596131604,-0.005277533115777389
MMM,2025-12-05,2025-12-12,idiosyncratic,-2.3174173609223376,0.11607372836887102,0.008478530375749083,0.007478530375749083,0.004246153498236982,0.0032323768775121007
MMM,2025-12-15,2025-12-22,market_wide,-2.536783689783783,-3.059403706036374,-0.03439946844995545,-0.03539946844995545,0.009880877592607584,-0.045280346042563036
MMM,2025-12-23,2025-12-31,idiosyncratic,-2.9303007866501036,0.15262590350029806,-0.0003121848018080575,-0.0013121848018080575,-0.0007863087294134319,-0.0005258760723946257
MMM,2026-01-20,2026-01-27,market_wide,-5.428102547908535,-7.535832310454935,0.01236232680863436,0.01136232680863436,0.0100928288646982,0.0012694979439361598
MMM,2026-01-28,2026-02-04,idiosyncratic,-2.5466093534575442,-0.013666981637000955,0.05033991828783302,0.04933991828783302,0.02154653307926635,0.027793385208566668
MMM,2026-02-19,2026-02-26,market_wide,-2.188878271532928,-1.7098127420244507,0.006785691685453399,0.005785691685453399,0.0008426134714880629,0.004943078213965336
MMM,2026-02-27,2026-03-06,market_wide,-2.785875775888238,-1.8084349427362099,-0.07204224796301872,-0.07304224796301872,-0.03917631517898945,-0.03386593278402927
MMM,2026-03-09,2026-03-16,market_wide,-3.13895218958926,-2.6173769842347117,-0.01107964263359762,-0.01207964263359762,-0.0022705222111805146,-0.009809120422417106
MMM,2026-03-17,2026-03-24,market_wide,-3.1023587518950504,-1.980702339146387,-0.016033711668091977,-0.017033711668091978,-0.024502144957444627,0.0074684332893526495
MMM,2026-03-26,2026-04-02,market_wide,-2.2025247813707236,-3.7870620135055826,0.0033335619257350846,0.0023335619257350846,0.012991430439630358,-0.010657868513895274
MMM,2026-04-07,2026-04-14,idiosyncratic,-2.1695740142066744,0.030221658889445214,0.0568063699971868,0.0558063699971868,0.03728821353184797,0.01851815646533883
MMM,2026-04-22,2026-04-29,idiosyncratic,-4.897961173255617,0.08375149817385823,-0.013102044370352006,-0.014102044370352007,0.007953726897502289,-0.022055771267854296
MMM,2026-04-30,2026-05-07,idiosyncratic,-2.3476511630975216,0.8366573032479239,-0.018905316028010044,-0.019905316028010045,0.025119343876464528,-0.04502465990447457
MMM,2026-07-06,2026-07-13,idiosyncratic,-3.4636760904487285,0.6697025131686772,-0.00911090024318717,-0.01011090024318717,-0.003888580137386022,-0.006222320105801149
MMM,2026-08-18,2026-08-25,market_wide,-2.566203962192201,-3.674945447267015,-0.004337308578398202,-0.005337308578398202,0.012994579068207557,-0.01833188764660576
MMM,2026-08-27,2026-09-03,market_wide,-2.1225203445016247,-1.2911161730756897,-0.058826842055280326,-0.05982684205528033,-0.004954093942581506,-0.05487274811269882
MMM,2026-09-08,2026-09-15,market_wide,-2.5144936418845982,-2.020110400694813,-0.017012929983455938,-0.01801292998345594,-0.013974664666982162,-0.004038265316473777
ABT,2015-08-06,2015-08-13,market_wide,-3.3800013734486845,-1.92459138587794,-0.00953947439361058,-0.010539474393610582,-0.0015127645876199525,-0.00902670980599063
ABT,2015-08-19,2015-08-26,market_wide,-3.5041156225642314,-2.404745109891012,-0.11757579108223049,-0.11857579108223049,-0.06298513684351814,-0.055590654238712345
ABT,2015-09-01,2015-09-09,market_wide,-2.648693130194797,-2.485066512955967,-0.007803519505225176,-0.008803519505225177,0.01407459436125058,-0.022878113866475758
ABT,2015-09-10,2015-09-17,market_wide,-2.8809944948587245,-1.329801405469536,0.025974256183548095,0.024974256183548094,0.01660236098278567,0.008371895200762425
ABT,2015-09-21,2015-09-28,market_wide,-2.2257803176877693,-1.1864382435735807,-0.0979216759094983,-0.0989216759094983,-0.04299238536165839,-0.055929290547839905
ABT,2015-09-29,2015-10-06,market_wide,-2.9748754386005505,-3.3089676019758283,0.009873432977661523,0.008873432977661522,0.056837681125471384,-0.04796424814780986
ABT,2015-11-11,2015-11-18,market_wide,-2.0732643236766535,-3.009390623740097,0.01619713208376683,0.015197132083766829,-0.0006150421658128735,0.015812174249579702
ABT,2015-12-02,2015-12-09,market_wide,-2.1116392436862497,-1.6058999144870285,-0.005749712104634708,-0.006749712104634708,-0.022784354955392994,0.016034642850758285
ABT,2015-12-11,2015-12-18,market_wide,-2.822491428333872,-4.705110879386308,-0.01487840687885611,-0.01587840687885611,-0.0022694765968576114,-0.0136089302819985
ABT,2015-12-21,2015-12-29,market_wide,-2.929991855169043,-2.24568517007836,0.040418008016624096,0.039418008016624095,0.026892537564177532,0.012525470452446563
ABT,2016-01-04,2016-01-11,market_wide,-4.596708633777943,-2.871066991941105,-0.05124624984265069,-0.052246249842650694,-0.047101082331162836,-0.005145167511487858
ABT,2016-01-12,2016-01-20,market_wide,-2.2691779468584383,-2.3838801396388822,-0.030097138019080427,-0.031097138019080428,-0.04694454268282178,0.01584740466374135
ABT,2016-01-21,2016-01-28,market_wide,-4.145772520611109,-3.1695284951718956,-0.07016187459795831,-0.07116187459795831,-0.007477886894844188,-0.06368398770311412
ABT,2016-01-29,2016-02-05,idiosyncratic,-2.7112106583312414,0.9493052904047181,-0.011625130178698262,-0.012625130178698263,-0.012640913434756706,1.5783256058443662e-05
ABT,2016-02-08,2016-02-16,market_wide,-2.445033844887441,-3.7393735852273946,0.014148436381003826,0.013148436381003825,0.03410127194973023,-0.020952835568726402
ABT,2016-04-28,2016-05-05,market_wide,-17.093421344199268,-3.618730925190679,-0.04750132223064607,-0.04850132223064607,-0.02994472563862749,-0.01855659659201858
ABT,2016-05-06,2016-05-13,market_wide,-2.276997922294331,-2.192832516430353,-0.009744838612550266,-0.010744838612550267,-0.009475802021161939,-0.0012690365913883284
ABT,2016-05-17,2016-05-24,market_wide,-3.046925953769284,-3.285489687938395,0.007159794571574896,0.006159794571574896,0.019896399059402103,-0.013736604487827209
ABT,2016-06-09,2016-06-16,idiosyncratic,-2.3891071711293193,-0.2869953135686275,-0.03524526861606614,-0.03624526861606614,-0.01598944655852863,-0.02025582205753751
ABT,2016-06-17,2016-06-24,market_wide,-2.5167970778801023,-2.678435570558819,0.013907438556437723,0.012907438556437723,-0.008486684937538458,0.02139412349397618
ABT,2016-06-27,2016-07-05,market_wide,-3.8267472217004554,-5.930540758939446,0.06738861808639895,0.06638861808639895,0.0352372011452835,0.03115141694111545
ABT,2016-08-19,2016-08-26,market_wide,-3.899270257448632,-1.2603483104236284,-0.028481281773738765,-0.029481281773738766,-0.005244531175003009,-0.024236750598735757
ABT,2016-08-29,2016-09-06,market_wide,-2.3435827041300032,-1.224577432161158,-0.025202420776489598,-0.0262024207764896,-0.006372155689425285,-0.019830265087064314
ABT,2016-09-07,2016-09-14,idiosyncratic,-3.285429550143003,-0.03149977901989039,-0.02601388610318134,-0.02701388610318134,-0.026479295286629068,-0.0005345908165522717
ABT,2016-09-29,2016-10-06,market_wide,-2.31435970342591,-1.7522518539279888,0.03692077482122169,0.03592077482122169,0.0004666839374256604,0.03545409088379603
ABT,2016-10-11,2016-10-18,market_wide,-4.122766865095447,-4.844541862013216,0.006601681365722811,0.005601681365722811,0.0024655766270729185,0.003136104738649893
ABT,2016-10-19,2016-10-26,market_wide,-3.232045788087459,-1.4075208691764596,-0.0012496814896175712,-0.002249681489617571,0.011987955032304098,-0.01423763652192167
ABT,2016-10-27,2016-11-03,market_wide,-2.1898097068579467,-2.395804375159128,-0.04740614415482802,-0.048406144154828024,-0.0234036394857029,-0.025002504669125125
ABT,2016-11-21,2016-11-29,idiosyncratic,-2.2430510659655045,0.616217037785702,-0.025905855019464408,-0.02690585501946441,0.0020191394749633496,-0.028924994494427758
ABT,2016-12-01,2016-12-08,market_wide,-3.5171019974586635,-1.6769748805807436,0.028723174002456275,0.027723174002456275,0.0289940608668684,-0.001270886864412124
ABT,2016-12-20,2016-12-28,idiosyncratic,-2.880762869265261,-0.015123363368802677,0.0007856380052775336,-0.00021436199472246644,-0.009636020132122058,0.009421658137399591
ABT,2016-12-29,2017-01-06,market_wide,-2.217950214625283,-3.1441855508759007,0.0644739777848593,0.0634739777848593,0.013131090052546979,0.050342887732312325
ABT,2017-01-23,2017-01-30,market_wide,-2.9424728556356086,-2.606779310184973,0.016608673562425125,0.015608673562425124,0.008296339846169953,0.0073123337162551705
ABT,2017-03-07,2017-03-14,market_wide,-2.557361681586816,-2.41379227825758,-0.004444591277338095,-0.005444591277338095,-0.0024932613669419457,-0.002951329910396149
ABT,2017-03-20,2017-03-27,market_wide,-2.460569614203601,-1.491088974435252,-0.006224913379743069,-0.007224913379743069,-0.00826043404689647,0.001035520667153401
ABT,2017-03-28,2017-04-04,market_wide,-2.991627551355736,-1.5065247633507475,-0.011632764215610769,-0.01263276421561077,-0.001392502888363789,-0.011240261327246981
ABT,2017-04-05,2017-04-12,market_wide,-5.146182330023557,-1.6450856297494976,-0.001233972653928661,-0.002233972653928661,-0.008598924088717541,0.00636495143478888
ABT,2017-04-13,2017-04-21,market_wide,-4.515383200606193,-6.369539078913609,0.020154746670157264,0.019154746670157263,0.01383505738400359,0.005319689286153673
ABT,2017-05-01,2017-05-08,idiosyncratic,-2.6396217868743395,0.038120520648037406,0.02759914558632448,0.02659914558632448,0.006811175807087677,0.019787969779236803
ABT,2017-05-17,2017-05-24,market_wide,-3.8381129091641117,-7.704482343536438,0.010445880477083058,0.009445880477083057,0.019503653524052256,-0.010057773046969198
ABT,2017-06-30,2017-07-10,market_wide,-2.1760599253150144,-2.926682673442615,-0.007817113874817094,-0.008817113874817095,-0.0033241423366902056,-0.0054929715381268895
ABT,2017-07-11,2017-07-18,market_wide,-2.6957720274448023,-1.4219485241308625,0.017855473699028623,0.016855473699028622,0.014315573296882933,0.0025399004021456895
ABT,2017-08-01,2017-08-08,idiosyncratic,-2.1544251135494346,-0.21995174812375126,-0.0054934650697014975,-0.0064934650697014975,-0.0025067471941505604,-0.003986717875550937
ABT,2017-08-09,2017-08-16,market_wide,-3.4255535704357123,-1.9437532489102394,0.021324613202049703,0.0203246132020497,0.008392702123609208,0.011931911078440494
ABT,2017-08-18,2017-08-25,market_wide,-2.2175136836842118,-2.9771997997229644,0.012515306674249382,0.011515306674249381,0.0037825368368775703,0.007732769837371811
ABT,2017-09-19,2017-09-26,idiosyncratic,-2.283712148521991,0.13259279664316048,0.028009959881624802,0.0270099598816248,-0.0028563207985955463,0.029866280680220347
ABT,2017-10-30,2017-11-06,market_wide,-4.0328636612703,-1.1764866491188333,0.013262184762503404,0.012262184762503403,0.007175764780154248,0.005086419982349155
ABT,2017-12-08,2017-12-15,idiosyncratic,-2.427038014255992,0.30980598315258756,0.015739413855670126,0.014739413855670125,0.006957968916041279,0.007781444939628845
ABT,2018-02-05,2018-02-12,market_wide,-3.2183725939579806,-7.868069513686193,-0.02247570950377742,-0.02347570950377742,0.0009543731962309288,-0.02443008270000835
ABT,2018-02-13,2018-02-21,market_wide,-2.044959482299082,-1.7651485703584702,0.023421014267146933,0.022421014267146933,0.01109499881940712,0.011326015447739812
ABT,2018-03-01,2018-03-08,market_wide,-2.280293741259047,-3.9812440361865047,0.05238976565399889,0.05138976565399889,0.023220890161502084,0.028168875492496803
ABT,2018-03-22,2018-03-29,market_wide,-4.673539550579873,-5.308552609336125,-0.01657658857999933,-0.01757658857999933,-0.004530212309193593,-0.013046376270805737
ABT,2018-04-02,2018-04-09,market_wide,-3.519300611136166,-3.026218541379002,0.00017188307852378237,-0.0008281169214762176,0.010445597430587261,-0.01127371435206348
ABT,2018-04-24,2018-05-01,market_wide,-2.842241052866816,-3.344689610648844,0.008746684565732465,0.007746684565732465,0.004648442582105838,0.003098241983626627
ABT,2018-05-02,2018-05-09,market_wide,-3.4917342184217364,-3.1623824319690423,0.026793721080376587,0.025793721080376586,0.02385351176542483,0.0019402093149517574
ABT,2018-06-19,2018-06-26,market_wide,-4.707252582395909,-1.9887020574714904,-0.024542763446313676,-0.025542763446313677,-0.01985129165115318,-0.0056914717951604965
ABT,2018-06-27,2018-07-05,market_wide,-3.067637124476258,-3.6125015877153457,0.013886655495305211,0.01288665549530521,0.013123547538915092,-0.00023689204360988203
ABT,2018-08-07,2018-08-14,idiosyncratic,-2.289585345341734,0.6159048264664733,-0.01714554584502348,-0.01814554584502348,-0.006384956429945632,-0.011760589415077849
ABT,2018-08-15,2018-08-22,market_wide,-2.8469349275459015,-2.4266033851383995,0.03466210165261763,0.033662101652617626,0.024578612889845752,0.009083488762771874
ABT,2018-09-06,2018-09-13,market_wide,-2.2934611890740584,-1.7552373352251662,0.04055912343485457,0.03955912343485457,0.011898249303690989,0.027660874131163582
ABT,2018-10-08,2018-10-15,market_wide,-2.8339251933951424,-3.225881644742541,-0.03439991541232079,-0.03539991541232079,-0.048030664724068806,0.012630749311748013
ABT,2018-10-18,2018-10-25,market_wide,-2.642573708651577,-2.066174427130172,-0.006897666471579189,-0.00789766647157919,-0.03556019637412455,0.027662529902545363
ABT,2018-10-26,2018-11-02,market_wide,-3.2284690650848935,-3.3527799828083293,0.04776853605219156,0.046768536052191556,0.04048004059258603,0.006288495459605525
ABT,2018-11-13,2018-11-20,market_wide,-2.1325075811473977,-2.1073185877790293,-0.006187939310354551,-0.007187939310354551,-0.02632263212191044,0.019134692811555887
ABT,2018-11-21,2018-11-29,market_wide,-3.0152930734518266,-3.0652324949074514,0.06902099267545059,0.06802099267545059,0.03629781616295413,0.031723176512496454
ABT,2018-12-14,2018-12-21,market_wide,-2.57703403423205,-3.3739015728327355,-0.049321684558339296,-0.0503216845583393,-0.0650264929008042,0.014704808342464903
ABT,2018-12-24,2019-01-02,market_wide,-4.071541657036277,-3.607127859753687,0.06009761915160583,0.05909761915160583,0.07035963963586633,-0.011262020484260504
ABT,2019-01-03,2019-01-10,market_wide,-3.146885610562724,-1.7060388890303213,0.043189322943193886,0.042189322943193885,0.05303816471648437,-0.010848841773290485
ABT,2019-03-08,2019-03-15,market_wide,-2.359057972528265,-3.944809605011012,0.04215036765515401,0.04115036765515401,0.030982871551399782,0.010167496103754226
ABT,2019-03-25,2019-04-01,market_wide,-2.09161424402389,-2.5738406631410387,0.018279532640825158,0.017279532640825157,0.02847119313886104,-0.011191660498035882
ABT,2019-04-04,2019-04-11,idiosyncratic,-2.0285185393532568,0.2561453129653364,-0.0013991253631671086,-0.0023991253631671086,-0.0036752093730150204,0.0012760840098479118
ABT,2019-04-12,2019-04-22,idiosyncratic,-3.010598751389024,0.7261245495581743,-0.04486587149624899,-0.04586587149624899,0.019157982757186387,-0.06502385425343538
ABT,2019-05-07,2019-05-14,market_wide,-2.502748027698625,-6.097219321130673,-0.011442211572968652,-0.012442211572968653,-0.013816298420802342,0.0013740868478336887
ABT,2019-05-17,2019-05-24,market_wide,-2.7152438683996123,-2.0839433774183256,0.013294925084315956,0.012294925084315955,-0.01267631921906709,0.024971244303383044
ABT,2019-05-28,2019-06-04,market_wide,-2.7448159005946713,-3.5447449688782373,0.023114310880448796,0.022114310880448795,0.021768290447564453,0.0003460204328843419
ABT,2019-07-12,2019-07-19,idiosyncratic,-2.2510674807135667,0.519116978569147,0.04254087994405831,0.041540879944058307,-0.0077845777151756,0.04932545765923391
ABT,2019-08-01,2019-08-08,market_wide,-5.070987273385659,-4.046740992769481,-0.006041089850983172,-0.007041089850983172,-0.00414931946835817,-0.002891770382625002
ABT,2019-08-12,2019-08-19,market_wide,-2.336465053333137,-2.3472836653430447,0.010630474758539732,0.009630474758539731,0.023787245528090084,-0.014156770769550353
ABT,2019-08-20,2019-08-27,market_wide,-2.322331812980798,-1.0587859462940523,-0.01052736130957177,-0.01152736130957177,0.0021430742255348356,-0.013670435535106606
ABT,2019-09-10,2019-09-17,idiosyncratic,-2.977639912960855,-0.0165409817587201,0.004446381138637268,0.0034463811386372676,0.004477957103687702,-0.0010315759650504344
ABT,2019-09-18,2019-09-25,idiosyncratic,-2.4224775542825356,-0.08548502677301263,-0.009325470720187412,-0.010325470720187413,-0.0074854963388724105,-0.0028399743813150025
ABT,2019-09-26,2019-10-03,market_wide,-3.3293021168182593,-2.2671622245507534,-0.019235263554960413,-0.020235263554960414,-0.02608105234661473,0.005845788791654316
ABT,2019-10-07,2019-10-14,market_wide,-2.239863742822198,-1.5630865822166304,-0.011105759144370397,-0.012105759144370398,0.0144600754278017,-0.026565834572172098
ABT,2019-11-21,2019-11-29,market_wide,-3.2703816094273104,-1.1522523642312374,0.02115241636071552,0.02015241636071552,0.008553247042032197,0.011599169318683322
ABT,2020-01-03,2020-01-10,market_wide,-5.532413291372438,-1.2840841400401626,-0.0061708040745313,-0.0071708040745313,0.012200379998605904,-0.019371184073137204
ABT,2020-01-13,2020-01-21,idiosyncratic,-3.7384884917884893,0.7345807320473029,0.0586360496729359,0.057636049672935896,0.006408710921880223,0.05122733875105567
ABT,2020-01-30,2020-02-06,market_wide,-2.143840071771227,-1.5151366312656114,0.003476825729127997,0.002476825729127997,0.015274396191638617,-0.012797570462510621
ABT,2020-02-21,2020-02-28,market_wide,-3.9276738929926562,-2.522202113299901,-0.11915378230551121,-0.12015378230551121,-0.11001629544762448,-0.010137486857886735
ABT,2020-03-03,2020-03-10,market_wide,-2.561772027275599,-2.331570388599403,0.037056260055696955,0.036056260055696954,-0.02299334434742173,0.05904960440311868
ABT,2020-03-11,2020-03-18,market_wide,-2.0212502872839067,-3.3324420576564813,0.014982774133977639,0.013982774133977638,-0.08627648550751088,0.10025925964148852
ABT,2020-03-19,2020-03-26,market_wide,-2.5736284862569945,-2.6961620457517324,0.017583623400856174,0.016583623400856173,0.07104875536612765,-0.054465131965271474
ABT,2020-04-29,2020-05-06,idiosyncratic,-2.6942183941644693,1.3798895906559845,-0.013003728892394095,-0.014003728892394096,-0.0443690695893445,0.030365340696950405
ABT,2020-05-14,2020-05-21,market_wide,-2.1819422178368617,-1.9156577560306798,-0.015145058780821286,-0.016145058780821286,0.022547609598819962,-0.03869266837964125
ABT,2020-05-26,2020-06-02,idiosyncratic,-2.957021968427621,0.4051329266097979,0.03509139286148555,0.03409139286148555,0.03163994882771948,0.0024514440337660703
ABT,2020-06-04,2020-06-11,idiosyncratic,-4.145752038918838,-0.14470595386655608,-0.005326039472279165,-0.006326039472279165,-0.04045499360084259,0.03412895412856343
ABT,2020-06-12,2020-06-19,market_wide,-2.640540899014056,-2.4297647785821574,0.01864740419772315,0.01764740419772315,0.024250270048671974,-0.006602865850948825
ABT,2020-06-24,2020-07-01,market_wide,-3.9427728664463415,-2.6225540166771153,0.049713891322372694,0.04871389132237269,0.019486967962383694,0.029226923359989
ABT,2020-08-04,2020-08-11,idiosyncratic,-2.112029924556135,0.5038885746298875,-0.008706249274094913,-0.009706249274094914,0.018437193138008068,-0.02814344241210298
ABT,2020-08-14,2020-08-21,idiosyncratic,-2.3812609688458575,-0.1683435900923952,0.024102572856344207,0.023102572856344206,-0.0011482351285093673,0.024250807984853573
ABT,2020-09-08,2020-09-15,market_wide,-2.3288399017514734,-5.182723431706744,0.03636736159478149,0.03536736159478149,0.02772711125501548,0.007640250339766008
ABT,2020-09-16,2020-09-23,market_wide,-2.059574388777808,-2.318044106488908,-0.02809836883549721,-0.029098368835497213,-0.03791089730383812,0.008812528468340908
ABT,2020-09-24,2020-10-01,market_wide,-4.523915568336274,-3.0575113741159266,0.07649631424366476,0.07549631424366476,0.026344318927511434,0.04915199531615333
ABT,2020-10-21,2020-10-28,market_wide,-4.396174976280831,-2.6399080094517204,0.004625599598778063,0.003625599598778063,-0.051768144605608746,0.05539374420438681
ABT,2020-10-29,2020-11-05,market_wide,-3.7851251356109112,-2.860600764081597,0.08123809450517494,0.08023809450517494,0.0659514271081465,0.01428666739702844
ABT,2020-11-18,2020-11-25,market_wide,-3.1161502638644314,-1.1295939279741491,-0.030609326489590027,-0.03160932648959003,0.0219005912103043,-0.05350991769989433
ABT,2020-11-27,2020-12-04,idiosyncratic,-2.554272327701819,0.13180928870787148,0.0026016700701718687,0.0016016700701718687,0.021471741135292266,-0.019870071065120398
ABT,2020-12-07,2020-12-14,idiosyncratic,-3.099500069895695,-0.17302942868115578,-0.003638705169808798,-0.004638705169808798,-0.012961668906406931,0.008322963736598132
ABT,2021-02-19,2021-02-26,market_wide,-2.0973733085440305,-1.2725696666014847,-0.026495381998144607,-0.027495381998144608,-0.02050309156782748,-0.006992290430317127
ABT,2021-03-02,2021-03-09,market_wide,-2.019418408970254,-1.4047062862726298,-0.04758002686880891,-0.04858002686880891,0.011454873998493431,-0.06003490086730234
ABT,2021-03-12,2021-03-19,idiosyncratic,-2.280124145936104,0.10313761469242291,0.03033154810982941,0.02933154810982941,-0.00011782677075222736,0.029449374880581636
ABT,2021-04-01,2021-04-09,idiosyncratic,-2.2047685400044674,1.300031679719647,0.016478816750301162,0.015478816750301161,0.019534747636646754,-0.004055930886345593
ABT,2021-04-20,2021-04-27,market_wide,-2.2062061632528254,-1.342160318822656,0.014166513739172437,0.013166513739172436,0.00778398247112122,0.005382531268051216
ABT,2021-04-28,2021-05-05,idiosyncratic,-2.161522312409297,-0.08837803157080175,-0.024207565819056365,-0.025207565819056366,0.01778100787756509,-0.04298857369662146
ABT,2021-05-07,2021-05-14,idiosyncratic,-2.328191950216468,1.5105857349449148,-0.005380421196208518,-0.006380421196208518,-0.0077110383473648625,0.0013306171511563445
ABT,2021-05-17,2021-05-24,market_wide,-3.0096358907037115,-1.3939456506767374,0.004711096650579227,0.0037110966505792273,0.011010534312007492,-0.007299437661428264
ABT,2021-05-26,2021-06-03,idiosyncratic,-2.2847942822688037,-0.023935246687192366,-0.06466810319741956,-0.06566810319741956,0.00717466353799745,-0.07284276673541701
ABT,2021-06-08,2021-06-15,idiosyncratic,-2.189654061562958,-0.22384110314400904,0.023262059318333472,0.02226205931833347,0.004059763485501744,0.018202295832831727
ABT,2021-09-17,2021-09-24,market_wide,-2.689018484399692,-3.276904623749761,-0.019086576161406965,-0.020086576161406966,0.011458226064137156,-0.03154480222554412
ABT,2021-09-28,2021-10-05,market_wide,-4.236467303384169,-2.8177439256948373,-0.024086175349583017,-0.025086175349583018,-0.004540587391781314,-0.020545587957801703
ABT,2021-10-06,2021-10-13,market_wide,-2.4201978608671055,-1.6098135743807016,0.004378045041054879,0.0033780450410548788,0.0030948352920299183,0.0002832097490249605
ABT,2021-11-05,2021-11-12,idiosyncratic,-5.250019301026713,0.3557582131658672,0.03280541188406505,0.03180541188406505,0.01074617168507741,0.02105924019898764
ABT,2021-11-22,2021-11-30,market_wide,-4.098299108079564,-1.005413704383523,0.004071439877401328,0.0030714398774013283,-0.035580606550930316,0.03865204642833164
ABT,2021-12-01,2021-12-08,market_wide,-2.107712104683151,-3.915704427704471,0.044421878340648924,0.04342187834064892,0.033817343794054544,0.009604534546594379
ABT,2022-01-04,2022-01-11,idiosyncratic,-2.4235758857125935,-0.020866290244325736,-0.0005160125530973003,-0.0015160125530973003,-0.0038115225388060114,0.002295509985708711
ABT,2022-01-12,2022-01-20,market_wide,-2.7844217955460207,-1.3205774971817326,-0.06409016293115466,-0.06509016293115466,-0.04823901818961329,-0.01685114474154137
ABT,2022-01-21,2022-01-28,market_wide,-2.2238382059722346,-4.096485411984231,-0.0038147408277366956,-0.004814740827736696,0.007376853079809509,-0.012191593907546205
ABT,2022-02-11,2022-02-18,market_wide,-3.0714043348870437,-3.5713176463205647,-0.06932796486899073,-0.07032796486899073,-0.017310219546465277,-0.053017745322525456
ABT,2022-02-22,2022-03-01,market_wide,-3.12806121630941,-3.9325980263668967,0.005616611583532549,0.004616611583532549,0.0014845263727338853,0.003132085210798664
ABT,2022-03-08,2022-03-15,market_wide,-3.5770835733160964,-3.3552016709475914,0.011799199033261543,0.010799199033261542,0.016446044188898723,-0.005646845155637181
ABT,2022-03-31,2022-04-07,market_wide,-2.263161531522596,-1.3900445055151496,0.042328511346024555,0.041328511346024555,-0.00427481564392751,0.045603326989952064
ABT,2022-04-12,2022-04-20,market_wide,-2.837336191611968,-3.6526074570878175,0.0400272281599241,0.0390272281599241,0.023663233291614016,0.015363994868310082
ABT,2022-04-26,2022-05-03,market_wide,-2.992089288690413,-4.5777907598017675,-0.03881324932512187,-0.03981324932512187,0.00515991963913609,-0.04497316896425796
ABT,2022-05-05,2022-05-12,market_wide,-2.965352995662799,-2.870582407565919,-0.04459771657289957,-0.04559771657289957,-0.03229394275172959,-0.013303773821169984
ABT,2022-06-09,2022-06-16,market_wide,-3.4075780660864887,-2.7381705342061635,-0.09440163396933132,-0.09540163396933132,-0.07870082524474953,-0.016700808724581795
ABT,2022-06-17,2022-06-27,market_wide,-2.417918152499896,-2.576316026399646,0.06388375213112596,0.06288375213112596,0.05620308454609346,0.006680667585032496
ABT,2022-07-12,2022-07-19,market_wide,-2.3054875025509998,-2.0120872109975023,0.019562485381008132,0.01856248538100813,0.034604525058906876,-0.016042039677898745
ABT,2022-08-08,2022-08-15,idiosyncratic,-2.2710874581184863,-0.17672074995881287,0.02660557864099955,0.02560557864099955,0.036441606365581025,-0.010836027724581476
ABT,2022-08-22,2022-08-29,market_wide,-3.59865164105453,-2.4935361414568304,-0.05221021569762818,-0.05321021569762818,-0.02949948926801116,-0.023710726429617024
ABT,2022-08-30,2022-09-07,market_wide,-2.769470013833166,-3.3528552577824726,0.024461781286107653,0.023461781286107652,-0.0016126943355703194,0.025074475621677972
ABT,2022-09-16,2022-09-23,market_wide,-2.4042640217889923,-3.4522008843901566,-0.03192302488639165,-0.03292302488639165,-0.04652463518869698,0.013601610302305334
ABT,2022-09-26,2022-10-03,market_wide,-3.4078950699398245,-3.9335842283467306,-0.003205057791931476,-0.004205057791931476,0.011711656124198111,-0.015916713916129588
ABT,2022-10-19,2022-10-26,market_wide,-4.403239470716553,-1.1975463093503504,0.0031596018342467946,0.0021596018342467946,0.05217353282977211,-0.05001393099552531
ABT,2022-12-06,2022-12-13,market_wide,-2.920877536233763,-2.756861651068536,0.0738494293349714,0.0728494293349714,0.0223402892485165,0.05050914008645491
ABT,2022-12-20,2022-12-28,market_wide,-2.006202460440376,-3.077408095802888,0.012583544499252808,0.011583544499252807,-0.00510459860199286,0.016688143101245667
ABT,2023-01-25,2023-02-01,idiosyncratic,-3.3372284510292167,-0.06812831899609685,0.007387304959131535,0.006387304959131535,0.031694100122239055,-0.02530679516310752
ABT,2023-02-06,2023-02-13,market_wide,-2.5507129128005332,-1.1939843545182578,-0.0201356112580936,-0.0211356112580936,0.005459505696262523,-0.026595116954356124
ABT,2023-02-14,2023-02-22,market_wide,-3.051662778980319,-1.2288710088106742,-0.04260686504678546,-0.04360686504678546,-0.033649965853896235,-0.009956899192889224
ABT,2023-02-23,2023-03-02,market_wide,-3.3942296026114818,-2.489148084964025,0.0007800242771960342,-0.00021997572280396584,0.00097862330597831,-0.0011985990287822759
ABT,2023-03-07,2023-03-14,market_wide,-3.0740399503200946,-1.9045378780038296,-0.014302918509980556,-0.015302918509980556,-0.023092311037005597,0.007789392527025041
ABT,2023-03-15,2023-03-22,market_wide,-2.7068175058750334,-2.26337203157045,-0.009611229018752221,-0.010611229018752222,0.011570722087995478,-0.0221819511067477
ABT,2023-03-23,2023-03-30,market_wide,-2.7511687423655653,-1.2535112812658695,0.02102230568095953,0.02002230568095953,0.027034529536496654,-0.007012223855537125
ABT,2023-05-11,2023-05-18,market_wide,-2.6187505196704173,-1.1744444685071997,-0.014357123064624555,-0.015357123064624556,0.015549081981437007,-0.030906205046061563
ABT,2023-05-19,2023-05-26,idiosyncratic,-2.5858433927760816,-0.2391402743785529,-0.055631915363168805,-0.056631915363168805,-0.005799243907689489,-0.05083267145547932
ABT,2023-05-30,2023-06-06,idiosyncratic,-2.810026128610149,0.04560080195040485,0.008946999071186568,0.007946999071186567,0.010318286179543223,-0.0023712871083566567
ABT,2023-06-07,2023-06-14,idiosyncratic,-3.289736504827088,-0.24523757393860515,0.01564018456971783,0.014640184569717829,0.021960627093134955,-0.0073204425234171255
ABT,2023-07-07,2023-07-14,market_wide,-4.5143066926561985,-1.2262681408934235,0.01972376084849814,0.01872376084849814,0.03355804535030349,-0.01483428450180535
ABT,2023-08-02,2023-08-09,market_wide,-2.755979982387754,-3.7911654185072816,-0.030565384472177604,-0.031565384472177604,-0.019635203578654226,-0.011930180893523379
ABT,2023-08-10,2023-08-17,market_wide,-2.978196538937738,-2.7586605690552566,0.0018140417969310096,0.0008140417969310096,-0.018344004342119136,0.019158046139050144
ABT,2023-08-18,2023-08-25,market_wide,-3.637263537061981,-3.2652716221691187,0.00482109362954275,0.0038210936295427498,-0.0023146349939345834,0.006135728623477333
ABT,2023-08-28,2023-09-05,market_wide,-4.332914567369074,-1.4476765755526873,-0.018581573675708896,-0.019581573675708897,0.010415801789009027,-0.029997375464717924
ABT,2023-09-07,2023-09-14,market_wide,-3.409445121314087,-1.25370972786991,0.01966810605478786,0.01866810605478786,0.01694321554317857,0.0017248905116092894
ABT,2023-09-18,2023-09-25,market_wide,-2.1456562188147377,-2.600067591487984,-0.034950425532804474,-0.035950425532804475,-0.02583561828739167,-0.010114807245412805
ABT,2023-09-26,2023-10-03,market_wide,-3.4277845668545113,-3.5192247625751407,-0.004572173836282278,-0.005572173836282278,-0.01582444996099841,0.010252276124716131
ABT,2023-10-04,2023-10-11,market_wide,-2.9489362552099214,-3.0441822735232367,-0.03146893283760133,-0.03246893283760133,0.012296151958780754,-0.04476508479638208
ABT,2023-10-27,2023-11-03,market_wide,-2.062053795523258,-3.2173906629874165,0.03220248180710095,0.031202481807100946,0.059817263040834456,-0.02861478123373351
ABT,2024-01-24,2024-01-31,idiosyncratic,-6.067790820056699,0.12426029443943407,0.02148608047609568,0.02048608047609568,-0.004195726671805677,0.024681807147901358
ABT,2024-02-02,2024-02-09,idiosyncratic,-2.1077346224961593,0.9464591581422528,-0.002676053621730956,-0.003676053621730956,0.00487951350714555,-0.008555567128876507
ABT,2024-02-12,2024-02-20,idiosyncratic,-2.062738927030529,-0.04189968920479205,0.03652351485546301,0.03552351485546301,-0.001604896368601394,0.037128411224064406
ABT,2024-03-15,2024-03-22,market_wide,-5.766042530732131,-1.8094260105114082,-0.04260108380231664,-0.04360108380231664,0.020135157230499745,-0.06373624103281639
ABT,2024-04-01,2024-04-08,idiosyncratic,-2.0688339265007873,-0.22354889878084452,-0.014006436411041157,-0.015006436411041157,-0.016126270875302273,0.0011198344642611158
ABT,2024-04-10,2024-04-17,market_wide,-2.1537055699034657,-3.087224644894863,-0.042680603079949475,-0.043680603079949476,-0.029127634963963422,-0.014552968115986054
ABT,2024-04-18,2024-04-25,market_wide,-4.073246749045744,-2.822868494538,0.015103964737560593,0.014103964737560593,0.016704644860277007,-0.0026006801227164145
ABT,2024-04-30,2024-05-07,market_wide,-3.1004753017410036,-1.8016685979831315,0.001887373458730579,0.000887373458730579,0.012010986128602186,-0.011123612669871608
ABT,2024-05-08,2024-05-15,idiosyncratic,-3.9996132435082106,0.008607999194473514,-0.0033353029724376704,-0.00433530297243767,0.030997051837504452,-0.035332354809942124
ABT,2024-05-17,2024-05-24,idiosyncratic,-3.1288000361821298,-0.05878575210887746,-0.0013449543619119542,-0.002344954361911954,-0.016753858556146417,0.014408904194234462
ABT,2024-05-29,2024-06-05,market_wide,-4.512655271877889,-2.2242853859109832,0.02481892438120825,0.02381892438120825,0.01638352420857836,0.007435400172629891
ABT,2024-06-13,2024-06-21,idiosyncratic,-2.005338249983351,0.194438027157332,0.021943093798098,0.020943093798098,0.01473777256671327,0.006205321231384731
ABT,2024-06-28,2024-07-08,market_wide,-2.495858858031483,-1.1896143864142423,-0.01722651479961035,-0.01822651479961035,0.0019274141679181955,-0.020153928967528545
ABT,2024-07-09,2024-07-16,idiosyncratic,-3.2489708473684087,0.12139718921783131,0.015987341128694377,0.014987341128694376,0.03237545991901691,-0.017388118790322538
ABT,2024-07-18,2024-07-25,market_wide,-4.182935700691507,-3.051429231880509,0.0588587300324106,0.0578587300324106,-0.02024541021645354,0.07810414024886414
ABT,2024-09-19,2024-09-26,idiosyncratic,-2.4387915921759697,0.9777027898286718,-0.01243968804530271,-0.013439688045302711,0.016998911762935665,-0.030438599808238376
ABT,2024-09-27,2024-10-04,idiosyncratic,-2.9115164068364643,-0.16417577093058006,0.0018677584556316962,0.0008677584556316962,-0.001106335156245919,0.001974093611877615
ABT,2024-10-24,2024-10-31,market_wide,-2.24694732756151,-1.8605982843947315,-0.0272009780969793,-0.0282009780969793,-0.016320407126062086,-0.011880570970917215
ABT,2024-11-15,2024-11-22,market_wide,-2.4060584375094467,-1.1183929397704284,0.016048320615787537,0.015048320615787536,0.017695208752894764,-0.0026468881371072284
ABT,2024-12-02,2024-12-09,idiosyncratic,-2.0689938245822694,0.19275818041022316,-0.0163513834411958,-0.0173513834411958,-0.005853037085445489,-0.01149834635575031
ABT,2024-12-10,2024-12-17,market_wide,-2.375267589202476,-1.4089435781331543,-0.019134088141690486,-0.020134088141690487,-0.014952141076635006,-0.005181947065055481
ABT,2024-12-18,2024-12-26,market_wide,-3.426856981862813,-11.988406310409376,0.02984010608281129,0.02884010608281129,0.015415493568964989,0.013424612513846301
ABT,2024-12-30,2025-01-07,market_wide,-2.12935417572142,-2.1875699562397295,0.005319249380301816,0.004319249380301816,0.011117630872415463,-0.006798381492113647
ABT,2025-01-10,2025-01-17,market_wide,-3.3644847455780713,-3.525253291581663,0.015720039841050415,0.014720039841050414,0.03734305494655654,-0.022623015105506128
ABT,2025-03-06,2025-03-13,market_wide,-2.576254112057208,-3.8328217183038378,-0.0384218353936554,-0.0394218353936554,-0.03487404548283446,-0.004547789910820943
ABT,2025-03-14,2025-03-21,market_wide,-3.850159572774322,-2.2351998261137296,-0.0029201392003681548,-0.003920139200368155,0.0010609447163514307,-0.0049810839167195855
ABT,2025-03-24,2025-03-31,idiosyncratic,-2.8467938894084304,1.6787783345653342,0.042763821111831524,0.04176382111183152,-0.020463298915559314,0.062227120027390836
ABT,2025-04-04,2025-04-11,market_wide,-2.9640627654147065,-6.375232148645987,0.019607855549089725,0.018607855549089725,0.033618889686305,-0.015011034137215273
ABT,2025-05-13,2025-05-20,idiosyncratic,-3.8181599763236824,0.46820725449365835,0.047655878334000645,0.046655878334000644,0.015549021408076902,0.031106856925923743
ABT,2025-06-16,2025-06-24,idiosyncratic,-2.16082392321684,-0.2758724517301551,0.030370914806483684,0.029370914806483683,0.011462950886544698,0.017907963919938985
ABT,2025-06-26,2025-07-03,idiosyncratic,-2.105764194142995,1.0260658701791567,0.005760656816237608,0.004760656816237608,0.03248281982664447,-0.027722163010406864
ABT,2025-07-09,2025-07-16,idiosyncratic,-2.8990315150076524,-0.2097672562924087,-0.006670369877289084,-0.007670369877289084,-0.015458420250650584,0.0077880503733615
ABT,2025-07-17,2025-07-24,idiosyncratic,-14.717419744895835,1.063936746466956,0.04256915860863919,0.04156915860863919,-0.007814410630712643,0.04938356923935183
ABT,2025-08-13,2025-08-20,idiosyncratic,-2.0656320921583466,0.39507441659212533,0.02349316216687547,0.02249316216687547,-0.0015495466180719397,0.02404270878494741
ABT,2025-09-10,2025-09-17,idiosyncratic,-6.041782158039724,0.6164703174665829,0.03718309852355928,0.036183098523559276,0.007487671442564459,0.028695427080994818
ABT,2025-09-29,2025-10-06,market_wide,-2.155926412120346,-1.0539663576298748,0.00473305381778677,0.00373305381778677,0.02115594028576262,-0.01742288646797585
ABT,2025-10-10,2025-10-17,market_wide,-3.746502640518284,-5.68383549640935,-0.026087545322975192,-0.027087545322975193,0.029858841524197155,-0.05694638684717235
ABT,2025-10-21,2025-10-28,idiosyncratic,-2.9863003387055307,-0.29884402536171667,-0.007291835116407519,-0.00829183511640752,0.009167258297747782,-0.017459093414155302
ABT,2025-10-29,2025-11-05,idiosyncratic,-4.567751735245107,0.03792004188813544,0.0008840398855314291,-0.00011596011446857093,-0.008338356915737588,0.008222396801269016
ABT,2025-11-20,2025-11-28,market_wide,-3.2274345637951596,-3.7371940755908053,0.03976767820122307,0.038767678201223066,0.04947522596131604,-0.010707547760092972
ABT,2025-12-02,2025-12-09,idiosyncratic,-2.0510688497237144,-0.17775699864552386,-0.04013613841514019,-0.04113613841514019,0.00795124775245215,-0.04908738616759234
ABT,2025-12-10,2025-12-17,idiosyncratic,-2.4067021766831216,0.6086682882328367,0.03394525600605158,0.03294525600605158,-0.019662787683257243,0.052608043689308825
ABT,2025-12-24,2026-01-02,idiosyncratic,-2.1233274323163873,0.4059614685788712,-0.0049675541791038835,-0.0059675541791038835,0.002670685595058675,-0.00863823977416256
ABT,2026-01-12,2026-01-20,idiosyncratic,-2.799038693616981,0.29605661939623573,-0.023157548995108357,-0.024157548995108358,-0.014598913951669346,-0.009558635043439012
ABT,2026-01-21,2026-01-28,market_wide,-3.3721691460724816,-1.9742207346404974,-0.12159366734339672,-0.12259366734339672,-0.0025715751360573247,-0.12002209220733939
ABT,2026-01-29,2026-02-05,idiosyncratic,-2.3615960011827966,-0.27411598485905775,0.02818370435931472,0.02718370435931472,0.0069068394077478334,0.020276864951566886
ABT,2026-03-04,2026-03-11,market_wide,-2.199415550468539,-2.189709331305282,-0.02519891822884479,-0.026198918228844792,-0.0179874501224917,-0.008211468106353093
ABT,2026-03-12,2026-03-19,market_wide,-3.4083885504934037,-4.342100128048479,-0.008784853772385581,-0.009784853772385582,-0.008462642033289391,-0.0013222117390961907
ABT,2026-03-20,2026-03-27,market_wide,-4.440360383655449,-4.110187727443933,-0.013938962390851128,-0.01493896239085113,-0.009045239021136409,-0.005893723369714721
ABT,2026-03-30,2026-04-07,market_wide,-3.522512709164977,-3.5873553721935623,-0.0004908023324152744,-0.0014908023324152744,0.027761586697680363,-0.029252389030095638
ABT,2026-04-10,2026-04-17,idiosyncratic,-4.738202530211041,-0.028891976637060873,-0.028740354542566515,-0.029740354542566516,0.032673453458745394,-0.06241380800131191
ABT,2026-04-20,2026-04-27,idiosyncratic,-2.9310340948156863,-0.08193890414685506,-0.033333247957667345,-0.034333247957667345,0.004925541448119075,-0.03925878940578642
ABT,2026-04-30,2026-05-07,idiosyncratic,-2.9741875730386877,0.8366573032479239,-0.04163450268467872,-0.04263450268467872,0.025119343876464528,-0.06775384656114325
ABT,2026-05-08,2026-05-15,idiosyncratic,-3.614094131830389,0.48674962226198676,0.0017789769251510545,0.0007789769251510545,0.0018396254732351291,-0.0010606485480840746
ABT,2026-05-29,2026-06-05,idiosyncratic,-2.1779503070615873,0.288667800635836,0.06390182963539526,0.06290182963539526,-0.020983712467135818,0.08388554210253107
ABT,2026-06-22,2026-06-29,market_wide,-2.910291866337532,-1.0268231793779723,0.05556182531550591,0.05456182531550591,-0.020733556679935483,0.07529538199544139
ABT,2026-07-15,2026-07-22,idiosyncratic,-2.534996456973863,-0.041213764318671096,0.12658231742675308,0.12558231742675308,0.01589567245315049,0.10968664497360259
ABT,2026-08-27,2026-09-03,market_wide,-2.194082660629851,-1.2911161730756897,-0.025091813910316785,-0.026091813910316786,-0.004954093942581506,-0.02113771996773528
ABT,2026-09-08,2026-09-15,market_wide,-3.7069191379370356,-2.020110400694813,-0.033074279518552796,-0.0340742795185528,-0.013974664666982162,-0.020099614851570635
TGT,2015-07-21,2015-07-28,idiosyncratic,-4.754561777032477,-0.2802977753283274,-0.021268774148322178,-0.02226877414832218,-0.008262006227134466,-0.014006767921187713
TGT,2015-08-03,2015-08-10,market_wide,-2.8309253551150797,-1.60161552338621,-0.017663811213085467,-0.01866381121308547,0.0015185990269090954,-0.020182410239994564
TGT,2015-08-11,2015-08-18,market_wide,-2.6970189618854734,-2.1455369210613595,0.025367266045142056,0.024367266045142055,0.001450386123491798,0.022916879921650257
TGT,2015-08-21,2015-08-28,market_wide,-2.4033687281257454,-6.729667851884725,-0.004719613605706052,-0.005719613605706052,0.01320696680000677,-0.018926580405712823
TGT,2015-09-01,2015-09-09,market_wide,-2.421424342725026,-2.485066512955967,0.023478790674396288,0.022478790674396287,0.01407459436125058,0.008404196313145706
TGT,2015-09-18,2015-09-25,market_wide,-2.8922448922885087,-1.6085967929003713,0.03171458263189386,0.03071458263189386,-0.01641287146824133,0.04712745410013519
TGT,2015-10-06,2015-10-13,idiosyncratic,-2.093449142112515,-0.22081477766075447,0.0110120133591729,0.0100120133591729,0.01515370071587352,-0.005141687356700619
TGT,2015-10-15,2015-10-22,idiosyncratic,-4.402780002214416,0.27474189938419286,0.026354246043622576,0.025354246043622575,0.01918206243753695,0.006172183606085624
TGT,2015-10-23,2015-10-30,idiosyncratic,-3.3754662283617063,1.3156514863680895,0.05812990479338809,0.05712990479338809,-0.002313794610350195,0.05944369940373828
TGT,2015-11-11,2015-11-18,market_wide,-4.653900772446499,-3.009390623740097,-0.06066719551862221,-0.06166719551862221,-0.0006150421658128735,-0.061052153352809335
TGT,2015-12-08,2015-12-15,market_wide,-2.0949675969184396,-2.8121510463622283,0.004404128434872812,0.0034041284348728116,-0.018059544430949925,0.021463672865822736
TGT,2015-12-17,2015-12-24,market_wide,-2.239018968733951,-1.9848084437684954,0.01161395205574145,0.010613952055741449,0.014068702409656186,-0.0034547503539147373
TGT,2016-01-08,2016-01-15,market_wide,-5.061984449780905,-3.7418658960674605,-0.01821238883125409,-0.01921238883125409,-0.021130179028926555,0.0019177901976724643
TGT,2016-01-19,2016-01-26,market_wide,-3.436289851211675,-2.794921964813587,0.017331471524757003,0.016331471524757002,0.0037037100594423666,0.012627761465314635
TGT,2016-02-05,2016-02-12,market_wide,-2.5099139550628573,-2.809215653669104,0.01395050231210515,0.01295050231210515,0.004471492162728907,0.008479010149376243
TGT,2016-04-05,2016-04-12,market_wide,-2.3896104157680136,-2.0147098910471146,-0.016077923309175457,-0.017077923309175458,0.005581260446343439,-0.022659183755518897
TGT,2016-04-28,2016-05-05,market_wide,-4.3109594100329875,-3.618730925190679,-0.03934577491099933,-0.04034577491099933,-0.02994472563862749,-0.010401049272371843
TGT,2016-05-06,2016-05-13,market_wide,-2.6682274634824856,-2.192832516430353,-0.06172199208027063,-0.06272199208027063,-0.009475802021161939,-0.05324619005910869
TGT,2016-05-16,2016-05-23,market_wide,-2.1491768215491063,-1.351331449944964,-0.08953253139134276,-0.09053253139134276,-0.00440041879736941,-0.08613211259397335
TGT,2016-05-27,2016-06-06,idiosyncratic,-2.085724510393639,0.46671972758941366,-0.0013063324802264908,-0.002306332480226491,0.006188661495524883,-0.008494993975751375
TGT,2016-06-07,2016-06-14,idiosyncratic,-2.787527145771698,0.185768331745397,-0.02198113598681184,-0.02298113598681184,-0.020887702394360108,-0.0020934335924517322
TGT,2016-06-15,2016-06-22,market_wide,-2.127676044288331,-3.1973044524019527,0.023636319578882237,0.022636319578882236,0.013485839117126863,0.009150480461755373
TGT,2016-08-02,2016-08-09,market_wide,-3.125766797197653,-4.757484919922024,-0.017323217572854044,-0.018323217572854045,0.015337878675840244,-0.03366109624869429
TGT,2016-08-19,2016-08-26,market_wide,-2.7812293035390017,-1.2603483104236284,0.0032796816403271034,0.0022796816403271034,-0.005244531175003009,0.007524212815330112
TGT,2016-08-29,2016-09-06,market_wide,-2.144557552702427,-1.224577432161158,-0.013370988779477289,-0.01437098877947729,-0.006372155689425285,-0.007998833090052004
TGT,2016-09-07,2016-09-14,idiosyncratic,-2.9036449953226184,-0.03149977901989039,-0.0298721874334249,-0.030872187433424902,-0.026479295286629068,-0.004392892146795835
TGT,2016-09-19,2016-09-26,market_wide,-2.5386604349175173,-1.8151344527190296,-0.02424110394232859,-0.02524110394232859,-0.0014661964818907247,-0.023774907460437866
TGT,2016-09-29,2016-10-06,market_wide,-2.5468605362981154,-1.7522518539279888,0.010188958310106022,0.009188958310106021,0.0004666839374256604,0.008722274372680361
TGT,2016-10-12,2016-10-19,market_wide,-2.4574873525238887,-3.0486929421193127,-0.004862775884341364,-0.005862775884341364,0.0020919001610206767,-0.007954676045362041
TGT,2016-10-20,2016-10-27,market_wide,-2.1814111763020265,-1.839448242888559,-0.001329267339119533,-0.002329267339119533,0.003175021976867143,-0.005504289315986676
TGT,2016-11-03,2016-11-10,market_wide,-5.039747807304774,-3.886500827604309,0.05804734094400388,0.05704734094400388,0.04303294250592571,0.014014398438078168
TGT,2016-12-06,2016-12-13,idiosyncratic,-2.7081897547317806,0.3027208781308146,0.011722933336331343,0.010722933336331342,0.031998235555761756,-0.021275302219430414
TGT,2016-12-22,2016-12-30,market_wide,-10.594921640089128,-1.3118365927375089,-0.020477443896197323,-0.021477443896197324,-0.013872847686473566,-0.007604596209723757
TGT,2017-01-03,2017-01-10,market_wide,-2.2800408216467933,-1.2729285172759353,-0.018144341562746025,-0.019144341562746026,0.004502931671207522,-0.023647273233953547
TGT,2017-01-11,2017-01-19,idiosyncratic,-2.5258052940728786,-0.08996351199661927,-0.08685922615634678,-0.08785922615634678,-0.012190639488858901,-0.07566858666748788
TGT,2017-01-20,2017-01-27,market_wide,-3.6628609851889173,-1.140537429239024,-0.006240031230829279,-0.007240031230829279,-0.0007554359384317477,-0.006484595292397532
TGT,2017-01-30,2017-02-06,market_wide,-2.5724566011969174,-1.469175545671873,-0.010917027089710318,-0.01191702708971032,-0.0016169147947672213,-0.010300112294943098
TGT,2017-02-23,2017-03-02,idiosyncratic,-2.0073815114727083,-0.020447569050299184,-0.108187396588039,-0.109187396588039,0.004185691075948572,-0.11337308766398757
TGT,2017-03-06,2017-03-13,market_wide,-2.5638378857225046,-1.5362376032271767,-0.016221070478983135,-0.017221070478983136,-0.00019784886813678515,-0.01702322161084635
TGT,2017-03-14,2017-03-21,market_wide,-2.8013389316100814,-2.852884317781265,-0.024840195123646436,-0.025840195123646437,-0.0035805894251358383,-0.0222596056985106
TGT,2017-03-22,2017-03-29,market_wide,-3.0599555351975614,-3.072988839493807,0.029301530195008807,0.028301530195008806,0.006843754258453849,0.021457775936554957
TGT,2017-04-05,2017-04-12,market_wide,-2.850477363067206,-1.6450856297494976,0.012322191773252777,0.011322191773252777,-0.008598924088717541,0.019921115861970318
TGT,2017-04-13,2017-04-21,market_wide,-2.307314576160112,-6.369539078913609,0.02603470434581512,0.025034704345815117,0.01383505738400359,0.011199646961811527
TGT,2017-05-12,2017-05-19,market_wide,-2.776402793234123,-1.4736726826919702,0.01431165428217418,0.013311654282174179,-0.0034887447498186397,0.01680039903199282
TGT,2017-05-23,2017-05-31,idiosyncratic,-3.1724125457061567,-0.16956114350724752,0.012112060467792007,0.011112060467792007,0.016651734589138156,-0.00553967412134615
TGT,2017-06-16,2017-06-23,market_wide,-3.8783152747304928,-1.701501451258228,-0.035164453727716816,-0.03616445372771682,0.012087030288887135,-0.04825148401660395
TGT,2017-06-27,2017-07-05,market_wide,-2.018010880846489,-5.685707496843032,0.0017285421631139108,0.0007285421631139108,-0.0015690653398161558,0.0022976075029300666
TGT,2017-07-07,2017-07-14,market_wide,-2.374267086042387,-1.3991080647636391,0.042294877026342714,0.04129487702634271,0.017059381445519772,0.02423549558082294
TGT,2017-08-10,2017-08-17,market_wide,-3.646636563188053,-13.125030658286498,0.019990562298948467,0.018990562298948466,0.007207192371785798,0.011783369927162668
TGT,2017-08-18,2017-08-25,market_wide,-2.0590461176045287,-2.9771997997229644,-0.011500463030375663,-0.012500463030375664,0.0037825368368775703,-0.016282999867253234
TGT,2017-08-28,2017-09-05,market_wide,-2.386761270903857,-1.4969953909598352,0.05345331244794993,0.05245331244794993,0.017239168872802857,0.03521414357514707
TGT,2017-09-26,2017-10-03,market_wide,-2.2068758156641124,-2.1125162053687103,-0.00017057878420667638,-0.0011705787842066764,0.019866275263690225,-0.021036854047896902
TGT,2017-10-04,2017-10-11,idiosyncratic,-2.1626530506475157,0.22156220823662906,0.008353195674545288,0.007353195674545288,0.003229939479952426,0.004123256194592862
TGT,2017-10-27,2017-11-03,idiosyncratic,-2.4644236789615612,0.9259572073837282,-0.014935340922140772,-0.015935340922140773,0.0019150176381499406,-0.017850358560290713
TGT,2017-11-06,2017-11-13,idiosyncratic,-2.331124811705728,0.40149032286691055,0.01872171748783802,0.017721717487838018,0.010380446133937848,0.0073412713539001695
TGT,2017-11-15,2017-11-22,market_wide,-6.217434905209534,-4.93150654129651,0.06148434749477061,0.06048434749477061,0.019220709683339665,0.04126363781143094
TGT,2017-11-24,2017-12-01,idiosyncratic,-2.294550639451824,0.3674730212591261,0.06496036309992137,0.06396036309992137,0.017341262890982145,0.046619100208939224
TGT,2018-01-30,2018-02-06,market_wide,-3.251786466548179,-1.66859250988676,-0.031824169647489575,-0.032824169647489576,-0.052553358969766095,0.01972918932227652
TGT,2018-02-08,2018-02-15,market_wide,-2.8914650886155844,-3.6164608099849005,0.06932907255793141,0.06832907255793141,0.05503250659278214,0.013296565965149276
TGT,2018-03-01,2018-03-08,market_wide,-2.2850803102916046,-3.9812440361865047,-0.05908496946238395,-0.06008496946238395,0.023220890161502084,-0.08330585962388604
TGT,2018-03-09,2018-03-16,idiosyncratic,-2.805115869928124,0.33485574192695866,0.007093146543051043,0.006093146543051043,-0.006489308823711459,0.012582455366762502
TGT,2018-03-19,2018-03-26,market_wide,-3.2664861794148674,-3.147784738421913,-0.0008529402987383916,-0.0018529402987383916,-0.02855962058278938,0.026706680284050988
TGT,2018-03-27,2018-04-04,market_wide,-2.771207894881334,-2.6497193418988,0.048898313223205925,0.047898313223205924,0.019879477241686372,0.028018835981519552
TGT,2018-04-20,2018-04-27,market_wide,-4.053309104785528,-1.0473235842208724,0.03597802220278812,0.03497802220278812,-0.004337780351311937,0.039315802554100054
TGT,2018-05-03,2018-05-10,market_wide,-2.0401954367248942,-3.3262397910267403,-0.012790025531152271,-0.013790025531152272,0.04128057349158598,-0.055070599022738254
TGT,2018-05-11,2018-05-18,idiosyncratic,-2.1517709707303765,0.29349453277465987,0.09026887271450024,0.08926887271450024,0.010115269805808902,0.07915360290869133
TGT,2018-05-25,2018-06-04,market_wide,-2.2324777236007076,-1.549895827239118,0.07218068868838534,0.07118068868838534,0.010887533351182643,0.0602931553372027
TGT,2018-06-19,2018-06-26,market_wide,-3.5078787068846116,-1.9887020574714904,-0.00313450510816049,-0.00413450510816049,-0.01985129165115318,0.01571678654299269
TGT,2018-06-28,2018-07-06,market_wide,-2.7391541157571044,-2.3588497525630077,0.015740551268840886,0.014740551268840885,0.019619549736918263,-0.004878998468077378
TGT,2018-07-12,2018-07-19,idiosyncratic,-2.0648012110657845,0.139707744914787,0.025621080998188495,0.024621080998188494,0.002749155829858685,0.02187192516832981
TGT,2018-09-14,2018-09-21,idiosyncratic,-2.0610251267124786,0.0465144852278524,-0.007163731389317474,-0.008163731389317475,0.01370553681698583,-0.021869268206303305
TGT,2018-10-04,2018-10-11,market_wide,-4.99780229467617,-3.825557992310009,-0.0240451123210339,-0.025045112321033902,-0.062457405017918854,0.03741229269688495
TGT,2018-10-12,2018-10-19,market_wide,-2.282966711370826,-2.4215437143315577,-0.030611502361475917,-0.03161150236147592,-0.005293656942640723,-0.026317845418835195
TGT,2018-10-22,2018-10-29,market_wide,-2.025294217839758,-2.458645001709018,0.010452661094027649,0.009452661094027648,-0.043292757693662476,0.052745418787690124
TGT,2018-11-13,2018-11-20,market_wide,-2.5914844222992848,-2.1073185877790293,-0.17454192873793195,-0.17554192873793195,-0.02632263212191044,-0.1492192966160215
TGT,2018-11-21,2018-11-29,market_wide,-3.2136619713589494,-3.0652324949074514,0.02757710433764715,0.02657710433764715,0.03629781616295413,-0.009720711825306982
TGT,2018-11-30,2018-12-10,idiosyncratic,-2.0156319963624783,0.24686363646283607,-0.037204326923237496,-0.0382043269232375,-0.05093267170033944,0.012728344777101941
TGT,2018-12-11,2018-12-18,market_wide,-3.5815625089979135,-2.965346247331734,-0.022012726630047053,-0.023012726630047053,-0.03118338101337148,0.008170654383324427
TGT,2018-12-19,2018-12-27,market_wide,-4.099601869728414,-3.6776709497092295,0.02992207488815124,0.02892207488815124,0.005320578257500763,0.023601496630650476
TGT,2019-02-12,2019-02-20,idiosyncratic,-2.839244761026573,0.3562917204960166,0.041819885586514616,0.040819885586514615,0.010064304767581689,0.030755580818932926
TGT,2019-04-26,2019-05-03,idiosyncratic,-6.995666864242132,0.37277107423616623,-0.015301096921469859,-0.01630109692146986,0.009169767373288451,-0.02547086429475831
TGT,2019-05-07,2019-05-14,market_wide,-2.780991054156235,-6.097219321130673,-0.04181775074174243,-0.04281775074174243,-0.013816298420802342,-0.02900145232094009
TGT,2019-05-15,2019-05-22,market_wide,-2.998067337394141,-2.1508835751026147,0.0953253179916751,0.0943253179916751,-0.009370988625315269,0.10369630661699036
TGT,2019-06-19,2019-06-26,idiosyncratic,-2.1371894374696283,0.2505404159483009,-0.006615571143551935,-0.007615571143551935,0.009048038313578255,-0.01666360945713019
TGT,2019-06-27,2019-07-05,market_wide,-2.6579092252794996,-1.179306610930179,0.03225787556277271,0.03125787556277271,0.018243096968983075,0.013014778593789633
TGT,2019-07-10,2019-07-17,idiosyncratic,-2.5658587248141065,-0.05953053418559511,0.02341256145489523,0.02241256145489523,0.0038184851331337644,0.018594076321761466
TGT,2019-07-26,2019-08-02,idiosyncratic,-3.0029722841427318,0.3948758942128941,-0.06363424036007026,-0.06463424036007026,-0.037915276658552544,-0.026718963701517717
TGT,2019-08-05,2019-08-12,market_wide,-3.3765169805315347,-5.8328440023163655,0.01534850532363996,0.01434850532363996,0.011524423977346654,0.0028240813462933056
TGT,2019-08-14,2019-08-21,market_wide,-2.8663190125343903,-3.3374642325498534,0.26744667083050055,0.26644667083050055,0.04236953030618684,0.2240771405243137
TGT,2019-09-17,2019-09-24,idiosyncratic,-2.5779803366508824,-0.11182175256897908,0.0015847145015162045,0.0005847145015162045,-0.01326276475762267,0.013847479259138873
TGT,2019-09-25,2019-10-02,market_wide,-2.508916669289795,-1.8725264326023985,-0.01535570219325011,-0.01635570219325011,-0.0387329080741462,0.02237720588089609
TGT,2019-10-03,2019-10-10,market_wide,-2.0839631978015984,-2.796935633521734,0.0370474502617284,0.0360474502617284,0.006633102755176479,0.02941434750655192
TGT,2019-10-23,2019-10-30,idiosyncratic,-2.020939466132114,-0.03851967435812911,-0.03080118184500802,-0.03180118184500802,0.016052287715903057,-0.04785346956091108
TGT,2019-11-01,2019-11-08,idiosyncratic,-2.4638977776744886,0.9387323129606959,0.021610135889052806,0.020610135889052805,0.027739160633894366,-0.007129024744841561
TGT,2019-12-05,2019-12-12,market_wide,-2.2732328667202006,-1.7469346855773367,0.02277803126991551,0.02177803126991551,0.02684092265777971,-0.005062891387864199
TGT,2020-01-02,2020-01-09,idiosyncratic,-8.02520171515549,1.094272975087849,-0.020385276150533094,-0.021385276150533095,0.0071667688120506945,-0.02855204496258379
TGT,2020-01-13,2020-01-21,idiosyncratic,-2.29045265096156,0.7345807320473029,-0.07935735486809115,-0.08035735486809115,0.006408710921880223,-0.08676606578997137
TGT,2020-01-22,2020-01-29,idiosyncratic,-2.669325048907098,-0.20200332481226171,0.0032484563680637013,0.0022484563680637013,-0.02630958277147344,0.02855803913953714
TGT,2020-01-31,2020-02-07,market_wide,-5.981928106889101,-3.5966880765369935,0.04397700118767944,0.04297700118767944,0.03084188954217537,0.01213511164550407
TGT,2020-02-24,2020-03-02,market_wide,-4.359865836001917,-7.995229010332425,-0.04148370182474581,-0.04248370182474581,-0.03722018447532904,-0.005263517349416769
TGT,2020-03-03,2020-03-10,market_wide,-2.307028361011613,-2.331570388599403,0.02352622570248597,0.02252622570248597,-0.02299334434742173,0.0455195700499077
TGT,2020-03-11,2020-03-18,market_wide,-2.1786669233688354,-3.3324420576564813,-0.026141298101753918,-0.02714129810175392,-0.08627648550751088,0.05913518740575696
TGT,2020-03-20,2020-03-27,market_wide,-2.1424619579749535,-3.1839472383642913,-0.027309988633971494,-0.028309988633971495,0.08122506379851502,-0.10953505243248651
TGT,2020-04-01,2020-04-08,market_wide,-2.088433509690172,-1.1614136307214746,0.09824688909899004,0.09724688909899004,0.11346411481648477,-0.016217225717494732
TGT,2020-04-23,2020-04-30,market_wide,-3.4155151924797185,-1.7847774778811605,0.05661465926689946,0.05561465926689946,0.04305690215948266,0.0125577571074168
TGT,2020-05-22,2020-06-01,idiosyncratic,-2.7447310531519324,-0.2930507894484424,0.01702258610622276,0.016022586106222758,0.03619495921276905,-0.020172373106546293
TGT,2020-06-11,2020-06-18,market_wide,-3.081245698618645,-3.034098724813358,-0.0060163648574544926,-0.007016364857454493,0.032490347591615176,-0.03950671244906967
TGT,2020-06-26,2020-07-06,market_wide,-3.0274289044144544,-3.721988424678125,0.018971347173338815,0.017971347173338814,0.04644216782719801,-0.028470820653859197
TGT,2020-07-08,2020-07-15,idiosyncratic,-3.1642853228997967,-0.1693398369404115,0.0337299851356927,0.032729985135692696,0.02397135306245901,0.008758632073233685
TGT,2020-09-02,2020-09-10,idiosyncratic,-3.1883682342700683,0.9376727357668452,-0.025360530151935623,-0.026360530151935624,-0.05170237102493802,0.025341840873002397
TGT,2020-10-22,2020-10-29,market_wide,-5.373013914357965,-2.305482281720766,-0.03352132782851969,-0.03452132782851969,-0.053360094318822604,0.018838766490302916
TGT,2020-10-30,2020-11-06,market_wide,-3.173787084699021,-3.0645501456694024,0.060964332406372446,0.059964332406372445,0.07742426146937897,-0.01745992906300653
TGT,2020-11-09,2020-11-16,idiosyncratic,-2.520517203873001,0.4859805951204291,0.06629626459608318,0.06529626459608318,0.027397795544010783,0.03789846905207239
TGT,2020-12-07,2020-12-14,idiosyncratic,-2.7380219065182114,-0.17302942868115578,-0.011104059194978588,-0.01210405919497859,-0.012961668906406931,0.0008576097114283421
TGT,2020-12-16,2020-12-23,idiosyncratic,-2.6478078011274566,0.0,0.018754415230666455,0.017754415230666454,-0.006521505636243208,0.02427592086690966
TGT,2021-01-25,2021-02-01,idiosyncratic,-2.3536266425720913,0.0544125200860924,-0.03460438288899459,-0.03560438288899459,-0.014928520310437787,-0.020675862578556803
TGT,2021-02-19,2021-02-26,market_wide,-2.3102886402807643,-1.2725696666014847,-0.028492701930371234,-0.029492701930371235,-0.02050309156782748,-0.008989610362543754
TGT,2021-03-02,2021-03-09,market_wide,-6.444406922912787,-1.4047062862726298,0.032797419934505134,0.03179741993450513,0.011454873998493431,0.020342545936011702
TGT,2021-04-26,2021-05-03,idiosyncratic,-3.7514157222718905,0.15339470218681234,0.03756805956405729,0.03656805956405729,0.01154801669229455,0.025020042871762738
TGT,2021-05-12,2021-05-19,market_wide,-3.5212857118648824,-7.250327227665126,0.08258439243698157,0.08158439243698157,0.02457754071166396,0.05700685172531761
TGT,2021-06-17,2021-06-24,market_wide,-2.4676438199818644,-1.7878716791663585,0.0372803694941386,0.0362803694941386,0.0075110386437815535,0.028769330850357044
TGT,2021-08-17,2021-08-24,market_wide,-7.050725339329604,-1.2249145905703105,-0.01570781332985094,-0.01670781332985094,-0.0059370233073372525,-0.010770790022513688
TGT,2021-08-27,2021-09-03,idiosyncratic,-2.438259550823624,0.4031662175115399,-0.019544201899650115,-0.020544201899650116,0.0029506563704639888,-0.023494858270114105
TGT,2021-09-09,2021-09-16,market_wide,-2.221571916406293,-2.0173648618299005,0.0061521102056203425,0.0051521102056203425,0.0004652363802100101,0.004686873825410332
TGT,2021-09-20,2021-09-27,market_wide,-2.918794053299903,-5.35368219580822,-0.014702254601965614,-0.015702254601965615,0.023729427657136037,-0.03943168225910165
TGT,2021-09-28,2021-10-05,market_wide,-5.335702669210372,-2.8177439256948373,-0.025188368347625056,-0.026188368347625057,-0.004540587391781314,-0.021647780955843743
TGT,2021-10-06,2021-10-13,market_wide,-2.439600470688771,-1.6098135743807016,0.043733173433872174,0.042733173433872174,0.0030948352920299183,0.039638338141842255
TGT,2021-11-05,2021-11-12,idiosyncratic,-3.7071308500998166,0.3557582131658672,0.022613633550667034,0.021613633550667033,0.01074617168507741,0.010867461865589623
TGT,2021-11-18,2021-11-26,idiosyncratic,-2.971497494365239,0.22925620875478459,-0.021741627118094353,-0.022741627118094354,-0.023968949948562135,0.0012273228304677808
TGT,2021-11-29,2021-12-06,market_wide,-2.3706544552510036,-1.6448373947045594,-0.02484337871491027,-0.02584337871491027,-0.015836431866724454,-0.010006946848185816
TGT,2021-12-08,2021-12-15,idiosyncratic,-3.2925451838652484,0.011914705052695094,-0.012312236009035082,-0.013312236009035083,0.02180872211360696,-0.03512095812264204
TGT,2021-12-17,2021-12-27,market_wide,-3.756470608225439,-1.6724532307565747,0.0035378420746894346,0.0025378420746894345,0.022212408251509386,-0.019674566176819952
TGT,2022-01-10,2022-01-18,market_wide,-2.0775492797396184,-2.6291479136697755,-0.032582855992676296,-0.0335828559926763,-0.016226065989879856,-0.01735679000279644
TGT,2022-01-19,2022-01-26,market_wide,-2.3345631943152805,-4.779684190609187,-0.05419064251747441,-0.05519064251747441,-0.026975102791456318,-0.02821553972601809
TGT,2022-01-27,2022-02-03,market_wide,-3.0664374847833304,-2.9026217980677873,0.004901610185687799,0.003901610185687799,0.03492712303239709,-0.03102551284670929
TGT,2022-02-07,2022-02-14,market_wide,-2.7522359171868325,-1.1370313340554705,-0.012873456302122444,-0.013873456302122444,-0.02468321596832912,0.010809759666206675
TGT,2022-02-15,2022-02-23,market_wide,-3.4925393074049773,-1.8516836248350905,-0.08340558938606768,-0.08440558938606768,-0.048053669052664616,-0.036351920333403065
TGT,2022-02-24,2022-03-03,market_wide,-3.1511600859022173,-2.8420718931833022,0.1685725029560421,0.1675725029560421,0.028514593276011357,0.13905790968003073
TGT,2022-03-31,2022-04-07,market_wide,-4.660278723766719,-1.3900445055151496,0.07525187018946311,0.07425187018946311,-0.00427481564392751,0.07852668583339062
TGT,2022-04-27,2022-05-04,market_wide,-3.0451535368757066,-2.988434364377649,0.02796876720005992,0.026968767200059918,0.03457076997601205,-0.0076020027759521325
TGT,2022-05-05,2022-05-12,market_wide,-2.8184502870688886,-2.870582407565919,-0.05845912028047362,-0.05945912028047362,-0.03229394275172959,-0.027165177528744033
TGT,2022-05-13,2022-05-20,market_wide,-2.3718768971664588,-2.3011440957695863,-0.29003619182682805,-0.29103619182682805,-0.03615614252497712,-0.25488004930185093
TGT,2022-05-23,2022-05-31,market_wide,-2.348226848980275,-1.8581556206291991,0.05185205370102186,0.05085205370102186,0.037449366659363825,0.013402687041658035
TGT,2022-06-07,2022-06-14,idiosyncratic,-2.2514345065819317,-0.19839902871722132,-0.0851391471608498,-0.0861391471608498,-0.08408529034544399,-0.002053856815405819
TGT,2022-06-15,2022-06-23,market_wide,-2.099721606584373,-2.3361315790612145,-0.004273226436543154,-0.005273226436543154,-0.008340112946257583,0.003066886509714429
TGT,2022-06-29,2022-07-07,market_wide,-2.334247970499987,-1.1744936804438761,0.05680096147523894,0.05580096147523894,0.01593243790029142,0.03986852357494752
TGT,2022-08-19,2022-08-26,market_wide,-2.6215408015713972,-1.0532144858529187,-0.03843375430185758,-0.03943375430185758,-0.044669877691605686,0.005236123389748104
TGT,2022-08-29,2022-09-06,market_wide,-3.233991544273181,-3.2039453696541242,0.03081463757354741,0.02981463757354741,-0.02657098492882548,0.05638562250237289
TGT,2022-09-16,2022-09-23,market_wide,-2.397750781115066,-3.4522008843901566,-0.0699612890144573,-0.07096128901445731,-0.04652463518869698,-0.024436653825760324
TGT,2022-09-26,2022-10-03,market_wide,-3.910883651670307,-3.9335842283467306,0.020711535950248328,0.019711535950248327,0.011711656124198111,0.007999879826050216
TGT,2022-10-14,2022-10-21,market_wide,-4.469264336932945,-2.496732199074482,0.09266228002435106,0.09166228002435106,0.05170912715046838,0.03995315287388268
TGT,2022-11-04,2022-11-11,market_wide,-2.4800107912588003,-2.1714849129597136,0.08576080659681984,0.08476080659681984,0.0648806679984184,0.01988013859840143
TGT,2022-11-16,2022-11-23,idiosyncratic,-2.840047965452964,-0.2787873325733805,0.05107110333470932,0.05007110333470932,0.02491057439381561,0.02516052894089371
TGT,2022-11-25,2022-12-02,idiosyncratic,-2.0778407175491407,-0.032767095337991915,0.00477424786211178,0.00377424786211178,-0.0016089395093269454,0.0053831873714387255
TGT,2022-12-05,2022-12-12,market_wide,-3.8542003509682448,-1.5350281320834345,-0.03162699911637723,-0.03262699911637723,0.005112492924208345,-0.037739492040585576
TGT,2022-12-14,2022-12-21,market_wide,-2.330554268210973,-1.409908623321389,-0.06694635074745647,-0.06794635074745647,-0.028921993021845283,-0.03902435772561119
TGT,2022-12-22,2022-12-30,market_wide,-3.0820041898199384,-2.6425800713850363,0.0544038677586709,0.0534038677586709,0.008844295407235858,0.04455957235143504
TGT,2023-02-09,2023-02-16,market_wide,-2.186459818432922,-1.9514055936919157,0.0248845179404642,0.0238845179404642,-0.0025167720041479047,0.026401289944612105
TGT,2023-02-21,2023-02-28,market_wide,-4.609733461493111,-5.4819192516399795,0.013716785617678307,0.012716785617678306,-0.006290539354203317,0.019007324971881623
TGT,2023-03-01,2023-03-08,market_wide,-3.4500788086045215,-2.8261252084622543,0.006834698040284692,0.005834698040284692,0.007543328083812639,-0.001708630043527947
TGT,2023-03-09,2023-03-16,market_wide,-4.046953573414916,-3.959729234856619,0.015002259629369075,0.014002259629369074,-0.001701875909790762,0.015704135539159836
TGT,2023-03-17,2023-03-24,market_wide,-2.1982621048889452,-1.8785347296784478,-0.01970392779603336,-0.02070392779603336,0.015652586469587115,-0.036356514265620477
TGT,2023-04-17,2023-04-24,idiosyncratic,-2.691971791234208,0.2512438141619666,0.007621180295515062,0.006621180295515062,0.0004999548153792333,0.006121225480135829
TGT,2023-04-25,2023-05-02,market_wide,-4.752786441171007,-4.058077143360386,-0.011991765125021425,-0.012991765125021426,-0.004156432995082504,-0.008835332129938922
TGT,2023-05-03,2023-05-10,market_wide,-3.1519404167402936,-2.1130893781159243,0.020443764013698962,0.01944376401369896,-0.006028162355301903,0.025471926369000863
TGT,2023-05-18,2023-05-25,idiosyncratic,-2.6703439921320773,1.506133819762514,-0.08710604448554193,-0.08810604448554193,-0.019121852064083344,-0.06898419242145859
TGT,2023-05-26,2023-06-05,idiosyncratic,-3.234657292582962,0.23864706520160514,-0.05995825613950212,-0.06095825613950212,0.005089819090135839,-0.06604807522963796
TGT,2023-06-06,2023-06-13,idiosyncratic,-2.568934907270449,0.020402328302757414,-0.029992464507363703,-0.030992464507363704,0.021108424632830802,-0.052100889140194506
TGT,2023-06-28,2023-07-06,market_wide,-2.3561127260224777,-1.650523206070352,-0.012304572914223932,-0.013304572914223933,-0.007533724887268889,-0.005770848026955044
TGT,2023-07-07,2023-07-14,market_wide,-4.000934840097813,-1.2262681408934235,0.006689590480515095,0.005689590480515095,0.03355804535030349,-0.027868454869788395
TGT,2023-07-17,2023-07-24,idiosyncratic,-3.4376165547354645,0.33446809205371736,0.04153504692993115,0.04053504692993115,0.019191493354274725,0.021343553575656427
TGT,2023-08-02,2023-08-09,market_wide,-2.6083925445820695,-3.7911654185072816,-0.022016002634305476,-0.023016002634305477,-0.019635203578654226,-0.0033807990556512513
TGT,2023-08-10,2023-08-17,market_wide,-3.0563913733061057,-2.7586605690552566,0.002332384390382636,0.0013323843903826358,-0.018344004342119136,0.01967638873250177
TGT,2023-08-22,2023-08-29,market_wide,-3.673704753001959,-2.282740496570168,0.00976468598057223,0.008764685980572229,0.02397238128233803,-0.0152076953017658
TGT,2023-09-01,2023-09-11,idiosyncratic,-2.0865589283586266,0.03221996946775701,-0.022705581837488387,-0.023705581837488388,-0.00012238930026420292,-0.023583192537224185
TGT,2023-09-12,2023-09-19,market_wide,-3.1197370395587942,-1.8087429438330576,-0.01821901344636323,-0.01921901344636323,-0.003000704000930776,-0.016218309445432455
TGT,2023-09-20,2023-09-27,market_wide,-2.501733609145596,-5.470967324339608,-0.08861390700464766,-0.08961390700464766,-0.03231639475102521,-0.05729751225362245
TGT,2023-09-28,2023-10-05,market_wide,-2.750383285375303,-2.4917083968451865,-0.040252023618645105,-0.041252023618645106,-0.01900369778600519,-0.022248325832639915
TGT,2023-10-09,2023-10-16,idiosyncratic,-2.6712036546432403,0.020228455672482725,0.0532336787041614,0.0522336787041614,0.0054039075946576975,0.046829771109503704
TGT,2023-10-23,2023-10-30,market_wide,-2.567820427976915,-3.27207361110655,0.011636725640250534,0.010636725640250533,-0.007274222334949565,0.017910947975200098
TGT,2023-11-10,2023-11-17,idiosyncratic,-2.3701770490109038,0.33825096318771053,0.21144095092597204,0.21044095092597204,0.040953374744376214,0.16948757618159582
TGT,2024-01-03,2024-01-10,market_wide,-2.0675135444815806,-3.083647271537395,0.03908551098551216,0.03808551098551216,0.010421075292066151,0.02766443569344601
TGT,2024-01-17,2024-01-24,market_wide,-3.1955711509027482,-1.1979776857815958,0.0033153953935225466,0.0023153953935225466,0.006256927703585324,-0.003941532310062778
TGT,2024-03-04,2024-03-11,idiosyncratic,-2.3703921837091246,-0.10426772226696267,0.11681841055953379,0.11581841055953379,0.013918604565587023,0.10189980599394677
TGT,2024-04-08,2024-04-15,market_wide,-2.8479371506738413,-1.503563894379382,-0.02763689973563266,-0.02863689973563266,-0.026200206960617645,-0.0024366927750150147
TGT,2024-04-16,2024-04-23,market_wide,-3.664995368962758,-3.228319919562997,0.019532193280061616,0.018532193280061615,0.006320826702473026,0.01221136657758859
TGT,2024-04-24,2024-05-01,market_wide,-2.303805882434335,-1.754215164690606,-0.05388884565379903,-0.054888845653799034,-0.015809024070651878,-0.039079821583147156
TGT,2024-05-02,2024-05-09,market_wide,-2.9329711041213185,-1.1156157427882551,0.039210754166030926,0.038210754166030925,0.025470134967757962,0.012740619198272962
TGT,2024-05-15,2024-05-22,idiosyncratic,-2.3727624471920223,0.8663569096336606,-0.09040703093818325,-0.09140703093818325,0.0002693512198364001,-0.09167638215801965
TGT,2024-05-23,2024-05-31,market_wide,-3.354641027246761,-1.1904328081326414,0.08136558569479346,0.08036558569479346,-0.002509151980811475,0.08287473767560494
TGT,2024-06-06,2024-06-13,idiosyncratic,-2.758437029545536,-0.003155811501485261,-0.0031007915262741825,-0.0041007915262741826,0.009259033636467962,-0.013359825162742145
TGT,2024-06-14,2024-06-24,idiosyncratic,-4.0220549166048105,0.0625319204748,0.06042788882406147,0.05942788882406147,0.020472772240368364,0.038955116583693106
TGT,2024-07-02,2024-07-10,idiosyncratic,-2.0369464185489785,2.0360325692550356,0.004952052247037209,0.003952052247037209,0.00934140191971955,-0.005389349672682341
TGT,2024-07-24,2024-07-31,market_wide,-3.4477383322261863,-4.904498869072357,0.027039656241014454,0.026039656241014453,0.022656778432220914,0.0033828778087935385
TGT,2024-08-01,2024-08-08,market_wide,-2.4849814634356897,-2.021649674384644,-0.0887633570943499,-0.0897633570943499,-0.024873746419387,-0.0648896106749629
TGT,2024-08-09,2024-08-16,market_wide,-2.043048672359406,-1.4757154897761016,0.06302598407312265,0.06202598407312265,0.02917534293874513,0.03285064113437752
TGT,2024-09-05,2024-09-12,market_wide,-2.52669250278278,-3.310410867521248,-0.022778021056160114,-0.023778021056160115,0.012742477020747822,-0.03652049807690794
TGT,2024-10-01,2024-10-08,market_wide,-3.1507605718809577,-1.1140948903187138,-0.0057819230535886,-0.0067819230535886,0.011997804467792417,-0.018779727521381018
TGT,2024-10-21,2024-10-28,idiosyncratic,-2.7415533633689417,-0.18109236702703901,-0.010668604876680088,-0.011668604876680089,-0.008847235711165302,-0.0028213691655147866
TGT,2024-10-29,2024-11-05,market_wide,-2.8144933741001004,-1.2572955802647048,0.020685603966399846,0.019685603966399845,0.001277008631824117,0.018408595334575728
TGT,2024-11-06,2024-11-13,idiosyncratic,-3.2283387258567533,1.9126486362107904,0.052277804720444854,0.05127780472044485,-0.0026569816278866343,0.05393478634833149
TGT,2024-11-20,2024-11-27,market_wide,-11.316252197969783,-1.8254144423253682,0.0687642892716831,0.0677642892716831,0.02255396581791902,0.04521032345376408
TGT,2024-12-04,2024-12-11,idiosyncratic,-2.629857597293061,0.7340435076740748,0.04543691918258763,0.04443691918258763,-0.013790822129210567,0.0582277413117982
TGT,2024-12-18,2024-12-26,market_wide,-2.2084908212216865,-11.988406310409376,0.04353486770001558,0.04253486770001558,0.015415493568964989,0.02711937413105059
TGT,2025-01-14,2025-01-22,market_wide,-2.3370482360234077,-2.5692426111622964,-0.005129369649359172,-0.006129369649359172,0.04387767583965729,-0.050007045489016466
TGT,2025-02-03,2025-02-10,market_wide,-3.1346418232800337,-3.1700902547930188,-0.021466903987240715,-0.022466903987240716,-0.008489492582883007,-0.013977411404357709
TGT,2025-02-12,2025-02-20,market_wide,-3.5948373435305574,-1.1273826116627736,0.0049412459980962,0.0039412459980962,0.027571150574226433,-0.023629904576130234
TGT,2025-02-21,2025-02-28,market_wide,-5.002401116705458,-3.3035691311345063,-0.00024132304855206677,-0.0012413230485520668,0.005511074308517605,-0.006752397357069672
TGT,2025-03-03,2025-03-10,market_wide,-3.6050295137888027,-3.0551980238635887,-0.0572210135428175,-0.0582210135428175,-0.029317676400949177,-0.028903337141868324
TGT,2025-03-11,2025-03-18,market_wide,-3.01967502863556,-3.5297485921662366,-0.07245479807524058,-0.07345479807524058,0.01109264725302439,-0.08454744532826497
TGT,2025-03-19,2025-03-26,market_wide,-2.3431040102025307,-1.6352883183258455,0.010958672934275215,0.009958672934275214,-0.0042413136535888185,0.014199986587864033
TGT,2025-03-28,2025-04-04,market_wide,-3.634446505791698,-3.845937905989737,-0.07650740563484748,-0.07750740563484748,-0.10053346745268033,0.023026061817832844
TGT,2025-04-07,2025-04-14,market_wide,-2.999717883709669,-3.3570530751774275,0.002860865190714268,0.001860865190714268,0.04475201184079314,-0.04289114665007887
TGT,2025-04-15,2025-04-23,market_wide,-2.595776965886323,-1.1371332766714457,0.0007602289800874296,-0.00023977101991257046,0.00524861055069703,-0.005488381570609601
TGT,2025-05-05,2025-05-12,idiosyncratic,-2.0004098165102824,-0.20467944170635663,0.07509045651893365,0.07409045651893365,0.04612779042637705,0.0279626660925566
TGT,2025-05-14,2025-05-21,idiosyncratic,-2.1406071535972813,0.07129070793209875,-0.023619655441710963,-0.024619655441710964,0.003343405214039974,-0.027963060655750938
TGT,2025-05-22,2025-05-30,market_wide,-2.393238554507806,-1.0589714666187933,-0.011045613106234087,-0.012045613106234088,0.010065498996604694,-0.02211111210283878
TGT,2025-06-04,2025-06-11,idiosyncratic,-2.5989758514173897,-0.030091459118630984,0.04439009027008933,0.04339009027008933,0.02718128537499065,0.016208804895098683
TGT,2025-06-13,2025-06-23,market_wide,-2.057135120316971,-1.4127836180667959,0.012163183666353605,0.011163183666353604,0.005004982218103082,0.006158201448250522
TGT,2025-06-25,2025-07-02,idiosyncratic,-2.1086639054900784,0.08697149425939649,0.09048606027845496,0.08948606027845496,0.03639043560076671,0.05309562467768825
TGT,2025-07-21,2025-07-28,idiosyncratic,-2.422762190837454,0.28043159047233834,0.0464064404947957,0.0454064404947957,0.007084856191226896,0.0383215843035688
TGT,2025-07-31,2025-08-07,market_wide,-3.7343751134578826,-1.3200368961830116,0.051442795706668765,0.050442795706668764,0.0010092320723942283,0.049433563634274535
TGT,2025-08-20,2025-08-27,market_wide,-7.609939881502192,-1.4013538983163774,-0.007396994082324304,-0.008396994082324305,0.005799687744633353,-0.014196681826957658
TGT,2025-08-28,2025-09-05,idiosyncratic,-2.3666771150992494,0.6424348938851633,-0.037599551038387746,-0.03859955103838775,-0.00804041148946344,-0.030559139548924308
TGT,2025-09-08,2025-09-15,idiosyncratic,-3.065023542082289,-0.10474279486271437,-0.03213117427944423,-0.03313117427944423,0.02025335510350157,-0.0533845293829458
TGT,2025-09-16,2025-09-23,idiosyncratic,-2.4656651229893587,-0.1410087281223057,-0.029759203519128308,-0.03075920351912831,0.011492024955508828,-0.04225122847463714
TGT,2025-09-24,2025-10-01,market_wide,-2.0621942535925433,-1.2107546719473652,0.009398806975272622,0.008398806975272621,0.0008188991431414827,0.007579907832131139
TGT,2025-10-10,2025-10-17,market_wide,-7.466360314383475,-5.68383549640935,0.062083487945107985,0.061083487945107984,0.029858841524197155,0.03122464642091083
TGT,2025-11-04,2025-11-11,market_wide,-4.094004717770572,-1.7325099345301582,0.017781677249055328,0.016781677249055327,0.019866181122942583,-0.0030845038738872566
TGT,2025-11-17,2025-11-24,market_wide,-3.2151590799025356,-3.2249712789681273,-0.04452993370432823,-0.04552993370432823,-0.006145659642432966,-0.039384274061895264
TGT,2025-12-23,2025-12-31,idiosyncratic,-2.663492852935475,0.15262590350029806,0.0365853587568703,0.0355853587568703,-0.0007863087294134319,0.03637166748628373
TGT,2026-01-27,2026-02-03,idiosyncratic,-2.9912470477338933,0.06495407307627295,0.0691642824916594,0.0681642824916594,0.016135986122858936,0.052028296368800464
TGT,2026-02-23,2026-03-02,market_wide,-2.1837407749583138,-2.4499647129770206,-0.0014998741146514671,-0.002499874114651467,0.005947247586738813,-0.008447121701390281
TGT,2026-03-17,2026-03-24,market_wide,-2.1902318680697075,-1.980702339146387,-0.007194298159791002,-0.008194298159791003,-0.024502144957444627,0.016307846797653625
TGT,2026-04-13,2026-04-20,idiosyncratic,-3.703433778621306,0.3650746200218449,0.10434326403116034,0.10334326403116034,0.021868343663288492,0.08147492036787185
TGT,2026-05-01,2026-05-08,idiosyncratic,-2.1523571401787605,0.4965275678213649,-0.028241106104168634,-0.029241106104168635,0.03224298551682536,-0.061484091620994
TGT,2026-05-11,2026-05-18,idiosyncratic,-7.051234395342339,0.18179075513334989,0.05172140741345976,0.05072140741345976,-0.001589643282627895,0.05231105069608766
TGT,2026-06-01,2026-06-08,idiosyncratic,-2.0177360012003325,0.275028268249806,0.002101680729348354,0.0011016807293483541,-0.018534858009760846,0.0196365387391092
TGT,2026-07-06,2026-07-13,idiosyncratic,-3.268078211067053,0.6697025131686772,0.06875500197137185,0.06775500197137185,-0.003888580137386022,0.07164358210875788
TGT,2026-07-23,2026-07-30,market_wide,-2.080449357941439,-3.8690428835220816,0.07458355962337704,0.07358355962337704,0.011970262112223073,0.061613297511153964
TGT,2026-09-08,2026-09-15,market_wide,-3.080227581336409,-2.020110400694813,-0.05107253687227942,-0.05207253687227942,-0.013974664666982162,-0.038097872205297256
BLK,2015-07-10,2015-07-17,market_wide,-2.4907902788120646,-1.2636876983450724,0.04442329228653508,0.043423292286535076,0.021559446477355415,0.02186384580917966
BLK,2015-07-24,2015-07-31,market_wide,-2.5152646997388337,-2.944076718473155,-0.014908830489181568,-0.01590883048918157,0.021551102566563785,-0.037459933055745354
BLK,2015-08-03,2015-08-10,market_wide,-2.7619927833499944,-1.60161552338621,0.002658809981236132,0.001658809981236132,0.0015185990269090954,0.00014021095432703665
BLK,2015-08-11,2015-08-18,market_wide,-3.7588273368229363,-2.1455369210613595,-0.0038786634357909078,-0.004878663435790908,0.001450386123491798,-0.006329049559282706
BLK,2015-08-19,2015-08-26,market_wide,-3.8022981632568977,-2.404745109891012,-0.062395571209117984,-0.06339557120911798,-0.06298513684351814,-0.00041043436559984325
BLK,2015-08-31,2015-09-08,market_wide,-2.0580050307237276,-1.5752087145854365,-0.0034384006487169216,-0.004438400648716922,0.00028938946562040435,-0.004727790114337326
BLK,2015-09-09,2015-09-16,market_wide,-2.448787977638659,-1.1986214777811546,0.05640738533042566,0.05540738533042566,0.026796905250557446,0.028610480079868217
BLK,2015-09-24,2015-10-01,market_wide,-2.764794580489643,-3.2967746108669687,-0.015273993747733305,-0.016273993747733306,-0.0024944886111490927,-0.013779505136584214
BLK,2015-11-12,2015-11-19,market_wide,-3.6431827233192093,-5.1177982014745895,0.03861304676855082,0.03761304676855082,0.017476613952625675,0.020136432815925143
BLK,2015-12-03,2015-12-10,market_wide,-4.09716001940284,-7.871238135268209,-0.01917638003364852,-0.020176380033648522,-0.008991841734002803,-0.011184538299645719
BLK,2015-12-11,2015-12-18,market_wide,-5.948682208202107,-4.705110879386308,-0.0040584633720645025,-0.0050584633720645025,-0.0022694765968576114,-0.002788986775206891
BLK,2015-12-21,2015-12-29,market_wide,-2.358715498443849,-2.24568517007836,0.05544467770317052,0.05444467770317052,0.026892537564177532,0.027552140138992987
BLK,2016-01-06,2016-01-13,market_wide,-2.2688764898405847,-3.840430521693715,-0.07738664881342106,-0.07838664881342106,-0.04996101777533446,-0.028425631038086596
BLK,2016-01-14,2016-01-22,market_wide,-2.223464202570238,-2.4188090649803025,-0.0304516819356363,-0.0314516819356363,-0.01790972022728654,-0.013541961708349759
BLK,2016-01-25,2016-02-01,market_wide,-2.876766986104104,-2.248010440752538,0.07776483842759019,0.07676483842759019,0.031653212878999915,0.04511162554859027
BLK,2016-02-08,2016-02-16,market_wide,-2.682057403306017,-3.7393735852273946,0.07159379731588,0.07059379731588,0.03410127194973023,0.036492525366149775
BLK,2016-04-05,2016-04-12,market_wide,-3.1094042086963802,-2.0147098910471146,0.013470826034895023,0.012470826034895022,0.005581260446343439,0.006889565588551583
BLK,2016-04-29,2016-05-06,market_wide,-3.0029150918049545,-4.54185281311845,-0.0008977436097032943,-0.0018977436097032943,-0.01077177655685957,0.008874032947156274
BLK,2016-05-09,2016-05-16,market_wide,-2.2759971964755206,-2.127929914110934,-0.008957945570282844,-0.009957945570282845,0.001376263491146723,-0.011334209061429568
BLK,2016-05-17,2016-05-24,market_wide,-3.3186144401926096,-3.285489687938395,0.03543378931296526,0.03443378931296526,0.019896399059402103,0.014537390253563154
BLK,2016-06-09,2016-06-16,idiosyncratic,-3.914327030806175,-0.2869953135686275,-0.05168196060803698,-0.05268196060803698,-0.01598944655852863,-0.03669251404950835
BLK,2016-06-17,2016-06-24,market_wide,-2.0883221194066155,-2.678435570558819,-0.02740736061742366,-0.02840736061742366,-0.008486684937538458,-0.019920675679885202
BLK,2016-06-27,2016-07-05,market_wide,-5.534216922391298,-5.930540758939446,0.051761670662644255,0.050761670662644254,0.0352372011452835,0.01552446951736075
BLK,2016-08-11,2016-08-18,idiosyncratic,-2.3212909082045274,0.5187781779499706,0.009254399478798803,0.008254399478798802,0.00533268240491358,0.0029217170738852216
BLK,2016-09-09,2016-09-16,market_wide,-4.860989695767233,-8.791225783241764,0.010464208291566468,0.009464208291566467,0.0028143179048794043,0.006649890386687063
BLK,2016-09-26,2016-10-03,market_wide,-3.3215264153360153,-1.7188789664463393,-0.0017468811798383443,-0.0027468811798383444,0.011602844930675316,-0.014349726110513661
BLK,2016-10-04,2016-10-11,market_wide,-3.541173527596612,-2.189239366465673,-0.011684307434837615,-0.012684307434837616,-0.018590868194333643,0.005906560759496027
BLK,2016-10-12,2016-10-19,market_wide,-3.7517403415881225,-3.0486929421193127,0.004613992319905336,0.0036139923199053356,0.0020919001610206767,0.001522092158884659
BLK,2016-10-20,2016-10-27,market_wide,-3.155363895878233,-1.839448242888559,-0.025460616147268467,-0.026460616147268468,0.003175021976867143,-0.02963563812413561
BLK,2016-10-28,2016-11-04,market_wide,-2.5969579075371194,-3.347536887493603,0.017987136831117523,0.016987136831117522,-0.014052753410605634,0.031039890241723156
BLK,2016-12-02,2016-12-09,market_wide,-2.2105924006669566,-2.0155825052590615,0.05260892437657594,0.05160892437657594,0.033412722605510536,0.0181962017710654
BLK,2016-12-22,2016-12-30,market_wide,-3.9381579872872545,-1.3118365927375089,-0.01699761250854337,-0.01799761250854337,-0.013872847686473566,-0.004124764822069804
BLK,2017-01-05,2017-01-12,idiosyncratic,-2.6859123753104766,-0.1800512935466391,-0.011109977675601845,-0.012109977675601846,0.005818882405706827,-0.017928860081308673
BLK,2017-01-13,2017-01-23,idiosyncratic,-2.479264796184558,-0.13174037189494495,-0.003400541473036922,-0.004400541473036922,-0.014975961701114038,0.010575420228077115
BLK,2017-01-26,2017-02-02,idiosyncratic,-2.4514261803054866,-0.23013424781972378,-0.020505192239372083,-0.021505192239372084,-0.009150965838769731,-0.012354226400602353
BLK,2017-02-03,2017-02-10,idiosyncratic,-2.0466450346711014,-0.20969383884084195,0.012936413999727892,0.01193641399972789,0.005339546937392248,0.006596867062335643
BLK,2017-03-06,2017-03-13,market_wide,-2.5780592740231487,-1.5362376032271767,-0.007145333727484604,-0.008145333727484605,-0.00019784886813678515,-0.00794748485934782
BLK,2017-03-14,2017-03-21,market_wide,-3.15833720440848,-2.852884317781265,-0.021210855294849562,-0.022210855294849563,-0.0035805894251358383,-0.018630265869713725
BLK,2017-03-22,2017-03-29,market_wide,-3.5881327585297766,-3.072988839493807,0.010493582105227217,0.009493582105227216,0.006843754258453849,0.002649827846773367
BLK,2017-04-12,2017-04-20,market_wide,-2.0961649115954843,-5.573521831442406,0.0003934037518975586,-0.0006065962481024414,0.010373552330268154,-0.010980148578370597
BLK,2017-05-08,2017-05-15,idiosyncratic,-3.132332826634036,-0.06345436951960964,0.01825399689558771,0.01725399689558771,0.001615365331719909,0.0156386315638678
BLK,2017-05-17,2017-05-24,market_wide,-2.2847565360829756,-7.704482343536438,0.03294506938135977,0.03194506938135977,0.019503653524052256,0.012441415857307514
BLK,2017-06-23,2017-06-30,market_wide,-2.1871697829920542,-2.1724130798181562,0.0018737327134503712,0.0008737327134503712,-0.006313740348120378,0.007187473061570749
BLK,2017-07-17,2017-07-24,idiosyncratic,-2.5417533873740763,-0.020559572682963746,0.008689468495545416,0.007689468495545416,0.0005630019624247584,0.0071264665331206576
BLK,2017-07-27,2017-08-03,idiosyncratic,-2.6992521614020784,-0.22658629561058682,0.0011752214378109027,0.0001752214378109027,0.004044866807677794,-0.003869645369866891
BLK,2017-08-04,2017-08-11,idiosyncratic,-2.1922851717726997,-0.10968807228052099,-0.005510041006209665,-0.006510041006209665,-0.011258958766130922,0.004748917759921257
BLK,2017-08-17,2017-08-24,market_wide,-4.680268770496062,-3.436815198869034,-0.009525016350481308,-0.010525016350481309,-0.001612051812698967,-0.008912964537782342
BLK,2017-08-25,2017-09-01,market_wide,-2.3303741172213215,-1.4928820430029561,0.01911491676777133,0.018114916767771327,0.02422337444485745,-0.006108457677086121
BLK,2017-09-05,2017-09-12,market_wide,-2.351921163225597,-1.1648602783390127,0.036069356669361285,0.035069356669361285,0.027283770020509746,0.007785586648851539
BLK,2017-10-25,2017-11-01,market_wide,-5.42236974899762,-2.380166392567997,0.00029870238974094576,-0.0007012976102590543,-0.011711320894867483,0.011010023284608428
BLK,2017-11-08,2017-11-15,idiosyncratic,-2.241566726873116,0.2159433180211072,-0.003600388127404597,-0.004600388127404597,-0.010179641900957548,0.005579253773552951
BLK,2018-01-02,2018-01-09,idiosyncratic,-4.314011528078434,1.1604467015706095,0.04905983105776901,0.04805983105776901,0.02509720929739845,0.02296262176037056
BLK,2018-01-30,2018-02-06,market_wide,-3.271786051351737,-1.66859250988676,-0.04814219820281207,-0.04914219820281207,-0.052553358969766095,0.0034111607669540245
BLK,2018-02-07,2018-02-14,market_wide,-2.6632232863592846,-2.5752666398830946,0.014429027967493901,0.0134290279674939,0.00272409961115061,0.01070492835634329
BLK,2018-03-01,2018-03-08,market_wide,-3.6576158191377,-3.9812440361865047,0.03874035412285526,0.03774035412285526,0.023220890161502084,0.014519463961353174
BLK,2018-03-19,2018-03-26,market_wide,-2.122745834255786,-3.147784738421913,-0.023671798534849908,-0.02467179853484991,-0.02855962058278938,0.003887822047939471
BLK,2018-03-27,2018-04-04,market_wide,-2.2758045198020525,-2.6497193418988,0.007893019912215138,0.006893019912215138,0.019879477241686372,-0.012986457329471235
BLK,2018-04-06,2018-04-13,market_wide,-2.679737821173086,-2.0742647773200886,0.009328506575559725,0.008328506575559724,0.02623085052853602,-0.017902343952976296
BLK,2018-04-18,2018-04-25,idiosyncratic,-2.3451657478462042,0.06685997018940187,-0.021023559569213313,-0.022023559569213313,-0.028536971694504865,0.006513412125291551
BLK,2018-05-02,2018-05-09,market_wide,-2.2451379851685442,-3.1623824319690423,0.03216845157793946,0.03116845157793946,0.02385351176542483,0.0073149398125146314
BLK,2018-05-29,2018-06-05,market_wide,-5.213641727021496,-5.57572266863802,0.019303737451686453,0.018303737451686453,0.024011943408186465,-0.005708205956500012
BLK,2018-06-14,2018-06-21,idiosyncratic,-3.3548599958325593,-0.07340899541645689,0.003095408194913274,0.002095408194913274,-0.018404840909282405,0.020500249104195678
BLK,2018-06-22,2018-06-29,market_wide,-2.4484524137325794,-2.7766691210032066,-0.045337777056185136,-0.04633777705618514,-0.01855763206955019,-0.027780144986634947
BLK,2018-07-02,2018-07-10,market_wide,-2.4718295152558216,-1.8376036512113352,0.010830350918679343,0.009830350918679343,0.02965554987658381,-0.019825198957904466
BLK,2018-07-27,2018-08-03,market_wide,-3.0202387873221075,-1.610807579844271,-0.0408015145181575,-0.0418015145181575,-0.002412344031821334,-0.03938917048633617
BLK,2018-08-06,2018-08-13,idiosyncratic,-2.1485075736710892,0.4446149626468403,-0.01669201822520794,-0.01769201822520794,-0.0049905693073272195,-0.01270144891788072
BLK,2018-08-15,2018-08-22,market_wide,-3.7134712360726296,-2.4266033851383995,0.015292135921108674,0.014292135921108673,0.024578612889845752,-0.01028647696873708
BLK,2018-09-06,2018-09-13,market_wide,-2.278488132641082,-1.7552373352251662,-0.0063140687571210385,-0.0073140687571210386,0.011898249303690989,-0.019212318060812028
BLK,2018-09-17,2018-09-24,market_wide,-2.101200798130322,-1.3384352572184037,0.02372063411721448,0.022720634117214478,0.017411419461688116,0.005309214655526362
BLK,2018-09-28,2018-10-05,market_wide,-2.776739573530179,-1.232732285346231,-0.0009971637722974158,-0.001997163772297416,-0.012512692671951542,0.010515528899654125
BLK,2018-10-08,2018-10-15,market_wide,-3.0174989048827263,-3.225881644742541,-0.0944302437392901,-0.0954302437392901,-0.048030664724068806,-0.047399579015221294
BLK,2018-10-16,2018-10-23,market_wide,-2.812708314553396,-1.4959927847243693,-0.050269752939077095,-0.051269752939077096,-0.02933817804871075,-0.021931574890366345
BLK,2018-10-24,2018-10-31,market_wide,-3.3421213549173587,-5.515157178057051,0.08651563160648079,0.08551563160648079,0.0288102403024022,0.05670539130407859
BLK,2018-11-12,2018-11-19,market_wide,-2.0725216392105317,-1.5620169266397013,0.005821084397777954,0.004821084397777954,-0.0027080938146863964,0.00752917821246435
BLK,2018-11-20,2018-11-28,market_wide,-3.040675530400228,-4.144056452742465,0.06043345446909054,0.05943345446909054,0.03944440927924453,0.01998904518984601
BLK,2018-12-04,2018-12-12,market_wide,-2.405206528740616,-1.6531929524768052,-0.03833635793939505,-0.03933635793939505,-0.020384538680600306,-0.018951819258794744
BLK,2018-12-13,2018-12-20,market_wide,-2.636120068576144,-2.467531548930161,-0.04028197718027404,-0.04128197718027404,-0.06726646184885454,0.0259844846685805
BLK,2018-12-21,2018-12-31,market_wide,-3.094407639324256,-3.5685673021063176,0.0640908409248675,0.0630908409248675,0.04203000314831273,0.021060837776554764
BLK,2019-01-30,2019-02-06,idiosyncratic,-2.132313891882006,0.6054183447822851,0.019738774907316348,0.018738774907316347,0.029798892491788243,-0.011060117584471896
BLK,2019-03-05,2019-03-12,market_wide,-2.017877457326068,-1.6063866424147735,-0.010819774447758279,-0.01181977444775828,0.005792567877159316,-0.017612342324917596
BLK,2019-03-22,2019-03-29,market_wide,-4.569978198837224,-1.6974519139180888,0.023983688645123458,0.022983688645123457,0.010099095607179365,0.012884593037944092
BLK,2019-05-07,2019-05-14,market_wide,-6.1003991800997905,-6.097219321130673,-0.03861834848048196,-0.03961834848048196,-0.013816298420802342,-0.025802050059679615
BLK,2019-05-15,2019-05-22,market_wide,-2.8403914734094986,-2.1508835751026147,-0.01174673137876392,-0.01274673137876392,-0.009370988625315269,-0.0033757427534486517
BLK,2019-05-23,2019-05-31,market_wide,-3.2631907046014432,-2.7436834065560953,-0.04224579650702531,-0.043245796507025314,-0.025351392937975614,-0.0178944035690497
BLK,2019-06-03,2019-06-10,market_wide,-2.6543994323322906,-3.2151351506321406,0.06503071107239022,0.06403071107239022,0.05544557562318975,0.008585135449200476
BLK,2019-07-17,2019-07-24,market_wide,-2.807386097099304,-1.9903909905914814,0.013057314577655355,0.012057314577655354,0.02613416814457814,-0.014076853566922787
BLK,2019-07-25,2019-08-01,market_wide,-2.2869482925281748,-1.0076071493452574,-0.046257278888437114,-0.047257278888437115,-0.030364964933272787,-0.01689231395516433
BLK,2019-08-02,2019-08-09,market_wide,-3.716684410270389,-4.0033197867784684,-0.04883781912253904,-0.04983781912253904,-0.004931471074636429,-0.04490634804790261
BLK,2019-08-12,2019-08-19,market_wide,-3.116027347558883,-2.3472836653430447,0.02189964574372394,0.020899645743723938,0.023787245528090084,-0.002887599784366146
BLK,2019-08-20,2019-08-27,market_wide,-2.017922370202163,-1.0587859462940523,-0.018599520662488933,-0.019599520662488934,0.0021430742255348356,-0.02174259488802377
BLK,2019-10-01,2019-10-08,market_wide,-5.61268241007887,-4.151633828405124,-0.047338101378565534,-0.048338101378565534,-0.021168774080432273,-0.02716932729813326
BLK,2019-10-09,2019-10-16,market_wide,-2.2423108963283216,-1.8309950057126174,0.0700672272617302,0.0690672272617302,0.0319767990449773,0.0370904282167529
BLK,2019-11-21,2019-11-29,market_wide,-2.816811898943716,-1.1522523642312374,0.02047510828747856,0.01947510828747856,0.008553247042032197,0.010921861245446363
BLK,2019-12-03,2019-12-10,market_wide,-2.662971596282752,-3.421266528581822,0.023968086955345358,0.022968086955345357,0.014811945546267635,0.008156141409077722
BLK,2020-01-31,2020-02-07,market_wide,-2.706114952959433,-3.5966880765369935,0.05383529928328601,0.05283529928328601,0.03084188954217537,0.021993409741110637
BLK,2020-02-21,2020-02-28,market_wide,-2.448723844393461,-2.522202113299901,-0.16874325628062137,-0.16974325628062137,-0.11001629544762448,-0.05972696083299689
BLK,2020-03-02,2020-03-09,market_wide,-2.0728464771385227,-1.7405714083508597,-0.13475190024836325,-0.13575190024836326,-0.09756520079601361,-0.03818669945234965
BLK,2020-03-11,2020-03-18,market_wide,-3.0248128356788047,-3.3324420576564813,-0.1336751404841927,-0.1346751404841927,-0.08627648550751088,-0.04839865497668183
BLK,2020-03-20,2020-03-27,market_wide,-3.1458135091973563,-3.1839472383642913,0.22445869613428204,0.22345869613428204,0.08122506379851502,0.14223363233576702
BLK,2020-05-04,2020-05-11,market_wide,-2.0654695611651475,-1.6338051530461362,0.02409099971605455,0.02309099971605455,0.036481669290090224,-0.013390669574035674
BLK,2020-05-12,2020-05-19,market_wide,-5.854775712637134,-1.6436784632828823,0.10289560432889622,0.10189560432889622,0.01296523766861446,0.08893036666028176
BLK,2020-06-11,2020-06-18,market_wide,-2.7130146362989613,-3.034098724813358,0.060090240758044366,0.059090240758044366,0.032490347591615176,0.02659989316642919
BLK,2020-06-26,2020-07-06,market_wide,-2.304203699061579,-3.721988424678125,0.04244194863917117,0.04144194863917117,0.04644216782719801,-0.005000219188026844
BLK,2020-07-28,2020-08-04,market_wide,-2.108245075733851,-2.4507589189292354,0.0005952337434025345,-0.0004047662565974655,0.02523060253726994,-0.025635368793867408
BLK,2020-08-20,2020-08-27,idiosyncratic,-2.3430526055559393,-0.19589399808489144,0.019919010337553056,0.018919010337553055,0.037104418039750175,-0.01818540770219712
BLK,2020-09-03,2020-09-11,market_wide,-3.4734574087874295,-2.053117455310048,-0.0654783382135562,-0.0664783382135562,-0.01802982906883721,-0.04844850914471899
BLK,2020-09-14,2020-09-21,market_wide,-2.4516410151372194,-2.2262765128624316,0.009518188196213861,0.00851818819621386,-0.015566230855463159,0.02408441905167702
BLK,2020-09-23,2020-09-30,market_wide,-3.394573730128381,-4.0602121846747306,0.04644012030410449,0.04544012030410449,0.028015568279729397,0.017424552024375095
BLK,2020-10-26,2020-11-02,market_wide,-3.247473285365276,-3.910754780169848,-0.011765055465721375,-0.012765055465721376,-0.016714068688936656,0.003949013223215281
BLK,2020-12-10,2020-12-17,market_wide,-2.381636258045989,-1.1979815873508115,0.01088218994145751,0.009882189941457509,0.002379700996882228,0.007502488944575281
BLK,2020-12-22,2020-12-30,market_wide,-2.680797103071712,-1.4319554348857437,0.022234608903807684,0.021234608903807684,0.00788774497397382,0.013346863929833863
BLK,2021-01-15,2021-01-25,market_wide,-2.07445839357497,-1.337241295237996,-0.006568050760685673,-0.007568050760685673,0.005437631029354906,-0.01300568179004058
BLK,2021-01-26,2021-02-02,idiosyncratic,-2.841049435365975,-0.1968188925043667,0.010597613344805357,0.009597613344805356,0.0037306377771966215,0.005866975567608734
BLK,2021-02-17,2021-02-24,idiosyncratic,-3.0383523125860727,-0.06241468710675033,-0.012877947021100344,-0.013877947021100345,0.007504820112651522,-0.021382767133751868
BLK,2021-02-25,2021-03-04,market_wide,-3.5688030625935707,-5.263398703609781,-0.010842955426123457,-0.011842955426123458,-0.01865729503833835,0.0068143396122148925
BLK,2021-03-23,2021-03-30,market_wide,-2.963898639120747,-2.0123237956086,0.04562025805790548,0.04462025805790548,0.029610109623246617,0.015010148434658865
BLK,2021-04-22,2021-04-29,market_wide,-4.092255421265783,-1.8239739858971398,0.04023540834481287,0.03923540834481287,0.018170122481580897,0.021065285863231975
BLK,2021-05-12,2021-05-19,market_wide,-2.496175237484731,-7.250327227665126,0.018239161566459883,0.017239161566459882,0.02457754071166396,-0.007338379145204077
BLK,2021-06-10,2021-06-17,idiosyncratic,-3.0342025538421584,0.6931397583618831,0.001590621801722758,0.000590621801722758,-0.00874303535739751,0.009333657159120268
BLK,2021-06-18,2021-06-25,market_wide,-6.181940070871876,-7.10743346147284,0.03954648610442435,0.03854648610442435,0.030209772988179617,0.008336713116244732
BLK,2021-07-14,2021-07-21,idiosyncratic,-2.3683230725032343,-0.2592249196666166,0.0026807756702549312,0.0016807756702549312,0.001632856490662915,4.791917959201617e-05
BLK,2021-07-23,2021-07-30,idiosyncratic,-2.275294941043213,0.7884690364291601,-0.0020484379107876816,-0.0030484379107876816,-0.001872963912080583,-0.0011754739987070986
BLK,2021-09-09,2021-09-16,market_wide,-3.300705636465959,-2.0173648618299005,-0.03437653487356018,-0.035376534873560184,0.0004652363802100101,-0.035841771253770194
BLK,2021-09-17,2021-09-24,market_wide,-4.306347168900492,-3.276904623749761,-0.0022928512639096565,-0.0032928512639096566,0.011458226064137156,-0.014751077328046813
BLK,2021-09-28,2021-10-05,market_wide,-2.346878824027083,-2.8177439256948373,-0.02532044196373484,-0.026320441963734842,-0.004540587391781314,-0.021779854571953527
BLK,2021-10-06,2021-10-13,market_wide,-2.1670273071508768,-1.6098135743807016,0.03612942365427352,0.03512942365427352,0.0030948352920299183,0.0320345883622436
BLK,2021-11-16,2021-11-23,idiosyncratic,-2.8643588112469933,0.14785896135665902,-0.014247480593896245,-0.015247480593896245,-0.007424731345035407,-0.007822749248860839
BLK,2021-11-24,2021-12-02,idiosyncratic,-2.020404533246737,-0.13775990641450422,-0.012753337477810822,-0.013753337477810823,-0.03573045472212477,0.02197711724431395
BLK,2021-12-03,2021-12-10,market_wide,-2.9191219002040807,-2.3569440249964044,0.03319040544254537,0.03219040544254537,0.03879382906073947,-0.006603423618194104
BLK,2021-12-20,2021-12-28,market_wide,-3.0009347623321325,-3.5811635013365817,0.02733786167906538,0.026337861679065377,0.034612762741323744,-0.008274901062258366
BLK,2022-01-05,2022-01-12,market_wide,-6.902541128051881,-1.8299541657075529,-0.007468180166981475,-0.008468180166981476,0.006003385304394815,-0.014471565471376291
BLK,2022-01-13,2022-01-21,market_wide,-3.2802137102270708,-2.797988422324653,-0.07683422747039836,-0.07783422747039836,-0.050647519791160445,-0.02718670767923792
BLK,2022-01-24,2022-01-31,market_wide,-3.3242488031422153,-2.866780166693514,0.04590625208125498,0.04490625208125498,0.018717692435221922,0.02618855964603306
BLK,2022-02-10,2022-02-17,market_wide,-4.305279070212454,-1.0673904173717832,-0.020162055503538445,-0.021162055503538446,-0.029144418336250144,0.007982362832711698
BLK,2022-02-18,2022-02-28,market_wide,-2.8422679388456773,-3.8134071686079203,-0.016044607365277685,-0.017044607365277686,0.008776404792878445,-0.02582101215815613
BLK,2022-03-01,2022-03-08,market_wide,-3.8520273747137197,-2.168927321706951,-0.06648774935532775,-0.06748774935532775,-0.024535872413140924,-0.04295187694218683
BLK,2022-03-11,2022-03-18,market_wide,-2.09558296975772,-2.3192293368208357,0.07503213201896175,0.07403213201896175,0.05607535104900707,0.017956780969954678
BLK,2022-04-06,2022-04-13,market_wide,-2.18112673053703,-3.0247652507782883,-0.039571625261613064,-0.040571625261613065,0.0012805840067831031,-0.04185220926839617
BLK,2022-04-14,2022-04-22,market_wide,-4.108548098571452,-3.251851642956441,-0.03666232804679137,-0.03766232804679137,-0.014977772997051164,-0.022684555049740207
BLK,2022-04-25,2022-05-02,market_wide,-2.9095860633443036,-3.165628273441803,-0.06506254543452483,-0.06606254543452483,-0.02065010176143489,-0.04541244367308994
BLK,2022-05-03,2022-05-10,market_wide,-2.563383865332398,-2.331034367776819,-0.03300802251482404,-0.03400802251482404,-0.02429190058700814,-0.009716121927815902
BLK,2022-05-11,2022-05-18,market_wide,-3.6274345383121624,-3.5950716941292438,-0.014142062543673672,-0.015142062543673673,-0.01245291314065966,-0.002689149403014013
BLK,2022-05-19,2022-05-26,market_wide,-3.047321235349592,-3.0754993745121437,0.10008778330104495,0.09908778330104495,0.04550623607101989,0.05358154723002506
BLK,2022-06-10,2022-06-17,market_wide,-5.905053251685686,-5.689146674726003,-0.05732827655593986,-0.05832827655593986,-0.05627703632861214,-0.002051240227327722
BLK,2022-07-06,2022-07-13,market_wide,-2.6758604552558065,-1.315532102393459,-0.02986635348256461,-0.030866353482564612,-0.005121944522513577,-0.025744408960051035
BLK,2022-07-14,2022-07-21,market_wide,-3.9546277454195446,-2.870684468930785,0.08609802790069243,0.08509802790069243,0.05406802797468924,0.031029999926003193
BLK,2022-08-22,2022-08-29,market_wide,-2.6831263530318927,-2.4935361414568304,-0.02756648922191518,-0.02856648922191518,-0.02949948926801116,0.0009330000460959775
BLK,2022-08-30,2022-09-07,market_wide,-2.9560818208325395,-3.3528552577824726,0.009717394174792782,0.00871739417479278,-0.0016126943355703194,0.0103300885103631
BLK,2022-09-13,2022-09-20,market_wide,-3.2545796602597328,-2.8536019228335987,-0.03504330095362784,-0.036043300953627844,-0.0304363890668099,-0.005606911886817945
BLK,2022-09-21,2022-09-28,market_wide,-2.9528709166726244,-3.8528464253548327,-0.03726432486625331,-0.03826432486625331,-0.017234779696835845,-0.021029545169417463
BLK,2022-09-29,2022-10-06,market_wide,-3.3213065745362926,-2.627727043113713,0.013636539003795134,0.012636539003795133,0.03894336285444955,-0.026306823850654415
BLK,2022-10-07,2022-10-14,market_wide,-3.161375781682123,-2.287078223319572,0.000999498390279907,-5.016097200929645e-07,-0.005221012386430801,0.005220510776710708
BLK,2022-11-25,2022-12-02,idiosyncratic,-2.1070961016882968,-0.032767095337991915,-0.03361443584496171,-0.03461443584496171,-0.0016089395093269454,-0.033005496335634765
BLK,2022-12-05,2022-12-12,market_wide,-2.76115058879277,-1.5350281320834345,0.0019070152479256919,0.0009070152479256919,0.005112492924208345,-0.004205477676282653
BLK,2022-12-14,2022-12-21,market_wide,-2.1522494662645633,-1.409908623321389,0.001995674788240809,0.0009956747882408088,-0.028921993021845283,0.02991766781008609
BLK,2022-12-22,2022-12-30,market_wide,-2.078126865608246,-2.6425800713850363,0.007535556653784914,0.006535556653784914,0.008844295407235858,-0.0023087387534509443
BLK,2023-01-05,2023-01-12,market_wide,-2.3645142132875216,-2.6984494134190453,0.07518112823618539,0.07418112823618539,0.041833691069081524,0.032347437167103865
BLK,2023-02-06,2023-02-13,market_wide,-3.9910047544362106,-1.1939843545182578,-0.007368161861863842,-0.008368161861863843,0.005459505696262523,-0.013827667558126366
BLK,2023-02-14,2023-02-22,market_wide,-2.3027030887736943,-1.2288710088106742,-0.05724487974132919,-0.05824487974132919,-0.033649965853896235,-0.024594913887432956
BLK,2023-02-23,2023-03-02,market_wide,-2.9173471629922765,-2.489148084964025,-0.008571830676365244,-0.009571830676365245,0.00097862330597831,-0.010550453982343555
BLK,2023-03-07,2023-03-14,market_wide,-3.0150023286390915,-1.9045378780038296,-0.05459021298775124,-0.05559021298775124,-0.023092311037005597,-0.032497901950745645
BLK,2023-03-15,2023-03-22,market_wide,-2.464075716873996,-2.26337203157045,0.026244965236273732,0.02524496523627373,0.011570722087995478,0.013674243148278253
BLK,2023-04-25,2023-05-02,market_wide,-3.0439526469988385,-4.058077143360386,-0.012505402026163792,-0.013505402026163793,-0.004156432995082504,-0.009348969031081289
BLK,2023-05-03,2023-05-10,market_wide,-3.3084604082700064,-2.1130893781159243,-0.02059414398091064,-0.02159414398091064,-0.006028162355301903,-0.015565981625608738
BLK,2023-05-11,2023-05-18,market_wide,-2.046354805171511,-1.1744444685071997,0.04253747212704062,0.04153747212704062,0.015549081981437007,0.025988390145603613
BLK,2023-06-21,2023-06-28,market_wide,-2.0685577694491983,-1.0560449109360122,-0.0055441162695264445,-0.0065441162695264446,0.0034211746611036986,-0.009965290930630144
BLK,2023-06-29,2023-07-07,market_wide,-2.2124148602078852,-1.0376735957759005,-0.005971976948709545,-0.006971976948709545,-0.015599901377001069,0.008627924428291522
BLK,2023-07-27,2023-08-03,market_wide,-2.879680946008917,-1.2633791321237005,-0.025923337233000776,-0.026923337233000777,-0.01887726685681934,-0.008046070376181436
BLK,2023-08-04,2023-08-11,market_wide,-3.1925820704523953,-3.668390466938649,-0.020654099380531532,-0.021654099380531533,-0.00499517145305528,-0.016658927927476253
BLK,2023-08-14,2023-08-21,market_wide,-2.9011220708266863,-2.233968063770056,-0.030796539887700813,-0.031796539887700814,-0.0253204529192278,-0.006476086968473016
BLK,2023-08-22,2023-08-29,market_wide,-2.571764727479258,-2.282740496570168,0.03783200844192569,0.03683200844192569,0.02397238128233803,0.012859627159587661
BLK,2023-09-18,2023-09-25,market_wide,-2.163042214644963,-2.600067591487984,-0.0537349220415565,-0.0547349220415565,-0.02583561828739167,-0.02889930375416483
BLK,2023-09-26,2023-10-03,market_wide,-3.481157852233592,-3.5192247625751407,-0.032858047346979946,-0.03385804734697995,-0.01582444996099841,-0.018033597385981537
BLK,2023-10-04,2023-10-11,market_wide,-2.916181894856981,-3.0441822735232367,0.009645899444524986,0.008645899444524985,0.012296151958780754,-0.0036502525142557696
BLK,2023-10-18,2023-10-25,market_wide,-5.518861073559402,-1.3786401949371747,-0.01298881454965628,-0.013988814549656281,-0.028062429742727546,0.014073615193071265
BLK,2023-10-26,2023-11-02,market_wide,-2.7438076316226283,-3.4759067801317913,0.061640306873503414,0.06064030687350341,0.03911666114928347,0.021523645724219942
BLK,2024-01-02,2024-01-09,market_wide,-2.013012318826235,-1.3831873248102895,-0.00722248595389241,-0.008222485953892411,0.0025650315322129913,-0.010787517486105402
BLK,2024-01-17,2024-01-24,market_wide,-2.0845737639770294,-1.1979776857815958,-0.002133645094616665,-0.003133645094616665,0.006256927703585324,-0.00939057279820199
BLK,2024-01-25,2024-02-01,idiosyncratic,-2.6512293113048293,0.570147312304288,-0.0069961042276350804,-0.007996104227635081,-0.004658365283015997,-0.003337738944619084
BLK,2024-02-02,2024-02-09,idiosyncratic,-2.1240640299990283,0.9464591581422528,0.01168777421947631,0.01068777421947631,0.00487951350714555,0.0058082607123307595
BLK,2024-02-13,2024-02-21,market_wide,-2.8997443500667313,-1.2457011243382077,0.03518965276216868,0.034189652762168676,0.018668038459854097,0.01552161430231458
BLK,2024-03-15,2024-03-22,market_wide,-3.7014097611843195,-1.8094260105114082,0.02779999129832933,0.02679999129832933,0.020135157230499745,0.006664834067829584
BLK,2024-04-03,2024-04-10,market_wide,-2.372033266902964,-1.6121200226495873,-0.03823008194656574,-0.03923008194656574,-0.01779954976155307,-0.021430532185012674
BLK,2024-04-11,2024-04-18,market_wide,-2.793870076198365,-1.5237266304616621,-0.049188213982238715,-0.050188213982238716,-0.03870571106992726,-0.011482502912311454
BLK,2024-04-19,2024-04-26,market_wide,-2.41716996026335,-3.0047782176999713,0.01720041814803719,0.016200418148037188,0.018393609648120757,-0.002193191500083569
BLK,2024-05-01,2024-05-08,market_wide,-2.434672656626302,-2.1595342142042955,0.03559172019104717,0.03459172019104717,0.025825573326121898,0.008766146864925273
BLK,2024-05-23,2024-05-31,market_wide,-3.587886131678249,-1.1904328081326414,-0.015958210715615095,-0.016958210715615096,-0.002509151980811475,-0.014449058734803621
BLK,2024-06-11,2024-06-18,idiosyncratic,-2.7031030295707286,0.2919031656227871,0.034344001592146345,0.033344001592146344,0.015031760545904271,0.018312241046242073
BLK,2024-08-05,2024-08-12,market_wide,-2.8556466745390705,-5.457454484019832,0.00903982727076702,0.00803982727076702,0.01354268881811116,-0.00550286154734414
BLK,2024-09-05,2024-09-12,market_wide,-2.1232185301832094,-3.310410867521248,0.01564821906455416,0.014648219064554158,0.012742477020747822,0.0019057420438063355
BLK,2024-10-07,2024-10-14,market_wide,-2.256165645420652,-2.9977897172083545,0.05426982978360484,0.05326982978360484,0.029366718148571946,0.023903111635032892
BLK,2024-10-25,2024-11-01,market_wide,-4.17233132924074,-2.34663380542543,0.011303199393341234,0.010303199393341234,-0.008724036048664008,0.01902723544200524
BLK,2024-11-19,2024-11-26,market_wide,-2.187208744659543,-1.2120956032508166,-0.0015856333928712107,-0.0025856333928712108,0.014493262166433318,-0.01707889555930453
BLK,2024-11-29,2024-12-06,idiosyncratic,-2.523714619262651,0.3954623621080019,0.02467172982153354,0.023671729821533538,-0.006669170500747557,0.030340900322281095
BLK,2024-12-18,2024-12-26,market_wide,-4.085691962537068,-11.988406310409376,0.03330396523879897,0.03230396523879897,0.015415493568964989,0.016888471669833982
BLK,2024-12-30,2025-01-07,market_wide,-2.2785781188023044,-2.1875699562397295,-0.04542413086205699,-0.04642413086205699,0.011117630872415463,-0.05754176173447245
BLK,2025-01-08,2025-01-16,market_wide,-3.092534390213972,-2.0159985241186615,0.009755697944834552,0.00875569794483455,0.019501273391823615,-0.010745575446989064
BLK,2025-02-03,2025-02-10,market_wide,-2.329339052231726,-3.1700902547930188,-0.02781747377654531,-0.02881747377654531,-0.008489492582883007,-0.020327981193662303
BLK,2025-02-12,2025-02-20,market_wide,-3.0507229059316066,-1.1273826116627736,0.01609307383724512,0.015093073837245119,0.027571150574226433,-0.012478076736981314
BLK,2025-02-21,2025-02-28,market_wide,-3.294874573546039,-3.3035691311345063,0.0036542759766300392,0.002654275976630039,0.005511074308517605,-0.002856798331887566
BLK,2025-03-04,2025-03-11,market_wide,-2.464053047420895,-3.4707608125409752,-0.038296709301415266,-0.03929670930141527,-0.02648017373292688,-0.012816535568488385
BLK,2025-03-12,2025-03-19,market_wide,-3.142602590707946,-2.7930427585688706,0.05183174726000361,0.05083174726000361,0.014026568289435382,0.03680517897056823
BLK,2025-03-28,2025-04-04,market_wide,-2.157412914405104,-3.845937905989737,-0.1310658028011712,-0.1320658028011712,-0.10053346745268033,-0.03153233534849087
BLK,2025-04-07,2025-04-14,market_wide,-3.282687173414825,-3.3570530751774275,0.08862388851396275,0.08762388851396274,0.04475201184079314,0.04287187667316961
BLK,2025-04-16,2025-04-24,market_wide,-2.1283008164026667,-1.8091096803810731,0.058305841944142456,0.057305841944142455,0.04671053857048135,0.010595303373661102
BLK,2025-06-13,2025-06-23,market_wide,-2.9603558322244736,-1.4127836180667959,0.014899813410747198,0.013899813410747197,0.005004982218103082,0.008894831192644115
BLK,2025-07-15,2025-07-22,market_wide,-3.162171273526253,-1.2080162785993422,0.051837189414275286,0.050837189414275286,-0.0019120850014875401,0.052749274415762826
BLK,2025-08-01,2025-08-08,market_wide,-3.0305169333185664,-4.433720592994128,0.030381015310348314,0.029381015310348313,0.02424067561864751,0.0051403396917008015
BLK,2025-08-21,2025-08-28,market_wide,-2.1085145654622623,-2.188738166272759,0.005094458876628405,0.004094458876628405,0.012874063469594743,-0.008779604592966339
BLK,2025-09-02,2025-09-09,market_wide,-4.701443210487174,-2.102189614649733,-0.0034805743408382606,-0.004480574340838261,0.0014346211827869215,-0.005915195523625182
BLK,2025-09-10,2025-09-17,idiosyncratic,-2.3506375159150044,0.6164703174665829,0.026194810756156928,0.025194810756156927,0.007487671442564459,0.017707139313592468
BLK,2025-10-01,2025-10-08,idiosyncratic,-2.1627646245121093,0.5149043123416902,0.020971560394975608,0.019971560394975607,0.010126585017973255,0.009844975377002352
BLK,2025-10-10,2025-10-17,market_wide,-4.465024083264658,-5.68383549640935,0.02543369988907984,0.02443369988907984,0.029858841524197155,-0.005425141635117314
BLK,2025-10-20,2025-10-27,idiosyncratic,-2.160361804141961,-0.29551792201968724,-0.024732767749238715,-0.025732767749238716,0.02314945929447254,-0.04888222704371126
BLK,2025-10-28,2025-11-04,idiosyncratic,-2.745917100893066,0.24465483481839745,-0.05781583704339133,-0.05881583704339133,-0.026579752844965276,-0.03223608419842605
BLK,2025-11-05,2025-11-12,market_wide,-2.256598281203295,-1.48382400629982,0.018964956389577514,0.017964956389577513,0.017589478977577455,0.00037547741200005813
BLK,2025-11-13,2025-11-20,market_wide,-2.4068553069085987,-2.2661534353958466,-0.07210769497961933,-0.07310769497961933,-0.044375119510128624,-0.028732575469490707
BLK,2025-11-21,2025-12-01,market_wide,-2.178350474619183,-2.353941966308224,0.02485415747570685,0.02385415747570685,0.023568217197573516,0.0002859402781333342
BLK,2025-12-17,2025-12-24,market_wide,-3.1437549100184476,-5.768004974426221,0.02249766762136529,0.02149766762136529,0.028475410872589535,-0.006977743251224244
BLK,2026-01-09,2026-01-16,idiosyncratic,-2.2845748749849566,0.708348976740303,0.07194743359735445,0.07094743359735445,0.002247997488375786,0.06869943610897866
BLK,2026-01-27,2026-02-03,idiosyncratic,-2.1042501054437683,0.06495407307627295,-0.03308049079339159,-0.034080490793391593,0.016135986122858936,-0.05021647691625053
BLK,2026-02-04,2026-02-11,market_wide,-3.3402899895785048,-2.705693348413246,0.00624445362443149,0.00524445362443149,0.02099150840498676,-0.01574705478055527
BLK,2026-02-12,2026-02-20,market_wide,-2.750218371625896,-2.73459874840303,0.03600696427465322,0.03500696427465322,0.0024670645613393827,0.032539899713313836
BLK,2026-02-27,2026-03-06,market_wide,-2.420227094930312,-1.8084349427362099,-0.09636758006480384,-0.09736758006480384,-0.03917631517898945,-0.05819126488581439
BLK,2026-03-09,2026-03-16,market_wide,-3.411869087990368,-2.6173769842347117,-0.015046948111826164,-0.016046948111826165,-0.0022705222111805146,-0.01377642590064565
BLK,2026-03-27,2026-04-06,market_wide,-2.7258319673448312,-4.695469344409257,0.02737061285549336,0.02637061285549336,0.02499434392772759,0.001376268927765767
BLK,2026-05-19,2026-05-27,market_wide,-4.400408216851781,-2.218605099774812,0.03284746839957009,0.03184746839957009,0.03580788665090773,-0.0039604182513376385
BLK,2026-05-28,2026-06-04,idiosyncratic,-2.8913113050986743,0.7329622131238969,-0.022866826029366738,-0.02386682602936674,0.009563198489195512,-0.03343002451856225
BLK,2026-06-05,2026-06-12,market_wide,-2.639685298491457,-3.9556234038199216,0.03656082325628507,0.03556082325628507,0.011190798940857505,0.024370024315427563
BLK,2026-06-24,2026-07-01,market_wide,-3.955463630660961,-2.3048103418256725,-0.00225926364587814,-0.00325926364587814,-0.005105033768944667,0.0018457701230665266
BLK,2026-07-23,2026-07-30,market_wide,-2.1812684372395488,-3.8690428835220816,0.05901678402883892,0.05801678402883892,0.011970262112223073,0.046046521916615846
BLK,2026-08-20,2026-08-27,market_wide,-2.451344732931473,-4.5878613934193115,0.02434591223944893,0.02334591223944893,0.019822404631891555,0.0035235076075573746
BLK,2026-09-01,2026-09-09,market_wide,-4.350788159795692,-3.5570295974470145,-0.04482624503328836,-0.04582624503328836,-0.003433753451316801,-0.04239249158197156
BLK,2026-09-10,2026-09-17,market_wide,-3.28317803201865,-4.136060238631182,-0.007944336674142516,-0.008944336674142517,0.0022891216460709796,-0.011233458320213496
CVS,2015-08-04,2015-08-11,market_wide,-2.5660110442763724,-1.542933927897303,-0.017097221492634707,-0.018097221492634707,-0.004227641431955975,-0.013869580060678732
CVS,2015-08-12,2015-08-19,market_wide,-2.2363573345432597,-1.8035752288720432,-0.014402206179259469,-0.01540220617925947,-0.010101156100466135,-0.0053010500787933346
CVS,2015-08-20,2015-08-27,market_wide,-4.644589133128801,-6.9592080157018135,-0.007734222662863055,-0.008734222662863056,-0.016630950881944995,0.007896728219081939
CVS,2015-08-31,2015-09-08,market_wide,-2.025087148226578,-1.5752087145854365,-0.002539310640685022,-0.003539310640685022,0.00028938946562040435,-0.0038287001063054263
CVS,2015-09-09,2015-09-16,market_wide,-2.847613419893092,-1.1986214777811546,0.013069312480140427,0.012069312480140426,0.026796905250557446,-0.01472759277041702
CVS,2015-09-18,2015-09-25,market_wide,-4.30818637193162,-1.6085967929003713,-0.004241422412018969,-0.005241422412018969,-0.01641287146824133,0.01117144905622236
CVS,2015-09-28,2015-10-05,market_wide,-4.8311341044835086,-4.805330547568375,0.05832900052958112,0.05732900052958112,0.06699444427896961,-0.009665443749388491
CVS,2015-11-02,2015-11-09,idiosyncratic,-2.865602181588983,0.5716641914709013,-0.023809723510334058,-0.02480972351033406,-0.020591340449043538,-0.00421838306129052
CVS,2015-11-10,2015-11-17,market_wide,-2.917001471721169,-1.7535049604049706,-0.04139445174749101,-0.04239445174749101,-0.011308862369135642,-0.03108558937835537
CVS,2015-11-23,2015-12-01,idiosyncratic,-2.893748998487287,-0.1090015562412299,0.04248561265029305,0.04148561265029305,0.007861262537233404,0.03362435011305964
CVS,2015-12-11,2015-12-18,market_wide,-3.2122939741786363,-4.705110879386308,0.017374526744154517,0.016374526744154516,-0.0022694765968576114,0.018644003341012128
CVS,2016-01-06,2016-01-13,market_wide,-3.322013642508307,-3.840430521693715,-0.015174087026718408,-0.01617408702671841,-0.04996101777533446,0.03378693074861605
CVS,2016-01-15,2016-01-25,market_wide,-2.958371837115666,-3.1614033375681836,0.006309886849278579,0.005309886849278579,-0.012631693689158174,0.017941580538436752
CVS,2016-01-26,2016-02-02,market_wide,-2.324106772864829,-1.3163776545353985,0.009570533145865978,0.008570533145865977,-0.004483016495669956,0.013053549641535933
CVS,2016-02-05,2016-02-12,market_wide,-3.500349053530343,-2.809215653669104,0.029645528019048184,0.028645528019048183,0.004471492162728907,0.024174035856319276
CVS,2016-04-07,2016-04-14,market_wide,-2.8638377889332114,-2.039682707409551,0.0016840762263241604,0.0006840762263241604,0.02288514961038035,-0.02220107338405619
CVS,2016-04-28,2016-05-05,market_wide,-2.4004863948548363,-3.618730925190679,0.03892926355090709,0.03792926355090709,-0.02994472563862749,0.06787398918953458
CVS,2016-05-17,2016-05-24,market_wide,-4.923202474875557,-3.285489687938395,-0.04632300992475347,-0.04732300992475347,0.019896399059402103,-0.06721940898415557
CVS,2016-05-25,2016-06-02,idiosyncratic,-2.7041164770741157,1.2202184526105608,-0.011789236433553785,-0.012789236433553786,0.006473792540139245,-0.01926302897369303
CVS,2016-06-03,2016-06-10,idiosyncratic,-3.1947426321299615,-0.2588595826370601,0.004467534348635782,0.003467534348635782,-0.001845897124098772,0.005313431472734554
CVS,2016-06-13,2016-06-20,market_wide,-4.212992956598134,-4.325226594931983,-0.02662326301700979,-0.02762326301700979,0.00796093193252334,-0.03558419494953313
CVS,2016-06-21,2016-06-28,market_wide,-3.7580579507665846,-1.5215085762840772,0.005256873277014185,0.004256873277014185,-0.021383116021832294,0.025639989298846477
CVS,2016-07-27,2016-08-03,market_wide,-3.5936990659080648,-1.0808253238378807,0.05068483237061039,0.04968483237061039,-0.008921849966845308,0.058606682337455696
CVS,2016-08-19,2016-08-26,market_wide,-2.783160586150077,-1.2603483104236284,-0.038556532195379134,-0.039556532195379135,-0.005244531175003009,-0.034312001020376126
CVS,2016-08-29,2016-09-06,market_wide,-2.945523155137656,-1.224577432161158,0.003008669763505001,0.002008669763505001,-0.006372155689425285,0.008380825452930285
CVS,2016-09-07,2016-09-14,idiosyncratic,-2.210809459595111,-0.03149977901989039,-0.0445464763123995,-0.0455464763123995,-0.026479295286629068,-0.01906718102577043
CVS,2016-09-15,2016-09-22,market_wide,-2.5604548002467524,-1.5300235602113843,0.004659336840185047,0.0036593368401850465,0.010000557829004775,-0.006341220988819728
CVS,2016-09-26,2016-10-03,market_wide,-2.6524627330574004,-1.7188789664463393,-0.03147256080548799,-0.03247256080548799,0.011602844930675316,-0.04407540573616331
CVS,2016-10-04,2016-10-11,market_wide,-4.099940111184434,-2.189239366465673,0.0020874117684479554,0.0010874117684479554,-0.018590868194333643,0.019678279962781597
CVS,2016-10-17,2016-10-24,market_wide,-2.4755947108222895,-3.1039657435663695,0.020482360267582322,0.01948236026758232,0.017746971837639958,0.0017353884299423639
CVS,2016-10-28,2016-11-04,market_wide,-6.815040958179251,-3.347536887493603,-0.012596249813913052,-0.013596249813913053,-0.014052753410605634,0.0004565035966925812
CVS,2016-11-08,2016-11-15,idiosyncratic,-6.4565122935244945,-0.02893225504925064,0.02053556849227789,0.01953556849227789,0.024477656223413247,-0.004942087731135358
CVS,2016-11-16,2016-11-23,idiosyncratic,-2.403662321175665,-0.11192187292455458,-0.011936474671168318,-0.012936474671168319,0.012243920680184095,-0.025180395351352414
CVS,2016-11-25,2016-12-02,idiosyncratic,-2.819015854859641,0.5124567775090805,0.04806872218423752,0.04706872218423752,-0.016406346648727754,0.06347506883296528
CVS,2017-01-20,2017-01-27,market_wide,-2.332249591810776,-1.140537429239024,-0.04671440521663761,-0.04771440521663761,-0.0007554359384317477,-0.046958969278205864
CVS,2017-01-30,2017-02-06,market_wide,-2.619805227277466,-1.469175545671873,-0.033172277544248785,-0.034172277544248786,-0.0016169147947672213,-0.032555362749481564
CVS,2017-03-09,2017-03-16,market_wide,-2.5136416615706234,-2.677426914952544,-0.014126402003875382,-0.015126402003875383,0.009330236125783875,-0.02445663812965926
CVS,2017-03-17,2017-03-24,market_wide,-3.979560457190309,-1.1073711856509205,-0.004944213468722092,-0.005944213468722092,-0.010617098410276027,0.004672884941553935
CVS,2017-03-27,2017-04-03,market_wide,-2.6390217804856397,-2.6252836243904643,-0.005859365414385809,-0.006859365414385809,0.004123459392271878,-0.010982824806657687
CVS,2017-04-05,2017-04-12,market_wide,-6.076413154761217,-1.6450856297494976,0.012073074048263077,0.011073074048263076,-0.008598924088717541,0.019671998136980617
CVS,2017-05-12,2017-05-19,market_wide,-2.0828508020402894,-1.4736726826919702,-0.048497456467385014,-0.049497456467385015,-0.0034887447498186397,-0.046008711717566375
CVS,2017-05-23,2017-05-31,idiosyncratic,-2.1337748613779546,-0.16956114350724752,-0.0056945706065580914,-0.0066945706065580915,0.016651734589138156,-0.02334630519569625
CVS,2017-06-16,2017-06-23,market_wide,-4.017632274161381,-1.701501451258228,0.004541693141825398,0.003541693141825398,0.012087030288887135,-0.008545337147061738
CVS,2017-07-10,2017-07-17,market_wide,-2.6644452712854494,-1.158513993319744,0.0020474953328382117,0.0010474953328382117,0.01487352994497848,-0.01382603461214027
CVS,2017-07-18,2017-07-25,idiosyncratic,-2.6838685136280804,0.060982653580702775,0.018245417425171828,0.017245417425171827,0.0013047831350634365,0.01594063429010839
CVS,2017-08-08,2017-08-15,market_wide,-2.0039119820452465,-1.8879330824534106,0.0068728586665196545,0.0058728586665196545,0.0008149247698097106,0.005057933896709944
CVS,2017-08-18,2017-08-25,market_wide,-3.9513482364357904,-2.9771997997229644,-0.029745145447987453,-0.030745145447987454,0.0037825368368775703,-0.034527682284865024
CVS,2017-08-28,2017-09-05,market_wide,-2.6324959290940173,-1.4969953909598352,0.04280436043684488,0.04180436043684488,0.017239168872802857,0.02456519156404202
CVS,2017-10-02,2017-10-09,idiosyncratic,-2.066169349326886,1.618681913306981,-0.08010386556576321,-0.08110386556576321,-0.0021202289939802332,-0.07898363657178298
CVS,2017-10-10,2017-10-17,idiosyncratic,-2.875989785668596,-0.020659659536179133,-0.027840594349767045,-0.028840594349767046,0.0019738351597233805,-0.030814429509490426
CVS,2017-10-18,2017-10-25,idiosyncratic,-2.2140275276394417,0.37104069917613863,0.026004888968132134,0.025004888968132133,0.013505255334150812,0.011499633633981321
CVS,2017-10-27,2017-11-03,idiosyncratic,-4.160045296480916,0.9259572073837282,0.0037690257031675056,0.0027690257031675056,0.0019150176381499406,0.000854008065017565
CVS,2017-11-06,2017-11-13,idiosyncratic,-2.770007368943687,0.40149032286691055,0.0700596850763473,0.0690596850763473,0.010380446133937848,0.05867923894240945
CVS,2017-12-12,2017-12-19,idiosyncratic,-2.067884783861153,0.39379208999542664,-0.007412941510245408,-0.008412941510245409,0.007436212505945505,-0.015849154016190914
CVS,2018-01-30,2018-02-06,market_wide,-2.199066382169884,-1.66859250988676,-0.07694241075966968,-0.07794241075966968,-0.052553358969766095,-0.025389051789903583
CVS,2018-02-07,2018-02-14,market_wide,-2.7047527177411554,-2.5752666398830946,-0.06133173777747003,-0.06233173777747003,0.00272409961115061,-0.06505583738862064
CVS,2018-02-15,2018-02-23,market_wide,-2.5580460908014557,-1.2504182123367487,-0.03305435689496139,-0.03405435689496139,0.0037109053883368492,-0.03776526228329824
CVS,2018-02-26,2018-03-05,idiosyncratic,-3.0737380133650856,0.7789795032976048,0.0011724144207194698,0.00017241442071946975,-0.015630399848139742,0.01580281426885921
CVS,2018-03-06,2018-03-13,market_wide,-3.145196899996059,-1.6637932214719562,0.00886897690812094,0.00786897690812094,0.013720323167379922,-0.005851346259258983
CVS,2018-03-15,2018-03-22,market_wide,-4.4859820383328755,-1.047641207603971,-0.061797843790574736,-0.06279784379057474,-0.04106213139440229,-0.021735712396172446
CVS,2018-03-23,2018-04-02,market_wide,-3.0182456411790852,-4.724765367712079,0.0029578121158646553,0.0019578121158646553,-0.0028524804367403567,0.004810292552605012
CVS,2018-05-02,2018-05-09,market_wide,-2.2304561826925253,-3.1623824319690423,-0.07173204665921984,-0.07273204665921984,0.02385351176542483,-0.09658555842464467
CVS,2018-05-10,2018-05-17,idiosyncratic,-2.011012767968872,1.2552580322090756,0.05317116330279492,0.05217116330279492,0.015090155583015408,0.03708100771977951
CVS,2018-05-29,2018-06-05,market_wide,-3.7802010316132275,-5.57572266863802,-0.02268541468298768,-0.023685414682987682,0.024011943408186465,-0.04769735809117415
CVS,2018-06-28,2018-07-06,market_wide,-4.869364531080606,-2.3588497525630077,0.010641656461012117,0.009641656461012116,0.019619549736918263,-0.009977893275906147
CVS,2018-07-24,2018-07-31,idiosyncratic,-2.296437469517749,0.48652064341892703,-0.01097863594836579,-0.01197863594836579,0.014276627244110829,-0.02625526319247662
CVS,2018-08-01,2018-08-08,market_wide,-3.620724175890843,-2.167754634129865,0.06366097346893818,0.06266097346893817,0.01911040380781226,0.043550569661125915
CVS,2018-10-11,2018-10-18,market_wide,-14.880788760377001,-4.848651350068813,0.01830791664024578,0.01730791664024578,0.011294496097982165,0.0060134205422636144
CVS,2018-10-19,2018-10-26,market_wide,-2.002753555924463,-1.996606392225384,-0.04819806597389942,-0.04919806597389942,-0.048049063811991144,-0.0011490021619082746
CVS,2018-10-29,2018-11-05,market_wide,-2.2370274710255607,-3.087552543006335,0.04465568384425489,0.04365568384425489,0.044295752754131,-0.0006400689098761125
CVS,2018-11-20,2018-11-28,market_wide,-5.93944346178811,-4.144056452742465,0.06289725432520332,0.06189725432520332,0.03944440927924453,0.02245284504595879
CVS,2018-12-07,2018-12-14,market_wide,-3.051106801977832,-3.1221254254457516,-0.029828520368726408,-0.03082852036872641,-0.01462437183102161,-0.0162041485377048
CVS,2018-12-17,2018-12-24,market_wide,-3.1773792234845923,-4.050336018899946,-0.10991655813533241,-0.11091655813533241,-0.07021732064607455,-0.040699237489257856
CVS,2018-12-26,2019-01-03,market_wide,-2.2322978167068834,-1.7478476133550653,-0.0027518852237190528,-0.0037518852237190528,-0.00472031999633149,0.0009684347726124374
CVS,2019-01-10,2019-01-17,idiosyncratic,-2.29517029687685,0.20066877509277148,-0.03325726249133121,-0.03425726249133121,0.0015357451875597228,-0.03579300767889093
CVS,2019-01-22,2019-01-29,market_wide,-2.048745930811817,-1.0570417633757976,0.017243670081690254,0.016243670081690254,0.004225110254800102,0.012018559826890152
CVS,2019-02-20,2019-02-27,idiosyncratic,-3.2315790351378686,0.2056963754483144,-0.08906876982993972,-0.09006876982993972,0.00041123692491540353,-0.09048000675485512
CVS,2019-03-01,2019-03-08,idiosyncratic,-2.71162379253027,0.5876057430474024,-0.08945478428495879,-0.09045478428495879,-0.0223919729404497,-0.06806281134450909
CVS,2019-03-25,2019-04-01,market_wide,-2.21561926026778,-2.5738406631410387,-0.013830737652021252,-0.014830737652021253,0.02847119313886104,-0.04330193079088229
CVS,2019-04-02,2019-04-09,idiosyncratic,-3.7849752923636912,0.061977782824682796,0.030500712468758184,0.029500712468758183,0.001100813388154931,0.028399899080603253
CVS,2019-04-11,2019-04-18,idiosyncratic,-2.2621938661213874,-0.21910914331719128,-0.0011388316402930476,-0.0021388316402930476,0.0235740472655368,-0.02571287890582985
CVS,2019-05-13,2019-05-20,market_wide,-3.2273113800396698,-4.449986711310372,-0.015235959889180695,-0.016235959889180696,-0.0035890418253733403,-0.012646918063807355
CVS,2019-05-23,2019-05-31,market_wide,-2.537633405867446,-2.7436834065560953,-0.007956193734152017,-0.008956193734152018,-0.025351392937975614,0.016395199203823596
CVS,2019-06-20,2019-06-27,idiosyncratic,-2.56615400822898,1.2141058454914464,0.016150297433504823,0.015150297433504822,0.00188752395432501,0.013262773479179812
CVS,2019-07-22,2019-07-29,market_wide,-2.278836273554452,-1.9801945424130003,0.023150427486169578,0.022150427486169577,0.021982551291780617,0.00016787619438896062
CVS,2019-08-01,2019-08-08,market_wide,-2.5879140565980165,-4.046740992769481,0.06628112920532447,0.06528112920532447,-0.00414931946835817,0.06943044867368264
CVS,2019-08-27,2019-09-04,market_wide,-2.401679800636946,-1.6155465096222172,0.041729989694706315,0.040729989694706314,0.026164866529786668,0.014565123164919647
CVS,2019-09-23,2019-09-30,market_wide,-2.950606236583833,-1.435559092877349,-0.004419714705728328,-0.005419714705728328,-0.00912824338862428,0.0037085286828959516
CVS,2019-10-01,2019-10-08,market_wide,-2.4917491430949648,-4.151633828405124,-0.03159584359316536,-0.03259584359316536,-0.021168774080432273,-0.01142706951273309
CVS,2019-10-09,2019-10-16,market_wide,-2.977097444193058,-1.8309950057126174,0.07582237757374766,0.07482237757374766,0.0319767990449773,0.042845578528770356
CVS,2019-12-03,2019-12-10,market_wide,-3.7688966025201376,-3.421266528581822,-0.020479186593892362,-0.021479186593892363,0.014811945546267635,-0.03629113214016
CVS,2019-12-13,2019-12-20,idiosyncratic,-2.408617069134825,0.08841001698004217,0.013452988971003776,0.012452988971003776,0.013697632509213298,-0.0012446435382095222
CVS,2020-01-03,2020-01-10,market_wide,-2.4690330647505254,-1.2840841400401626,-0.019845084465905938,-0.02084508446590594,0.012200379998605904,-0.03304546446451184
CVS,2020-01-13,2020-01-21,idiosyncratic,-2.1798595328940498,0.7345807320473029,0.025151568686597292,0.02415156868659729,0.006408710921880223,0.017742857764717068
CVS,2020-01-24,2020-01-31,market_wide,-3.053109798228222,-1.3484841174970699,-0.05053916424306315,-0.05153916424306315,-0.04036837055778886,-0.011170793685274294
CVS,2020-02-03,2020-02-10,market_wide,-3.666930748582458,-2.193765262510293,0.094426912173597,0.093426912173597,0.03061280546681644,0.06281410670678056
CVS,2020-02-21,2020-02-28,market_wide,-2.2790138304584904,-2.522202113299901,-0.17242355242676155,-0.17342355242676155,-0.11001629544762448,-0.06340725697913707
CVS,2020-03-09,2020-03-16,market_wide,-2.448435494863485,-5.520981952147033,-0.14681868645557827,-0.14781868645557827,-0.1091069719699822,-0.03871171448559607
CVS,2020-03-18,2020-03-25,market_wide,-2.0172836387378092,-2.9892186462573904,-0.0619096071423606,-0.0629096071423606,0.012135457136337235,-0.07504506427869784
CVS,2020-05-01,2020-05-08,market_wide,-3.110493695111772,-1.7443197913224189,0.05728636233767781,0.05628636233767781,0.036260303992809995,0.020026058344867814
CVS,2020-06-11,2020-06-18,market_wide,-4.598441166829006,-3.034098724813358,0.021057681000294926,0.020057681000294925,0.032490347591615176,-0.012432666591320252
CVS,2020-06-19,2020-06-26,market_wide,-2.3282117357854166,-1.7531576278939376,-0.016126423205879092,-0.017126423205879093,-0.02880935720350508,0.011682933997625988
CVS,2020-07-08,2020-07-15,idiosyncratic,-3.02824681007311,-0.1693398369404115,0.022806549179771318,0.021806549179771317,0.02397135306245901,-0.0021648038826876936
CVS,2020-07-27,2020-08-03,market_wide,-3.0294404532932444,-1.0800902673483261,0.020616891632490697,0.019616891632490696,0.010513495414435248,0.009103396218055448
CVS,2020-08-20,2020-08-27,idiosyncratic,-4.277198711544115,-0.19589399808489144,-0.005179131488535327,-0.006179131488535327,0.037104418039750175,-0.0432835495282855
CVS,2020-08-28,2020-09-04,idiosyncratic,-2.51332105868069,0.5231138363202114,-0.0469861440006234,-0.0479861440006234,-0.015511634827961474,-0.032474509172661925
CVS,2020-09-08,2020-09-15,market_wide,-2.9741853990993445,-5.182723431706744,-0.04249937360831013,-0.04349937360831013,0.02772711125501548,-0.07122648486332561
CVS,2020-09-16,2020-09-23,market_wide,-2.429590799649551,-2.318044106488908,-0.0013915315343612233,-0.0023915315343612234,-0.03791089730383812,0.035519365769476896
CVS,2020-09-24,2020-10-01,market_wide,-3.693951868674195,-3.0575113741159266,0.01992619878003654,0.01892619878003654,0.026344318927511434,-0.007418120147474894
CVS,2020-10-19,2020-10-26,market_wide,-2.6830271549560525,-1.964660672921002,0.02186707216841044,0.02086707216841044,-0.017634511401465214,0.03850158356987565
CVS,2020-10-27,2020-11-03,market_wide,-3.225932604908336,-3.660234723922188,0.022356053642593077,0.021356053642593076,0.005249487021493193,0.016106566621099883
CVS,2020-11-19,2020-11-27,market_wide,-2.175406485860196,-1.1765674988787016,0.02739938203120862,0.026399382031208618,0.01637322809623476,0.010026153934973858
CVS,2020-12-01,2020-12-08,idiosyncratic,-2.7724935508467774,0.747689637058884,0.09357416363321369,0.09257416363321369,0.017481698974802118,0.07509246465841157
CVS,2020-12-16,2020-12-23,idiosyncratic,-2.8207537109200533,0.0,-0.01889750733683515,-0.019897507336835152,-0.006521505636243208,-0.013376001700591944
CVS,2020-12-28,2021-01-05,idiosyncratic,-2.8295879164016258,0.686970148015706,0.0349587700038656,0.0339587700038656,0.011543253167870748,0.022415516835994853
CVS,2021-01-25,2021-02-01,idiosyncratic,-3.9220461129634234,0.0544125200860924,-0.023903929603352414,-0.024903929603352415,-0.014928520310437787,-0.009975409292914628
CVS,2021-02-05,2021-02-12,idiosyncratic,-2.119032870586467,0.2970585242141935,0.028124393139713266,0.027124393139713265,0.014589743970627289,0.012534649169085976
CVS,2021-02-16,2021-02-23,idiosyncratic,-4.1084422097228614,-0.06440494879477288,-0.012618590826293019,-0.01361859082629302,-0.007400609540540559,-0.006217981285752461
CVS,2021-02-25,2021-03-04,market_wide,-2.875730298743743,-5.263398703609781,-0.0023076860342079453,-0.0033076860342079453,-0.01865729503833835,0.015349609004130405
CVS,2021-03-23,2021-03-30,market_wide,-2.6148800918234283,-2.0123237956086,0.05813640520496555,0.057136405204965546,0.029610109623246617,0.02752629558171893
CVS,2021-04-08,2021-04-15,idiosyncratic,-2.5460514005416273,0.28332236364038127,0.026968443577280343,0.025968443577280342,0.014469251979699171,0.011499191597581171
CVS,2021-06-01,2021-06-08,idiosyncratic,-2.2791997363650576,-0.1141651134697672,-0.0006986972914559963,-0.0016986972914559964,0.007974682823158608,-0.009673380114614605
CVS,2021-06-10,2021-06-17,idiosyncratic,-2.7252698901765906,0.6931397583618831,-0.014854077169990765,-0.015854077169990766,-0.00874303535739751,-0.007111041812593255
CVS,2021-06-18,2021-06-25,market_wide,-5.581718909568486,-7.10743346147284,0.020388364673377124,0.019388364673377123,0.030209772988179617,-0.010821408314802494
CVS,2021-06-29,2021-07-07,idiosyncratic,-2.4902278599701138,0.0640820001010199,-0.025751731994726357,-0.026751731994726358,0.011928138573722213,-0.03867987056844857
CVS,2021-07-09,2021-07-16,idiosyncratic,-2.049356995498487,0.3286336453295614,0.004918976162184618,0.003918976162184618,-0.009820421122012535,0.013739397284197152
CVS,2021-07-19,2021-07-26,market_wide,-2.683192542393953,-5.952430801746607,0.033492911097121825,0.032492911097121824,0.02692367272118079,0.0055692383759410324
CVS,2021-08-05,2021-08-12,idiosyncratic,-5.581583283405622,0.35239707614335675,0.06358483599447662,0.06258483599447662,0.0012133206907742888,0.06137151530370233
CVS,2021-08-24,2021-08-31,idiosyncratic,-3.1766280884745175,0.26096676402625035,0.03078410903587292,0.02978410903587292,0.008807079728468947,0.02097702930740397
CVS,2021-09-10,2021-09-17,market_wide,-2.563975028646844,-3.7272398124953874,0.02052756453489457,0.01952756453489457,-0.007838822461382788,0.02736638699627736
CVS,2021-09-20,2021-09-27,market_wide,-2.4985567672609337,-5.35368219580822,0.013714842187798837,0.012714842187798836,0.023729427657136037,-0.011014585469337201
CVS,2021-09-30,2021-10-07,market_wide,-2.158342614414021,-3.4424278665460353,-0.0077775535011248564,-0.008777553501124857,0.017493896233045536,-0.026271449734170393
CVS,2021-10-08,2021-10-15,market_wide,-2.1550976622387,-1.1943813446381575,0.01742310757414378,0.01642310757414378,0.02006685621425075,-0.0036437486401069696
CVS,2021-11-16,2021-11-23,idiosyncratic,-2.5920426085466803,0.14785896135665902,0.008073852783132995,0.007073852783132995,-0.007424731345035407,0.014498584128168401
CVS,2021-11-24,2021-12-02,idiosyncratic,-3.3527281507507385,-0.13775990641450422,-0.02871041911649308,-0.02971041911649308,-0.03573045472212477,0.006020035605631691
CVS,2021-12-03,2021-12-10,market_wide,-2.12551592502024,-2.3569440249964044,0.08792772003188531,0.08692772003188531,0.03879382906073947,0.04813389097114584
CVS,2022-01-06,2022-01-13,market_wide,-2.2110645661095467,-2.4449111838890834,0.026805698289160462,0.02580569828916046,-0.0014004356307897314,0.027206133919950193
CVS,2022-01-19,2022-01-26,market_wide,-2.487617654926259,-4.779684190609187,0.01904772373318253,0.01804772373318253,-0.026975102791456318,0.04502282652463885
CVS,2022-02-09,2022-02-16,idiosyncratic,-3.3240771185428324,0.022905273926918646,-0.008111362077183215,-0.009111362077183216,-0.025109107507658046,0.01599774543047483
CVS,2022-02-17,2022-02-25,market_wide,-2.940953395293048,-3.9503945987374314,0.019550331493319195,0.018550331493319194,0.005674880272766858,0.012875451220552336
CVS,2022-03-01,2022-03-08,market_wide,-2.114756818381911,-2.168927321706951,0.003037587593768265,0.002037587593768265,-0.024535872413140924,0.02657346000690919
CVS,2022-03-29,2022-04-05,idiosyncratic,-5.174041056351607,0.6093525489456267,-0.0498664382230094,-0.0508664382230094,-0.030341386545912008,-0.020525051677097395
CVS,2022-04-22,2022-04-29,market_wide,-3.668369247395761,-5.348748018839077,-0.05458310757385931,-0.055583107573859314,-0.02237034324235765,-0.033212764331501665
CVS,2022-05-02,2022-05-09,market_wide,-3.5158851273357903,-2.573803783174972,0.02445571935391455,0.02345571935391455,-0.02386264672928584,0.04731836608320039
CVS,2022-05-18,2022-05-25,market_wide,-5.93916419830853,-3.314902863342677,0.033290948631079065,0.032290948631079064,0.013424075417908687,0.018866873213170376
CVS,2022-06-07,2022-06-14,idiosyncratic,-2.1284515001877766,-0.19839902871722132,-0.05504602494536981,-0.05604602494536981,-0.08408529034544399,0.028039265400074176
CVS,2022-06-15,2022-06-23,market_wide,-2.5205659549672044,-2.3361315790612145,0.01006019296472438,0.009060192964724378,-0.008340112946257583,0.01740030591098196
CVS,2022-07-14,2022-07-21,market_wide,-2.670122348831464,-2.870684468930785,0.00971430796663153,0.00871430796663153,0.05406802797468924,-0.04535372000805771
CVS,2022-08-22,2022-08-29,market_wide,-2.8395585075680034,-2.4935361414568304,-0.01964025136423031,-0.02064025136423031,-0.02949948926801116,0.008859237903780848
CVS,2022-08-30,2022-09-07,market_wide,-3.6652192917604975,-3.3528552577824726,0.019028054915093406,0.018028054915093406,-0.0016126943355703194,0.019640749250663725
CVS,2022-09-21,2022-09-28,market_wide,-3.9666710125557954,-3.8528464253548327,-0.01613706688713923,-0.01713706688713923,-0.017234779696835845,9.771280969661511e-05
CVS,2022-09-29,2022-10-06,market_wide,-2.7111989052223713,-2.627727043113713,0.016498399073506365,0.015498399073506364,0.03894336285444955,-0.023444963780943184
CVS,2022-10-07,2022-10-14,market_wide,-7.953728984312804,-2.287078223319572,0.011898028930106719,0.010898028930106718,-0.005221012386430801,0.01611904131653752
CVS,2022-10-20,2022-10-27,market_wide,-2.206351757154795,-1.3064822686224453,0.018793032884102612,0.01779303288410261,0.05307500950920274,-0.03528197662510013
CVS,2022-11-16,2022-11-23,idiosyncratic,-3.237088184750292,-0.2787873325733805,0.041206861535509454,0.04020686153550945,0.02491057439381561,0.015296287141693843
CVS,2022-12-14,2022-12-21,market_wide,-4.009380175146511,-1.409908623321389,-0.06515683400079597,-0.06615683400079597,-0.028921993021845283,-0.03723484097895069
CVS,2022-12-22,2022-12-30,market_wide,-2.8554196510756675,-2.6425800713850363,-0.0022485546813624246,-0.0032485546813624247,0.008844295407235858,-0.012092850088598284
CVS,2023-01-03,2023-01-10,market_wide,-2.6724950010360162,-2.1203357537552567,-0.02432490608237159,-0.02532490608237159,0.0390829639464747,-0.06440787002884629
CVS,2023-01-11,2023-01-19,idiosyncratic,-3.444407459473757,1.1480433405362733,-0.01856038843313279,-0.01956038843313279,-0.03267716746262661,0.013116779029493819
CVS,2023-01-23,2023-01-30,idiosyncratic,-2.7407283986439417,0.503720929636984,-0.0017202591378420173,-0.0027202591378420174,0.002896087132471248,-0.005616346270313265
CVS,2023-02-02,2023-02-09,idiosyncratic,-2.6593289754384375,0.9718121151696149,0.045137949907288144,0.04413794990728814,-0.02182788724333995,0.06596583715062809
CVS,2023-02-22,2023-03-01,market_wide,-2.3526477795541765,-3.5540162848520644,-0.05435137351205899,-0.05535137351205899,-0.0038933412161875625,-0.051458032295871425
CVS,2023-03-02,2023-03-09,market_wide,-3.4009329638090824,-2.5449888678629633,-0.05440259853708407,-0.05540259853708407,-0.02184119330478629,-0.03356140523229778
CVS,2023-03-10,2023-03-17,market_wide,-3.404421501795997,-4.723577899227167,-0.035408542800455134,-0.036408542800455135,-0.0013821164392814334,-0.0350264263611737
CVS,2023-03-20,2023-03-27,market_wide,-2.936917664813906,-1.520224954785568,-0.01880514538950706,-0.01980514538950706,0.00666070408231878,-0.026465849471825842
CVS,2023-04-19,2023-04-26,idiosyncratic,-3.5876728063515335,-0.02737878339302838,-0.018273160066479388,-0.01927316006647939,-0.03220794561079221,0.012934785544312821
CVS,2023-04-28,2023-05-05,idiosyncratic,-2.1202193833017406,0.5054095450750535,-0.03587516358178544,-0.03687516358178544,-0.01836324276878265,-0.01851192081300279
CVS,2023-05-09,2023-05-16,market_wide,-2.2128644522264445,-1.1860591376550227,-0.04101755962728593,-0.04201755962728593,-0.010534535569134307,-0.03148302405815162
CVS,2023-05-25,2023-06-02,market_wide,-2.718628653906219,-1.345034538883133,0.034283942607833406,0.033283942607833406,0.028268102090143854,0.0050158405176895515
CVS,2023-06-14,2023-06-22,idiosyncratic,-4.095125852346352,0.0972301244469175,0.04141064082273371,0.04041064082273371,-0.003001279654653133,0.043411920477386845
CVS,2023-06-27,2023-07-05,market_wide,-2.1851779650032106,-1.5845556376949776,0.013249724232253568,0.012249724232253567,0.004217742763511501,0.008031981468742067
CVS,2023-08-03,2023-08-10,market_wide,-2.9178901176703804,-3.5810994378477408,-0.004843720125318085,-0.005843720125318085,-0.008788919976207454,0.0029451998508893693
CVS,2023-08-14,2023-08-21,market_wide,-2.2748993025831656,-2.233968063770056,-0.09765928970835491,-0.09865928970835491,-0.0253204529192278,-0.07333883678912712
CVS,2023-08-22,2023-08-29,market_wide,-2.2515875602640394,-2.282740496570168,0.0011929130286720824,0.00019291302867208236,0.02397238128233803,-0.023779468253665947
CVS,2023-08-30,2023-09-07,idiosyncratic,-3.170541820741882,0.4689160564361048,-0.01840492760906831,-0.019404927609068312,-0.01098111257394907,-0.008423815035119242
CVS,2023-09-27,2023-10-04,market_wide,-3.450943384442746,-2.9661266137662365,-0.011464817051117793,-0.012464817051117794,-0.012204213916202189,-0.0002606031349156046
CVS,2023-10-05,2023-10-12,market_wide,-2.3434066249225385,-2.3817529627436036,0.016774271412698383,0.015774271412698382,0.00951432115166262,0.006259950261035763
CVS,2023-10-20,2023-10-27,market_wide,-4.018030168542482,-4.61636418937236,-0.03997114462421214,-0.04097114462421214,-0.024082654590721564,-0.016888490033490577
CVS,2023-10-30,2023-11-06,market_wide,-2.182403246199199,-2.3157455133810783,0.04514032013272162,0.04414032013272162,0.045058298607000724,-0.000917978474279102
CVS,2023-11-10,2023-11-17,idiosyncratic,-2.211541298763049,0.33825096318771053,0.01669622103096846,0.01569622103096846,0.040953374744376214,-0.025257153713407754
CVS,2023-11-20,2023-11-28,idiosyncratic,-2.2449760913331738,0.5156245878729412,0.015528936115933645,0.014528936115933644,0.001075178279686062,0.013453757836247582
CVS,2023-11-29,2023-12-06,idiosyncratic,-5.2504484793999495,-0.27259794184273095,0.09865452231672012,0.09765452231672012,0.016517356525837856,0.08113716579088226
CVS,2024-01-10,2024-01-18,idiosyncratic,-2.1946500112858103,-0.035902708095958115,-0.06764268795960071,-0.06864268795960071,-0.0028442125381624717,-0.06579847542143824
CVS,2024-01-19,2024-01-26,idiosyncratic,-3.1978520300473963,1.6384901244312156,-0.0030046078230243634,-0.004004607823024363,-0.0022376330793626442,-0.0017669747436617192
CVS,2024-01-29,2024-02-05,idiosyncratic,-2.0531018890089006,0.5767204261470059,-0.014153552384468138,-0.015153552384468139,-0.022059974991912368,0.006906422607444229
CVS,2024-02-27,2024-03-05,idiosyncratic,-2.6709427784336874,-0.19350962694772736,-0.03356491341839385,-0.03456491341839385,0.01174075520686002,-0.04630566862525387
CVS,2024-03-07,2024-03-14,idiosyncratic,-2.0814344456461384,0.8151140207741994,0.028532756261268055,0.027532756261268054,-0.0018772401839439734,0.029409996445212028
CVS,2024-04-02,2024-04-09,market_wide,-8.256467450024983,-1.289376663801626,-0.006231267794207684,-0.007231267794207684,-0.003218773963279742,-0.0040124938309279426
CVS,2024-04-10,2024-04-17,market_wide,-3.057444120312019,-3.087224644894863,-0.03583967275505551,-0.03683967275505551,-0.029127634963963422,-0.007712037791092086
CVS,2024-04-18,2024-04-25,market_wide,-2.0264246218778394,-2.822868494538,-0.02029821980294333,-0.02129821980294333,0.016704644860277007,-0.03800286466322034
CVS,2024-04-29,2024-05-06,idiosyncratic,-2.6704597680156215,0.4706550415175563,-0.1702001145049027,-0.1712001145049027,-0.0009841929488615397,-0.17021592155604115
CVS,2024-05-07,2024-05-14,idiosyncratic,-2.084108698768754,0.11786612550754061,0.004664407810491378,0.0036644078104913777,0.021302606769803445,-0.017638198959312068
CVS,2024-05-23,2024-05-31,market_wide,-2.58010464636886,-1.1904328081326414,0.07097919265353436,0.06997919265353436,-0.002509151980811475,0.07248834463434584
CVS,2024-06-14,2024-06-24,idiosyncratic,-2.4466976772776166,0.0625319204748,0.025074593232295106,0.024074593232295105,0.020472772240368364,0.0036018209919267408
CVS,2024-06-27,2024-07-05,idiosyncratic,-6.34872267022197,-0.14675191975077664,-0.02981498808627303,-0.030814988086273032,0.003915255169143261,-0.03473024325541629
CVS,2024-07-08,2024-07-15,idiosyncratic,-2.564904934181537,0.17228601043031422,0.03128840505691888,0.030288405056918877,0.018596277928724758,0.011692127128194119
CVS,2024-07-23,2024-07-30,market_wide,-2.4116582502585366,-2.356068675437463,0.08987395879856486,0.08887395879856486,0.004380531717512737,0.08449342708105212
CVS,2024-08-02,2024-08-09,market_wide,-2.2919944838662674,-3.9256804729153907,-0.037255412583718894,-0.038255412583718895,-0.0037021275251042374,-0.03455328505861466
CVS,2024-08-12,2024-08-19,market_wide,-3.5067540590423723,-1.5147512726309658,0.05357463420246589,0.052574634202465886,0.03939103369375796,0.013183600508707927
CVS,2024-08-29,2024-09-06,market_wide,-3.0832054519961147,-1.224108828563329,0.013691295126651903,0.012691295126651903,-0.028732986234013658,0.04142428136066556
CVS,2024-09-09,2024-09-16,market_wide,-3.59666705163236,-2.3476022242284795,0.0336461484208046,0.0326461484208046,0.03269817859921509,-5.203017841048929e-05
CVS,2024-10-18,2024-10-25,idiosyncratic,-6.201802368511906,0.05253509906740019,-0.05337244670061292,-0.05437244670061292,-0.0233169349761978,-0.03105551172441512
CVS,2024-10-28,2024-11-04,market_wide,-2.360906340801308,-1.5508103179885262,-0.04724544793562513,-0.04824544793562513,-0.01047998464872435,-0.03776546328690078
CVS,2024-11-05,2024-11-12,market_wide,-2.7889749452695676,-1.2475930819229877,-0.02367186001792365,-0.024671860017923652,0.03059454898913172,-0.05526640900705537
CVS,2024-11-13,2024-11-20,idiosyncratic,-3.5410780635655237,-0.12412365926074254,0.04717151178773982,0.046171511787739816,-0.017696342106859775,0.06386785389459959
CVS,2024-12-05,2024-12-12,idiosyncratic,-2.760215076902239,-0.19014176421230494,-0.12803384365138004,-0.12903384365138004,-0.014622528031148052,-0.11441131562023199
CVS,2024-12-13,2024-12-20,market_wide,-3.147542092138571,-1.7516734882601586,-0.10147861620046328,-0.10247861620046328,-0.030650773135228793,-0.07182784306523449
CVS,2024-12-23,2024-12-31,market_wide,-2.615347921182368,-1.3028064004069435,0.01699131491277983,0.01599131491277983,-0.009170474618616864,0.025161789531396694
CVS,2025-01-02,2025-01-10,market_wide,-2.1894665714042825,-2.467338775886814,0.08570771540574418,0.08470771540574418,0.003036488653238356,0.08167122675250582
CVS,2025-02-07,2025-02-14,market_wide,-3.335428776884709,-2.2964164092023545,0.2188482950366213,0.2178482950366213,0.022957294139781315,0.19489100089683997
CVS,2025-04-04,2025-04-11,market_wide,-9.24060625319765,-6.375232148645987,0.09189461218348116,0.09089461218348116,0.033618889686305,0.05727572249717616
CVS,2025-04-21,2025-04-28,market_wide,-2.1979813594564206,-2.0361110168718723,0.006588771203206889,0.005588771203206889,0.060968170276334055,-0.05537939907312717
CVS,2025-04-29,2025-05-06,idiosyncratic,-2.4199115360536396,0.2862676049049903,0.018453015830304675,0.017453015830304675,-0.0034440907365144158,0.02089710656681909
CVS,2025-05-12,2025-05-19,idiosyncratic,-3.5224528507779866,3.061898163832115,-0.031322267788765124,-0.032322267788765124,0.009888339949667868,-0.04221060773843299
CVS,2025-05-22,2025-05-30,market_wide,-2.833557453217433,-1.0589714666187933,0.06343415523666063,0.06243415523666063,0.010065498996604694,0.05236865624005593
CVS,2025-07-02,2025-07-10,idiosyncratic,-2.704844205504384,0.28033215238272535,-0.014714616726380969,-0.01571461672638097,0.0049797367804309545,-0.020694353506811924
CVS,2025-07-14,2025-07-21,idiosyncratic,-3.5116612101132962,-0.2797451787185858,-0.042262363918417645,-0.043262363918417646,-0.01748985871884967,-0.025772505199567974
CVS,2025-07-22,2025-07-29,idiosyncratic,-2.9214411906133764,0.03371212152840619,-0.017681798760101897,-0.018681798760101898,-0.002334748744236337,-0.01634705001586556
CVS,2025-09-08,2025-09-15,idiosyncratic,-3.4637308597132686,-0.10474279486271437,0.045545201815767156,0.044545201815767155,0.02025335510350157,0.024291846712265586
CVS,2025-10-29,2025-11-05,idiosyncratic,-2.3606144369890694,0.03792004188813544,-0.025434188311219685,-0.026434188311219686,-0.008338356915737588,-0.018095831395482098
CVS,2025-11-14,2025-11-21,market_wide,-2.9419898921465424,-2.11969413252747,0.002827376696744599,0.001827376696744599,-0.024589410946466717,0.026416787643211315
CVS,2025-12-02,2025-12-09,idiosyncratic,-2.0627984449792613,-0.17775699864552386,0.007987574437146483,0.006987574437146483,0.00795124775245215,-0.0009636733153056678
CVS,2025-12-19,2025-12-29,market_wide,-2.0491294107491598,-1.2367076956095393,0.029593292271471228,0.028593292271471227,0.0152925156761885,0.013300776595282726
CVS,2026-01-14,2026-01-22,market_wide,-3.1321147852223183,-1.0638265843749157,0.05080373377016412,0.049803733770164116,0.004714418518364072,0.045089315251800044
CVS,2026-01-27,2026-02-03,idiosyncratic,-6.1112589947274945,0.06495407307627295,0.06708343049194232,0.06608343049194232,0.016135986122858936,0.04994744436908338
CVS,2026-02-09,2026-02-17,idiosyncratic,-2.5121046503137623,-0.2777465826271676,0.03207063204358884,0.03107063204358884,0.0010357269860841178,0.030034905057504724
CVS,2026-02-24,2026-03-03,market_wide,-4.528783825754947,-1.3679160743433494,0.08506328569485344,0.08406328569485344,-0.009172183271764611,0.09323546896661805
CVS,2026-03-10,2026-03-17,market_wide,-2.3938883898465373,-2.6679339527456922,-0.01978516671582775,-0.020785166715827752,0.00036885352588811315,-0.021154020241715865
CVS,2026-03-18,2026-03-25,market_wide,-4.289002081488059,-3.3564155248052976,-0.011503594091010871,-0.012503594091010872,-0.008141418544752255,-0.004362175546258618
CVS,2026-03-26,2026-04-02,market_wide,-2.5170455175163484,-3.7870620135055826,0.032452915828584894,0.03145291582858489,0.012991430439630358,0.018461485388954535
CVS,2026-04-22,2026-04-29,idiosyncratic,-2.258884884882751,0.08375149817385823,0.10737146752522508,0.10637146752522508,0.007953726897502289,0.0984177406277228
CVS,2026-05-26,2026-06-02,idiosyncratic,-3.8489335674085647,0.5924604937219938,-0.013556739864110212,-0.014556739864110213,0.014331577775781756,-0.02888831763989197
CVS,2026-07-29,2026-08-05,market_wide,-2.8204707617916456,-4.478806821733725,-0.06419935366234719,-0.06519935366234719,0.030336618781802605,-0.0955359724441498
CVS,2026-08-06,2026-08-13,idiosyncratic,-4.793569086213386,-0.19572674708266585,-0.012783239880784225,-0.013783239880784226,0.030930846840897086,-0.04471408672168131
CVS,2026-08-18,2026-08-25,market_wide,-2.973547040766248,-3.674945447267015,-0.021177979756341725,-0.022177979756341726,0.012994579068207557,-0.03517255882454928
CVS,2026-08-26,2026-09-02,market_wide,-2.296308805577957,-2.232900103142326,0.03085245622905841,0.02985245622905841,-0.002017300027858715,0.031869756256917126
AXP,2015-07-24,2015-07-31,market_wide,-4.3171551114575655,-2.944076718473155,0.0021081692468476465,0.0011081692468476465,0.021551102566563785,-0.02044293331971614
AXP,2015-08-04,2015-08-11,market_wide,-2.2812271043732477,-1.542933927897303,0.0742209094153865,0.0732209094153865,-0.004227641431955975,0.07744855084734248
AXP,2015-08-21,2015-08-28,market_wide,-5.266067528083524,-6.729667851884725,-0.004933263470891958,-0.005933263470891958,0.01320696680000677,-0.019140230270898728
AXP,2015-09-01,2015-09-09,market_wide,-2.9026639398810814,-2.485066512955967,0.015135179736244453,0.014135179736244452,0.01407459436125058,6.058537499387118e-05
AXP,2015-09-23,2015-09-30,market_wide,-2.0736642893018904,-2.9667405886281615,-0.019833160453094356,-0.020833160453094357,-0.004525899642708331,-0.016307260810386026
AXP,2015-10-01,2015-10-08,market_wide,-2.370610571759359,-1.9509339376424162,0.04847917425912396,0.04747917425912396,0.0627159311738037,-0.015236756914679739
AXP,2015-10-22,2015-10-29,idiosyncratic,-12.514584477135983,1.4185260958798311,0.0237239511469598,0.022723951146959798,0.004973345466341428,0.01775060568061837
AXP,2015-11-03,2015-11-10,idiosyncratic,-2.169431455583991,0.2288638347506384,-0.00891542643044374,-0.009915426430443741,-0.02432035158168666,0.01440492515124292
AXP,2015-11-11,2015-11-18,market_wide,-3.7300000059258336,-3.009390623740097,-0.010423917297049057,-0.011423917297049058,-0.0006150421658128735,-0.010808875131236184
AXP,2015-11-24,2015-12-02,idiosyncratic,-2.3975401305451545,0.01750837687132966,-0.0060026541129484245,-0.007002654112948425,-0.0015913272259402422,-0.005411326887008182
AXP,2015-12-03,2015-12-10,market_wide,-5.098658714688451,-7.871238135268209,-0.0044020943522827816,-0.005402094352282782,-0.008991841734002803,0.003589747381720022
AXP,2015-12-11,2015-12-18,market_wide,-4.001758447631199,-4.705110879386308,-0.01437677483534705,-0.015376774835347051,-0.0022694765968576114,-0.01310729823848944
AXP,2015-12-21,2015-12-29,market_wide,-2.602698588979145,-2.24568517007836,0.031432967524594124,0.030432967524594123,0.026892537564177532,0.003540429960416591
AXP,2016-01-04,2016-01-11,market_wide,-3.468023958552728,-2.871066991941105,-0.0482270111070916,-0.0492270111070916,-0.047101082331162836,-0.002125928775928765
AXP,2016-01-12,2016-01-20,market_wide,-2.144757733183402,-2.3838801396388822,-0.021273394284567315,-0.022273394284567316,-0.04694454268282178,0.02467114839825446
AXP,2016-01-21,2016-01-28,market_wide,-2.715779791443005,-3.1695284951718956,-0.15581105703482379,-0.1568110570348238,-0.007477886894844188,-0.1493331701399796
AXP,2016-01-29,2016-02-05,idiosyncratic,-2.1905916347842873,0.9493052904047181,0.008971711638014801,0.0079717116380148,-0.012640913434756706,0.020612625072771507
AXP,2016-02-08,2016-02-16,market_wide,-3.835371526411432,-3.7393735852273946,0.0148854510707086,0.013885451070708599,0.03410127194973023,-0.02021582087902163
AXP,2016-04-05,2016-04-12,market_wide,-3.144729235218888,-2.0147098910471146,0.013022017073361924,0.012022017073361924,0.005581260446343439,0.006440756627018485
AXP,2016-05-04,2016-05-11,market_wide,-4.352490777177689,-3.94147544026714,0.005135032422829644,0.004135032422829644,0.0028069406166830735,0.0013280918061465705
AXP,2016-05-12,2016-05-19,market_wide,-2.2162742048540807,-1.6022862879348951,-0.024867910210328303,-0.025867910210328304,-0.012488166814427437,-0.013379743395900867
AXP,2016-06-10,2016-06-17,market_wide,-4.061847043823812,-2.2876248379211575,-0.04786838489671186,-0.04886838489671186,-0.008128873217610244,-0.040739511679101614
AXP,2016-06-22,2016-06-29,market_wide,-2.2949830892861516,-1.8606401985585677,-0.03260409277366472,-0.03360409277366472,-0.0051261952449837,-0.028477897528681018
AXP,2016-08-02,2016-08-09,market_wide,-3.624443805021207,-4.757484919922024,0.03025074246988435,0.02925074246988435,0.015337878675840244,0.013912863794044106
AXP,2016-08-25,2016-09-01,market_wide,-3.810677752569808,-3.4650508111860803,-0.002153800131900252,-0.003153800131900252,-0.0063259589818815964,0.0031721588499813444
AXP,2016-09-09,2016-09-16,market_wide,-2.195156444880625,-8.791225783241764,-0.022420359918779442,-0.023420359918779443,0.0028143179048794043,-0.026234677823658847
AXP,2016-09-19,2016-09-26,market_wide,-2.0408666938720046,-1.8151344527190296,-0.009990459440596067,-0.010990459440596068,-0.0014661964818907247,-0.009524262958705343
AXP,2016-09-29,2016-10-06,market_wide,-3.469141939226112,-1.7522518539279888,-0.017647142121479775,-0.018647142121479776,0.0004666839374256604,-0.019113826058905437
AXP,2016-10-07,2016-10-14,market_wide,-3.927417063640635,-2.0886002210526597,-0.02606867042319594,-0.02706867042319594,-0.011352336358578907,-0.015716334064617032
AXP,2016-10-17,2016-10-24,market_wide,-3.0468440807896613,-3.1039657435663695,0.12003324103267965,0.11903324103267965,0.017746971837639958,0.10128626919503969
AXP,2016-11-03,2016-11-10,market_wide,-3.843075914976652,-3.886500827604309,0.07316691371779793,0.07216691371779793,0.04303294250592571,0.029133971211872223
AXP,2016-12-28,2017-01-05,market_wide,-2.027039564551276,-3.3707122635186186,0.017093016990763266,0.016093016990763265,0.0075488934335714575,0.008544123557191807
AXP,2017-01-23,2017-01-30,market_wide,-2.6674169788357185,-2.606779310184973,0.017243458090539177,0.016243458090539176,0.008296339846169953,0.007947118244369222
AXP,2017-01-31,2017-02-07,market_wide,-2.234422213241568,-1.4905895369503452,0.017543710224717568,0.016543710224717567,0.007668230896712425,0.008875479328005142
AXP,2017-03-02,2017-03-09,market_wide,-2.6495812459828554,-1.0447027953502424,-0.009987770982435307,-0.010987770982435308,-0.00971057844081491,-0.0012771925416203977
AXP,2017-03-10,2017-03-17,market_wide,-3.222537477473062,-1.9812737670585834,-0.0016377490893654256,-0.0026377490893654256,0.005254744909251929,-0.007892493998617356
AXP,2017-03-20,2017-03-27,market_wide,-3.9402113823483336,-1.491088974435252,-0.01585273476147908,-0.016852734761479082,-0.00826043404689647,-0.008592300714582612
AXP,2017-04-05,2017-04-12,market_wide,-2.0335093029951747,-1.6450856297494976,-0.013888606532399761,-0.014888606532399762,-0.008598924088717541,-0.006289682443682221
AXP,2017-04-13,2017-04-21,market_wide,-4.6331502637448345,-6.369539078913609,0.04999993162184335,0.04899993162184335,0.01383505738400359,0.03516487423783976
AXP,2017-05-04,2017-05-11,idiosyncratic,-3.6246196578138727,-0.006673660711572551,-0.005234235397666542,-0.006234235397666542,0.0001563699535576113,-0.006390605351224154
AXP,2017-05-12,2017-05-19,market_wide,-3.8539956731557172,-1.4736726826919702,-0.00890431597629926,-0.00990431597629926,-0.0034887447498186397,-0.006415571226480621
AXP,2017-05-31,2017-06-07,idiosyncratic,-2.2705573685205453,-0.15541160249183864,0.03730181069327698,0.03630181069327698,0.006619620237055424,0.029682190456221558
AXP,2017-07-26,2017-08-02,idiosyncratic,-2.047407486435408,0.00839601580645031,0.0,-0.001,0.0054055765670300016,-0.006405576567030002
AXP,2017-08-10,2017-08-17,market_wide,-2.1946677683984843,-13.125030658286498,0.01809368057464522,0.01709368057464522,0.007207192371785798,0.009886488202859423
AXP,2017-08-18,2017-08-25,market_wide,-2.189927688896919,-2.9771997997229644,0.0010540230933566708,5.402309335667075e-05,0.0037825368368775703,-0.0037285137435208995
AXP,2017-08-28,2017-09-05,market_wide,-2.670474233815077,-1.4969953909598352,-0.0011710387664010113,-0.0021710387664010114,0.017239168872802857,-0.01941020763920387
AXP,2017-10-19,2017-10-26,idiosyncratic,-2.162594609908091,0.13170617559425943,0.04124039856054318,0.04024039856054318,0.011857203884016343,0.028383194676526835
AXP,2017-11-10,2017-11-17,market_wide,-3.7964197826533583,-1.3128677947646614,0.0018177909760381805,0.0008177909760381805,0.00040689898583079476,0.00041089199020738574
AXP,2017-11-20,2017-11-28,market_wide,-2.32732683947761,-1.074992410989352,0.014156398547970017,0.013156398547970016,0.016265912935869764,-0.0031095143878997478
AXP,2017-12-13,2017-12-20,idiosyncratic,-2.0405168317659723,-0.02210254090563938,0.007465348876703803,0.006465348876703803,0.008591593983318768,-0.002126245106614965
AXP,2018-01-18,2018-01-25,idiosyncratic,-2.3211230378101404,-0.16687626826862398,-0.0017022138618106863,-0.0027022138618106864,0.007769211331171366,-0.010471425192982053
AXP,2018-01-30,2018-02-06,market_wide,-2.160190631950188,-1.66859250988676,-0.04589209032003572,-0.04689209032003572,-0.052553358969766095,0.005661268649730378
AXP,2018-02-07,2018-02-14,market_wide,-2.328614380908029,-2.5752666398830946,0.02798856492887114,0.02698856492887114,0.00272409961115061,0.02426446531772053
AXP,2018-02-28,2018-03-07,market_wide,-2.101066710137939,-1.8859426273456639,-0.019177449249176193,-0.020177449249176194,0.007365617720358708,-0.027543066969534902
AXP,2018-03-08,2018-03-15,market_wide,-2.442713988962947,-1.292516616764306,-0.022776756652824193,-0.023776756652824194,0.003222338946718306,-0.0269990955995425
AXP,2018-03-16,2018-03-23,market_wide,-2.427512671128737,-1.1868471801027514,-0.053969415797212816,-0.05496941579721282,-0.07075662520755666,0.01578720941034384
AXP,2018-03-26,2018-04-03,market_wide,-2.4490034322067604,-2.084860869718331,0.001295612175600036,0.00029561217560003603,-0.015202325035070574,0.01549793721067061
AXP,2018-05-02,2018-05-09,market_wide,-2.4604674746048425,-3.1623824319690423,0.029396899021265632,0.02839689902126563,0.02385351176542483,0.004543387255840803
AXP,2018-05-25,2018-06-04,market_wide,-2.408751967551263,-1.549895827239118,-0.016320723450634067,-0.017320723450634068,0.010887533351182643,-0.02820825680181671
AXP,2018-06-15,2018-06-22,idiosyncratic,-2.876166558459228,-0.29210734162212443,-0.013093904148101854,-0.014093904148101855,-0.016310363655749116,0.0022164595076472615
AXP,2018-06-27,2018-07-05,market_wide,-2.4872131448882864,-3.6125015877153457,0.019840468710281334,0.018840468710281333,0.013123547538915092,0.0057169211713662405
AXP,2018-07-30,2018-08-06,market_wide,-2.400018342053952,-2.6342714834100005,0.0006938980445814202,-0.0003061019554185798,0.006510573103340356,-0.0068166750587589356
AXP,2018-09-06,2018-09-13,market_wide,-2.7980343116683946,-1.7552373352251662,0.030929772691084656,0.029929772691084655,0.011898249303690989,0.018031523387393666
AXP,2018-09-26,2018-10-03,market_wide,-3.2277870851550823,-1.6008086026904516,0.004073790521303966,0.003073790521303966,0.007512602945950464,-0.004438812424646498
AXP,2018-10-04,2018-10-11,market_wide,-2.005365911305714,-3.825557992310009,-0.057174447922114124,-0.058174447922114125,-0.062457405017918854,0.004282957095804729
AXP,2018-10-12,2018-10-19,market_wide,-2.3779997418247683,-2.4215437143315577,0.03621358441956701,0.03521358441956701,-0.005293656942640723,0.040507241362207735
AXP,2018-10-24,2018-10-31,market_wide,-3.470263605873553,-5.515157178057051,0.008739315436193662,0.007739315436193662,0.0288102403024022,-0.02107092486620854
AXP,2018-11-20,2018-11-28,market_wide,-2.568542979345715,-4.144056452742465,0.06409650372787179,0.06309650372787179,0.03944440927924453,0.02365209444862726
AXP,2018-12-07,2018-12-14,market_wide,-2.4279088072023445,-3.1221254254457516,-0.009186531637380146,-0.010186531637380147,-0.01462437183102161,0.004437840193641462
AXP,2018-12-17,2018-12-24,market_wide,-4.412698286439585,-4.050336018899946,-0.1154381695796074,-0.1164381695796074,-0.07021732064607455,-0.04622084893353284
AXP,2018-12-26,2019-01-03,market_wide,-2.1303940044612024,-1.7478476133550653,-0.0002940871641577969,-0.001294087164157797,-0.00472031999633149,0.003426232832173693
AXP,2019-03-22,2019-03-29,market_wide,-2.2898087854655347,-1.6974519139180888,-0.001461736979908257,-0.002461736979908257,0.010099095607179365,-0.012560832587087623
AXP,2019-05-13,2019-05-20,market_wide,-3.64183874236924,-4.449986711310372,0.03399456875835716,0.03299456875835716,-0.0035890418253733403,0.0365836105837305
AXP,2019-05-29,2019-06-05,market_wide,-3.0828090463479176,-4.1580437680841555,0.009486354550351406,0.008486354550351405,0.030989642489835267,-0.022503287939483863
AXP,2019-07-19,2019-07-26,market_wide,-2.9101236695827892,-2.6657459288321643,0.015702531588769775,0.014702531588769774,0.025023603460895494,-0.01032107187212572
AXP,2019-07-31,2019-08-07,market_wide,-3.740120010192217,-2.647557955870816,-0.00667393263086713,-0.00767393263086713,-0.03586404119556352,0.028190108564696392
AXP,2019-08-14,2019-08-21,market_wide,-2.2064184766912462,-3.3374642325498534,-0.0012232965333365264,-0.0022232965333365265,0.04236953030618684,-0.04459282683952337
AXP,2019-08-23,2019-08-30,market_wide,-5.045865432963562,-2.35714612883441,0.022163762732780645,0.021163762732780644,0.03523025229494725,-0.014066489562166606
AXP,2019-09-04,2019-09-11,idiosyncratic,-2.156057033746602,0.5379549562960957,-0.003378418689652274,-0.004378418689652274,0.025390705758929766,-0.02976912444858204
AXP,2019-09-19,2019-09-26,idiosyncratic,-2.621700702939071,-0.14312838282799506,0.00950849149119204,0.008508491491192038,-0.008556289946673568,0.017064781437865606
AXP,2019-10-01,2019-10-08,market_wide,-3.473649680804573,-4.151633828405124,-0.0319587245593127,-0.0329587245593127,-0.021168774080432273,-0.011789950478880429
AXP,2019-10-24,2019-10-31,idiosyncratic,-2.024097826082803,0.178506142859007,0.007473761569171566,0.006473761569171566,0.008969817122796098,-0.0024960555536245313
AXP,2019-11-18,2019-11-25,idiosyncratic,-2.1173709596933614,0.16243306917227773,0.007855506287119285,0.006855506287119285,0.005930952689837676,0.0009245535972816086
AXP,2019-12-02,2019-12-09,market_wide,-5.397368029344769,-2.2250313419487835,0.027289899709560084,0.026289899709560083,0.009030877771979862,0.01725902193758022
AXP,2020-01-07,2020-01-14,market_wide,-3.7748716304952454,-1.625873108787713,0.04367546393147426,0.042675463931474256,0.013310552482738158,0.029364911448736097
AXP,2020-01-27,2020-02-03,market_wide,-2.079242206505119,-3.8756448303973103,0.002755599339997916,0.0017555993399979162,-0.017240399186635447,0.018995998526633362
AXP,2020-02-24,2020-03-02,market_wide,-4.72442808877969,-7.995229010332425,-0.11170936056392666,-0.11270936056392666,-0.03722018447532904,-0.07548917608859762
AXP,2020-03-03,2020-03-10,market_wide,-2.6707572398806088,-2.331570388599403,-0.043606982790739046,-0.04460698279073905,-0.02299334434742173,-0.021613638443317318
AXP,2020-03-11,2020-03-18,market_wide,-3.8922319567058503,-3.3324420576564813,-0.22677701180628607,-0.22777701180628607,-0.08627648550751088,-0.1415005262987752
AXP,2020-03-19,2020-03-26,market_wide,-2.8560474000009863,-2.6961620457517324,0.2104580689595168,0.2094580689595168,0.07104875536612765,0.13840931359338915
AXP,2020-04-03,2020-04-13,market_wide,-2.384472098467272,-1.0356439317494548,0.22731033820778324,0.22631033820778323,0.09425925236705668,0.13205108584072656
AXP,2020-04-21,2020-04-28,market_wide,-3.153104810593103,-1.8933436803339232,0.08182058581208085,0.08082058581208085,0.05102889022652546,0.02979169558555539
AXP,2020-05-04,2020-05-11,market_wide,-2.0824524694131177,-1.6338051530461362,-0.012155312682429531,-0.013155312682429532,0.036481669290090224,-0.049636981972519756
AXP,2020-05-12,2020-05-19,market_wide,-3.7612376970265116,-1.6436784632828823,0.049554914464202904,0.0485549144642029,0.01296523766861446,0.03558967679558844
AXP,2020-06-11,2020-06-18,market_wide,-2.341003045070759,-3.034098724813358,0.03610562927402294,0.03510562927402294,0.032490347591615176,0.0026152816824077663
AXP,2020-06-19,2020-06-26,market_wide,-2.7873197307543442,-1.7531576278939376,-0.07449970802640404,-0.07549970802640404,-0.02880935720350508,-0.04669035082289896
AXP,2020-06-29,2020-07-07,market_wide,-2.84588809895844,-1.983607100230946,-0.011510764606789126,-0.012510764606789126,0.023603721802705424,-0.03611448640949455
AXP,2020-07-08,2020-07-15,idiosyncratic,-3.118798986924134,-0.1693398369404115,0.04800895904753788,0.04700895904753788,0.02397135306245901,0.02303760598507887
AXP,2020-07-28,2020-08-04,market_wide,-2.9329568614270887,-2.4507589189292354,-0.013026626759925497,-0.014026626759925498,0.02523060253726994,-0.03925722929719544
AXP,2020-08-18,2020-08-25,idiosyncratic,-2.0347397418610615,0.283972935791132,0.024620100029567382,0.02362010002956738,0.014637105125826055,0.008982994903741326
AXP,2020-09-18,2020-09-25,market_wide,-2.542520702559071,-3.356029931348336,-0.06941185553180362,-0.07041185553180362,-0.02021679799475118,-0.050195057537052445
AXP,2020-09-29,2020-10-06,market_wide,-2.0299952254455906,-1.1700198497614078,0.04102286998463067,0.04002286998463067,0.007618230055078445,0.032404639929552226
AXP,2020-10-19,2020-10-26,market_wide,-2.5241194490402266,-1.964660672921002,-0.054552595531336845,-0.055552595531336846,-0.017634511401465214,-0.03791808412987163
AXP,2020-10-27,2020-11-03,market_wide,-3.8916299379577004,-3.660234723922188,0.014326460622077652,0.013326460622077652,0.005249487021493193,0.008076973600584458
AXP,2020-12-11,2020-12-18,market_wide,-2.4507940778966,-1.5140868546601016,-0.02262348261340441,-0.023623482613404412,0.0024448276774506894,-0.0260683102908551
AXP,2020-12-21,2020-12-29,market_wide,-3.2197867827477844,-1.1768620158123186,0.01486120577844563,0.013861205778445629,-0.00036459394408328016,0.014225799722528909
AXP,2021-01-25,2021-02-01,idiosyncratic,-2.732302588459286,0.0544125200860924,-0.034007507947465654,-0.035007507947465655,-0.014928520310437787,-0.020078987637027867
AXP,2021-03-16,2021-03-23,idiosyncratic,-2.0980873851780406,-0.0785723394750512,-0.050383688783210756,-0.05138368878321076,-0.007820845355114736,-0.04356284342809602
AXP,2021-03-24,2021-03-31,market_wide,-2.5354099705270388,-3.199514420936074,0.024889036638465756,0.023889036638465755,0.029913967317477086,-0.006024930679011331
AXP,2021-04-20,2021-04-27,market_wide,-4.107858205447679,-1.342160318822656,0.03625075740192307,0.03525075740192307,0.00778398247112122,0.02746677493080185
AXP,2021-05-12,2021-05-19,market_wide,-3.1058897817932394,-7.250327227665126,0.015955165419423212,0.014955165419423211,0.02457754071166396,-0.009622375292240748
AXP,2021-06-17,2021-06-24,market_wide,-3.4360245543493297,-1.7878716791663585,0.037500673082062175,0.036500673082062174,0.0075110386437815535,0.02898963443828062
AXP,2021-07-19,2021-07-26,market_wide,-5.282188244589321,-5.952430801746607,0.06019300379902459,0.05919300379902459,0.02692367272118079,0.0322693310778438
AXP,2021-08-03,2021-08-10,idiosyncratic,-2.633656265621749,0.04171710730653997,0.002661883015085742,0.001661883015085742,-0.004219644627372121,0.005881527642457863
AXP,2021-08-12,2021-08-19,idiosyncratic,-2.905297238294811,0.6589089249617829,-0.05631345148664746,-0.05731345148664746,-0.014448698995926046,-0.042864752490721414
AXP,2021-08-20,2021-08-27,market_wide,-2.8418876693735853,-1.4533314534672488,0.055711913757399145,0.054711913757399144,0.011363868159361745,0.0433480455980374
AXP,2021-09-02,2021-09-10,idiosyncratic,-2.0435664178938535,0.2414832841190214,-0.02054930288746093,-0.02154930288746093,-0.020428962382868177,-0.001120340504592754
AXP,2021-09-13,2021-09-20,market_wide,-2.057128090290947,-2.885063269688465,-0.0054509125111167345,-0.0064509125111167345,-0.023106660410241675,0.01665574789912494
AXP,2021-10-13,2021-10-20,market_wide,-2.704751843940794,-1.091930376845563,0.0644856339461588,0.0634856339461588,0.04032165038984936,0.023163983556309442
AXP,2021-10-28,2021-11-04,idiosyncratic,-2.9894069304799915,0.5272893228817604,-0.011912296095164976,-0.012912296095164977,0.02241763307462996,-0.03532992916979494
AXP,2021-11-05,2021-11-12,idiosyncratic,-2.081700115813121,0.3557582131658672,0.029429887529343057,0.028429887529343056,0.01074617168507741,0.017683715844265646
AXP,2021-11-18,2021-11-26,idiosyncratic,-2.264062041992432,0.22925620875478459,-0.11003932293576613,-0.11103932293576613,-0.023968949948562135,-0.08707037298720399
AXP,2021-11-29,2021-12-06,market_wide,-3.24004631379752,-1.6448373947045594,0.017863830367128353,0.016863830367128352,-0.015836431866724454,0.032700262233852806
AXP,2021-12-17,2021-12-27,market_wide,-2.2605774989052976,-1.6724532307565747,0.027373426182655702,0.0263734261826557,0.022212408251509386,0.004161017931146316
AXP,2022-01-18,2022-01-25,market_wide,-3.601408751976196,-4.361487675365384,0.04176425501984915,0.04076425501984915,-0.0322009285202699,0.07296518354011905
AXP,2022-02-23,2022-03-02,market_wide,-4.093288606069266,-4.182224901488207,-0.04572638118123151,-0.04672638118123151,0.039306238461857435,-0.08603261964308895
AXP,2022-03-03,2022-03-10,market_wide,-2.758314236690886,-1.5984075797888717,-0.05720144231454838,-0.05820144231454838,-0.028525991399309336,-0.029675450915239043
AXP,2022-03-11,2022-03-18,market_wide,-2.1851703660617154,-2.3192293368208357,0.13591443449857055,0.13491443449857055,0.05607535104900707,0.07883908344956347
AXP,2022-03-31,2022-04-07,market_wide,-2.522969220596553,-1.3900445055151496,-0.021883727158399258,-0.02288372715839926,-0.00427481564392751,-0.01860891151447175
AXP,2022-04-08,2022-04-18,market_wide,-2.4136231055820963,-3.043049135361924,0.004245823912206292,0.0032458239122062924,-0.01434488497804498,0.017590708890251272
AXP,2022-04-26,2022-05-03,market_wide,-2.3185543201278254,-4.5777907598017675,-0.036608098500065966,-0.03760809850006597,0.00515991963913609,-0.04276801813920206
AXP,2022-05-05,2022-05-12,market_wide,-3.0952676242773958,-2.870582407565919,-0.10373671453317079,-0.1047367145331708,-0.03229394275172959,-0.0724427717814412
AXP,2022-05-13,2022-05-20,market_wide,-2.441685574044442,-2.3011440957695863,-0.03470884956532483,-0.03570884956532483,-0.03615614252497712,0.0004472929596522901
AXP,2022-06-09,2022-06-16,market_wide,-3.2223259782046187,-2.7381705342061635,-0.145856727957417,-0.146856727957417,-0.07870082524474953,-0.06815590271266747
AXP,2022-06-17,2022-06-27,market_wide,-2.1331559490736,-2.576316026399646,0.0007630299811194341,-0.00023697001888056592,0.05620308454609346,-0.05644005456497403
AXP,2022-06-29,2022-07-07,market_wide,-2.611012621978518,-1.1744936804438761,0.014969165015070507,0.013969165015070506,0.01593243790029142,-0.0019632728852209125
AXP,2022-07-11,2022-07-18,market_wide,-2.1330573784435853,-1.2828118124417125,0.012448551002163022,0.011448551002163021,-0.0008720580870696937,0.012320609089232715
AXP,2022-08-22,2022-08-29,market_wide,-2.838652096868314,-2.4935361414568304,-0.020038074251905957,-0.021038074251905958,-0.02949948926801116,0.0084614150161052
AXP,2022-08-30,2022-09-07,market_wide,-2.8828614187111175,-3.3528552577824726,-0.015582838947655997,-0.016582838947655998,-0.0016126943355703194,-0.014970144612085678
AXP,2022-09-08,2022-09-15,market_wide,-2.017353942576655,-2.0566281053570927,0.01700103404842479,0.01600103404842479,-0.02907243476396615,0.04507346881239094
AXP,2022-09-16,2022-09-23,market_wide,-2.224079036112298,-3.4522008843901566,-0.08374706662606812,-0.08474706662606812,-0.04652463518869698,-0.03822243143737114
AXP,2022-09-26,2022-10-03,market_wide,-3.7593740417707227,-3.9335842283467306,0.018697885940097025,0.017697885940097025,0.011711656124198111,0.0059862298158989136
AXP,2022-10-10,2022-10-17,market_wide,-2.391584570994345,-2.621369430987949,0.03323597210319851,0.03223597210319851,0.02190579229173406,0.010330179811464446
AXP,2022-11-02,2022-11-09,market_wide,-2.0968064850573307,-1.8204880484889494,0.01644588307686834,0.015445883076868339,0.021561765492839946,-0.006115882415971607
AXP,2022-11-28,2022-12-05,market_wide,-3.1462863912784655,-2.106153108564847,0.03453335967970328,0.03353335967970328,-0.0068336623884623915,0.04036702206816567
AXP,2022-12-14,2022-12-21,market_wide,-2.304944678513495,-1.409908623321389,-0.0454870843076739,-0.0464870843076739,-0.028921993021845283,-0.017565091285828616
AXP,2022-12-22,2022-12-30,market_wide,-2.5166166804477554,-2.6425800713850363,0.01679178364103806,0.01579178364103806,0.008844295407235858,0.0069474882338022015
AXP,2023-01-05,2023-01-12,market_wide,-2.08852115696455,-2.6984494134190453,0.0579801962810893,0.0569801962810893,0.041833691069081524,0.015146505212007777
AXP,2023-01-19,2023-01-26,market_wide,-3.1441475958996747,-1.5498102085785512,0.0614910721096833,0.0604910721096833,0.04065800548801657,0.01983306662166673
AXP,2023-02-17,2023-02-27,market_wide,-2.745254092629738,-2.9029527655260825,-0.02256071714389596,-0.02356071714389596,-0.025054843744976907,0.0014941266010809473
AXP,2023-02-28,2023-03-07,market_wide,-2.299884622416016,-2.539631904329418,0.007644006820077154,0.006644006820077154,0.005959985803856371,0.0006840210162207825
AXP,2023-03-08,2023-03-15,market_wide,-2.1565422404379566,-1.7009903548891443,-0.08591209136272726,-0.08691209136272726,-0.03330052615292434,-0.053611565209802925
AXP,2023-03-16,2023-03-23,market_wide,-2.325491976625677,-1.1980118237691373,0.012629893424105587,0.011629893424105586,-0.0009175555243896572,0.012547448948495243
AXP,2023-04-06,2023-04-14,idiosyncratic,-3.1328797597247724,-0.26349667786465025,0.027639394261829153,0.026639394261829152,0.013503408151063878,0.013135986110765274
AXP,2023-04-25,2023-05-02,market_wide,-5.030368546686904,-4.058077143360386,-0.018383419573364423,-0.019383419573364424,-0.004156432995082504,-0.01522698657828192
AXP,2023-05-03,2023-05-10,market_wide,-3.3207234833544046,-2.1130893781159243,-0.023191716180331334,-0.024191716180331335,-0.006028162355301903,-0.018163553825029433
AXP,2023-05-11,2023-05-18,market_wide,-3.1274997550496146,-1.1744444685071997,0.037096948879894676,0.036096948879894675,0.015549081981437007,0.020547866898457667
AXP,2023-06-21,2023-06-28,market_wide,-4.143940384013177,-1.0560449109360122,0.011076472221015932,0.01007647222101593,0.0034211746611036986,0.006655297559912232
AXP,2023-07-24,2023-07-31,idiosyncratic,-4.172623011384058,-0.19866848920510832,0.0064964775121896245,0.0054964775121896245,0.001462078012889112,0.0040343994993005125
AXP,2023-08-02,2023-08-09,market_wide,-2.2986270322001565,-3.7911654185072816,-0.017571200846534518,-0.01857120084653452,-0.019635203578654226,0.0010640027321197065
AXP,2023-08-10,2023-08-17,market_wide,-3.1575984477542476,-2.7586605690552566,-0.018099555817131963,-0.019099555817131963,-0.018344004342119136,-0.0007555514750128278
AXP,2023-08-18,2023-08-25,market_wide,-2.9453802248397283,-3.2652716221691187,-0.01192052235693275,-0.012920522356932751,-0.0023146349939345834,-0.010605887362998168
AXP,2023-08-28,2023-09-05,market_wide,-2.963411941938222,-1.4476765755526873,0.005088336248629366,0.004088336248629366,0.010415801789009027,-0.006327465540379661
AXP,2023-09-07,2023-09-14,market_wide,-3.5793926874720046,-1.25370972786991,0.0318916841856296,0.030891684185629598,0.01694321554317857,0.013948468642451028
AXP,2023-09-19,2023-09-26,market_wide,-2.0636856702268522,-3.1383864603340155,-0.05164747782012591,-0.05264747782012591,-0.03801335388201876,-0.014634123938107146
AXP,2023-09-27,2023-10-04,market_wide,-3.3485350176697337,-2.9661266137662365,-0.021814574430925715,-0.022814574430925716,-0.012204213916202189,-0.010610360514723527
AXP,2023-10-05,2023-10-12,market_wide,-2.360218496615424,-2.3817529627436036,0.028485989354513297,0.027485989354513296,0.00951432115166262,0.017971668202850677
AXP,2023-10-19,2023-10-26,market_wide,-2.320180409577747,-2.663838095544334,-0.04197316819207997,-0.04297316819207997,-0.026873338491033127,-0.01609982970104684
AXP,2023-10-27,2023-11-03,market_wide,-2.8095465818531022,-3.2173906629874165,0.08102707316217672,0.08002707316217672,0.059817263040834456,0.020209810121342264
AXP,2024-01-10,2024-01-18,idiosyncratic,-3.371106014663616,-0.035902708095958115,-0.028004652108533645,-0.029004652108533646,-0.0028442125381624717,-0.026160439570371175
AXP,2024-03-15,2024-03-22,market_wide,-2.2258324052023832,-1.8094260105114082,0.03433123985093722,0.03333123985093722,0.020135157230499745,0.013196082620437477
AXP,2024-04-04,2024-04-11,market_wide,-6.376811519100367,-5.99813690108093,-0.00633001074049,-0.00733001074049,0.003970547844437844,-0.011300558584927844
AXP,2024-04-12,2024-04-19,market_wide,-2.440290089469693,-3.9793944561224457,0.05884500155605599,0.057845001556055986,-0.019737451052021404,0.07758245260807739
AXP,2024-05-03,2024-05-10,idiosyncratic,-2.6125951011699104,0.28103818051543367,0.04996315148975783,0.04896315148975783,0.02813043153714334,0.020832719952614487
AXP,2024-05-23,2024-05-31,market_wide,-5.007080509541799,-1.1904328081326414,0.01928132157250495,0.01828132157250495,-0.002509151980811475,0.020790473553316424
AXP,2024-06-03,2024-06-10,market_wide,-2.1834270506010443,-1.3438729256674256,-0.01874368640530255,-0.019743686405302552,0.01615630260046763,-0.03589998900577018
AXP,2024-06-11,2024-06-18,idiosyncratic,-6.3534180378266365,0.2919031656227871,0.021288797195876175,0.020288797195876174,0.015031760545904271,0.005257036649971902
AXP,2024-07-25,2024-08-01,market_wide,-2.2594640785299775,-3.950699558163748,0.035390230441355364,0.03439023044135536,0.014749565252893282,0.01964066518846208
AXP,2024-08-02,2024-08-09,market_wide,-4.697782520671086,-3.9256804729153907,0.023979694357639136,0.022979694357639135,-0.0037021275251042374,0.026681821882743373
AXP,2024-09-06,2024-09-13,market_wide,-4.281735945798989,-4.671353479171897,0.061214424898224484,0.06021442489822448,0.03415021889592018,0.026064206002304302
AXP,2024-10-08,2024-10-15,idiosyncratic,-2.0190035110954945,-0.2714717609083572,0.030470699659199907,0.029470699659199906,0.018151246636997076,0.01131945302220283
AXP,2024-10-21,2024-10-28,idiosyncratic,-2.947289993722014,-0.18109236702703901,0.0026963629939771305,0.0016963629939771305,-0.008847235711165302,0.010543598705142432
AXP,2024-10-29,2024-11-05,market_wide,-2.6503278882356276,-1.2572955802647048,0.020374982003642073,0.01937498200364207,0.001277008631824117,0.018097973371817955
AXP,2024-11-20,2024-11-27,market_wide,-2.3708549091271856,-1.8254144423253682,0.05748867742902686,0.05648867742902686,0.02255396581791902,0.03393471161110784
AXP,2024-12-18,2024-12-26,market_wide,-7.848011388547957,-11.988406310409376,0.05632773964823912,0.055327739648239116,0.015415493568964989,0.03991224607927413
AXP,2025-01-10,2025-01-17,market_wide,-3.553305512277843,-3.525253291581663,0.06566666740710914,0.06466666740710914,0.03734305494655654,0.027323612460552593
AXP,2025-02-03,2025-02-10,market_wide,-2.4541539409045545,-3.1700902547930188,-0.01980834046633928,-0.02080834046633928,-0.008489492582883007,-0.012318847883456274
AXP,2025-02-12,2025-02-20,market_wide,-3.804627588047258,-1.1273826116627736,-0.008289647696301361,-0.009289647696301362,0.027571150574226433,-0.036860798270527795
AXP,2025-02-21,2025-02-28,market_wide,-5.144525363434217,-3.3035691311345063,0.0188219352482073,0.0178219352482073,0.005511074308517605,0.012310860939689694
AXP,2025-03-03,2025-03-10,market_wide,-2.2879262937633795,-3.0551980238635887,-0.11563829185196706,-0.11663829185196706,-0.029317676400949177,-0.08732061545101788
AXP,2025-03-11,2025-03-18,market_wide,-3.6199140426117267,-3.5297485921662366,0.028701369506231478,0.027701369506231477,0.01109264725302439,0.016608722253207087
AXP,2025-03-28,2025-04-04,market_wide,-2.4598036827025016,-3.845937905989737,-0.11686102768461282,-0.11786102768461282,-0.10053346745268033,-0.017327560231932493
AXP,2025-04-07,2025-04-14,market_wide,-3.05316444916988,-3.3570530751774275,0.09006320520160171,0.08906320520160171,0.04475201184079314,0.044311193360808576
AXP,2025-05-22,2025-05-30,market_wide,-2.076601064529109,-1.0589714666187933,0.02392219461575107,0.022922194615751068,0.010065498996604694,0.012856695619146374
AXP,2025-06-13,2025-06-23,market_wide,-5.353408444828077,-1.4127836180667959,0.04114106776811699,0.04014106776811699,0.005004982218103082,0.03513608555001391
AXP,2025-07-15,2025-07-22,market_wide,-4.719583679509764,-1.2080162785993422,-0.020956051983145985,-0.021956051983145985,-0.0019120850014875401,-0.020043966981658445
AXP,2025-07-23,2025-07-30,idiosyncratic,-2.2547277906291203,2.2469893239694043,-0.01700907083158998,-0.01800907083158998,-0.013020511913246158,-0.004988558918343822
AXP,2025-07-31,2025-08-07,market_wide,-4.120802503780624,-1.3200368961830116,-0.015301845333153041,-0.016301845333153042,0.0010092320723942283,-0.01731107740554727
AXP,2025-08-08,2025-08-15,idiosyncratic,-2.0982164096429385,0.017405798109084915,0.02703141052703195,0.02603141052703195,0.011767008278513735,0.014264402248518215
AXP,2025-09-10,2025-09-17,idiosyncratic,-2.114399417259227,0.6164703174665829,0.039121761856222514,0.038121761856222514,0.007487671442564459,0.030634090413658055
AXP,2025-09-30,2025-10-07,idiosyncratic,-2.1830922626367757,-0.2180266675372308,-0.01261441491150228,-0.013614414911502282,0.011156530321928093,-0.024770945233430375
AXP,2025-10-08,2025-10-15,idiosyncratic,-3.178964214731631,0.33754232771474785,0.02371012541913764,0.02271012541913764,-0.004501364221142556,0.027211489640280195
AXP,2025-11-14,2025-11-21,market_wide,-3.7944524051164126,-2.11969413252747,-0.012010715316269849,-0.01301071531626985,-0.024589410946466717,0.011578695630196867
AXP,2025-12-31,2026-01-08,market_wide,-3.775885258064121,-1.163495691076809,0.03752060980232397,0.03652060980232397,0.04239050452464066,-0.005869894722316693
AXP,2026-01-12,2026-01-20,idiosyncratic,-5.004743514721126,0.29605661939623573,-0.0205789780248965,-0.0215789780248965,-0.014598913951669346,-0.006980064073227155
AXP,2026-01-21,2026-01-28,market_wide,-2.0250812362841075,-1.9742207346404974,-0.0072856728474408605,-0.008285672847440861,-0.0025715751360573247,-0.005714097711383537
AXP,2026-01-29,2026-02-05,idiosyncratic,-2.1235751714526794,-0.27411598485905775,-0.01082285759986934,-0.01182285759986934,0.0069068394077478334,-0.018729697007617174
AXP,2026-02-12,2026-02-20,market_wide,-4.859872039128687,-2.73459874840303,0.009624415898675576,0.008624415898675575,0.0024670645613393827,0.006157351337336192
AXP,2026-02-23,2026-03-02,market_wide,-4.808309156386196,-2.4499647129770206,-0.04298970985345418,-0.043989709853454184,0.005947247586738813,-0.049936957440193
AXP,2026-03-03,2026-03-10,market_wide,-2.542302284455424,-3.939631855083247,-0.015171215697772356,-0.016171215697772356,-0.01986741906159384,0.003696203363821482
AXP,2026-03-11,2026-03-18,market_wide,-2.673495474364907,-2.7104186211181513,-0.03790958402439215,-0.03890958402439215,-0.01763973297115362,-0.02126985105323853
AXP,2026-03-19,2026-03-26,market_wide,-3.1627952383824463,-3.1455246843084743,0.015122230929530023,0.014122230929530022,-0.01321051209392754,0.027332743023457562
AXP,2026-03-27,2026-04-06,market_wide,-3.455260444524184,-4.695469344409257,0.04936024686845508,0.04836024686845508,0.02499434392772759,0.02336590294072749
AXP,2026-04-23,2026-04-30,idiosyncratic,-2.306792591699753,-0.2284035416280475,0.014126466617693456,0.013126466617693455,0.018260365894652075,-0.00513389927695862
AXP,2026-05-05,2026-05-12,idiosyncratic,-2.7550632928380345,0.6208804458127078,-0.005190712408885578,-0.006190712408885578,0.02390647748024377,-0.03009718988912935
AXP,2026-05-13,2026-05-20,idiosyncratic,-3.955057636005636,0.301913472588084,0.0006784214918869047,-0.0003215785081130953,-0.002945282366788149,0.0026237038586750536
AXP,2026-05-21,2026-05-29,market_wide,-3.022609904774827,-1.199637086778248,0.021859887796567445,0.020859887796567445,0.037808080492256924,-0.01694819269568948
AXP,2026-06-02,2026-06-09,idiosyncratic,-2.3048697627132397,0.12573435973381922,0.02382866130921646,0.022828661309216458,-0.021108794069517378,0.043937455378733836
AXP,2026-07-23,2026-07-30,market_wide,-4.5969939326194815,-3.8690428835220816,-0.009740662363249997,-0.010740662363249998,0.011970262112223073,-0.02271092447547307
AXP,2026-08-18,2026-08-25,market_wide,-2.8453336284348567,-3.674945447267015,-0.007591802227480349,-0.00859180222748035,0.012994579068207557,-0.021586381295687906
AXP,2026-08-27,2026-09-03,market_wide,-2.6279389621456306,-1.2911161730756897,-0.012987779178620928,-0.01398777917862093,-0.004954093942581506,-0.009033685236039424
AXP,2026-09-08,2026-09-15,market_wide,-2.5555891757748084,-2.020110400694813,-0.005121169569080708,-0.006121169569080708,-0.013974664666982162,0.007853495097901453
