stock,L1_date,H1_date,L2_date,entry_date,exit_date,rise1,drop2,ret,ret_net,bench_ret,excess_ret
KO,2015-07-22,2015-07-31,2015-08-12,2015-08-13,2015-08-20,0.0044009941075270126,-0.004381512603049174,-0.01338215245086083,-0.01438215245086083,-0.03152807053733042,0.01714591808646959
KO,2015-11-06,2015-11-18,2015-12-03,2015-12-04,2015-12-11,0.007626008326524359,-0.011959386944831927,-0.023562155944710783,-0.024562155944710784,-0.05027160660797558,0.0257094506632648
KO,2015-12-03,2015-12-04,2015-12-11,2015-12-16,2015-12-23,0.019547658433953764,0.0235621559447108,-0.003877940407593705,-0.004877940407593705,-0.0011803646448398375,-0.0036975757627538677
KO,2016-11-10,2016-11-25,2016-11-30,2016-12-07,2016-12-14,0.014411424051706319,0.020198941186150534,-0.001937747027303538,-0.002937747027303538,0.005095358381431714,-0.008033105408735253
KO,2016-12-28,2017-01-03,2017-01-09,2017-01-24,2017-01-31,0.009905692410347978,0.011483027130175377,-0.007875708460189035,-0.008875708460189036,-0.004426325408762755,-0.004449383051426281
KO,2017-01-09,2017-01-24,2017-02-01,2017-02-08,2017-02-15,0.014036610042221042,0.015274448142508178,-0.03760079641734926,-0.03860079641734926,0.0229147366100122,-0.06151553302736146
KO,2017-06-08,2017-06-14,2017-06-21,2017-06-26,2017-07-03,0.012027543182636368,0.0017659673016776297,-0.014748387085252834,-0.015748387085252835,-0.009704617688450212,-0.006043769396802623
KO,2017-11-06,2017-11-08,2017-11-17,2017-12-01,2017-12-08,0.015614581368423556,0.010177744236013949,-0.014357152873927026,-0.015357152873927027,0.00045720747066235745,-0.015814360344589384
KO,2017-11-17,2017-11-30,2017-12-08,2017-12-13,2017-12-20,0.009522367300680427,0.010050336715496063,0.003921697370105948,0.0029216973701059476,0.00859156837966446,-0.005669871009558513
KO,2018-09-25,2018-10-02,2018-10-10,2018-10-24,2018-10-31,0.018169975341895496,0.017845719066498816,0.02460938332990925,0.02360938332990925,0.02881028997481283,-0.00520090664490358
KO,2018-12-20,2019-01-04,2019-01-09,2019-01-18,2019-01-28,0.0006309033696265933,0.021021617754242328,-0.009241673635166037,-0.010241673635166038,-0.010351381067301824,0.00010970743213578604
KO,2019-02-15,2019-03-04,2019-03-08,2019-03-11,2019-03-18,0.009062517190105833,0.017743665723372035,-0.008089773489057595,-0.009089773489057595,0.02187207921821588,-0.030961852707273474
KO,2019-05-07,2019-05-14,2019-05-21,2019-05-22,2019-05-30,0.014375136273443142,0.001848411955486108,-0.008056780625362303,-0.009056780625362304,-0.024029113376791922,0.014972332751429618
KO,2019-07-31,2019-08-07,2019-08-14,2019-08-15,2019-08-22,0.010449895352315972,0.003572403163261929,0.011509282607043536,0.010509282607043535,0.041248705787368944,-0.03073942318032541
KO,2019-08-14,2019-08-15,2019-08-23,2019-08-26,2019-09-03,0.016606780351439487,0.0024133290017171764,0.013934939144076841,0.01293493914407684,0.014794031398670304,-0.001859092254593464
KO,2019-10-11,2019-10-17,2019-10-25,2019-10-30,2019-11-06,0.00919330297262765,0.0007434353155677596,-0.021134616816871343,-0.022134616816871344,0.020707770773328082,-0.04284238759019943
KO,2019-12-18,2019-12-20,2020-01-03,2020-01-09,2020-01-16,0.019662535280296094,0.005093697691844088,0.026743613107779618,0.025743613107779617,0.00889194951542871,0.016851663592350907
KO,2020-06-24,2020-07-06,2020-07-09,2020-07-13,2020-07-20,0.0129894787618479,0.029183954363728812,0.01922632131737312,0.018226321317373118,0.027902409013442542,-0.009676087696069424
KO,2020-07-30,2020-08-07,2020-08-19,2020-08-24,2020-08-31,0.0023065699447378466,0.008995702319141305,0.032520108829887207,0.031520108829887206,0.02667105229571609,0.0048490565341711145
KO,2020-10-19,2020-10-20,2020-10-28,2020-11-09,2020-11-16,0.01269663339121765,0.04557230757180498,0.024348463417079413,0.023348463417079413,0.0273977531251397,-0.0040492897080602885
KO,2021-01-14,2021-01-26,2021-01-29,2021-02-05,2021-02-12,0.0012186523869583536,0.023128596806620782,0.020946413559959076,0.019946413559959075,0.014589764734204369,0.005356648825754706
KO,2021-09-27,2021-10-06,2021-10-18,2021-10-19,2021-10-26,0.001865352611444234,-0.0042820105405107205,0.005909340744473912,0.004909340744473912,0.023111083749056682,-0.01820174300458277
KO,2022-01-24,2022-01-28,2022-02-11,2022-02-15,2022-02-23,0.014676371988216282,0.009039895197887882,0.011164043126723477,0.010164043126723477,-0.04805365208911527,0.05821769521583875
KO,2022-08-08,2022-08-12,2022-08-22,2022-08-23,2022-08-30,0.011592869004707726,-0.007849260047456135,-0.032985879144143415,-0.033985879144143416,-0.037324236933584776,0.0033383577894413596
KO,2022-12-09,2022-12-12,2022-12-15,2022-12-27,2023-01-04,0.013145634083526382,0.013443843362425845,-0.020090329063449097,-0.021090329063449098,0.015472170274695607,-0.036562499338144705
KO,2024-05-20,2024-05-31,2024-06-12,2024-06-13,2024-06-21,0.005753637554261502,0.000794481569393461,0.004239653279717537,0.003239653279717537,0.014737828487096039,-0.011498175207378503
KO,2024-06-12,2024-06-21,2024-07-01,2024-07-02,2024-07-10,0.0059964494270530275,-0.008124835972355875,-0.005067251529125016,-0.0060672515291250164,0.009341352545567005,-0.015408604074692023
KO,2024-09-05,2024-09-13,2024-09-19,2024-09-20,2024-09-27,0.010250934634640748,0.011062834232150955,0.0020936360154495404,0.0010936360154495403,0.022862167336707317,-0.021768531321257778
KO,2024-11-11,2024-11-21,2024-12-04,2024-12-12,2024-12-19,0.006313267488053993,0.016909691230288286,-0.021773117534310327,-0.022773117534310328,-0.04184569409371497,0.01907257655940464
KO,2025-03-12,2025-03-26,2025-04-04,2025-04-10,2025-04-17,0.008531846682747167,0.001285455744803207,0.031656535908690886,0.030656535908690885,0.006092466013912112,0.024564069894778773
KO,2025-05-01,2025-05-15,2025-05-22,2025-05-23,2025-06-02,0.004488740686364798,0.00656339046201687,0.00320471893395613,0.00220471893395613,0.017440326678919593,-0.015235607744963464
KO,2025-05-22,2025-05-30,2025-06-05,2025-06-10,2025-06-17,0.01349450450245111,0.016504768209511283,-0.03089140559367043,-0.03189140559367043,-0.0019934808434308726,-0.029897924750239557
KO,2025-06-17,2025-06-27,2025-07-08,2025-07-17,2025-07-24,0.010198181012073192,0.0012798443314286226,-0.0211077971011997,-0.0221077971011997,-0.007814423916126079,-0.014293373185073621
KO,2025-07-23,2025-08-06,2025-08-14,2025-08-15,2025-08-22,0.005060713267634327,-0.0005755426070138535,0.003003513825599935,0.002003513825599935,0.012781135021137757,-0.010777621195537823
KO,2026-03-19,2026-03-27,2026-04-07,2026-04-08,2026-04-15,0.002117865113442892,-0.002641685536577836,-0.02561778285568994,-0.026617782855689942,0.013260751506139146,-0.03987853436182909
KO,2026-04-07,2026-04-08,2026-04-14,2026-04-28,2026-05-05,0.018179320478548845,0.017984157686764018,0.001659258009000908,0.0006592580090009079,0.0332621872244232,-0.032602929215422294
KO,2026-05-29,2026-06-05,2026-06-16,2026-06-17,2026-06-25,0.005948752562806917,-0.016586619715982832,0.0061303338316478495,0.0051303338316478495,0.009860612179309003,-0.004730278347661153
GILD,2016-10-11,2016-10-20,2016-10-28,2016-11-09,2016-11-16,0.006637717080493829,0.005786860332685791,-0.03147691056423052,-0.03247691056423052,0.008836964680951187,-0.04131387524518171
GILD,2016-12-01,2016-12-12,2016-12-22,2016-12-23,2017-01-03,0.008649179037013956,-0.004109829141685273,0.007061513486859461,0.006061513486859461,-0.002413714690123525,0.008475228176982985
GILD,2017-04-11,2017-04-25,2017-05-03,2017-05-04,2017-05-11,0.016661708428663775,-0.0013408100909887873,-0.020123724379082164,-0.021123724379082165,0.0001563727433644413,-0.021280097122446606
GILD,2017-05-17,2017-05-31,2017-06-07,2017-06-12,2017-06-19,0.0058904184674464415,0.008784093338123071,-0.0015057156849491715,-0.0025057156849491715,-0.00022217087639619937,-0.002283544808552972
GILD,2017-06-07,2017-06-14,2017-06-16,2017-06-20,2017-06-27,0.018546240117331775,0.013386354720736116,0.07714577744991402,0.07614577744991402,0.006009018112872466,0.07013675933704155
GILD,2017-09-14,2017-09-22,2017-09-28,2017-10-02,2017-10-09,0.011909289173669308,0.028341200603333557,-0.01843922995641767,-0.01943922995641767,-0.0021202253594233555,-0.017319004596994314
GILD,2017-11-14,2017-11-21,2017-11-27,2017-11-28,2017-12-05,0.019114574015498445,0.01117119445405744,0.009643279285401762,0.008643279285401761,0.0015851260897092878,0.007058153195692474
GILD,2018-05-03,2018-05-11,2018-05-24,2018-05-25,2018-06-04,0.014879487703783324,-0.02070731633000852,0.04200056372548633,0.04100056372548633,0.010887588010003668,0.03011297571548266
GILD,2018-05-24,2018-06-01,2018-06-13,2018-06-14,2018-06-21,0.011402581113947133,-0.043777091129153116,0.005200148940887717,0.004200148940887717,-0.01840481852061171,0.022604967461499426
GILD,2018-06-13,2018-06-20,2018-06-26,2018-07-05,2018-07-12,0.010463977787520094,0.01693256520075984,0.06578774145668831,0.06478774145668831,0.027237216602981507,0.0375505248537068
GILD,2018-12-21,2019-01-02,2019-01-14,2019-01-15,2019-01-23,0.013094949262674262,-0.060056616809036886,-0.003940278792960772,-0.004940278792960772,0.007619577944176781,-0.012559856737137554
GILD,2019-02-21,2019-03-01,2019-03-05,2019-03-15,2019-03-22,0.007017385184534185,0.024541787876514388,-0.028340580503594004,-0.029340580503594005,-0.0018638797876308066,-0.027476700715963198
GILD,2019-03-20,2019-03-29,2019-04-09,2019-04-10,2019-04-17,0.006347019401678106,-0.016612558513881045,-0.06157275411701035,-0.06257275411701035,0.016581381552032814,-0.07915413566904317
GILD,2019-08-14,2019-08-21,2019-08-23,2019-09-06,2019-09-13,0.016001398518057684,0.025261386514140706,0.035811474777144525,0.034811474777144524,0.0081790882275381,0.026632386549606424
GILD,2019-09-03,2019-09-05,2019-09-18,2019-09-19,2019-09-26,0.017309865026020884,-0.035495486235217255,-0.040327451542642945,-0.041327451542642946,-0.008556239648561337,-0.03277121189408161
GILD,2020-08-19,2020-08-31,2020-09-08,2020-09-14,2020-09-21,0.015981588788165677,0.03910088431113818,-0.03210734961889361,-0.03310734961889361,-0.015566264234742055,-0.017541085384151556
GILD,2020-11-20,2020-11-30,2020-12-09,2020-12-11,2020-12-18,0.009315986429669298,-0.002472481059919783,-0.016644552975825122,-0.017644552975825123,0.0024449152923908812,-0.020089468268216004
GILD,2021-02-25,2021-03-04,2021-03-11,2021-03-15,2021-03-22,0.007007363156640554,0.0022140396590886427,0.03900450656289656,0.038004506562896556,0.0025647763877940655,0.03543973017510249
GILD,2021-04-12,2021-04-15,2021-04-22,2021-05-03,2021-05-10,0.01716654081525096,0.001976338125564245,0.025531844190809894,0.024531844190809893,0.01807580235813555,0.006456041832674342
GILD,2021-05-25,2021-06-03,2021-06-16,2021-06-17,2021-06-24,0.003774759699575826,-0.02335100738452874,-0.0005950136119552418,-0.0015950136119552418,0.007510974603831766,-0.009105988215787009
GILD,2021-06-16,2021-06-25,2021-07-08,2021-07-09,2021-07-16,0.008168804871645815,0.0027988845701585074,0.006009977822561519,0.0050099778225615186,-0.009820418169411038,0.014830395991972556
GILD,2022-04-26,2022-05-04,2022-05-11,2022-05-12,2022-05-19,0.005018636579805122,0.024484561794807715,0.01264409161275637,0.011644091612756369,-0.027419216555977788,0.03906330816873416
GILD,2022-06-09,2022-06-21,2022-06-30,2022-07-01,2022-07-11,0.0014073354044264936,-0.021484138782480622,0.004810583240788535,0.003810583240788535,0.010102950899159246,-0.006292367658370711
GILD,2022-09-21,2022-09-28,2022-09-30,2022-10-04,2022-10-11,0.006771726578536871,0.03503824424287643,0.005512051766862092,0.004512051766862092,-0.04149190051575269,0.04600395228261478
GILD,2022-12-20,2022-12-30,2023-01-09,2023-01-10,2023-01-18,0.012740462471120881,0.00873618658860238,-0.03901751294282674,-0.04001751294282674,-0.017079884243586974,-0.022937628699239765
GILD,2023-01-20,2023-02-03,2023-02-15,2023-02-17,2023-02-27,0.0179497499747079,-0.006509121666930024,-0.04565839323000065,-0.04665839323000065,-0.025054837763058724,-0.021603555466941926
GILD,2023-05-25,2023-06-02,2023-06-06,2023-06-08,2023-06-15,0.003090742032429064,0.02169750556399772,0.017379483202195622,0.01637948320219562,0.03336127715798409,-0.01698179395578847
GILD,2023-06-26,2023-07-05,2023-07-07,2023-07-17,2023-07-24,0.008881979306350863,0.03650965649191386,0.00232298204664394,0.00132298204664394,0.01919148084889155,-0.017868498802247612
GILD,2023-11-09,2023-11-20,2023-11-28,2023-11-30,2023-12-07,0.013603373526584528,0.019605169050751086,0.018929519280000973,0.01792951928000097,0.007392945844663101,0.01053657343533787
GILD,2024-02-13,2024-02-23,2024-02-29,2024-03-07,2024-03-14,0.00027202845641424906,0.019714496382564815,0.0177865844523184,0.016786584452318398,-0.0018772315308462906,0.01866381598316469
GILD,2024-05-28,2024-06-07,2024-06-13,2024-06-14,2024-06-24,0.011886011411878023,0.01761968581735945,0.08715029086235249,0.08615029086235249,0.020472748088225634,0.06567754277412685
GILD,2025-04-07,2025-04-14,2025-04-25,2025-04-30,2025-05-07,0.00928730508568048,0.03126743816949916,-0.07171008188434447,-0.07271008188434447,0.005633954396946361,-0.07834403628129083
GILD,2025-07-11,2025-07-22,2025-07-31,2025-08-01,2025-08-08,0.004834058377469265,-0.019242996339914227,0.055045068167385525,0.054045068167385524,0.024240651304760386,0.029804416862625138
GILD,2025-08-22,2025-09-05,2025-09-12,2025-09-23,2025-09-30,0.002439727703094693,0.0043459801137967335,-0.029720283662895475,-0.030720283662895476,-0.008794694229128486,-0.02192558943376699
GILD,2025-09-12,2025-09-23,2025-09-25,2025-10-07,2025-10-14,0.005625882233282066,0.02980775716372094,0.01455732344854499,0.013557323448544989,0.0013189004790028491,0.01223842296954214
GILD,2026-04-24,2026-05-01,2026-05-08,2026-05-11,2026-05-18,0.009585852419400498,0.002430698746696623,-0.02883471266160187,-0.02983471266160187,-0.0015896429099591103,-0.02824506975164276
GILD,2026-06-02,2026-06-16,2026-06-18,2026-06-26,2026-07-06,0.0038894233691336893,0.027273409246107373,0.013528333484624788,0.012528333484624787,-0.001859699818786864,0.014388033303411651
EMR,2015-09-23,2015-09-30,2015-10-01,2015-10-02,2015-10-09,0.011449784040416534,0.03146960003545032,0.06698327858720665,0.06598327858720665,0.04372496181978436,0.022258316767422293
EMR,2016-10-12,2016-10-26,2016-10-27,2016-10-31,2016-11-07,0.0047805869131869825,0.01189537653388398,-0.005722041072730888,-0.006722041072730888,0.008990002076418202,-0.01571204314914909
EMR,2016-10-27,2016-10-31,2016-11-04,2016-11-08,2016-11-15,0.01685409013974458,0.025059203386636482,0.0866938560859114,0.0856938560859114,0.02447773657517871,0.06121611951073269
EMR,2016-12-14,2016-12-20,2016-12-28,2017-01-11,2017-01-19,0.018482584755174482,0.01762329785246175,0.014938061817523662,0.013938061817523661,-0.012190591089714431,0.026128652907238092
EMR,2017-03-21,2017-03-28,2017-04-07,2017-04-10,2017-04-18,0.008141350719261324,0.0013461085846963434,-0.020294975225733314,-0.021294975225733315,-0.009411173819691476,-0.011883801406041838
EMR,2017-04-12,2017-04-20,2017-05-02,2017-05-03,2017-05-10,0.012837894374865237,0.00016870776085638488,0.002439913544424188,0.0014399135444241882,0.006611623574346526,-0.0051717100299223375
EMR,2017-05-02,2017-05-10,2017-05-12,2017-05-19,2017-05-26,0.004303623563961632,0.02528457078317986,-0.008080687437628464,-0.009080687437628465,0.01747640085708646,-0.026557088294714926
EMR,2017-05-26,2017-06-08,2017-06-21,2017-07-03,2017-07-11,0.012389549852937312,0.01693184630739397,-0.007137219518031368,-0.008137219518031369,-0.004262730860532193,-0.0038744886574991755
EMR,2018-05-25,2018-06-05,2018-06-13,2018-06-14,2018-06-21,0.0024832082508824383,-0.0015135351693153691,-0.050754617063890395,-0.051754617063890396,-0.01840481852061171,-0.033349798543278686
EMR,2018-10-23,2018-11-01,2018-11-09,2018-11-16,2018-11-26,0.014209286747796514,0.020872149028703404,-0.043091047196828214,-0.044091047196828215,-0.03207565901472087,-0.012015388182107345
EMR,2018-12-17,2018-12-27,2019-01-03,2019-01-04,2019-01-11,0.010388310603581532,0.01466386860136603,0.03851303056437483,0.03751303056437483,0.019785271908788538,0.01772775865558629
EMR,2019-03-07,2019-03-13,2019-03-22,2019-03-29,2019-04-05,0.00921252283984339,0.015606412571781404,0.038995100745352396,0.037995100745352395,0.018581216844273607,0.019413883901078788
EMR,2019-11-13,2019-11-21,2019-12-02,2019-12-05,2019-12-12,0.006567882748550437,0.002718786291584493,0.04041615129218501,0.03941615129218501,0.02684084656302299,0.012575304729162018
EMR,2020-08-18,2020-08-24,2020-08-31,2020-09-01,2020-09-09,0.01887100150806382,0.0025842763713713234,-0.020390462702517764,-0.021390462702517765,-0.020075189666834303,-0.0013152730356834619
EMR,2020-12-22,2020-12-31,2021-01-04,2021-01-06,2021-01-13,0.013109732936455867,0.0293643412107754,0.007436439775889259,0.006436439775889259,0.014442171743582755,-0.008005731967693497
EMR,2021-04-13,2021-04-16,2021-04-30,2021-05-06,2021-05-13,0.01732305777438589,0.018546803705964263,0.016059930050493998,0.015059930050493997,-0.013079603150787489,0.028139533201281486
EMR,2021-08-18,2021-08-24,2021-09-01,2021-09-02,2021-09-10,0.017612771304146978,-0.0060917081459442935,-0.05307461958704396,-0.05407461958704396,-0.020428990317765128,-0.03364562926927883
EMR,2021-10-27,2021-10-28,2021-11-03,2021-11-05,2021-11-12,0.014144589998731569,0.022972077219058036,7.465377805315754e-05,-0.0009253462219468425,0.010746161747227534,-0.011671507969174377
EMR,2021-11-26,2021-12-06,2021-12-14,2021-12-15,2021-12-22,0.006976097378329967,-0.004508388416050843,-0.0308423724609993,-0.0318423724609993,-0.016868163075035914,-0.014974209385963388
EMR,2021-12-14,2021-12-15,2021-12-17,2021-12-28,2022-01-04,0.01510689035654943,0.021999198596685875,0.03165023688612001,0.030650236886120008,0.011955140142148268,0.01869509674397174
EMR,2022-01-25,2022-02-01,2022-02-11,2022-02-14,2022-02-22,0.013923921570068323,-0.029826480568242508,-0.013089475391280692,-0.014089475391280692,-0.018075537274928388,0.003986061883647696
EMR,2022-06-16,2022-06-24,2022-07-05,2022-07-19,2022-07-26,0.012715842827217144,0.03535286629143053,0.02225191924477854,0.02125191924477854,0.0011138768160039447,0.020138042428774594
EMR,2022-09-22,2022-10-03,2022-10-12,2022-10-13,2022-10-20,0.00013245388315539816,-0.025946404811134333,-0.007921666756354417,-0.008921666756354418,0.002258660155130432,-0.01118032691148485
EMR,2023-02-08,2023-02-15,2023-02-21,2023-03-06,2023-03-13,0.010815081837416644,0.050347016180776194,-0.06024088622644452,-0.061240886226444524,-0.04799188359752693,-0.013249002628917594
EMR,2023-02-21,2023-02-28,2023-03-09,2023-03-14,2023-03-21,0.008043921052715102,-0.008825810092771367,0.01083146769080634,0.00983146769080634,0.015306076721459672,-0.005474609030653332
EMR,2023-06-23,2023-06-26,2023-07-06,2023-07-07,2023-07-14,0.018804843573163775,0.000792740449798935,0.035416994938558766,0.034416994938558765,0.033558061236034664,0.0008589337025241006
EMR,2023-07-21,2023-07-24,2023-07-28,2023-08-02,2023-08-09,0.01107102557033993,0.01376832349274223,0.009459888356402768,0.008459888356402767,-0.01963515494507495,0.028095043301477718
EMR,2023-08-21,2023-08-22,2023-09-05,2023-09-06,2023-09-13,0.010730231236267387,-0.018734359641643154,-0.010033277154089304,-0.011033277154089305,0.0014297107760685712,-0.012462987930157876
EMR,2023-09-05,2023-09-07,2023-09-13,2023-09-18,2023-09-25,0.015529198195906277,0.017303844330456723,-0.01515896566341668,-0.01615896566341668,-0.025835619508964514,0.009676653845547833
EMR,2023-09-26,2023-10-09,2023-10-13,2023-10-16,2023-10-23,0.002824204719128386,0.011578098092182661,-0.06424481440095708,-0.06524481440095709,-0.029063289539809745,-0.03618152486114734
EMR,2023-10-25,2023-11-01,2023-11-07,2023-11-17,2023-11-27,0.008780791146756168,0.05211468404229691,-0.014338560811414713,-0.015338560811414714,0.006764347296966955,-0.02210290810838167
EMR,2023-11-27,2023-11-30,2023-12-06,2023-12-08,2023-12-15,0.010342296851115394,0.013498351051918257,0.06811842819986369,0.06711842819986369,0.038037942693660565,0.029080485506203124
EMR,2024-01-09,2024-01-19,2024-01-31,2024-02-07,2024-02-14,0.0030647314891316525,0.03350551330849728,0.020655183286408807,0.019655183286408806,-0.004075006698116446,0.023730189984525252
EMR,2024-06-04,2024-06-18,2024-06-26,2024-06-28,2024-07-08,0.016936545143976973,0.023555433331744813,-0.0017248316594350444,-0.0027248316594350444,0.001927427857345787,-0.004652259516780831
EMR,2025-01-07,2025-01-15,2025-01-29,2025-01-30,2025-02-06,0.0003314304530550904,-0.06734590973712824,-0.022692363964329942,-0.023692363964329943,-0.017408127085762226,-0.006284236878567717
EMR,2025-08-06,2025-08-13,2025-08-20,2025-08-28,2025-09-05,0.007989260597231153,0.02661957144748991,-0.01486422588684122,-0.01586422588684122,-0.008040390786169027,-0.007823835100672194
EMR,2025-12-16,2025-12-24,2025-12-31,2026-01-05,2026-01-12,0.01648150569154793,0.026265568762956278,0.01757072016910799,0.01657072016910799,0.02558313880911922,-0.009012418640011233
EMR,2026-03-18,2026-03-25,2026-03-26,2026-03-31,2026-04-08,0.007545478400090142,0.034770010567799554,0.0888414489631657,0.0878414489631657,0.02973846834050442,0.05810298062266128
UPS,2015-11-12,2015-11-27,2015-11-30,2015-12-01,2015-12-08,0.015399935007347045,0.011230742622170557,-0.030848480848271187,-0.03184848084827119,-0.020815641205888857,-0.01103283964238233
UPS,2016-04-05,2016-04-12,2016-04-21,2016-04-22,2016-04-29,0.012605658936171032,0.002280665930991337,-0.004264685398080226,-0.005264685398080226,-0.023995998690663045,0.01873131329258282
UPS,2016-09-09,2016-09-20,2016-09-29,2016-09-30,2016-10-07,0.006689545565465838,0.0012922630944545365,-0.005120796967089225,-0.006120796967089225,-0.01580774690102771,0.009686949933938482
UPS,2016-10-20,2016-10-24,2016-11-01,2016-11-07,2016-11-14,0.009776653335057329,0.014846073090293049,0.035534023265171966,0.034534023265171965,0.018681211812695553,0.015852811452476412
UPS,2017-02-01,2017-02-10,2017-02-22,2017-02-27,2017-03-06,0.018889118906954154,0.008474831458309304,-0.005902883972135564,-0.006902883972135564,-0.005544992781517211,-0.0013578911906183535
UPS,2017-03-21,2017-03-30,2017-04-07,2017-04-24,2017-05-01,0.0014084559879387149,0.015657388676606477,-0.0040197066374704216,-0.005019706637470422,0.010304799547835586,-0.015324506185306008
UPS,2017-04-07,2017-04-20,2017-05-01,2017-05-02,2017-05-09,0.005143363065741658,-0.009570754314143795,-0.003834733083746822,-0.004834733083746822,0.008414763969107897,-0.01324949705285472
UPS,2017-07-06,2017-07-13,2017-07-27,2017-08-02,2017-08-09,0.017575887516093975,0.03031609407468112,0.010336017561214161,0.00933601756121416,-0.0029906532067356384,0.012326670767949799
UPS,2017-09-19,2017-09-26,2017-10-05,2017-10-12,2017-10-19,0.016671064739886984,0.006054835706848783,-0.0012546241699027405,-0.0022546241699027405,0.006406385251627622,-0.008661009421530363
UPS,2017-10-05,2017-10-12,2017-10-17,2017-10-20,2017-10-27,0.011590700253287648,0.015806527720429696,0.008266560432384384,0.007266560432384384,0.0009846406702873622,0.006281919762097022
UPS,2018-09-24,2018-10-01,2018-10-10,2018-10-16,2018-10-23,0.0011082638523952188,0.006896116928501864,-0.027579059797073535,-0.028579059797073536,-0.02933831254838626,0.0007592527513127223
UPS,2018-12-17,2018-12-27,2019-01-03,2019-01-09,2019-01-16,0.009394029254358553,0.0340561916362858,-0.009497275639993918,-0.01049727563999392,-0.004707749702210773,-0.0057895259377831465
UPS,2019-02-22,2019-02-25,2019-03-06,2019-03-14,2019-03-21,0.01334550438458694,0.018131232978334404,-0.00973989040650669,-0.010739890406506691,0.023734878222237743,-0.034474768628744434
UPS,2019-03-06,2019-03-13,2019-03-20,2019-03-29,2019-04-05,0.018466045145047707,0.026520163686086194,0.023178556707796005,0.022178556707796004,0.018581216844273607,0.0035973398635223974
UPS,2019-08-01,2019-08-08,2019-08-14,2019-08-19,2019-08-26,0.004872376060967891,0.029859484777517563,-0.02080658324039142,-0.02180658324039142,-0.008097793339223447,-0.013708789901167973
UPS,2019-08-14,2019-08-16,2019-08-23,2019-08-28,2019-09-05,0.01964284470374884,0.03486539231385108,0.04186371718256465,0.04086371718256465,0.034349930140487483,0.006513787042077168
UPS,2019-10-01,2019-10-15,2019-10-22,2019-10-29,2019-11-05,0.005785618703365275,0.003262860797867477,0.0383198464171588,0.0373198464171588,0.01977058645489249,0.017549259962266306
UPS,2019-12-02,2019-12-13,2019-12-20,2019-12-23,2019-12-31,0.0033834132298540946,0.010284848580275353,-0.015806418714644055,-0.016806418714644056,-0.005729589227432608,-0.011076829487211448
UPS,2020-04-30,2020-05-08,2020-05-13,2020-05-18,2020-05-26,0.0017961548948937215,0.043129847208402246,0.020687328230957647,0.019687328230957646,0.00829384394296584,0.011393484287991806
UPS,2020-12-03,2020-12-09,2020-12-10,2020-12-16,2020-12-23,0.008043960052620383,0.029199602631532495,0.01475320135045588,0.01375320135045588,-0.006521567260832306,0.020274768611288185
UPS,2021-11-26,2021-12-07,2021-12-14,2021-12-15,2021-12-22,0.00043864173210457437,0.008033494463335393,0.012975710059274004,0.011975710059274003,-0.016868163075035914,0.028843873134309916
UPS,2022-02-17,2022-02-25,2022-03-07,2022-03-15,2022-03-22,0.0036330911150881406,0.04177187041123936,0.03747685666191192,0.036476856661911916,0.048161458156163794,-0.011684601494251878
UPS,2023-05-10,2023-05-17,2023-05-24,2023-05-26,2023-06-05,0.008372126343897201,0.021241904144214105,-0.021682028032735112,-0.022682028032735113,0.005089727442774805,-0.02777175547550992
UPS,2023-12-20,2024-01-02,2024-01-12,2024-01-22,2024-01-29,0.008792120664615008,0.00018941561381741103,-0.003656897628542932,-0.004656897628542932,0.0021860715419181886,-0.006842969170461121
UPS,2024-01-30,2024-02-06,2024-02-13,2024-02-15,2024-02-23,0.005928598831499641,0.006990063690328318,0.022566093857700142,0.02156609385770014,0.016792218160116335,0.004773875697583807
UPS,2024-04-12,2024-04-22,2024-05-01,2024-05-02,2024-05-09,0.0031054399759228813,-0.0038524847524718706,0.005705687646136326,0.004705687646136326,0.02547015364615901,-0.020764466000022685
UPS,2024-08-05,2024-08-13,2024-08-22,2024-08-23,2024-08-30,0.003729646163733954,-0.015534550635999293,0.004532453611011178,0.003532453611011178,0.006916902635441202,-0.0033844490244300243
UPS,2024-12-30,2025-01-08,2025-01-10,2025-01-15,2025-01-23,0.011490481755957759,0.02745344380355497,0.04816834962014194,0.047168349620141936,0.0404133253231016,0.006755024297040335
UPS,2025-04-30,2025-05-08,2025-05-20,2025-05-21,2025-05-29,0.017313817964846642,-0.022743184553057717,0.023474248600802383,0.022474248600802382,0.006048123171120912,0.01642612542968147
UPS,2025-05-20,2025-05-29,2025-06-05,2025-06-06,2025-06-13,0.005638186914392599,0.012538182992431928,0.017811749030973045,0.016811749030973044,0.01683024174528014,-1.8492714307094538e-05
UPS,2025-06-17,2025-06-27,2025-07-07,2025-07-08,2025-07-15,0.015150056859049897,0.0032615608725354893,-0.02783744813345157,-0.02883744813345157,-0.015324779501362462,-0.013512668632089109
UPS,2025-07-30,2025-08-12,2025-08-21,2025-08-22,2025-08-29,0.002867501150012681,-0.003968647260264238,-0.015536993386273679,-0.01653699338627368,-0.00603556152545881,-0.01050143186081487
UPS,2025-09-04,2025-09-16,2025-09-24,2025-10-02,2025-10-09,0.008522625562294644,0.015258114933332468,-0.0033890375258848193,-0.004389037525884819,0.0006571801594588145,-0.005046217685343634
UPS,2025-09-24,2025-09-29,2025-10-09,2025-10-16,2025-10-23,0.007151285322281232,-0.009230804165797886,0.016230689979011004,0.015230689979011003,0.025311131646802876,-0.010080441667791873
UPS,2025-11-18,2025-11-21,2025-12-04,2025-12-05,2025-12-12,0.01971344184866096,-0.0010564864842503817,0.0637713067110901,0.0627713067110901,0.004246146880528601,0.0585251598305615
UPS,2026-03-12,2026-03-24,2026-03-27,2026-04-08,2026-04-15,0.005618556066034902,0.036976791834615066,0.031060316041491287,0.030060316041491286,0.013260751506139146,0.01679956453535214
MRK,2015-07-22,2015-07-29,2015-08-06,2015-08-13,2015-08-20,0.007052846204590415,0.0018789136589286357,-0.03441809151864672,-0.03541809151864672,-0.03152807053733042,-0.0038900209813163
MRK,2015-09-25,2015-10-02,2015-10-13,2015-10-15,2015-10-22,0.010887091214171868,0.013362511756416442,0.025433950744254252,0.02443395074425425,0.0191820737272399,0.00525187701701435
MRK,2015-11-11,2015-11-18,2015-11-24,2015-12-01,2015-12-08,0.009493711505334793,0.013829652848143728,-0.020157622292263366,-0.021157622292263367,-0.020815641205888857,-0.00034198108637450986
MRK,2016-09-09,2016-09-21,2016-09-29,2016-10-05,2016-10-12,0.010718058495163737,0.012599657987898314,-0.018152913454231756,-0.019152913454231757,-0.02034558353437621,0.0011926700801444534
MRK,2016-12-21,2017-01-03,2017-01-10,2017-01-11,2017-01-19,0.012115259804381646,0.003824038380377157,-0.021093927245829813,-0.022093927245829814,-0.012190591089714431,-0.009903336156115383
MRK,2017-11-20,2017-11-28,2017-12-06,2017-12-08,2017-12-15,0.015342203651422656,0.010558887724012627,0.020665607378109074,0.019665607378109073,0.006957889693204988,0.012707717684904085
MRK,2018-02-06,2018-02-15,2018-02-21,2018-02-26,2018-03-05,0.00955642683056056,0.025719060555797202,-0.02961119166847681,-0.03061119166847681,-0.015630378066421313,-0.014980813602055498
MRK,2018-02-28,2018-03-08,2018-03-19,2018-03-20,2018-03-27,0.009959388210248677,-0.006350128207415262,-0.01628831975072975,-0.017288319750729753,-0.046220969369374476,0.028932649618644724
MRK,2018-03-19,2018-03-28,2018-04-02,2018-04-09,2018-04-16,0.00842026813625199,0.033036893345526085,0.04433758772539709,0.043337587725397086,0.0317216637445914,0.011615923980805687
MRK,2018-05-02,2018-05-09,2018-05-21,2018-05-22,2018-05-30,0.011343838685167784,-0.010698829074134808,0.02172822700846533,0.020728227008465328,0.0037118423723037086,0.01701638463616162
MRK,2018-06-26,2018-07-05,2018-07-19,2018-07-20,2018-07-27,0.015151663899467475,-0.014113917607982175,0.015515282709640976,0.014515282709640975,0.01901293620116995,-0.0044976534915289745
MRK,2018-10-10,2018-10-17,2018-10-24,2018-10-30,2018-11-06,0.019446133319577615,0.017822134559823594,0.006037944287403452,0.005037944287403452,0.030051682093192422,-0.02501373780578897
MRK,2019-01-24,2019-01-31,2019-02-11,2019-02-12,2019-02-20,0.017220110855087064,-0.03063303283082515,0.011589253070035,0.010589253070034998,0.010064283537192686,0.0005249695328423121
MRK,2019-05-07,2019-05-16,2019-05-29,2019-05-30,2019-06-06,0.01578902776505903,-0.0029065456349295976,0.022088659048523862,0.02108865904852386,0.03247069377177536,-0.0113820347232515
MRK,2019-09-09,2019-09-18,2019-09-27,2019-09-30,2019-10-07,0.0012188165430964556,0.0013249258398178364,0.002494478484739382,0.001494478484739382,-0.01728056380954668,0.01877504229428606
MRK,2020-02-24,2020-03-02,2020-03-09,2020-03-10,2020-03-17,0.0004918947777130654,0.029618026659862275,-0.08442702097323573,-0.08542702097323573,-0.08954980688405512,0.004122785910819382
MRK,2020-04-30,2020-05-14,2020-05-20,2020-05-29,2020-06-05,0.008949021086710727,0.03947557530772302,0.019078349808708372,0.01807834980870837,0.05610003049615031,-0.03802168068744194
MRK,2020-06-11,2020-06-19,2020-06-24,2020-07-01,2020-07-09,0.015116210359078324,0.026059572679499154,-0.018304928972472934,-0.019304928972472934,0.004957895944515789,-0.024262824916988723
MRK,2020-06-24,2020-06-30,2020-07-09,2020-07-13,2020-07-20,0.01924357261334316,0.00827607579473539,0.026632156054984257,0.025632156054984256,0.027902409013442542,-0.0022702529584582853
MRK,2020-12-14,2020-12-29,2021-01-13,2021-01-14,2021-01-22,0.013695207796627688,-0.011299248533659748,-0.01448242106224984,-0.01548242106224984,-0.0002477422545099639,-0.015234678807739876
MRK,2021-07-19,2021-07-27,2021-08-02,2021-08-16,2021-08-23,0.010382245012926292,0.02145122288308648,0.005774082753603915,0.004774082753603915,-0.00964448802519724,0.014418570778801154
MRK,2021-08-04,2021-08-12,2021-08-24,2021-08-25,2021-09-01,0.007419527997089896,-0.022093472474285603,-0.011547609944552395,-0.012547609944552396,0.004150846254568963,-0.01669845619912136
MRK,2022-02-07,2022-02-15,2022-02-17,2022-03-04,2022-03-11,0.0029647279447489227,0.018635240205913582,0.0055251256926773795,0.0045251256926773795,-0.030272170979523838,0.03479729667220122
MRK,2022-06-09,2022-06-21,2022-06-30,2022-07-01,2022-07-11,0.008527852357414739,-0.03566958002874118,0.020341795755198788,0.019341795755198787,0.010102950899159246,0.00923884485603954
MRK,2022-07-29,2022-08-09,2022-08-23,2022-08-24,2022-08-31,0.0020148095772359663,-0.007596101237375577,-0.05166103660473309,-0.05266103660473309,-0.04618751060317072,-0.006473526001562369
MRK,2022-08-30,2022-09-08,2022-09-13,2022-09-14,2022-09-21,0.006215176906720226,0.013040423063266856,-0.027832136927171458,-0.02883213692717146,-0.04422593506420136,0.015393798137029902
MRK,2023-05-25,2023-06-02,2023-06-07,2023-06-22,2023-06-29,0.001958934213628861,0.03474937697147402,-0.0015828577358406593,-0.0025828577358406593,0.0038850869622142348,-0.006467944698054894
MRK,2023-09-27,2023-10-09,2023-10-18,2023-10-26,2023-11-02,0.0053875044258436125,0.024019173673735697,-0.02558043474042271,-0.02658043474042271,0.03911657965594917,-0.06569701439637188
MRK,2023-11-09,2023-11-20,2023-11-28,2023-12-01,2023-12-08,0.002930167166432891,0.024347371124208206,0.002803177958568881,0.001803177958568881,0.0005889312309010908,0.0012142467276677902
MRK,2024-04-08,2024-04-22,2024-05-03,2024-05-06,2024-05-13,0.00300241334833443,-0.00449036617958333,0.013482801443475578,0.012482801443475577,0.02152761087801025,-0.009044809434534673
MRK,2024-12-20,2025-01-06,2025-01-17,2025-02-03,2025-02-10,0.017032114162373543,0.018050619906693956,-0.13418177204584336,-0.13518177204584336,-0.008489504116187208,-0.12669226792965615
MRK,2025-05-08,2025-05-20,2025-05-28,2025-06-04,2025-06-11,0.004120949831121212,0.023085839073081597,0.026191383146805913,0.025191383146805912,0.027181272342832186,-0.0019898891960262732
MRK,2025-07-30,2025-08-13,2025-08-27,2025-08-28,2025-09-05,0.011743119408462819,-0.01644299378915698,0.01802665544260007,0.01702665544260007,-0.008040390786169027,0.025067046228769096
MRK,2025-10-10,2025-10-20,2025-10-28,2025-10-29,2025-11-05,0.0038376654719246275,-0.008225260055943814,-0.025294589537549705,-0.026294589537549706,-0.008338338385672328,-0.017956251151877378
MRK,2026-04-24,2026-05-01,2026-05-08,2026-05-12,2026-05-19,0.002323513288586747,0.006954381268469054,0.016641411447248844,0.015641411447248843,0.0018644687503395208,0.013776942696909322
CRM,2015-10-30,2015-11-02,2015-11-09,2015-11-19,2015-11-27,0.019173968546247193,0.012373703435773103,-0.008308514074424012,-0.009308514074424012,0.001854604493858547,-0.01116311856828256
CRM,2017-06-09,2017-06-19,2017-06-29,2017-07-07,2017-07-14,0.003093712355935237,0.008453248144790208,0.023658077833019986,0.022658077833019985,0.017059408956337396,0.005598668876682589
CRM,2017-11-29,2017-12-11,2017-12-20,2018-01-03,2018-01-10,0.009755637073448562,0.011000708113270457,0.033336683392594324,0.03233668339259432,0.01765716413334162,0.014679519259252705
CRM,2019-02-20,2019-02-22,2019-03-04,2019-03-15,2019-03-22,0.017472117938169246,0.017420022788661196,-6.19076470771418e-05,-0.0010619076470771418,-0.0018638797876308066,0.0008019721405536648
CRM,2019-03-04,2019-03-13,2019-03-22,2019-03-25,2019-04-01,0.008264795241223475,-0.010575147847926956,0.001864791996385895,0.000864791996385895,0.028471179174843098,-0.027606387178457203
CRM,2019-03-26,2019-04-01,2019-04-09,2019-04-23,2019-04-30,0.011166890227544326,0.026119756852218946,0.02555342494343882,0.024553424943438817,-0.00108865344157838,0.025642078385017197
CRM,2019-08-05,2019-08-13,2019-08-14,2019-08-16,2019-08-23,0.007421727800878849,0.02891290786543667,0.05337388379336416,0.05237388379336416,-0.005796425889152745,0.05817030968251691
CRM,2019-09-27,2019-10-07,2019-10-17,2019-10-25,2019-11-01,0.0036421978502369275,0.01767432372540764,0.0614656506880773,0.0604656506880773,0.016979201324375914,0.043486449363701385
CRM,2020-12-02,2020-12-16,2020-12-24,2020-12-28,2021-01-05,0.012863577770211763,-0.009659172813765961,-0.013888749482996454,-0.014888749482996455,0.011543272364664015,-0.02643202184766047
CRM,2021-03-02,2021-03-11,2021-03-18,2021-04-01,2021-04-09,0.011617580866878337,0.029960785996731135,0.05742496544742037,0.05642496544742037,0.019534656904511616,0.036890308542908756
CRM,2021-06-23,2021-06-28,2021-07-12,2021-07-22,2021-07-29,0.011288405017126052,0.006787369012158082,-0.017077408574992847,-0.018077408574992848,0.006660839838128263,-0.02473824841312111
CRM,2022-02-11,2022-02-25,2022-03-04,2022-03-17,2022-03-24,0.0009138572487361911,0.02441248905893257,0.016966815530925494,0.015966815530925493,0.010373041358296753,0.0055937741726287404
CRM,2022-03-04,2022-03-16,2022-03-25,2022-03-28,2022-04-04,0.012610190471485193,-0.026560485039785583,0.016582925825068706,0.015582925825068705,-0.004215263778761136,0.01979818960382984
CRM,2022-05-12,2022-05-26,2022-06-10,2022-06-13,2022-06-21,0.012716617437340205,-0.09842419258211484,0.004818342782671126,0.0038183427826711256,-0.0031355228643853428,0.006953865647056468
CRM,2022-09-20,2022-09-28,2022-09-30,2022-10-04,2022-10-11,0.00246995112519592,0.042152250816827226,-0.08450505644780726,-0.08550505644780726,-0.04149190051575269,-0.04401315593205457
CRM,2023-02-17,2023-03-01,2023-03-09,2023-03-10,2023-03-17,0.013198599221658006,-0.06794144806886303,0.06738659654313706,0.06638659654313706,-0.0013821719150018952,0.06776876845813895
CRM,2023-04-05,2023-04-17,2023-04-24,2023-04-28,2023-05-05,0.009062455986479683,0.010959937622920074,-0.003931694066603653,-0.004931694066603653,-0.018363206576081814,0.01343151250947816
CRM,2023-09-22,2023-10-06,2023-10-13,2023-10-16,2023-10-23,0.004505102382869673,0.013358404244597066,-0.03131455431969865,-0.03231455431969865,-0.029063289539809745,-0.003251264779888907
CRM,2024-07-09,2024-07-16,2024-07-18,2024-07-23,2024-07-30,0.014261486278137527,0.033902241607409386,0.007302968335294313,0.006302968335294313,0.00438055462279574,0.0019224137124985727
CRM,2025-05-29,2025-06-05,2025-06-13,2025-06-24,2025-07-01,0.0008243784653742535,0.032716968971060016,0.002728962922463163,0.0017289629224631628,0.022367602721662605,-0.020638639799199443
CRM,2025-08-07,2025-08-15,2025-08-26,2025-08-27,2025-09-04,0.0064763127362598896,-0.005362062233417311,-0.024584275127075506,-0.025584275127075506,-0.011283698749288473,-0.014300576377787033
CRM,2026-03-24,2026-03-31,2026-04-07,2026-04-20,2026-04-27,0.019943139760380462,0.019874579176884184,-0.03269450154682407,-0.033694501546824074,0.00492553468179735,-0.038620036228621424
CRM,2026-05-11,2026-05-18,2026-05-28,2026-05-29,2026-06-05,0.011211859434718583,0.01844218814693263,-0.02846672720249188,-0.029466727202491882,-0.020983699443671955,-0.008483027758819928
XOM,2016-10-28,2016-11-07,2016-11-17,2016-11-18,2016-11-28,0.007902805712614409,-0.0062580260747075196,0.013953730745332349,0.012953730745332348,0.0062121212511847546,0.0067416094941475935
XOM,2017-02-01,2017-02-13,2017-02-17,2017-03-01,2017-03-08,0.009874394893634352,0.01493969874859527,-0.0239698816970646,-0.0249698816970646,-0.011617502095529697,-0.013352379601534903
XOM,2017-03-08,2017-03-15,2017-03-24,2017-03-29,2017-04-05,0.011970752343094708,0.009390315729253943,0.006217823964271174,0.005217823964271174,-0.004830018059340135,0.010047842023611309
XOM,2018-01-10,2018-01-12,2018-01-29,2018-02-01,2018-02-08,0.016728600183457308,-0.005598757686487904,-0.14595239059624288,-0.14695239059624288,-0.08856431635276685,-0.05838807424347603
XOM,2018-05-24,2018-06-01,2018-06-13,2018-06-14,2018-06-21,0.01943475217237038,0.00391050375418439,-0.02686535557536529,-0.02786535557536529,-0.01840481852061171,-0.009460537054753582
XOM,2019-10-01,2019-10-11,2019-10-18,2019-10-22,2019-10-29,0.00043550269923380654,0.01986086876761506,-0.009408158280943879,-0.01040815828094388,0.012408794752082342,-0.02281695303302622
XOM,2019-10-28,2019-11-01,2019-11-11,2019-11-12,2019-11-19,0.013986059044803585,-0.022820096469272473,-0.022344189619116328,-0.02334418961911633,0.0024286898447261063,-0.025772879463842435
XOM,2019-11-12,2019-11-21,2019-11-29,2019-12-12,2019-12-19,0.0043246579542556545,0.022104445130402,-0.013505582125037496,-0.014505582125037497,0.0027418734822313162,-0.017247455607268813
XOM,2020-07-07,2020-07-14,2020-07-20,2020-07-21,2020-07-28,0.01919547242813326,0.035625474628186535,-0.024636178814937404,-0.025636178814937405,-0.009181427672549591,-0.016454751142387813
XOM,2021-08-17,2021-08-27,2021-08-31,2021-09-15,2021-09-22,0.0037796436422481675,0.02241340567753245,-0.02144621635979649,-0.02244621635979649,-0.01785831713177366,-0.004587899228022829
XOM,2021-08-31,2021-09-13,2021-09-20,2021-09-23,2021-09-30,0.01559055659049056,0.03034140006288322,0.030483518743011695,0.029483518743011694,-0.024192340227539466,0.05367585897055116
XOM,2022-02-15,2022-02-28,2022-03-14,2022-03-17,2022-03-24,0.005513444495610722,-0.04412150363990045,0.055710001010997434,0.05471000101099743,0.010373041358296753,0.04433695965270068
XOM,2023-05-04,2023-05-18,2023-05-30,2023-06-06,2023-06-13,0.00610904555065466,0.016356100249722238,0.0027321049723270097,0.0017321049723270096,0.02110838060603437,-0.019376275633707363
XOM,2023-05-30,2023-06-02,2023-06-14,2023-06-15,2023-06-23,0.01653203951586933,0.005673298008590852,-0.03295843160141021,-0.03395843160141021,-0.025150274733995337,-0.008808156867414874
XOM,2023-06-14,2023-06-28,2023-07-06,2023-07-11,2023-07-18,0.00228246091519773,0.0235295984209601,-0.047655178236509,-0.048655178236509,0.01373055868225781,-0.06238573691876681
XOM,2023-12-05,2023-12-14,2023-12-28,2024-01-02,2024-01-09,0.011350156797933018,0.013683872821345797,-0.026279796715993342,-0.027279796715993343,0.0025650247283948158,-0.02984482144438816
XOM,2024-06-12,2024-06-20,2024-07-02,2024-07-03,2024-07-11,0.007301885841266218,-0.021836392098432324,-0.013157925762146805,-0.014157925762146806,0.009842782854547982,-0.024000708616694788
XOM,2024-07-02,2024-07-15,2024-07-23,2024-07-25,2024-08-01,0.009020991144183754,0.015623781160304074,-0.004087638112017955,-0.005087638112017955,0.014749511740269394,-0.01983714985228735
XOM,2024-09-04,2024-09-17,2024-09-26,2024-09-27,2024-10-04,0.0010520620223082506,0.01208606927862661,0.0777932727045938,0.0767932727045938,-0.0011063167224137915,0.07789958942700759
XOM,2024-10-15,2024-10-22,2024-10-24,2024-11-06,2024-11-13,0.0029081628963239623,0.009196350142516537,0.0038841265495044297,0.0028841265495044297,-0.002657008610951528,0.0055411351604559575
XOM,2024-10-24,2024-11-06,2024-11-15,2024-11-18,2024-11-25,0.011790308954945714,0.005864609581652203,-0.0028260713430451334,-0.0038260713430451334,0.0142829022323272,-0.018108973575372334
XOM,2024-12-18,2024-12-31,2025-01-08,2025-01-13,2025-01-21,0.010806302162518936,0.005949761205519859,0.019946937798340114,0.018946937798340113,0.047221916166664046,-0.028274978368323933
XOM,2025-01-22,2025-02-04,2025-02-12,2025-02-18,2025-02-25,0.003925754007001904,0.01500341440268204,-0.003722451528121118,-0.004722451528121118,-0.009598333819326621,0.004875882291205503
XOM,2025-02-25,2025-02-28,2025-03-03,2025-03-10,2025-03-17,0.014581066170321783,0.03206676960491265,0.017531242311015438,0.016531242311015437,0.005244821449957415,0.011286420861058022
XOM,2025-11-24,2025-12-03,2025-12-16,2025-12-22,2025-12-30,0.015779901697058823,0.02648555018616758,0.02403724929197204,0.02303724929197204,0.006050967207132718,0.01698628208483932
XOM,2026-04-14,2026-04-28,2026-05-06,2026-05-12,2026-05-19,0.008844759657842248,0.01242029932240496,0.08645886314540419,0.08545886314540418,0.0018644687503395208,0.08359439439506466
XOM,2026-05-06,2026-05-13,2026-05-26,2026-06-03,2026-06-10,0.019369247957486777,0.004903267927184441,-0.012522181061903948,-0.013522181061903948,-0.03230689190800007,0.01878471084609612
ORCL,2015-07-21,2015-07-29,2015-08-06,2015-08-10,2015-08-17,0.005559591548656969,0.011811595071205085,-0.0042619993543348,-0.0052619993543348,-0.005081982398753571,-0.00018001695558122945
ORCL,2015-09-23,2015-09-30,2015-10-14,2015-10-15,2015-10-22,0.0036119026815940314,-0.03566108936202644,0.00639165544180198,0.00539165544180198,0.0191820737272399,-0.013790418285437922
ORCL,2015-11-12,2015-11-19,2015-11-30,2015-12-01,2015-12-08,0.010095698579917274,0.0012814839632518027,-0.01274533036480574,-0.013745330364805741,-0.020815641205888857,0.007070310841083116
ORCL,2016-03-28,2016-04-01,2016-04-05,2016-04-13,2016-04-20,0.013293908662004071,0.015306172778212527,-0.005083985402938085,-0.006083985402938085,0.010233060467901955,-0.01631704587084004
ORCL,2016-04-29,2016-05-10,2016-05-17,2016-05-25,2016-06-02,0.004013981632685607,0.010494507325417365,-0.03663091021815312,-0.037630910218153124,0.006473750516561516,-0.04410466073471464
ORCL,2016-07-19,2016-07-28,2016-08-02,2016-08-11,2016-08-18,0.0026775261275770314,0.01165288271591929,-0.0033912318289123222,-0.004391231828912322,0.005332853834792539,-0.009724085663704862
ORCL,2017-06-09,2017-06-16,2017-06-29,2017-06-30,2017-07-10,0.0013322680371697924,-0.11332880841952278,-0.010370894645115314,-0.011370894645115315,-0.0033241212039176737,-0.008046773441197641
ORCL,2017-11-15,2017-11-30,2017-12-04,2017-12-08,2017-12-15,0.0049159889848973265,0.013452813589204825,-0.0262095632229713,-0.0272095632229713,0.006957889693204988,-0.03416745291617629
ORCL,2018-03-22,2018-04-05,2018-04-06,2018-04-13,2018-04-20,0.0015252379661533275,0.024586299184409383,0.007408887717851309,0.006408887717851309,0.007620757861138472,-0.0012118701432871628
ORCL,2018-08-13,2018-08-17,2018-08-30,2018-08-31,2018-09-10,0.007290000919628656,-0.00041345525353901283,0.005764015834107683,0.004764015834107683,0.0004355398767179608,0.004328475957389722
ORCL,2019-09-16,2019-09-23,2019-10-02,2019-10-04,2019-10-11,0.01655987993014828,0.016105183687287247,0.03633913700883551,0.03533913700883551,0.007574913769154978,0.02776422323968053
ORCL,2020-05-21,2020-05-27,2020-06-04,2020-06-05,2020-06-12,0.018766680791979587,0.006578792907365825,-0.039273684575064305,-0.040273684575064306,-0.05700859983799911,0.016734915262934802
ORCL,2020-07-27,2020-08-03,2020-08-10,2020-08-19,2020-08-26,0.011564743934122606,0.018578203221996388,0.022953710519989068,0.021953710519989067,0.026441465495525396,-0.004487754975536329
ORCL,2021-04-22,2021-04-29,2021-05-11,2021-05-12,2021-05-19,0.013356138604935322,-0.023988597793559472,0.025928502450932367,0.024928502450932366,0.024577476508546692,0.0003510259423856743
ORCL,2021-08-18,2021-08-27,2021-09-07,2021-09-08,2021-09-15,0.004609695896797135,0.007050930327659591,-0.019447723263234518,-0.02044772326323452,-0.004457397785369799,-0.01599032547786472
ORCL,2021-12-28,2022-01-04,2022-01-05,2022-01-10,2022-01-18,0.002143407867131648,0.026789718670053312,-0.04177834201731989,-0.04277834201731989,-0.01622607315652158,-0.02655226886079831
ORCL,2022-01-21,2022-02-02,2022-02-07,2022-02-09,2022-02-16,0.0034055758370866184,0.021333415836357218,-0.0510482698566147,-0.052048269856614704,-0.025109128691482296,-0.026939141165132408
ORCL,2022-02-17,2022-02-25,2022-03-07,2022-03-10,2022-03-17,0.010856571322332038,0.026588055947998315,0.051533132822107586,0.050533132822107585,0.034206800546748184,0.0163263322753594
ORCL,2022-09-23,2022-10-04,2022-10-10,2022-10-17,2022-10-24,0.017660841069671453,0.047495774164966004,0.08803384211252685,0.08703384211252685,0.046482359869331136,0.04055148224319571
ORCL,2023-02-07,2023-02-13,2023-02-21,2023-03-06,2023-03-13,0.019147763448204118,0.03600976083600383,-0.05359913151954965,-0.05459913151954965,-0.04799188359752693,-0.006607247922022719
ORCL,2023-06-23,2023-06-30,2023-07-05,2023-07-14,2023-07-21,0.003793033715001028,0.026282744040993625,-0.013582556490665532,-0.014582556490665533,0.019893386138033042,-0.034475942628698575
ORCL,2024-02-15,2024-03-01,2024-03-05,2024-03-07,2024-03-14,0.008866791002057279,0.024960354290140825,0.0959488779626958,0.0949488779626958,-0.0018772315308462906,0.09682610949354209
ORCL,2024-04-18,2024-04-26,2024-04-30,2024-05-06,2024-05-13,0.010431095787455049,0.029519686194980722,-0.016646759896468466,-0.017646759896468467,0.02152761087801025,-0.03917437077447872
ORCL,2024-10-21,2024-10-30,2024-10-31,2024-11-06,2024-11-13,0.004604094605964289,0.03849681146011462,0.046292228821213754,0.045292228821213754,-0.002657008610951528,0.04794923743216528
ORCL,2025-12-12,2025-12-19,2025-12-31,2026-01-02,2026-01-09,0.010527993213815498,-0.015314882605428001,0.01703937444729875,0.01603937444729875,0.036972416200554026,-0.020933041753255277
ORCL,2026-03-24,2026-03-31,2026-04-09,2026-04-13,2026-04-20,0.00013600985120814773,0.05960515714312871,0.14111306169203597,0.14011306169203597,0.021868348205071886,0.11824471348696408
TXN,2015-10-29,2015-11-05,2015-11-12,2015-11-18,2015-11-25,0.014672065830771982,0.012718088224713946,-0.011904666375611384,-0.012904666375611384,0.005205721988758905,-0.01811038836437029
TXN,2016-01-13,2016-01-22,2016-02-03,2016-02-04,2016-02-11,0.009634490725851168,-0.0065548278171407275,-0.017167371781068308,-0.01816737178106831,-0.03250676419077114,0.014339392409702834
TXN,2016-02-03,2016-02-12,2016-02-23,2016-02-24,2016-03-02,0.017711491421810235,-0.02150956156302351,0.03736194349522037,0.03636194349522037,0.03340722299432031,0.0029547205009000654
TXN,2016-08-02,2016-08-05,2016-08-16,2016-08-19,2016-08-26,0.018882168186689106,0.004704618605138152,-0.0074003672679208155,-0.008400367267920816,-0.005244527302978308,-0.0031558399649425084
TXN,2016-09-08,2016-09-15,2016-09-23,2016-09-27,2016-10-04,0.0033338618948654778,0.0034671365518284367,0.0020156841042857643,0.0010156841042857643,-0.001263123663545307,0.002278807767831071
TXN,2016-10-11,2016-10-18,2016-11-01,2016-11-07,2016-11-14,0.007125978025554825,-0.0027438229774812343,0.014635875872401893,0.013635875872401892,0.018681211812695553,-0.00504533594029366
TXN,2017-02-09,2017-02-16,2017-02-28,2017-03-01,2017-03-08,0.012615850383704367,-0.004852888113161324,0.015226831727324086,0.014226831727324085,-0.011617502095529697,0.025844333822853782
TXN,2017-04-05,2017-04-20,2017-04-28,2017-05-10,2017-05-17,0.008491740941221737,0.013483037348636883,-0.022487368293776178,-0.02348736829377618,-0.019938332573320228,-0.003549035720455951
TXN,2017-04-28,2017-05-10,2017-05-17,2017-05-25,2017-06-02,0.0165445978333527,0.022487368293776174,0.010397414533151572,0.009397414533151571,0.01818108613868663,-0.00878367160553506
TXN,2018-03-22,2018-04-04,2018-04-06,2018-04-12,2018-04-19,0.002983985818865277,0.04558123245082293,-0.0282997721005247,-0.0292997721005247,0.012763196888071482,-0.04206296898859618
TXN,2018-07-25,2018-08-03,2018-08-10,2018-08-24,2018-08-31,0.0021617185174786736,0.02437081156413893,-0.01091135288008982,-0.01191135288008982,0.007172902295151218,-0.01908425517524104
TXN,2018-09-11,2018-09-19,2018-09-26,2018-10-01,2018-10-08,0.012446585552488858,0.010710594291126299,-0.05392637512872289,-0.05492637512872289,-0.017967648348062193,-0.0369587267806607
TXN,2018-10-19,2018-11-01,2018-11-12,2018-11-15,2018-11-23,0.001837370513462248,0.04231553190676547,-0.029195502900046022,-0.030195502900046023,-0.040096067924130785,0.009900565024084762
TXN,2019-02-27,2019-03-13,2019-03-25,2019-03-26,2019-04-02,0.01768989599352525,0.0043688654219046314,0.018000509232460882,0.01700050923246088,0.014524087648343453,0.0024764215841174275
TXN,2019-08-01,2019-08-08,2019-08-15,2019-08-19,2019-08-26,0.006966334392314929,0.035878144455777465,-0.023515281419601908,-0.02451528141960191,-0.008097793339223447,-0.016417488080378462
TXN,2019-11-11,2019-11-25,2019-12-03,2019-12-04,2019-12-11,0.007876168470738427,0.010587388925427207,0.028600119052046846,0.027600119052046845,0.014601750091808308,0.012998368960238538
TXN,2019-12-30,2020-01-02,2020-01-06,2020-01-08,2020-01-15,0.014961408336145506,0.020143410992323047,-0.004547115187483852,-0.005547115187483852,0.01052434934447466,-0.016071464531958513
TXN,2020-01-15,2020-01-17,2020-01-27,2020-02-05,2020-02-12,0.01958672241609223,0.0409262943118197,-0.0001509852373287046,-0.0011509852373287046,0.012455005447778333,-0.013605990685107039
TXN,2020-06-11,2020-06-23,2020-06-24,2020-06-30,2020-07-08,0.016130525287462387,0.020770783782486913,0.018035602971332887,0.017035602971332886,0.010286382656068183,0.0067492203152647035
TXN,2020-09-04,2020-09-15,2020-09-21,2020-09-28,2020-10-05,0.0012101792520713942,0.026024002195733562,0.015076697248358473,0.014076697248358472,0.013273201576260663,0.0008034956720978093
TXN,2022-06-13,2022-06-24,2022-07-01,2022-07-14,2022-07-21,0.015762517762520908,0.04751545849353994,0.055052163424754275,0.054052163424754274,0.05406806816053167,-1.5904735777394485e-05
TXN,2022-12-19,2023-01-04,2023-01-17,2023-01-18,2023-01-25,0.009307355532972197,-0.036826544981276195,0.007366689798099291,0.006366689798099291,0.017583386238221754,-0.011216696440122464
TXN,2023-01-17,2023-01-31,2023-02-08,2023-02-15,2023-02-23,0.01751962965804752,0.0040065787068350915,-0.03742289402466081,-0.038422894024660814,-0.030341795471968358,-0.008081098552692456
TXN,2023-02-21,2023-03-02,2023-03-10,2023-03-14,2023-03-21,0.01944254212631487,0.01401642748485214,0.015250894408952664,0.014250894408952663,0.015306076721459672,-0.0010551823125070081
TXN,2023-08-04,2023-08-14,2023-08-16,2023-08-29,2023-09-06,0.012111064783447126,0.027921095672375,-0.01546678755690356,-0.01646678755690356,-0.004149524483826883,-0.012317263073076679
TXN,2023-10-25,2023-11-01,2023-11-09,2023-11-10,2023-11-17,0.018988175967643094,-0.0006986339755219185,0.050478770827468544,0.04947877082746854,0.040953398797542784,0.00852537202992576
TXN,2024-01-31,2024-02-08,2024-02-13,2024-02-15,2024-02-23,0.0005622082338851591,0.02097265430102206,0.018542841580467373,0.017542841580467372,0.016792218160116335,0.0007506234203510376
TXN,2024-03-14,2024-03-21,2024-04-04,2024-04-09,2024-04-16,0.008472749324773314,0.023524097777717162,-0.033840763693749776,-0.03484076369374978,-0.033520736038980536,-0.0013200276547692402
TXN,2024-05-29,2024-06-05,2024-06-14,2024-06-18,2024-06-26,0.006002826093654112,0.011118062912357394,-0.016050925916354264,-0.017050925916354265,-0.0011462461081938047,-0.01590467980816046
TXN,2024-10-01,2024-10-09,2024-10-15,2024-10-24,2024-10-31,0.01671638305198485,0.025028118055792106,-0.010224150879606375,-0.011224150879606376,-0.016320454695503694,0.005096303815897318
TXN,2024-10-15,2024-10-23,2024-10-31,2024-11-01,2024-11-08,0.009507613546396657,-0.013668958254271269,0.07500482717916857,0.07400482717916856,0.050036192773256216,0.023968634405912348
TXN,2025-02-07,2025-02-14,2025-02-27,2025-02-28,2025-03-07,0.01683326694411441,-0.04518401359495159,-0.02790955645314075,-0.02890955645314075,-0.020225599970361885,-0.008683956482778865
TXN,2025-12-15,2025-12-22,2025-12-29,2026-01-06,2026-01-13,0.004776167026793525,0.017503696222564657,-0.018584062934125956,-0.019584062934125956,0.00035370828697001144,-0.019937771221095968
TXN,2026-08-20,2026-08-27,2026-08-28,2026-09-11,2026-09-18,0.003539165737217231,0.029639054713067336,-0.00766653317829602,-0.008666533178296021,-0.004604731199756351,-0.00406180197853967
COST,2015-11-05,2015-11-16,2015-11-30,2015-12-01,2015-12-08,0.0037390575569698826,-0.03176796882612855,0.04699615007437408,0.045996150074374076,-0.020815641205888857,0.06681179128026293
COST,2017-10-30,2017-11-01,2017-11-15,2017-11-16,2017-11-24,0.015352908311060162,-0.03878569069393984,0.0037428854213052976,0.0027428854213052975,0.0113370598479543,-0.008594174426649004
COST,2019-07-31,2019-08-13,2019-08-14,2019-08-22,2019-08-29,0.0022856396565719057,0.02935624442608065,0.061825097467584245,0.060825097467584244,0.004173773321836549,0.056651324145747695
COST,2019-12-13,2019-12-26,2020-01-02,2020-01-09,2020-01-16,0.01322500555392569,0.014337435244541665,0.012056775548201726,0.011056775548201725,0.00889194951542871,0.002164826032773015
COST,2021-03-02,2021-03-11,2021-03-18,2021-03-19,2021-03-26,0.0005786041288592148,0.017252560549582335,0.07026241417105328,0.06926241417105328,0.03130034238985502,0.03796207178119826
COST,2021-04-26,2021-04-29,2021-05-12,2021-05-13,2021-05-20,0.015793370507864266,0.003586901629207704,0.010671034029402948,0.009671034029402947,0.01616769869063761,-0.0064966646612346635
COST,2021-11-30,2021-12-07,2021-12-09,2021-12-10,2021-12-17,0.004894362979682412,0.03263704242032539,-0.020059949485941808,-0.02105994948594181,-0.01575393145935977,-0.005306018026582038
COST,2022-01-18,2022-01-28,2022-02-11,2022-02-14,2022-02-22,0.008933238414697167,-0.03657872699824906,-0.008646548380144226,-0.009646548380144226,-0.018075537274928388,0.008428988894784162
COST,2022-08-09,2022-08-15,2022-08-22,2022-08-25,2022-09-01,0.018532485485472875,0.000512851959899995,-0.03921813861348411,-0.04021813861348411,-0.052073926683650074,0.011855788070165962
COST,2022-12-16,2022-12-23,2022-12-28,2023-01-06,2023-01-13,0.0026005668439804544,0.02087979661954828,0.004928943593051294,0.003928943593051294,0.01451065099152471,-0.010581707398473417
COST,2023-06-07,2023-06-08,2023-06-20,2023-06-22,2023-06-29,0.017330998370753723,0.0007500947558943794,0.01428845412695079,0.013288454126950788,0.0038850869622142348,0.009403367164736554
COST,2024-04-02,2024-04-09,2024-04-18,2024-04-23,2024-04-30,0.010248904706174107,0.010214524655787779,0.001909951290718137,0.000909951290718137,-0.002169675099206958,0.003079626389925095
COST,2024-07-25,2024-08-02,2024-08-05,2024-08-08,2024-08-15,0.008947071189802187,0.024632686108069672,0.04517352424705412,0.04417352424705412,0.028024742375948986,0.016148781871105133
COST,2024-09-27,2024-10-08,2024-10-16,2024-10-22,2024-10-29,0.005419804576002332,0.0034140071312721222,-0.007274865938332931,-0.008274865938332931,-0.008659678894296419,0.0003848129559634872
COST,2024-10-16,2024-10-23,2024-10-30,2024-11-06,2024-11-13,0.013286209989777966,0.022331817731071013,0.03834303916682269,0.03734303916682269,-0.002657008610951528,0.04000004777777422
COST,2024-12-30,2025-01-08,2025-01-14,2025-01-17,2025-01-27,0.00559532054950867,0.010934205184899546,0.02338871990411251,0.02238871990411251,0.026127721861214592,-0.003739001957102084
COST,2025-08-25,2025-09-03,2025-09-16,2025-09-17,2025-09-24,0.008708734181845234,-0.002411037991898354,-0.018441795402096783,-0.019441795402096784,0.0022359528541582296,-0.021677748256255014
COST,2025-12-15,2025-12-24,2026-01-02,2026-01-05,2026-01-12,0.013131008031367498,0.01991149353534078,0.07689507567198106,0.07589507567198106,0.02558313880911922,0.05031193686286184
COST,2026-01-28,2026-02-03,2026-02-10,2026-02-11,2026-02-19,0.019230169199072833,0.006841087895555856,0.00989627484724509,0.00889627484724509,-0.009824349203755522,0.01872062405100061
COST,2026-03-18,2026-03-30,2026-04-10,2026-04-17,2026-04-24,0.017001433873181288,-0.0018964977390014404,0.011261231750643752,0.010261231750643751,0.0029881843899870475,0.007273047360656704
COST,2026-08-04,2026-08-13,2026-08-20,2026-08-24,2026-08-31,0.014770269937861786,0.0294640188591245,-0.028319959928165273,-0.029319959928165273,0.005445118408305083,-0.034765078336470356
QCOM,2016-06-10,2016-06-20,2016-06-24,2016-07-08,2016-07-15,0.001114713241235628,0.0328446199701603,0.01033381774169495,0.00933381774169495,0.01884021525713475,-0.009506397515439802
QCOM,2016-09-07,2016-09-16,2016-09-26,2016-09-27,2016-10-04,0.008970015696627066,0.010795559965633545,0.05323026676811993,0.052230266768119926,-0.001263123663545307,0.05349339043166523
QCOM,2016-11-10,2016-11-18,2016-12-01,2016-12-06,2016-12-13,0.015080940489218422,0.03934292926147391,0.028020833739137885,0.027020833739137884,0.03199823221051412,-0.004977398471376238
QCOM,2017-08-17,2017-08-30,2017-09-05,2017-09-15,2017-09-22,0.00817506138670727,0.040099427085112056,-0.00191628024278101,-0.00291628024278101,0.0027376866908872532,-0.005653966933668263
QCOM,2017-09-05,2017-09-12,2017-09-25,2017-09-26,2017-10-03,0.017389272502964046,-0.014145493698201743,0.017406386337285085,0.016406386337285084,0.019866174583268892,-0.003459788245983808
QCOM,2017-09-25,2017-10-05,2017-10-16,2017-10-17,2017-10-24,0.01414184980659149,-0.000573246429248176,0.03510791646901068,0.03410791646901068,0.02024576561448721,0.01386215085452347
QCOM,2017-10-16,2017-10-23,2017-10-31,2017-11-01,2017-11-08,0.0192818411259244,0.0445776889174264,0.22502737204026735,0.22402737204026735,0.013479439726603815,0.21054793231366353
QCOM,2017-12-04,2017-12-18,2017-12-19,2018-01-03,2018-01-10,0.012701028496235467,0.013459500048193946,-0.010312441444811027,-0.011312441444811028,0.01765716413334162,-0.028969605578152646
QCOM,2018-12-19,2018-12-28,2019-01-03,2019-01-11,2019-01-18,0.002116629113525971,0.019538758164238012,-0.03878295479739302,-0.03978295479739302,0.016844846745122544,-0.056627801542515566
QCOM,2019-09-20,2019-10-04,2019-10-08,2019-10-15,2019-10-22,0.013736631101840613,0.05987883931977271,0.00835239776269936,0.0073523977626993595,-0.0046578353444994836,0.012010233107198842
QCOM,2021-03-03,2021-03-11,2021-03-18,2021-03-22,2021-03-29,0.0006076672538065315,0.01510552450355408,-0.021030442219736267,-0.022030442219736268,0.024176802863680624,-0.04620724508341689
QCOM,2021-05-10,2021-05-19,2021-06-03,2021-06-04,2021-06-11,0.013339684517303801,-0.013718485592779973,0.0020841606525607848,0.0010841606525607847,-0.005306415116494101,0.006390575769054886
QCOM,2021-06-03,2021-06-04,2021-06-18,2021-06-22,2021-06-29,0.019426082490672042,0.009974456389645999,0.055818685696890746,0.054818685696890745,0.011663919085140417,0.04315476661175033
QCOM,2021-10-04,2021-10-14,2021-10-27,2021-10-28,2021-11-04,0.015630206725749326,-0.019741726824786383,0.1677018443858893,0.1667018443858893,0.022417621547272226,0.14428422283861708
QCOM,2022-01-19,2022-01-31,2022-02-07,2022-02-08,2022-02-15,0.019075823085330536,0.0038121711199689363,-0.03130059081531755,-0.032300590815317554,-0.015101300472379009,-0.017199290342938545
QCOM,2022-04-06,2022-04-13,2022-04-21,2022-04-28,2022-05-05,0.008759176448142864,0.03124545232923926,-0.04420021825243625,-0.04520021825243625,-0.02444102019382821,-0.02075919805860804
QCOM,2022-10-10,2022-10-21,2022-11-02,2022-11-10,2022-11-17,0.009947761704449845,0.027993879435613343,0.01806444213970826,0.017064442139708258,-0.002908652560658309,0.019973094700366567
QCOM,2022-12-22,2023-01-04,2023-01-19,2023-01-20,2023-01-27,0.00767985069263518,-0.054245774669727055,0.08543502759732835,0.08443502759732835,0.029189737355395762,0.05524529024193259
QCOM,2023-03-07,2023-03-16,2023-03-28,2023-03-29,2023-04-05,0.011074522663241826,-0.006887442263164901,-0.016388276037878402,-0.017388276037878403,0.011133462898682778,-0.02852173893656118
QCOM,2023-05-04,2023-05-18,2023-05-23,2023-05-26,2023-06-05,0.0035653012003459173,0.03178741967030758,0.028661961182294027,0.027661961182294026,0.005089727442774805,0.02257223373951922
QCOM,2023-06-20,2023-07-03,2023-07-05,2023-07-13,2023-07-20,0.002253319524289038,0.024648022236418064,-0.019493058779350925,-0.020493058779350926,0.01149632684507007,-0.031989385624420996
QCOM,2023-07-05,2023-07-12,2023-07-20,2023-07-21,2023-07-28,0.013233123847491772,-0.017189199436464023,0.03816556316605557,0.03716556316605557,-0.002293974663284515,0.039459537829340086
QCOM,2023-08-16,2023-08-23,2023-08-24,2023-08-28,2023-09-05,0.00926009063937238,0.023927227034175536,0.05099654114241492,0.04999654114241492,0.010415791653771489,0.03958074948864343
QCOM,2024-01-03,2024-01-12,2024-01-26,2024-01-29,2024-02-05,0.018895262992335304,-0.07503576490100491,-0.03748998977410278,-0.038489989774102784,-0.022059964732142556,-0.016430025041960228
QCOM,2024-06-24,2024-07-03,2024-07-11,2024-07-15,2024-07-22,0.014787867850355052,0.019429726620811782,-0.06345447915101388,-0.06445447915101388,-0.005563935909315143,-0.058890543241698734
QCOM,2024-08-01,2024-08-08,2024-08-22,2024-08-23,2024-08-30,0.00579239849343168,-0.024553054949491813,0.010374777355441678,0.009374777355441677,0.006916902635441202,0.0024578747200004747
QCOM,2024-12-10,2024-12-23,2024-12-31,2025-01-06,2025-01-14,0.011376867848887407,0.029196350891695748,-0.0020019185589754684,-0.0030019185589754685,0.005424605168901309,-0.008426523727876778
QCOM,2025-02-03,2025-02-04,2025-02-06,2025-02-18,2025-02-25,0.016447365359532968,0.02149781097448307,-0.07152733414866297,-0.07252733414866297,-0.009598333819326621,-0.06292900032933635
QCOM,2025-05-22,2025-06-03,2025-06-17,2025-06-18,2025-06-26,0.010653593268533108,-0.04329150676176842,0.029681686445042654,0.028681686445042653,0.022207347528136356,0.006474338916906297
QCOM,2026-07-24,2026-08-07,2026-08-18,2026-08-31,2026-09-08,0.005330362179237149,0.045692820567892825,0.026733293142906733,0.025733293142906732,-0.005254623210600884,0.030987916353507616
MU,2015-12-08,2015-12-21,2015-12-28,2016-01-05,2016-01-12,0.011644041941299303,0.03926903577230863,-0.1417005053145699,-0.1427005053145699,-0.03859567737329461,-0.10410482794127529
MU,2016-06-10,2016-06-17,2016-06-27,2016-06-28,2016-07-06,0.0049421519773763705,-0.00245924426697398,-0.09699777433896095,-0.09799777433896095,0.02377414403084388,-0.12177191836980483
MU,2017-04-10,2017-04-20,2017-04-24,2017-05-01,2017-05-08,0.011577363395603885,0.049713794500645836,-0.008130210025470652,-0.009130210025470653,0.006811178965685949,-0.015941388991156602
MU,2018-03-27,2018-04-04,2018-04-05,2018-04-18,2018-04-25,0.01889320042323827,0.06649174341235166,-0.11868179783549349,-0.11968179783549349,-0.028536941495258872,-0.09114485634023461
MU,2018-09-06,2018-09-18,2018-09-25,2018-10-02,2018-10-09,0.015229568489426495,0.015221862372216234,-0.07626748434831421,-0.07726748434831421,-0.026155903579231143,-0.051111580769083065
MU,2018-11-19,2018-11-27,2018-12-04,2018-12-06,2018-12-13,0.00461585736122342,0.003243225755156174,-0.0703479722509478,-0.0713479722509478,-0.020752093753818368,-0.05059587849712943
MU,2019-05-23,2019-06-04,2019-06-12,2019-06-26,2019-07-03,0.019810918855981928,0.04436098276038461,0.0688444721389041,0.0678444721389041,0.028005524900586165,0.039838947238317934
MU,2019-08-01,2019-08-13,2019-08-23,2019-08-29,2019-09-06,0.013073573202283867,0.027394343662754204,0.09626143834350809,0.09526143834350809,0.021873704486408796,0.07338773385709929
MU,2019-11-08,2019-11-15,2019-11-20,2019-11-27,2019-12-05,0.01101930886718378,0.04485405093648842,-0.03197677842476199,-0.03297677842476199,-0.015423183331919721,-0.017553595092842267
MU,2020-08-18,2020-08-25,2020-09-08,2020-09-09,2020-09-16,0.01576581458191811,0.0015520330956984144,0.11207074693989916,0.11107074693989916,0.013431396679254304,0.09763935026064485
MU,2021-05-10,2021-05-20,2021-06-03,2021-06-04,2021-06-11,0.0034629423077779126,-0.011093320660248925,-0.052769789511745824,-0.053769789511745825,-0.005306415116494101,-0.048463374395251724
MU,2021-06-03,2021-06-15,2021-06-18,2021-06-28,2021-07-06,0.0018282199987314626,0.06364053446776716,-0.027584431806815024,-0.028584431806815025,0.008202155530889765,-0.03678658733770479
MU,2022-04-08,2022-04-19,2022-04-22,2022-05-04,2022-05-11,0.00817854043644812,0.04564846814131951,-0.09046459789353778,-0.09146459789353778,-0.06733221418729196,-0.02413238370624582
MU,2022-04-22,2022-05-02,2022-05-09,2022-05-13,2022-05-20,0.017144725001454152,0.037818905058730624,-0.04199075857175094,-0.04299075857175094,-0.036156072548807816,-0.006834686022943126
MU,2022-09-20,2022-09-28,2022-10-10,2022-10-11,2022-10-18,0.003936943066800631,-0.00957661236508175,-0.021597328201937938,-0.02259732820193794,0.03747656302169999,-0.06007389122363793
MU,2023-09-21,2023-10-05,2023-10-19,2023-11-01,2023-11-08,0.01693668153205576,0.020381552039127216,0.04149865662250152,0.04049865662250152,0.01208377287671003,0.028414883745791486
MU,2024-08-02,2024-08-09,2024-08-22,2024-08-23,2024-08-30,0.004099155927518608,-0.12011185810016091,-0.06426827423071146,-0.06526827423071146,0.006916902635441202,-0.07218517686615267
MU,2025-11-18,2025-11-26,2025-12-04,2025-12-05,2025-12-12,0.007702364023496254,0.015677879419765964,0.016524805429463996,0.015524805429463995,0.004246146880528601,0.011278658548935394
HON,2015-09-23,2015-09-30,2015-10-14,2015-10-15,2015-10-22,0.0010573749134606565,-0.037702028798669275,0.0414213895753639,0.0404213895753639,0.0191820737272399,0.021239315848123996
HON,2015-11-09,2015-11-18,2015-12-02,2015-12-04,2015-12-11,0.019032701346469012,0.009225629325711878,-0.06044939597652599,-0.06144939597652599,-0.05027160660797558,-0.011177789368550406
HON,2015-12-02,2015-12-04,2015-12-09,2015-12-23,2015-12-31,0.01406394624787704,0.025442457036780487,-0.013243104019526553,-0.014243104019526553,-0.0090411402286521,-0.005201963790874453
HON,2016-06-13,2016-06-20,2016-06-24,2016-07-08,2016-07-15,0.01676389507697536,0.03485402146718277,0.0032814701147534375,0.0022814701147534375,0.01884021525713475,-0.016558745142381315
HON,2016-11-18,2016-11-23,2016-12-02,2016-12-07,2016-12-14,0.015523312196483521,0.012123504347124016,0.0,-0.001,0.005095358381431714,-0.006095358381431714
HON,2017-06-06,2017-06-13,2017-06-27,2017-07-10,2017-07-17,0.012430590319480747,0.010863876789926251,0.004231957126336727,0.0032319571263367272,0.01487349245789904,-0.011641535331562314
HON,2017-06-27,2017-07-07,2017-07-20,2017-07-21,2017-07-28,0.008952190561872478,-0.006188367997632635,0.0032269318356934473,0.0022269318356934473,-0.005541550570263731,0.007768482405957179
HON,2017-08-17,2017-08-29,2017-09-05,2017-09-11,2017-09-18,0.013102541167993233,0.008137593151009738,-0.009568325657923427,-0.010568325657923427,0.012776043866468134,-0.02334436952439156
HON,2018-02-28,2018-03-08,2018-03-19,2018-03-21,2018-03-28,0.0007943204722512075,0.006810789570419947,-0.053514787389833396,-0.0545147873898334,-0.04281732130918969,-0.011697466080643704
HON,2018-06-21,2018-06-29,2018-07-11,2018-07-12,2018-07-19,0.0005556741959449363,-0.003262549431940241,-0.0023665799524672515,-0.0033665799524672515,0.002749135460824892,-0.006115715413292143
HON,2019-08-15,2019-08-29,2019-09-12,2019-09-13,2019-09-20,0.00819605799959483,-0.03074575996882579,0.0035779627327952035,0.0025779627327952035,-0.007645146236128886,0.010223108968924088
HON,2019-09-13,2019-09-20,2019-09-24,2019-09-30,2019-10-07,0.0035779627327951974,0.015150804595705598,-0.035579115745223544,-0.036579115745223545,-0.01728056380954668,-0.019298551935676866
HON,2019-12-02,2019-12-11,2019-12-18,2019-12-19,2019-12-27,0.00969484459079298,0.007783787312045923,-0.00011310678626652582,-0.0011131067862665258,0.007138201263323873,-0.0082513080495904
HON,2020-08-18,2020-08-24,2020-09-08,2020-09-09,2020-09-16,0.012644213625959027,-0.030746403633992555,0.02564107411024641,0.024641074110246408,0.013431396679254304,0.011209677430992104
HON,2020-12-16,2020-12-30,2021-01-04,2021-01-06,2021-01-13,0.0030429420763478762,0.014221350332231479,-0.02468692922632998,-0.02568692922632998,0.014442171743582755,-0.040129100969912734
HON,2021-01-22,2021-02-05,2021-02-17,2021-02-18,2021-02-25,0.0033126612171500785,0.00502656721736947,0.010694137403797654,0.009694137403797654,-0.009584045825021481,0.019278183228819135
HON,2021-02-17,2021-02-23,2021-02-26,2021-03-01,2021-03-08,0.015551902287846031,0.008750771458372343,0.007176681910664673,0.006176681910664673,-0.003054081229119321,0.009230763139783993
HON,2021-04-23,2021-05-04,2021-05-12,2021-05-14,2021-05-21,0.004142354898872112,0.02390969741413716,-0.01829689735320994,-0.01929689735320994,0.00427679409510473,-0.02357369144831467
HON,2021-10-22,2021-11-01,2021-11-11,2021-11-12,2021-11-19,0.010855515984438024,-0.010034495109566404,-0.017536974066565958,-0.01853697406656596,-0.007573989280481919,-0.01096298478608404
HON,2022-02-11,2022-02-25,2022-03-07,2022-03-16,2022-03-23,0.013948656002871372,0.03394148789505257,0.006857512078265016,0.005857512078265016,0.013462888809707252,-0.007605376731442236
HON,2022-03-31,2022-04-13,2022-04-22,2022-05-02,2022-05-09,0.0013874523324452802,0.021657513265823523,-0.014781375917253037,-0.015781375917253038,-0.023862604434009227,0.00808122851675619
HON,2022-04-22,2022-04-29,2022-05-09,2022-05-10,2022-05-17,0.015107925368960183,-0.0023252065787588002,0.0272689088896394,0.026268908889639397,0.02568281448420273,0.0005860944054366657
HON,2022-12-09,2022-12-21,2023-01-04,2023-01-12,2023-01-20,0.016396575016172064,0.02352401991784923,-0.06458933954179857,-0.06558933954179857,-0.019435426319091897,-0.04615391322270668
HON,2023-05-04,2023-05-18,2023-05-24,2023-06-02,2023-06-09,0.01564654633061508,0.03223212031383451,-0.004827588268816796,-0.005827588268816796,-0.0017355591838414952,-0.004092029084975301
HON,2023-08-16,2023-08-23,2023-08-24,2023-08-28,2023-09-05,0.003163805564098526,0.010263042537909712,-0.011603293086787203,-0.012603293086787204,0.010415791653771489,-0.023019084740558693
HON,2023-08-24,2023-08-28,2023-09-05,2023-09-12,2023-09-19,0.01468999381552378,0.011603293086787177,0.032450692145899795,0.031450692145899795,-0.003000728842597389,0.03445142098849718
HON,2023-09-05,2023-09-12,2023-09-21,2023-09-22,2023-09-29,0.018901557579055293,-0.0117329298600604,-0.02655712947356803,-0.02755712947356803,-0.010672740845559248,-0.016884388628008784
HON,2024-02-01,2024-02-12,2024-02-27,2024-02-28,2024-03-06,0.00020291591493850912,-0.004205596844354443,0.020408112665496247,0.019408112665496247,0.026888949140366547,-0.0074808364748703005
HON,2024-02-27,2024-03-06,2024-03-14,2024-03-20,2024-03-27,0.0172672972673467,0.020698276783718376,0.019634007385525898,0.018634007385525897,0.01538803240291986,0.003245974982606037
HON,2024-04-15,2024-04-22,2024-04-30,2024-05-03,2024-05-10,0.007936646755447689,0.014571922984854583,0.03631080177331447,0.03531080177331447,0.028130424010652133,0.007180377762662338
HON,2024-07-01,2024-07-10,2024-07-19,2024-07-22,2024-07-29,0.016781425660018,-0.0005594169652156821,-0.07176110726653906,-0.07276110726653906,0.003896049314721539,-0.0766571565812606
HON,2024-09-18,2024-09-24,2024-10-02,2024-10-08,2024-10-15,0.01800225592898437,0.006771688720056051,0.049613517830226606,0.048613517830226605,0.018151229833649918,0.030462287996576687
HON,2024-11-20,2024-11-22,2024-12-03,2024-12-04,2024-12-11,0.010764507643129802,0.009384077582428608,-0.003176815798393573,-0.004176815798393573,-0.013790790777477135,0.009613974979083562
HON,2025-01-06,2025-01-16,2025-01-24,2025-01-27,2025-02-03,0.004284289111036145,0.005298719930690492,-0.014620593619418143,-0.015620593619418144,-0.010722236896801074,-0.00489835672261707
HON,2025-02-06,2025-02-19,2025-03-04,2025-03-06,2025-03-13,0.0047183195604880565,0.008048959294953148,-0.021631791059639527,-0.022631791059639528,-0.03487401283847058,0.012242221778831053
HON,2025-07-10,2025-07-17,2025-07-21,2025-07-23,2025-07-30,0.006757697211036646,0.013214739770160258,-0.071509184069529,-0.072509184069529,-0.013020505736823673,-0.059488678332705325
HON,2025-09-18,2025-09-30,2025-10-09,2025-10-23,2025-10-30,0.001427157855564287,0.029786212710595526,-0.03785424901968082,-0.03885424901968082,-0.0088846499275822,-0.02996959909209862
HON,2025-11-18,2025-11-28,2025-12-09,2025-12-11,2025-12-18,0.003865297494041924,0.010510456134169729,0.021820899552905004,0.020820899552905003,-0.01749630264035129,0.038317202193256295
HON,2025-12-09,2025-12-11,2025-12-22,2025-12-23,2025-12-31,0.019351114243764643,-0.01088470045013778,-0.0020971694548219677,-0.0030971694548219677,-0.0007863138291449578,-0.00231085562567701
HON,2026-06-04,2026-06-11,2026-06-23,2026-06-24,2026-07-01,0.006800213301635346,-0.014832063646189839,-0.07027254387113169,-0.07127254387113169,-0.005105033768944334,-0.06616751010218735
APD,2015-07-21,2015-07-29,2015-08-12,2015-08-13,2015-08-20,0.005245845646052524,-0.083793112082901,-0.03677772750835462,-0.03777772750835462,-0.03152807053733042,-0.006249656971024198
APD,2016-01-13,2016-01-28,2016-02-08,2016-02-09,2016-02-17,0.003879987404975035,-0.09864716343263706,0.00037778611218963754,-0.0006222138878103625,0.046032134964285376,-0.04665434885209574
APD,2016-07-21,2016-07-26,2016-08-02,2016-08-15,2016-08-22,0.010451527736722095,0.010810536427276743,0.0261350067525139,0.0251350067525139,-0.0034488955455656,0.0285839022980795
APD,2016-08-02,2016-08-12,2016-08-26,2016-08-29,2016-09-06,0.0108615871179672,-0.02943100295326019,0.009686391190768973,0.008686391190768972,-0.006372155468394425,0.015058546659163397
APD,2016-09-13,2016-09-21,2016-10-04,2016-10-06,2016-10-13,0.00697347901148362,0.0019974251631372213,-0.03481010600568857,-0.03581010600568857,-0.02197329950607707,-0.013836806499611498
APD,2016-10-11,2016-10-18,2016-10-25,2016-11-07,2016-11-14,0.00882001957392222,0.002316538160278329,0.006565181709817125,0.005565181709817125,0.018681211812695553,-0.013116030102878429
APD,2017-01-31,2017-02-14,2017-02-22,2017-03-01,2017-03-08,0.016957745644492494,0.012593865532671234,-0.02874250477950746,-0.02974250477950746,-0.011617502095529697,-0.018125002683977764
APD,2017-05-11,2017-05-24,2017-06-07,2017-06-09,2017-06-16,0.0019461896019977469,0.005411750644391053,-0.0023311597124630046,-0.0033311597124630046,-0.006225776755088952,0.0028946170426259474
APD,2017-12-06,2017-12-11,2017-12-14,2017-12-21,2017-12-29,0.016830734872502688,0.015877676296819822,0.011475966720552622,0.01047596672055262,-0.005767633377346204,0.016243600097898825
APD,2018-05-29,2018-06-05,2018-06-13,2018-06-14,2018-06-21,0.018973490057086696,-0.007400192364303806,-0.055816665303914825,-0.056816665303914826,-0.01840481852061171,-0.038411846783303116
APD,2018-06-21,2018-07-05,2018-07-16,2018-07-17,2018-07-24,0.0027232750199254582,0.001540882935068968,-0.005825911282784646,-0.006825911282784646,0.0011761703623252018,-0.008002081645109849
APD,2018-07-16,2018-07-25,2018-08-02,2018-08-03,2018-08-10,0.011250420883933595,-0.01710102807357007,-0.013065852679621459,-0.01406585267962146,-0.0009767304299694857,-0.013089122249651974
APD,2018-12-11,2018-12-26,2019-01-03,2019-01-04,2019-01-11,0.006349149451450514,0.0034385641525322545,-0.02982477707600828,-0.03082477707600828,0.019785271908788538,-0.05061004898479682
APD,2019-07-09,2019-07-23,2019-08-01,2019-08-09,2019-08-16,0.012430826039680052,0.010879952110634028,-0.004828844633730456,-0.005828844633730456,0.0005389755569453758,-0.006367820190675832
APD,2019-10-02,2019-10-10,2019-10-21,2019-10-29,2019-11-05,0.019955440864340396,0.005450249873187255,-0.0056930815116753575,-0.0066930815116753575,0.01977058645489249,-0.02646366796656785
APD,2020-09-18,2020-09-30,2020-10-14,2020-10-16,2020-10-23,0.011542924012043036,-0.00016781097545144928,-0.013886224683548387,-0.014886224683548388,-0.009329549137047866,-0.005556675546500522
APD,2020-11-12,2020-11-19,2020-12-02,2020-12-04,2020-12-11,0.019034143038936486,-0.013019746157789582,-0.023378066619394233,-0.024378066619394234,-0.010148179599212881,-0.014229887020181353
APD,2021-02-04,2021-02-11,2021-02-25,2021-03-01,2021-03-08,0.0038564490229434393,-0.010439042717427686,0.02178518941635721,0.020785189416357208,-0.003054081229119321,0.02383927064547653
APD,2021-06-23,2021-07-02,2021-07-06,2021-07-07,2021-07-14,0.005022915226402629,0.01392841826308072,-0.009113401953877553,-0.010113401953877554,0.0050011703640695515,-0.015114572317947106
APD,2021-07-06,2021-07-07,2021-07-16,2021-07-30,2021-08-06,0.014195171675250917,0.01805428252349451,-0.0007212691387546988,-0.0017212691387546988,0.007231383790991419,-0.008952652929746119
APD,2021-09-17,2021-09-27,2021-09-30,2021-10-06,2021-10-13,0.0003056797276178825,0.016475496272177308,0.06776598796093936,0.06676598796093935,0.003094739601196661,0.0636712483597427
APD,2021-11-29,2021-12-06,2021-12-20,2021-12-21,2021-12-29,0.005285677317980267,-0.007238242980517402,0.03262843478641275,0.03162843478641275,0.02425259329610996,0.0073758414903027925
APD,2022-09-22,2022-10-03,2022-10-07,2022-10-18,2022-10-25,0.006237180031219197,0.027608760974944867,0.03791709598270954,0.036917095982709536,0.04219621853263478,-0.0052791225499252414
APD,2022-12-28,2023-01-06,2023-01-17,2023-01-24,2023-01-31,0.006982498667195272,0.012251042894417724,0.02288228096185052,0.02188228096185052,0.020386065080350013,0.0014962158815005067
APD,2023-02-14,2023-02-27,2023-03-09,2023-03-14,2023-03-21,0.013961039500122275,0.004694756056437663,-0.02479886547282084,-0.025798865472820842,0.015306076721459672,-0.041104942194280514
APD,2023-06-23,2023-06-27,2023-07-05,2023-07-10,2023-07-17,0.01799068826933788,0.005902488660532277,0.03192898166480873,0.03092898166480873,0.02264464571534419,0.008284335949464539
APD,2023-11-29,2023-12-12,2023-12-20,2023-12-21,2023-12-29,0.0032271084737842716,-0.0030296937202912606,0.014051910802345802,0.0130519108023458,0.012111997487941784,0.0009399133144040173
APD,2024-01-16,2024-01-23,2024-01-24,2024-01-25,2024-02-01,0.01071213850627778,0.02309662216950097,-0.015513035688499266,-0.016513035688499267,-0.004658316813562324,-0.011854718874936943
APD,2024-06-28,2024-07-11,2024-07-22,2024-07-24,2024-07-31,0.006711506095896306,0.03662786392427709,0.014027713480234683,0.013027713480234682,0.02265676224498181,-0.009629048764747128
APD,2024-08-12,2024-08-26,2024-09-03,2024-09-12,2024-09-19,0.017632090937670476,0.012806813099246696,0.02749805925326254,0.02649805925326254,0.02815892547198695,-0.0016608662187244105
APD,2025-10-16,2025-10-23,2025-10-29,2025-11-06,2025-11-13,0.0069120803832000465,0.02585025276048242,0.016383832681237775,0.015383832681237775,0.01101896332405583,0.004364869357181944
APD,2026-02-13,2026-02-23,2026-02-26,2026-03-12,2026-03-19,0.012547321837761305,0.02478367492985526,-0.021791469036011257,-0.022791469036011258,-0.008462665035336991,-0.014328804000674267
APD,2026-02-26,2026-03-11,2026-03-20,2026-03-23,2026-03-30,0.005285486758093842,-0.01195572540421399,0.04629297482927619,0.04529297482927619,-0.019615489599821956,0.06490846442909814
APD,2026-04-30,2026-05-05,2026-05-07,2026-05-11,2026-05-18,0.012931187110710939,0.02941463227845115,-0.036748748721291635,-0.037748748721291636,-0.0015896429099591103,-0.036159105811332526
APD,2026-05-29,2026-06-09,2026-06-10,2026-06-22,2026-06-29,0.015648502621272424,0.022863797525935273,-0.041538557487113104,-0.042538557487113104,-0.020733556679935372,-0.021805000807177732
APD,2026-07-15,2026-07-24,2026-07-27,2026-07-30,2026-08-06,0.014232669280648038,0.01775945423049639,-0.0009327074214233733,-0.0019327074214233733,0.011808426689854379,-0.013741134111277753
MMM,2016-01-07,2016-01-14,2016-01-15,2016-01-26,2016-02-02,0.0014896791406945763,0.017637182006752877,0.02134278500310338,0.02034278500310338,-0.004482981507906159,0.02482576651100954
MMM,2016-04-26,2016-05-06,2016-05-13,2016-05-16,2016-05-23,0.016307438954353288,0.003374792782185766,-0.013765217574773003,-0.014765217574773004,-0.004400470764192255,-0.01036474681058075
MMM,2016-11-21,2016-11-25,2016-11-30,2016-12-07,2016-12-14,0.011485168887163827,0.010086897298621802,0.003123807598339301,0.002123807598339301,0.005095358381431714,-0.002971550783092413
MMM,2018-03-01,2018-03-07,2018-03-14,2018-03-15,2018-03-22,0.018284924551085747,0.00543363000880146,-0.053842970681112545,-0.054842970681112546,-0.04106204679100556,-0.013780923890106989
MMM,2018-04-25,2018-05-04,2018-05-16,2018-05-17,2018-05-24,0.002615268039873195,-0.004263592659346921,-0.004741389636540694,-0.005741389636540694,0.007406063309251865,-0.01314745294579256
MMM,2018-05-29,2018-06-01,2018-06-14,2018-06-15,2018-06-22,0.019668612755088237,-0.020241617594472343,-0.041323321221273135,-0.042323321221273136,-0.016310371144634184,-0.026012950076638952
MMM,2018-12-19,2018-12-27,2019-01-03,2019-01-04,2019-01-11,0.0038951523378889076,0.036392074784688144,0.004652005811204063,0.003652005811204063,0.019785271908788538,-0.016133266097584475
MMM,2019-03-05,2019-03-11,2019-03-22,2019-03-26,2019-04-02,0.015992893803651573,0.011781549165029324,0.023595998259914097,0.022595998259914096,0.014524087648343453,0.008071910611570643
MMM,2019-10-02,2019-10-11,2019-10-24,2019-10-25,2019-11-01,0.01574047325814844,-0.02397236497870647,0.02408339523234959,0.02308339523234959,0.016979201324375914,0.006104193907973676
MMM,2019-11-11,2019-11-25,2019-12-03,2019-12-06,2019-12-13,0.009428532817410016,0.02978165744091678,-0.015629832943848787,-0.016629832943848788,0.010227205982452414,-0.026857038926301202
MMM,2020-02-24,2020-03-02,2020-03-03,2020-03-04,2020-03-11,0.003081011223598066,0.05084316594078201,-0.0437721035735662,-0.0447721035735662,-0.10610657870993467,0.06133447513636847
MMM,2020-06-22,2020-07-02,2020-07-07,2020-07-14,2020-07-21,0.002233572283988461,0.014136353269084873,-0.004667582593205433,-0.005667582593205433,0.01648632318665899,-0.022153905779864425
MMM,2020-07-28,2020-08-07,2020-08-20,2020-08-21,2020-08-28,0.01931350668943464,-0.0293057764669356,0.024426115905593626,0.023426115905593625,0.043996430383733465,-0.02057031447813984
MMM,2020-08-20,2020-08-24,2020-08-31,2020-09-01,2020-09-09,0.012569832402234637,0.003118613827414651,0.005461036753303672,0.004461036753303672,-0.020075189666834303,0.024536226420137974
MMM,2021-11-26,2021-12-06,2021-12-13,2021-12-16,2021-12-23,0.009571653191330281,0.014785594607961056,-0.01873129091853276,-0.019731290918532762,-0.002359934390779417,-0.017371356527753345
MMM,2022-07-01,2022-07-12,2022-07-13,2022-07-19,2022-07-26,0.013308385750220964,0.014055059621693497,0.06523868217489115,0.06423868217489115,0.0011138768160039447,0.0631248053588872
MMM,2022-09-21,2022-10-04,2022-10-07,2022-10-18,2022-10-25,0.007055142692642451,0.07005689208336399,0.02199235865456073,0.020992358654560728,0.04219621853263478,-0.02120385987807405
MMM,2022-12-16,2023-01-03,2023-01-17,2023-01-18,2023-01-25,0.006409890765015528,-0.033722354582022614,-0.0799999528063653,-0.0809999528063653,0.017583386238221754,-0.09858333904458705
MMM,2023-03-10,2023-03-20,2023-03-22,2023-03-31,2023-04-10,0.0024027546615795117,0.02655545809232063,-0.022357645200753895,-0.023357645200753896,0.0009503392836263114,-0.024307984484380207
MMM,2023-03-22,2023-03-29,2023-04-06,2023-04-11,2023-04-18,0.016249629737326157,0.015796079153044026,0.016354336005189873,0.015354336005189873,0.009259803824555934,0.006094532180633938
MMM,2023-05-09,2023-05-18,2023-05-24,2023-06-02,2023-06-09,0.0035177187445559477,0.02659577098698401,-0.025651125856083756,-0.026651125856083757,-0.0017355591838414952,-0.024915566672242262
MMM,2023-06-22,2023-07-03,2023-07-06,2023-07-11,2023-07-18,0.007069381132248536,0.04775537943799595,0.010694444225173738,0.009694444225173737,0.01373055868225781,-0.004036114457084072
MMM,2023-10-02,2023-10-10,2023-10-18,2023-10-31,2023-11-07,0.004655389281105933,0.024713399469814983,0.024189141430537964,0.023189141430537963,0.02205805548650064,0.0011310859440373244
MMM,2024-05-07,2024-05-09,2024-05-23,2024-05-24,2024-06-03,0.01873566114106246,-0.029498797656443972,0.0009030919287147388,-9.690807128526126e-05,-0.004693550299106564,0.004596642227821302
MMM,2024-07-01,2024-07-10,2024-07-24,2024-07-25,2024-08-01,0.010535649007256068,-0.015540435696451325,0.22323239313533483,0.22223239313533483,0.014749511740269394,0.20748288139506543
MMM,2024-11-19,2024-11-25,2024-12-04,2024-12-05,2024-12-12,0.01661591782531145,-0.0009974198588961515,-0.02685047348618097,-0.02785047348618097,-0.014622489653618342,-0.013227983832562629
MMM,2025-02-07,2025-02-19,2025-02-21,2025-02-27,2025-03-06,0.0071455111537890225,0.03475366815434534,-0.023784287694510464,-0.024784287694510465,-0.011485919731900496,-0.01329836796260997
MMM,2025-06-02,2025-06-11,2025-06-13,2025-06-23,2025-06-30,0.005327899184003143,0.033020716749177885,0.03143618233178258,0.03043618233178258,0.025433312445536815,0.005002869886245764
MMM,2025-07-24,2025-08-07,2025-08-15,2025-08-18,2025-08-25,0.016342892577063985,-0.0042835468710548785,0.024271219954611567,0.023271219954611566,-0.0001967886083360515,0.023468008562947618
MMM,2025-09-22,2025-10-01,2025-10-09,2025-10-21,2025-10-28,0.013908640762264297,0.019999876473255664,0.0011403550656086114,0.00014035506560861142,0.009167266201087099,-0.009026911135478488
MMM,2025-10-09,2025-10-20,2025-10-29,2025-10-30,2025-11-06,0.012428098183419098,-0.0636386701793177,-0.015620286570008024,-0.016620286570008025,-0.0032091729999738083,-0.013411113570034217
MMM,2025-10-29,2025-11-10,2025-11-17,2025-11-21,2025-12-01,0.01846561115265596,0.009359681520208623,0.014218487218578657,0.013218487218578656,0.023568202942498617,-0.010349715723919961
MMM,2025-11-17,2025-11-21,2025-12-04,2025-12-11,2025-12-18,0.016325089780649296,-0.0070201318099757165,-0.040569423694702844,-0.041569423694702845,-0.01749630264035129,-0.024073121054351554
MMM,2025-12-22,2025-12-26,2025-12-31,2026-01-05,2026-01-12,0.012999972436990718,0.012216111641718772,0.02684201498235983,0.02584201498235983,0.02558313880911922,0.0002588761732406075
MMM,2026-04-22,2026-04-30,2026-05-01,2026-05-06,2026-05-13,0.005076159833359681,0.027436543065175262,0.0038214614714329187,0.0028214614714329187,0.01395507905781046,-0.011133617586377542
ABT,2015-11-09,2015-11-10,2015-11-12,2015-11-18,2015-11-25,0.015760114466040517,0.03430932146921035,-0.008515245154622875,-0.009515245154622876,0.005205721988758905,-0.01472096714338178
ABT,2015-11-30,2015-12-01,2015-12-03,2015-12-07,2015-12-14,0.012021511651100051,0.02881647310119235,-0.016461963364272858,-0.01746196336427286,-0.03993725510795587,0.022475291743683012
ABT,2016-05-04,2016-05-16,2016-05-19,2016-05-25,2016-06-02,0.00393686663673496,0.026405003914039517,0.021975307089217466,0.020975307089217465,0.006473750516561516,0.01450155657265595
ABT,2016-05-19,2016-05-24,2016-06-07,2016-06-08,2016-06-15,0.01987104279289087,-0.025013161402807,-0.03803659708613638,-0.03903659708613638,-0.024307716649783484,-0.014728880436352898
ABT,2016-06-10,2016-06-22,2016-06-27,2016-06-30,2016-07-08,0.008854580296079327,0.04620591295611926,0.06563187960098649,0.06463187960098649,0.014503382985397328,0.05012849661558916
ABT,2016-10-28,2016-11-07,2016-11-14,2016-11-16,2016-11-23,0.008093402793529351,0.01655782404137826,-0.024280485618875414,-0.025280485618875415,0.012243849063071632,-0.03752433468194705
ABT,2016-11-30,2016-12-08,2016-12-16,2017-01-03,2017-01-10,0.01602365569930872,0.01499555787947007,0.0573620033398059,0.0563620033398059,0.004503018693815086,0.05185898464599081
ABT,2017-11-10,2017-11-16,2017-11-29,2017-11-30,2017-12-07,0.01350337774179104,-0.0007204876641851122,-0.029802941127003657,-0.030802941127003658,-0.0061106841569257275,-0.02469225697007793
ABT,2017-11-29,2017-11-30,2017-12-04,2017-12-18,2017-12-26,0.014213512790230436,0.029448239598304286,0.010638078555142094,0.009638078555142093,-0.0038088138796261717,0.013446892434768265
ABT,2018-02-05,2018-02-15,2018-03-01,2018-03-05,2018-03-12,0.013110916970735157,0.01193282984616745,0.053834459970053095,0.052834459970053094,0.023795531339836806,0.029038928630216287
ABT,2018-06-25,2018-07-05,2018-07-16,2018-07-17,2018-07-24,0.009215017214106398,-0.011865675457757149,0.02547763097535949,0.024477630975359488,0.0011761703623252018,0.023301460613034286
ABT,2018-10-19,2018-10-31,2018-11-13,2018-11-14,2018-11-21,0.019973528463723723,-0.00797807097477743,-0.012678085786897886,-0.013678085786897887,-0.020014615713971562,0.006336529927073675
ABT,2018-12-17,2018-12-27,2019-01-03,2019-01-15,2019-01-23,0.012616412650625925,0.062437624769890544,-0.007946673071528854,-0.008946673071528854,0.007619577944176781,-0.016566251015705635
ABT,2019-03-07,2019-03-12,2019-03-22,2019-03-26,2019-04-02,0.01875000355736782,0.0034512211910299982,0.007848075546566635,0.006848075546566635,0.014524087648343453,-0.007676012101776818
ABT,2019-05-08,2019-05-15,2019-05-23,2019-05-24,2019-06-03,0.0038048084270332285,0.011502145727379391,-0.016497406236794743,-0.017497406236794744,-0.0191685846780677,0.001671178441272958
ABT,2020-04-28,2020-05-05,2020-05-15,2020-05-29,2020-06-05,0.01716609147548972,0.033752595466237226,-0.05330789042919826,-0.05430789042919826,0.05610003049615031,-0.11040792092534857
ABT,2020-05-15,2020-05-22,2020-06-04,2020-06-08,2020-06-15,0.017577038454298737,0.035202663282615336,-0.03251931834737165,-0.03351931834737165,-0.0611507939225977,0.02763147557522605
ABT,2020-09-03,2020-09-15,2020-09-22,2020-09-30,2020-10-07,0.009949934132370887,0.016701193746562905,-0.010015841726395247,-0.011015841726395248,0.021284901483056506,-0.032300743209451754
ABT,2021-04-01,2021-04-09,2021-04-20,2021-04-21,2021-04-28,0.01647895920203666,0.0037998893576260727,-0.00938023256846654,-0.01038023256846654,-0.002808689208512405,-0.007571543359954136
ABT,2021-08-27,2021-08-30,2021-09-13,2021-09-14,2021-09-21,0.01083520905383306,-0.005399626293221614,-0.015112249347779216,-0.016112249347779217,-0.01574514211805833,-0.0003671072297208866
ABT,2022-02-17,2022-02-25,2022-03-08,2022-03-18,2022-03-25,0.015176910279857965,0.05146647192350467,-0.028583067279180252,-0.029583067279180253,0.007818966656739867,-0.03740203393592012
ABT,2022-09-20,2022-10-04,2022-10-12,2022-10-17,2022-10-24,0.007526140657687451,0.02910354444257712,-0.05052170824684754,-0.05152170824684754,0.046482359869331136,-0.09800406811617868
ABT,2022-10-19,2022-10-28,2022-11-03,2022-11-07,2022-11-14,0.014065344782316308,0.030555465162773663,0.02522615237114323,0.024226152371143228,0.046611824775201205,-0.022385672404057977
ABT,2023-03-09,2023-03-16,2023-03-22,2023-03-30,2023-04-06,0.012059292155329335,0.021912521170937956,0.05904318744167791,0.05804318744167791,0.005643736236329078,0.052399451205348835
ABT,2023-03-22,2023-03-29,2023-04-12,2023-04-13,2023-04-20,0.018170571262453843,-0.039951363441853086,0.06505162977775303,0.06405162977775303,0.004388746543527944,0.059662883234225084
ABT,2023-05-24,2023-06-02,2023-06-07,2023-06-15,2023-06-23,0.0015377462346943033,0.024376178302029674,0.028851607826122283,0.027851607826122282,-0.025150274733995337,0.05300188256011762
ABT,2023-09-26,2023-10-06,2023-10-11,2023-10-20,2023-10-27,0.006754667453436865,0.04376542312616823,-0.040607671779862464,-0.041607671779862465,-0.024082626742983226,-0.01752504503687924
ABT,2024-05-20,2024-06-04,2024-06-13,2024-06-14,2024-06-24,0.002131730383260465,-0.00019324083909672782,0.01562502531182819,0.014625025311828188,0.020472748088225634,-0.005847722776397446
ABT,2024-06-28,2024-07-11,2024-07-18,2024-07-22,2024-07-29,0.002598355626816157,0.03435476351164353,0.010123256620773846,0.009123256620773845,0.003896049314721539,0.005227207306052306
ABT,2024-12-11,2024-12-20,2024-12-30,2025-01-08,2025-01-16,0.0007885133187017378,0.012518582981060228,0.002256181575730043,0.001256181575730043,0.019501248064067722,-0.01824506648833768
ABT,2025-10-29,2025-11-07,2025-11-19,2025-11-21,2025-12-01,0.015510699942873098,0.0016618620554863404,-0.0007805758657807305,-0.0017805758657807305,0.023568202942498617,-0.02534877880827935
ABT,2025-12-03,2025-12-12,2025-12-23,2025-12-30,2026-01-07,0.0013568710390092981,0.00733306933862512,0.010017460137011991,0.00901746013701199,0.025596349241432614,-0.016578889104420624
ABT,2026-05-04,2026-05-18,2026-05-26,2026-06-04,2026-06-11,0.004226709779328779,0.014105396934167997,-0.012447720808379414,-0.013447720808379415,-0.01821550192260024,0.004767781114220826
ABT,2026-05-26,2026-06-01,2026-06-12,2026-06-15,2026-06-23,0.012807147370363084,-0.0045568897813554245,0.020976706105660936,0.019976706105660935,-0.01750693771683076,0.0374836438224917
TGT,2015-10-14,2015-10-21,2015-10-23,2015-10-30,2015-11-06,0.002624941253092039,0.0452881124792789,0.0005182806718846411,-0.0004817193281153589,0.00597184723069466,-0.006453566558810019
TGT,2016-01-14,2016-01-26,2016-02-04,2016-02-12,2016-02-22,0.00042593129022647995,0.005678587839979418,0.036025617239566765,0.035025617239566764,0.041504274063702606,-0.006478656824135842
TGT,2016-04-07,2016-04-15,2016-04-22,2016-04-27,2016-05-04,0.012626809171975666,0.003268061812313003,-0.042982133086673646,-0.04398213308667365,-0.04349543182728799,-0.0004867012593856579
TGT,2016-10-17,2016-10-21,2016-10-27,2016-10-28,2016-11-04,0.014723610511868527,0.008940552965407318,-0.03341583510181623,-0.03441583510181623,-0.014052678463945867,-0.02036315663787036
TGT,2016-10-27,2016-10-28,2016-11-03,2016-11-10,2016-11-17,0.01789427673328171,0.03138194876869141,0.088398140588142,0.08739814058814199,0.009466532246654058,0.07793160834148793
TGT,2017-01-27,2017-02-08,2017-02-23,2017-02-24,2017-03-03,0.0167973797626849,-0.012484532315731725,-0.13772385339744675,-0.13872385339744675,-0.0016158182423426926,-0.13710803515510406
TGT,2017-03-21,2017-03-28,2017-04-04,2017-04-10,2017-04-18,0.003933621942374993,0.003171915098261111,-0.0035322109757338627,-0.004532210975733863,-0.009411173819691476,0.004878962843957614
TGT,2017-06-19,2017-06-27,2017-07-06,2017-07-13,2017-07-20,0.006962111584300041,0.012099217156981031,0.023823094706437953,0.022823094706437952,0.008239005803475807,0.014584088902962145
TGT,2017-10-30,2017-11-09,2017-11-15,2017-11-29,2017-12-06,0.0058775038326758025,0.08644848189551546,-0.015564228296317983,-0.016564228296317984,-0.0015994128038597788,-0.014964815492458206
TGT,2018-03-07,2018-03-20,2018-03-21,2018-04-04,2018-04-11,0.001820120577205976,0.019843509294330552,0.013359190150318945,0.012359190150318944,-0.006487148820719435,0.01884633897103838
TGT,2018-04-19,2018-04-26,2018-05-07,2018-05-14,2018-05-21,0.01267942813016857,0.03547572507720851,0.0635034646555015,0.0625034646555015,0.010774817001727444,0.05172864765377405
TGT,2018-06-19,2018-06-27,2018-06-28,2018-07-09,2018-07-16,0.003917800806639359,0.01652133833846243,-0.007073067338252859,-0.00807306733825286,0.008015717534281652,-0.01608878487253451
TGT,2019-08-01,2019-08-08,2019-08-14,2019-08-16,2019-08-23,0.01428227248708476,0.022792201079737635,0.2383918719100666,0.2373918719100666,-0.005796425889152745,0.24318829779921936
TGT,2019-09-16,2019-09-23,2019-10-01,2019-10-04,2019-10-11,0.01701578463046708,0.026107756954151674,0.025023108982044073,0.024023108982044072,0.007574913769154978,0.016448195212889094
TGT,2019-10-25,2019-11-05,2019-11-12,2019-11-14,2019-11-21,0.009539675390567768,0.01553689778059675,0.1556742278446388,0.1546742278446388,0.0024248856985087386,0.15224934214613006
TGT,2021-01-26,2021-02-04,2021-02-19,2021-02-22,2021-03-01,0.004741507921403736,-0.004789052263015128,-0.015344924578957753,-0.016344924578957754,-7.576642473350326e-05,-0.01626915815422425
TGT,2021-04-22,2021-04-29,2021-05-11,2021-05-13,2021-05-20,0.008804903929038954,-0.008968939787703932,0.06663337844423833,0.06563337844423833,0.01616769869063761,0.04946567975360072
TGT,2021-12-17,2021-12-27,2022-01-10,2022-01-11,2022-01-19,0.0035376025040139802,-0.014814815989553379,-0.01630394463045237,-0.017303944630452373,-0.0349179584122995,0.017614013781847127
TGT,2023-03-09,2023-03-16,2023-03-22,2023-03-31,2023-04-10,0.015002585817490805,0.03422254224508625,0.020346572375236516,0.019346572375236515,0.0009503392836263114,0.018396233091610203
TGT,2023-03-22,2023-03-30,2023-04-12,2023-04-13,2023-04-20,0.017781253452459997,-0.020215502400315763,-0.018313005085998424,-0.019313005085998425,0.004388746543527944,-0.02370175162952637
TGT,2023-05-31,2023-06-14,2023-06-22,2023-06-26,2023-07-03,0.01756658699356646,0.006304942055786547,0.0026764851922651545,0.0016764851922651544,0.01962428283490336,-0.017947797642638208
TGT,2023-06-22,2023-06-26,2023-07-06,2023-07-20,2023-07-27,0.015937748604635277,0.027211773546428765,-0.0010397553984993202,-0.00203975539849932,-0.00015635315709294773,-0.0018834022414063725
TGT,2023-09-26,2023-10-10,2023-10-19,2023-10-25,2023-11-01,0.0013701972606477496,0.01158444602090125,-0.007430236831613368,-0.008430236831613369,0.014428953881389317,-0.022859190713002686
TGT,2024-06-06,2024-06-21,2024-07-01,2024-07-08,2024-07-15,0.006890446638943505,0.0026688116021205384,0.01734787215331912,0.01634787215331912,0.018596275251165917,-0.002248403097846796
TGT,2024-10-01,2024-10-09,2024-10-17,2024-10-18,2024-10-25,0.013994637889624857,-0.0101081297539953,-0.03621502155867562,-0.03721502155867562,-0.02331693465946849,-0.01389808689920713
TGT,2024-10-22,2024-11-05,2024-11-06,2024-11-11,2024-11-18,0.012064953862695097,0.024504919057540746,0.02139854717465428,0.02039854717465428,-0.01553419903373332,0.0359327462083876
TGT,2025-09-15,2025-09-29,2025-10-10,2025-10-14,2025-10-21,0.0030489450062253553,0.03714976330660829,0.06115106405021642,0.06015106405021642,0.026222401423205532,0.033928662627010886
BLK,2016-01-15,2016-01-27,2016-02-08,2016-02-12,2016-02-22,0.01868012812987405,0.02866440437768065,0.03145352662924572,0.03045352662924572,0.041504274063702606,-0.011050747434456887
BLK,2016-04-28,2016-05-10,2016-05-13,2016-05-24,2016-06-01,0.0037624005718919344,0.03578731590358686,0.009441727477520923,0.008441727477520922,0.016721535098382256,-0.008279807620861335
BLK,2016-08-24,2016-08-29,2016-09-09,2016-09-22,2016-09-29,0.012678773935584314,0.025148892853132546,-0.04450727753850614,-0.04550727753850614,-0.010481232698315135,-0.035026044840191006
BLK,2017-01-09,2017-01-20,2017-01-27,2017-02-10,2017-02-17,0.0025760657753286027,0.016622888233441314,0.015331263405598428,0.014331263405598427,0.016369003708546215,-0.002037740302947788
BLK,2018-02-22,2018-02-23,2018-03-01,2018-03-06,2018-03-13,0.018942602916616015,0.025775489527117838,0.02806838212766083,0.02706838212766083,0.013720269051690215,0.013348113075970613
BLK,2018-08-13,2018-08-22,2018-08-23,2018-08-27,2018-09-04,0.005531893552211858,0.01581505081274991,-0.016190898391653774,-0.017190898391653775,-0.0007513911864840406,-0.016439507205169734
BLK,2018-09-06,2018-09-14,2018-09-26,2018-09-27,2018-10-04,0.008687496404704528,0.0025839194937364008,-0.007826112775044858,-0.008826112775044859,-0.004544209440220159,-0.004281903334824699
BLK,2018-10-18,2018-10-30,2018-11-12,2018-11-13,2018-11-20,0.00990314696008938,-0.003937317579513406,-0.010778040914276477,-0.011778040914276477,-0.026322615744655775,0.014544574830379298
BLK,2018-12-14,2018-12-27,2019-01-03,2019-01-04,2019-01-11,0.01438625746469751,0.02532195647069228,0.015543116325497541,0.01454311632549754,0.019785271908788538,-0.005242155583290997
BLK,2019-03-06,2019-03-13,2019-03-20,2019-04-01,2019-04-08,0.004606023786953268,0.004445868692760874,0.017678320971557637,0.016678320971557636,0.006272846428629242,0.010405474542928395
BLK,2019-05-23,2019-06-04,2019-06-17,2019-06-18,2019-06-25,0.0014746724063221645,-0.0206156885627994,0.020141430065514054,0.019141430065514053,0.003180290868509461,0.015961139197004592
BLK,2020-09-08,2020-09-16,2020-09-23,2020-09-30,2020-10-07,0.016632159991888117,0.04128320762736814,0.05057240868694812,0.04957240868694812,0.021284901483056506,0.028287507203891615
BLK,2020-12-09,2020-12-17,2020-12-22,2020-12-24,2021-01-04,0.006171144370449278,0.01769106524824831,0.005147378002097414,0.0041473780020974136,0.0034250187537547827,0.0007223592483426309
BLK,2021-01-25,2021-02-02,2021-02-10,2021-02-16,2021-02-23,0.009018103538845496,0.008676912085060027,-0.03717611644183205,-0.03817611644183205,-0.007400651986101625,-0.030775464455730428
BLK,2022-09-26,2022-10-04,2022-10-10,2022-10-21,2022-10-28,0.011374387007106164,0.07738902074792464,0.11132483972883334,0.11032483972883333,0.05684824132449795,0.053476598404335385
BLK,2023-01-17,2023-01-24,2023-01-30,2023-01-31,2023-02-07,0.0031211464342316324,0.005597621589430129,-0.024222747805616174,-0.025222747805616175,0.0008511912686948175,-0.026073939074310992
BLK,2024-01-03,2024-01-12,2024-01-16,2024-01-19,2024-01-26,0.019702897086133063,0.010280244730981401,-0.022521736583098306,-0.023521736583098307,-0.0022376415366575086,-0.0212840950464408
BLK,2024-01-24,2024-02-07,2024-02-13,2024-02-15,2024-02-23,0.011390268423792793,0.020926091627100036,0.019472628594083163,0.018472628594083162,0.016792218160116335,0.001680410433966828
BLK,2024-04-12,2024-04-23,2024-04-30,2024-05-06,2024-05-13,0.004217930190609804,0.01562700103225954,0.020254642960710223,0.019254642960710222,0.02152761087801025,-0.0022729679173000283
BLK,2024-05-23,2024-06-04,2024-06-11,2024-06-17,2024-06-25,0.0009432247200255796,0.028860974570712968,0.017040574646208784,0.016040574646208783,0.006648390635307644,0.009392184010901139
BLK,2024-11-19,2024-12-03,2024-12-17,2024-12-23,2024-12-31,0.010592239647434025,-0.014837204451975755,-0.014032770410506656,-0.015032770410506657,-0.009170459677039444,-0.005862310733467213
BLK,2025-07-30,2025-08-06,2025-08-19,2025-08-20,2025-08-27,0.005284133282566215,-0.007077005940749904,0.0028091583936400433,0.0018091583936400433,0.00579968708450429,-0.003990528690864247
BLK,2025-12-16,2025-12-22,2025-12-31,2026-01-05,2026-01-12,0.018789685321529005,0.01642149842838144,-0.02723788008631267,-0.028237880086312672,0.02558313880911922,-0.053821018895431894
BLK,2026-02-03,2026-02-10,2026-02-23,2026-02-25,2026-03-04,0.01654087127824309,0.015416709107481358,-0.04073044780714441,-0.04173044780714441,-0.01158021256228181,-0.0301502352448626
BLK,2026-03-06,2026-03-17,2026-03-27,2026-04-08,2026-04-15,0.016285507917725036,0.03826944471447242,0.04698764381109499,0.04598764381109499,0.013260751506139146,0.032726892304955846
CVS,2015-09-25,2015-10-02,2015-10-14,2015-10-15,2015-10-22,0.0035493954408821393,-0.01505673405820183,0.02181270406134672,0.02081270406134672,0.0191820737272399,0.0016306303341068196
CVS,2015-11-11,2015-11-18,2015-12-03,2015-12-04,2015-12-11,0.003584751955536116,0.024582732904614144,-0.02325606264912905,-0.02425606264912905,-0.05027160660797558,0.026015543958846532
CVS,2016-03-23,2016-03-29,2016-04-07,2016-04-18,2016-04-25,0.01717288912887748,0.01493119806829868,-0.0012636890705460813,-0.0022636890705460813,-0.0001374161050741174,-0.002126272965471964
CVS,2016-04-07,2016-04-15,2016-04-28,2016-05-03,2016-05-10,0.012879006713574465,0.005991017828460732,0.02097792846495672,0.019977928464956718,0.003181380093429942,0.016796548371526776
CVS,2016-10-03,2016-10-12,2016-10-19,2016-10-20,2016-10-27,0.004363871847966042,0.012233078545572014,-0.0012603525576962982,-0.002260352557696298,0.0031750599543771685,-0.005435412512073467
CVS,2018-03-21,2018-03-28,2018-04-11,2018-04-12,2018-04-19,0.004646121880878749,-0.005740629156729908,0.02906255332629737,0.028062553326297368,0.012763196888071482,0.015299356438225886
CVS,2018-06-28,2018-07-06,2018-07-19,2018-07-25,2018-08-01,0.010641880687584584,0.005114737746351945,-0.02879219219717477,-0.02979219219717477,-0.010280344720951962,-0.01951184747622281
CVS,2018-07-19,2018-07-26,2018-07-31,2018-08-08,2018-08-15,0.010641135415091964,0.02230909712018015,0.050902017896746976,0.049902017896746975,-0.015092619104129401,0.06499463700087638
CVS,2019-01-14,2019-01-23,2019-02-01,2019-02-04,2019-02-11,0.011784712318190081,0.005944196171735843,-0.012289632094295455,-0.013289632094295456,0.000616823199690808,-0.013906455293986264
CVS,2019-02-01,2019-02-06,2019-02-08,2019-02-12,2019-02-20,0.012419352987395953,0.015447423809744667,-0.04163573638162488,-0.04263573638162488,0.010064283537192686,-0.052700019918817564
CVS,2019-05-14,2019-05-21,2019-05-28,2019-06-04,2019-06-11,0.010383233099669912,0.01532145630934325,-0.01190023044817945,-0.01290023044817945,0.02647376433000037,-0.03937399477817982
CVS,2019-07-19,2019-07-29,2019-08-01,2019-08-07,2019-08-14,0.014737398767047603,0.01581953203526912,0.007570336596706806,0.006570336596706806,-0.011351494509031168,0.017921831105737973
CVS,2019-08-23,2019-08-30,2019-09-16,2019-09-17,2019-09-24,0.011288037008201617,-0.04120169918870312,-0.008663910703609501,-0.009663910703609502,-0.013262756921100793,0.0035988462174912916
CVS,2020-01-24,2020-02-07,2020-02-14,2020-02-18,2020-02-25,0.0018200903729041463,0.002655193000146539,-0.10652792728924054,-0.10752792728924054,-0.07165736785788435,-0.0358705594313562
CVS,2020-07-07,2020-07-15,2020-07-24,2020-07-29,2020-08-05,0.010325481186356665,0.011540994218016224,0.0028031769964032005,0.0018031769964032005,0.022472436981940236,-0.020669259985537036
CVS,2020-09-10,2020-09-17,2020-09-23,2020-10-05,2020-10-12,0.00706887767868481,0.017291479689838532,0.013061642458662037,0.012061642458662036,0.03528768345678568,-0.023226040998123643
CVS,2020-09-23,2020-09-30,2020-10-14,2020-10-15,2020-10-22,0.01742177392285052,-0.0018832730585018743,0.011205008396284022,0.010205008396284021,-0.0018508626130768757,0.012055871009360897
CVS,2021-02-19,2021-03-05,2021-03-19,2021-03-22,2021-03-29,0.002982235380192598,-0.036103348686739825,0.038519064867887254,0.03751906486788725,0.024176802863680624,0.013342262004206629
CVS,2021-04-08,2021-04-14,2021-04-27,2021-04-28,2021-05-05,0.017482090534320274,-0.00696393311359184,0.10132616426297081,0.10032616426297081,0.017780974129803395,0.08254519013316741
CVS,2021-07-01,2021-07-14,2021-07-19,2021-07-21,2021-07-28,0.00243234439519442,0.021233157781858063,0.008963191031267748,0.007963191031267747,-0.00572630955483322,0.013689500586100967
CVS,2021-07-30,2021-08-03,2021-08-04,2021-08-11,2021-08-18,0.019912553855614794,0.02916624496965497,-0.00423773015240303,-0.00523773015240303,-0.013245084647124483,0.008007354494721453
CVS,2022-01-18,2022-01-26,2022-02-09,2022-02-10,2022-02-17,0.008712022460772595,0.0006676603858518169,-0.028674488285963307,-0.029674488285963307,-0.02914436303626189,-0.0005301252497014186
CVS,2022-06-13,2022-06-23,2022-07-05,2022-07-06,2022-07-13,0.016283546473581458,-0.0017318429859639664,0.002790207433910563,0.0017902074339105631,-0.005121893043739667,0.00691210047765023
CVS,2023-01-18,2023-01-26,2023-02-02,2023-02-08,2023-02-15,0.0007420841953340326,0.01688336321293402,-0.006857024102175258,-0.007857024102175258,0.005728286510618741,-0.013585310612794
CVS,2023-03-17,2023-03-30,2023-04-12,2023-04-13,2023-04-20,0.00443723484078257,-0.00294501090264037,-0.020788968694154475,-0.021788968694154476,0.004388746543527944,-0.02617771523768242
CVS,2023-05-24,2023-06-01,2023-06-14,2023-06-15,2023-06-23,0.0008717256709204574,0.03237520765358539,0.0014387229432004656,0.00043872294320046554,-0.025150274733995337,0.0255889976771958
CVS,2023-08-17,2023-08-25,2023-08-31,2023-09-11,2023-09-18,0.007784460470812355,0.031937023007471255,0.028363476225635287,0.027363476225635286,-0.008616472904470651,0.03597994913010594
CVS,2023-10-25,2023-10-31,2023-11-09,2023-11-15,2023-11-22,0.00700432618326419,0.032894096000034415,0.00014490747761852774,-0.0008550925223814723,0.011085221150443081,-0.011940313672824554
CVS,2024-01-18,2024-01-31,2024-02-05,2024-02-07,2024-02-14,0.015775614880554303,0.02595148806472749,0.004733792166760953,0.003733792166760953,-0.004075006698116446,0.0078087988648773985
CVS,2024-05-01,2024-05-13,2024-05-23,2024-05-31,2024-06-07,0.0028413261710269005,0.014521018180703088,0.03657713972419052,0.03557713972419052,0.01362367685417043,0.02195346287002009
CVS,2024-07-01,2024-07-11,2024-07-23,2024-07-24,2024-07-31,0.0010317467759971303,-0.007119960446014946,0.030577413758770877,0.029577413758770876,0.02265676224498181,0.006920651513789067
CVS,2024-08-05,2024-08-16,2024-08-27,2024-09-04,2024-09-11,0.009340872828234073,0.015252816629570603,-0.05379421826268005,-0.05479421826268005,0.0013961481156934408,-0.05619036637837349
CVS,2025-03-25,2025-03-31,2025-04-04,2025-04-09,2025-04-16,0.019103448442662204,0.06036902363071246,-0.023226035117133725,-0.024226035117133726,-0.042768960625160224,0.018542925508026498
CVS,2025-12-02,2025-12-09,2025-12-17,2025-12-22,2025-12-30,0.00798747384810713,0.004601207402806629,0.019014832081168498,0.018014832081168497,0.006050967207132718,0.011963864874035779
CVS,2026-02-20,2026-02-26,2026-03-06,2026-03-09,2026-03-16,0.017212214062971125,0.0011537090475229454,-0.030922591600137772,-0.03192259160013777,-0.0022705080211138373,-0.029652083579023936
CVS,2026-03-19,2026-04-01,2026-04-14,2026-04-15,2026-04-22,0.008767021781716428,-0.07076851551050141,0.019202638848686338,0.018202638848686337,0.011579383405155408,0.006623255443530929
CVS,2026-05-20,2026-06-04,2026-06-18,2026-06-22,2026-06-29,0.01650944036742473,-0.036912013800766176,0.022507371418953648,0.021507371418953647,-0.020733556679935372,0.04224092809888902
CVS,2026-08-06,2026-08-14,2026-08-19,2026-09-01,2026-09-09,0.009769303985458638,0.03612599839371255,-0.022745914502158127,-0.023745914502158127,-0.00343375345131669,-0.020312161050841437
CVS,2026-08-19,2026-08-26,2026-09-09,2026-09-10,2026-09-17,0.007154278249105715,-0.01123831172628722,-0.052681333027912,-0.053681333027912004,0.0022891216460707575,-0.05597045467398276
AXP,2015-12-08,2015-12-15,2015-12-18,2015-12-24,2016-01-04,0.003433020751503447,0.0325018635235542,-0.036630423755945496,-0.0376304237559455,-0.022221866717761607,-0.01540855703818389
AXP,2016-09-14,2016-09-21,2016-09-26,2016-10-05,2016-10-12,0.012602172203368326,0.01337889574262051,-0.05702303489070226,-0.05802303489070226,-0.02034558353437621,-0.03767745135632605
AXP,2016-09-26,2016-10-05,2016-10-06,2016-10-20,2016-10-27,0.019928830142359043,0.037601151203149136,0.002245488673747076,0.0012454886737470758,0.0031750599543771685,-0.0019295712806300927
AXP,2016-10-11,2016-10-19,2016-10-28,2016-10-31,2016-11-07,0.006407935592017318,-0.08489793561598764,0.008732212457322586,0.007732212457322586,0.008990002076418202,-0.0012577896190956164
AXP,2017-07-24,2017-08-04,2017-08-10,2017-08-15,2017-08-22,0.011411804418359728,0.016401171979913892,-0.017167595186136198,-0.0181675951861362,-0.00032764844778243596,-0.017839946738353762
AXP,2018-07-30,2018-08-07,2018-08-15,2018-08-16,2018-08-23,0.011105820076010957,0.004511279070908541,0.026497853275933236,0.025497853275933235,0.015171522108499369,0.010326331167433866
AXP,2019-03-20,2019-04-01,2019-04-09,2019-04-16,2019-04-24,0.00839555732654045,0.013080541212647581,0.019127612783292003,0.018127612783292002,0.01892509515845342,-0.000797482375161418
AXP,2019-11-18,2019-11-25,2019-12-02,2019-12-06,2019-12-13,0.007855575335152586,0.027695009017883784,0.03407683143618678,0.03307683143618678,0.010227205982452414,0.022849625453734368
AXP,2019-12-30,2020-01-02,2020-01-07,2020-01-09,2020-01-16,0.01597887831090804,0.0193881387161307,0.02143810203615315,0.02043810203615315,0.00889194951542871,0.01154615252072444
AXP,2020-04-15,2020-04-27,2020-05-06,2020-05-07,2020-05-14,0.015156483300308799,0.012461540999162659,-0.03366784406297929,-0.03466784406297929,-0.008499688957677276,-0.026168155105302016
AXP,2020-06-24,2020-07-06,2020-07-07,2020-07-15,2020-07-22,0.016110223633197335,0.036964049105055664,-0.008422565894489864,-0.009422565894489865,0.008722238967402873,-0.018144804861892738
AXP,2020-07-07,2020-07-14,2020-07-28,2020-07-29,2020-08-05,0.019674949972802377,0.0044281760448817474,-0.013445090250397751,-0.014445090250397752,0.022472436981940236,-0.03691752723233799
AXP,2021-04-13,2021-04-15,2021-04-20,2021-04-26,2021-05-03,0.017398458417163223,0.02309289751822114,0.029666187801870025,0.028666187801870024,0.011547966675448329,0.017118221126421695
AXP,2022-06-29,2022-07-07,2022-07-14,2022-07-15,2022-07-22,0.014969049660008256,0.032262669327074195,0.07390509922471478,0.07290509922471478,0.02853289470897802,0.04437220451573676
AXP,2022-08-31,2022-09-08,2022-09-16,2022-09-19,2022-09-26,0.010000046398544942,0.0028659765979698864,-0.1152805003363363,-0.1162805003363363,-0.06149297222208483,-0.05478752811425147
AXP,2022-09-22,2022-10-04,2022-10-10,2022-10-18,2022-10-25,0.016989427386234355,0.05465432864398555,0.007055224453590636,0.006055224453590636,0.04219621853263478,-0.03614099407904414
AXP,2023-06-20,2023-06-28,2023-07-07,2023-07-10,2023-07-17,0.0021841130876278634,-0.003547436717846931,0.0214314087173737,0.0204314087173737,0.02264464571534419,-0.0022132369979704913
AXP,2023-08-22,2023-08-29,2023-09-07,2023-09-14,2023-09-21,0.007291855268109438,0.02159257743750031,-0.043701169586074395,-0.044701169586074396,-0.033595128054823786,-0.01110604153125061
AXP,2023-09-27,2023-10-06,2023-10-19,2023-11-02,2023-11-09,0.0002235549088167906,-0.0020088046827078094,0.010076083563098637,0.009076083563098636,-0.014928422680626108,0.024004506243724744
AXP,2024-04-30,2024-05-08,2024-05-22,2024-05-24,2024-06-03,0.009443147529662958,-0.01629700188908349,-0.005458022716355981,-0.006458022716355981,-0.004693550299106564,-0.0017644724172494177
AXP,2026-03-13,2026-03-23,2026-03-27,2026-03-31,2026-04-08,0.006500831101813196,0.031930002659918445,0.0491274330549607,0.0481274330549607,0.02973846834050442,0.01838896471445628
AXP,2026-05-13,2026-05-27,2026-06-03,2026-06-09,2026-06-16,0.0094636042288273,0.038299077687807326,0.07023051084389409,0.06923051084389409,0.017609062669901032,0.051621448173993056
