stock,low_date,entry_date,exit_date,branch,pct1,ret,ret_net,bench_ret,excess_ret
KO,2015-12-11,2015-12-14,2015-12-21,flat,0.004258239872090927,0.00777389046319521,0.00677389046319521,0.005147928142902103,0.001625962320293107
KO,2016-01-04,2016-01-05,2016-01-12,flat,0.003538062110999352,-0.010105969134457493,-0.011105969134457494,-0.03859569859134249,0.027489729456884993
KO,2016-01-20,2016-01-21,2016-01-28,flat,0.00024153907100367205,0.0285092011946928,0.0275092011946928,-0.007477876814640072,0.03498707800933287
KO,2016-05-20,2016-05-23,2016-05-31,flat,0.00045467655029135,0.014328299596372496,0.013328299596372495,0.028040023188013574,-0.01471172359164108
KO,2016-06-17,2016-06-20,2016-06-27,flat,0.004242338462936083,-0.02667894581921082,-0.02767894581921082,-0.03629564113924788,0.00861669532003706
KO,2016-08-26,2016-08-31,2016-09-08,rebound_retest,0.005078590914493753,0.00460512494838583,0.0036051249483858303,-0.0032733366194356295,0.00687846156782146
KO,2016-11-10,2016-11-11,2016-11-18,flat,0.0021983638263230964,-0.002924891180142386,-0.003924891180142386,0.00781506106088381,-0.011739952241026197
KO,2017-01-10,2017-01-11,2017-01-19,flat,0.00024373323155894828,0.0021922479178733134,0.0011922479178733134,-0.012190537892346587,0.0133827858102199
KO,2017-02-10,2017-02-13,2017-02-21,flat,0.0009857935288402593,0.02067937212585469,0.01967937212585469,0.013914419966166935,0.005764952159687753
KO,2017-06-08,2017-06-09,2017-06-16,flat,0.004210250868285654,0.008006852186943414,0.007006852186943414,-0.006225744525220289,0.013232596712163702
KO,2017-09-27,2017-10-02,2017-10-09,rebound_retest,0.006048138994280243,0.013616025585672986,0.012616025585672985,-0.0021202023328233954,0.01473622791849638
KO,2017-12-08,2017-12-11,2017-12-18,flat,0.0004411489562686595,0.01323633803526958,0.012236338035269578,0.0075051584987397835,0.004731179536529795
KO,2018-02-08,2018-02-09,2018-02-16,flat,0.0006964644473191096,0.042893336711426366,0.041893336711426366,0.04286996878243721,-0.0009766320710108412
KO,2018-08-31,2018-09-04,2018-09-11,flat,0.0042630410029794435,0.02815049521433366,0.02715049521433366,-0.0017676841123345222,0.02891817932666818
KO,2018-10-11,2018-10-12,2018-10-19,flat,0.0008956407070606977,0.036929716768417276,0.035929716768417275,-0.0052936071805180784,0.04122332394893535
KO,2018-12-20,2018-12-21,2018-12-31,flat,0.0006311063931148636,-0.004624924202969116,-0.005624924202969116,0.04203001077393975,-0.04765493497690887
KO,2019-08-01,2019-08-06,2019-08-13,rebound_retest,0.005765990050161323,0.02353175979349431,0.02253175979349431,0.021078872897289047,0.0014528868962052632
KO,2019-09-20,2019-09-23,2019-09-30,flat,0.004266526609836721,0.0055411539351508665,0.0045411539351508665,-0.00912829051630526,0.013669444451456125
KO,2020-10-28,2020-10-29,2020-11-05,flat,0.001251043050375593,0.0295710558565232,0.028571055856523198,0.06595146764066251,-0.03738041178413931
KO,2021-08-24,2021-08-25,2021-09-01,flat,0.0010711093822398086,0.011057742550348637,0.010057742550348636,0.004150805151653003,0.005906937398695633
KO,2022-08-22,2022-08-23,2022-08-30,flat,0.001090378555843569,-0.032985744792234484,-0.033985744792234485,-0.03732424706791049,0.003338502275676003
KO,2022-08-31,2022-09-01,2022-09-09,flat,0.0046996049695630735,0.005161170549608851,0.004161170549608851,0.021938668040271336,-0.017777497490662486
KO,2022-12-16,2022-12-19,2022-12-27,flat,0.0014343449100322958,0.02180118455870539,0.020801184558705388,0.0029935639708866812,0.017807620587818707
KO,2023-01-12,2023-01-13,2023-01-23,flat,0.0035941034759154533,-0.01953427700797128,-0.02053427700797128,-0.005825917728787711,-0.01470835927918357
KO,2023-05-18,2023-05-19,2023-05-26,flat,0.00047763974140199706,-0.04090407338669022,-0.04190407338669022,-0.0057992238419962705,-0.03610484954469395
KO,2023-06-23,2023-06-26,2023-07-03,flat,0.00032690719493079474,-0.010454188142110854,-0.011454188142110855,0.019624351664425,-0.031078539806535854
KO,2023-07-10,2023-07-11,2023-07-18,flat,0.003540812562806648,0.017641104256026052,0.01664110425602605,0.013730628244489118,0.0029104760115369332
KO,2023-08-22,2023-08-23,2023-08-30,flat,0.0034965266788126188,0.0033182634893997864,0.0023182634893997864,0.017601603342478622,-0.015283339853078837
KO,2023-09-12,2023-09-13,2023-09-20,flat,0.002401460389312527,0.00793378520947563,0.00693378520947563,-0.007948320747084736,0.014882105956560365
KO,2023-10-03,2023-10-04,2023-10-11,flat,0.002915526567589029,-0.024164299343667595,-0.025164299343667595,0.012296156486284016,-0.03746045582995161
KO,2024-01-24,2024-01-25,2024-02-01,flat,0.004243739129594355,0.030764123679130506,0.029764123679130505,-0.004658343559919675,0.03442246723905018
KO,2024-04-04,2024-04-05,2024-04-12,flat,0.0035412216700540823,-0.020668613902388167,-0.021668613902388167,-0.019570248381976296,-0.002098365520411871
KO,2024-10-07,2024-10-08,2024-10-15,flat,0.00246335567004946,0.016767756870382566,0.015767756870382565,0.01815125541395579,-0.002383498543573226
KO,2024-11-15,2024-11-18,2024-11-25,flat,0.0019436370095196266,0.04073700324256646,0.03973700324256646,0.014282900810680399,0.02545410243188606
KO,2024-12-19,2024-12-20,2024-12-30,flat,0.001601153322739326,-0.00831337864730397,-0.009313378647303971,-0.007603473482176937,-0.0017099051651270347
KO,2025-01-06,2025-01-07,2025-01-15,flat,0.0004935113397660983,0.015285974964153182,0.01428597496415318,0.01852508853047552,-0.004239113566322339
KO,2025-03-21,2025-03-24,2025-03-31,flat,0.004077328256176499,0.038723959206921954,0.03772395920692195,-0.02046325921325509,0.058187218420177045
KO,2025-04-07,2025-04-08,2025-04-15,flat,0.0007313638243806077,0.05027759548672517,0.04927759548672517,0.05815688026422783,-0.00887928477750266
KO,2025-07-09,2025-07-10,2025-07-17,flat,0.004173775549381272,0.011752902961036149,0.010752902961036148,-0.018114837520277427,0.028867740481313575
KO,2025-12-02,2025-12-03,2025-12-10,flat,0.0019810998169015187,-0.008473295455543983,-0.009473295455543984,0.010314271529497043,-0.019787566985041027
KO,2026-03-05,2026-03-06,2026-03-13,flat,0.00012994615766275428,0.010796648167982204,0.009796648167982203,-0.0014540175634555341,0.011250665731437737
KO,2026-03-20,2026-03-23,2026-03-30,flat,0.004816040281751532,0.015444007502538604,0.014444007502538603,-0.01961549154756681,0.03405949905010541
KO,2026-06-18,2026-06-22,2026-06-29,flat,0.001763423762495309,0.0392304891480415,0.0382304891480415,-0.02073355667993526,0.05896404582797676
GILD,2016-01-07,2016-01-08,2016-01-15,flat,0.002077924224402502,-0.04779681226301147,-0.04879681226301147,-0.02113019575280517,-0.0276666165102063
GILD,2016-06-13,2016-06-14,2016-06-21,flat,0.0007185967712500547,-0.021299879238413144,-0.022299879238413145,0.012536942022821629,-0.034836821261234774
GILD,2016-10-07,2016-10-10,2016-10-17,flat,0.0033226969862977292,-0.037752914187119346,-0.03875291418711935,-0.021260216476714167,-0.01749269771040518
GILD,2017-01-17,2017-01-18,2017-01-25,flat,0.0030593483550465732,-0.003050017289668583,-0.004050017289668583,0.0030017221068157074,-0.00705173939648429
GILD,2017-03-28,2017-03-29,2017-04-05,flat,0.002384683920993003,-0.011745464410901074,-0.012745464410901075,-0.004829985721925167,-0.007915478688975908
GILD,2017-04-05,2017-04-06,2017-04-13,flat,0.00015039992597679956,0.00045129310383029697,-0.000548706896169703,-0.0171455127922282,0.016596805896058497
GILD,2017-04-21,2017-04-24,2017-05-01,flat,0.004853598142323889,0.028075369139397344,0.027075369139397343,0.010304878182287425,0.016770490957109918
GILD,2017-08-04,2017-08-07,2017-08-14,flat,0.0038272459462459513,-0.008578616195630717,-0.009578616195630718,-0.0013049607221721216,-0.008273655473458597
GILD,2017-09-28,2017-09-29,2017-10-06,flat,0.0013595612169087976,0.0138236371672531,0.012823637167253099,0.005617552602085185,0.007206084565167914
GILD,2017-10-16,2017-10-17,2017-10-24,flat,0.0036276969406133994,-0.0017449899009779335,-0.0027449899009779335,0.020245681979712993,-0.022990671880690927
GILD,2018-04-20,2018-04-23,2018-04-30,flat,0.00420619218888794,-0.024050588900362713,-0.025050588900362714,-0.009912823322717923,-0.01513776557764479
GILD,2018-04-30,2018-05-01,2018-05-08,flat,0.004568937957565381,-0.10115812010725767,-0.10215812010725767,-0.0035839421269784344,-0.09857417798027923
GILD,2018-09-07,2018-09-10,2018-09-17,flat,0.004015228360657344,0.011518193347984651,0.01051819334798465,0.0011903137136790587,0.009327879634305591
GILD,2018-12-10,2018-12-11,2018-12-18,flat,0.0034077506536067882,-0.03445112749846635,-0.03545112749846635,-0.031183493661310457,-0.004267633837155893
GILD,2018-12-19,2018-12-20,2018-12-28,flat,0.0015575388889724885,-0.03763602329148297,-0.03863602329148297,0.015300290491216062,-0.05393631378269903
GILD,2019-03-20,2019-03-21,2019-03-28,flat,0.004953494773467827,-0.018946347099970673,-0.019946347099970674,-0.020139173395837373,0.0001928262958666993
GILD,2019-04-12,2019-04-15,2019-04-23,flat,0.002298012464918262,-0.03652758119348287,-0.03752758119348287,0.03166045759378866,-0.06918803878727153
GILD,2020-01-21,2020-01-24,2020-01-31,rebound_retest,0.012294660639144108,0.0007918570454963358,-0.00020814295450366418,-0.04036838582151969,0.04016024286701603
GILD,2020-08-11,2020-08-14,2020-08-21,rebound_retest,0.010866496900158455,-0.02919696603410371,-0.03019696603410371,-0.0011482703097474012,-0.02904869572435631
GILD,2020-12-16,2020-12-17,2020-12-24,flat,0.0022054708161694933,-0.03385821992378013,-0.03485821992378013,-0.008310303893275028,-0.026547916030505103
GILD,2021-02-16,2021-02-17,2021-02-24,flat,0.004629535168035397,-0.02135161715284739,-0.02235161715284739,0.0075047171324622575,-0.02985633428530965
GILD,2021-05-25,2021-05-26,2021-06-03,flat,0.0018119384228935734,0.00195941222541407,0.00095941222541407,0.00717475107622878,-0.00621533885081471
GILD,2021-07-30,2021-08-02,2021-08-09,flat,0.0008786370446242037,0.0016094878476695662,0.0006094878476695662,0.005275694102193862,-0.004666206254524296
GILD,2021-10-12,2021-10-13,2021-10-20,flat,0.0038591357598181403,-0.01138542881062199,-0.01238542881062199,0.04032160013110775,-0.05270702894172974
GILD,2022-02-10,2022-02-11,2022-02-18,flat,0.004531568164893814,-0.01643327220549129,-0.01743327220549129,-0.017310271299281532,-0.00012300090620975812
GILD,2022-12-15,2022-12-16,2022-12-23,flat,0.002079002700759586,-0.02316718276078833,-0.02416718276078833,-0.002133457874796685,-0.022033724885991646
GILD,2023-01-20,2023-01-23,2023-01-30,flat,0.002650237392188865,0.0014415461886911896,0.00044154618869118954,0.002896041265536997,-0.0024544950768458076
GILD,2023-02-24,2023-02-27,2023-03-06,flat,0.0028515773720289247,0.0027196960991155983,0.0017196960991155983,0.01946941725876772,-0.01774972115965212
GILD,2023-08-18,2023-08-21,2023-08-28,flat,0.0007906548943714076,0.01448537473917022,0.01348537473917022,0.005977076906663381,0.007508297832506838
GILD,2024-02-29,2024-03-01,2024-03-08,flat,0.0029125459385832,0.03886053116188326,0.03786053116188326,0.016911431327533366,0.020949099834349894
GILD,2024-04-04,2024-04-05,2024-04-12,flat,0.0004313357179208696,-0.021701657142438324,-0.022701657142438325,-0.019570248381976296,-0.003131408760462029
GILD,2024-04-25,2024-04-26,2024-05-03,flat,0.0022982262346381106,-0.009782975112318515,-0.010782975112318516,-0.005981217518307935,-0.0048017575940105806
GILD,2024-06-03,2024-06-06,2024-06-13,rebound_retest,0.011508690880414528,-0.004541761525570176,-0.005541761525570176,0.009259087408148181,-0.014800848933718358
GILD,2024-11-15,2024-11-18,2024-11-25,flat,0.0006785871907583182,0.02294828805918514,0.02194828805918514,0.014282900810680399,0.00766538724850474
GILD,2025-07-18,2025-07-21,2025-07-28,flat,0.0005543735240923342,0.04386771910921894,0.04286771910921894,0.007084828128183229,0.03578289098103571
GILD,2025-07-31,2025-08-05,2025-08-12,rebound_retest,0.007926007015536606,0.06722389250751637,0.06622389250751637,0.021051140528287604,0.045172751979228765
GILD,2025-09-25,2025-09-30,2025-10-07,rebound_retest,0.010000896679236846,0.0520720899021383,0.051072089902138296,0.011156506552869816,0.03991558334926848
GILD,2026-03-20,2026-03-23,2026-03-30,flat,0.0009474923534766733,-0.007281261323551225,-0.008281261323551226,-0.01961549154756681,0.011334230224015585
GILD,2026-05-08,2026-05-13,2026-05-20,rebound_retest,0.016675530457293974,-0.01773762972311954,-0.018737629723119542,-0.0029452802080942586,-0.015792349515025284
EMR,2015-07-17,2015-07-20,2015-07-27,flat,0.002852321524045088,-0.0432312204167995,-0.0442312204167995,-0.03251114705516711,-0.011720073361632388
EMR,2015-09-18,2015-09-21,2015-09-28,flat,0.00022210502192796577,-0.046099705364253785,-0.047099705364253786,-0.04299240466944987,-0.004107300694803917
EMR,2015-10-16,2015-10-19,2015-10-26,flat,0.0046391187059803786,0.05562843221836489,0.054628432218364886,0.018368273910366106,0.03626015830799878
EMR,2016-01-11,2016-01-14,2016-01-22,rebound_retest,0.009588998337443514,-0.0150580039935303,-0.0160580039935303,-0.017909579105637397,0.0018515751121070956
EMR,2016-05-04,2016-05-05,2016-05-12,flat,0.0037892808575148685,0.007625087438727363,0.006625087438727363,0.0009635720532190639,0.005661515385508299
EMR,2017-01-31,2017-02-01,2017-02-08,flat,0.0020454029623928082,0.06175590237197848,0.060755902371978476,0.006347926026345041,0.054407976345633435
EMR,2017-03-21,2017-03-22,2017-03-29,flat,0.0027137289968995814,0.0072733630661225845,0.0062733630661225845,0.006843723393998635,-0.0005703603278760508
EMR,2017-05-02,2017-05-03,2017-05-10,flat,0.0018590119389176472,0.0024400754955657966,0.0014400754955657966,0.006611490216385407,-0.005171414720819611
EMR,2017-07-28,2017-07-31,2017-08-07,flat,0.001343800072925444,0.02180844211995958,0.02080844211995958,0.004676574474152595,0.016131867645806985
EMR,2017-09-26,2017-09-27,2017-10-04,flat,0.0038034174314837614,0.00915701304568306,0.00815701304568306,0.015303702517113216,-0.0071466894714301565
EMR,2017-11-09,2017-11-10,2017-11-17,flat,0.0021143424569666216,-0.02059552594719094,-0.02159552594719094,0.00040702283040960907,-0.02200254877760055
EMR,2018-01-24,2018-01-25,2018-02-01,flat,0.0006883809909572472,-0.0013760720587552289,-0.002376072058755229,-0.013403263500738949,0.01102719144198372
EMR,2018-04-26,2018-04-27,2018-05-04,flat,0.004889771445302567,0.00884703352577354,0.007847033525773539,-0.013877908566860664,0.021724942092634203
EMR,2018-05-29,2018-06-01,2018-06-08,rebound_retest,0.012434597814131268,0.0249402346591312,0.0239402346591312,0.027552052769069135,-0.0036118181099379365
EMR,2018-10-24,2018-10-29,2018-11-05,rebound_retest,0.016512527177724664,0.0606058053817764,0.0596058053817764,0.04429573458711222,0.015310070794664177
EMR,2018-12-20,2018-12-21,2018-12-31,flat,0.0029981913520507296,0.050641677875476354,0.04964167787547635,0.04203001077393975,0.007611667101536601
EMR,2019-08-23,2019-08-26,2019-09-03,flat,0.004912469775754859,0.019553201271871545,0.018553201271871544,0.014794080919884767,0.0037591203519867777
EMR,2020-02-25,2020-02-26,2020-03-04,flat,0.00045047611516030095,0.0006005397360742126,-0.0003994602639257874,0.013056148963390468,-0.013455609227316256
EMR,2020-07-07,2020-07-08,2020-07-15,flat,0.0044393360895427485,0.04157803000979632,0.04057803000979632,0.023971259110731724,0.016606770899064593
EMR,2020-09-08,2020-09-11,2020-09-18,rebound_retest,0.013872350287036074,-0.0010305632459893799,-0.00203056324598938,0.01408653103848545,-0.01611709428447483
EMR,2020-09-21,2020-09-22,2020-09-29,flat,0.0038472613438602647,-0.001073128444899818,-0.002073128444899818,0.0020859249166713667,-0.004159053361571185
EMR,2020-12-01,2020-12-02,2020-12-09,flat,0.0017158239824673451,0.07509884588072979,0.07409884588072979,0.013949149289624652,0.06014969659110514
EMR,2021-01-27,2021-02-01,2021-02-08,rebound_retest,0.019617618350598724,0.07052703080723655,0.06952703080723655,0.03062987122018801,0.038897159587048535
EMR,2021-04-30,2021-05-03,2021-05-10,flat,0.004862605624233282,0.04893831489419376,0.047938314894193756,0.01807587297291513,0.029862441921278626
EMR,2021-09-09,2021-09-10,2021-09-17,flat,9.998087907767134e-05,-0.0362674675557455,-0.037267467555745504,-0.007838819912700301,-0.029428647643045203
EMR,2021-11-17,2021-11-18,2021-11-26,flat,0.002756498301052185,-0.045045926974330075,-0.046045926974330076,-0.023969003587413495,-0.02207692338691658
EMR,2022-01-26,2022-01-27,2022-02-03,flat,0.0005521916876559629,0.06576171999401326,0.06476171999401326,0.03492715370598365,0.029834566288029607
EMR,2022-05-11,2022-05-12,2022-05-19,flat,0.0016339766076067035,0.0066466567981922076,0.0056466567981922075,-0.027419146379705217,0.033065803177897424
EMR,2022-08-31,2022-09-01,2022-09-09,flat,0.0033032483083343354,0.03292272381799588,0.03192272381799588,0.021938668040271336,0.009984055777724543
EMR,2023-02-21,2023-02-22,2023-03-01,flat,0.0030470317649664447,0.009234260246621329,0.008234260246621328,-0.00389334746049963,0.012127607707120958
EMR,2023-04-05,2023-04-06,2023-04-14,flat,0.0025273095661370293,0.03673463645643826,0.03573463645643826,0.013503407372138732,0.02223122908429953
EMR,2023-05-24,2023-05-25,2023-06-02,flat,0.0008863148803387848,0.04796281531208613,0.046962815312086126,0.02826817970691753,0.018694635605168597
EMR,2023-07-28,2023-07-31,2023-08-07,flat,0.004177245121465552,0.064258019305663,0.063258019305663,-0.020845175157066964,0.08410319446272996
EMR,2024-01-03,2024-01-04,2024-01-11,flat,0.004435767337758489,-0.003154268876978006,-0.004154268876978006,0.008328779688864474,-0.01248304856584248
EMR,2024-04-19,2024-04-22,2024-04-29,flat,0.0004603557700902834,0.010402343621550347,0.009402343621550346,0.013946294369769463,-0.004543950748219117
EMR,2024-06-04,2024-06-07,2024-06-14,rebound_retest,0.013193425695612632,-0.014076647232704742,-0.015076647232704743,-0.0013126443375139907,-0.013764002895190752
EMR,2024-10-15,2024-10-18,2024-10-25,rebound_retest,0.012265283408168,-0.02091635448750695,-0.02191635448750695,-0.023316933785305416,0.0014005792977984655
EMR,2025-01-10,2025-01-13,2025-01-21,flat,0.004493792325582107,0.09293495029065735,0.09193495029065735,0.04722186281499008,0.04471308747566727
EMR,2025-02-25,2025-02-26,2025-03-05,flat,0.0011693741459443683,-0.03353916687289571,-0.03453916687289571,-0.009479205626732212,-0.025059961246163498
EMR,2025-03-11,2025-03-12,2025-03-19,flat,0.0010838258905728954,0.013984243624092008,0.012984243624092007,0.014026564194287827,-0.0010423205701958205
EMR,2025-11-07,2025-11-10,2025-11-17,flat,0.003861445876143368,-0.01930336645546027,-0.02030336645546027,-0.010072060596428511,-0.010231305859031758
EMR,2026-03-12,2026-03-13,2026-03-20,flat,0.00045403167685039716,-0.030928669748046533,-0.031928669748046534,-0.0219952266608765,-0.009933443087170035
EMR,2026-05-12,2026-05-13,2026-05-20,flat,0.0034964177507028613,-0.031671235652664276,-0.03267123565266428,-0.0029452802080942586,-0.029725955444570018
UPS,2015-07-24,2015-07-27,2015-08-03,flat,0.0039053648405682913,0.08021394381425928,0.07921394381425928,0.029948828003312,0.04926511581094728
UPS,2015-12-11,2015-12-14,2015-12-21,flat,0.004206881445215323,-0.010013583186748165,-0.011013583186748166,0.005147928142902103,-0.01616151132965027
UPS,2016-01-08,2016-01-11,2016-01-19,flat,0.0029545800213410496,-0.014292165810691926,-0.015292165810691927,-0.023052432897747943,0.007760267087056016
UPS,2016-01-20,2016-01-21,2016-01-28,flat,0.0041713252125699695,0.02166816330265786,0.02066816330265786,-0.007477876814640072,0.028146040117297932
UPS,2016-04-28,2016-04-29,2016-05-06,flat,0.0015250087046860625,-0.02817176879443206,-0.029171768794432062,-0.010771790943758242,-0.01839997785067382
UPS,2016-11-01,2016-11-02,2016-11-09,flat,0.0005612325358012385,0.061647956063832554,0.06064795606383255,0.03270423923418986,0.027943716829642695
UPS,2016-12-14,2016-12-15,2016-12-22,flat,0.0001708245906147196,-0.008356005923959353,-0.009356005923959354,-0.002553846451523234,-0.00680215947243612
UPS,2017-01-10,2017-01-11,2017-01-19,flat,0.002282293391186383,0.0007883198580398432,-0.00021168014196015685,-0.012190537892346587,0.011978857750386429
UPS,2017-02-23,2017-02-28,2017-03-07,rebound_retest,0.01037241632202841,-0.001134881042134328,-0.002134881042134328,0.0021886769673624684,-0.0043235580094967965
UPS,2017-03-21,2017-03-22,2017-03-29,flat,9.399431553224802e-05,-0.004599870358385827,-0.005599870358385827,0.006843723393998635,-0.012443593752384463
UPS,2017-05-17,2017-05-18,2017-05-25,flat,0.003111063489394243,0.026649928872556128,0.025649928872556127,0.020846753501418736,0.0048031753711373915
UPS,2017-11-06,2017-11-07,2017-11-14,flat,0.00026336973176584367,0.008490070601912425,0.007490070601912425,0.005635165835747191,0.0018549047661652338
UPS,2018-04-24,2018-04-25,2018-05-02,flat,0.0040658359433854785,0.022915648729688876,0.021915648729688875,-0.012874862428246092,0.03479051115793497
UPS,2018-06-28,2018-06-29,2018-07-09,flat,0.0033054410178342793,0.02221598778201561,0.02121598778201561,0.02748238361605515,-0.00626639583403954
UPS,2018-12-17,2018-12-18,2018-12-26,flat,0.0042327901153260405,-0.006887783095532063,-0.007887783095532064,-0.026377559048317623,0.01848977595278556
UPS,2019-05-13,2019-05-14,2019-05-21,flat,0.004127083604815207,0.006024495138057029,0.005024495138057029,-0.004898716638566225,0.009923211776623253
UPS,2019-11-20,2019-11-21,2019-11-29,flat,0.004285269180358043,0.001757088334178425,0.0007570883341784249,0.008553276110863983,-0.007796187776685558
UPS,2020-01-27,2020-01-28,2020-02-04,flat,0.003915851199244335,-0.1039264091058103,-0.1049264091058103,-0.009347394253393149,-0.09557901485241715
UPS,2020-02-27,2020-02-28,2020-03-06,flat,0.002770394415594136,0.03878877491845234,0.03778877491845234,0.020385957670696397,0.017402817247755942
UPS,2020-12-08,2020-12-11,2020-12-18,rebound_retest,0.016767965795720874,0.04026159066651669,0.03926159066651669,0.00244492152956699,0.0368166691369497
UPS,2021-07-16,2021-07-19,2021-07-26,flat,0.003989194570266022,-0.007331982598535847,-0.008331982598535848,0.026923618021013507,-0.035255600619549354
UPS,2022-10-07,2022-10-10,2022-10-17,flat,0.0037704282701114503,0.031175357015805316,0.030175357015805315,0.021905777833915563,0.008269579181889752
UPS,2023-03-10,2023-03-13,2023-03-20,flat,0.0038008337883429235,0.00691429776881658,0.00591429776881658,0.016297967584176343,-0.010383669815359764
UPS,2023-05-31,2023-06-01,2023-06-08,flat,0.004970075125784298,0.0217481563580868,0.0207481563580868,0.016510329463534923,0.004237826894551877
UPS,2023-12-20,2023-12-21,2023-12-29,flat,0.0012743676758937685,0.00044525022937569325,-0.0005547497706243068,0.012111979292420916,-0.012666729063045223
UPS,2024-01-31,2024-02-01,2024-02-08,flat,0.003594139922871673,0.03869110130319675,0.03769110130319675,0.0026108758999836557,0.035080225403213094
UPS,2025-02-03,2025-02-04,2025-02-11,flat,0.004313120532459837,0.024693648586835204,0.023693648586835203,-0.006818692379861213,0.030512340966696416
UPS,2025-09-02,2025-09-03,2025-09-10,flat,0.0007039213638082918,-0.016883658891577946,-0.017883658891577947,0.025427667466821458,-0.043311326358399405
UPS,2025-09-25,2025-09-30,2025-10-07,rebound_retest,0.013804876804867057,0.02933076338457652,0.02833076338457652,0.011156506552869816,0.017174256831706702
UPS,2025-10-10,2025-10-13,2025-10-20,flat,0.0037407133384436565,0.04484257374566103,0.04384257374566103,0.019369765937985006,0.024472807807676022
UPS,2025-12-04,2025-12-05,2025-12-12,flat,0.0011607905790088178,0.06377139632050688,0.06277139632050688,0.004246148048655307,0.05852524827185157
MRK,2015-08-07,2015-08-12,2015-08-19,rebound_retest,0.0075904309908769695,0.02403014963596939,0.023030149635969388,-0.010101169594948,0.03313131923091739
MRK,2015-09-28,2015-09-29,2015-10-06,flat,0.004750362818656665,0.023638250272375982,0.02263825027237598,0.05683780784300252,-0.03419955757062654
MRK,2015-10-13,2015-10-14,2015-10-21,flat,0.0014150315857895336,0.02119491570975529,0.02019491570975529,0.0022846891377525935,0.017910226572002697
MRK,2015-11-24,2015-11-25,2015-12-03,flat,0.004487703470265662,-0.0210351866882863,-0.0220351866882863,-0.01328983349300461,-0.008745353195281691
MRK,2015-12-18,2015-12-21,2015-12-29,flat,0.004453662216950823,0.028340517818702393,0.027340517818702392,0.026892509056678948,0.0004480087620234441
MRK,2016-01-08,2016-01-11,2016-01-19,flat,0.003328011518014361,0.0017561974172379813,0.0007561974172379813,-0.023052432897747943,0.023808630314985924
MRK,2016-06-17,2016-06-20,2016-06-27,flat,0.004473297065471362,-0.014784424954090714,-0.015784424954090714,-0.03629564113924788,0.020511216185157166
MRK,2016-06-27,2016-06-28,2016-07-06,flat,0.004881646865390848,0.06441162776863041,0.06341162776863041,0.02377414613286777,0.03963748163576264
MRK,2016-07-19,2016-07-20,2016-07-27,flat,0.002216417776956261,-0.003232029967298544,-0.004232029967298544,0.0005231099814144713,-0.0047551399487130155
MRK,2016-08-03,2016-08-04,2016-08-11,flat,0.003295942723704955,0.1001036047165893,0.0991036047165893,0.014598709637030804,0.0845048950795585
MRK,2016-12-05,2016-12-06,2016-12-13,flat,0.0004981398097991988,0.03291512943026498,0.03191512943026498,0.03199833293655807,-8.32035062930947e-05
MRK,2016-12-21,2016-12-22,2016-12-30,flat,0.0025242276205927256,-0.011916854831575119,-0.01291685483157512,-0.013872782631472624,0.0009559277998975046
MRK,2017-03-13,2017-03-14,2017-03-21,flat,0.0007797762147256046,-0.004517396284519637,-0.005517396284519637,-0.003580576391409962,-0.001936819893109675
MRK,2017-04-21,2017-04-24,2017-05-01,flat,0.004039006765707723,0.0038624127709774303,0.0028624127709774303,0.010304878182287425,-0.007442465411309994
MRK,2017-07-06,2017-07-07,2017-07-14,flat,0.0009509514097299619,-0.001583357256764284,-0.002583357256764284,0.01705936237340233,-0.019642719630166616
MRK,2017-10-11,2017-10-12,2017-10-19,flat,0.0007840525754665059,-0.0012534022657808563,-0.0022534022657808564,0.006406426751179639,-0.008659829016960496
MRK,2017-11-20,2017-11-21,2017-11-29,flat,0.0031424884301502823,0.02008484058462301,0.01908484058462301,0.009894371134018698,0.00919046945060431
MRK,2018-02-08,2018-02-09,2018-02-16,flat,0.002557822069581389,0.025879406074823308,0.024879406074823307,0.04286996878243721,-0.0179905627076139
MRK,2018-03-01,2018-03-06,2018-03-13,rebound_retest,0.012290228781723533,0.019705196021614357,0.018705196021614356,0.013720348184068643,0.004984847837545714
MRK,2018-03-19,2018-03-20,2018-03-27,flat,0.00018323685197382017,-0.01628841143988402,-0.01728841143988402,-0.04622094702817814,0.028932535588294117
MRK,2019-04-18,2019-04-22,2019-04-29,flat,0.003688931520210537,0.04519468753330225,0.044194687533302246,0.005639667131322579,0.03855502040197967
MRK,2019-05-29,2019-05-30,2019-06-06,flat,0.004032377009012186,0.022088591679397807,0.021088591679397806,0.032470778258815836,-0.01138218657941803
MRK,2019-06-26,2019-06-27,2019-07-05,flat,0.003471702161310294,0.02111393535960171,0.02011393535960171,0.018243091664946753,0.0018708436946549556
MRK,2019-08-14,2019-08-15,2019-08-22,flat,0.0007194431828770843,0.03906036533278878,0.03806036533278878,0.041248681922518404,-0.003188316589729623
MRK,2020-01-24,2020-01-27,2020-02-03,flat,0.0013953016999909674,0.014402001245162221,0.01340200124516222,-0.0172403642422837,0.03064236548744592
MRK,2020-12-14,2020-12-15,2020-12-22,flat,0.001991978499778689,-0.01317097849652904,-0.01417097849652904,-0.010369490589123731,-0.00380148790740531
MRK,2021-04-06,2021-04-07,2021-04-14,flat,0.004354191171710393,0.003678590109825741,0.002678590109825741,0.007311248658497638,-0.0046326585486718965
MRK,2021-07-20,2021-07-21,2021-07-28,flat,0.002888451575394321,0.02539619728108833,0.024396197281088328,-0.0057263184331106665,0.030122515714198994
MRK,2021-08-04,2021-08-05,2021-08-12,flat,0.0014571903108133932,0.005953184766359421,0.004953184766359421,0.001213351167751675,0.0037398335986077455
MRK,2021-11-29,2021-11-30,2021-12-07,flat,0.0002673355912823431,-0.03510897837806981,-0.03610897837806981,0.024250332009242648,-0.06035931038731246
MRK,2022-06-13,2022-06-14,2022-06-22,flat,0.002253626598154501,0.05514795048108101,0.05414795048108101,-0.007580264056715191,0.0617282145377962
MRK,2022-07-18,2022-07-19,2022-07-26,flat,0.00021668829955380587,-0.011585297260813365,-0.012585297260813366,0.0011138306774227669,-0.013699127938236133
MRK,2022-12-09,2022-12-12,2022-12-19,flat,0.001746681309459864,0.010967202355303352,0.00996720235530335,-0.03460413835093612,0.04457134070623947
MRK,2023-01-09,2023-01-10,2023-01-18,flat,0.0038955378988413955,-0.01822939586236716,-0.01922939586236716,-0.01707994048736272,-0.0021494553750044387
MRK,2023-02-28,2023-03-01,2023-03-08,flat,0.003859330324992814,0.015283648375522763,0.014283648375522762,0.0075433321110887075,0.006740316264434054
MRK,2023-05-23,2023-05-24,2023-06-01,flat,0.002913612670998385,-0.023503594699454622,-0.024503594699454623,0.013287179060023968,-0.03779077375947859
MRK,2023-07-17,2023-07-18,2023-07-25,flat,0.0035995500921175783,0.014912448442946591,0.01391244844294659,0.015560410410854653,-0.0016479619679080626
MRK,2023-07-27,2023-08-01,2023-08-08,rebound_retest,0.010164329185457588,0.010733495644431823,0.009733495644431822,-0.024432031046471847,0.03416552669090367
MRK,2023-10-03,2023-10-04,2023-10-11,flat,0.003930554050642676,0.012625951849857708,0.011625951849857707,0.012296156486284016,-0.0006702046364263081
MRK,2024-06-17,2024-06-18,2024-06-26,flat,0.003843006407389931,0.02742409791536904,0.026424097915369038,-0.0011462169680246381,0.027570314883393676
MRK,2024-07-16,2024-07-17,2024-07-24,flat,0.003587355900529208,0.00023836297001311735,-0.0007616370299868827,-0.027992399224973208,0.027230762194986324
MRK,2024-10-21,2024-10-22,2024-10-29,flat,0.0028213205998373595,-0.02728809049504488,-0.028288090495044882,-0.008659667063146026,-0.019628423431898856
MRK,2024-11-15,2024-11-18,2024-11-25,flat,0.002595668501970746,0.0476388444324114,0.0466388444324114,0.014282900810680399,0.032355943621731
MRK,2024-12-11,2024-12-16,2024-12-23,rebound_retest,0.01503765844310157,-0.006895849498003925,-0.007895849498003926,-0.025279038676986443,0.017383189178982517
MRK,2025-02-10,2025-02-11,2025-02-19,flat,0.0016204105900490256,-0.01086209822989892,-0.01186209822989892,0.032513235629692216,-0.04437533385959114
MRK,2025-03-25,2025-03-26,2025-04-02,flat,0.0027312144906790924,-0.0171376012903931,-0.0181376012903931,-0.00367404543336447,-0.014463555857028632
MRK,2025-05-06,2025-05-07,2025-05-14,flat,0.0010121450309475985,-0.07141057896255498,-0.07241057896255498,0.032080131280156854,-0.10449071024271184
MRK,2026-04-21,2026-04-22,2026-04-29,flat,0.0029317747926150286,-0.017184893633366727,-0.018184893633366728,0.007953736169209469,-0.026138629802576197
MRK,2026-06-15,2026-06-16,2026-06-24,flat,0.002349817971094721,0.04714773039930287,0.046147730399302866,-0.01774434975028083,0.0638920801495837
MRK,2026-08-03,2026-08-04,2026-08-11,flat,0.0018001302796989212,0.018906255948806683,0.017906255948806682,-0.00044609192351074967,0.01835234787231743
CRM,2015-08-24,2015-08-25,2015-09-01,flat,0.00015336527618067849,0.022246066106938356,0.021246066106938355,0.02442367361696074,-0.0031776075100223844
CRM,2015-11-09,2015-11-10,2015-11-17,flat,0.00038338454901621656,-0.012907069497067436,-0.013907069497067437,-0.01130887681522319,-0.002598192681844247
CRM,2015-12-11,2015-12-14,2015-12-21,flat,0.0015610768537534774,0.0038966092279097975,0.0028966092279097974,0.005147928142902103,-0.0022513189149923054
CRM,2016-01-04,2016-01-05,2016-01-12,flat,0.00443220871447095,-0.033614512978717426,-0.03461451297871743,-0.03859569859134249,0.00398118561262506
CRM,2016-09-02,2016-09-06,2016-09-13,flat,0.004261054225274539,-0.03129139704358741,-0.03229139704358741,-0.02786423092227963,-0.0044271661213077795
CRM,2017-03-21,2017-03-22,2017-03-29,flat,0.004046358506162352,0.006106751497061413,0.005106751497061413,0.006843723393998635,-0.001736971896937222
CRM,2017-06-12,2017-06-15,2017-06-22,rebound_retest,0.012647930362042856,0.025501358086087222,0.02450135808608722,0.002215436489352518,0.022285921596734704
CRM,2018-03-19,2018-03-20,2018-03-27,flat,0.0011202205628251382,-0.09039323859780812,-0.09139323859780812,-0.04622094702817814,-0.045172291569629985
CRM,2018-07-31,2018-08-01,2018-08-08,flat,0.003864220966953212,0.05440169162514774,0.05340169162514774,0.01911033992902933,0.03429135169611841
CRM,2018-09-05,2018-09-06,2018-09-13,flat,0.001210950355428993,0.0628233592901899,0.061823359290189894,0.011898268781179722,0.04992509050901017
CRM,2018-10-04,2018-10-05,2018-10-12,flat,0.0010976411757389376,-0.053717825234813055,-0.054717825234813056,-0.04032965260332699,-0.014388172631486063
CRM,2019-03-27,2019-03-28,2019-04-04,flat,0.00038684742803600297,0.02152350730026198,0.02052350730026198,0.024806187796142076,-0.004282680495880098
CRM,2019-04-17,2019-04-18,2019-04-26,flat,0.004184427953832649,0.06391423858824918,0.06291423858824918,0.006054442624250367,0.056859795963998816
CRM,2019-07-29,2019-07-30,2019-08-06,flat,0.0048013031767321955,-0.09021414847355391,-0.09121414847355391,-0.056861128603612476,-0.03435301986994144
CRM,2019-09-27,2019-09-30,2019-10-07,flat,0.001214030861451127,0.0024253270687430994,0.0014253270687430994,-0.01728048004237792,0.01870580711112102
CRM,2019-10-18,2019-10-21,2019-10-28,flat,0.0031924667195974525,0.07084038537524218,0.06984038537524218,0.004145338483801497,0.06569504689144068
CRM,2019-12-02,2019-12-03,2019-12-10,flat,0.003540493629245982,-0.031998408515328425,-0.032998408515328426,0.014811941097450987,-0.04781034961277941
CRM,2020-06-02,2020-06-03,2020-06-10,flat,0.0043621096313506405,0.04063077940759863,0.039630779407598626,0.0229837725317652,0.016647006875833426
CRM,2020-06-26,2020-06-29,2020-07-07,flat,0.0008733921769427352,0.07118330175619336,0.07018330175619336,0.023603812785397915,0.046579488970795446
CRM,2020-08-11,2020-08-12,2020-08-19,flat,0.0032813191108550972,0.06484268437286866,0.06384268437286866,-0.002285128158420191,0.06612781253128885
CRM,2020-10-15,2020-10-16,2020-10-23,flat,0.003220433333940727,-0.031057766561696343,-0.032057766561696344,-0.009329584521506229,-0.022728182040190115
CRM,2020-10-30,2020-11-02,2020-11-09,flat,0.0007748596278250258,0.11542275923433776,0.11442275923433776,0.08062147592978874,0.03380128330454901
CRM,2020-11-25,2020-11-27,2020-12-04,flat,0.0032815696647307715,-0.08791338522848258,-0.08891338522848258,0.021471679791664977,-0.11038506502014755
CRM,2021-02-26,2021-03-01,2021-03-08,flat,0.004803646289308935,-0.04514112839382467,-0.04614112839382467,-0.003054085229622472,-0.0430870431642022
CRM,2021-07-12,2021-07-13,2021-07-20,flat,0.0045695128524550705,-0.01602323807627848,-0.01702323807627848,-0.006097889882212493,-0.010925348194065987
CRM,2022-09-01,2022-09-02,2022-09-12,flat,0.00104220906187106,0.07768889495058917,0.07668889495058917,0.04439970430650253,0.03228919064408664
CRM,2023-04-25,2023-04-26,2023-05-03,flat,0.0044579564679270494,0.005691303922092494,0.004691303922092494,-0.00143723503393145,0.006128538956023944
CRM,2023-09-15,2023-09-18,2023-09-25,flat,0.0018172315723262876,-0.04027912615478346,-0.04127912615478346,-0.025835690552392432,-0.015443435602391031
CRM,2023-09-26,2023-09-27,2023-10-04,flat,0.0011850898919711311,-0.00424200572069422,-0.00524200572069422,-0.012204192458834306,0.006962186738140087
CRM,2024-07-18,2024-07-19,2024-07-26,flat,0.0011320040320356264,0.060897172989508475,0.059897172989508474,0.012387274622628563,0.04750989836687991
CRM,2025-01-10,2025-01-13,2025-01-21,flat,0.0038383670709984065,0.02435189039943353,0.023351890399433528,0.04722186281499008,-0.02386997241555655
CRM,2025-02-25,2025-02-26,2025-03-05,flat,0.0047403236297393,-0.049978987909594874,-0.050978987909594875,-0.009479205626732212,-0.04149978228286266
CRM,2025-05-19,2025-05-20,2025-05-28,flat,0.0014950443242101204,-0.041762303429202396,-0.0427623034292024,-0.016473465439136636,-0.02628883799006576
CRM,2025-11-06,2025-11-07,2025-11-14,flat,0.0025494383370157983,0.01575784184243867,0.014757841842438668,0.008376456387572562,0.006381385454866106
CRM,2026-02-11,2026-02-12,2026-02-20,flat,0.0023242768088446754,-0.0014560569325385853,-0.0024560569325385853,0.002467087013789948,-0.004923143946328533
XOM,2016-04-01,2016-04-04,2016-04-11,flat,0.0024111425572820137,0.0019238144471911411,0.0009238144471911411,-0.009860242289707832,0.010784056736898973
XOM,2016-05-31,2016-06-01,2016-06-08,flat,0.0024717229699818466,0.017368836260478693,0.016368836260478692,0.006996757097353701,0.009372079163124991
XOM,2016-10-31,2016-11-01,2016-11-08,flat,0.003960661649537086,0.028875080815581988,0.027875080815581987,0.011472041921618326,0.016403038893963662
XOM,2017-02-08,2017-02-09,2017-02-16,flat,0.0044183400780264575,0.00562077504805214,0.00462077504805214,0.019890718174759625,-0.015269943126707486
XOM,2017-02-17,2017-02-21,2017-02-28,flat,0.001590071010700666,-0.006960678670751563,-0.007960678670751564,-0.006557803502808546,-0.0014028751679430185
XOM,2017-05-31,2017-06-01,2017-06-08,flat,0.002484119568718489,-0.0009911147543538723,-0.0019911147543538723,0.002719489832950117,-0.0047106045873039895
XOM,2017-06-29,2017-06-30,2017-07-10,flat,0.00037188943781567914,-0.007060368809190032,-0.008060368809190033,-0.0033241481684395113,-0.004736220640750521
XOM,2017-08-17,2017-08-18,2017-08-25,flat,0.004982794049190686,0.0010437226393162913,4.372263931629126e-05,0.003782512591241849,-0.0037387899519255577
XOM,2017-09-21,2017-09-22,2017-09-29,flat,0.0003756687168964094,0.025775792283615484,0.024775792283615483,0.009118140361132898,0.015657651922482585
XOM,2018-03-01,2018-03-02,2018-03-09,flat,0.004654241372984218,-0.0131042394849461,-0.014104239484946102,0.032745552574579895,-0.046849792059525996
XOM,2018-06-15,2018-06-18,2018-06-25,flat,0.0019836816097288947,-0.013363359257020258,-0.014363359257020258,-0.022116370404992258,0.007753011147972
XOM,2018-11-20,2018-11-26,2018-12-03,rebound_retest,0.00766544810901448,0.05507928927294392,0.05407928927294392,0.052375138856461056,0.0017041504164828636
XOM,2018-12-10,2018-12-11,2018-12-18,flat,0.0018291657583717573,-0.06103326000614062,-0.06203326000614062,-0.031183493661310457,-0.030849766344830165
XOM,2019-01-23,2019-01-24,2019-01-31,flat,0.0014022547300973221,0.026330423743891718,0.025330423743891717,0.025228713947752723,0.00010170979613899345
XOM,2019-05-02,2019-05-03,2019-05-10,flat,0.0023287705608104176,-0.0004187275195318696,-0.0014187275195318696,-0.027754210753336506,0.026335483233804635
XOM,2019-05-23,2019-05-24,2019-06-03,flat,0.004201357913145189,-0.029959564136108674,-0.030959564136108675,-0.019168642623701437,-0.011790921512407238
XOM,2019-07-18,2019-07-19,2019-07-26,flat,0.0020044771842462747,-0.0024006029009550067,-0.0034006029009550067,0.025023656574947317,-0.028424259475902325
XOM,2019-08-23,2019-08-28,2019-09-05,rebound_retest,0.005334305776993792,0.03826819696914252,0.03726819696914252,0.03434983567005889,0.002918361299083627
XOM,2019-09-24,2019-09-25,2019-10-02,flat,0.0029517455394500202,-0.05886466802881962,-0.05986466802881962,-0.03873284249396258,-0.02113182553485704
XOM,2019-11-19,2019-11-20,2019-11-27,flat,0.003096417401250241,0.009848611948713115,0.008848611948713114,0.01340507926896417,-0.004556467320251056
XOM,2021-01-29,2021-02-01,2021-02-08,flat,0.001784211301413534,0.15983981296815863,0.15883981296815863,0.03062987122018801,0.12820994174797062
XOM,2021-08-04,2021-08-09,2021-08-16,rebound_retest,0.006333685709883423,-0.007225956944186929,-0.00822595694418693,0.010202815302285062,-0.01842877224647199
XOM,2021-08-19,2021-08-20,2021-08-27,flat,0.00018981922434278974,0.057451735641483204,0.0564517356414832,0.011363932869831617,0.045087802771651586
XOM,2022-02-22,2022-02-23,2022-03-02,flat,0.004054392751965059,0.04897745880302096,0.047977458803020956,0.03930621137271828,0.008671247430302675
XOM,2022-04-25,2022-04-26,2022-05-03,flat,0.00036433058999661233,0.07169782312510042,0.07069782312510042,0.005159904679546523,0.0655379184455539
XOM,2022-06-13,2022-06-14,2022-06-22,flat,0.0026082451037566993,-0.0857437221629539,-0.0867437221629539,-0.007580264056715191,-0.0791634581062387
XOM,2023-03-13,2023-03-14,2023-03-21,flat,0.0037545665303193826,0.0009350105234722239,-6.498947652777611e-05,0.015306066592535306,-0.015371056069063083
XOM,2023-07-06,2023-07-07,2023-07-14,flat,0.0023318897825155855,-0.02151994268962787,-0.02251994268962787,0.033558093358960095,-0.056078036048587965
XOM,2023-07-14,2023-07-17,2023-07-24,flat,0.004358920473185025,0.04083653462925807,0.03983653462925807,0.019191495338923836,0.020645039290334233
XOM,2023-10-27,2023-10-30,2023-11-06,flat,0.0031263712723229474,-9.431072537191554e-05,-0.0010943107253719156,0.04505830723813009,-0.04615261796350201
XOM,2023-11-29,2023-11-30,2023-12-07,flat,0.003908642572555971,-0.04204791338705771,-0.04304791338705771,0.007393015051347485,-0.0504409284384052
XOM,2024-05-01,2024-05-02,2024-05-09,flat,0.001809957781425637,0.018926378736369598,0.017926378736369597,0.02547014533796399,-0.007543766601594393
XOM,2024-06-04,2024-06-05,2024-06-12,flat,0.0039941096689170485,-0.019359980689166223,-0.020359980689166224,0.01062491874374949,-0.030984899432915713
XOM,2024-10-15,2024-10-16,2024-10-23,flat,0.0025758267011371893,-0.0032322413802402528,-0.004232241380240253,-0.025768477759418595,0.021536236379178342
XOM,2024-10-30,2024-10-31,2024-11-07,flat,0.0007711231594941594,0.0374208078072098,0.0364208078072098,0.05144231954273315,-0.015021511735523352
XOM,2024-12-04,2024-12-05,2024-12-12,flat,0.004375099765420213,-0.025788446982690227,-0.02678844698269023,-0.014622511398066251,-0.012165935584623977
XOM,2024-12-19,2024-12-20,2024-12-30,flat,0.003411973380796111,-0.0010389346336133753,-0.0020389346336133754,-0.007603473482176937,0.005564538848563561
XOM,2025-01-31,2025-02-03,2025-02-10,flat,0.0024337131310397248,0.036231206551433415,0.035231206551433414,-0.008489479821021884,0.0437206863724553
XOM,2025-04-30,2025-05-01,2025-05-08,flat,0.0014201948528535053,0.002741412957077083,0.0017414129570770829,0.01875806874796848,-0.0170166557908914
XOM,2025-06-24,2025-06-25,2025-07-02,flat,0.0002769664950259392,0.024730200605823427,0.023730200605823426,0.0363904472038874,-0.012660246598063973
XOM,2025-07-18,2025-07-21,2025-07-28,flat,0.002598300723090769,0.031374241128814484,0.030374241128814483,0.007084828128183229,0.023289413000631254
XOM,2026-06-11,2026-06-12,2026-06-22,flat,0.0027966319734567193,-0.05809120828242342,-0.059091208282423424,0.01036789284930184,-0.06945910113172526
XOM,2026-08-27,2026-08-28,2026-09-04,flat,0.00172592858761982,0.01761211402329499,0.016612114023294988,0.001336541381494749,0.015275572641800239
ORCL,2015-09-28,2015-09-29,2015-10-06,flat,0.0019754933482099258,0.06251746840676531,0.06151746840676531,0.05683780784300252,0.004679660563762789
ORCL,2015-12-18,2015-12-21,2015-12-29,flat,0.0019259311481463312,0.017023339841635732,0.01602333984163573,0.026892509056678948,-0.010869169215043217
ORCL,2016-02-09,2016-02-10,2016-02-18,flat,0.0034207575690223214,0.04062458388464152,0.03962458388464152,0.04548898385257805,-0.005864399967936529
ORCL,2016-04-22,2016-04-25,2016-05-02,flat,0.0019656233801382587,-0.011770603706984795,-0.012770603706984796,-0.016040766870753398,0.0032701631637686024
ORCL,2016-07-19,2016-07-20,2016-07-27,flat,0.004138603041695884,-0.007757357168801882,-0.008757357168801883,0.0005231099814144713,-0.009280467150216354
ORCL,2016-08-24,2016-08-25,2016-09-01,flat,0.0007303924460188436,0.0014597187245080079,0.00045971872450800786,-0.006325940002570807,0.006785658727078815
ORCL,2016-10-11,2016-10-12,2016-10-19,flat,0.0010526462405242687,0.007883936214729603,0.006883936214729603,0.002091961859733038,0.004791974354996565
ORCL,2017-08-10,2017-08-11,2017-08-18,flat,0.0029107908801079886,0.007877361491459123,0.006877361491459123,0.002070500748550197,0.004806860742908926
ORCL,2017-11-09,2017-11-10,2017-11-17,flat,0.001624980125365184,-0.0077047906465939064,-0.008704790646593907,0.00040702283040960907,-0.009111813477003516
ORCL,2017-12-18,2017-12-19,2017-12-27,flat,0.002305442823680086,-0.009201013946670056,-0.010201013946670057,-0.0009470813920275933,-0.009253932554642463
ORCL,2018-04-24,2018-04-25,2018-05-02,flat,0.004832143218007759,-0.005245779578961107,-0.006245779578961107,-0.012874862428246092,0.006629082849284985
ORCL,2018-08-30,2018-08-31,2018-09-10,flat,0.004134174470587985,0.005763573203412031,0.004763573203412031,0.00043552734578655716,0.004328045857625474
ORCL,2018-12-17,2018-12-18,2018-12-26,flat,0.002623721711306506,-0.02748080745604442,-0.02848080745604442,-0.026377559048317623,-0.0021032484077267988
ORCL,2019-05-02,2019-05-03,2019-05-10,flat,0.0034799344759934426,-0.002555209012106263,-0.003555209012106263,-0.027754210753336506,0.02419900174123024
ORCL,2019-08-05,2019-08-06,2019-08-13,flat,0.0037204116421273165,0.0001850612258562645,-0.0008149387741437355,0.021078872897289047,-0.021893811671432784
ORCL,2020-10-19,2020-10-20,2020-10-27,flat,0.002180607792911172,-0.04468622236719533,-0.04568622236719533,-0.029055210731860903,-0.016631011635334425
ORCL,2020-11-18,2020-11-19,2020-11-27,flat,0.0035557360413245856,0.023206388093161667,0.022206388093161666,0.016373215062485347,0.00583317303067632
ORCL,2021-01-14,2021-01-15,2021-01-25,flat,0.0029220914292285133,-0.014244098405538752,-0.015244098405538753,0.005437619099071034,-0.020681717504609787
ORCL,2021-04-22,2021-04-23,2021-04-30,flat,0.0013357779744227348,0.01093769684472612,0.009937696844726118,0.003220474576582477,0.006717222268143641
ORCL,2021-11-01,2021-11-04,2021-11-11,rebound_retest,0.01578737558018631,-0.016626838999782123,-0.017626838999782124,0.0034608022535540517,-0.021087641253336176
ORCL,2021-12-01,2021-12-02,2021-12-09,flat,0.002673992567772318,-0.013557087716494998,-0.014557087716494999,0.01863280761339503,-0.03318989532989003
ORCL,2022-01-05,2022-01-06,2022-01-13,flat,0.002321774504729809,0.016794014346228625,0.015794014346228624,-0.0014003996121559892,0.017194413958384613
ORCL,2022-01-21,2022-01-24,2022-01-31,flat,0.0024321733196726644,-0.015287412337779527,-0.016287412337779528,0.0187176732902401,-0.03500508562801963
ORCL,2022-04-26,2022-04-27,2022-05-04,flat,0.0033550852745424294,0.006019326450401374,0.005019326450401374,0.03457080835616133,-0.029551481905759958
ORCL,2022-09-16,2022-09-19,2022-09-26,flat,0.0034867811220927925,-0.08136670805583335,-0.08236670805583335,-0.06149294675130512,-0.020873761304528227
ORCL,2024-01-03,2024-01-04,2024-01-11,flat,0.0012687502464217638,0.025206680177839003,0.024206680177839,0.008328779688864474,0.015877900488974528
ORCL,2024-05-30,2024-05-31,2024-06-07,flat,0.0008540316987397673,0.07449430173910598,0.07349430173910598,0.01362366701067197,0.05987063472843401
ORCL,2024-08-05,2024-08-06,2024-08-13,flat,0.002737337056700405,0.04718801394391048,0.04618801394391048,0.021955660414537226,0.02423235352937325
ORCL,2024-11-27,2024-12-03,2024-12-10,rebound_retest,0.011713175510615643,-0.02815901608062099,-0.029159016080620992,-0.01015343198517682,-0.019005584095444172
ORCL,2024-12-10,2024-12-11,2024-12-18,flat,0.00472597412431342,-0.07374833717448781,-0.07474833717448781,-0.03739950713183782,-0.037348830042649994
ORCL,2025-08-13,2025-08-14,2025-08-21,flat,0.0031944901870107796,-0.04817118758035377,-0.04917118758035377,-0.003080073266082839,-0.04609111431427093
ORCL,2026-04-09,2026-04-10,2026-04-17,flat,0.0016683567557841587,0.2677239462788177,0.2667239462788177,0.03267345224582141,0.23405049403299627
ORCL,2026-06-11,2026-06-12,2026-06-22,flat,0.00016293297316745942,-0.0492043114405053,-0.0502043114405053,0.01036789284930184,-0.06057220428980714
TXN,2015-10-29,2015-10-30,2015-11-06,flat,0.0026516983789314024,0.016043734357158446,0.015043734357158445,0.005971848094406429,0.009071886262752016
TXN,2015-12-11,2015-12-14,2015-12-21,flat,0.00017766958784929144,-0.007114884803012256,-0.008114884803012257,0.005147928142902103,-0.01326281294591436
TXN,2016-01-13,2016-01-14,2016-01-22,flat,0.004214844747832564,0.005396589460887613,0.004396589460887613,-0.017909579105637397,0.02230616856652501
TXN,2016-08-30,2016-08-31,2016-09-08,flat,0.0033186147174247816,-0.007908901315261563,-0.008908901315261564,-0.0032733366194356295,-0.005635564695825934
TXN,2016-12-01,2016-12-02,2016-12-09,flat,0.00440247033157006,0.017958061868762032,0.01695806186876203,0.03341278280853732,-0.01645472093977529
TXN,2017-03-21,2017-03-24,2017-03-31,rebound_retest,0.011786680670684635,-0.0003722062057974762,-0.0013722062057974762,0.009694665022843996,-0.011066871228641473
TXN,2017-04-28,2017-05-01,2017-05-08,flat,0.0013889175996419877,0.002144337714189648,0.001144337714189648,0.0068111026489714455,-0.0056667649347817975
TXN,2017-06-09,2017-06-12,2017-06-19,flat,0.0018542579611303932,0.004564631059212898,0.003564631059212898,-0.00022211002277894298,0.003786741081991841
TXN,2017-06-29,2017-06-30,2017-07-10,flat,0.0003903463081880939,0.024047565970866547,0.023047565970866546,-0.0033241481684395113,0.026371714139306057
TXN,2017-11-29,2017-11-30,2017-12-07,flat,0.00423229859552065,0.005036357616118758,0.004036357616118758,-0.006110716913259262,0.01014707452937802
TXN,2018-01-24,2018-01-25,2018-02-01,flat,0.004102330997008393,0.004895509979732537,0.0038955099797325374,-0.013403263500738949,0.017298773480471485
TXN,2018-04-23,2018-04-24,2018-05-01,flat,0.003363899532662673,0.05059972724999384,0.04959972724999384,0.004648505859301322,0.04495122139069252
TXN,2018-06-27,2018-06-28,2018-07-06,flat,0.0029417631997970006,0.033089034473348766,0.032089034473348765,0.01961972439240456,0.012469310080944207
TXN,2018-07-25,2018-07-26,2018-08-02,flat,0.0007066423105643788,-0.004136902011347976,-0.005136902011347976,-0.013432601178189452,0.008295699166841475
TXN,2018-10-10,2018-10-11,2018-10-18,flat,0.002922207701324847,0.00010040604511529772,-0.0008995939548847023,0.011294605192610607,-0.01219419914749531
TXN,2019-02-27,2019-02-28,2019-03-07,flat,0.0006623118441347022,-0.00784633029111248,-0.00884633029111248,-0.016954060805712046,0.008107730514599565
TXN,2019-09-24,2019-09-27,2019-10-04,rebound_retest,0.015340753778609197,0.023596252471468793,0.022596252471468792,-0.004367559338084859,0.02696381180955365
TXN,2019-11-14,2019-11-15,2019-11-22,flat,0.0036574874281209845,-0.008390053101404393,-0.009390053101404394,-0.005421984107287892,-0.003968068994116503
TXN,2020-02-25,2020-02-26,2020-03-04,flat,0.0034633547254669327,0.0021887366652590945,0.0011887366652590945,0.013056148963390468,-0.011867412298131375
TXN,2020-06-12,2020-06-15,2020-06-22,flat,0.0020973316370539513,0.008049563717354768,0.0070495637173547685,0.012378749576937187,-0.0053291858595824184
TXN,2020-07-23,2020-07-24,2020-07-31,flat,0.004572308576260286,-0.00927214721660341,-0.010272147216603411,0.012666634706671731,-0.022938781923275142
TXN,2020-10-19,2020-10-20,2020-10-27,flat,0.000464353644280018,-0.024597409592187813,-0.025597409592187814,-0.029055210731860903,0.003457801139673089
TXN,2021-05-03,2021-05-04,2021-05-11,flat,0.001286652999583343,0.02329203816665215,0.02229203816665215,0.008220346743254892,0.014071691423397259
TXN,2021-07-16,2021-07-19,2021-07-26,flat,0.0006449532408900354,0.016483644266534814,0.015483644266534813,0.026923618021013507,-0.011439973754478694
TXN,2021-08-12,2021-08-13,2021-08-20,flat,0.004417772755286888,-0.019766777663254298,-0.0207667776632543,-0.0111838030929311,-0.0095829745703232
TXN,2021-09-20,2021-09-21,2021-09-28,flat,0.0019215624594064225,0.010001843166485225,0.009001843166485224,0.01124928849564899,-0.0022474453291637664
TXN,2021-10-27,2021-10-28,2021-11-04,flat,0.004115536457861065,0.02351098440093602,0.02251098440093602,0.022417676029298672,9.330837163734618e-05
TXN,2022-04-05,2022-04-06,2022-04-13,flat,0.00039501067812223756,-0.012073231054343325,-0.013073231054343326,0.001280555964559671,-0.014353787018902997
TXN,2022-04-22,2022-04-25,2022-05-02,flat,0.0034622117832383797,0.0005174201614401852,-0.0004825798385598148,-0.020650146412089065,0.02016756657352925
TXN,2022-06-13,2022-06-14,2022-06-22,flat,0.003582487384034068,-0.009605245136785845,-0.010605245136785846,-0.007580264056715191,-0.0030249810800706545
TXN,2022-07-01,2022-07-05,2022-07-12,flat,0.0037701567060609083,0.035948843431441446,0.034948843431441445,0.0010172261506427027,0.03393161728079874
TXN,2022-09-13,2022-09-16,2022-09-23,rebound_retest,0.01604669792231482,-0.02402275260408948,-0.025022752604089482,-0.04652467600746202,0.021501923403372536
TXN,2023-04-26,2023-04-27,2023-05-04,flat,0.004925362936328432,-0.01797084339639654,-0.01897084339639654,-0.02696516377807745,0.007994320381680908
TXN,2023-09-15,2023-09-18,2023-09-25,flat,0.0012914216516742064,-0.011853175504744295,-0.012853175504744296,-0.025835690552392432,0.012982515047648135
TXN,2023-10-23,2023-10-24,2023-10-31,flat,0.004100637020842376,-0.02455958726304197,-0.025559587263041972,-0.003420567893735904,-0.022139019369306068
TXN,2024-01-04,2024-01-05,2024-01-12,flat,0.0038303506378124337,-0.0013931918513295782,-0.0023931918513295783,0.0059607119138442854,-0.008353903765173865
TXN,2024-04-05,2024-04-10,2024-04-17,rebound_retest,0.011701541070991152,-0.01906240201903686,-0.020062402019036862,-0.029127621832986672,0.00906521981394981
TXN,2024-10-15,2024-10-16,2024-10-23,flat,0.004253380579848881,0.005231899020982311,0.004231899020982311,-0.025768477759418595,0.030000376780400906
TXN,2024-11-13,2024-11-14,2024-11-21,flat,0.0013612271336851816,-0.03786409654444123,-0.03886409654444123,-0.00532849098451893,-0.0335356055599223
TXN,2025-07-21,2025-07-22,2025-07-29,flat,0.00163123314362413,-0.10952912796361092,-0.11052912796361092,-0.002334734762572732,-0.10819439320103819
TXN,2025-09-04,2025-09-05,2025-09-12,flat,0.0034171395072027473,-0.028361444721350493,-0.029361444721350494,0.02236886461325782,-0.051730309334608315
TXN,2025-10-01,2025-10-06,2025-10-13,rebound_retest,0.010698989171103644,-0.036851821939873575,-0.037851821939873576,-0.010564227038497465,-0.02728759490137611
TXN,2025-10-29,2025-10-30,2025-11-06,flat,0.0015598269685086672,0.01439449374237034,0.01339449374237034,-0.0032091579581293717,0.01660365170049971
TXN,2026-02-24,2026-02-25,2026-03-04,flat,0.0025779311177961347,-0.05381019752042271,-0.05481019752042271,-0.011580215566672325,-0.043229981953750385
TXN,2026-03-12,2026-03-13,2026-03-20,flat,0.0038410168134111475,-0.018817452562675197,-0.019817452562675197,-0.0219952266608765,0.0021777740982013016
TXN,2026-06-26,2026-06-29,2026-07-07,flat,0.00017527596561367113,0.027392304487922292,0.02639230448792229,0.007655955847941653,0.018736348639980638
TXN,2026-07-17,2026-07-20,2026-07-27,flat,0.0001761461215777595,-0.016404403460580697,-0.017404403460580697,0.02099157491281156,-0.03839597837339226
TXN,2026-08-24,2026-08-25,2026-09-01,flat,0.0042866507341354915,-0.02580269859662554,-0.02680269859662554,-0.003092115816447971,-0.02371058278017757
COST,2015-11-05,2015-11-10,2015-11-17,rebound_retest,0.008190703203631619,0.015855490934354455,0.014855490934354454,-0.01130887681522319,0.026164367749577644
COST,2016-01-04,2016-01-05,2016-01-12,flat,0.0024444141523256697,-0.024197873371474388,-0.02519787337147439,-0.03859569859134249,0.013397825219868098
COST,2016-01-15,2016-01-19,2016-01-26,flat,0.0005319859826992224,-0.013092425315532674,-0.014092425315532675,0.00370375407362733,-0.017796179389160005
COST,2016-02-04,2016-02-05,2016-02-12,flat,0.004955228468385026,0.03516259132897259,0.03416259132897259,0.004471582262027818,0.029691009066944773
COST,2016-08-26,2016-08-29,2016-09-06,flat,0.00030499371005565803,-0.03610198532444997,-0.03710198532444997,-0.006372129826107131,-0.03072985549834284
COST,2017-03-06,2017-03-07,2017-03-14,flat,0.0016192440253417668,-0.010538665737534036,-0.011538665737534037,-0.0024933294886518853,-0.009045336248882152
COST,2017-06-20,2017-06-21,2017-06-28,flat,0.0015345439861227522,-0.018265100786192923,-0.019265100786192924,0.012523099401146487,-0.03178820018733941
COST,2017-07-10,2017-07-11,2017-07-18,flat,0.0007284606296722041,0.0025809579066951027,0.0015809579066951027,0.01431550760205691,-0.012734549695361808
COST,2018-11-15,2018-11-16,2018-11-26,flat,0.0046969305558817315,-0.05008251179972589,-0.051082511799725894,-0.03207573192535507,-0.019006779874370827
COST,2018-12-17,2018-12-18,2018-12-26,flat,0.003757862817122254,-0.021478885836586192,-0.022478885836586193,-0.026377559048317623,0.0038986732117314293
COST,2019-04-11,2019-04-12,2019-04-22,flat,0.002943028733055313,0.006075813169878819,0.005075813169878819,0.019157944379582403,-0.014082131209703586
COST,2019-05-07,2019-05-08,2019-05-15,flat,0.004829765373539414,0.016535875262901456,0.015535875262901455,-0.009839663516047481,0.025375538778948936
COST,2019-05-29,2019-05-30,2019-06-06,flat,0.0035316547095748095,0.04003473358833065,0.03903473358833065,0.032470778258815836,0.0065639553295148145
COST,2019-09-20,2019-09-23,2019-09-30,flat,0.004225307162265829,0.001877386824291838,0.0008773868242918379,-0.00912829051630526,0.010005677340597097
COST,2019-10-01,2019-10-02,2019-10-09,flat,0.004155438855879818,0.04135308219234579,0.04035308219234579,0.008987291074882275,0.031365791117463515
COST,2019-12-03,2019-12-04,2019-12-11,flat,0.0028750770788264378,-0.004114651227029031,-0.005114651227029031,0.014601836453661088,-0.01971648768069012
COST,2020-01-02,2020-01-03,2020-01-10,flat,0.0008233055984320618,0.01888712339585763,0.01788712339585763,0.012200369268367872,0.005686754127489757
COST,2020-02-25,2020-02-26,2020-03-04,flat,0.0026899396782782982,0.049232766523395366,0.048232766523395365,0.013056148963390468,0.0351766175600049
COST,2020-10-28,2020-10-29,2020-11-05,flat,0.0016470773344197636,0.05582991063988785,0.05482991063988785,0.06595146764066251,-0.011121557000774662
COST,2021-01-11,2021-01-12,2021-01-20,flat,0.0005219702298084071,-0.007962720258370748,-0.008962720258370749,0.011505900397419833,-0.02046862065579058
COST,2021-01-27,2021-01-28,2021-02-04,flat,0.0018796365405779423,-0.0014211003506614528,-0.002421100350661453,0.00950438663001063,-0.011925486980672084
COST,2021-02-26,2021-03-01,2021-03-08,flat,0.002326057529313326,-0.06133731307327617,-0.06233731307327617,-0.003054085229622472,-0.059283227843653696
COST,2021-04-26,2021-04-27,2021-05-04,flat,0.004586001723468422,0.01589341057903093,0.01489341057903093,0.007920514313991767,0.0069728962650391635
COST,2021-09-20,2021-09-21,2021-09-28,flat,0.002149984703130084,-0.010528136214324135,-0.011528136214324136,0.01124928849564899,-0.022777424709973126
COST,2021-09-28,2021-10-01,2021-10-08,rebound_retest,0.009924910622967133,0.007851378042258217,0.006851378042258217,0.007715684467882289,-0.000864306425624072
COST,2022-01-18,2022-01-19,2022-01-26,flat,0.004282273549457895,-0.013648609390866095,-0.014648609390866096,-0.026975099699965255,0.012326490309099158
COST,2022-12-06,2022-12-07,2022-12-14,flat,0.0016834677138331889,0.003215961207819973,0.002215961207819973,0.017946615772079566,-0.015730654564259594
COST,2023-04-06,2023-04-12,2023-04-19,rebound_retest,0.016152892496381042,0.013650753340126887,0.012650753340126886,0.018807411546634567,-0.006156658206507681
COST,2023-05-01,2023-05-02,2023-05-09,flat,0.0024716390624126,0.014196375070069545,0.013196375070069544,-0.011145215644390416,0.02434159071445996
COST,2023-07-07,2023-07-10,2023-07-17,flat,0.0037331027835756565,0.04924004377966007,0.04824004377966007,0.022644637059544115,0.025595406720115954
COST,2023-08-24,2023-08-25,2023-09-01,flat,0.004325470094617344,0.01917568826144711,0.01817568826144711,0.024422753510589645,-0.006247065249142536
COST,2023-10-06,2023-10-09,2023-10-16,flat,0.0025828761032813258,0.02373989633302509,0.02273989633302509,0.005403893035873741,0.017336003297151348
COST,2024-09-27,2024-09-30,2024-10-07,flat,0.001016152391643972,-0.014585123634678454,-0.015585123634678455,-0.0012868205046762116,-0.014298303130002243
COST,2024-10-31,2024-11-01,2024-11-08,flat,0.004914030235375243,0.07578847712824,0.07478847712824,0.0500361529740192,0.024752324154220795
COST,2025-02-20,2025-02-21,2025-02-28,flat,0.00019344384774803284,0.013120235760778254,0.012120235760778253,0.00551106282853886,0.006609172932239393
COST,2025-04-07,2025-04-08,2025-04-15,flat,0.0006827174867320174,0.07501496997875745,0.07401496997875745,0.05815688026422783,0.015858089714529622
COST,2025-07-10,2025-07-11,2025-07-18,flat,0.0001650064842985938,-0.019972627634330387,-0.020972627634330387,-0.015598148672879897,-0.005374478961450491
COST,2025-09-22,2025-09-23,2025-09-30,flat,0.0003603708910917123,-0.019044046286000427,-0.020044046286000428,-0.00879467135954759,-0.011249374926452838
COST,2025-11-19,2025-11-20,2025-11-28,flat,0.0030204151816355124,0.022725001770597553,0.021725001770597552,0.04947521060558491,-0.027750208834987355
COST,2026-05-26,2026-05-27,2026-06-03,flat,0.0007577751959185955,-0.041706071248437615,-0.042706071248437616,0.010344944024106129,-0.053051015272543744
COST,2026-07-09,2026-07-10,2026-07-17,flat,0.0035926557529497756,0.026870411749124745,0.025870411749124744,8.666727117767614e-05,0.025783744477947068
QCOM,2015-08-11,2015-08-12,2015-08-19,flat,0.00047981571865927166,-0.02237138577844411,-0.02337138577844411,-0.010101169594948,-0.013270216183496109
QCOM,2016-01-08,2016-01-11,2016-01-19,flat,0.004141269213950168,0.0004338201846545431,-0.0005661798153454569,-0.023052432897747943,0.022486253082402485
QCOM,2016-03-09,2016-03-10,2016-03-17,flat,0.0013472122538438931,-0.01230272540017252,-0.013302725400172521,0.02547044541862853,-0.03877317081880105
QCOM,2016-09-07,2016-09-08,2016-09-15,flat,0.004164664770297548,-0.0023927109829897653,-0.0033927109829897653,-0.014773063446219314,0.011380352463229548
QCOM,2016-11-10,2016-11-15,2016-11-22,rebound_retest,0.008595934992921368,0.02306438442192249,0.02206438442192249,0.008261748395048452,0.013802636026874038
QCOM,2017-01-23,2017-01-24,2017-01-31,flat,0.0021862273638515615,-0.028545281979163062,-0.029545281979163063,-0.004426448480609579,-0.025118833498553483
QCOM,2017-03-17,2017-03-20,2017-03-27,flat,0.004517956474362044,-0.019892868671040786,-0.020892868671040787,-0.008260458445754737,-0.01263241022528605
QCOM,2017-04-03,2017-04-04,2017-04-11,flat,0.003185542598960078,-0.023464813741985502,-0.024464813741985503,-0.004198872226570116,-0.020265941515415387
QCOM,2017-04-13,2017-04-17,2017-04-24,flat,0.0018941519210889442,-0.001512679604002587,-0.002512679604002587,0.014197440394760674,-0.016710119998763262
QCOM,2017-06-29,2017-06-30,2017-07-10,flat,0.0025418732645162475,0.007605492817754023,0.006605492817754023,-0.0033241481684395113,0.009929640986193533
QCOM,2017-12-04,2017-12-05,2017-12-12,flat,0.002013795158172293,0.0026278709776188514,0.0016278709776188513,0.010675614728828942,-0.009047743751210091
QCOM,2018-06-13,2018-06-14,2018-06-21,flat,0.004052836665536597,-0.0119408030537822,-0.012940803053782202,-0.018404738887086602,0.005463935833304401
QCOM,2021-02-25,2021-02-26,2021-03-05,flat,0.00487002484837803,-0.04274671128816698,-0.043746711288166984,0.018939404900686352,-0.06268611618885334
QCOM,2021-03-24,2021-03-25,2021-04-01,flat,0.0007862902531411597,0.08257375320801086,0.08157375320801086,0.03498202737733669,0.04659172583067417
QCOM,2021-05-04,2021-05-05,2021-05-12,flat,0.003951450389266277,-0.07448934238152694,-0.07548934238152694,-0.019058953812794988,-0.05643038856873195
QCOM,2021-09-15,2021-09-16,2021-09-23,flat,0.0011570387364017185,-0.03244218019946776,-0.033442180199467764,-0.0006403966318704324,-0.03280178356759733
QCOM,2022-03-07,2022-03-08,2022-03-15,flat,0.0043968674020377265,-0.04344618125035471,-0.04444618125035471,0.0164460919467857,-0.06089227319714041
QCOM,2022-03-30,2022-03-31,2022-04-07,flat,0.000589414148414792,-0.08899350391905114,-0.08999350391905114,-0.004274831128101342,-0.0857186727909498
QCOM,2022-05-18,2022-05-19,2022-05-26,flat,0.0009199801617553082,0.0327027591034359,0.031702759103435896,0.045506190574444494,-0.013803431471008598
QCOM,2022-06-16,2022-06-17,2022-06-27,flat,0.0014070537217724265,0.051161110096626494,0.05016111009662649,0.0562030927620214,-0.006041982665394907
QCOM,2022-12-22,2022-12-23,2023-01-03,flat,0.001445695550351288,-0.032840354227754,-0.033840354227754,0.0036195523246667083,-0.03745990655242071
QCOM,2023-02-21,2023-02-22,2023-03-01,flat,0.002021060034287145,0.0039167932871873035,0.0029167932871873034,-0.00389334746049963,0.006810140747686933
QCOM,2023-04-25,2023-04-26,2023-05-03,flat,0.0009646499350803966,-0.011650363581440226,-0.012650363581440227,-0.00143723503393145,-0.011213128547508777
QCOM,2023-10-20,2023-10-23,2023-10-30,flat,0.00027608030920994633,-0.0076384081303972895,-0.00863840813039729,-0.007274147536631914,-0.0013642605937653762
QCOM,2023-11-21,2023-11-22,2023-11-30,flat,0.003778900827694616,0.01859395445892864,0.01759395445892864,0.01464660121828043,0.0029473532406482095
QCOM,2024-01-04,2024-01-05,2024-01-12,flat,0.004112447069745014,0.025378329362196528,0.024378329362196527,0.0059607119138442854,0.01841761744835224
QCOM,2024-02-01,2024-02-02,2024-02-09,flat,0.004110341116292117,0.0657069709377398,0.0647069709377398,0.004879599597320761,0.059827371340419044
QCOM,2025-02-24,2025-02-25,2025-03-04,flat,0.0007449068689382884,-0.0419304102252438,-0.0429304102252438,-0.021948559228276543,-0.020981850996967255
QCOM,2026-08-18,2026-08-21,2026-08-28,rebound_retest,0.010737177108209303,0.021399736549911008,0.020399736549911007,0.004467478244114309,0.015932258305796698
MU,2017-04-12,2017-04-13,2017-04-21,flat,0.0018733142132457722,0.02169038359370279,0.020690383593702788,0.013835049315640946,0.006855334278061842
MU,2018-04-24,2018-04-27,2018-05-04,rebound_retest,0.010401110727287222,0.0012626605636152366,0.0002626605636152366,-0.013877908566860664,0.0141405691304759
MU,2018-07-24,2018-07-25,2018-08-01,flat,0.00413768686838068,-0.02060303827185006,-0.02160303827185006,-0.01028027455397329,-0.011322763717876771
MU,2018-08-16,2018-08-17,2018-08-24,flat,0.00021254151058625327,0.07620447811760944,0.07520447811760944,0.018939494004972524,0.05626498411263692
MU,2018-09-06,2018-09-07,2018-09-14,flat,0.0047032005436966765,-0.01248338986751829,-0.013483389867518292,0.011054586825986146,-0.024537976693504437
MU,2019-04-26,2019-04-29,2019-05-06,flat,0.00023769103324979766,0.0004746188092854542,-0.0005253811907145458,0.0021566379636750455,-0.0026820191543895913
MU,2019-09-20,2019-09-25,2019-10-02,rebound_retest,0.00895039800766986,-0.15140492479857204,-0.15240492479857204,-0.03873284249396258,-0.11367208230460946
MU,2020-06-11,2020-06-12,2020-06-19,flat,0.003503751635391818,0.043951575582045654,0.042951575582045654,0.024250253903006058,0.018701321679039595
MU,2020-08-06,2020-08-07,2020-08-14,flat,0.0010265882336119607,-0.06461531227112527,-0.06561531227112527,0.011919746162211142,-0.07753505843333641
MU,2020-09-08,2020-09-09,2020-09-16,flat,0.0026648758932329526,0.11207092993736523,0.11107092993736523,0.013431414235022254,0.09763951570234297
MU,2021-06-18,2021-06-21,2021-06-28,flat,0.0015594967638764507,0.08187360274469624,0.08087360274469624,0.014150156226777622,0.06672344651791862
MU,2021-07-01,2021-07-02,2021-07-12,flat,0.002746136042630251,-0.00958534880676698,-0.010585348806766981,0.00565617864002621,-0.01624152744679319
MU,2021-12-16,2021-12-17,2021-12-27,flat,0.003748992313044543,0.13771087800972248,0.13671087800972248,0.022212439056530364,0.11449843895319212
MU,2022-01-10,2022-01-11,2022-01-19,flat,0.003301671567345114,-0.04458599834328747,-0.04558599834328747,-0.03491802383595832,-0.010667974507329148
MU,2022-08-30,2022-08-31,2022-09-08,flat,0.004085318607321961,-0.020166317334122996,-0.021166317334122997,0.012434900787958503,-0.0336012181220815
MU,2022-12-06,2022-12-07,2022-12-14,flat,0.0026078855477416436,0.014307035487747921,0.01330703548774792,0.017946615772079566,-0.004639580284331646
MU,2022-12-15,2022-12-16,2022-12-23,flat,0.0005765877624225725,-0.035913143216971144,-0.036913143216971145,-0.002133457874796685,-0.03477968534217446
MU,2023-06-08,2023-06-09,2023-06-16,flat,0.0016840415292782075,0.034082191716093835,0.033082191716093834,0.026878123109262075,0.0062040686068317585
MU,2024-02-13,2024-02-14,2024-02-22,flat,0.003679527954761514,0.04985974250973113,0.04885974250973113,0.02629906374141866,0.02256067876831247
MU,2024-10-31,2024-11-01,2024-11-08,flat,0.000802812985284558,0.12202941988617844,0.12102941988617844,0.0500361529740192,0.07099326691215924
MU,2026-03-26,2026-03-27,2026-04-06,flat,0.004951365136699221,0.05794376130416867,0.05694376130416867,0.02499432360140097,0.0319494377027677
HON,2015-10-14,2015-10-15,2015-10-22,flat,0.002442710649933075,0.04142107588667443,0.04042107588667443,0.019182115586066306,0.021238960300608123
HON,2016-01-20,2016-01-21,2016-01-28,flat,0.0035326443732248227,0.014392487376767793,0.013392487376767792,-0.007477876814640072,0.020870364191407864
HON,2016-04-07,2016-04-08,2016-04-15,flat,0.004030461126879661,0.022386244774442288,0.021386244774442287,0.019732234746001387,0.0016540100284408998
HON,2016-05-04,2016-05-09,2016-05-16,rebound_retest,0.006110035602076361,0.014846207842294623,0.013846207842294622,0.001376349896092366,0.012469857946202256
HON,2016-06-13,2016-06-14,2016-06-21,flat,0.0033005184917380293,0.015497008494888442,0.014497008494888441,0.012536942022821629,0.0019600664720668126
HON,2016-12-02,2016-12-05,2016-12-12,flat,0.0038239552303450737,0.040130978798669004,0.039130978798669,0.028739389361443823,0.01039158943722518
HON,2017-01-17,2017-01-20,2017-01-27,rebound_retest,0.007080086026554201,0.005092030041942808,0.004092030041942808,-0.0007555731653079434,0.004847603207250751
HON,2017-05-17,2017-05-18,2017-05-25,flat,0.0036938775525482193,0.025532849297026594,0.024532849297026593,0.020846753501418736,0.0036860957956078577
HON,2017-08-18,2017-08-21,2017-08-28,flat,0.004594318900795251,0.009589122088591973,0.008589122088591972,0.0046182168569337545,0.003970905231658217
HON,2017-09-05,2017-09-06,2017-09-13,flat,0.000292878513567083,0.009886328350421136,0.008886328350421135,0.023846677174739428,-0.014960348824318292
HON,2018-01-30,2018-01-31,2018-02-07,flat,0.004403131945402036,-0.0531092036529901,-0.0541092036529901,-0.05725927425124433,0.0031500705982542287
HON,2018-03-28,2018-04-03,2018-04-10,rebound_retest,0.00872542178291218,0.009496976314067096,0.008496976314067095,0.013292971423901179,-0.004795995109834084
HON,2018-06-21,2018-06-22,2018-06-29,flat,0.00020818740178082034,0.00034714960505599635,-0.0006528503949440037,-0.01855763002389932,0.017904779628955314
HON,2018-10-24,2018-10-29,2018-11-05,rebound_retest,0.014724108484946576,0.043385932855170006,0.042385932855170005,0.04429573458711222,-0.0019098017319422178
HON,2018-11-20,2018-11-21,2018-11-29,flat,0.00034692224088032474,0.011380752486742418,0.010380752486742417,0.03629777810106405,-0.02591702561432163
HON,2019-05-07,2019-05-08,2019-05-15,flat,0.0030023934393995384,-0.005752430742892778,-0.006752430742892778,-0.009839663516047481,0.003087232773154703
HON,2019-05-23,2019-05-24,2019-06-03,flat,0.0014420128058655697,-0.0012601995047297754,-0.0022601995047297754,-0.019168642623701437,0.01690844311897166
HON,2019-07-10,2019-07-11,2019-07-18,flat,0.0004585059316831294,-0.0037813763853008497,-0.00478137638530085,0.003846287117567737,-0.008627663502868588
HON,2019-08-23,2019-08-26,2019-09-03,flat,0.002683508169164056,0.04218997953210568,0.04118997953210568,0.014794080919884767,0.026395898612220914
HON,2019-10-02,2019-10-03,2019-10-10,flat,0.0027313706430031207,-0.0034049959576221145,-0.0044049959576221145,0.006633279560263272,-0.011038275517885388
HON,2019-12-03,2019-12-04,2019-12-11,flat,0.0038248518890966598,0.01616540568381919,0.015165405683819189,0.014601836453661088,0.0005635692301581008
HON,2020-12-18,2020-12-21,2020-12-29,flat,0.0029518302155695556,-0.007263030392350989,-0.00826303039235099,-0.00036467807475548675,-0.007898352317595503
HON,2021-01-04,2021-01-05,2021-01-12,flat,0.0024524496294289957,0.002014938503402064,0.001014938503402064,0.0241605931284532,-0.023145654625051137
HON,2021-01-15,2021-01-19,2021-01-26,flat,0.003835585373212744,-0.02756785944300677,-0.02856785944300677,-0.009625811305433385,-0.018942048137573386
HON,2021-01-29,2021-02-01,2021-02-08,flat,0.0009728124202163013,0.04244223703755812,0.041442237037558116,0.03062987122018801,0.010812365817370106
HON,2021-10-22,2021-10-25,2021-11-01,flat,0.0006437856389767231,0.010204998856936376,0.009204998856936375,0.008019525345947187,0.0011854735109891879
HON,2022-02-18,2022-02-22,2022-03-01,flat,0.002361013166829093,0.011234397137179775,0.010234397137179774,0.0014845813274806385,0.008749815809699135
HON,2022-09-15,2022-09-16,2022-09-23,flat,0.00277078076088181,-0.03366236771611186,-0.034662367716111864,-0.04652467600746202,0.011862308291350154
HON,2022-12-15,2022-12-16,2022-12-23,flat,0.0036846421651579335,0.019690918769499577,0.018690918769499576,-0.002133457874796685,0.02082437664429626
HON,2023-02-22,2023-02-23,2023-03-02,flat,0.002879615657405387,-0.0029227627075056883,-0.003922762707505688,0.0009786344666402602,-0.004901397174145949
HON,2023-03-09,2023-03-10,2023-03-17,flat,0.0023331677072306596,-0.04494906981123503,-0.04594906981123503,-0.001382162327834946,-0.04456690748340009
HON,2024-01-03,2024-01-04,2024-01-11,flat,0.0018090377803090469,-0.015763680190133522,-0.016763680190133523,0.008328779688864474,-0.025092459878997997
HON,2024-01-16,2024-01-17,2024-01-24,flat,0.0009102546690285126,0.009699315847041312,0.008699315847041311,0.006256922069459936,0.0024423937775813753
HON,2024-02-05,2024-02-06,2024-02-13,flat,0.003264080922608974,0.0019107750680449342,0.0009107750680449342,0.0010045629574235715,-9.378788937863727e-05
HON,2024-05-23,2024-05-24,2024-06-03,flat,0.001504536536962131,0.013871484391526412,0.012871484391526411,-0.004693548138574588,0.017565032530101
HON,2024-07-25,2024-07-26,2024-08-02,flat,0.001432405150434856,0.004685946677636554,0.0036859466776365543,-0.029594692721806592,0.033280639399443146
HON,2024-12-05,2024-12-06,2024-12-13,flat,0.0003977509760971445,0.005477388584848475,0.004477388584848475,-0.01326745971717247,0.017744848302020944
HON,2024-12-18,2024-12-19,2024-12-27,flat,8.837061706580376e-05,0.01159187572327669,0.01059187572327669,0.017946310494368456,-0.007354434771091767
HON,2025-01-10,2025-01-13,2025-01-21,flat,0.0041708174811055515,0.02724765916759231,0.026247659167592308,0.04722186281499008,-0.02097420364739777
HON,2025-06-17,2025-06-18,2025-06-26,flat,0.00036066325230227776,0.020327342202003607,0.019327342202003606,0.02220739619083667,-0.0028800539888330645
HON,2025-10-10,2025-10-15,2025-10-22,rebound_retest,0.009954666553022302,0.020296302134254818,0.019296302134254817,0.0170829356719997,0.0022133664622551175
HON,2026-03-12,2026-03-13,2026-03-20,flat,0.004712935119957392,-0.055437075664756086,-0.05643707566475609,-0.0219952266608765,-0.03444184900387959
APD,2015-09-18,2015-09-21,2015-09-28,flat,0.002006015800664296,-0.0713282083207274,-0.0723282083207274,-0.04299240466944987,-0.029335803651277526
APD,2015-12-14,2015-12-17,2015-12-24,rebound_retest,0.0196962430109166,0.02170951503634444,0.02070951503634444,0.014068711632696962,0.006640803403647477
APD,2016-01-08,2016-01-11,2016-01-19,flat,0.003948898734153395,0.0008367819908450258,-0.00016321800915497422,-0.023052432897747943,0.022889214888592968
APD,2016-06-21,2016-06-22,2016-06-29,flat,0.0024448769529446172,-0.023404000348131282,-0.024404000348131283,-0.005126138367171795,-0.019277861980959488
APD,2016-08-26,2016-08-31,2016-09-08,rebound_retest,0.010632276525931359,0.0017351318226290768,0.0007351318226290768,-0.0032733366194356295,0.004008468442064706
APD,2016-10-07,2016-10-10,2016-10-17,flat,0.00236892087090195,-0.023042768402421032,-0.024042768402421033,-0.021260216476714167,-0.0027825519257068665
APD,2016-12-16,2016-12-19,2016-12-27,flat,0.001967035599705102,-0.002301864746466098,-0.003301864746466098,0.004662554368944916,-0.007964419115411014
APD,2017-03-09,2017-03-10,2017-03-17,flat,0.0013712276996609794,0.005476428767367203,0.004476428767367203,0.0052546658862051565,-0.0007782371188379536
APD,2017-09-05,2017-09-06,2017-09-13,flat,0.00020735099375626318,0.032525864040257035,0.031525864040257034,0.023846677174739428,0.0076791868655176065
APD,2017-12-06,2017-12-07,2017-12-14,flat,0.0034909096899956873,-0.0027952084151768863,-0.0037952084151768864,0.003222532021215585,-0.007017740436392471
APD,2018-01-16,2018-01-19,2018-01-26,rebound_retest,0.010854566969344257,0.012217020565497005,0.011217020565497005,0.02097269409031588,-0.009755673524818875
APD,2018-04-30,2018-05-01,2018-05-08,flat,0.0012322997596154123,0.006277567160551278,0.005277567160551278,-0.0035839421269784344,0.008861509287529712
APD,2018-09-26,2018-09-27,2018-10-04,flat,0.004290909195185138,0.013618101445372677,0.012618101445372676,-0.004544281080443469,0.017162382525816144
APD,2019-03-01,2019-03-04,2019-03-11,flat,0.003331370423408593,0.017985370509505882,0.01698537050950588,-0.0008194017667990661,0.017804772276304948
APD,2019-05-28,2019-05-29,2019-06-05,flat,0.003658595901087519,0.07045036643489455,0.06945036643489455,0.030989749263434563,0.03846061717145999
APD,2019-07-09,2019-07-10,2019-07-17,flat,0.0009286557263082967,0.0007516034113010939,-0.00024839658869890615,0.003818473797019495,-0.004066870385718401
APD,2019-10-02,2019-10-03,2019-10-10,flat,0.0017103272431245153,0.01821396008621967,0.01721396008621967,0.006633279560263272,0.010580680525956399
APD,2020-02-25,2020-02-26,2020-03-04,flat,0.00012764805200876446,0.007132809420893338,0.006132809420893338,0.013056148963390468,-0.00692333954249713
APD,2020-08-03,2020-08-04,2020-08-11,flat,0.004202428615249451,0.007225194609967289,0.006225194609967289,0.018437109368973914,-0.012211914759006626
APD,2021-02-05,2021-02-08,2021-02-16,flat,0.001935714118927457,0.027952814594308206,0.026952814594308205,0.0024162701593490876,0.024536544434959118
APD,2021-10-04,2021-10-05,2021-10-12,flat,0.0040234536910313135,0.05983957825664299,0.05883957825664299,-0.00036560493885218204,0.05920518319549517
APD,2022-01-21,2022-01-24,2022-01-31,flat,0.0012034057564797689,-0.002439514295839551,-0.003439514295839551,0.0187176732902401,-0.022157187586079652
APD,2023-01-03,2023-01-04,2023-01-11,flat,6.533761251136875e-05,0.020157296558500848,0.019157296558500847,0.03061180918453177,-0.011454512626030922
APD,2023-03-17,2023-03-22,2023-03-29,rebound_retest,0.016269992243878796,0.0035226467248647975,0.0025226467248647974,0.024004679496591574,-0.021482032771726778
APD,2023-05-09,2023-05-10,2023-05-17,flat,0.003607885298542909,-0.016906752782150813,-0.017906752782150814,0.006263494717116513,-0.024170247499267328
APD,2024-02-05,2024-02-06,2024-02-13,flat,0.00013735591726528028,-0.0020178614343067114,-0.0030178614343067114,0.0010045629574235715,-0.004022424391730283
APD,2024-04-10,2024-04-11,2024-04-18,flat,0.0014412631311487777,-0.013671849607806874,-0.014671849607806875,-0.03870578155176074,0.024033931943953868
APD,2024-10-25,2024-10-28,2024-11-04,flat,0.0007546497171744686,-0.038239280350918836,-0.03923928035091884,-0.010480004577469226,-0.02875927577344961
APD,2024-11-04,2024-11-05,2024-11-12,flat,0.0009149309239665707,0.015503977728346774,0.014503977728346773,0.030594540168088713,-0.01609056243974194
APD,2025-01-02,2025-01-03,2025-01-13,flat,0.0021883609700412243,0.06280162954118285,0.061801629541182845,0.002903634146549372,0.05889799539463347
APD,2025-02-07,2025-02-10,2025-02-18,flat,0.0003542887951340115,0.020769477271489922,0.01976947727148992,0.026625250476212114,-0.006855773204722193
APD,2025-09-25,2025-09-26,2025-10-03,flat,0.003762580886706801,0.024303091336682403,0.023303091336682402,0.022227735198458554,0.0010753561382238486
APD,2025-10-16,2025-10-17,2025-10-24,flat,7.904859423200971e-05,0.006753510807780749,0.005753510807780749,0.02021852512318678,-0.014465014315406033
APD,2026-01-20,2026-01-23,2026-01-30,rebound_retest,0.01909513878707546,0.04266296020248728,0.041662960202487276,-0.002910184501807467,0.04457314470429474
APD,2026-04-30,2026-05-01,2026-05-08,flat,0.0033995344342811597,-0.01879962743850916,-0.01979962743850916,0.03224298162481731,-0.05204260906332647
APD,2026-05-20,2026-05-21,2026-05-29,flat,0.0034579660054100403,-0.03987041177045114,-0.04087041177045114,0.03780806384227353,-0.07867847561272467
APD,2026-05-29,2026-06-01,2026-06-08,flat,0.0009690904987030301,-0.007601641399613723,-0.008601641399613724,-0.018534854893033748,0.009933213493420023
APD,2026-06-24,2026-06-25,2026-07-02,flat,0.004305148882267541,0.12936013539099323,0.12836013539099322,-0.01170791571203289,0.14006805110302611
APD,2026-07-27,2026-07-28,2026-08-04,flat,0.0009228913242270133,0.006351324271118619,0.005351324271118619,0.02296996156928488,-0.017618637298166262
MMM,2015-09-18,2015-09-21,2015-09-28,flat,0.0030084484818505056,-0.011853869885193435,-0.012853869885193436,-0.04299240466944987,0.030138534784256432
MMM,2015-11-09,2015-11-10,2015-11-17,flat,0.0007621099183773286,-0.003553503183875706,-0.004553503183875706,-0.01130887681522319,0.006755373631347484
MMM,2015-11-30,2015-12-01,2015-12-08,flat,0.0020437632265620184,-0.000701079948539407,-0.001701079948539407,-0.020815683148025066,0.019114603199485658
MMM,2015-12-18,2015-12-21,2015-12-29,flat,0.003811833131749373,0.03668263761780688,0.03568263761780688,0.026892509056678948,0.00879012856112793
MMM,2016-01-04,2016-01-05,2016-01-12,flat,0.004358808345219093,-0.044758017293243135,-0.045758017293243136,-0.03859569859134249,-0.0071623187019006496
MMM,2016-05-17,2016-05-18,2016-05-25,flat,0.0007198516899955461,0.01900251101159034,0.01800251101159034,0.029972457537346564,-0.011969946525756225
MMM,2016-06-13,2016-06-14,2016-06-21,flat,0.0028719222461546967,0.022432918828221293,0.021432918828221292,0.012536942022821629,0.008895976805399664
MMM,2016-07-21,2016-07-22,2016-07-29,flat,0.0009987278101655354,-0.011527261171531467,-0.012527261171531467,-0.0029841979995794965,-0.009543063171951971
MMM,2016-08-31,2016-09-01,2016-09-09,flat,0.004128719327166244,-0.024114092180918423,-0.025114092180918424,-0.021258381185097375,-0.003855710995821049
MMM,2016-10-04,2016-10-05,2016-10-12,flat,0.004135968874733026,-0.015488362016582657,-0.01648836201658266,-0.020345773112002363,0.003857411095419705
MMM,2016-10-25,2016-10-26,2016-11-02,flat,0.0016843930463908811,-0.0046841905803062245,-0.0056841905803062245,-0.020050264442947663,0.014366073862641437
MMM,2017-01-24,2017-01-25,2017-02-01,flat,0.004319312784352503,-0.00882740591841824,-0.009827405918418242,-0.015538005085234063,0.005710599166815822
MMM,2017-02-02,2017-02-03,2017-02-10,flat,0.004937449215059907,0.02262354539601663,0.02162354539601663,0.005339657291015154,0.016283888105001476
MMM,2017-05-10,2017-05-11,2017-05-18,flat,0.0005592576260273636,-0.0017480322375597046,-0.0027480322375597046,-0.01118526128733266,0.008437229049772954
MMM,2017-06-27,2017-06-28,2017-07-06,flat,0.0040039470681265754,-0.012344635703428808,-0.013344635703428809,-0.01857987859718524,0.005235242893756431
MMM,2017-09-27,2017-09-28,2017-10-05,flat,0.0003340505098940873,0.032546069011075485,0.031546069011075484,0.016043017622958677,0.015503051388116806
MMM,2017-12-08,2017-12-11,2017-12-18,flat,0.004913571554702088,-0.0036778288641355905,-0.0046778288641355905,0.0075051584987397835,-0.012182987362875375
MMM,2018-03-19,2018-03-20,2018-03-27,flat,0.0038433546469852364,-0.07132682469450691,-0.07232682469450691,-0.04622094702817814,-0.02610587766632877
MMM,2018-04-30,2018-05-01,2018-05-08,flat,0.0032404984528633224,0.03445814326431429,0.03345814326431429,-0.0035839421269784344,0.03704208539129272
MMM,2018-10-24,2018-10-25,2018-11-01,flat,0.002438795970340836,0.0390824628338069,0.038082462833806896,0.029489409905831154,0.008593052927975742
MMM,2018-12-07,2018-12-10,2018-12-17,flat,0.0004032182363194629,-0.02773301218796942,-0.02873301218796942,-0.03532638322124093,0.006593371033271511
MMM,2019-01-15,2019-01-16,2019-01-24,flat,0.002857917068571448,0.016043703187241576,0.015043703187241575,0.012207889098893698,0.0028358140883478766
MMM,2019-02-28,2019-03-01,2019-03-08,flat,0.0004821189837662998,-0.031808972820907444,-0.032808972820907445,-0.022392039160184618,-0.010416933660722827
MMM,2019-04-25,2019-04-26,2019-05-03,flat,0.004980894056413857,-0.03365143088269906,-0.034651430882699064,0.009169768981149629,-0.04382119986384869
MMM,2019-08-23,2019-08-26,2019-09-03,flat,0.001732481857747533,0.016141542105856832,0.015141542105856831,0.014794080919884767,0.00034746118597206443
MMM,2020-01-29,2020-01-30,2020-02-06,flat,0.003147883343892525,0.0023382900480901636,0.0013382900480901636,0.015274466725850644,-0.013936176677760481
MMM,2021-08-19,2021-08-20,2021-08-27,flat,0.0014441657464474228,0.004583804257426216,0.003583804257426216,0.011363932869831617,-0.007780128612405401
MMM,2021-10-27,2021-11-01,2021-11-08,rebound_retest,0.009144944990294486,0.010914459241595287,0.009914459241595286,0.02283731668729949,-0.012922857445704206
MMM,2021-11-30,2021-12-01,2021-12-08,flat,0.004058259236734748,0.031101337323019562,0.03010133732301956,0.03381721705091634,-0.003715879727896776
MMM,2022-01-21,2022-01-24,2022-01-31,flat,0.0008686598542115451,-0.039235925764463,-0.040235925764463,0.0187176732902401,-0.0589535990547031
MMM,2022-04-12,2022-04-13,2022-04-21,flat,0.0005384596087366024,0.020920229452451977,0.019920229452451976,0.0034798703703797784,0.016440359082072198
MMM,2022-05-20,2022-05-23,2022-05-31,flat,0.003823865339248684,0.03400760790634072,0.03300760790634072,0.03744935850812947,-0.004441750601788752
MMM,2022-06-17,2022-06-21,2022-06-28,flat,0.0013091102870857036,0.0024615790995767828,0.0014615790995767828,0.016249849707524522,-0.01478827060794774
MMM,2022-08-18,2022-08-19,2022-08-26,flat,6.898392090766405e-05,-0.11060588860045462,-0.11160588860045462,-0.04466986002169471,-0.06693602857875991
MMM,2022-11-28,2022-12-01,2022-12-08,rebound_retest,0.01195439080578827,7.923336261539404e-05,-0.000920766637384606,-0.02278810559945088,0.021867338962066274
MMM,2022-12-16,2022-12-19,2022-12-27,flat,0.0036158336364592323,-0.015638983797662154,-0.016638983797662155,0.0029935639708866812,-0.019632547768548836
MMM,2023-02-24,2023-02-27,2023-03-06,flat,0.004360061507012731,0.015331877456250309,0.014331877456250308,0.01946941725876772,-0.00513753980251741
MMM,2023-05-09,2023-05-10,2023-05-17,flat,0.0009918809183806483,-0.007135720757174391,-0.008135720757174392,0.006263494717116513,-0.014399215474290905
MMM,2023-05-24,2023-05-25,2023-06-02,flat,0.0006188057857096716,0.056465614566765465,0.055465614566765464,0.02826817970691753,0.027197434859847935
MMM,2023-06-27,2023-06-28,2023-07-06,flat,0.0031548505020485293,-0.022927933231403297,-0.023927933231403298,-0.00753373975090299,-0.016394193480500308
MMM,2024-01-03,2024-01-04,2024-01-11,flat,0.0035253168228491644,0.0069336095053531555,0.0059336095053531554,0.008328779688864474,-0.0023951701835113184
MMM,2024-01-17,2024-01-18,2024-01-25,flat,0.0033938143306030902,-0.09827111031439062,-0.09927111031439062,0.009243562600020683,-0.1085146729144113
MMM,2025-02-21,2025-02-24,2025-03-03,flat,0.003448750133778392,0.05457786178842228,0.053577861788422276,-0.00202923962744761,0.055607101415869886
MMM,2025-03-04,2025-03-07,2025-03-14,rebound_retest,0.011997692619037657,0.02809290472684345,0.027092904726843448,-0.028185582388749353,0.0552784871155928
MMM,2025-03-21,2025-03-26,2025-04-02,rebound_retest,0.018555605987093004,-0.03222436730283351,-0.03322436730283351,-0.00367404543336447,-0.029550321869469043
MMM,2025-08-15,2025-08-18,2025-08-25,flat,0.003084137091655854,0.024271426702368704,0.023271426702368703,-0.00019677248663529934,0.023468199189004002
MMM,2026-08-17,2026-08-18,2026-08-25,flat,0.004050764501859379,-0.004337308578398202,-0.005337308578398202,0.012994579068207335,-0.018331887646605538
ABT,2016-01-08,2016-01-11,2016-01-19,flat,0.001475113727588975,-0.0011011641750442447,-0.0021011641750442447,-0.023052432897747943,0.020951268722703698
ABT,2016-08-25,2016-08-26,2016-09-02,flat,0.0032679229212191087,-0.020707106474604164,-0.021707106474604165,-0.003632199842348416,-0.01807490663225575
ABT,2016-10-11,2016-10-12,2016-10-19,flat,0.0019559588723930105,-0.02366966248725688,-0.024669662487256883,0.002091961859733038,-0.02676162434698992
ABT,2017-05-11,2017-05-12,2017-05-19,flat,0.002280414542150167,-0.01819851928360494,-0.019198519283604942,-0.0034887907275983343,-0.015709728556006608
ABT,2018-02-05,2018-02-06,2018-02-13,flat,0.002213483043035982,-0.020727349525709537,-0.02172734952570954,-0.013240092674288939,-0.0084872568514206
ABT,2018-06-25,2018-06-26,2018-07-03,flat,0.0006582572618946963,0.0,-0.001,-0.009230850042685979,0.008230850042685978
ABT,2018-08-13,2018-08-14,2018-08-21,flat,0.003152985711456272,0.017601750264989446,0.016601750264989446,0.013170181963071403,0.003431568301918042
ABT,2018-12-17,2018-12-18,2018-12-26,flat,0.0047311150951741595,-0.006563533424389756,-0.007563533424389756,-0.026377559048317623,0.018814025623927866
ABT,2019-03-22,2019-03-25,2019-04-01,flat,0.0033347865068355216,0.018279414757436552,0.01727941475743655,0.02847109987240426,-0.011191685114967709
ABT,2019-04-08,2019-04-09,2019-04-16,flat,0.0019102974127199954,-0.025135575659936404,-0.026135575659936405,0.02016067194487703,-0.046296247604813434
ABT,2019-11-04,2019-11-05,2019-11-12,flat,0.0014595873980758245,0.02428963772095627,0.02328963772095627,0.01090791957945747,0.012381718141498799
ABT,2020-02-25,2020-02-26,2020-03-04,flat,0.002834960425717017,0.00897233412232068,0.007972334122320679,0.013056148963390468,-0.005083814841069789
ABT,2020-05-15,2020-05-18,2020-05-26,flat,0.004227088592731756,-0.008751428343652834,-0.009751428343652835,0.008293802370536119,-0.018045230714188953
ABT,2021-03-04,2021-03-09,2021-03-16,rebound_retest,0.010688929683778589,0.013024710442816723,0.012024710442816722,0.012195612110050602,-0.00017090166723388034
ABT,2021-09-13,2021-09-14,2021-09-21,flat,0.0033957806785890102,-0.015111987614702449,-0.01611198761470245,-0.01574511073643947,-0.0003668768782629783
ABT,2021-10-04,2021-10-05,2021-10-12,flat,0.003029585567978696,0.012426486424043093,0.011426486424043092,-0.00036560493885218204,0.011792091362895274
ABT,2022-01-26,2022-01-27,2022-02-03,flat,0.003081517353938142,0.08028913647361025,0.07928913647361024,0.03492715370598365,0.044361982767626595
ABT,2022-06-16,2022-06-17,2022-06-27,flat,0.0045065906719950685,0.06388383839653367,0.06288383839653366,0.0562030927620214,0.006680745634512264
ABT,2022-08-18,2022-08-19,2022-08-26,flat,0.0009095098996422855,-0.07414151486847664,-0.07514151486847664,-0.04466986002169471,-0.030471654846781937
ABT,2022-09-16,2022-09-19,2022-09-26,flat,0.0008654128605890235,-0.040829915771938174,-0.041829915771938175,-0.06149294675130512,0.019663030979366947
ABT,2022-09-27,2022-09-28,2022-10-05,flat,0.003966224758235709,0.04720394138363959,0.04620394138363959,0.03066990545238335,0.01553403593125624
ABT,2023-01-25,2023-01-26,2023-02-02,flat,0.0006306560300350673,0.010623947107898823,0.009623947107898823,0.016408091568386407,-0.0067841444604875845
ABT,2023-05-30,2023-05-31,2023-06-07,flat,0.0028513457244656536,-0.003333245332136525,-0.004333245332136525,0.019776328674912635,-0.02410957400704916
ABT,2023-08-18,2023-08-21,2023-08-28,flat,0.0015427939338802153,-0.010397465527863914,-0.011397465527863915,0.005977076906663381,-0.017374542434527296
ABT,2024-03-20,2024-03-21,2024-03-28,flat,8.967539238030209e-05,0.019281003351713677,0.018281003351713676,0.009240415286563941,0.009040588065149735
ABT,2024-12-18,2024-12-19,2024-12-27,flat,0.0043775993742789805,0.022860762068603213,0.021860762068603212,0.017946310494368456,0.003914451574234756
ABT,2025-04-04,2025-04-07,2025-04-14,flat,0.0033751117805194287,0.02482780601220691,0.02382780601220691,0.044752012436916955,-0.020924206424710046
ABT,2025-06-17,2025-06-18,2025-06-26,flat,0.0009827643988913849,0.009515994153733276,0.008515994153733275,0.02220739619083667,-0.013691402037103395
ABT,2025-10-31,2025-11-03,2025-11-10,flat,0.0017796019359433827,0.016553672646097084,0.015553672646097083,0.0009055194551657042,0.014648153190931379
ABT,2025-12-23,2025-12-24,2026-01-02,flat,0.0021679938120075307,-0.0049675541791038835,-0.0059675541791038835,0.0026706856567082493,-0.008638239835812134
ABT,2026-01-28,2026-01-29,2026-02-05,flat,0.00037708611299459746,0.02818370435931472,0.02718370435931472,0.006906851397408653,0.020276852961906067
ABT,2026-04-10,2026-04-13,2026-04-20,flat,0.0038883632711865885,-0.04059726262564911,-0.04159726262564911,0.0218683609405792,-0.06346562356622831
ABT,2026-06-12,2026-06-17,2026-06-25,rebound_retest,0.005556776452721914,0.05355927959378093,0.05255927959378093,0.009860612179309003,0.042698667414471925
TGT,2015-09-28,2015-09-29,2015-10-06,flat,0.0039908041294772325,0.0015391639828947756,0.0005391639828947756,0.05683780784300252,-0.056298643860107744
TGT,2015-11-11,2015-11-12,2015-11-19,flat,0.0008010879403285688,-0.0510622998395488,-0.0520622998395488,0.017476687594371043,-0.06953898743391984
TGT,2015-12-18,2015-12-21,2015-12-29,flat,0.004763965196981728,0.038069809839608615,0.037069809839608614,0.026892509056678948,0.010177300782929666
TGT,2016-08-02,2016-08-03,2016-08-10,flat,0.002841816840552218,-0.014169659706644633,-0.015169659706644634,0.01000969972014465,-0.025179359426789283
TGT,2016-09-06,2016-09-07,2016-09-14,flat,0.0028533220406325634,-0.02987211198485218,-0.03087211198485218,-0.02647926846411197,-0.004392843520740208
TGT,2016-09-22,2016-09-23,2016-09-30,flat,0.0030628440798047677,-0.0013085537160064664,-0.0023085537160064664,0.009400032593927188,-0.011708586309933655
TGT,2016-10-17,2016-10-18,2016-10-25,flat,0.001784566331386132,0.00875906749775135,0.007759067497751349,0.00880847433454468,-0.001049406836793331
TGT,2017-02-06,2017-02-07,2017-02-14,flat,0.0023653338398876584,0.042233732760268206,0.041233732760268205,0.012445310785671237,0.028788421974596967
TGT,2017-03-01,2017-03-02,2017-03-09,flat,0.00207503099989911,-0.04745477571252543,-0.04845477571252543,-0.009710598202946619,-0.038744177509578814
TGT,2017-03-17,2017-03-20,2017-03-27,flat,0.00147343176406823,-0.0191280136456754,-0.020128013645675402,-0.008260458445754737,-0.011867555199920665
TGT,2017-07-10,2017-07-11,2017-07-18,flat,0.004583976065282379,0.06585994464072176,0.06485994464072176,0.01431550760205691,0.05054443703866485
TGT,2017-08-10,2017-08-11,2017-08-18,flat,0.00017984715061474617,0.011266535833925673,0.010266535833925672,0.002070500748550197,0.008196035085375475
TGT,2018-05-07,2018-05-08,2018-05-15,flat,0.0012978034552115882,0.06175282895265033,0.06075282895265033,0.033820104112725735,0.026932724839924593
TGT,2018-07-12,2018-07-17,2018-07-24,rebound_retest,0.015947282900276832,0.027048601951230822,0.02604860195123082,0.001176210878319317,0.024872391072911504
TGT,2018-10-19,2018-10-24,2018-10-31,rebound_retest,0.014753011459760986,0.016530671629857885,0.015530671629857884,0.028810174190106785,-0.013279502560248901
TGT,2018-11-20,2018-11-21,2018-11-29,flat,0.003331824913297898,0.0275774484800535,0.0265774484800535,0.03629777810106405,-0.009720329621010548
TGT,2019-02-11,2019-02-12,2019-02-20,flat,0.0037061559467214825,0.04181954610596095,0.04081954610596095,0.010064264545514456,0.03075528156044649
TGT,2019-05-13,2019-05-14,2019-05-21,flat,0.0030968680907137555,0.00982287557449113,0.00882287557449113,-0.004898716638566225,0.013721592213057354
TGT,2019-07-26,2019-07-29,2019-08-05,flat,0.0019525775093028283,-0.07382804032517265,-0.07482804032517265,-0.06527877813046479,-0.009549262194707864
TGT,2019-09-16,2019-09-17,2019-09-24,flat,0.0029918095335874457,0.0015847143649720952,0.0005847143649720951,-0.013262700660823357,0.013847415025795451
TGT,2019-11-12,2019-11-13,2019-11-20,flat,0.0021228272650088316,0.1712996578134025,0.1702996578134025,0.0037322496829450547,0.16656740813045745
TGT,2020-01-06,2020-01-07,2020-01-14,flat,0.0017801190151584495,0.011793375220700009,0.010793375220700008,0.013310617857597684,-0.0025172426368976764
TGT,2020-10-22,2020-10-23,2020-10-30,flat,0.0039476132869017575,-0.049990534126984065,-0.050990534126984066,-0.056354494010800504,0.005363959883816438
TGT,2021-01-19,2021-01-20,2021-01-27,flat,0.0007439768843481184,-0.05321301430748793,-0.05421301430748793,-0.036905613895900635,-0.017307400411587293
TGT,2021-02-19,2021-02-22,2021-03-01,flat,0.0009001616279226734,-0.015344737536698516,-0.016344737536698517,-7.578042652212069e-05,-0.016268957110176396
TGT,2021-03-02,2021-03-03,2021-03-10,flat,0.000691554345990723,0.028627148344042785,0.027627148344042785,0.024662285565757225,0.0029648627782855597
TGT,2021-08-02,2021-08-05,2021-08-12,rebound_retest,0.019281972469288932,0.0018364843757485705,0.0008364843757485705,0.001213351167751675,-0.0003768667920031046
TGT,2021-12-20,2021-12-21,2021-12-29,flat,0.004014559720700338,0.03567044301240663,0.034670443012406627,0.024252736558706856,0.010417706453699771
TGT,2022-01-10,2022-01-11,2022-01-19,flat,0.0005719648610418403,-0.01630425318123907,-0.01730425318123907,-0.03491802383595832,0.017613770654719252
TGT,2022-02-17,2022-02-18,2022-02-28,flat,0.0019114832100151,-0.022603693319906304,-0.023603693319906305,0.008776487166204605,-0.03238018048611091
TGT,2022-06-07,2022-06-08,2022-06-15,flat,0.004616077714405524,-0.059094176228718265,-0.060094176228718266,-0.06410026353245035,0.0040060873037320865
TGT,2022-09-16,2022-09-19,2022-09-26,flat,0.004083034325938638,-0.0974143021544931,-0.0984143021544931,-0.06149294675130512,-0.03692135540318797
TGT,2022-12-05,2022-12-06,2022-12-13,flat,0.000774559929552786,-0.026958874147925194,-0.027958874147925195,0.02234031085294963,-0.050299185000874824
TGT,2023-05-31,2023-06-01,2023-06-08,flat,0.0017567967970174205,0.0008386824330408604,-0.0001613175669591396,0.016510329463534923,-0.016671647030494063
TGT,2023-09-26,2023-09-27,2023-10-04,flat,0.002374977657289184,-0.028430886882330753,-0.029430886882330753,-0.012204192458834306,-0.017226694423496447
TGT,2024-04-25,2024-04-26,2024-05-03,flat,0.0018244552505288427,-0.040670473406130614,-0.041670473406130615,-0.005981217518307935,-0.03568925588782268
TGT,2025-01-16,2025-01-17,2025-01-27,flat,0.002701696433897079,0.06653698471826153,0.06553698471826153,0.026127708125510685,0.03940927659275084
TGT,2025-02-03,2025-02-06,2025-02-13,rebound_retest,0.010733545476310119,-0.037150716062384403,-0.038150716062384404,0.012216715983771387,-0.05036743204615579
TGT,2025-03-13,2025-03-14,2025-03-21,flat,0.0019137051031695974,-0.006112702087186839,-0.007112702087186839,0.001060967111190525,-0.008173669198377365
TGT,2025-06-17,2025-06-18,2025-06-26,flat,0.0010524141427841057,0.026072381128494637,0.025072381128494636,0.02220739619083667,0.002864984937657966
TGT,2025-09-15,2025-09-18,2025-09-25,rebound_retest,0.013098523752710428,-0.02549766630490513,-0.026497666304905132,-0.017466247420233283,-0.009031418884671849
TGT,2025-11-17,2025-11-18,2025-11-25,flat,0.0005650159023136502,-0.022026364621304695,-0.023026364621304696,0.006611489837055062,-0.029637854458359758
TGT,2026-01-26,2026-01-27,2026-02-03,flat,0.0013466536772174145,0.0691642824916594,0.0681642824916594,0.01613595428713399,0.05202832820452541
TGT,2026-02-23,2026-02-26,2026-03-05,rebound_retest,0.019234130931307134,0.04852339545118145,0.04752339545118145,-0.026743224320225467,0.07426661977140692
BLK,2015-07-27,2015-07-28,2015-08-04,flat,0.0017843453355960018,-0.013062271194228092,-0.014062271194228093,0.0021188044646751614,-0.016181075658903254
BLK,2015-11-09,2015-11-10,2015-11-17,flat,0.0020025376699700655,0.008992667007775124,0.007992667007775123,-0.01130887681522319,0.019301543822998313
BLK,2016-01-04,2016-01-05,2016-01-12,flat,0.0025818982336571613,-0.060995462766806674,-0.061995462766806675,-0.03859569859134249,-0.02339976417546419
BLK,2016-02-08,2016-02-09,2016-02-17,flat,0.0036465245440064653,0.08606923894337104,0.08506923894337104,0.046032224927152976,0.03903701401621806
BLK,2016-06-07,2016-06-08,2016-06-15,flat,0.003592682885755221,-0.057721928461968997,-0.058721928461969,-0.02430780813075928,-0.03441412033120972
BLK,2017-01-12,2017-01-13,2017-01-23,flat,0.002801700071972817,-0.003400440262685156,-0.004400440262685156,-0.014976021399752515,0.010575581137067358
BLK,2017-01-27,2017-01-30,2017-02-06,flat,0.0003198875088116443,0.005970254495474059,0.004970254495474059,-0.0016169208278019598,0.006587175323276019
BLK,2017-03-21,2017-03-22,2017-03-29,flat,0.0008266921914473627,0.010493275199906282,0.009493275199906281,0.006843723393998635,0.002649551805907646
BLK,2017-08-10,2017-08-11,2017-08-18,flat,0.0034776735533122733,-0.017941476974257076,-0.018941476974257077,0.002070500748550197,-0.021011977722807273
BLK,2018-03-01,2018-03-02,2018-03-09,flat,0.003734438190116905,0.07936460499967923,0.07836460499967923,0.032745552574579895,0.04561905242509934
BLK,2018-04-18,2018-04-19,2018-04-26,flat,0.003516700889530325,-0.004456651073472595,-0.005456651073472595,-0.009894943644046972,0.004438292570574377
BLK,2018-06-14,2018-06-15,2018-06-22,flat,0.002216531290767576,-0.0033935231891942808,-0.004393523189194281,-0.016310384190526994,0.011916861001332713
BLK,2018-06-29,2018-07-02,2018-07-10,flat,0.0009618959980469117,0.010830349293117436,0.009830349293117435,0.029655478081271003,-0.019825128788153568
BLK,2018-09-28,2018-10-01,2018-10-08,flat,0.004540413416797989,-0.004245219536394784,-0.005245219536394784,-0.017967635228798517,0.012722415692403732
BLK,2018-10-18,2018-10-19,2018-10-26,flat,0.004451391494084246,-0.03664906271155177,-0.03764906271155177,-0.048049096589752316,0.010400033878200543
BLK,2018-12-07,2018-12-10,2018-12-17,flat,0.0004070789238600709,-0.038168371504868626,-0.039168371504868627,-0.03532638322124093,-0.0038419882836276953
BLK,2019-03-20,2019-03-21,2019-03-28,flat,0.0010234181552128464,-0.012524310734222555,-0.013524310734222555,-0.020139173395837373,0.006614862661614818
BLK,2019-05-07,2019-05-08,2019-05-15,flat,0.0036659709963280974,-0.0453519188341307,-0.0463519188341307,-0.009839663516047481,-0.03651225531808322
BLK,2019-05-23,2019-05-24,2019-06-03,flat,0.004309813583486915,-0.036396248378677054,-0.037396248378677055,-0.019168642623701437,-0.018227605754975618
BLK,2019-12-03,2019-12-04,2019-12-11,flat,0.001914354064958244,0.021763107045069452,0.02076310704506945,0.014601836453661088,0.006161270591408363
BLK,2020-02-25,2020-02-26,2020-03-04,flat,0.004881622895251548,-0.01849096101463421,-0.01949096101463421,0.013056148963390468,-0.03254710997802468
BLK,2020-06-11,2020-06-12,2020-06-19,flat,0.0034847303706706887,0.05375275752319686,0.05275275752319686,0.024250253903006058,0.0285025036201908
BLK,2020-08-20,2020-08-21,2020-08-28,flat,0.0011653598040818386,0.02914240272299029,0.02814240272299029,0.04399650175415348,-0.015854099031163194
BLK,2020-10-28,2020-10-29,2020-11-05,flat,0.0026966842275685994,0.10934236719705637,0.10834236719705637,0.06595146764066251,0.04239089955639386
BLK,2021-02-22,2021-02-23,2021-03-02,flat,2.83491456910343e-05,0.01870135150969343,0.01770135150969343,-0.0033168640413944184,0.02101821555108785
BLK,2021-08-18,2021-08-19,2021-08-26,flat,0.0020733316375291444,0.03551745380741611,0.03451745380741611,0.01037178876785605,0.02414566503956006
BLK,2021-11-19,2021-11-22,2021-11-30,flat,0.004787371365000315,-0.01601166436163659,-0.01701166436163659,-0.03558064343104084,0.018568979069404246
BLK,2021-12-14,2021-12-17,2021-12-27,rebound_retest,0.013885567695961996,0.009851423431769923,0.008851423431769923,0.022212439056530364,-0.013361015624760442
BLK,2022-01-05,2022-01-06,2022-01-13,flat,0.004171344950706692,-0.031167230247776567,-0.03216723024777657,-0.0014003996121559892,-0.03076683063562058
BLK,2022-01-19,2022-01-20,2022-01-27,flat,0.0012719168438249302,-0.04668796448600521,-0.04768796448600521,-0.01799361471640515,-0.02969434976960006
BLK,2022-04-06,2022-04-07,2022-04-14,flat,0.004911299105676725,-0.08108005814496733,-0.08208005814496733,-0.014301651280480887,-0.06777840686448644
BLK,2022-04-29,2022-05-02,2022-05-09,flat,0.00019185940228870051,-0.030793906737139,-0.031793906737139,-0.023862644888632323,-0.007931261848506677
BLK,2022-05-11,2022-05-12,2022-05-19,flat,8.341762107017885e-05,-0.012191801855302775,-0.013191801855302776,-0.027419146379705217,0.014227344524402441
BLK,2022-11-29,2022-11-30,2022-12-07,flat,0.0028011957913126532,-0.0027251896885079896,-0.0037251896885079896,-0.04078888704249439,0.0370636973539864
BLK,2023-08-03,2023-08-04,2023-08-11,flat,0.0001548379167238555,-0.02065373496740852,-0.021653734967408522,-0.004995127129778565,-0.016658607837629957
BLK,2023-08-18,2023-08-21,2023-08-28,flat,0.0019994145615315935,0.011033312800686312,0.010033312800686311,0.005977076906663381,0.00405623589402293
BLK,2024-01-03,2024-01-04,2024-01-11,flat,0.002295415550564116,0.008473620123309544,0.007473620123309544,0.008328779688864474,-0.0008551595655549296
BLK,2024-04-10,2024-04-11,2024-04-18,flat,0.00294793144160424,-0.04918845584567355,-0.05018845584567355,-0.03870578155176074,-0.011482674293912809
BLK,2024-09-06,2024-09-11,2024-09-18,rebound_retest,0.018704640403585382,0.051976953292059314,0.05097695329205931,0.0210978105391757,0.029879142752883614
BLK,2025-02-03,2025-02-04,2025-02-11,flat,0.001884133237509202,-0.027036612848674313,-0.028036612848674314,-0.006818692379861213,-0.0212179204688131
BLK,2025-06-13,2025-06-18,2025-06-26,rebound_retest,0.010578118005158323,0.05234194235056511,0.051341942350565106,0.02220739619083667,0.029134546159728436
BLK,2025-10-29,2025-10-30,2025-11-06,flat,4.5533958908611185e-05,-0.026055252545839847,-0.027055252545839847,-0.0032091579581293717,-0.023846094587710476
BLK,2026-02-05,2026-02-06,2026-02-13,flat,0.0014977700482455341,0.014322581130128853,0.013322581130128852,0.009411075265807645,0.0039115058643212075
BLK,2026-02-27,2026-03-02,2026-03-09,flat,0.004777899945922897,-0.0985748977171117,-0.0995748977171117,-0.030279091959042548,-0.06929580575806915
BLK,2026-03-12,2026-03-13,2026-03-20,flat,0.0013110243497437546,0.03657569941518424,0.035575699415184237,-0.0219952266608765,0.057570926076060736
BLK,2026-05-28,2026-05-29,2026-06-05,flat,0.00037258513835701507,-0.04362443120897863,-0.04462443120897863,-0.02098370633363822,-0.023640724875340413
CVS,2015-09-18,2015-09-23,2015-09-30,rebound_retest,0.018984037507421638,-0.041240350230263845,-0.042240350230263846,-0.0045259105107240405,-0.037714439719539805
CVS,2016-01-04,2016-01-05,2016-01-12,flat,0.0029027014052544296,-0.01085365263285576,-0.01185365263285576,-0.03859569859134249,0.026742045958486726
CVS,2016-05-24,2016-05-25,2016-06-02,flat,0.0017460791971635856,-0.011789129472599025,-0.012789129472599026,0.006473818307511481,-0.019262947780110506
CVS,2017-05-12,2017-05-15,2017-05-22,flat,0.003241458594635215,-0.05132371571768213,-0.05232371571768213,-0.0026045917031530808,-0.04971912401452905
CVS,2017-07-19,2017-07-20,2017-07-27,flat,0.0035118109799945306,0.022809561979769022,0.02180956197976902,-0.006661888652572334,0.028471450632341355
CVS,2018-01-31,2018-02-01,2018-02-08,flat,0.0012708547027637511,-0.10458186650152734,-0.10558186650152734,-0.08856433046404999,-0.017017536037477354
CVS,2018-02-22,2018-02-23,2018-03-02,flat,0.002353054493602113,-0.010270317923852579,-0.01127031792385258,-0.006653611423803052,-0.004616706500049528
CVS,2019-01-15,2019-01-16,2019-01-24,flat,0.0028238311151193574,0.02433041921562884,0.02333041921562884,0.012207889098893698,0.011122530116735141
CVS,2019-04-17,2019-04-18,2019-04-26,flat,0.0017130320241228957,0.02685558366266938,0.02585558366266938,0.006054442624250367,0.019801141038419012
CVS,2019-12-10,2019-12-11,2019-12-18,flat,0.0023230824263221926,-0.000954418494010123,-0.001954418494010123,0.009391990517646498,-0.011346409011656622
CVS,2020-01-08,2020-01-09,2020-01-16,flat,0.0027525822406298424,0.04378274092972201,0.04278274092972201,0.008892007281485537,0.03389073364823647
CVS,2020-05-01,2020-05-04,2020-05-11,flat,0.0041875876728547255,0.06488740818390415,0.06388740818390415,0.036481619407136456,0.027405788776767692
CVS,2020-10-29,2020-10-30,2020-11-06,flat,0.0028611597623811784,0.15796016083369935,0.15696016083369935,0.0774242523082278,0.07953590852547154
CVS,2021-01-27,2021-01-28,2021-02-04,flat,0.0026237781889615194,0.005370914980346919,0.004370914980346919,0.00950438663001063,-0.005133471649663711
CVS,2021-02-26,2021-03-03,2021-03-10,rebound_retest,0.016879387729573467,0.05316550114825569,0.05216550114825569,0.024662285565757225,0.027503215582498464
CVS,2021-03-19,2021-03-22,2021-03-29,flat,0.003962805779647361,0.03851901475689923,0.03751901475689923,0.02417672189673792,0.013342292860161309
CVS,2021-07-01,2021-07-02,2021-07-12,flat,0.002554000746243822,-0.007400121279948602,-0.008400121279948602,0.00565617864002621,-0.014056299919974813
CVS,2021-07-30,2021-08-02,2021-08-09,flat,0.0006068698984657454,-0.00922188765662768,-0.010221887656627682,0.005275694102193862,-0.015497581758821544
CVS,2022-04-22,2022-04-25,2022-05-02,flat,0.00088523274240555,-0.05178345179539656,-0.05278345179539656,-0.020650146412089065,-0.0321333053833075
CVS,2022-08-18,2022-08-19,2022-08-26,flat,0.003955784896621004,-0.03834668631700289,-0.03934668631700289,-0.04466986002169471,0.005323173704691819
CVS,2022-08-31,2022-09-06,2022-09-13,rebound_retest,0.018135497431312365,0.017421262995171327,0.016421262995171326,0.008977418410057503,0.0074438445851138235
CVS,2023-01-20,2023-01-23,2023-01-30,flat,0.002299052092056441,-0.0017202591378420173,-0.0027202591378420174,0.002896041265536997,-0.0056163004033790145
CVS,2023-03-02,2023-03-03,2023-03-10,flat,0.004666577032961318,-0.057572412488234415,-0.058572412488234415,-0.04218128952186806,-0.016391122966366356
CVS,2023-03-23,2023-03-28,2023-04-04,rebound_retest,0.012297794202687312,0.04280620248890665,0.04180620248890665,0.025352708761229747,0.016453493727676904
CVS,2023-07-28,2023-07-31,2023-08-07,flat,0.0010724405929485397,-0.010443175495058687,-0.011443175495058688,-0.020845175157066964,0.009401999662008276
CVS,2023-08-17,2023-08-18,2023-08-25,flat,0.00014964819227609137,0.007633604892104184,0.006633604892104184,-0.0023146085778567027,0.008948213469960886
CVS,2024-05-28,2024-05-29,2024-06-05,flat,0.0007458283211714185,0.1309857676923103,0.1299857676923103,0.016383533047618304,0.11360223464469199
CVS,2024-09-20,2024-09-23,2024-09-30,flat,0.001043392323386632,0.0922355371451744,0.0912355371451744,0.020993689433848495,0.07024184771132591
CVS,2024-10-15,2024-10-16,2024-10-23,flat,0.000307635996577882,-0.11699879616982467,-0.11799879616982467,-0.025768477759418595,-0.09223031841040608
CVS,2024-11-12,2024-11-13,2024-11-20,flat,0.004442095739753072,0.047171433239205474,0.04617143323920547,-0.017696311334092774,0.06386774457329825
CVS,2025-04-04,2025-04-07,2025-04-14,flat,0.0029845417709245163,0.08378997674607902,0.08278997674607902,0.044752012436916955,0.038037964309162065
CVS,2025-07-21,2025-07-22,2025-07-29,flat,0.0017220590608358884,-0.01768173432370357,-0.01868173432370357,-0.002334734762572732,-0.016346999561130837
AXP,2015-07-27,2015-07-28,2015-08-04,flat,0.0025355049213375987,0.008121554035956047,0.007121554035956047,0.0021188044646751614,0.005002749571280885
AXP,2016-06-27,2016-06-28,2016-07-06,flat,0.003988528137454853,0.032459382082306254,0.03145938208230625,0.02377414613286777,0.007685235949438485
AXP,2017-01-31,2017-02-01,2017-02-08,flat,0.004975631172339515,0.013548966606252932,0.012548966606252931,0.006347926026345041,0.0062010405799078905
AXP,2017-03-08,2017-03-09,2017-03-16,flat,0.003289258895610996,0.005927025407006514,0.004927025407006514,0.009330287799434789,-0.004403262392428275
AXP,2017-03-21,2017-03-22,2017-03-29,flat,0.0018059366559494885,0.007467803681749041,0.006467803681749041,0.006843723393998635,-0.0003759197122495941
AXP,2017-05-17,2017-05-18,2017-05-25,flat,0.00013098483629949513,0.013877711019697703,0.012877711019697702,0.020846753501418736,-0.007969042481721034
AXP,2017-07-24,2017-07-25,2017-08-01,flat,0.004823589480764011,-0.0019904239187813477,-0.0029904239187813477,0.003260314666529762,-0.00625073858531111
AXP,2017-11-15,2017-11-16,2017-11-24,flat,0.0032167068360512744,-0.000854903692762421,-0.001854903692762421,0.011337005027718394,-0.013191908720480816
AXP,2018-01-19,2018-01-22,2018-01-29,flat,0.0029585370831490963,0.011085985352955463,0.010085985352955462,0.008192169823681095,0.0018938155292743675
AXP,2018-03-01,2018-03-02,2018-03-09,flat,0.004834618392614867,0.03608799467920698,0.03508799467920698,0.032745552574579895,0.002342442104627085
AXP,2018-06-20,2018-06-21,2018-06-28,flat,0.002177916750337072,0.0035182782508380583,0.0025182782508380583,-0.019775727610813254,0.02229400586165131
AXP,2018-11-20,2018-11-21,2018-11-29,flat,0.0038645870859025364,0.04516436619789821,0.04416436619789821,0.03629777810106405,0.00786658809683416
AXP,2019-10-02,2019-10-03,2019-10-10,flat,0.0010675732459463436,0.02194563335924493,0.02094563335924493,0.006633279560263272,0.014312353798981658
AXP,2019-11-18,2019-11-19,2019-11-26,flat,0.002841344453459283,-0.0017502064056860167,-0.0027502064056860167,0.00986529691261362,-0.012615503318299637
AXP,2020-07-31,2020-08-03,2020-08-10,flat,0.002357338165864835,0.08638004101762342,0.08538004101762342,0.025229424682327473,0.06015061633529595
AXP,2020-09-21,2020-09-22,2020-09-29,flat,0.003157697317166597,-0.007412510006984396,-0.008412510006984397,0.0020859249166713667,-0.010498434923655764
AXP,2020-10-29,2020-10-30,2020-11-06,flat,0.0018667671427421487,0.05973284819733382,0.05873284819733382,0.0774242523082278,-0.018691404110893983
AXP,2021-08-19,2021-08-20,2021-08-27,flat,0.004526886891961487,0.05571222391832098,0.05471222391832098,0.011363932869831617,0.04334829104848936
AXP,2021-09-03,2021-09-07,2021-09-14,flat,0.00263663329319804,-0.0015026130502872048,-0.002502613050287205,-0.013393162995002261,0.010890549944715056
AXP,2022-03-31,2022-04-01,2022-04-08,flat,0.0009091256561437767,-0.01575323206325363,-0.01675323206325363,-0.0026714860902306015,-0.01408174597302303
AXP,2022-05-02,2022-05-03,2022-05-10,flat,0.002855201525274022,-0.0597290714647275,-0.0607290714647275,-0.024291848566852403,-0.0364372228978751
AXP,2022-08-29,2022-08-30,2022-09-07,flat,0.0007766408664524128,-0.015582634902440717,-0.016582634902440718,-0.0016126187171103812,-0.014970016185330337
AXP,2022-09-26,2022-09-27,2022-10-04,flat,0.0002911850461727125,0.05796766070554216,0.056967660705542156,0.044546655118184786,0.01242100558735737
AXP,2023-04-06,2023-04-12,2023-04-19,rebound_retest,0.014543863662769458,0.03553293581357364,0.03453293581357364,0.018807411546634567,0.015725524266939073
AXP,2023-08-22,2023-08-23,2023-08-30,flat,0.0022629692420915257,0.004578446134660075,0.0035784461346600746,0.017601603342478622,-0.014023157207818548
AXP,2023-09-27,2023-09-28,2023-10-05,flat,0.00220139925768387,-0.016878393283979554,-0.017878393283979555,-0.019003656594326235,0.0011252633103466803
AXP,2024-01-10,2024-01-11,2024-01-19,flat,0.00032441976050427685,-0.010052394684869403,-0.011052394684869404,0.009573871264359601,-0.020626265949229006
AXP,2024-04-04,2024-04-09,2024-04-16,rebound_retest,0.013069733227257577,-0.006823167417956633,-0.007823167417956634,-0.03352076097791745,0.02569759355996082
AXP,2024-05-01,2024-05-02,2024-05-09,flat,0.00449301289916435,0.028559384919068398,0.027559384919068397,0.02547014533796399,0.0020892395811044073
AXP,2024-05-23,2024-05-29,2024-06-05,rebound_retest,0.011551873630099258,-0.005297908968134424,-0.006297908968134424,0.016383533047618304,-0.02268144201575273
AXP,2024-09-04,2024-09-05,2024-09-12,flat,0.0003971343902033331,0.013143316030314267,0.012143316030314266,0.012742485683337135,-0.0005991696530228685
AXP,2024-12-05,2024-12-10,2024-12-17,rebound_retest,0.011512884399618424,-0.00254875611622718,-0.00354875611622718,-0.01495215757412427,0.011403401457897089
AXP,2025-02-12,2025-02-13,2025-02-21,flat,0.0035901990815360063,-0.039349802467050665,-0.040349802467050666,0.0007393994265294523,-0.04108920189358012
AXP,2025-02-21,2025-02-24,2025-03-03,flat,0.00044026699588667535,-0.00013531832402224886,-0.0011353183240222489,-0.00202923962744761,0.000893921303425361
AXP,2025-03-04,2025-03-05,2025-03-12,flat,0.0025047712795565964,-0.08244776550877264,-0.08344776550877264,-0.03554202722420574,-0.0479057382845669
AXP,2025-04-04,2025-04-07,2025-04-14,flat,0.002567648724376526,0.09006313920817788,0.08906313920817788,0.044752012436916955,0.04431112677126092
AXP,2025-05-21,2025-05-22,2025-05-30,flat,0.004125800144121897,0.023922086941541076,0.022922086941541076,0.01006550201487344,0.012856584926667636
AXP,2025-07-15,2025-07-16,2025-07-23,flat,0.004023869777815905,-0.010387874023145338,-0.011387874023145339,0.0002836591199801841,-0.011671533143125523
AXP,2025-08-01,2025-08-06,2025-08-13,rebound_retest,0.014680435348383628,0.03833656951511544,0.037336569515115436,0.027168151854011002,0.010168417661104434
AXP,2026-01-30,2026-02-02,2026-02-09,flat,0.0018740187638972582,0.01935775589204325,0.018357755892043248,0.016933656418508525,0.0014240994735347234
AXP,2026-09-01,2026-09-04,2026-09-14,rebound_retest,0.017859923197256385,0.004966872390845811,0.003966872390845811,-0.01975543805912605,0.023722310449971862
